price_m2,ln_price_m2,holiday_apartment,rooms,area,ln_area,unrenovated,partially_renovated,fully_renovated,new_construction,new_project,ground_floor,upper_floor,top_floor,missing_floor,floor_upto_8,very_high_floor,elevator,age,ln_age,energy_certificate,north,south,east,west,BY,ZA,KM,CA,MT,TR,DK,NO,TS,RK,LM,area_price_index
4017.86,8.298504701562265,0,2.0,56,4.02535169073515,0,0,1,0,0,1,0,0,0,1.0,0,0,15,2.772588722239781,2,0,0,1,1,0,1,0,0,0,0,0,0,0,0,0,61.53654993815455
3684.21,8.211811399007903,0,3.0,95,4.553876891600541,0,0,0,1,0,0,1,0,0,3.0,0,1,4.47,1.6992786164338898,0,0,0,0,0,0,1,0,0,0,0,0,0,0,0,0,61.53654993815455
3229.73,8.080153821391482,0,2.0,74,4.30406509320417,0,0,0,1,0,0,0,1,0,6.0,0,0,16,2.833213344056216,0,0,0,0,0,0,1,0,0,0,0,0,0,0,0,0,61.53654993815455
4258.68,8.35671453209222,0,0.0,32,3.4657359027997265,0,0,1,0,0,0,1,0,0,2.0,0,0,65,4.189654742026425,0,0,0,0,0,0,1,0,0,0,0,0,0,0,0,0,61.53654993815455
3008.34,8.009143710596998,0,4.0,156,5.049856007249537,0,0,1,0,0,0,0,0,1,2.8,0,0,42.02,3.761665123839584,0,0,0,0,0,0,1,0,0,0,0,0,0,0,0,0,61.53654993815455
3737.86,8.2262685341306,0,3.0,103,4.634728988229636,0,0,0,1,0,0,0,0,1,2.8,0,0,16,2.833213344056216,0,0,0,0,0,0,1,0,0,0,0,0,0,0,0,0,61.53654993815455
4653.85,8.445450113003336,0,2.0,52,3.9512437185814275,0,0,0,1,0,1,0,0,0,1.0,0,0,0,0,1,0,0,0,0,0,1,0,0,0,0,0,0,0,0,0,61.53654993815455
1240.83,7.123535789519757,0,2.0,181,5.198497031265826,0,0,0,1,0,1,0,0,0,1.0,0,0,15,2.772588722239781,2,0,0,0,0,0,1,0,0,0,0,0,0,0,0,0,61.53654993815455
4464.29,8.403865466108773,0,2.0,56,4.02535169073515,0,0,0,1,0,1,0,0,0,1.0,0,0,13,2.6390573296152584,0,0,0,0,0,0,1,0,0,0,0,0,0,0,0,0,61.53654993815455
4916.70,8.50039285273789,0,2.0,49,3.8918202981106265,0,0,0,0,1,1,0,0,0,1.0,0,1,0,0,0,0,0,0,0,0,1,0,0,0,0,0,0,0,0,0,61.53654993815455
2670.34,7.8899610841111105,0,4.0,88,4.477336814478207,0,1,0,0,0,0,0,1,0,2.0,0,0,46,3.8501476017100584,0,0,0,0,0,0,1,0,0,0,0,0,0,0,0,0,61.53654993815455
4196.26,8.341948931371537,0,3.0,107,4.672828834461906,0,0,1,0,0,0,1,0,0,9.0,1,1,42.02,3.761665123839584,0,0,1,1,0,0,1,0,0,0,0,0,0,0,0,0,61.53654993815455
3228.62,8.079810080339689,0,1.0,23,3.1354942159291497,0,0,1,0,0,1,0,0,0,1.0,0,0,125,4.836281906951478,2,0,0,0,0,0,0,0,0,0,0,0,0,0,0,1,1.92597764472105
1638.73,7.401676830579332,0,1.0,53,3.970291913552122,0,0,1,0,0,1,0,0,0,1.0,0,0,42.02,3.761665123839584,0,0,0,0,0,0,0,0,0,0,0,0,0,0,0,1,1.92597764472105
4008.60,8.296197332159487,0,3.0,76,4.330733340286331,0,0,0,0,1,0,1,0,0,2.0,0,0,0,0,1,0,0,0,0,0,0,0,0,0,0,0,0,0,0,1,1.92597764472105
2075.95,7.638174159217316,0,2.0,79,4.3694478524670215,0,0,1,0,0,1,0,0,1,2.8,0,0,125,4.836281906951478,0,1,0,0,1,0,0,0,0,0,0,0,0,0,0,1,1.92597764472105
4106.07,8.320221645655673,0,4.0,110,4.700480365792417,0,0,0,0,1,0,1,0,0,3.0,0,0,0,0,1,0,0,0,0,0,0,0,0,0,0,0,0,0,0,1,1.92597764472105
3869.05,8.260764277852987,0,2.0,44,3.784189633918261,0,0,0,1,0,1,0,0,0,1.0,0,0,0,0,1,1,0,1,0,0,0,0,0,0,0,0,0,0,0,1,1.92597764472105
2164.38,7.679889225289738,0,3.0,73,4.290459441148391,1,0,0,0,0,0,0,0,1,2.8,0,0,45.01,3.8288587641673772,0,0,0,0,0,0,0,0,0,0,0,0,0,0,0,1,1.92597764472105
3374.09,8.123880937320397,0,2.5,60,4.0943445622221,0,0,0,0,1,0,1,0,0,2.0,0,1,0,0,1,0,0,0,0,0,0,0,0,0,0,0,0,0,0,1,1.92597764472105
2088.61,7.644254051930185,0,2.0,79,4.3694478524670215,0,1,0,0,0,1,0,0,1,2.8,0,0,44.74,3.822973188594635,0,0,0,0,1,0,0,0,0,0,0,0,0,0,0,1,1.92597764472105
2222.42,7.706351971239644,0,2.0,55,4.007333185232471,0,0,1,0,0,1,0,0,0,1.0,0,0,42.02,3.761665123839584,0,0,0,0,0,0,0,0,0,0,0,0,0,0,0,1,1.92597764472105
3081.19,8.033071164984774,0,4.0,156,5.049856007249537,0,0,0,0,1,0,0,1,0,4.0,0,0,0,0,1,0,0,0,0,0,0,0,0,0,0,0,0,0,0,1,1.92597764472105
2292.31,7.737315321742861,0,2.0,65,4.174387269895637,0,0,1,0,0,1,0,0,0,1.0,0,0,125,4.836281906951478,7,0,1,0,1,0,0,0,0,0,0,0,0,0,0,1,1.92597764472105
2103.51,7.651362657000735,0,2.0,57,4.04305126783455,0,1,0,0,0,0,0,0,1,2.8,0,0,44.74,3.822973188594635,0,0,0,0,0,0,0,0,0,0,0,0,0,0,0,1,1.92597764472105
2770.03,7.926613429447646,0,2.0,57,4.04305126783455,0,0,0,1,0,1,0,0,0,1.0,0,0,4.47,1.6992786164338898,3,0,0,0,0,0,0,0,0,0,0,0,0,0,0,1,1.92597764472105
2173.91,7.6842826684801535,0,2.0,69,4.23410650459726,0,0,1,0,0,1,0,0,0,1.0,0,0,0,0,0,0,0,0,0,0,0,0,0,0,0,0,0,0,0,1,1.92597764472105
3214.29,8.075361772469643,0,2.0,42,3.7376696182833684,0,0,0,1,0,0,0,0,1,2.8,0,0,4.47,1.6992786164338898,1,0,0,0,0,0,0,0,0,0,0,0,0,0,0,1,1.92597764472105
2913.03,7.9769490555675775,0,3.0,120,4.787491742782046,0,0,1,0,0,0,1,0,0,3.0,0,0,42.02,3.761665123839584,0,0,0,0,0,0,0,0,0,0,0,0,0,0,0,1,1.92597764472105
2794.64,7.935458575862456,0,2.0,56,4.02535169073515,0,0,1,0,0,0,0,0,1,2.8,0,0,42.02,3.761665123839584,0,0,0,0,0,0,0,0,0,0,0,0,0,0,0,1,1.92597764472105
4009.98,8.296541532757004,0,3.0,105,4.653960350157523,0,0,0,0,1,0,1,0,0,4.0,0,1,0,0,1,0,0,0,0,0,0,0,0,0,0,0,0,0,0,1,1.92597764472105
3027.16,8.015380165239604,1,2.5,94,4.543294782270004,0,0,0,1,0,0,0,1,1,2.8,0,0,4.47,1.6992786164338898,0,0,0,0,0,0,0,0,0,0,0,0,0,0,0,1,1.92597764472105
4030.92,8.301749916728216,0,3.0,91,4.51085950651685,0,0,0,1,0,0,1,0,0,2.0,0,0,0,0,1,0,0,0,0,0,0,0,0,0,0,0,0,0,0,1,1.92597764472105
2071.24,7.635902740726704,0,2.0,65,4.174387269895637,0,0,1,0,0,0,1,0,0,4.0,0,1,42.02,3.761665123839584,1,0,0,0,0,0,0,0,0,0,0,0,0,0,0,1,1.92597764472105
2380.00,7.77485576666552,0,2.0,50,3.912023005428146,0,0,1,0,0,0,1,0,0,2.0,0,1,17,2.8903717578961645,1,1,0,0,0,0,0,0,0,0,0,0,0,0,0,1,1.92597764472105
2227.27,7.708531899243902,0,2.0,55,4.007333185232471,0,0,1,0,0,0,1,0,0,2.0,0,0,125,4.836281906951478,0,0,0,0,0,0,0,0,0,0,0,0,0,0,0,1,1.92597764472105
2715.42,7.90670191653642,0,2.0,55,4.007333185232471,0,0,0,1,0,0,1,0,0,4.0,0,1,4.47,1.6992786164338898,1,0,0,0,0,0,0,0,0,0,0,0,0,0,0,1,1.92597764472105
2650.00,7.882314918980268,0,2.0,60,4.0943445622221,0,0,0,1,0,1,0,0,0,1.0,0,0,4.47,1.6992786164338898,1,0,0,0,0,0,0,0,0,0,0,0,0,0,0,1,1.92597764472105
2862.07,7.959300418237979,0,2.0,87,4.465908118654584,0,1,0,0,0,0,1,0,0,2.0,0,0,44.74,3.822973188594635,0,0,0,0,0,0,0,0,0,0,0,0,0,0,0,1,1.92597764472105
5686.84,8.64591001256954,0,2.0,39,3.6635616461296463,0,0,0,0,1,0,1,0,0,2.0,0,1,0,0,1,0,0,0,0,0,0,0,0,0,0,0,0,0,0,1,1.92597764472105
3934.15,8.277450127352763,0,2.0,51,3.9318256327243257,0,0,0,0,1,0,1,0,0,3.0,0,1,0,0,1,0,0,0,0,0,0,0,0,0,0,0,0,0,0,1,1.92597764472105
1792.45,7.4913386780819415,0,3.0,212,5.356586274672012,0,1,0,0,0,0,0,1,0,6.0,0,1,44.74,3.822973188594635,0,0,0,0,0,0,0,0,0,0,0,0,0,0,0,1,1.92597764472105
3937.73,8.278359694126346,0,2.0,44,3.784189633918261,0,0,0,1,0,1,0,0,0,1.0,0,0,0,0,1,1,0,1,0,0,0,0,0,0,0,0,0,0,0,1,1.92597764472105
2952.76,7.990495605159662,0,0.0,25,3.2188758248682006,1,0,0,0,0,0,1,0,0,3.0,0,1,45.01,3.8288587641673772,0,0,0,1,0,0,0,0,0,0,0,0,0,0,0,1,1.92597764472105
2277.78,7.730956563399561,0,1.0,36,3.58351893845611,0,0,1,0,0,0,1,0,0,2.0,0,0,125,4.836281906951478,0,0,0,0,0,0,0,0,0,0,0,0,0,0,0,1,1.92597764472105
3949.04,8.281227790381969,0,1.0,34,3.5263605246161616,0,0,0,1,0,0,1,0,0,2.0,0,0,0,0,1,0,0,0,0,0,0,0,0,0,0,0,0,0,0,1,1.92597764472105
4200.00,8.34283980427146,0,3.0,82,4.406719247264253,0,0,1,0,0,0,0,0,1,2.8,0,0,42.02,3.761665123839584,0,0,0,0,0,0,0,0,0,0,0,0,0,0,0,1,1.92597764472105
2284.76,7.734016264989215,0,1.0,36,3.58351893845611,0,0,1,0,0,1,0,0,0,1.0,0,0,42.02,3.761665123839584,0,0,0,0,0,0,0,0,0,0,0,0,0,0,0,1,1.92597764472105
4293.88,8.364946032077109,0,2.0,39,3.6635616461296463,0,0,0,0,1,0,1,0,0,3.0,0,1,0,0,1,0,0,0,0,0,0,0,0,0,0,0,0,0,0,1,1.92597764472105
2327.75,7.752657414768639,0,2.0,54,3.9889840465642745,0,1,0,0,0,0,1,0,0,2.0,0,0,55,4.02535169073515,2,0,0,0,1,0,0,0,0,0,0,0,0,0,0,1,1.92597764472105
1314.80,7.1814398417900644,0,2.0,67,4.204692619390966,0,0,1,0,0,1,0,0,0,1.0,0,0,125,4.836281906951478,2,0,0,0,0,0,0,0,0,0,0,0,0,0,0,1,1.92597764472105
2307.68,7.7439979698352,0,3.0,65,4.174387269895637,0,1,0,0,0,0,0,0,1,2.8,0,0,44.74,3.822973188594635,0,0,0,0,0,0,0,0,0,0,0,0,0,0,0,1,1.92597764472105
2716.67,7.907162144559911,0,1.0,60,4.0943445622221,0,0,0,1,0,1,0,0,1,2.8,0,0,3,1.3862943611198906,1,0,0,0,0,0,0,0,0,0,0,0,0,0,0,1,1.92597764472105
2690.44,7.897460027993206,0,2.0,70,4.248495242049359,0,0,0,0,1,0,1,0,0,2.0,0,1,0,0,1,1,0,0,1,0,0,0,0,1,0,0,0,0,0,0,9.67590974780000
2753.73,7.9207116352667555,0,3.0,96,4.564348191467836,0,0,0,1,0,0,1,0,0,4.0,0,1,0,0,1,0,0,0,0,0,0,0,0,1,0,0,0,0,0,0,9.67590974780000
2676.13,7.892127000038255,0,2.0,37,3.6109179126442243,0,0,1,0,0,0,1,0,0,2.0,0,0,50,3.9318256327243257,0,1,0,0,0,0,0,0,0,1,0,0,0,0,0,0,9.67590974780000
2723.61,7.9097134852131745,0,2.0,69,4.23410650459726,0,0,0,0,1,0,1,0,0,4.0,0,1,1,0.6931471805599453,1,0,1,1,0,0,0,0,0,1,0,0,0,0,0,0,9.67590974780000
1820.09,7.506641229397653,0,3.0,76,4.330733340286331,1,0,0,0,0,0,0,1,0,4.0,0,0,45.01,3.8288587641673772,0,0,0,0,0,0,0,0,0,1,0,0,0,0,0,0,9.67590974780000
2713.43,7.905968796229493,0,3.0,102,4.624972813284271,0,0,0,0,1,0,1,0,0,4.0,0,1,0,0,1,1,0,0,1,0,0,0,0,1,0,0,0,0,0,0,9.67590974780000
1828.95,7.511497310674383,0,3.0,76,4.330733340286331,1,0,0,0,0,0,0,1,0,4.0,0,0,45.01,3.8288587641673772,0,0,0,0,0,0,0,0,0,1,0,0,0,0,0,0,9.67590974780000
2669.46,7.889631483748563,0,3.0,74,4.30406509320417,0,0,0,1,0,0,1,0,0,3.0,0,1,0,0,1,0,0,0,0,0,0,0,0,1,0,0,0,0,0,0,9.67590974780000
2724.65,7.910095258481202,0,3.0,97,4.574710978503383,0,0,0,0,1,0,1,0,0,3.0,0,1,0,0,1,0,1,1,0,0,0,0,0,1,0,0,0,0,0,0,9.67590974780000
2756.60,7.9217533152603385,0,3.0,97,4.574710978503383,0,0,0,0,1,0,1,0,0,6.0,0,1,0,0,1,0,1,1,0,0,0,0,0,1,0,0,0,0,0,0,9.67590974780000
2745.14,7.917587354464576,0,3.0,96,4.564348191467836,0,0,0,1,0,0,1,0,0,4.0,0,1,0,0,1,0,0,0,0,0,0,0,0,1,0,0,0,0,0,0,9.67590974780000
2669.46,7.889631483748563,0,3.0,74,4.30406509320417,0,0,0,1,0,0,1,0,0,2.0,0,1,0,0,1,0,0,0,0,0,0,0,0,1,0,0,0,0,0,0,9.67590974780000
2704.71,7.902749976660841,0,2.0,70,4.248495242049359,0,0,0,0,1,0,1,0,0,3.0,0,1,0,0,1,1,0,0,1,0,0,0,0,1,0,0,0,0,0,0,9.67590974780000
2693.36,7.898544763788116,0,2.0,69,4.23410650459726,0,0,0,0,1,0,1,0,0,2.0,0,1,1,0.6931471805599453,1,0,1,1,0,0,0,0,0,1,0,0,0,0,0,0,9.67590974780000
2690.44,7.897460027993206,0,2.0,70,4.248495242049359,0,0,0,0,1,0,1,0,0,2.0,0,1,0,0,1,1,0,0,1,0,0,0,0,1,0,0,0,0,0,0,9.67590974780000
2692.80,7.898336823436542,0,3.0,102,4.624972813284271,0,0,0,0,1,0,1,0,0,2.0,0,1,0,0,1,1,0,0,1,0,0,0,0,1,0,0,0,0,0,0,9.67590974780000
2707.60,7.9038179126344525,0,2.0,71,4.2626798770413155,0,0,0,0,1,0,1,0,0,2.0,0,1,1,0.6931471805599453,1,0,0,1,0,0,0,0,0,1,0,0,0,0,0,0,9.67590974780000
2714.34,7.906304108893267,0,3.0,97,4.574710978503383,0,0,0,0,1,0,1,0,0,2.0,0,1,0,0,1,0,1,1,0,0,0,0,0,1,0,0,0,0,0,0,9.67590974780000
2013.04,7.607401296281912,0,3.0,69,4.23410650459726,1,0,0,0,0,0,0,1,0,4.0,0,0,46,3.8501476017100584,0,0,1,0,1,0,0,0,0,1,0,0,0,0,0,0,9.67590974780000
2790.34,7.933918731189905,0,3.0,72,4.276666119016055,0,0,1,0,0,0,1,0,1,2.8,0,0,42.02,3.761665123839584,0,0,0,0,0,0,0,0,0,0,0,1,0,0,0,0,-4.14252882826000
3703.70,8.2170875989654,0,2.0,28,3.332204510175204,0,0,0,1,0,0,0,0,1,2.8,0,0,4.47,1.6992786164338898,0,0,0,0,0,0,0,0,0,0,0,1,0,0,0,0,-4.14252882826000
2578.13,7.854819608915105,0,3.0,64,4.1588830833596715,0,0,1,0,0,0,0,0,1,2.8,0,0,45,3.828641396489095,0,0,0,0,0,0,0,0,0,0,0,1,0,0,0,0,-4.14252882826000
2076.92,7.63864130604235,0,3.0,65,4.174387269895637,1,0,0,0,0,0,0,0,1,2.8,0,0,45,3.828641396489095,0,0,0,0,0,0,0,0,0,0,0,1,0,0,0,0,-4.14252882826000
2333.33,7.7550517107968915,0,3.0,78,4.356708826689592,0,0,1,0,0,0,0,0,1,2.8,0,0,45,3.828641396489095,0,0,0,0,0,0,0,0,0,0,0,1,0,0,0,0,-4.14252882826000
2944.44,7.9876739252029925,0,2.0,54,3.9889840465642745,0,0,1,0,0,0,1,0,0,7.0,0,1,45,3.828641396489095,0,0,0,1,0,0,0,0,0,0,0,1,0,0,0,0,-4.14252882826000
2037.91,7.619680051865447,0,3.0,63,4.143134726391533,1,0,0,0,0,0,0,1,0,9.0,1,0,52,3.970291913552122,0,0,0,0,0,0,0,0,0,0,0,1,0,0,0,0,-4.14252882826000
2561.18,7.848223368774551,0,3.0,85,4.442651256490317,0,0,0,1,0,0,0,1,0,4.0,0,0,0,0,0,0,0,0,0,0,0,0,0,0,0,0,0,1,0,0,-10.57304766030000
2698.11,7.900306806878027,0,3.0,106,4.663439094112067,0,0,0,1,0,0,0,1,0,4.0,0,0,0,0,0,0,0,0,0,0,0,0,0,0,0,0,0,1,0,0,-10.57304766030000
3206.90,8.073060017417157,0,1.0,29,3.367295829986474,0,0,1,0,0,0,0,0,1,2.8,0,0,42.02,3.761665123839584,0,0,0,0,0,0,0,1,0,0,0,0,0,0,0,0,-3.57310141620000
2491.67,7.820708447382525,0,3.0,60,4.0943445622221,0,0,0,1,0,0,0,1,0,5.0,0,0,1,0.6931471805599453,0,0,0,0,0,0,0,1,0,0,0,0,0,0,0,0,-3.57310141620000
2039.77,7.620592335384017,0,4.0,88,4.477336814478207,0,0,1,0,0,0,0,0,1,2.8,0,0,42.02,3.761665123839584,0,0,0,0,0,0,0,1,0,0,0,0,0,0,0,0,-3.57310141620000
2659.80,7.886006210979063,0,2.0,50,3.912023005428146,0,0,1,0,0,0,0,0,1,2.8,0,0,18,2.9444389791664403,0,0,0,0,0,0,0,1,0,0,0,0,0,0,0,0,-3.57310141620000
2517.86,7.831164613376285,0,2.0,56,4.02535169073515,0,0,1,0,0,0,1,0,0,3.0,0,0,56,4.04305126783455,1,0,0,0,0,0,0,1,0,0,0,0,0,0,0,0,-3.57310141620000
2000.00,7.600902459542082,0,3.0,80,4.382026634673881,0,1,0,0,0,0,1,0,0,3.0,0,0,50,3.9318256327243257,1,0,0,0,0,0,0,1,0,0,0,0,0,0,0,0,-3.57310141620000
2491.67,7.820708447382525,0,3.0,60,4.0943445622221,0,0,0,1,0,0,0,1,0,5.0,0,0,1,0.6931471805599453,0,0,0,0,0,0,0,1,0,0,0,0,0,0,0,0,-3.57310141620000
2491.67,7.820708447382525,0,3.0,60,4.0943445622221,0,0,0,1,0,0,0,1,0,5.0,0,0,1,0.6931471805599453,0,0,0,0,0,0,0,1,0,0,0,0,0,0,0,0,-3.57310141620000
2053.57,7.627335020957822,0,2.0,56,4.02535169073515,1,0,0,0,0,1,0,0,0,1.0,0,0,56,4.04305126783455,0,0,0,0,0,0,0,1,0,0,0,0,0,0,0,0,-3.57310141620000
2422.54,7.792571855496507,0,3.0,71,4.2626798770413155,0,0,0,1,0,0,0,0,1,2.8,0,0,4.47,1.6992786164338898,0,0,0,0,0,0,0,1,0,0,0,0,0,0,0,0,-3.57310141620000
2170.00,7.682482446534506,0,2.0,60,4.0943445622221,1,0,0,0,0,0,1,0,0,3.0,0,0,50,3.9318256327243257,2,0,1,1,0,0,0,1,0,0,0,0,0,0,0,0,-3.57310141620000
2165.00,7.68017564043659,0,2.0,60,4.0943445622221,0,1,0,0,0,0,1,0,0,2.0,0,0,55,4.02535169073515,0,0,0,0,0,0,0,1,0,0,0,0,0,0,0,0,-3.57310141620000
2446.43,7.802385098016548,0,2.0,56,4.02535169073515,0,1,0,0,0,0,1,0,0,3.0,0,0,45,3.828641396489095,0,0,0,0,0,0,0,1,0,0,0,0,0,0,0,0,-3.57310141620000
1367.65,7.220849217494608,0,3.0,204,5.318119993844216,0,0,1,0,0,0,1,0,0,5.0,0,1,42.02,3.761665123839584,0,0,0,0,0,0,0,0,1,0,0,0,0,0,0,0,-15.45623996511111
1797.30,7.4940408177579885,0,3.0,74,4.30406509320417,0,0,1,0,0,0,0,1,0,9.0,1,0,39,3.6888794541139363,0,0,0,0,0,0,0,0,1,0,0,0,0,0,0,0,-15.45623996511111
3469.18,8.151673533775812,0,1.0,30,3.4011973816621555,0,1,0,0,0,0,1,0,0,4.0,0,1,65,4.189654742026425,1,0,0,1,0,0,0,0,1,0,0,0,0,0,0,0,-15.45623996511111
2796.61,7.936163248370936,0,1.0,35,3.5553480614894135,0,0,1,0,0,1,0,0,1,2.8,0,0,45,3.828641396489095,0,0,1,0,1,0,0,0,1,0,0,0,0,0,0,0,-15.45623996511111
2081.67,7.640925735171312,0,2.0,60,4.0943445622221,0,1,0,0,0,0,1,0,0,3.0,0,0,40,3.713572066704308,0,0,0,0,0,0,0,0,1,0,0,0,0,0,0,0,-15.45623996511111
1517.01,7.324496571284617,0,4.0,147,4.990432586778736,1,0,0,0,0,0,0,1,0,3.0,0,0,45.01,3.8288587641673772,0,0,0,0,0,0,0,0,1,0,0,0,0,0,0,0,-15.45623996511111
1570.42,7.359098378489916,0,4.0,142,4.955827057601261,0,0,0,1,0,0,0,0,1,2.8,0,0,4.47,1.6992786164338898,0,0,0,0,0,0,0,0,1,0,0,0,0,0,0,0,-15.45623996511111
1430.69,7.265912124362344,0,3.0,202,5.308267697401205,0,0,0,1,0,0,1,0,0,5.0,0,1,4.47,1.6992786164338898,0,0,0,0,0,0,0,0,1,0,0,0,0,0,0,0,-15.45623996511111
2941.64,7.986722527936491,0,3.0,63,4.143134726391533,0,0,0,0,1,0,1,0,0,2.0,0,1,0,0,1,1,0,1,0,0,0,1,0,0,0,0,0,0,0,0,-3.70425049726667
2965.36,7.994753720587575,0,3.0,63,4.143134726391533,0,0,0,0,1,0,1,0,0,5.0,0,1,0,0,1,1,0,1,0,0,0,1,0,0,0,0,0,0,0,0,-3.70425049726667
2931.68,7.983330916531865,0,4.0,77,4.343805421853684,0,0,0,0,1,0,1,0,0,5.0,0,1,0,0,1,0,1,0,1,0,0,1,0,0,0,0,0,0,0,0,-3.70425049726667
2964.29,7.994392822385619,0,3.0,84,4.430816798843313,0,0,0,1,0,0,1,0,0,3.0,0,0,2,1.0986122886681098,1,0,0,0,0,0,0,1,0,0,0,0,0,0,0,0,-3.70425049726667
2815.49,7.942891592921361,0,4.0,80,4.382026634673881,0,0,0,0,1,0,1,0,0,2.0,0,1,0,0,1,0,1,0,1,0,0,1,0,0,0,0,0,0,0,0,-3.70425049726667
2832.33,7.948854973448779,0,4.0,79,4.3694478524670215,0,0,0,0,1,0,1,0,0,3.0,0,1,0,0,1,0,1,0,1,0,0,1,0,0,0,0,0,0,0,0,-3.70425049726667
3685.71,8.212218459063022,0,1.0,35,3.5553480614894135,0,0,0,1,0,1,0,0,1,2.8,0,0,4,1.6094379124341003,1,0,0,1,0,0,0,1,0,0,0,0,0,0,0,0,-3.70425049726667
2857.50,7.957702395668965,0,4.0,79,4.3694478524670215,0,0,0,0,1,0,1,0,0,5.0,0,1,0,0,1,0,1,0,1,0,0,1,0,0,0,0,0,0,0,0,-3.70425049726667
2138.89,7.668042281860095,0,3.0,72,4.276666119016055,0,1,0,0,0,0,1,0,0,8.0,0,0,36,3.6109179126442243,0,0,0,0,0,0,0,1,0,0,0,0,0,0,0,0,-3.70425049726667
2742.57,7.916650715980441,0,4.0,101,4.61512051684126,0,0,0,0,1,0,1,0,0,5.0,0,1,0,0,1,0,0,0,0,0,0,1,0,0,0,0,0,0,0,0,-3.70425049726667
3120.96,8.04589592578365,0,2.0,54,3.9889840465642745,0,0,0,0,1,0,1,0,0,2.0,0,1,0,0,1,0,1,0,1,0,0,1,0,0,0,0,0,0,0,0,-3.70425049726667
2693.72,7.898678416899091,0,4.0,87,4.465908118654584,0,0,0,0,1,1,0,0,0,2.0,0,1,0,0,1,0,1,0,1,0,0,1,0,0,0,0,0,0,0,0,-3.70425049726667
3120.96,8.04589592578365,0,2.0,54,3.9889840465642745,0,0,0,0,1,1,0,0,0,1.0,0,1,0,0,1,0,1,0,1,0,0,1,0,0,0,0,0,0,0,0,-3.70425049726667
2832.33,7.948854973448779,0,4.0,79,4.3694478524670215,0,0,0,0,1,0,1,0,0,4.0,0,1,0,0,1,0,1,0,1,0,0,1,0,0,0,0,0,0,0,0,-3.70425049726667
2892.94,7.970028565044507,0,4.0,77,4.343805421853684,0,0,0,0,1,0,1,0,0,2.0,0,1,0,0,1,0,1,0,1,0,0,1,0,0,0,0,0,0,0,0,-3.70425049726667
2845.34,7.953437847328542,0,3.0,65,4.174387269895637,0,0,0,0,1,0,1,0,0,2.0,0,1,0,0,1,1,0,1,0,0,0,1,0,0,0,0,0,0,0,0,-3.70425049726667
1923.06,7.561672946350081,0,4.0,78,4.356708826689592,0,1,0,0,0,0,0,0,1,2.8,0,0,8,2.1972245773362196,0,0,0,0,0,0,0,1,0,0,0,0,0,0,0,0,-3.70425049726667
3120.96,8.04589592578365,0,2.0,54,3.9889840465642745,0,0,0,0,1,0,1,0,0,2.0,0,1,0,0,1,0,1,0,1,0,0,1,0,0,0,0,0,0,0,0,-3.70425049726667
2892.94,7.970028565044507,0,4.0,77,4.343805421853684,0,0,0,0,1,0,1,0,0,2.0,0,1,0,0,1,0,1,0,1,0,0,1,0,0,0,0,0,0,0,0,-3.70425049726667
1943.06,7.572019328983007,0,3.0,72,4.276666119016055,1,0,0,0,0,0,1,0,0,9.0,1,1,44,3.8066624897703196,0,0,0,0,0,0,0,1,0,0,0,0,0,0,0,0,-3.70425049726667
2905.85,7.97448122545458,0,4.0,77,4.343805421853684,0,0,0,0,1,0,1,0,0,3.0,0,1,0,0,1,0,1,0,1,0,0,1,0,0,0,0,0,0,0,0,-3.70425049726667
2397.44,7.782156780375614,0,3.0,78,4.356708826689592,1,0,0,0,0,1,0,0,0,1.0,0,0,18,2.9444389791664403,0,0,0,0,0,0,0,1,0,0,0,0,0,0,0,0,-3.70425049726667
2860.64,7.95880065500351,0,3.0,65,4.174387269895637,0,0,0,0,1,0,1,0,0,4.0,0,1,0,0,1,1,0,1,0,0,0,1,0,0,0,0,0,0,0,0,-3.70425049726667
2892.94,7.970028565044507,0,4.0,77,4.343805421853684,0,0,0,0,1,0,1,0,0,2.0,0,1,0,0,1,0,1,0,1,0,0,1,0,0,0,0,0,0,0,0,-3.70425049726667
2874.81,7.96374186409109,0,3.0,65,4.174387269895637,0,0,0,0,1,0,1,0,0,2.0,0,1,0,0,1,1,0,1,0,0,0,1,0,0,0,0,0,0,0,0,-3.70425049726667
2845.34,7.953437847328542,0,3.0,65,4.174387269895637,0,0,0,0,1,0,1,0,0,2.0,0,1,0,0,1,1,0,1,0,0,0,1,0,0,0,0,0,0,0,0,-3.70425049726667
1420.21,7.2585600269849975,0,1.0,94,4.543294782270004,0,0,0,0,1,1,0,0,0,1.0,0,1,0,0,1,1,0,1,0,0,0,1,0,0,0,0,0,0,0,0,-3.70425049726667
3770.97,8.23508754177723,0,1.0,31,3.4339872044851463,0,0,0,1,0,0,1,0,0,4.0,0,0,2,1.0986122886681098,1,0,1,1,0,0,0,1,0,0,0,0,0,0,0,0,-3.70425049726667
3238.65,8.082911855290032,0,4.0,101,4.61512051684126,0,0,0,1,0,0,0,0,1,2.8,0,0,4.47,1.6992786164338898,0,0,0,0,0,0,1,0,0,0,0,0,0,0,0,0,25.23570385611667
2800.00,7.937374696163295,0,2.0,70,4.248495242049359,0,0,1,0,0,0,0,0,1,2.8,0,0,42.02,3.761665123839584,0,0,0,0,0,0,1,0,0,0,0,0,0,0,0,0,25.23570385611667
2076.88,7.638622046569097,0,4.0,161,5.081404364984463,0,1,0,0,0,1,0,0,0,1.0,0,0,44.74,3.822973188594635,0,0,0,0,0,0,1,0,0,0,0,0,0,0,0,0,25.23570385611667
3997.37,8.29339192385411,0,1.0,38,3.6375861597263857,0,0,0,1,0,0,1,0,0,2.0,0,1,0,0,0,1,0,1,0,0,1,0,0,0,0,0,0,0,0,0,25.23570385611667
2586.12,7.857913961967481,0,4.0,116,4.7535901911063645,0,0,1,0,0,0,1,0,0,2.0,0,0,80,4.394449154672439,0,0,0,0,0,0,1,0,0,0,0,0,0,0,0,0,25.23570385611667
3828.28,8.250170895143421,0,4.0,113,4.727387818712341,0,0,0,1,0,0,1,0,0,3.0,0,1,3,1.3862943611198906,1,0,1,1,0,0,1,0,0,0,0,0,0,0,0,0,25.23570385611667
2228.57,7.709115403156469,0,2.0,70,4.248495242049359,0,0,1,0,0,0,0,0,1,2.8,0,0,42.02,3.761665123839584,0,0,0,0,0,0,1,0,0,0,0,0,0,0,0,0,25.23570385611667
2708.33,7.90408748775984,0,3.0,120,4.787491742782046,0,0,0,1,0,0,1,0,0,3.0,0,0,16,2.833213344056216,0,0,0,0,0,0,1,0,0,0,0,0,0,0,0,0,25.23570385611667
4006.94,8.29578313672818,0,2.0,68,4.219507705176107,0,0,0,1,0,0,1,0,0,7.0,0,1,0,0,0,0,0,0,1,0,1,0,0,0,0,0,0,0,0,0,25.23570385611667
4148.48,8.330497281073074,0,1.0,33,3.4965075614664802,0,0,0,1,0,1,0,0,0,1.0,0,1,0,0,0,0,1,0,1,0,1,0,0,0,0,0,0,0,0,0,25.23570385611667
4108.33,8.320771898883425,0,1.0,36,3.58351893845611,0,0,0,1,0,0,1,0,0,2.0,0,1,0,0,0,1,0,1,0,0,1,0,0,0,0,0,0,0,0,0,25.23570385611667
2257.73,7.72211516271497,0,2.0,97,4.574710978503383,0,0,1,0,0,0,1,0,0,2.0,0,0,15,2.772588722239781,0,0,0,1,0,0,1,0,0,0,0,0,0,0,0,0,25.23570385611667
2892.31,7.969810769788471,0,2.0,65,4.174387269895637,0,0,1,0,0,0,1,0,0,3.0,0,0,56,4.04305126783455,0,0,0,0,0,0,1,0,0,0,0,0,0,0,0,0,25.23570385611667
3829.55,8.250502581799209,0,2.0,44,3.784189633918261,0,0,1,0,0,1,0,0,0,1.0,0,0,40,3.713572066704308,0,0,0,0,0,0,1,0,0,0,0,0,0,0,0,0,25.23570385611667
4359.09,8.380018598962618,0,1.0,33,3.4965075614664802,0,0,0,1,0,0,1,0,0,4.0,0,1,0,0,0,0,0,0,0,0,1,0,0,0,0,0,0,0,0,0,25.23570385611667
3827.60,8.249993253905108,0,4.0,113,4.727387818712341,0,0,0,0,1,0,1,0,0,4.0,0,1,3,1.3862943611198906,1,0,1,1,0,0,1,0,0,0,0,0,0,0,0,0,25.23570385611667
2663.37,7.887347517206455,0,4.0,101,4.61512051684126,0,0,1,0,0,0,0,1,0,3.0,0,0,56,4.04305126783455,0,0,0,0,0,0,1,0,0,0,0,0,0,0,0,0,25.23570385611667
4715.45,8.458599630598279,0,1.0,25,3.2188758248682006,0,1,0,0,0,1,0,0,0,1.0,0,0,0,0,0,0,0,0,0,0,1,0,0,0,0,0,0,0,0,0,25.23570385611667
2800.00,7.937374696163295,0,2.0,70,4.248495242049359,0,0,1,0,0,0,1,0,1,2.8,0,0,42.02,3.761665123839584,0,0,0,0,0,0,1,0,0,0,0,0,0,0,0,0,25.23570385611667
4979.18,8.513020497826439,0,3.0,100,4.605170185988092,0,0,0,1,0,0,1,0,0,9.0,1,1,0,0,0,0,1,1,0,0,1,0,0,0,0,0,0,0,0,0,25.23570385611667
3349.90,8.116685773627301,0,3.0,100,4.605170185988092,0,1,0,0,0,0,1,0,1,2.8,0,0,16,2.833213344056216,0,0,0,0,0,0,1,0,0,0,0,0,0,0,0,0,25.23570385611667
4105.41,8.320060895096354,0,1.0,37,3.6109179126442243,0,0,0,1,0,0,1,0,0,2.0,0,1,0,0,0,1,0,1,0,0,1,0,0,0,0,0,0,0,0,0,25.23570385611667
4184.12,8.339051686021813,0,2.5,28,3.332204510175204,0,1,0,0,0,0,0,1,0,4.0,0,0,85,4.454347296253507,0,0,0,0,0,0,1,0,0,0,0,0,0,0,0,0,25.23570385611667
4128.95,8.325778416343164,0,1.0,38,3.6375861597263857,0,0,0,1,0,0,0,1,0,4.0,0,1,0,0,0,1,0,1,0,0,1,0,0,0,0,0,0,0,0,0,25.23570385611667
2488.11,7.819278665100389,0,4.0,118,4.770684624465665,0,1,0,0,0,0,0,1,0,3.0,0,0,25,3.258096538021482,0,0,0,0,0,0,1,0,0,0,0,0,0,0,0,0,25.23570385611667
3700.00,8.216088098632316,1,2.5,84,4.430816798843313,0,0,0,1,0,0,1,0,0,9.0,1,1,0,0,0,1,0,1,0,0,1,0,0,0,0,0,0,0,0,0,25.23570385611667
2654.32,7.883943780344269,0,4.0,162,5.087596335232384,0,0,1,0,0,0,1,0,0,3.0,0,0,30,3.4339872044851463,0,0,0,0,0,0,1,0,0,0,0,0,0,0,0,0,25.23570385611667
3296.30,8.100555906304823,0,2.0,54,3.9889840465642745,0,0,1,0,0,1,0,0,0,1.0,0,0,56,4.04305126783455,0,0,0,0,0,0,1,0,0,0,0,0,0,0,0,0,25.23570385611667
3971.05,8.286785822338812,0,1.0,38,3.6375861597263857,0,0,0,1,0,0,0,1,0,4.0,0,1,0,0,0,1,0,1,0,0,1,0,0,0,0,0,0,0,0,0,25.23570385611667
4023.68,8.299952185754641,0,1.0,38,3.6375861597263857,0,0,0,1,0,0,1,0,0,3.0,0,1,0,0,0,1,0,1,0,0,1,0,0,0,0,0,0,0,0,0,25.23570385611667
3518.45,8.165775830704524,0,4.0,127,4.844187086458591,0,0,0,1,0,0,1,0,0,3.0,0,1,3,1.3862943611198906,1,1,0,0,1,0,1,0,0,0,0,0,0,0,0,0,25.23570385611667
2733.33,7.913275925071296,0,4.0,120,4.787491742782046,0,0,1,0,0,0,1,0,0,2.0,0,0,30,3.4339872044851463,0,0,0,0,0,0,1,0,0,0,0,0,0,0,0,0,25.23570385611667
2613.33,7.868380549165327,0,2.0,75,4.31748811353631,0,0,1,0,0,0,1,0,0,3.0,0,0,59,4.0943445622221,0,0,0,0,0,0,1,0,0,0,0,0,0,0,0,0,25.23570385611667
3793.18,8.24095999640261,0,2.0,44,3.784189633918261,0,0,0,1,0,1,0,0,0,1.0,0,1,0,0,0,0,1,0,1,0,1,0,0,0,0,0,0,0,0,0,25.23570385611667
2654.32,7.883943780344269,0,4.0,162,5.087596335232384,0,0,1,0,0,0,1,0,0,2.0,0,0,30,3.4339872044851463,0,0,0,0,0,0,1,0,0,0,0,0,0,0,0,0,25.23570385611667
3997.37,8.29339192385411,0,1.0,38,3.6375861597263857,0,0,0,1,0,0,1,0,0,3.0,0,1,0,0,0,1,0,1,0,0,1,0,0,0,0,0,0,0,0,0,25.23570385611667
3412.44,8.13518285692106,0,4.0,127,4.844187086458591,0,0,0,0,1,0,1,0,0,4.0,0,1,3,1.3862943611198906,1,1,0,0,1,0,1,0,0,0,0,0,0,0,0,0,25.23570385611667
1611.11,7.384678661417036,0,4.0,180,5.19295685089021,1,0,0,0,0,0,0,1,0,4.0,0,0,23,3.1780538303479458,0,0,0,0,0,0,1,0,0,0,0,0,0,0,0,0,25.23570385611667
3463.69,8.150089773760826,0,3.0,90,4.499809670330265,0,0,0,1,0,0,1,0,0,8.0,0,1,0,0,0,1,0,0,1,0,1,0,0,0,0,0,0,0,0,0,25.23570385611667
3152.63,8.05599230410225,0,3.0,95,4.553876891600541,0,0,1,0,0,1,0,0,0,1.0,0,0,90,4.51085950651685,0,0,0,0,0,0,1,0,0,0,0,0,0,0,0,0,25.23570385611667
3459.31,8.148824426199248,0,4.0,140,4.941642422609304,0,0,0,1,0,0,0,0,1,2.8,0,0,4.47,1.6992786164338898,0,0,0,0,0,0,1,0,0,0,0,0,0,0,0,0,25.23570385611667
5524.98,8.617034906469899,0,2.0,45,3.8066624897703196,0,0,0,0,1,0,1,0,0,4.0,0,0,0,0,0,0,0,0,0,0,1,0,0,0,0,0,0,0,0,0,25.23570385611667
3323.81,8.108866994293507,0,4.0,105,4.653960350157523,0,0,0,1,0,0,0,1,0,5.0,0,1,1,0.6931471805599453,0,0,0,0,0,0,1,0,0,0,0,0,0,0,0,0,25.23570385611667
2724.95,7.910205358305153,0,3.0,86,4.454347296253507,0,0,1,0,0,1,0,0,0,1.0,0,0,93,4.543294782270004,0,0,0,0,0,0,1,0,0,0,0,0,0,0,0,0,25.23570385611667
4105.41,8.320060895096354,0,1.0,37,3.6109179126442243,0,0,0,1,0,0,1,0,0,3.0,0,1,0,0,0,1,0,1,0,0,1,0,0,0,0,0,0,0,0,0,25.23570385611667
3793.18,8.24095999640261,0,2.0,44,3.784189633918261,0,0,0,1,0,1,0,0,0,1.0,0,1,0,0,0,0,1,0,1,0,1,0,0,0,0,0,0,0,0,0,25.23570385611667
2638.89,7.878113653179111,0,2.0,54,3.9889840465642745,0,1,0,0,0,0,0,0,1,2.8,0,0,44.74,3.822973188594635,0,0,0,0,0,0,1,0,0,0,0,0,0,0,0,0,25.23570385611667
3049.59,8.022762434335935,0,3.0,121,4.795790545596741,0,0,1,0,0,0,0,1,0,2.0,0,0,42.02,3.761665123839584,0,0,0,0,0,0,1,0,0,0,0,0,0,0,0,0,25.23570385611667
2980.77,7.999936935384439,0,2.0,52,3.9512437185814275,0,1,0,0,0,0,0,0,1,2.8,0,0,45,3.828641396489095,0,0,0,0,0,0,1,0,0,0,0,0,0,0,0,0,25.23570385611667
2972.84,7.997273003857307,0,3.0,74,4.30406509320417,0,1,0,0,0,0,1,0,0,3.0,0,0,45,3.828641396489095,0,0,0,0,0,0,1,0,0,0,0,0,0,0,0,0,25.23570385611667
3629.54,8.19686119746593,0,4.0,128,4.852030263919617,0,0,0,1,0,1,0,0,0,2.0,0,1,3,1.3862943611198906,1,0,0,0,0,0,1,0,0,0,0,0,0,0,0,0,25.23570385611667
3376.34,8.12454756154532,0,3.0,93,4.532599493153256,0,1,0,0,0,1,0,0,1,2.8,0,0,55,4.02535169073515,0,0,0,0,0,0,1,0,0,0,0,0,0,0,0,0,25.23570385611667
2362.50,7.767475659367898,0,3.0,80,4.382026634673881,0,1,0,0,0,0,1,0,0,2.0,0,0,44.74,3.822973188594635,0,0,0,0,1,0,1,0,0,0,0,0,0,0,0,0,25.23570385611667
2031.25,7.6164066460780475,0,4.0,128,4.852030263919617,1,0,0,0,0,0,1,0,0,4.0,0,0,83,4.430816798843313,0,0,0,0,0,0,1,0,0,0,0,0,0,0,0,0,25.23570385611667
2437.50,7.798728202872002,0,3.0,80,4.382026634673881,0,0,1,0,0,0,1,0,0,2.0,0,0,56,4.04305126783455,0,0,0,0,0,0,1,0,0,0,0,0,0,0,0,0,25.23570385611667
3682.75,8.211415034695047,0,3.0,101,4.61512051684126,0,0,0,1,0,1,0,0,0,1.0,0,1,3,1.3862943611198906,1,0,0,0,0,0,1,0,0,0,0,0,0,0,0,0,25.23570385611667
3000.00,8.006367567650246,0,2.0,53,3.970291913552122,0,0,1,0,0,0,0,0,1,2.8,0,0,45,3.828641396489095,0,0,0,0,0,0,1,0,0,0,0,0,0,0,0,0,25.23570385611667
2750.00,7.919356190660617,0,2.0,60,4.0943445622221,0,0,1,0,0,1,0,0,0,1.0,0,0,110,4.709530201312334,0,0,0,1,0,0,1,0,0,0,0,0,0,0,0,0,25.23570385611667
3129.63,8.048670065684124,0,2.0,54,3.9889840465642745,0,1,0,0,0,1,0,0,0,1.0,0,0,44.74,3.822973188594635,0,0,0,0,0,0,1,0,0,0,0,0,0,0,0,0,25.23570385611667
4023.08,8.299803057409541,0,1.0,39,3.6635616461296463,0,0,0,1,0,0,0,1,0,4.0,0,1,0,0,0,1,0,1,0,0,1,0,0,0,0,0,0,0,0,0,25.23570385611667
269.23,5.59556603286903,0,4.0,520,6.253828811575473,0,0,1,0,0,0,0,1,0,4.0,0,0,56,4.04305126783455,0,0,0,0,0,0,1,0,0,0,0,0,0,0,0,0,25.23570385611667
2663.37,7.887347517206455,0,4.0,101,4.61512051684126,0,0,1,0,0,0,1,0,0,2.0,0,0,42.02,3.761665123839584,0,0,0,0,0,0,1,0,0,0,0,0,0,0,0,0,25.23570385611667
2500.00,7.824046010856292,0,3.0,128,4.852030263919617,0,0,0,1,0,0,0,0,1,2.8,0,0,4.47,1.6992786164338898,0,0,0,0,0,0,1,0,0,0,0,0,0,0,0,0,25.23570385611667
4023.68,8.299952185754641,0,1.0,38,3.6375861597263857,0,0,0,1,0,0,1,0,0,3.0,0,1,0,0,0,1,0,1,0,0,1,0,0,0,0,0,0,0,0,0,25.23570385611667
1611.11,7.384678661417036,0,5.0,180,5.19295685089021,1,0,0,0,0,0,0,1,0,4.0,0,0,23,3.1780538303479458,0,0,0,0,0,0,1,0,0,0,0,0,0,0,0,0,25.23570385611667
2768.75,7.926151233793446,0,2.0,48,3.871201010907891,0,0,1,0,0,0,1,0,0,6.0,0,1,45,3.828641396489095,0,0,0,0,0,0,1,0,0,0,0,0,0,0,0,0,25.23570385611667
2410.26,7.787489904483087,0,3.0,78,4.356708826689592,0,0,1,0,0,0,1,0,0,2.0,0,0,65,4.189654742026425,0,0,0,0,0,0,1,0,0,0,0,0,0,0,0,0,25.23570385611667
3802.29,8.243358795783934,0,4.0,113,4.727387818712341,0,0,0,0,1,0,1,0,0,2.0,0,1,3,1.3862943611198906,1,0,1,1,0,0,1,0,0,0,0,0,0,0,0,0,25.23570385611667
3222.22,8.077825841976981,0,2.0,45,3.8066624897703196,0,1,0,0,0,0,0,0,1,2.8,0,0,44.74,3.822973188594635,0,0,0,0,0,0,1,0,0,0,0,0,0,0,0,0,25.23570385611667
2732.56,7.91299417772362,0,2.0,86,4.454347296253507,0,0,0,1,0,0,1,0,0,4.0,0,0,4.47,1.6992786164338898,0,0,0,0,0,0,1,0,0,0,0,0,0,0,0,0,25.23570385611667
726.74,6.588568779454397,0,2.5,172,5.147494476813453,1,0,0,0,0,0,0,0,1,2.8,0,0,45.01,3.8288587641673772,0,0,1,1,0,0,1,0,0,0,0,0,0,0,0,0,25.23570385611667
3361.88,8.120255620291692,0,3.0,93,4.532599493153256,0,0,1,0,0,0,0,1,0,4.0,0,1,55,4.02535169073515,0,0,0,0,0,0,1,0,0,0,0,0,0,0,0,0,25.23570385611667
5654.99,8.640293620202062,0,4.0,100,4.605170185988092,0,0,0,0,1,0,0,1,0,5.0,0,0,0,0,0,0,0,0,0,0,1,0,0,0,0,0,0,0,0,0,25.23570385611667
4734.43,8.462616618226072,0,4.0,61,4.110873864173311,0,0,1,0,0,0,0,0,1,2.8,0,0,42.02,3.761665123839584,0,0,0,0,0,0,1,0,0,0,0,0,0,0,0,0,25.23570385611667
4489.50,8.409496615960864,0,2.0,53,3.970291913552122,0,0,0,1,0,0,1,0,0,2.0,0,0,2,1.0986122886681098,1,0,0,0,0,0,1,0,0,0,0,0,0,0,0,0,25.23570385611667
2117.53,7.65800559407638,0,3.0,85,4.442651256490317,0,1,0,0,0,1,0,0,0,1.0,0,0,44.74,3.822973188594635,0,0,0,0,0,0,1,0,0,0,0,0,0,0,0,0,25.23570385611667
4148.48,8.330497281073074,0,1.0,33,3.4965075614664802,0,0,0,1,0,1,0,0,0,1.0,0,1,0,0,0,0,1,0,1,0,1,0,0,0,0,0,0,0,0,0,25.23570385611667
4148.48,8.330497281073074,0,1.0,33,3.4965075614664802,0,0,0,1,0,1,0,0,0,1.0,0,1,0,0,0,0,1,0,1,0,1,0,0,0,0,0,0,0,0,0,25.23570385611667
3398.44,8.131071781783117,0,2.0,64,4.1588830833596715,0,0,0,1,0,0,1,0,0,3.0,0,1,1,0.6931471805599453,0,0,0,0,0,0,1,0,0,0,0,0,0,0,0,0,25.23570385611667
3894.16,8.267233273942669,0,2.0,56,4.02535169073515,0,0,0,1,0,0,1,0,0,5.0,0,1,1,0.6931471805599453,0,0,0,1,0,0,1,0,0,0,0,0,0,0,0,0,25.23570385611667
5249.97,8.565977641283629,0,2.0,39,3.6635616461296463,0,0,0,0,1,0,1,0,0,2.0,0,0,0,0,0,1,0,1,0,0,1,0,0,0,0,0,0,0,0,0,25.23570385611667
1904.75,7.552106045353119,0,4.0,105,4.653960350157523,1,0,0,0,0,0,0,1,0,4.0,0,0,1,0.6931471805599453,0,0,0,0,0,0,1,0,0,0,0,0,0,0,0,0,25.23570385611667
2272.73,7.7287370310512475,0,2.0,88,4.477336814478207,1,0,0,0,0,0,1,0,1,2.8,0,0,45.01,3.8288587641673772,0,0,0,0,0,0,1,0,0,0,0,0,0,0,0,0,25.23570385611667
1956.41,7.578866440081295,0,3.0,92,4.5217885770490405,0,0,1,0,0,0,0,0,1,2.8,0,0,15,2.772588722239781,0,0,0,0,0,0,1,0,0,0,0,0,0,0,0,0,25.23570385611667
3376.34,8.12454756154532,0,3.0,93,4.532599493153256,0,0,0,1,0,0,0,0,1,2.8,0,0,4.47,1.6992786164338898,1,0,0,0,0,0,1,0,0,0,0,0,0,0,0,0,25.23570385611667
2234.96,7.711978609795792,0,2.0,70,4.248495242049359,0,0,1,0,0,1,0,0,0,1.0,0,0,65,4.189654742026425,0,0,0,0,0,0,1,0,0,0,0,0,0,0,0,0,25.23570385611667
2694.12,7.8988268994081245,0,3.0,85,4.442651256490317,0,0,1,0,0,0,0,1,0,4.0,0,0,55,4.02535169073515,0,1,1,1,1,0,1,0,0,0,0,0,0,0,0,0,25.23570385611667
3628.76,8.196646271104935,0,3.0,83,4.418840607796598,0,0,0,0,1,0,1,0,0,3.0,0,1,3,1.3862943611198906,1,0,0,0,0,0,1,0,0,0,0,0,0,0,0,0,25.23570385611667
2517.24,7.830918342198698,0,4.0,87,4.465908118654584,0,1,0,0,0,0,1,0,0,3.0,0,0,57,4.060443010546419,0,0,0,0,0,0,1,0,0,0,0,0,0,0,0,0,25.23570385611667
3903.77,8.269698031863063,0,2.0,53,3.970291913552122,0,0,0,1,0,0,0,1,0,4.0,0,1,0,0,0,0,1,1,0,0,1,0,0,0,0,0,0,0,0,0,25.23570385611667
3031.25,8.016730354685793,0,3.0,64,4.1588830833596715,0,0,1,0,0,0,1,0,0,3.0,0,1,25,3.258096538021482,0,0,0,0,0,0,1,0,0,0,0,0,0,0,0,0,25.23570385611667
3223.45,8.078207493539947,0,3.0,169,5.1298987149230735,0,0,0,1,0,0,0,0,1,2.8,0,0,4.47,1.6992786164338898,0,0,0,0,0,0,1,0,0,0,0,0,0,0,0,0,25.23570385611667
1416.67,7.256064326188762,0,4.0,120,4.787491742782046,1,0,0,0,0,0,0,0,1,2.8,0,0,45.01,3.8288587641673772,0,0,0,0,0,0,1,0,0,0,0,0,0,0,0,0,25.23570385611667
2242.68,7.715426858270211,0,3.0,82,4.406719247264253,1,0,0,0,0,0,1,0,0,2.0,0,0,55,4.02535169073515,0,0,0,0,0,0,1,0,0,0,0,0,0,0,0,0,25.23570385611667
4302.34,8.366914339712634,0,3.0,67,4.204692619390966,0,0,0,1,0,0,1,0,0,5.0,0,1,0,0,0,0,1,0,1,0,1,0,0,0,0,0,0,0,0,0,25.23570385611667
3560.27,8.177591663666794,0,4.0,101,4.61512051684126,0,0,0,1,0,0,0,0,1,2.8,0,0,4.47,1.6992786164338898,0,0,0,0,0,0,1,0,0,0,0,0,0,0,0,0,25.23570385611667
2461.12,7.808371809868689,0,3.0,109,4.6913478822291435,0,0,0,1,0,0,1,0,0,3.0,0,1,16,2.833213344056216,0,0,0,0,0,0,1,0,0,0,0,0,0,0,0,0,25.23570385611667
3000.00,8.006367567650246,0,2.0,45,3.8066624897703196,0,0,0,1,0,0,0,0,1,2.8,0,0,4.47,1.6992786164338898,0,0,0,0,0,1,0,0,0,0,0,0,0,0,0,0,-9.94985255415556
1666.54,7.418504899859982,0,4.0,81,4.394449154672439,0,1,0,0,0,0,0,1,1,2.8,0,0,47,3.871201010907891,0,0,0,0,0,1,0,0,0,0,0,0,0,0,0,0,-9.94985255415556
1784.52,7.486904750488592,0,3.0,84,4.430816798843313,0,1,0,0,0,0,1,0,0,2.0,0,0,0,0,2,0,0,0,0,1,0,0,0,0,0,0,0,0,0,0,-9.94985255415556
1767.12,7.4771063817285714,0,3.0,73,4.290459441148391,0,1,0,0,0,1,0,0,0,1.0,0,0,47,3.871201010907891,2,0,0,0,0,1,0,0,0,0,0,0,0,0,0,0,-9.94985255415556
1767.12,7.4771063817285714,0,3.0,73,4.290459441148391,0,1,0,0,0,1,0,0,0,1.0,0,0,47,3.871201010907891,2,0,0,0,0,1,0,0,0,0,0,0,0,0,0,0,-9.94985255415556
3000.00,8.006367567650246,0,2.0,45,3.8066624897703196,0,0,1,0,0,0,0,1,0,2.0,0,0,3,1.3862943611198906,0,0,0,1,1,1,0,0,0,0,0,0,0,0,0,0,-9.94985255415556
2834.33,7.949560856661481,0,3.0,67,4.204692619390966,0,0,1,0,0,0,1,0,1,2.8,0,0,50,3.9318256327243257,0,0,0,0,0,0,1,0,0,0,0,0,0,0,0,0,11.48469548715000
2734.38,7.913659998115736,0,2.0,64,4.1588830833596715,0,1,0,0,0,0,1,0,1,2.8,0,0,50,3.9318256327243257,0,0,0,0,0,0,1,0,0,0,0,0,0,0,0,0,11.48469548715000
2338.24,7.757153788602853,0,2.0,68,4.219507705176107,0,1,0,0,0,0,1,0,0,3.0,0,1,44.74,3.822973188594635,0,0,0,0,0,0,1,0,0,0,0,0,0,0,0,0,11.48469548715000
2692.31,7.898154840152504,0,2.0,52,3.9512437185814275,1,0,0,0,0,1,0,0,0,1.0,0,0,56,4.04305126783455,0,0,0,0,0,0,1,0,0,0,0,0,0,0,0,0,11.48469548715000
3372.09,8.123288009157022,0,1.0,43,3.7612001156935624,1,0,0,0,0,0,1,0,0,2.0,0,1,65,4.189654742026425,2,0,0,0,0,0,1,0,0,0,0,0,0,0,0,0,11.48469548715000
2428.57,7.795057885747573,0,2.0,70,4.248495242049359,0,1,0,0,0,0,1,0,1,2.8,0,0,44.74,3.822973188594635,0,0,0,0,0,0,1,0,0,0,0,0,0,0,0,0,11.48469548715000
3798.18,8.24227728361413,0,2.0,71,4.2626798770413155,0,0,0,1,0,0,0,0,1,2.8,0,0,4.47,1.6992786164338898,0,0,0,0,0,0,1,0,0,0,0,0,0,0,0,0,11.48469548715000
3000.00,8.006367567650246,0,3.0,91,4.51085950651685,1,0,0,0,0,0,0,0,1,2.8,0,0,17,2.8903717578961645,0,0,0,0,0,0,1,0,0,0,0,0,0,0,0,0,11.48469548715000
1843.47,7.519404944148784,0,3.0,115,4.74493212836325,1,0,0,0,0,0,0,0,1,2.8,0,0,45.01,3.8288587641673772,0,0,0,0,0,0,1,0,0,0,0,0,0,0,0,0,11.48469548715000
1783.09,7.486103093313854,0,4.0,272,5.605802066295998,0,0,0,1,0,0,1,0,0,6.0,0,0,5,1.791759469228055,0,0,0,0,0,0,1,0,0,0,0,0,0,0,0,0,11.48469548715000
2983.87,8.000976394690994,0,2.0,62,4.127134385045092,0,1,0,0,0,1,0,0,0,1.0,0,0,68,4.23410650459726,0,0,0,1,1,0,1,0,0,0,0,0,0,0,0,0,11.48469548715000
2307.69,7.744002303182255,0,2.0,65,4.174387269895637,1,0,0,0,0,0,0,0,1,2.8,0,0,45,3.828641396489095,0,0,0,0,0,0,1,0,0,0,0,0,0,0,0,0,11.48469548715000
2725.45,7.910388831078309,0,2.0,55,4.007333185232471,1,0,0,0,0,0,1,0,0,3.0,0,0,48,3.8918202981106265,0,0,0,0,0,0,1,0,0,0,0,0,0,0,0,0,11.48469548715000
2908.91,7.97553371954977,0,2.0,55,4.007333185232471,0,0,1,0,0,0,1,0,0,4.0,0,1,57,4.060443010546419,2,0,1,1,0,0,1,0,0,0,0,0,0,0,0,0,11.48469548715000
2498.44,7.823421816087264,0,3.0,64,4.1588830833596715,1,0,0,0,0,0,1,0,0,2.0,0,1,63,4.1588830833596715,0,0,1,1,0,0,1,0,0,0,0,0,0,0,0,0,11.48469548715000
3484.85,8.15618028066142,0,3.0,66,4.189654742026425,0,0,1,0,0,0,1,0,0,4.0,0,1,55,4.02535169073515,0,0,0,0,0,0,1,0,0,0,0,0,0,0,0,0,11.48469548715000
2119.70,7.659029848218691,0,3.0,66,4.189654742026425,1,0,0,0,0,0,0,1,0,4.0,0,0,55,4.02535169073515,0,0,0,0,0,0,1,0,0,0,0,0,0,0,0,0,11.48469548715000
4150.00,8.330863613224745,0,3.0,60,4.0943445622221,0,0,1,0,0,0,0,0,1,2.8,0,0,42.02,3.761665123839584,0,0,0,0,0,0,1,0,0,0,0,0,0,0,0,0,11.48469548715000
1956.52,7.578922663934023,0,4.0,115,4.74493212836325,0,0,1,0,0,0,0,1,0,4.0,0,0,19,2.995732273553991,0,0,0,0,0,0,1,0,0,0,0,0,0,0,0,0,11.48469548715000
4719.60,8.459479329225765,0,0.0,25,3.2188758248682006,0,0,1,0,0,1,0,0,0,1.0,0,0,49,3.912023005428146,0,0,0,0,0,0,1,0,0,0,0,0,0,0,0,0,11.48469548715000
2543.42,7.841264911045546,0,2.0,55,4.007333185232471,0,1,0,0,0,0,0,0,1,2.8,0,0,44.74,3.822973188594635,0,0,0,0,0,0,1,0,0,0,0,0,0,0,0,0,11.48469548715000
2830.51,7.948212186415184,0,2.0,59,4.07753744390572,0,0,1,0,0,1,0,0,0,1.0,0,0,60,4.110873864173311,2,0,0,0,0,0,1,0,0,0,0,0,0,0,0,0,11.48469548715000
2929.31,7.982522179397294,0,2.0,58,4.060443010546419,0,0,1,0,0,1,0,0,0,2.0,0,0,56,4.04305126783455,0,0,0,0,0,0,1,0,0,0,0,0,0,0,0,0,11.48469548715000
2990.00,8.003028666384733,0,5.0,100,4.605170185988092,0,1,0,0,0,0,1,0,0,6.0,0,1,49,3.912023005428146,0,0,0,0,0,0,1,0,0,0,0,0,0,0,0,0,11.48469548715000
2426.47,7.794192805282339,0,3.0,68,4.219507705176107,0,1,0,0,0,0,0,0,1,2.8,0,0,55,4.02535169073515,0,0,0,0,0,0,1,0,0,0,0,0,0,0,0,0,11.48469548715000
2569.23,7.851361522102013,0,3.0,65,4.174387269895637,0,1,0,0,0,1,0,0,1,2.8,0,0,45,3.828641396489095,0,0,0,0,0,0,1,0,0,0,0,0,0,0,0,0,11.48469548715000
2592.59,7.860412655026667,0,2.0,54,3.9889840465642745,1,0,0,0,0,0,0,0,1,2.8,0,0,45.01,3.8288587641673772,0,0,0,0,0,0,1,0,0,0,0,0,0,0,0,0,11.48469548715000
2265.33,7.725475722668834,0,3.0,75,4.31748811353631,0,1,0,0,0,0,0,0,1,2.8,0,0,44.74,3.822973188594635,0,0,0,0,0,0,1,0,0,0,0,0,0,0,0,0,11.48469548715000
2662.90,7.887171033475356,0,3.0,99,4.59511985013459,0,0,0,1,0,0,1,0,0,4.0,0,1,0,0,1,0,0,0,0,0,0,0,0,1,0,0,0,0,0,0,19.38109699375500
3166.67,8.060435841551547,0,1.0,30,3.4011973816621555,0,1,0,0,0,0,0,0,1,2.8,0,0,45,3.828641396489095,0,0,0,0,0,0,0,0,0,1,0,0,0,0,0,0,19.38109699375500
3173.02,8.062439094746438,0,3.0,63,4.143134726391533,0,0,0,1,0,1,0,0,0,1.0,0,0,5,1.791759469228055,1,0,0,0,1,0,0,0,0,1,0,0,0,0,0,0,19.38109699375500
1885.96,7.542192254060749,0,3.0,114,4.736198448394496,0,1,0,0,0,0,1,0,0,2.0,0,0,78,4.3694478524670215,0,0,0,0,0,0,0,0,0,1,0,0,0,0,0,0,19.38109699375500
2500.00,7.824046010856292,0,2.0,62,4.127134385045092,0,0,0,1,0,1,0,0,0,2.0,0,0,0,0,1,0,0,0,0,0,0,0,0,1,0,0,0,0,0,0,19.38109699375500
2300.00,7.7406644019172415,0,2.0,55,4.007333185232471,1,0,0,0,0,0,0,1,0,3.0,0,0,65,4.189654742026425,0,0,0,0,1,0,0,0,0,1,0,0,0,0,0,0,19.38109699375500
2285.71,7.7344319771648475,0,4.0,91,4.51085950651685,0,0,1,0,0,0,0,0,1,2.8,0,0,55,4.02535169073515,0,0,0,0,0,0,0,0,0,1,0,0,0,0,0,0,19.38109699375500
2711.36,7.905205633010099,0,2.0,66,4.189654742026425,0,0,1,0,0,0,0,1,0,3.0,0,0,30,3.4339872044851463,1,0,0,0,0,0,0,0,0,1,0,0,0,0,0,0,19.38109699375500
3171.25,8.061881110913491,0,3.0,80,4.382026634673881,0,0,1,0,0,0,0,1,0,3.0,0,0,30,3.4339872044851463,1,0,0,0,0,0,0,0,0,1,0,0,0,0,0,0,19.38109699375500
2125.00,7.661527081358517,0,3.0,72,4.276666119016055,0,1,0,0,0,0,1,0,0,2.0,0,0,64,4.174387269895637,0,0,0,0,0,0,0,0,0,1,0,0,0,0,0,0,19.38109699375500
1968.25,7.5849001020645765,0,2.0,63,4.143134726391533,1,0,0,0,0,1,0,0,0,1.0,0,0,70,4.2626798770413155,0,0,0,0,0,0,0,0,0,1,0,0,0,0,0,0,19.38109699375500
5050.00,8.527143522269405,0,2.5,200,5.298317366548036,1,0,0,0,0,1,0,0,0,1.0,0,0,69,4.248495242049359,0,0,0,0,0,0,0,0,0,1,0,0,0,0,0,0,19.38109699375500
1885.96,7.542192254060749,0,3.0,114,4.736198448394496,0,1,0,0,0,0,1,0,0,3.0,0,0,78,4.3694478524670215,0,0,0,1,1,0,0,0,0,1,0,0,0,0,0,0,19.38109699375500
3054.55,8.024387561247057,0,2.0,55,4.007333185232471,0,0,1,0,0,1,0,0,0,1.0,0,0,42.02,3.761665123839584,2,0,0,0,0,0,0,0,0,1,0,0,0,0,0,0,19.38109699375500
2220.83,7.705636278866778,0,2.0,72,4.276666119016055,0,0,1,0,0,0,1,0,0,3.0,0,0,125,4.836281906951478,0,0,0,0,0,0,0,0,0,1,0,0,0,0,0,0,19.38109699375500
3086.22,8.034702320077516,1,2.5,44,3.784189633918261,0,0,0,1,0,1,0,0,0,1.0,0,1,0,0,1,0,0,1,0,0,0,0,0,1,0,0,0,0,0,0,19.38109699375500
3163.27,8.059361581660625,0,2.0,49,3.8918202981106265,0,0,0,1,0,1,0,0,0,1.0,0,0,1,0.6931471805599453,1,0,0,1,0,0,0,0,0,1,0,0,0,0,0,0,19.38109699375500
1749.90,7.467313922427702,0,4.0,100,4.605170185988092,0,1,0,0,0,0,0,1,0,4.0,0,0,47,3.871201010907891,0,0,0,0,0,0,0,0,0,1,0,0,0,0,0,0,19.38109699375500
2669.46,7.889631483748563,0,3.0,74,4.30406509320417,0,0,0,1,0,0,1,0,0,2.0,0,1,0,0,1,0,0,0,0,0,0,0,0,1,0,0,0,0,0,0,19.38109699375500
2213.98,7.702547079804113,0,4.0,93,4.532599493153256,0,0,1,0,0,0,0,0,1,2.8,0,0,42.02,3.761665123839584,0,0,0,0,0,0,0,0,0,1,0,0,0,0,0,0,19.38109699375500
1984.62,7.593182739026863,0,3.0,65,4.174387269895637,1,0,0,0,0,0,1,0,1,2.8,0,0,65,4.189654742026425,0,0,0,0,0,0,0,0,0,1,0,0,0,0,0,0,19.38109699375500
2667.42,7.888866992098252,0,4.0,120,4.787491742782046,0,0,1,0,0,0,1,0,0,2.0,0,1,30,3.4339872044851463,1,0,0,0,0,0,0,0,0,1,0,0,0,0,0,0,19.38109699375500
2309.43,7.744756019820494,0,2.0,71,4.2626798770413155,0,0,0,1,0,1,0,0,0,1.0,0,1,0,0,1,0,0,0,0,0,0,0,0,1,0,0,0,0,0,0,19.38109699375500
1407.14,7.2493145546519075,0,5.0,140,4.941642422609304,1,0,0,0,0,0,0,0,1,2.8,0,0,45.01,3.8288587641673772,3,0,0,0,0,0,0,0,0,1,0,0,0,0,0,0,19.38109699375500
1820.32,7.506767588791407,0,3.0,76,4.330733340286331,0,1,0,0,0,0,0,1,0,4.0,0,0,35,3.58351893845611,0,0,0,0,0,0,0,0,0,1,0,0,0,0,0,0,19.38109699375500
1960.78,7.581097632243482,0,3.0,102,4.624972813284271,0,0,0,1,0,1,0,0,0,4.0,0,0,0,0,1,0,0,0,0,0,0,0,0,1,0,0,0,0,0,0,19.38109699375500
1527.78,7.331570980302895,0,3.0,72,4.276666119016055,0,1,0,0,0,1,0,0,0,1.0,0,1,44.74,3.822973188594635,0,0,0,0,0,0,0,0,0,1,0,0,0,0,0,0,19.38109699375500
2727.09,7.9109903856013215,0,2.0,55,4.007333185232471,0,0,1,0,0,0,1,0,0,3.0,0,0,125,4.836281906951478,0,0,0,0,0,0,0,0,0,1,0,0,0,0,0,0,19.38109699375500
2946.43,7.988349546995936,0,2.0,56,4.02535169073515,0,0,0,1,0,0,0,0,1,2.8,0,0,4.47,1.6992786164338898,0,0,0,0,0,0,0,0,0,1,0,0,0,0,0,0,19.38109699375500
2246.38,7.717075310657956,0,3.0,69,4.23410650459726,0,1,0,0,0,0,1,0,0,2.0,0,1,55,4.02535169073515,0,0,1,1,0,0,0,0,0,1,0,0,0,0,0,0,19.38109699375500
2796.88,7.936259789171119,0,2.0,64,4.1588830833596715,0,0,0,1,0,0,0,0,1,2.8,0,0,4.47,1.6992786164338898,0,0,0,0,0,0,0,0,0,1,0,0,0,0,0,0,19.38109699375500
3152.54,8.055963756101164,0,1.0,30,3.4011973816621555,0,0,1,0,0,0,1,0,0,2.0,0,0,36,3.6109179126442243,0,0,0,0,0,0,0,0,0,1,0,0,0,0,0,0,19.38109699375500
3166.02,8.060230557540399,0,1.0,39,3.6635616461296463,0,0,0,1,0,1,0,0,0,1.0,0,1,0,0,1,0,0,1,0,0,0,0,0,1,0,0,0,0,0,0,19.38109699375500
2313.88,7.746681048154831,0,2.0,61,4.110873864173311,0,0,1,0,0,0,1,0,0,2.0,0,0,53,3.9889840465642745,3,1,0,0,0,0,0,0,0,1,0,0,0,0,0,0,19.38109699375500
2902.19,7.973220903389144,0,2.0,47,3.8501476017100584,0,0,0,1,0,0,1,0,0,3.0,0,1,0,0,1,0,0,1,0,0,0,0,0,1,0,0,0,0,0,0,19.38109699375500
2331.67,7.754340028023016,0,2.0,60,4.0943445622221,0,0,1,0,0,0,1,0,0,2.0,0,0,42.02,3.761665123839584,0,0,0,0,0,0,0,0,0,1,0,0,0,0,0,0,19.38109699375500
2331.67,7.754340028023016,0,2.0,60,4.0943445622221,0,0,1,0,0,0,1,0,0,2.0,0,0,42.02,3.761665123839584,0,0,0,0,0,0,0,0,0,1,0,0,0,0,0,0,19.38109699375500
3035.54,8.018144611884425,0,2.0,56,4.02535169073515,0,0,1,0,0,0,1,0,0,3.0,0,0,125,4.836281906951478,0,0,0,0,0,0,0,0,0,1,0,0,0,0,0,0,19.38109699375500
2752.20,7.920155870831182,0,3.0,63,4.143134726391533,0,0,0,0,1,0,1,0,0,4.0,0,0,0,0,1,0,0,0,0,0,0,0,0,0,0,0,0,0,1,0,-12.14065324191818
3429.87,8.140277638567094,0,1.0,24,3.1780538303479458,0,0,0,0,1,1,0,0,0,1.0,0,0,0,0,1,0,0,0,0,0,0,0,0,0,0,0,0,0,1,0,-12.14065324191818
1735.29,7.458929825387524,0,3.0,68,4.219507705176107,1,0,0,0,0,0,1,0,0,7.0,0,1,55,4.02535169073515,2,1,0,0,0,0,0,0,0,0,0,0,0,0,1,0,-12.14065324191818
3295.99,8.100461857044177,0,1.0,32,3.4657359027997265,0,0,0,0,1,0,1,0,0,2.0,0,0,0,0,1,0,0,0,0,0,0,0,0,0,0,0,0,0,1,0,-12.14065324191818
3440.72,8.14343603079235,0,3.0,71,4.2626798770413155,0,0,0,0,1,0,0,1,0,8.0,0,0,0,0,1,0,0,0,0,0,0,0,0,0,0,0,0,0,1,0,-12.14065324191818
1791.04,7.4905517357029945,0,2.0,67,4.204692619390966,0,1,0,0,0,0,1,0,0,4.0,0,0,125,4.836281906951478,0,0,0,0,0,0,0,0,0,0,0,0,0,0,1,0,-12.14065324191818
2610.64,7.867350680985472,0,2.0,47,3.8501476017100584,0,0,0,1,0,0,0,0,1,2.8,0,0,4.47,1.6992786164338898,0,0,0,0,0,0,0,0,0,0,0,0,0,0,1,0,-12.14065324191818
2746.48,7.918075370760895,0,3.0,64,4.1588830833596715,0,0,0,0,1,0,1,0,0,3.0,0,0,0,0,1,0,0,0,0,0,0,0,0,0,0,0,0,0,1,0,-12.14065324191818
1735.29,7.458929825387524,0,2.0,68,4.219507705176107,1,0,0,0,0,0,1,0,0,8.0,0,0,50,3.9318256327243257,2,1,0,0,0,0,0,0,0,0,0,0,0,0,1,0,-12.14065324191818
2173.91,7.6842826684801535,0,2.0,69,4.23410650459726,0,0,1,0,0,0,1,0,0,6.0,0,0,55,4.02535169073515,2,1,0,0,0,0,0,0,0,0,0,0,0,0,1,0,-12.14065324191818
2013.89,7.607823454110642,0,3.0,72,4.276666119016055,0,1,0,0,0,0,0,0,1,2.8,0,0,44.74,3.822973188594635,0,0,0,0,0,0,0,0,0,0,0,0,0,0,1,0,-12.14065324191818
3267.11,8.091661081067917,0,2.0,48,3.871201010907891,0,0,0,0,1,1,0,0,0,1.0,0,0,0,0,1,0,0,0,0,0,0,0,0,0,0,0,0,0,1,0,-12.14065324191818
1925.93,7.563164246941613,0,2.0,68,4.219507705176107,0,0,1,0,0,0,1,0,0,3.0,0,1,0,0,0,0,0,0,0,0,0,0,0,0,0,0,0,0,1,0,-12.14065324191818
2677.02,7.892459514542127,0,4.0,86,4.454347296253507,0,0,0,0,1,0,0,1,0,8.0,0,0,0,0,1,0,0,0,0,0,0,0,0,0,0,0,0,0,1,0,-12.14065324191818
1387.46,7.235230016376202,0,3.0,97,4.574710978503383,0,1,0,0,0,0,1,0,0,2.0,0,0,65,4.189654742026425,0,1,0,0,0,0,0,0,0,0,0,0,0,0,1,0,-12.14065324191818
2812.66,7.941885933783453,0,4.0,102,4.624972813284271,0,0,0,0,1,0,1,0,0,7.0,0,0,0,0,1,0,0,0,0,0,0,0,0,0,0,0,0,0,1,0,-12.14065324191818
2908.31,7.975327435447698,0,2.0,48,3.871201010907891,0,0,0,0,1,0,1,0,0,3.0,0,0,0,0,1,0,0,0,0,0,0,0,0,0,0,0,0,0,1,0,-12.14065324191818
2964.40,7.994429930077204,0,3.0,69,4.23410650459726,0,0,0,0,1,0,0,1,0,8.0,0,0,0,0,1,0,0,0,0,0,0,0,0,0,0,0,0,0,1,0,-12.14065324191818
3348.21,8.116181153656633,0,1.0,56,4.02535169073515,0,0,1,0,0,0,1,0,0,2.0,0,0,6,1.9459101490553132,0,0,0,0,0,0,0,0,0,0,0,0,0,0,0,1,25.62966035391429
3428.57,8.139898543608016,0,2.0,35,3.5553480614894135,0,0,0,1,0,0,1,0,0,2.0,0,0,5,1.791759469228055,1,0,0,0,0,0,0,0,0,0,0,0,0,0,0,1,25.62966035391429
3166.67,8.060435841551547,0,1.0,30,3.4011973816621555,0,0,0,1,0,0,0,0,1,2.8,0,0,4.47,1.6992786164338898,0,0,0,0,0,0,0,0,0,0,0,0,0,0,0,1,25.62966035391429
4000.00,8.294049640102028,0,2.0,60,4.0943445622221,0,0,0,1,0,0,1,0,0,2.0,0,0,5,1.791759469228055,1,0,0,0,1,0,0,0,0,0,0,0,0,0,0,1,25.62966035391429
4024.39,8.300128625572347,0,3.0,82,4.406719247264253,0,0,0,1,0,0,0,1,0,3.0,0,0,5,1.791759469228055,1,0,0,0,0,0,0,0,0,0,0,0,0,0,0,1,25.62966035391429
3207.29,8.073181622795383,0,2.0,59,4.07753744390572,1,0,0,0,0,0,0,0,1,2.8,0,0,45.01,3.8288587641673772,0,0,0,0,0,0,0,0,0,0,0,0,0,0,0,1,25.62966035391429
3461.54,8.149468855735266,0,1.0,39,3.6635616461296463,0,0,0,1,0,1,0,0,0,1.0,0,0,5,1.791759469228055,1,1,0,1,1,0,0,0,0,0,0,0,0,0,0,1,25.62966035391429
4068.97,8.311145175155636,1,2.5,29,3.367295829986474,0,0,0,1,0,0,1,0,0,2.0,0,0,5,1.791759469228055,1,0,0,1,0,0,0,0,0,0,0,0,0,0,0,1,25.62966035391429
1630.38,7.39656839546486,1,2.5,79,4.3694478524670215,0,0,1,0,0,1,0,0,0,1.0,0,0,4,1.6094379124341003,2,0,0,0,0,0,0,0,1,0,0,0,0,0,0,0,-43.27340235055714
1652.17,7.409844854355516,1,2.5,46,3.828641396489095,0,0,1,0,0,1,0,0,0,1.0,0,1,4,1.6094379124341003,2,0,0,0,0,0,0,0,1,0,0,0,0,0,0,0,-43.27340235055714
1664.91,7.417526346899517,0,2.0,57,4.04305126783455,0,0,1,0,0,1,0,0,0,1.0,0,0,42.02,3.761665123839584,0,0,0,0,0,0,0,0,1,0,0,0,0,0,0,0,-43.27340235055714
3370.99,8.122961748750871,0,2.0,61,4.110873864173311,0,0,0,1,0,0,1,0,0,7.0,0,1,2,1.0986122886681098,1,0,1,0,1,0,1,0,0,0,0,0,0,0,0,0,39.03450642846667
4279.23,8.361528365848663,0,4.0,104,4.6443908991413725,0,0,0,1,0,0,0,1,0,8.0,0,0,0,0,1,0,0,0,0,0,1,0,0,0,0,0,0,0,0,0,39.03450642846667
2544.78,7.841799481240266,0,2.0,67,4.204692619390966,0,0,1,0,0,0,1,0,0,6.0,0,1,42.02,3.761665123839584,0,0,1,0,1,0,1,0,0,0,0,0,0,0,0,0,39.03450642846667
2863.64,7.959848821855817,0,4.0,110,4.700480365792417,0,0,0,1,0,0,1,0,0,3.0,0,0,16,2.833213344056216,0,0,0,0,0,0,1,0,0,0,0,0,0,0,0,0,39.03450642846667
2863.64,7.959848821855817,0,4.0,110,4.700480365792417,0,0,0,1,0,0,1,0,0,2.0,0,1,4.47,1.6992786164338898,0,0,0,0,0,0,1,0,0,0,0,0,0,0,0,0,39.03450642846667
2549.28,7.843566245342199,0,2.0,69,4.23410650459726,0,0,1,0,0,0,1,0,0,6.0,0,0,30,3.4339872044851463,0,0,0,0,0,0,1,0,0,0,0,0,0,0,0,0,39.03450642846667
3364.23,8.12095438974257,0,2.0,62,4.127134385045092,0,0,0,1,0,0,1,0,0,3.0,0,1,0,0,1,0,0,0,0,0,1,0,0,0,0,0,0,0,0,0,39.03450642846667
4677.27,8.450469885373277,0,0.0,22,3.091042453358316,0,1,0,0,0,1,0,0,0,1.0,0,1,41,3.7376696182833684,0,0,0,0,0,0,1,0,0,0,0,0,0,0,0,0,39.03450642846667
3127.91,8.048120328872752,0,3.0,86,4.454347296253507,1,0,0,0,0,0,1,0,0,3.0,0,0,16,2.833213344056216,0,0,0,0,0,0,1,0,0,0,0,0,0,0,0,0,39.03450642846667
2325.30,7.751604341955575,0,4.0,83,4.418840607796598,1,0,0,0,0,0,0,0,1,2.8,0,0,0,0,0,0,1,0,1,0,1,0,0,0,0,0,0,0,0,0,39.03450642846667
2883.48,7.9667531770161535,0,3.0,88,4.477336814478207,0,0,0,1,0,0,1,0,0,3.0,0,1,0,0,1,0,0,0,0,0,1,0,0,0,0,0,0,0,0,0,39.03450642846667
3514.10,8.16453872594031,0,2.0,60,4.0943445622221,0,0,0,1,0,0,1,0,0,2.0,0,0,1,0.6931471805599453,1,0,0,0,0,0,1,0,0,0,0,0,0,0,0,0,39.03450642846667
2249.43,7.718432129770823,0,4.0,87,4.465908118654584,0,1,0,0,0,0,0,0,1,2.8,0,0,44.74,3.822973188594635,0,0,0,0,0,0,1,0,0,0,0,0,0,0,0,0,39.03450642846667
2607.25,7.8660513050013225,0,3.0,69,4.23410650459726,0,1,0,0,0,1,0,0,1,2.8,0,0,44.74,3.822973188594635,2,0,0,0,0,0,1,0,0,0,0,0,0,0,0,0,39.03450642846667
4376.78,8.384068573190648,0,2.0,49,3.8918202981106265,0,0,0,1,0,0,1,0,0,3.0,0,1,0,0,1,0,0,0,0,0,1,0,0,0,0,0,0,0,0,0,39.03450642846667
3076.09,8.031414588975139,0,3.0,92,4.5217885770490405,0,0,0,1,0,0,0,0,1,2.8,0,0,4.47,1.6992786164338898,0,0,0,0,0,0,1,0,0,0,0,0,0,0,0,0,39.03450642846667
2709.26,7.904430813854704,0,4.0,102,4.624972813284271,0,0,1,0,0,0,0,0,1,2.8,0,0,42.02,3.761665123839584,0,0,0,0,0,0,1,0,0,0,0,0,0,0,0,0,39.03450642846667
2071.95,7.636245471814078,0,3.0,82,4.406719247264253,1,0,0,0,0,0,1,0,0,3.0,0,1,45,3.828641396489095,0,0,0,0,0,0,1,0,0,0,0,0,0,0,0,0,39.03450642846667
2549.28,7.843566245342199,0,3.0,69,4.23410650459726,0,0,1,0,0,0,1,0,0,6.0,0,0,30,3.4339872044851463,0,0,0,0,0,0,1,0,0,0,0,0,0,0,0,0,39.03450642846667
5475.96,8.608122881779762,0,0.0,21,3.044522437723423,0,0,1,0,0,0,0,0,1,2.8,0,0,42.02,3.761665123839584,0,0,0,0,0,0,1,0,0,0,0,0,0,0,0,0,39.03450642846667
3210.29,8.074116554722535,0,3.0,88,4.477336814478207,0,0,0,1,0,1,0,0,0,1.0,0,0,2,1.0986122886681098,1,1,1,1,1,0,1,0,0,0,0,0,0,0,0,0,39.03450642846667
2846.15,7.953722482812561,0,2.0,65,4.174387269895637,0,0,1,0,0,0,0,0,1,2.8,0,0,42.02,3.761665123839584,0,0,0,0,0,0,1,0,0,0,0,0,0,0,0,0,39.03450642846667
2620.52,7.871128050344369,0,2.0,58,4.060443010546419,0,1,0,0,0,0,0,0,1,2.8,0,0,45,3.828641396489095,0,0,0,0,0,0,1,0,0,0,0,0,0,0,0,0,39.03450642846667
5428.57,8.59943102649528,0,0.0,21,3.044522437723423,0,0,1,0,0,0,1,0,0,4.0,0,0,0,0,0,0,0,0,0,0,1,0,0,0,0,0,0,0,0,0,39.03450642846667
2720.78,7.908673882886786,0,4.0,128,4.852030263919617,0,0,0,1,0,0,1,0,0,4.0,0,1,0,0,1,1,1,1,1,0,1,0,0,0,0,0,0,0,0,0,39.03450642846667
2301.32,7.7412381503356125,0,3.0,76,4.330733340286331,0,1,0,0,0,0,1,0,0,3.0,0,0,45,3.828641396489095,0,1,1,1,1,0,1,0,0,0,0,0,0,0,0,0,39.03450642846667
4720.00,8.459564078579602,0,0.0,25,3.2188758248682006,0,0,0,1,0,0,1,0,0,3.0,0,1,16,2.833213344056216,0,0,0,0,0,0,1,0,0,0,0,0,0,0,0,0,39.03450642846667
3507.46,8.16264740777759,0,3.0,67,4.204692619390966,0,0,1,0,0,0,1,0,0,7.0,0,1,43,3.784189633918261,0,0,0,0,0,0,1,0,0,0,0,0,0,0,0,0,39.03450642846667
3472.83,8.152725102510615,0,3.0,92,4.5217885770490405,0,0,0,1,0,0,0,0,1,2.8,0,0,4.47,1.6992786164338898,0,0,0,0,0,0,1,0,0,0,0,0,0,0,0,0,39.03450642846667
3233.98,8.081468855826031,0,1.0,47,3.8501476017100584,0,0,0,1,0,0,1,0,0,3.0,0,0,1,0.6931471805599453,1,0,0,0,0,0,1,0,0,0,0,0,0,0,0,0,39.03450642846667
2388.89,7.778584101895706,0,4.0,90,4.499809670330265,0,0,1,0,0,0,1,0,0,4.0,0,0,30,3.4339872044851463,3,0,0,0,0,0,1,0,0,0,0,0,0,0,0,0,39.03450642846667
2951.36,7.990021360047354,0,3.0,88,4.477336814478207,0,0,0,1,0,0,1,0,0,3.0,0,0,0,0,1,1,1,1,1,0,1,0,0,0,0,0,0,0,0,0,39.03450642846667
2975.00,7.99799931797973,0,1.0,40,3.6888794541139363,1,0,0,0,0,0,1,0,0,3.0,0,1,37,3.6375861597263857,0,0,1,1,0,0,1,0,0,0,0,0,0,0,0,0,39.03450642846667
3357.08,8.118826827497397,0,3.0,79,4.3694478524670215,0,0,0,1,0,0,1,0,0,3.0,0,0,1,0.6931471805599453,1,0,0,0,0,0,1,0,0,0,0,0,0,0,0,0,39.03450642846667
3041.67,8.020161985672393,0,3.0,72,4.276666119016055,0,0,1,0,0,0,0,0,1,2.8,0,0,42.02,3.761665123839584,0,0,0,0,0,0,1,0,0,0,0,0,0,0,0,0,39.03450642846667
2761.59,7.923561879793329,0,4.0,151,5.017279836814924,0,0,0,1,0,0,1,0,0,9.0,1,0,15,2.772588722239781,0,0,0,0,0,0,1,0,0,0,0,0,0,0,0,0,39.03450642846667
3621.21,8.194563503112992,0,3.0,66,4.189654742026425,0,0,0,1,0,1,0,0,0,1.0,0,0,16,2.833213344056216,0,0,0,0,0,0,1,0,0,0,0,0,0,0,0,0,39.03450642846667
2498.33,7.823377787644883,0,3.0,60,4.0943445622221,1,0,0,0,0,0,1,0,0,3.0,0,1,45,3.828641396489095,0,0,0,0,0,0,1,0,0,0,0,0,0,0,0,0,39.03450642846667
2549.28,7.843566245342199,0,3.0,69,4.23410650459726,0,0,1,0,0,0,1,0,0,6.0,0,1,20,3.044522437723423,1,0,0,0,0,0,1,0,0,0,0,0,0,0,0,0,39.03450642846667
3631.29,8.197343236030084,0,3.0,74,4.30406509320417,0,0,0,1,0,0,1,0,0,4.0,0,0,0,0,1,1,1,1,1,0,1,0,0,0,0,0,0,0,0,0,39.03450642846667
2500.00,7.824046010856292,0,4.0,83,4.418840607796598,0,0,1,0,0,0,1,0,0,7.0,0,1,49,3.912023005428146,2,1,1,1,1,0,1,0,0,0,0,0,0,0,0,0,39.03450642846667
2872.24,7.962847492136326,0,3.0,88,4.477336814478207,0,0,0,1,0,0,1,0,0,2.0,0,1,0,0,1,1,1,1,1,0,1,0,0,0,0,0,0,0,0,0,39.03450642846667
4056.31,8.308028972330673,0,2.0,52,3.9512437185814275,0,0,0,1,0,0,1,0,0,4.0,0,1,0,0,1,0,0,0,0,0,1,0,0,0,0,0,0,0,0,0,39.03450642846667
2430.89,7.796012724423584,0,4.0,123,4.812184355372417,0,0,1,0,0,0,1,0,0,4.0,0,1,42.02,3.761665123839584,0,0,0,0,0,0,1,0,0,0,0,0,0,0,0,0,39.03450642846667
3418.15,8.136854748025653,0,2.0,62,4.127134385045092,0,0,0,1,0,0,1,0,0,5.0,0,1,0,0,1,0,0,0,0,0,1,0,0,0,0,0,0,0,0,0,39.03450642846667
3143.08,8.052958489862117,0,4.0,103,4.634728988229636,0,0,0,1,0,0,1,0,0,3.0,0,1,1,0.6931471805599453,1,0,0,0,0,0,1,0,0,0,0,0,0,0,0,0,39.03450642846667
2928.24,7.982156838935189,0,3.0,85,4.442651256490317,0,0,0,1,0,0,1,0,0,3.0,0,1,0,0,1,1,1,1,1,0,1,0,0,0,0,0,0,0,0,0,39.03450642846667
3336.92,8.112803504834995,0,2.0,65,4.174387269895637,0,0,0,1,0,0,1,0,0,4.0,0,1,0,0,1,0,0,0,0,0,1,0,0,0,0,0,0,0,0,0,39.03450642846667
3229.73,8.080153821391482,0,2.0,74,4.30406509320417,0,0,0,1,0,0,0,1,0,6.0,0,0,16,2.833213344056216,0,0,0,0,0,0,1,0,0,0,0,0,0,0,0,0,39.03450642846667
3785.71,8.238988730842888,0,2.0,42,3.7376696182833684,0,0,1,0,0,0,1,0,0,5.0,0,1,38,3.6635616461296463,0,0,0,0,0,0,1,0,0,0,0,0,0,0,0,0,39.03450642846667
3731.67,8.224611133620265,0,2.0,60,4.0943445622221,0,0,0,1,0,0,1,0,0,6.0,0,1,1,0.6931471805599453,1,0,0,0,0,0,1,0,0,0,0,0,0,0,0,0,39.03450642846667
3555.74,8.176318478100184,0,2.0,61,4.110873864173311,0,0,0,1,0,0,1,0,0,6.0,0,1,0,0,1,0,0,0,0,0,1,0,0,0,0,0,0,0,0,0,39.03450642846667
3722.19,8.22206748372305,0,1.0,36,3.58351893845611,0,1,0,0,0,0,1,0,0,9.0,1,1,50,3.9318256327243257,2,0,1,1,0,0,1,0,0,0,0,0,0,0,0,0,39.03450642846667
2887.10,7.968007817095612,0,2.0,62,4.127134385045092,0,1,0,0,0,0,1,0,0,6.0,0,0,50,3.9318256327243257,2,0,0,0,0,0,1,0,0,0,0,0,0,0,0,0,39.03450642846667
2946.01,7.988206991449944,0,3.0,89,4.48863636973214,0,0,0,1,0,0,1,0,0,4.0,0,1,0,0,1,1,1,1,1,0,1,0,0,0,0,0,0,0,0,0,39.03450642846667
2769.88,7.926559276943351,0,3.0,83,4.418840607796598,0,0,1,0,0,0,1,0,0,6.0,0,0,53,3.9889840465642745,0,0,0,0,0,0,1,0,0,0,0,0,0,0,0,0,39.03450642846667
2357.14,7.765204298711412,0,4.0,84,4.430816798843313,0,0,1,0,0,0,1,0,0,4.0,0,1,52,3.970291913552122,0,1,0,0,0,0,0,0,0,1,0,0,0,0,0,0,55.81583932468824
3472.22,8.152549437828123,0,1.0,42,3.7376696182833684,0,0,0,1,0,0,1,0,0,6.0,0,1,6,1.9459101490553132,1,0,0,0,0,0,0,0,0,1,0,0,0,0,0,0,55.81583932468824
1905.34,7.552415749325842,0,4.0,82,4.406719247264253,0,0,1,0,0,1,0,0,0,1.0,0,0,47,3.871201010907891,0,0,0,1,0,0,0,0,0,1,0,0,0,0,0,0,55.81583932468824
2068.97,7.6348061778820835,0,2.0,58,4.060443010546419,0,1,0,0,0,0,1,0,0,3.0,0,1,44.74,3.822973188594635,0,1,0,1,0,0,0,0,0,1,0,0,0,0,0,0,55.81583932468824
1922.22,7.5612360470796185,0,3.0,90,4.499809670330265,0,0,1,0,0,0,1,0,0,3.0,0,0,50,3.9318256327243257,3,0,0,0,0,0,0,0,0,1,0,0,0,0,0,0,55.81583932468824
3131.58,8.049292948501678,0,0.0,38,3.6375861597263857,0,0,1,0,0,1,0,0,0,1.0,0,0,50,3.9318256327243257,0,0,0,0,0,0,0,0,0,1,0,0,0,0,0,0,55.81583932468824
2357.14,7.765204298711412,0,4.0,84,4.430816798843313,0,0,1,0,0,0,1,0,0,4.0,0,1,42.02,3.761665123839584,2,0,0,0,0,0,0,0,0,1,0,0,0,0,0,0,55.81583932468824
2357.14,7.765204298711412,0,4.0,84,4.430816798843313,0,0,1,0,0,0,1,0,0,4.0,0,1,42.02,3.761665123839584,2,0,0,0,0,0,0,0,0,1,0,0,0,0,0,0,55.81583932468824
2470.00,7.8119734296220225,0,2.0,50,3.912023005428146,0,0,1,0,0,0,0,1,0,7.0,0,1,47,3.871201010907891,0,1,0,0,0,0,0,0,0,1,0,0,0,0,0,0,55.81583932468824
3472.22,8.152549437828123,0,2.0,42,3.7376696182833684,0,0,0,1,0,0,1,0,0,6.0,0,1,6,1.9459101490553132,1,0,0,0,0,0,0,0,0,1,0,0,0,0,0,0,55.81583932468824
3059.88,8.026130978491198,0,1.0,38,3.6375861597263857,0,0,0,1,0,1,0,0,0,1.0,0,0,20,3.044522437723423,1,0,0,0,0,0,0,0,0,1,0,0,0,0,0,0,55.81583932468824
3155.26,8.05682618045469,0,1.0,38,3.6375861597263857,0,0,0,1,0,0,1,0,0,5.0,0,0,7,2.0794415416798357,1,0,0,0,1,0,0,0,0,1,0,0,0,0,0,0,55.81583932468824
1859.15,7.527874673008526,0,2.0,71,4.2626798770413155,0,1,0,0,0,0,1,0,0,2.0,0,1,0,0,0,0,0,0,0,0,0,0,0,1,0,0,0,0,0,0,55.81583932468824
1684.29,7.429099389002128,0,3.0,70,4.248495242049359,1,0,0,0,0,0,1,0,0,2.0,0,0,40,3.713572066704308,0,0,0,1,1,0,0,0,0,1,0,0,0,0,0,0,55.81583932468824
1922.22,7.5612360470796185,0,3.0,90,4.499809670330265,0,0,1,0,0,0,1,0,0,3.0,0,0,50,3.9318256327243257,3,0,0,0,0,0,0,0,0,1,0,0,0,0,0,0,55.81583932468824
1451.61,7.280428564265311,0,4.0,93,4.532599493153256,0,1,0,0,0,0,0,1,0,3.0,0,0,45,3.828641396489095,0,0,0,1,1,0,0,0,0,1,0,0,0,0,0,0,55.81583932468824
2244.90,7.716416255754423,0,4.0,98,4.584967478670572,0,1,0,0,0,1,0,0,0,1.0,0,0,44.74,3.822973188594635,3,0,0,0,0,0,0,0,0,1,0,0,0,0,0,0,55.81583932468824
1818.18,7.505591279737257,0,2.0,55,4.007333185232471,0,1,0,0,0,0,1,0,0,3.0,0,0,30,3.4339872044851463,3,0,0,0,0,0,0,0,0,1,0,0,0,0,0,0,55.81583932468824
2479.24,7.815707340580234,0,3.0,83,4.418840607796598,0,0,0,1,0,0,1,0,0,6.0,0,1,10,2.3978952727983707,2,0,1,0,1,0,0,0,0,1,0,0,0,0,0,0,55.81583932468824
1488.76,7.305698837691451,0,4.0,107,4.672828834461906,1,0,0,0,0,1,0,0,0,1.0,0,0,65,4.189654742026425,0,0,0,0,0,0,0,0,0,1,0,0,0,0,0,0,55.81583932468824
1687.50,7.431003422746685,0,3.0,80,4.382026634673881,0,1,0,0,0,0,1,0,0,4.0,0,1,55,4.02535169073515,2,1,0,0,0,0,0,0,0,1,0,0,0,0,0,0,55.81583932468824
3023.81,8.014272904637663,1,2.5,42,3.7376696182833684,0,0,0,1,0,1,0,0,0,1.0,0,0,3,1.3862943611198906,1,0,0,0,0,0,0,0,0,0,0,0,0,0,1,0,-7.51349586389167
3330.77,8.1109587874759,0,2.0,39,3.6635616461296463,0,0,0,1,0,0,1,0,0,3.0,0,1,4.47,1.6992786164338898,0,0,0,0,0,0,0,0,0,0,0,0,0,0,1,0,-7.51349586389167
3093.75,8.037139226317,0,1.0,32,3.4657359027997265,0,0,0,1,0,0,1,0,0,2.0,0,0,15,2.772588722239781,0,0,0,0,0,0,0,0,0,0,0,0,0,0,1,0,-7.51349586389167
3012.26,8.01044590657545,1,2.5,57,4.04305126783455,0,0,1,0,0,0,1,0,0,2.0,0,1,6,1.9459101490553132,0,0,0,0,0,0,0,0,0,0,0,0,0,0,1,0,-7.51349586389167
2564.10,7.849362818840082,1,2.5,47,3.8501476017100584,0,0,1,0,0,0,0,0,1,2.8,0,0,0,0,0,1,0,0,0,0,0,0,0,0,0,0,0,0,1,0,-7.51349586389167
3015.08,8.011381642805949,1,2.5,40,3.6888794541139363,1,0,0,0,0,0,0,0,1,2.8,0,0,0,0,0,0,1,0,1,0,0,0,0,0,0,0,0,0,1,0,-7.51349586389167
3525.42,8.16775485708487,0,1.0,30,3.4011973816621555,0,1,0,0,0,0,1,0,0,2.0,0,0,13,2.6390573296152584,0,0,0,0,0,0,0,0,0,0,0,0,0,0,1,0,-7.51349586389167
3637.50,8.199051911479748,0,2.0,40,3.6888794541139363,0,0,0,1,0,0,0,0,1,2.8,0,0,4.47,1.6992786164338898,0,0,0,0,0,0,0,0,0,0,0,0,0,0,1,0,-7.51349586389167
2962.96,7.99394404765119,0,2.0,54,3.9889840465642745,0,0,1,0,0,0,1,0,0,2.0,0,0,22,3.1354942159291497,0,0,0,0,0,0,0,0,0,0,0,0,0,0,1,0,-7.51349586389167
3490.48,8.157794541555909,1,2.5,63,4.143134726391533,0,0,0,1,0,1,0,0,1,2.8,0,0,3,1.3862943611198906,1,0,0,0,0,0,0,0,0,0,0,0,0,0,1,0,-7.51349586389167
3787.88,8.239561774817906,1,2.5,66,4.189654742026425,0,0,0,1,0,0,0,0,1,2.8,0,0,4.47,1.6992786164338898,0,0,0,0,0,0,0,0,0,0,0,0,0,0,1,0,-7.51349586389167
3648.65,8.202112515146643,1,2.5,37,3.6109179126442243,1,0,0,0,0,0,1,0,0,5.0,0,0,45.01,3.8288587641673772,0,0,0,0,0,0,0,0,0,0,0,0,0,0,1,0,-7.51349586389167
3450.13,8.146167190474909,1,2.5,37,3.6109179126442243,1,0,0,0,0,0,1,0,0,4.0,0,1,0,0,0,1,0,0,0,0,0,0,0,0,0,0,0,0,1,0,-7.51349586389167
2676.06,7.892100842521424,1,2.5,71,4.2626798770413155,0,1,0,0,0,0,1,0,0,2.0,0,1,0,0,0,0,0,0,0,0,0,0,0,0,0,0,0,0,1,0,-7.51349586389167
3093.75,8.037139226317,1,2.5,32,3.4657359027997265,0,0,0,1,0,0,1,0,0,2.0,0,0,15,2.772588722239781,0,0,0,0,0,0,0,0,0,0,0,0,0,0,1,0,-7.51349586389167
2338.24,7.757153788602853,1,2.5,68,4.219507705176107,0,1,0,0,0,0,1,0,0,3.0,0,1,18,2.9444389791664403,2,0,0,0,0,0,0,0,0,0,0,0,0,0,1,0,-7.51349586389167
3547.60,8.174026597502298,1,2.5,35,3.5553480614894135,0,0,1,0,0,0,0,0,1,2.8,0,0,42.02,3.761665123839584,0,0,0,0,0,0,0,0,0,0,0,0,0,0,1,0,-7.51349586389167
3330.77,8.1109587874759,1,2.5,39,3.6635616461296463,0,0,0,1,0,0,0,0,1,2.8,0,0,4.47,1.6992786164338898,0,0,0,0,0,0,0,0,0,0,0,0,0,0,1,0,-7.51349586389167
2338.24,7.757153788602853,0,2.0,68,4.219507705176107,0,1,0,0,0,0,1,0,0,3.0,0,1,17,2.8903717578961645,2,0,0,0,0,0,0,0,0,0,0,0,0,0,1,0,-7.51349586389167
2833.33,7.949207977339018,0,3.0,60,4.0943445622221,0,1,0,0,0,0,1,0,0,2.0,0,1,44.74,3.822973188594635,0,0,1,0,1,0,0,0,0,0,0,0,0,0,1,0,-7.51349586389167
3357.40,8.118922143888314,1,2.5,28,3.332204510175204,0,0,1,0,0,0,1,0,0,2.0,0,1,0,0,0,0,1,1,0,0,0,0,0,0,0,0,0,0,1,0,-7.51349586389167
4137.93,8.327950941777678,0,2.0,44,3.784189633918261,0,0,0,1,0,1,0,0,0,1.0,0,0,3,1.3862943611198906,0,0,0,0,0,0,0,0,0,0,0,0,0,0,1,0,-7.51349586389167
3281.21,8.09596753578944,0,2.0,57,4.04305126783455,0,0,0,0,1,0,1,0,1,2.8,0,0,0,0,0,0,0,0,0,0,1,0,0,0,0,0,0,0,0,0,5.43141680294615
3200.00,8.070906088787819,0,2.0,50,3.912023005428146,0,1,0,0,0,0,1,0,1,2.8,0,0,30,3.4339872044851463,0,0,0,0,0,0,1,0,0,0,0,0,0,0,0,0,5.43141680294615
3536.51,8.170895644126508,0,4.0,85,4.442651256490317,0,0,0,0,1,0,0,0,1,2.8,0,0,0,0,0,0,0,0,0,0,1,0,0,0,0,0,0,0,0,0,5.43141680294615
2430.56,7.795876962459353,0,3.0,72,4.276666119016055,0,1,0,0,0,0,0,1,0,8.0,0,0,26,3.295836866004329,0,0,0,1,1,0,1,0,0,0,0,0,0,0,0,0,5.43141680294615
2448.28,7.803141016176395,0,5.0,145,4.976733742420574,0,1,0,0,0,0,0,1,0,8.0,0,0,26,3.295836866004329,0,0,0,1,1,0,1,0,0,0,0,0,0,0,0,0,5.43141680294615
3373.47,8.123697167186675,0,2.0,55,4.007333185232471,0,0,0,1,0,1,0,0,0,1.0,0,1,0,0,1,0,0,0,0,0,1,0,0,0,0,0,0,0,0,0,5.43141680294615
3460.82,8.149260834192729,0,3.0,75,4.31748811353631,0,0,0,1,0,0,1,0,0,3.0,0,1,0,0,1,0,0,0,1,0,1,0,0,0,0,0,0,0,0,0,5.43141680294615
1929.03,7.56477256488433,0,3.0,155,5.043425116919247,0,1,0,0,0,1,0,0,1,2.8,0,0,17,2.8903717578961645,0,0,0,0,0,0,1,0,0,0,0,0,0,0,0,0,5.43141680294615
2527.78,7.8350967261633695,0,3.0,72,4.276666119016055,0,1,0,0,0,0,0,1,0,8.0,0,0,26,3.295836866004329,0,0,0,1,1,0,1,0,0,0,0,0,0,0,0,0,5.43141680294615
3049.00,8.022568946988255,0,4.0,102,4.624972813284271,0,0,0,1,0,1,0,0,0,2.0,0,1,0,0,1,0,0,0,1,0,1,0,0,0,0,0,0,0,0,0,5.43141680294615
2687.82,7.896485735115118,0,3.0,118,4.770684624465665,0,0,0,1,0,0,0,1,0,5.0,0,1,0,0,1,0,1,1,0,0,1,0,0,0,0,0,0,0,0,0,5.43141680294615
3110.78,8.04262877758577,0,3.0,86,4.454347296253507,0,0,0,1,0,0,1,0,0,2.0,0,1,0,0,1,0,1,1,0,0,1,0,0,0,0,0,0,0,0,0,5.43141680294615
1846.63,7.521117635280427,0,4.0,172,5.147494476813453,0,0,0,0,1,0,1,0,1,2.8,0,0,0,0,0,0,0,0,0,0,1,0,0,0,0,0,0,0,0,0,5.43141680294615
2403.85,7.7848268977017305,0,3.0,138,4.927253685157205,0,0,0,1,0,0,0,1,0,5.0,0,1,0,0,1,1,0,0,1,0,1,0,0,0,0,0,0,0,0,0,5.43141680294615
2741.77,7.916358976224819,0,3.0,62,4.127134385045092,0,0,1,0,0,0,1,0,0,4.0,0,0,20,3.044522437723423,0,1,0,0,1,0,1,0,0,0,0,0,0,0,0,0,5.43141680294615
2028.61,7.6151061084377805,0,3.0,143,4.962844630259907,0,0,0,0,1,0,1,0,1,2.8,0,0,0,0,0,0,0,0,0,0,1,0,0,0,0,0,0,0,0,0,5.43141680294615
3183.63,8.065777334181679,0,2.0,63,4.143134726391533,0,0,0,1,0,1,0,0,0,2.0,0,1,0,0,1,0,0,0,0,0,1,0,0,0,0,0,0,0,0,0,5.43141680294615
2741.77,7.916358976224819,0,2.0,62,4.127134385045092,0,0,1,0,0,0,1,0,0,4.0,0,0,20,3.044522437723423,0,0,0,0,0,0,1,0,0,0,0,0,0,0,0,0,5.43141680294615
3599.80,8.188633567345379,0,2.0,50,3.912023005428146,0,0,0,1,0,0,0,1,0,4.0,0,0,7,2.0794415416798357,1,0,0,0,0,0,1,0,0,0,0,0,0,0,0,0,5.43141680294615
3652.78,8.20324380050868,0,2.0,47,3.8501476017100584,0,0,0,1,0,0,1,0,0,2.0,0,1,0,0,1,0,0,1,0,0,1,0,0,0,0,0,0,0,0,0,5.43141680294615
3722.89,8.222255527371223,0,1.0,39,3.6635616461296463,0,0,0,1,0,0,1,0,0,2.0,0,1,0,0,1,1,0,0,0,0,1,0,0,0,0,0,0,0,0,0,5.43141680294615
3119.67,8.0454825059788,0,3.0,83,4.418840607796598,0,0,0,1,0,0,1,0,0,2.0,0,1,0,0,1,1,0,1,0,0,1,0,0,0,0,0,0,0,0,0,5.43141680294615
2932.00,7.983440063006542,0,3.0,75,4.31748811353631,0,0,0,1,0,0,1,0,0,5.0,0,0,12,2.5649493574615367,2,0,0,0,0,0,1,0,0,0,0,0,0,0,0,0,5.43141680294615
2924.49,7.980875385489305,0,2.0,49,3.8918202981106265,0,1,0,0,0,0,1,0,1,2.8,0,0,44.74,3.822973188594635,0,0,0,0,0,0,1,0,0,0,0,0,0,0,0,0,5.43141680294615
3599.98,8.188683568873214,0,2.0,50,3.912023005428146,0,0,0,1,0,0,0,1,0,4.0,0,1,7,2.0794415416798357,1,0,0,0,0,0,1,0,0,0,0,0,0,0,0,0,5.43141680294615
3611.20,8.191795406063271,0,1.0,39,3.6635616461296463,0,0,0,0,1,0,1,0,1,2.8,0,0,0,0,0,0,0,0,0,0,1,0,0,0,0,0,0,0,0,0,5.43141680294615
2557.25,7.846687741337116,0,4.0,131,4.875197323201151,0,0,0,1,0,0,0,1,1,2.8,0,0,14,2.70805020110221,0,0,0,0,0,0,1,0,0,0,0,0,0,0,0,0,5.43141680294615
3931.19,8.276697458011135,0,1.0,36,3.58351893845611,0,0,0,0,1,0,0,0,1,2.8,0,0,0,0,1,0,0,0,0,0,1,0,0,0,0,0,0,0,0,0,5.43141680294615
3344.87,8.11518310783102,0,3.0,75,4.31748811353631,0,0,0,0,1,0,0,0,1,2.8,0,0,0,0,0,0,0,0,0,0,1,0,0,0,0,0,0,0,0,0,5.43141680294615
3547.72,8.174060422615192,0,2.0,47,3.8501476017100584,0,0,0,0,1,0,0,0,1,2.8,0,0,0,0,0,0,0,0,0,0,1,0,0,0,0,0,0,0,0,0,5.43141680294615
2932.00,7.983440063006542,0,3.0,75,4.31748811353631,0,0,0,1,0,0,1,0,0,4.0,0,0,12,2.5649493574615367,2,0,0,0,0,0,1,0,0,0,0,0,0,0,0,0,5.43141680294615
2576.57,7.8542143360388454,0,2.0,62,4.127134385045092,0,1,0,0,0,0,1,0,0,2.0,0,1,44.74,3.822973188594635,0,0,0,0,0,0,1,0,0,0,0,0,0,0,0,0,5.43141680294615
2263.80,7.72480009619832,0,4.0,163,5.093750200806762,0,0,0,1,0,0,0,1,0,4.0,0,0,17,2.8903717578961645,0,0,0,0,0,0,1,0,0,0,0,0,0,0,0,0,5.43141680294615
2235.85,7.71237674794604,0,2.0,53,3.970291913552122,0,1,0,0,0,0,0,1,0,4.0,0,0,57,4.060443010546419,2,0,0,0,0,0,0,1,0,0,0,0,0,0,0,0,-6.43120105925000
2398.11,7.782436206095025,0,2.0,53,3.970291913552122,0,0,1,0,0,1,0,0,0,1.0,0,0,42.02,3.761665123839584,0,0,1,1,0,0,0,1,0,0,0,0,0,0,0,0,-6.43120105925000
2343.59,7.759439220721779,0,2.0,64,4.1588830833596715,0,0,1,0,0,0,0,0,1,2.8,0,0,42.02,3.761665123839584,0,0,0,0,0,1,0,0,0,0,0,0,0,0,0,0,8.56440930826000
1903.57,7.551486349509407,0,4.0,84,4.430816798843313,0,1,0,0,0,0,1,0,0,4.0,0,0,50,3.9318256327243257,2,0,0,0,0,1,0,0,0,0,0,0,0,0,0,0,8.56440930826000
3082.22,8.03340539555181,0,2.0,45,3.8066624897703196,0,0,0,1,0,0,1,0,0,4.0,0,0,4.47,1.6992786164338898,0,0,0,0,0,1,0,0,0,0,0,0,0,0,0,0,8.56440930826000
2616.18,7.869470517549423,0,2.5,107,4.672828834461906,0,0,0,1,0,1,0,0,0,1.0,0,0,1,0.6931471805599453,0,0,0,0,0,0,0,0,0,0,0,0,0,0,0,1,17.23179954880000
3527.51,8.168347518591839,0,3.0,62,4.127134385045092,0,0,0,1,0,1,0,0,1,2.8,0,0,1,0.6931471805599453,0,0,0,0,0,0,0,0,0,0,0,0,0,0,0,1,17.23179954880000
2895.29,7.970840557701716,0,4.0,76,4.330733340286331,0,0,0,1,0,1,0,0,1,2.8,0,0,1,0.6931471805599453,0,0,0,0,0,0,0,0,0,0,0,0,0,0,0,1,17.23179954880000
2454.41,7.805641685480152,0,3.0,68,4.219507705176107,0,0,0,1,0,0,0,0,1,2.8,0,0,0,0,0,0,0,0,0,0,0,0,0,0,0,0,0,0,0,1,17.23179954880000
3968.25,8.286080470452351,0,2.0,38,3.6375861597263857,0,0,0,1,0,1,0,0,1,2.8,0,0,1,0.6931471805599453,0,0,0,0,0,0,0,0,0,0,0,0,0,0,0,1,17.23179954880000
3303.80,8.10282860012104,1,2.5,79,4.3694478524670215,0,0,0,1,0,0,0,0,1,2.8,0,0,4.47,1.6992786164338898,0,0,0,0,0,0,0,0,0,0,0,0,0,0,0,1,36.87411693513750
4398.03,8.388911992373842,1,2.5,41,3.713572066704308,1,0,0,0,0,0,0,0,1,2.8,0,0,0,0,0,0,0,0,0,0,0,0,0,0,0,0,0,0,0,1,36.87411693513750
3996.00,8.293049139768444,1,2.5,25,3.2188758248682006,0,0,0,1,0,0,0,1,0,2.0,0,0,9,2.302585092994046,0,0,0,0,0,0,0,0,0,0,0,0,0,0,0,1,36.87411693513750
4491.53,8.409948679930045,0,2.0,59,4.07753744390572,0,0,0,1,0,0,1,0,0,2.0,0,0,125,4.836281906951478,0,0,0,0,0,0,0,0,0,0,0,0,0,0,0,1,36.87411693513750
3334.75,8.112152993021153,0,4.0,118,4.770684624465665,0,0,1,0,0,0,0,1,0,3.0,0,0,1,0.6931471805599453,1,0,1,0,1,0,0,0,0,0,0,0,0,0,0,1,36.87411693513750
3444.44,8.144516615807651,0,2.0,63,4.143134726391533,0,0,0,1,0,0,0,1,0,2.0,0,0,1,0.6931471805599453,2,0,0,0,0,0,0,0,0,0,0,0,0,0,0,1,36.87411693513750
4853.33,8.487420346269145,0,2.0,38,3.6375861597263857,0,0,0,1,0,0,1,0,0,2.0,0,1,14,2.70805020110221,0,0,0,0,0,0,0,0,0,0,0,0,0,0,0,1,36.87411693513750
5325.58,8.580276904834045,1,2.5,43,3.7612001156935624,0,0,0,1,0,0,0,1,0,2.0,0,0,4.47,1.6992786164338898,1,0,0,0,0,0,0,0,0,0,0,0,0,0,0,1,36.87411693513750
3157.89,8.057659362036672,0,4.0,67,4.204692619390966,0,0,0,1,0,1,0,0,0,1.0,0,0,2,1.0986122886681098,0,0,0,0,0,0,0,0,0,0,0,0,0,0,0,1,36.87411693513750
5192.31,8.55493396384343,1,2.5,26,3.258096538021482,0,0,0,1,0,1,0,0,0,1.0,0,0,3,1.3862943611198906,1,0,0,0,0,0,0,0,0,0,0,0,0,0,0,1,36.87411693513750
4764.18,8.468880713136732,1,2.5,42,3.7376696182833684,0,0,0,1,0,0,0,1,0,3.0,0,0,4.47,1.6992786164338898,1,0,0,0,0,0,0,0,0,0,0,0,0,0,0,1,36.87411693513750
4756.76,8.467322043194013,1,2.5,37,3.6109179126442243,0,0,0,1,0,0,0,1,0,3.0,0,1,4.47,1.6992786164338898,7,0,0,0,0,0,0,0,0,0,0,0,0,0,0,1,36.87411693513750
3410.96,8.134749055583542,0,2.0,73,4.290459441148391,0,0,1,0,0,0,0,1,0,2.0,0,0,10,2.3978952727983707,0,0,0,0,0,0,0,0,0,0,0,0,0,0,0,1,36.87411693513750
5078.43,8.532757437687042,0,2.0,51,3.9318256327243257,0,0,1,0,0,0,0,1,0,2.0,0,0,10,2.3978952727983707,0,0,0,0,0,0,0,0,0,0,0,0,0,0,0,1,36.87411693513750
4189.19,8.340262676805528,1,2.5,37,3.6109179126442243,0,0,0,1,0,1,0,0,0,0.0,0,0,4,1.6094379124341003,1,1,0,1,0,0,0,0,0,0,0,0,0,0,0,1,36.87411693513750
4018.87,8.298756047571231,0,2.0,53,3.970291913552122,0,0,0,1,0,0,0,1,1,2.8,0,0,2,1.0986122886681098,1,1,0,0,1,0,0,0,0,0,0,0,0,0,0,1,36.87411693513750
4101.69,8.319154362885278,0,4.0,118,4.770684624465665,0,0,1,0,0,0,0,1,0,2.0,0,0,5,1.791759469228055,0,0,0,0,0,0,0,0,0,0,0,0,0,0,0,1,36.87411693513750
6527.78,8.78382219509566,0,3.0,72,4.276666119016055,0,0,0,1,0,0,1,0,0,4.0,0,1,2,1.0986122886681098,1,0,0,0,0,0,0,0,0,0,0,0,0,0,0,1,36.87411693513750
4540.91,8.420882711478509,1,2.5,22,3.091042453358316,0,0,0,1,0,1,0,0,0,1.0,0,0,15,2.772588722239781,0,0,0,0,1,0,0,0,0,0,0,0,0,0,0,1,36.87411693513750
3997.50,8.293424444708108,1,2.5,40,3.6888794541139363,0,0,0,1,0,0,1,0,0,2.0,0,0,4.47,1.6992786164338898,0,0,0,0,0,0,0,0,0,0,0,0,0,0,0,1,36.87411693513750
4369.64,8.382435904833528,0,3.0,62,4.127134385045092,0,0,0,1,0,0,0,1,0,3.0,0,0,4.47,1.6992786164338898,1,0,0,0,0,0,0,0,0,0,0,0,0,0,0,1,36.87411693513750
4230.77,8.350139288571237,1,2.5,26,3.258096538021482,0,0,0,1,0,1,0,0,0,1.0,0,1,3,1.3862943611198906,1,0,0,0,0,0,0,0,0,0,0,0,0,0,0,1,36.87411693513750
4841.63,8.485006719873583,1,2.5,22,3.091042453358316,0,0,0,1,0,1,0,0,0,1.0,0,1,0,0,0,0,0,0,0,0,0,0,0,0,0,0,0,0,0,1,36.87411693513750
2740.74,7.915983235911671,0,3.0,81,4.394449154672439,0,0,0,1,0,0,0,0,1,2.8,0,0,0,0,0,0,0,0,0,0,0,0,0,0,0,0,0,0,0,1,11.68714779286667
2640.45,7.878704636160091,0,3.0,89,4.48863636973214,0,1,0,0,0,0,0,0,1,2.8,0,0,0,0,0,0,0,0,0,0,0,0,0,0,0,0,0,0,0,1,11.68714779286667
2602.41,7.864193217758583,0,3.0,83,4.418840607796598,0,0,0,1,0,0,0,0,1,2.8,0,0,0,0,0,0,0,0,0,0,0,0,0,0,0,0,0,0,0,1,11.68714779286667
3022.47,8.013829656881377,0,3.0,89,4.48863636973214,0,1,0,0,0,1,0,0,1,2.8,0,0,1,0.6931471805599453,0,0,0,0,0,0,0,0,0,0,0,0,0,0,0,1,11.68714779286667
2941.18,7.9865661403533466,0,1.0,51,3.9318256327243257,0,1,0,0,0,1,0,0,1,2.8,0,0,0,0,0,0,0,0,0,0,0,0,0,0,0,0,0,0,0,1,11.68714779286667
2186.49,7.690052797323194,0,3.0,99,4.59511985013459,0,0,0,1,0,0,0,1,0,4.0,0,1,1,0.6931471805599453,1,0,0,0,1,0,0,0,0,0,1,0,0,0,0,0,-16.60077456878182
1791.67,7.4909034247911395,0,3.0,72,4.276666119016055,0,0,1,0,0,1,0,0,0,1.0,0,0,55,4.02535169073515,0,0,0,1,1,0,0,0,0,0,1,0,0,0,0,0,-16.60077456878182
1814.29,7.503449485593304,0,3.0,70,4.248495242049359,0,1,0,0,0,1,0,0,0,1.0,0,1,39,3.6888794541139363,0,0,0,0,0,0,0,0,0,0,1,0,0,0,0,0,-16.60077456878182
4961.83,8.509529903285967,0,2.0,47,3.8501476017100584,0,0,0,1,0,0,1,0,0,2.0,0,1,1,0.6931471805599453,0,0,0,0,0,0,0,0,0,0,1,0,0,0,0,0,-16.60077456878182
2113.46,7.656081693875534,0,1.0,52,3.9512437185814275,0,1,0,0,0,1,0,0,0,1.0,0,0,45,3.828641396489095,0,0,0,0,0,0,0,0,0,0,1,0,0,0,0,0,-16.60077456878182
3180.00,8.064636475774222,0,2.0,55,4.007333185232471,0,0,0,1,0,0,0,1,0,2.0,0,1,1,0.6931471805599453,1,0,0,0,0,0,0,0,0,0,1,0,0,0,0,0,-16.60077456878182
1366.67,7.220132403045706,0,2.0,57,4.04305126783455,1,0,0,0,0,0,0,0,1,2.8,0,0,45.01,3.8288587641673772,0,0,0,0,0,0,0,0,0,0,1,0,0,0,0,0,-16.60077456878182
4459.46,8.402782961450606,1,2.5,37,3.6109179126442243,0,0,0,0,1,1,0,0,0,1.0,0,0,0,0,0,0,0,0,0,0,0,0,0,0,1,0,0,0,0,0,-16.60077456878182
1837.50,7.516161231086992,0,3.0,70,4.248495242049359,0,1,0,0,0,0,0,0,1,2.8,0,0,44.74,3.822973188594635,0,0,0,0,0,0,0,0,1,0,0,0,0,0,0,0,-16.22971330598000
2000.00,7.600902459542082,0,3.0,65,4.174387269895637,0,0,1,0,0,0,1,0,1,2.8,0,0,37,3.6375861597263857,0,0,0,0,0,0,0,0,1,0,0,0,0,0,0,0,-16.22971330598000
1788.71,7.489249968636002,0,3.0,62,4.127134385045092,1,0,0,0,0,0,1,0,0,6.0,0,0,45.01,3.8288587641673772,0,0,0,0,0,0,0,0,1,0,0,0,0,0,0,0,-16.22971330598000
2213.85,7.702488360295894,0,3.0,65,4.174387269895637,0,1,0,0,0,0,0,0,1,2.8,0,0,44.74,3.822973188594635,0,0,0,0,0,0,0,0,1,0,0,0,0,0,0,0,-16.22971330598000
2170.32,7.682629901100334,0,2.0,63,4.143134726391533,0,0,0,1,0,1,0,0,0,1.0,0,0,2,1.0986122886681098,2,0,1,0,1,0,0,0,1,0,0,0,0,0,0,0,-16.22971330598000
1068.75,6.97424502025097,0,3.0,80,4.382026634673881,1,0,0,0,0,0,1,0,0,2.0,0,0,56,4.04305126783455,0,0,0,1,1,0,0,0,0,0,0,0,0,0,0,1,-18.54957232614000
1916.67,7.558344584252209,0,1.0,36,3.58351893845611,0,0,1,0,0,1,0,0,0,1.0,0,0,65,4.189654742026425,0,0,0,0,0,0,0,0,0,0,0,0,0,0,0,1,-18.54957232614000
1882.35,7.540276275224427,0,3.0,85,4.442651256490317,0,0,1,0,0,0,0,0,1,2.8,0,0,42.02,3.761665123839584,0,0,0,0,0,0,0,0,1,0,0,0,0,0,0,0,-22.05749759994000
3251.72,8.0869393660998,0,3.0,58,4.060443010546419,0,0,0,1,0,0,0,0,1,2.8,0,0,4.47,1.6992786164338898,1,0,0,0,0,0,0,0,0,0,0,0,0,0,0,1,-20.16382432333333
3640.48,8.199870820068817,0,2.0,42,3.7376696182833684,0,0,0,1,0,0,0,0,1,2.8,0,0,4.47,1.6992786164338898,1,0,0,0,0,0,0,0,0,0,0,0,0,0,0,1,-20.16382432333333
3108.89,8.042021028281331,0,2.0,45,3.8066624897703196,0,0,0,1,0,0,0,0,1,2.8,0,0,4.47,1.6992786164338898,1,0,0,0,0,0,0,0,0,0,0,0,0,0,0,1,-20.16382432333333
2458.14,7.8071602453795075,0,2.0,43,3.7612001156935624,0,0,0,1,0,0,1,0,0,2.0,0,0,1,0.6931471805599453,1,0,0,0,0,0,0,0,0,0,0,0,0,0,0,1,-20.16382432333333
3108.89,8.042021028281331,0,2.0,45,3.8066624897703196,0,0,0,1,0,0,0,0,1,2.8,0,0,4.47,1.6992786164338898,0,0,0,0,0,0,0,0,0,0,0,0,0,0,0,1,-20.16382432333333
3781.25,8.237809921779151,0,3.0,56,4.02535169073515,0,0,0,1,0,0,0,0,1,2.8,0,0,4.47,1.6992786164338898,1,0,0,0,0,0,0,0,0,0,0,0,0,0,0,1,-20.16382432333333
3253.49,8.087483545317284,0,2.0,43,3.7612001156935624,0,0,0,1,0,0,0,0,1,2.8,0,0,4.47,1.6992786164338898,1,0,0,0,0,0,0,0,0,0,0,0,0,0,0,1,-20.16382432333333
3502.13,8.16112663380158,0,2.0,47,3.8501476017100584,0,0,0,1,0,0,0,0,1,2.8,0,0,4.47,1.6992786164338898,1,0,0,0,0,0,0,0,0,0,0,0,0,0,0,1,-20.16382432333333
3563.64,8.178537773387825,0,2.0,55,4.007333185232471,0,0,0,1,0,0,0,0,1,2.8,0,0,4.47,1.6992786164338898,1,0,0,0,0,0,0,0,0,0,0,0,0,0,0,1,-20.16382432333333
2349.40,7.761915255389786,0,4.0,83,4.418840607796598,0,1,0,0,0,0,1,0,0,6.0,0,1,0,0,0,0,0,0,0,0,0,0,0,1,0,0,0,0,0,0,-5.00191563665556
2434.78,7.797611682358991,0,3.0,69,4.23410650459726,0,0,1,0,0,0,0,1,0,8.0,0,1,0,0,0,0,0,0,0,0,0,0,0,1,0,0,0,0,0,0,-5.00191563665556
2415.73,7.789756797842767,0,4.0,89,4.48863636973214,0,0,1,0,0,0,1,0,0,4.0,0,0,0,0,1,0,0,0,0,0,0,0,0,1,0,0,0,0,0,0,-5.00191563665556
2172.62,7.683689091517438,0,4.0,84,4.430816798843313,0,0,1,0,0,0,1,0,0,2.0,0,0,49,3.912023005428146,0,0,0,0,0,0,0,0,0,1,0,0,0,0,0,0,-5.00191563665556
3316.67,8.10671654650915,0,1.0,30,3.4011973816621555,0,0,1,0,0,0,0,0,1,2.8,0,0,42.02,3.761665123839584,0,0,0,0,0,0,0,0,0,1,0,0,0,0,0,0,-5.00191563665556
2196.97,7.694834417307311,0,3.0,66,4.189654742026425,0,1,0,0,0,0,0,1,1,2.8,0,0,45,3.828641396489095,0,0,0,0,0,0,0,0,0,1,0,0,0,0,0,0,-5.00191563665556
1535.14,7.336376861074082,0,3.0,74,4.30406509320417,0,1,0,0,0,1,0,0,0,1.0,0,1,45,3.828641396489095,0,0,0,0,0,0,0,0,0,1,0,0,0,0,0,0,-5.00191563665556
2128.57,7.663205671737073,0,2.0,70,4.248495242049359,0,0,0,1,0,0,1,0,1,2.8,0,0,8,2.1972245773362196,0,0,0,0,0,0,0,0,0,1,0,0,0,0,0,0,-5.00191563665556
2510.77,7.828344757989009,0,3.0,65,4.174387269895637,0,0,1,0,0,0,1,0,0,5.0,0,0,41,3.7376696182833684,0,0,0,0,0,0,0,0,0,1,0,0,0,0,0,0,-5.00191563665556
1801.47,7.496358277260146,0,3.0,68,4.219507705176107,1,0,0,0,0,0,0,1,0,4.0,0,0,55,4.02535169073515,0,0,0,0,0,0,0,0,0,1,0,0,0,0,0,0,-5.00191563665556
1486.49,7.304172915203954,0,3.0,74,4.30406509320417,1,0,0,0,0,1,0,0,0,1.0,0,1,50,3.9318256327243257,3,0,0,0,0,0,0,0,0,1,0,0,0,0,0,0,-5.00191563665556
2189.35,7.691359975102657,0,4.0,85,4.442651256490317,0,1,0,0,0,0,1,0,0,3.0,0,1,44,3.8066624897703196,2,0,0,1,1,0,0,0,0,1,0,0,0,0,0,0,-5.00191563665556
3275.98,8.094372339948219,0,2.0,49,3.8918202981106265,0,0,1,0,0,0,0,0,1,2.8,0,0,42.02,3.761665123839584,0,0,0,0,0,0,1,0,0,0,0,0,0,0,0,0,5.07869344151667
3267.24,8.09170087079452,0,2.0,53,3.970291913552122,0,0,0,1,0,0,0,0,1,2.8,0,0,4.47,1.6992786164338898,0,0,1,0,1,0,1,0,0,0,0,0,0,0,0,0,5.07869344151667
2576.92,7.8543501663210575,0,4.0,130,4.867534450455582,0,0,0,1,0,1,0,0,0,1.0,0,0,0,0,0,0,0,0,0,0,1,0,0,0,0,0,0,0,0,0,5.07869344151667
3033.44,8.017452568053729,0,2.0,45,3.8066624897703196,0,0,0,1,0,0,0,1,0,3.0,0,0,1,0.6931471805599453,0,0,1,1,0,0,1,0,0,0,0,0,0,0,0,0,5.07869344151667
3127.14,8.047874127801974,0,3.0,70,4.248495242049359,0,0,1,0,0,0,1,0,1,2.8,0,0,45,3.828641396489095,0,0,0,0,0,0,1,0,0,0,0,0,0,0,0,0,5.07869344151667
3918.03,8.273344255443012,1,2.5,31,3.4339872044851463,0,0,0,1,0,1,0,0,0,1.0,0,0,4.47,1.6992786164338898,0,0,0,0,0,0,1,0,0,0,0,0,0,0,0,0,5.07869344151667
2453.85,7.8054134987082895,0,4.0,130,4.867534450455582,0,0,0,1,0,0,0,0,1,2.8,0,0,0,0,0,0,0,0,0,0,1,0,0,0,0,0,0,0,0,0,5.07869344151667
2333.33,7.7550517107968915,0,3.0,90,4.499809670330265,0,0,0,1,0,0,0,0,1,2.8,0,0,1,0.6931471805599453,0,0,0,0,0,0,1,0,0,0,0,0,0,0,0,0,5.07869344151667
3058.63,8.025722382274997,0,2.0,52,3.9512437185814275,0,0,0,1,0,1,0,0,0,1.0,0,1,1,0.6931471805599453,0,0,1,0,1,0,1,0,0,0,0,0,0,0,0,0,5.07869344151667
4050.00,8.306472160100585,0,2.0,41,3.713572066704308,0,0,0,1,0,1,0,0,1,2.8,0,0,1,0.6931471805599453,0,0,0,0,0,0,1,0,0,0,0,0,0,0,0,0,5.07869344151667
2326.67,7.752193339752039,0,5.0,150,5.0106352940962555,0,1,0,0,0,0,0,1,0,3.0,0,0,25,3.258096538021482,0,0,1,1,0,0,1,0,0,0,0,0,0,0,0,0,5.07869344151667
3082.34,8.033444327770821,0,2.0,52,3.9512437185814275,0,0,0,1,0,1,0,0,0,1.0,0,0,0,0,2,0,0,0,0,0,1,0,0,0,0,0,0,0,0,0,5.07869344151667
3475.00,8.153349757998892,0,2.0,40,3.6888794541139363,0,0,1,0,0,1,0,0,0,1.0,0,0,42.02,3.761665123839584,0,0,0,0,0,0,0,0,0,0,0,0,0,0,1,0,16.39579969891111
3688.10,8.212866699276342,0,1.0,42,3.7376696182833684,0,0,0,1,0,0,0,0,1,2.8,0,0,4.47,1.6992786164338898,0,0,0,0,0,0,0,0,0,0,0,0,0,0,1,0,16.39579969891111
2879.78,7.965469181323323,0,2.0,52,3.9512437185814275,0,0,0,1,0,1,0,0,0,1.0,0,0,4.47,1.6992786164338898,0,0,0,0,0,0,0,0,0,0,0,0,0,0,1,0,16.39579969891111
3960.40,8.284100309248359,1,2.5,30,3.4011973816621555,0,0,0,1,0,0,1,0,0,4.0,0,1,4.47,1.6992786164338898,0,0,0,0,0,0,0,0,0,0,0,0,0,0,1,0,16.39579969891111
3695.37,8.214835963687094,0,1.0,31,3.4339872044851463,0,0,0,1,0,1,0,0,0,1.0,0,0,4.47,1.6992786164338898,0,0,0,0,0,0,0,0,0,0,0,0,0,0,1,0,16.39579969891111
3470.59,8.152079887306087,1,2.5,34,3.5263605246161616,0,0,0,1,0,0,0,1,0,7.0,0,1,4.47,1.6992786164338898,0,0,0,0,0,0,0,0,0,0,0,0,0,0,1,0,16.39579969891111
4677.42,8.45050195484859,1,2.5,31,3.4339872044851463,0,0,1,0,0,0,0,0,1,2.8,0,0,42.02,3.761665123839584,0,0,0,0,0,0,0,0,0,0,0,0,0,0,1,0,16.39579969891111
3697.75,8.21547980555148,1,2.5,31,3.4339872044851463,0,0,1,0,0,0,1,0,0,2.0,0,1,0,0,0,0,0,0,0,0,0,0,0,0,0,0,0,0,1,0,16.39579969891111
3547.62,8.174032235100567,1,2.5,42,3.7376696182833684,0,0,0,1,0,1,0,0,0,1.0,0,1,4,1.6094379124341003,0,0,0,0,0,0,0,0,0,0,0,0,0,0,1,0,16.39579969891111
3725.00,8.22282213081366,0,1.0,40,3.6888794541139363,0,0,1,0,0,1,0,0,0,1.0,0,0,5,1.791759469228055,2,0,0,0,0,0,0,0,0,0,0,0,0,0,1,0,16.39579969891111
3804.12,8.24383996890905,1,2.5,97,4.574710978503383,0,0,1,0,0,1,0,0,0,1.0,0,0,42.02,3.761665123839584,7,0,0,0,0,0,0,0,0,0,0,0,0,0,1,0,16.39579969891111
3562.65,8.178259928953663,1,2.5,41,3.713572066704308,0,0,1,0,0,0,0,1,0,4.0,0,1,0,0,0,0,0,0,0,0,0,0,0,0,0,0,0,0,1,0,16.39579969891111
3021.74,8.013588103393477,1,2.5,46,3.828641396489095,0,0,0,1,0,1,0,0,0,1.0,0,0,1,0.6931471805599453,0,0,0,0,0,0,0,0,0,0,0,0,0,0,1,0,16.39579969891111
3547.62,8.174032235100567,1,2.5,42,3.7376696182833684,0,0,1,0,0,1,0,0,0,1.0,0,0,0,0,0,0,0,0,0,0,0,0,0,0,0,0,0,0,1,0,16.39579969891111
3971.43,8.286881510335581,1,2.5,35,3.5553480614894135,0,0,0,1,0,1,0,0,0,1.0,0,0,1,0.6931471805599453,1,0,0,0,0,0,0,0,0,0,0,0,0,0,1,0,16.39579969891111
3872.50,8.261655572291025,1,2.5,40,3.6888794541139363,0,0,0,1,0,0,0,0,1,2.8,0,0,4.47,1.6992786164338898,0,0,1,0,1,0,0,0,0,0,0,0,0,0,1,0,16.39579969891111
2791.18,7.934219724469994,1,2.5,34,3.5263605246161616,0,0,0,1,0,1,0,0,0,1.0,0,0,0,0,0,0,0,0,0,0,0,0,0,0,0,0,0,0,1,0,16.39579969891111
3804.12,8.24383996890905,1,2.5,97,4.574710978503383,0,0,1,0,0,1,0,0,0,1.0,0,0,42.02,3.761665123839584,7,0,0,0,0,0,0,0,0,0,0,0,0,0,1,0,16.39579969891111
4300.00,8.366370301681654,0,1.0,30,3.4011973816621555,0,0,1,0,0,0,1,0,0,2.0,0,0,5,1.791759469228055,2,0,0,0,0,0,0,0,0,0,0,0,0,0,1,0,16.39579969891111
3816.13,8.24699209907386,0,2.0,58,4.060443010546419,0,0,1,0,0,1,0,0,0,1.0,0,0,42.02,3.761665123839584,0,0,0,0,0,0,0,0,0,0,0,0,0,0,1,0,16.39579969891111
2570.65,7.851914064198765,0,3.0,51,3.9318256327243257,0,0,0,1,0,1,0,0,0,1.0,0,0,3,1.3862943611198906,0,0,1,0,1,0,0,0,0,0,0,0,1,0,0,0,-47.19670082116667
1455.00,7.282761179605593,0,3.0,144,4.969813299576001,0,0,0,1,0,0,0,0,1,2.8,0,0,4.47,1.6992786164338898,1,0,0,0,0,0,0,0,0,0,0,0,1,0,0,0,-47.19670082116667
1948.31,7.574717609118442,0,3.0,118,4.770684624465665,0,0,0,1,0,0,0,1,0,4.0,0,0,1,0.6931471805599453,0,0,0,0,0,0,0,0,0,0,0,0,1,0,0,0,-55.82763356716667
1614.75,7.386935424912582,0,3.0,122,4.804021044733257,0,0,0,1,0,1,0,0,0,1.0,0,1,1,0.6931471805599453,1,0,0,0,0,0,0,0,0,0,0,0,1,0,0,0,-55.82763356716667
2226.42,7.708150193283083,0,2.0,53,3.970291913552122,0,0,1,0,0,0,1,0,0,2.0,0,0,42.02,3.761665123839584,0,0,0,1,0,0,0,0,0,1,0,0,0,0,0,0,-5.65874862225000
3559.32,8.177324794365152,0,1.0,30,3.4011973816621555,0,1,0,0,0,0,1,0,0,4.0,0,1,44.74,3.822973188594635,0,0,0,0,0,0,0,0,0,1,0,0,0,0,0,0,-5.65874862225000
2355.93,7.764690832954873,0,2.0,59,4.07753744390572,0,0,1,0,0,0,1,0,1,2.8,0,0,55,4.02535169073515,0,0,0,0,0,0,0,0,0,1,0,0,0,0,0,0,-5.65874862225000
3145.39,8.053693167805688,0,1.0,38,3.6375861597263857,0,0,0,1,0,1,0,0,0,1.0,0,0,4.47,1.6992786164338898,0,0,1,1,0,0,0,0,0,1,0,0,0,0,0,0,-5.65874862225000
2211.54,7.7014443844158915,0,2.0,52,3.9512437185814275,1,0,0,0,0,0,1,0,1,2.8,0,0,55,4.02535169073515,0,0,0,0,0,0,0,0,0,1,0,0,0,0,0,0,-5.65874862225000
1984.00,7.592870287844818,0,2.0,63,4.143134726391533,0,1,0,0,0,0,0,1,0,3.0,0,0,40,3.713572066704308,0,0,0,0,0,0,0,0,0,0,0,0,0,1,0,0,-10.22729935474000
3118.33,8.045052881092422,0,3.0,60,4.0943445622221,0,0,0,1,0,0,0,1,0,3.0,0,0,1,0.6931471805599453,1,0,0,0,0,0,0,0,0,0,0,0,0,1,0,0,-10.22729935474000
1752.94,7.469049657296115,0,4.0,85,4.442651256490317,1,0,0,0,0,1,0,0,0,1.0,0,0,45.01,3.8288587641673772,1,0,0,0,0,0,0,0,0,0,0,0,0,1,0,0,-10.22729935474000
2918.75,7.978910721417208,0,1.0,32,3.4657359027997265,0,0,0,1,0,0,0,1,0,3.0,0,1,1,0.6931471805599453,1,0,0,0,0,0,0,0,0,0,0,0,0,1,0,0,-10.22729935474000
2988.10,8.002393012894835,0,2.0,42,3.7376696182833684,0,0,0,1,0,0,1,0,0,2.0,0,0,1,0.6931471805599453,1,0,0,0,0,0,0,0,0,0,0,0,0,1,0,0,-10.22729935474000
2000.00,7.600902459542082,0,2.0,62,4.127134385045092,0,1,0,0,0,0,0,0,1,2.8,0,0,44.74,3.822973188594635,0,0,0,0,0,0,0,0,0,0,0,0,0,1,0,0,-10.22729935474000
1517.65,7.324918364836111,0,3.0,85,4.442651256490317,1,0,0,0,0,0,1,0,0,5.0,0,1,45,3.828641396489095,0,0,0,0,1,0,0,0,0,1,0,0,0,0,0,0,-10.79089088036667
1764.59,7.47567364776526,0,3.0,85,4.442651256490317,0,1,0,0,0,0,1,0,0,4.0,0,0,20,3.044522437723423,0,0,0,0,1,0,0,0,0,1,0,0,0,0,0,0,-10.79089088036667
1911.76,7.555779562720121,0,3.0,68,4.219507705176107,0,1,0,0,0,0,0,1,0,4.0,0,0,53,3.9889840465642745,0,0,0,0,0,0,0,0,0,1,0,0,0,0,0,0,-10.79089088036667
2194.03,7.693495314397116,0,3.0,67,4.204692619390966,0,0,1,0,0,0,1,0,1,2.8,0,0,42.02,3.761665123839584,0,0,0,0,0,0,0,0,0,1,0,0,0,0,0,0,-10.79089088036667
1710.14,7.444330517490459,0,3.0,69,4.23410650459726,0,1,0,0,0,0,1,0,0,6.0,0,0,49,3.912023005428146,0,1,0,0,0,0,0,0,0,1,0,0,0,0,0,0,-10.79089088036667
2387.91,7.778173785360054,0,3.0,67,4.204692619390966,0,0,1,0,0,0,0,0,1,2.8,0,0,42.02,3.761665123839584,0,0,0,0,0,0,0,0,0,1,0,0,0,0,0,0,-10.79089088036667
2633.33,7.876004483963417,0,1.0,30,3.4011973816621555,1,0,0,0,0,0,0,1,0,4.0,0,0,45,3.828641396489095,0,0,0,0,0,0,0,0,0,1,0,0,0,0,0,0,-10.79089088036667
1645.88,7.406030474569668,0,3.0,85,4.442651256490317,0,0,1,0,0,1,0,0,0,1.0,0,0,42.02,3.761665123839584,0,0,0,0,0,0,0,0,0,1,0,0,0,0,0,0,-10.79089088036667
1763.53,7.475072761156021,0,3.0,85,4.442651256490317,1,0,0,0,0,0,0,1,0,7.0,0,1,35,3.58351893845611,0,0,0,1,1,0,0,0,0,1,0,0,0,0,0,0,-10.79089088036667
1608.05,7.38277754378285,0,3.0,87,4.465908118654584,0,1,0,0,0,0,1,0,0,2.0,0,0,36,3.6109179126442243,0,0,0,1,1,0,0,0,0,1,0,0,0,0,0,0,-10.79089088036667
1610.59,7.384355850475909,0,3.0,85,4.442651256490317,0,1,0,0,0,0,1,0,0,7.0,0,0,45,3.828641396489095,0,0,0,0,1,0,0,0,0,1,0,0,0,0,0,0,-10.79089088036667
2088.24,7.6440768849258784,0,3.0,85,4.442651256490317,0,0,1,0,0,0,1,0,0,4.0,0,1,55,4.02535169073515,0,0,0,0,0,0,0,0,0,1,0,0,0,0,0,0,-10.79089088036667
1779.07,7.483846034840011,0,3.0,86,4.454347296253507,0,1,0,0,0,0,1,0,0,5.0,0,1,0,0,0,0,0,1,0,0,0,0,0,1,0,0,0,0,0,0,-10.79089088036667
2592.98,7.860563072435259,0,2.0,57,4.04305126783455,0,0,1,0,0,0,1,0,1,2.8,0,0,125,4.836281906951478,0,0,0,0,1,0,0,0,0,1,0,0,0,0,0,0,-10.79089088036667
2233.83,7.71147288004609,0,1.0,47,3.8501476017100584,1,0,0,0,0,0,1,0,0,8.0,0,1,45.01,3.8288587641673772,0,0,0,0,0,0,0,0,0,0,0,0,0,1,0,0,-9.60272336342500
2185.71,7.689695997538977,0,3.0,70,4.248495242049359,0,0,1,0,0,0,0,0,1,2.8,0,0,45,3.828641396489095,0,0,0,0,0,0,0,0,0,0,0,0,0,1,0,0,-9.60272336342500
2115.37,7.656985017078349,0,2.0,52,3.9512437185814275,0,1,0,0,0,0,1,0,0,8.0,0,0,125,4.836281906951478,0,0,0,0,0,0,0,0,0,0,0,0,0,1,0,0,-9.60272336342500
1915.00,7.557472901614746,0,2.0,60,4.0943445622221,0,1,0,0,0,0,0,0,1,2.8,0,0,13,2.6390573296152584,0,0,0,0,0,0,0,0,0,0,0,0,0,1,0,0,-9.60272336342500
2149.10,7.67280442883116,0,3.0,67,4.204692619390966,0,1,0,0,0,0,0,0,1,2.8,0,0,45,3.828641396489095,0,0,0,0,0,0,0,0,0,0,0,0,0,1,0,0,-9.60272336342500
2246.36,7.717066407405152,0,3.0,69,4.23410650459726,0,0,1,0,0,0,1,0,0,6.0,0,1,42.02,3.761665123839584,0,1,0,1,0,0,0,0,0,0,0,0,0,1,0,0,-9.60272336342500
2545.45,7.84206273064309,0,2.0,55,4.007333185232471,0,1,0,0,0,0,0,0,1,2.8,0,0,44.74,3.822973188594635,0,0,0,0,0,0,1,0,0,0,0,0,0,0,0,0,9.02103437447500
2026.03,7.613833492201467,0,3.0,73,4.290459441148391,0,1,0,0,0,0,1,0,0,5.0,0,1,125,4.836281906951478,2,1,0,1,0,0,0,0,0,0,0,0,0,0,0,1,13.11195283041667
2200.00,7.696212639346407,0,2.0,50,3.912023005428146,1,0,0,0,0,0,0,1,0,8.0,0,0,40,3.713572066704308,2,0,0,0,0,0,0,0,0,0,0,0,0,0,0,1,13.11195283041667
2261.54,7.723801276137114,0,3.0,65,4.174387269895637,0,1,0,0,0,0,1,0,0,9.0,1,0,31,3.4657359027997265,0,0,0,0,1,0,0,0,0,0,0,0,0,0,0,1,13.11195283041667
2364.86,7.7684741025565085,0,3.0,74,4.30406509320417,0,0,1,0,0,0,1,0,0,4.0,0,0,35,3.58351893845611,0,0,0,0,0,0,0,0,0,0,0,0,0,0,0,1,13.11195283041667
2427.14,7.794468888446934,0,3.0,70,4.248495242049359,0,0,1,0,0,0,1,0,1,2.8,0,0,47,3.871201010907891,1,0,0,0,0,0,0,0,0,0,0,0,0,0,0,1,13.11195283041667
2261.54,7.723801276137114,0,3.0,65,4.174387269895637,0,0,1,0,0,0,0,0,1,2.8,0,0,45,3.828641396489095,0,0,0,0,0,0,0,0,0,0,0,0,0,0,0,1,13.11195283041667
2049.18,7.625194992111114,0,2.0,61,4.110873864173311,1,0,0,0,0,0,1,0,0,6.0,0,0,39,3.6888794541139363,0,0,0,1,1,0,0,0,0,0,0,0,0,0,0,1,13.11195283041667
2150.00,7.673223121121708,0,3.0,66,4.189654742026425,0,1,0,0,0,0,1,0,0,9.0,1,1,125,4.836281906951478,0,1,0,1,0,0,0,0,0,0,0,0,0,0,0,1,13.11195283041667
2118.64,7.658529652376876,0,2.0,59,4.07753744390572,1,0,0,0,0,0,1,0,1,2.8,0,0,45.01,3.8288587641673772,0,0,0,1,0,0,0,0,0,0,0,0,0,0,0,1,13.11195283041667
2868.85,7.961666531589115,0,3.0,61,4.110873864173311,0,1,0,0,0,1,0,0,0,1.0,0,1,125,4.836281906951478,0,0,0,0,0,0,0,0,0,0,0,0,0,0,0,1,13.11195283041667
1740.26,7.461789806333085,0,3.0,77,4.343805421853684,1,0,0,0,0,0,1,0,0,4.0,0,0,35,3.58351893845611,0,0,0,0,0,0,0,0,0,0,0,0,0,0,0,1,13.11195283041667
2499.04,7.823661937109413,0,2.0,52,3.9512437185814275,0,0,1,0,0,0,0,0,1,2.8,0,0,42.02,3.761665123839584,0,0,0,0,0,0,0,0,0,0,0,0,0,0,0,1,13.11195283041667
2064.46,7.632623969987076,0,3.0,61,4.110873864173311,0,1,0,0,0,0,1,0,0,6.0,0,1,35,3.58351893845611,0,1,0,0,0,0,0,0,0,1,0,0,0,0,0,0,-12.61345316354545
1551.32,7.346861460399994,0,3.0,76,4.330733340286331,1,0,0,0,0,0,1,0,0,2.0,0,1,35,3.58351893845611,0,1,0,0,0,0,0,0,0,1,0,0,0,0,0,0,-12.61345316354545
2895.65,7.9709648898482985,0,1.0,35,3.5553480614894135,0,1,0,0,0,0,1,0,0,4.0,0,1,40,3.713572066704308,0,0,0,0,1,0,0,0,0,1,0,0,0,0,0,0,-12.61345316354545
1741.57,7.462542284232243,0,3.0,89,4.48863636973214,0,0,1,0,0,0,1,0,0,3.0,0,0,29,3.4011973816621555,0,0,0,0,1,0,0,0,0,1,0,0,0,0,0,0,-12.61345316354545
1777.67,7.48305879704793,0,4.0,90,4.499809670330265,0,1,0,0,0,0,1,0,0,2.0,0,0,36,3.6109179126442243,2,0,0,1,1,0,0,0,0,1,0,0,0,0,0,0,-12.61345316354545
1500.00,7.313220387090301,0,3.0,80,4.382026634673881,1,0,0,0,0,0,1,0,0,3.0,0,0,45.01,3.8288587641673772,0,0,0,0,0,0,0,0,0,1,0,0,0,0,0,0,-12.61345316354545
2843.14,7.952664354195161,0,2.0,51,3.9318256327243257,0,0,1,0,0,0,1,0,0,6.0,0,1,37,3.6375861597263857,0,0,0,0,0,0,0,0,0,1,0,0,0,0,0,0,-12.61345316354545
2312.40,7.746041225208321,0,3.0,61,4.110873864173311,0,0,1,0,0,0,1,0,1,2.8,0,0,42.02,3.761665123839584,0,0,0,0,0,0,0,0,0,1,0,0,0,0,0,0,-12.61345316354545
1500.00,7.313220387090301,0,3.0,80,4.382026634673881,1,0,0,0,0,0,1,0,0,4.0,0,1,40,3.713572066704308,0,0,0,0,1,0,0,0,0,1,0,0,0,0,0,0,-12.61345316354545
1985.29,7.593520278168235,0,3.0,68,4.219507705176107,0,1,0,0,0,0,0,1,0,7.0,0,0,38,3.6635616461296463,2,0,0,1,1,0,0,0,0,1,0,0,0,0,0,0,-12.61345316354545
2593.22,7.8606556257498905,0,3.0,59,4.07753744390572,0,0,0,1,0,0,0,0,1,2.8,0,0,4.47,1.6992786164338898,0,0,0,0,0,0,0,0,0,1,0,0,0,0,0,0,-12.61345316354545
2909.63,7.975781204315252,0,2.0,44,3.784189633918261,0,0,0,0,1,0,1,0,0,2.0,0,0,0,0,1,0,0,0,0,0,0,0,0,1,0,0,0,0,0,0,-12.61345316354545
2070.11,7.635357024944148,0,3.0,72,4.276666119016055,1,0,0,0,0,0,1,0,0,2.0,0,1,65,4.189654742026425,0,0,0,0,0,0,0,0,0,1,0,0,0,0,0,0,-12.61345316354545
3250.00,8.086410275323782,0,2.0,40,3.6888794541139363,0,0,0,1,0,0,0,0,1,2.8,0,0,4.47,1.6992786164338898,0,0,0,0,0,0,0,0,0,1,0,0,0,0,0,0,-12.61345316354545
2980.00,7.9996785794994505,0,2.0,50,3.912023005428146,0,1,0,0,0,0,1,0,0,6.0,0,0,42,3.7612001156935624,2,0,0,0,0,0,1,0,0,0,0,0,0,0,0,0,24.78511254420000
2642.71,7.879560184785479,0,3.0,70,4.248495242049359,0,1,0,0,0,0,0,0,1,2.8,0,0,44.74,3.822973188594635,0,0,0,0,0,0,1,0,0,0,0,0,0,0,0,0,24.78511254420000
2297.62,7.739629083551395,0,4.0,84,4.430816798843313,0,1,0,0,0,0,0,1,0,7.0,0,1,42,3.7612001156935624,0,1,0,0,0,0,1,0,0,0,0,0,0,0,0,0,24.78511254420000
2685.71,7.8957004040167735,0,3.0,70,4.248495242049359,0,0,1,0,0,0,1,0,0,2.0,0,0,30,3.4339872044851463,0,0,0,0,0,0,1,0,0,0,0,0,0,0,0,0,24.78511254420000
3500.00,8.160518247477505,0,2.0,52,3.9512437185814275,0,0,1,0,0,0,0,0,1,2.8,0,0,42.02,3.761665123839584,0,0,0,0,0,0,1,0,0,0,0,0,0,0,0,0,24.78511254420000
2297.62,7.739629083551395,0,4.0,84,4.430816798843313,0,1,0,0,0,0,0,1,0,7.0,0,1,42,3.7612001156935624,0,1,0,0,0,0,1,0,0,0,0,0,0,0,0,0,24.78511254420000
2500.00,7.824046010856292,0,3.0,72,4.276666119016055,0,0,1,0,0,0,0,0,1,2.8,0,0,42.02,3.761665123839584,0,0,0,0,0,0,1,0,0,0,0,0,0,0,0,0,24.78511254420000
2920.00,7.979338895262328,0,2.0,50,3.912023005428146,1,0,0,0,0,0,1,0,0,3.0,0,0,30,3.4339872044851463,0,0,0,0,0,0,1,0,0,0,0,0,0,0,0,0,24.78511254420000
3539.80,8.171825507356653,0,2.0,50,3.912023005428146,0,0,1,0,0,0,0,0,1,2.8,0,0,42.02,3.761665123839584,0,0,0,0,0,0,1,0,0,0,0,0,0,0,0,0,24.78511254420000
3208.33,8.073505831526296,0,2.0,48,3.871201010907891,0,1,0,0,0,0,0,0,1,2.8,0,0,44.74,3.822973188594635,0,0,0,0,0,0,1,0,0,0,0,0,0,0,0,0,24.78511254420000
3326.53,8.109684997629175,0,2.0,49,3.8918202981106265,0,1,0,0,0,1,0,0,1,2.8,0,0,44.74,3.822973188594635,0,0,0,0,0,0,1,0,0,0,0,0,0,0,0,0,24.78511254420000
2283.58,7.733499665950508,0,3.0,67,4.204692619390966,1,0,0,0,0,0,0,0,1,2.8,0,0,45.01,3.8288587641673772,0,0,0,0,0,0,1,0,0,0,0,0,0,0,0,0,24.78511254420000
2000.00,7.600902459542082,0,1.0,39,3.6635616461296463,0,0,1,0,0,0,0,1,0,3.0,0,0,55,4.02535169073515,0,0,1,0,1,0,0,0,0,0,0,0,0,1,0,0,-23.38626729680000
2226.42,7.708150193283083,0,2.0,53,3.970291913552122,0,1,0,0,0,1,0,0,1,2.8,0,0,45,3.828641396489095,0,0,0,0,0,0,0,0,0,0,0,0,0,1,0,0,-23.38626729680000
3030.30,8.016416903503249,0,1.0,33,3.4965075614664802,1,0,0,0,0,0,1,0,1,2.8,0,0,45.01,3.8288587641673772,0,0,0,0,0,0,0,0,0,0,0,0,0,1,0,0,-23.38626729680000
1088.46,6.992519132181286,0,3.0,78,4.356708826689592,1,0,0,0,0,0,1,0,0,3.0,0,0,125,4.836281906951478,2,0,0,0,0,0,0,0,0,0,0,0,0,0,0,1,-42.72161632650000
1964.91,7.583201721727722,0,2.0,57,4.04305126783455,1,0,0,0,0,0,0,1,0,4.0,0,0,60,4.110873864173311,0,0,0,0,0,0,0,0,0,1,0,0,0,0,0,0,-7.70857583786250
1937.50,7.569153761227502,0,2.0,64,4.1588830833596715,0,0,1,0,0,1,0,0,0,1.0,0,1,45,3.828641396489095,0,0,0,0,0,0,0,0,0,1,0,0,0,0,0,0,-7.70857583786250
2013.43,7.607595014353185,0,3.0,67,4.204692619390966,1,0,0,0,0,0,0,0,1,2.8,0,0,45.01,3.8288587641673772,0,0,0,0,0,0,0,0,0,1,0,0,0,0,0,0,-7.70857583786250
3080.00,8.03268487596762,0,0.0,25,3.2188758248682006,1,0,0,0,0,0,0,1,0,9.0,1,0,45.01,3.8288587641673772,0,0,0,0,1,0,0,0,0,1,0,0,0,0,0,0,-7.70857583786250
2314.81,7.747082889718,0,2.0,54,3.9889840465642745,0,1,0,0,0,1,0,0,0,1.0,0,0,44.74,3.822973188594635,0,0,0,0,0,0,0,0,0,1,0,0,0,0,0,0,-7.70857583786250
2077.97,7.639146734596345,0,3.0,64,4.1588830833596715,0,1,0,0,0,0,1,0,0,6.0,0,1,55,4.02535169073515,0,0,1,1,0,0,0,0,0,1,0,0,0,0,0,0,-7.70857583786250
1696.97,7.4365995868222186,0,2.0,66,4.189654742026425,0,1,0,0,0,0,0,1,0,4.0,0,0,60,4.110873864173311,0,0,0,0,0,0,0,0,0,1,0,0,0,0,0,0,-7.70857583786250
2043.94,7.622634596685315,0,3.0,66,4.189654742026425,1,0,0,0,0,0,1,0,0,3.0,0,1,50,3.9318256327243257,0,1,0,1,0,0,0,0,0,1,0,0,0,0,0,0,-7.70857583786250
1696.97,7.4365995868222186,0,2.0,66,4.189654742026425,0,1,0,0,0,0,0,1,0,4.0,0,0,44.74,3.822973188594635,0,0,0,0,0,0,0,0,0,1,0,0,0,0,0,0,-7.70857583786250
2380.95,7.7752548466863605,0,3.0,63,4.143134726391533,0,1,0,0,0,0,1,0,0,2.0,0,1,62,4.143134726391533,0,0,0,0,0,0,0,0,0,1,0,0,0,0,0,0,-7.70857583786250
2189.66,7.691501559616288,0,2.0,58,4.060443010546419,0,0,1,0,0,0,1,0,0,2.0,0,0,45,3.828641396489095,0,0,0,0,0,0,0,0,0,1,0,0,0,0,0,0,-7.70857583786250
2076.92,7.63864130604235,0,3.0,65,4.174387269895637,0,1,0,0,0,0,0,0,1,2.8,0,0,45,3.828641396489095,0,0,0,0,0,0,0,0,0,1,0,0,0,0,0,0,-7.70857583786250
1756.76,7.471226482385692,0,2.0,74,4.30406509320417,0,1,0,0,0,0,1,0,0,9.0,1,1,47,3.871201010907891,0,1,0,1,0,0,0,0,0,1,0,0,0,0,0,0,-7.70857583786250
1757.14,7.4714427662876135,0,2.0,70,4.248495242049359,1,0,0,0,0,0,0,1,0,3.0,0,0,69,4.248495242049359,2,0,0,1,1,0,0,0,0,1,0,0,0,0,0,0,-7.70857583786250
2727.27,7.911056387845422,0,2.0,55,4.007333185232471,0,0,0,0,1,1,0,0,0,4.0,0,0,0,0,0,0,0,0,0,0,0,0,0,1,0,0,0,0,0,0,-7.70857583786250
2062.50,7.631674118208836,0,3.0,64,4.1588830833596715,1,0,0,0,0,0,0,0,1,2.8,0,0,45.01,3.8288587641673772,0,0,0,0,0,0,0,0,0,1,0,0,0,0,0,0,-7.70857583786250
3080.00,8.03268487596762,0,0.0,25,3.2188758248682006,1,0,0,0,0,0,1,0,1,2.8,0,0,45.01,3.8288587641673772,0,0,0,0,0,0,0,0,0,1,0,0,0,0,0,0,-7.70857583786250
2431.67,7.796333543089756,0,2.0,60,4.0943445622221,0,0,1,0,0,0,1,0,0,3.0,0,0,55,4.02535169073515,0,0,0,0,0,0,0,0,0,1,0,0,0,0,0,0,-7.70857583786250
2222.00,7.706162970199576,0,2.0,49,3.8918202981106265,1,0,0,0,0,1,0,0,0,1.0,0,1,55,4.02535169073515,0,0,0,0,0,0,0,0,0,1,0,0,0,0,0,0,-7.70857583786250
2151.16,7.673762510508816,1,2.5,86,4.454347296253507,1,0,0,0,0,1,0,0,0,1.0,0,0,20,3.044522437723423,0,1,0,0,1,0,0,0,1,0,0,0,0,0,0,0,-22.04248484540000
3000.00,8.006367567650246,1,2.5,49,3.8918202981106265,0,1,0,0,0,0,0,0,1,2.8,0,0,44.74,3.822973188594635,0,0,0,0,0,0,0,0,1,0,0,0,0,0,0,0,-22.04248484540000
2021.80,7.611743482719957,0,2.0,63,4.143134726391533,0,0,1,0,0,1,0,0,0,1.0,0,0,45,3.828641396489095,0,0,0,0,0,0,0,0,1,0,0,0,0,0,0,0,-22.04248484540000
3305.08,8.103215957741698,0,2.0,59,4.07753744390572,0,1,0,0,0,0,1,0,0,4.0,0,1,15,2.772588722239781,0,0,0,0,0,0,1,0,0,0,0,0,0,0,0,0,15.24054310781111
2336.96,7.756606218431745,0,3.0,92,4.5217885770490405,0,0,0,1,0,0,1,0,0,2.0,0,1,16,2.833213344056216,1,0,0,0,0,0,1,0,0,0,0,0,0,0,0,0,15.24054310781111
2844.04,7.952980855521834,0,4.0,109,4.6913478822291435,1,0,0,0,0,1,0,0,1,2.8,0,0,21,3.091042453358316,0,0,0,0,0,0,1,0,0,0,0,0,0,0,0,0,15.24054310781111
3312.50,8.105458470294478,0,2.0,48,3.871201010907891,0,0,0,1,0,0,1,0,0,3.0,0,0,4.47,1.6992786164338898,2,0,0,0,0,0,1,0,0,0,0,0,0,0,0,0,15.24054310781111
2386.97,7.777780058182767,0,4.0,99,4.59511985013459,0,0,0,1,0,1,0,0,1,2.8,0,0,2,1.0986122886681098,0,0,0,0,0,0,1,0,0,0,0,0,0,0,0,0,15.24054310781111
3212.07,8.0746708681044,0,2.0,52,3.9512437185814275,0,0,0,1,0,0,0,1,0,5.0,0,1,18,2.9444389791664403,2,0,1,1,0,0,1,0,0,0,0,0,0,0,0,0,15.24054310781111
3019.23,8.012757110971915,0,2.0,52,3.9512437185814275,0,0,0,1,0,1,0,0,0,1.0,0,1,6,1.9459101490553132,0,0,0,0,1,0,1,0,0,0,0,0,0,0,0,0,15.24054310781111
3702.94,8.216882377703756,0,0.0,34,3.5263605246161616,0,1,0,0,0,0,1,0,0,2.0,0,0,13,2.6390573296152584,1,0,0,0,0,0,1,0,0,0,0,0,0,0,0,0,15.24054310781111
5480.77,8.609000881020227,1,2.5,52,3.9512437185814275,0,0,0,1,0,0,1,0,0,2.0,0,0,4.47,1.6992786164338898,1,0,0,0,0,0,0,0,0,0,0,0,0,0,0,1,84.22820104889091
6066.67,8.710565133847176,0,2.0,75,4.31748811353631,0,0,0,1,0,0,1,0,0,6.0,0,1,0,0,0,0,0,0,0,0,0,0,0,0,0,0,0,0,0,1,84.22820104889091
4698.58,8.455015614388818,0,2.0,56,4.02535169073515,0,0,0,1,0,1,0,0,0,1.0,0,0,11,2.4849066497880004,2,0,1,1,0,0,0,0,0,0,0,0,0,0,0,1,84.22820104889091
6992.71,8.85262345680249,1,2.5,71,4.2626798770413155,0,0,0,1,0,0,1,0,0,3.0,0,1,4.47,1.6992786164338898,0,0,0,0,0,0,0,0,0,0,0,0,0,0,0,1,84.22820104889091
5972.22,8.694873996560597,1,2.5,72,4.276666119016055,0,0,0,1,0,1,0,0,0,1.0,0,0,6,1.9459101490553132,1,0,0,0,0,0,0,0,0,0,0,0,0,0,0,1,84.22820104889091
6725.45,8.813654116729506,1,2.5,55,4.007333185232471,0,0,0,1,0,0,0,0,1,2.8,0,0,4.47,1.6992786164338898,0,0,0,0,0,0,0,0,0,0,0,0,0,0,0,1,84.22820104889091
6402.44,8.764434446690448,1,2.5,82,4.406719247264253,0,0,0,1,0,0,1,0,0,3.0,0,1,4.47,1.6992786164338898,1,0,0,0,0,0,0,0,0,0,0,0,0,0,0,1,84.22820104889091
7160.49,8.876333693367261,1,2.5,41,3.713572066704308,0,0,0,1,0,0,1,0,0,2.0,0,1,4.47,1.6992786164338898,1,0,0,0,0,0,0,0,0,0,0,0,0,0,0,1,84.22820104889091
7804.88,8.962504458071571,1,2.5,41,3.713572066704308,0,0,0,1,0,0,1,0,0,4.0,0,1,4.47,1.6992786164338898,1,0,0,0,0,0,0,0,0,0,0,0,0,0,0,1,84.22820104889091
4675.00,8.449984441722787,1,2.5,40,3.6888794541139363,1,0,0,0,0,1,0,0,0,1.0,0,0,12,2.5649493574615367,0,0,1,0,1,0,0,0,0,0,0,0,0,0,0,1,84.22820104889091
2791.18,7.934219724469994,1,2.5,34,3.5263605246161616,0,0,0,1,0,1,0,0,0,1.0,0,0,0,0,0,0,0,0,0,0,0,0,0,0,0,0,0,0,0,1,84.22820104889091
6682.03,8.807177112580373,1,2.5,43,3.7612001156935624,0,0,0,1,0,0,1,0,0,2.0,0,1,4.47,1.6992786164338898,1,0,0,0,0,0,0,0,0,0,0,0,0,0,0,1,84.22820104889091
4841.71,8.48502324309801,0,2.0,38,3.6375861597263857,0,0,0,1,0,0,0,1,0,3.0,0,1,9,2.302585092994046,1,0,0,0,0,0,0,0,0,0,0,0,0,0,0,1,84.22820104889091
9362.00,9.144414221860016,1,2.5,87,4.465908118654584,0,0,0,0,1,0,1,0,0,5.0,0,1,0,0,1,0,0,0,0,0,0,0,0,0,0,0,0,0,0,1,84.22820104889091
6973.68,8.849898341468206,1,2.5,76,4.330733340286331,0,0,0,1,0,0,1,0,0,6.0,0,1,4.47,1.6992786164338898,1,0,0,0,0,0,0,0,0,0,0,0,0,0,0,1,84.22820104889091
5294.12,8.574352049700531,1,2.5,34,3.5263605246161616,0,0,0,1,0,1,0,0,0,1.0,0,0,6,1.9459101490553132,1,0,0,0,0,0,0,0,0,0,0,0,0,0,0,1,84.22820104889091
5555.56,8.622554507073744,0,2.0,81,4.394449154672439,0,0,0,1,0,0,1,0,0,4.0,0,0,2,1.0986122886681098,1,0,0,0,0,0,0,0,0,0,0,0,0,0,0,1,84.22820104889091
11206.08,9.324211767132407,1,2.5,74,4.30406509320417,0,0,0,0,1,0,1,0,0,4.0,0,1,0,0,1,0,0,0,0,0,0,0,0,0,0,0,0,0,0,1,84.22820104889091
3971.43,8.286881510335581,1,2.5,35,3.5553480614894135,0,0,0,1,0,1,0,0,0,1.0,0,0,1,0.6931471805599453,1,0,0,0,0,0,0,0,0,0,0,0,0,0,0,1,84.22820104889091
6531.53,8.784396498041692,1,2.5,44,3.784189633918261,0,0,0,1,0,0,1,0,0,6.0,0,1,4.47,1.6992786164338898,0,0,0,0,0,0,0,0,0,0,0,0,0,0,0,1,84.22820104889091
3021.74,8.013588103393477,1,2.5,46,3.828641396489095,0,0,0,1,0,1,0,0,0,1.0,0,0,0,0,1,0,0,0,0,0,0,0,0,0,0,0,0,0,0,1,84.22820104889091
4778.16,8.471810814139651,0,1.0,29,3.367295829986474,0,0,0,1,0,1,0,0,0,1.0,0,0,11,2.4849066497880004,2,0,1,1,0,0,0,0,0,0,0,0,0,0,0,1,84.22820104889091
5300.00,8.575462099540212,1,2.5,65,4.174387269895637,0,0,0,1,0,0,0,1,0,3.0,0,1,0,0,1,0,0,0,0,0,0,0,0,0,0,0,0,0,0,1,84.22820104889091
6202.53,8.73271255231363,1,2.5,79,4.3694478524670215,0,0,0,1,0,0,1,0,0,6.0,0,1,4.47,1.6992786164338898,1,0,0,0,0,0,0,0,0,0,0,0,0,0,0,1,84.22820104889091
4736.84,8.463125525701418,1,2.5,38,3.6375861597263857,0,0,0,1,0,1,0,0,0,1.0,0,0,3,1.3862943611198906,1,0,1,0,1,0,0,0,0,0,0,0,0,0,0,1,84.22820104889091
4459.46,8.402782961450606,1,2.5,37,3.6109179126442243,0,0,0,1,0,1,0,0,0,1.0,0,0,4,1.6094379124341003,1,0,1,0,1,0,0,0,0,0,0,0,0,0,0,1,84.22820104889091
11181.23,9.321991758546654,1,2.5,73,4.290459441148391,0,0,0,0,1,0,1,0,0,4.0,0,1,0,0,1,0,0,0,0,0,0,0,0,0,0,0,0,0,0,1,84.22820104889091
7394.63,8.90850934008654,0,1.0,41,3.713572066704308,0,0,0,1,0,0,1,0,0,6.0,0,1,4.47,1.6992786164338898,0,0,0,0,0,0,0,0,0,0,0,0,0,0,0,1,84.22820104889091
3498.45,8.160075292244462,1,2.5,97,4.574710978503383,0,0,0,1,0,0,0,0,1,2.8,0,0,4.47,1.6992786164338898,0,0,0,0,0,0,0,0,0,0,0,0,0,0,0,1,84.22820104889091
6313.13,8.750386870583927,1,2.5,40,3.6888794541139363,0,0,0,1,0,0,1,0,0,2.0,0,1,4.47,1.6992786164338898,1,0,0,0,0,0,0,0,0,0,0,0,0,0,0,1,84.22820104889091
3494.62,8.158979922004225,1,2.5,93,4.532599493153256,0,0,0,1,0,1,0,0,0,1.0,0,0,4.47,1.6992786164338898,1,0,0,0,0,0,0,0,0,0,0,0,0,0,0,1,84.22820104889091
6000.00,8.699514748210191,1,2.5,150,5.0106352940962555,0,0,0,1,0,0,1,0,0,6.0,0,1,2,1.0986122886681098,1,0,1,0,1,0,0,0,0,0,0,0,0,0,0,1,84.22820104889091
7407.22,8.910210479205794,1,2.5,54,3.9889840465642745,0,0,0,1,0,0,1,0,0,5.0,0,0,2,1.0986122886681098,0,0,0,0,0,0,0,0,0,0,0,0,0,0,0,1,84.22820104889091
6415.09,8.766408306569405,1,2.5,53,3.970291913552122,0,0,0,1,0,0,1,0,0,5.0,0,1,4.47,1.6992786164338898,1,0,0,0,0,0,0,0,0,0,0,0,0,0,0,1,84.22820104889091
4239.95,8.352306755703642,0,0.0,32,3.4657359027997265,0,0,0,1,0,1,0,0,0,1.0,0,0,11,2.4849066497880004,2,0,1,1,0,0,0,0,0,0,0,0,0,0,0,1,84.22820104889091
6882.49,8.8367357840553,0,2.0,39,3.6635616461296463,1,0,0,0,0,0,0,0,1,2.8,0,0,45.01,3.8288587641673772,0,0,0,0,0,0,0,0,0,0,0,0,0,0,0,1,84.22820104889091
3878.05,8.26308772896342,1,2.5,41,3.713572066704308,0,0,0,1,0,1,0,0,0,1.0,0,1,3,1.3862943611198906,1,0,0,0,0,0,0,0,0,0,0,0,0,0,0,1,84.22820104889091
3180.56,8.064812560899258,1,2.5,72,4.276666119016055,0,0,0,1,0,1,0,0,0,1.0,0,0,3,1.3862943611198906,1,0,0,0,0,0,0,0,0,0,0,0,0,0,0,1,84.22820104889091
6428.57,8.768507397474897,0,3.0,77,4.343805421853684,0,0,0,1,0,1,0,0,0,1.0,0,0,5,1.791759469228055,0,0,0,0,0,0,0,0,0,0,0,0,0,0,0,1,84.22820104889091
4500.00,8.411832675758411,0,2.0,42,3.7376696182833684,0,0,0,1,0,1,0,0,0,1.0,0,0,11,2.4849066497880004,2,0,1,0,1,0,0,0,0,0,0,0,0,0,0,1,84.22820104889091
5634.15,8.636601572150061,1,2.5,41,3.713572066704308,0,0,0,1,0,1,0,0,0,1.0,0,0,0,0,1,0,1,0,1,0,0,0,0,0,0,0,0,0,0,1,84.22820104889091
4291.85,8.364473154398022,1,2.5,44,3.784189633918261,0,0,0,1,0,1,0,0,0,1.0,0,0,3,1.3862943611198906,0,0,0,1,1,0,0,0,0,0,0,0,0,0,0,1,84.22820104889091
5986.84,8.697319005998343,0,2.0,76,4.330733340286331,0,0,0,1,0,0,1,0,0,7.0,0,1,4.47,1.6992786164338898,1,0,0,0,0,0,0,0,0,0,0,0,0,0,0,1,84.22820104889091
10451.26,9.254477824287157,1,2.5,51,3.9318256327243257,0,0,0,0,1,0,1,0,0,5.0,0,1,0,0,1,0,0,0,0,0,0,0,0,0,0,0,0,0,0,1,84.22820104889091
6910.14,8.840745177048515,1,2.5,43,3.7612001156935624,0,0,0,1,0,0,1,0,0,2.0,0,1,2,1.0986122886681098,1,0,0,0,0,0,0,0,0,0,0,0,0,0,0,1,84.22820104889091
6910.14,8.840745177048515,1,2.5,43,3.7612001156935624,0,0,0,1,0,0,1,0,0,2.0,0,1,4.47,1.6992786164338898,0,0,0,0,0,0,0,0,0,0,0,0,0,0,0,1,84.22820104889091
7521.74,8.925552773157696,1,2.5,46,3.828641396489095,0,0,0,1,0,0,0,0,1,2.8,0,0,4.47,1.6992786164338898,0,0,0,0,0,0,0,0,0,0,0,0,0,0,0,1,84.22820104889091
6730.77,8.814444829169878,1,2.5,52,3.9512437185814275,0,0,0,1,0,0,1,0,0,7.0,0,0,3,1.3862943611198906,0,0,0,0,0,0,0,0,0,0,0,0,0,0,0,1,84.22820104889091
6090.91,8.714552774828453,0,3.0,55,4.007333185232471,0,0,0,1,0,1,0,0,0,1.0,0,0,5,1.791759469228055,0,0,0,0,0,0,0,0,0,0,0,0,0,0,0,1,84.22820104889091
4907.96,8.49861365583834,0,2.0,49,3.8918202981106265,0,0,1,0,0,1,0,0,1,2.8,0,0,42.02,3.761665123839584,0,1,0,1,0,0,0,0,0,0,0,0,0,0,0,1,84.22820104889091
3892.86,8.266899384980762,1,2.5,28,3.332204510175204,0,0,0,1,0,1,0,0,0,1.0,0,0,3,1.3862943611198906,1,0,0,0,0,0,0,0,0,0,0,0,0,0,0,1,84.22820104889091
9662.18,9.175974574624117,1,2.5,50,3.912023005428146,0,0,0,0,1,0,1,0,0,3.0,0,1,0,0,1,0,0,0,1,0,0,0,0,0,0,0,0,0,0,1,84.22820104889091
6900.00,8.83927669058535,1,2.5,50,3.912023005428146,0,0,0,1,0,1,0,0,0,1.0,0,1,4.47,1.6992786164338898,1,0,0,0,0,0,0,0,0,0,0,0,0,0,0,1,84.22820104889091
5232.56,8.562655921048487,1,2.5,43,3.7612001156935624,0,0,0,1,0,1,0,0,0,1.0,0,0,6,1.9459101490553132,2,0,0,0,0,0,0,0,0,0,0,0,0,0,0,1,84.22820104889091
5217.39,8.559752555835002,1,2.5,23,3.1354942159291497,0,0,0,1,0,1,0,0,0,1.0,0,1,9,2.302585092994046,1,0,0,0,1,0,0,0,0,0,0,0,0,0,0,1,84.22820104889091
2694.22,7.898864016590786,0,2.0,56,4.02535169073515,0,0,0,0,1,1,0,0,0,1.0,0,1,1,0.6931471805599453,1,0,0,1,0,0,0,0,0,0,0,0,0,0,1,0,-17.01205561955556
2481.48,7.81661043535367,0,2.0,54,3.9889840465642745,0,1,0,0,0,0,0,1,0,5.0,0,0,40,3.713572066704308,0,1,1,1,1,0,0,0,0,0,0,0,0,0,1,0,-17.01205561955556
2692.11,7.898080551742576,0,2.0,58,4.060443010546419,0,0,0,0,1,0,1,0,0,2.0,0,1,1,0.6931471805599453,1,0,0,0,1,0,0,0,0,0,0,0,0,0,1,0,-17.01205561955556
1879.08,7.5385375743453515,0,3.0,61,4.110873864173311,0,1,0,0,0,0,0,0,1,2.8,0,0,45,3.828641396489095,0,0,0,0,0,0,0,0,0,0,0,0,0,0,1,0,-17.01205561955556
1498.78,7.31240672282196,0,3.0,123,4.812184355372417,0,0,0,0,1,1,0,0,0,1.0,0,1,1,0.6931471805599453,1,1,0,1,0,0,0,0,0,0,0,0,0,0,1,0,-17.01205561955556
2697.92,7.900236384734311,0,2.0,55,4.007333185232471,0,0,0,0,1,1,0,0,0,1.0,0,1,1,0.6931471805599453,1,0,0,1,0,0,0,0,0,0,0,0,0,0,1,0,-17.01205561955556
1854.40,7.525316472585487,0,3.0,73,4.290459441148391,0,1,0,0,0,0,0,1,0,8.0,0,1,0,0,0,0,0,0,0,0,0,0,0,0,0,0,0,0,1,0,-17.01205561955556
1951.25,7.576225471829642,0,3.0,89,4.48863636973214,0,0,0,0,1,1,0,0,0,1.0,0,1,1,0.6931471805599453,1,1,0,1,0,0,0,0,0,0,0,0,0,0,1,0,-17.01205561955556
2740.92,7.916048909448543,0,2.0,54,3.9889840465642745,0,0,0,0,1,0,1,0,0,2.0,0,1,1,0.6931471805599453,1,0,0,0,1,0,0,0,0,0,0,0,0,0,1,0,-17.01205561955556
2125.28,7.661658837384193,0,1.0,45,3.8066624897703196,0,1,0,0,0,0,1,0,0,2.0,0,0,32,3.4965075614664802,0,0,0,0,1,0,0,0,0,0,0,0,0,0,1,0,-17.01205561955556
1932.84,7.5667457028905885,0,3.0,67,4.204692619390966,0,1,0,0,0,0,0,1,0,3.0,0,0,65,4.189654742026425,3,1,0,0,0,0,0,0,0,0,0,0,0,0,1,0,-17.01205561955556
974.66,6.8820886922328866,0,2.0,49,3.8918202981106265,1,0,0,0,0,1,0,0,0,1.0,0,0,24,3.2188758248682006,0,0,0,0,0,0,0,0,0,0,0,0,0,0,1,0,-42.53144802697500
954.29,6.860967608483257,0,2.0,49,3.8918202981106265,1,0,0,0,0,0,0,1,0,3.0,0,0,24,3.2188758248682006,0,0,0,0,0,0,0,0,0,0,0,0,0,0,1,0,-42.53144802697500
974.66,6.8820886922328866,0,2.0,49,3.8918202981106265,1,0,0,0,0,1,0,0,0,1.0,0,0,24,3.2188758248682006,0,0,0,0,0,0,0,0,0,0,0,0,0,0,1,0,-42.53144802697500
2927.59,7.981934837954057,0,1.0,29,3.367295829986474,0,0,0,1,0,0,1,0,0,2.0,0,1,1,0.6931471805599453,1,0,0,0,0,0,0,0,0,0,0,0,0,0,1,0,-19.23099166343333
2549.88,7.843801578221641,0,2.0,66,4.189654742026425,0,0,0,1,0,1,0,0,0,1.0,0,1,1,0.6931471805599453,0,0,0,0,0,0,0,0,0,0,0,0,0,0,1,0,-19.23099166343333
2738.36,7.9151144800394695,0,3.0,73,4.290459441148391,0,0,0,1,0,1,0,0,0,1.0,0,1,1,0.6931471805599453,0,0,0,0,0,0,0,0,0,0,0,0,0,0,1,0,-19.23099166343333
2549.88,7.843801578221641,0,2.0,66,4.189654742026425,0,0,0,1,0,1,0,0,0,1.0,0,1,1,0.6931471805599453,0,0,0,0,0,0,0,0,0,0,0,0,0,0,1,0,-19.23099166343333
2780.22,7.930285340244187,0,1.0,27,3.295836866004329,0,0,0,1,0,0,1,0,0,2.0,0,1,1,0.6931471805599453,1,0,1,0,1,0,0,0,0,0,0,0,0,0,1,0,-19.23099166343333
2620.69,7.871192920860933,0,2.0,58,4.060443010546419,0,0,0,1,0,1,0,0,0,1.0,0,0,1,0.6931471805599453,1,0,0,0,0,0,0,0,0,0,0,0,0,0,1,0,-19.23099166343333
2730.50,7.912240021592209,0,3.0,73,4.290459441148391,0,0,0,1,0,1,0,0,0,1.0,0,1,1,0.6931471805599453,0,0,0,0,0,0,0,0,0,0,0,0,0,0,1,0,-19.23099166343333
2731.71,7.9126830657152984,0,2.0,62,4.127134385045092,0,0,0,1,0,0,1,0,0,2.0,0,0,1,0.6931471805599453,0,0,1,0,1,0,0,0,0,0,0,0,0,0,1,0,-19.23099166343333
2474.59,7.8138300047145695,0,3.0,72,4.276666119016055,0,0,0,1,0,0,1,0,0,2.0,0,1,4.47,1.6992786164338898,0,0,0,0,0,0,0,0,0,0,0,0,0,0,1,0,-19.23099166343333
1416.58,7.256000794908408,0,3.0,120,4.787491742782046,0,1,0,0,0,0,0,0,1,2.8,0,0,45,3.828641396489095,0,0,0,0,0,0,0,0,0,1,0,0,0,0,0,0,-19.13181231142143
2500.00,7.824046010856292,0,2.0,62,4.127134385045092,0,0,0,1,0,1,0,0,0,3.0,0,0,0,0,1,0,0,0,0,0,0,0,0,1,0,0,0,0,0,0,-19.13181231142143
2542.52,7.840910994165129,0,4.0,86,4.454347296253507,0,0,0,0,1,0,0,1,0,3.0,0,0,0,0,1,0,0,0,0,0,0,0,0,1,0,0,0,0,0,0,-19.13181231142143
2627.96,7.873963158788513,0,2.0,46,3.828641396489095,0,0,0,0,1,0,0,1,0,3.0,0,0,0,0,1,0,0,0,0,0,0,0,0,1,0,0,0,0,0,0,-19.13181231142143
2892.36,7.969828056859298,0,1.0,36,3.58351893845611,0,0,0,0,1,0,0,1,0,3.0,0,0,0,0,1,0,0,0,0,0,0,0,0,1,0,0,0,0,0,0,-19.13181231142143
2272.06,7.728442187943049,0,3.0,65,4.174387269895637,0,0,0,0,1,0,0,1,0,3.0,0,0,0,0,1,0,0,0,0,0,0,0,0,1,0,0,0,0,0,0,-19.13181231142143
1799.33,7.495169652370147,0,4.0,150,5.0106352940962555,0,0,1,0,0,0,0,0,1,2.8,0,0,42.02,3.761665123839584,0,0,0,0,0,0,0,0,0,1,0,0,0,0,0,0,-19.13181231142143
1960.78,7.581097632243482,0,3.0,102,4.624972813284271,0,0,0,1,0,1,0,0,0,3.0,0,0,0,0,1,0,0,0,0,0,0,0,0,1,0,0,0,0,0,0,-19.13181231142143
1863.00,7.529943370601589,0,4.0,140,4.941642422609304,0,0,0,1,0,0,0,1,0,4.0,0,0,0,0,1,0,0,0,0,0,0,0,0,1,0,0,0,0,0,0,-19.13181231142143
2000.00,7.600902459542082,0,3.0,65,4.174387269895637,0,1,0,0,0,0,0,1,0,9.0,1,1,38,3.6635616461296463,0,1,0,1,0,0,0,0,0,1,0,0,0,0,0,0,-3.59532986850000
1940.72,7.570814317224797,0,2.0,57,4.04305126783455,1,0,0,0,0,0,1,0,0,6.0,0,1,52,3.970291913552122,0,0,0,0,1,0,0,0,0,1,0,0,0,0,0,0,-3.59532986850000
1869.57,7.533463736882813,0,3.0,69,4.23410650459726,0,1,0,0,0,0,1,0,1,2.8,0,0,45,3.828641396489095,0,0,0,0,0,0,0,0,0,1,0,0,0,0,0,0,-3.59532986850000
2000.00,7.600902459542082,0,3.0,65,4.174387269895637,0,0,1,0,0,0,0,1,0,9.0,1,0,42.02,3.761665123839584,0,0,0,0,0,0,0,0,0,1,0,0,0,0,0,0,-3.59532986850000
3624.16,8.195377816298658,0,1.0,30,3.4011973816621555,0,0,1,0,0,0,1,0,0,4.0,0,0,25,3.258096538021482,0,0,0,0,0,0,0,0,0,1,0,0,0,0,0,0,-3.59532986850000
1844.62,7.520028573201909,0,3.0,65,4.174387269895637,0,1,0,0,0,0,1,0,0,8.0,0,0,125,4.836281906951478,0,0,0,0,0,0,0,0,0,1,0,0,0,0,0,0,-3.59532986850000
1940.72,7.570814317224797,0,2.0,57,4.04305126783455,1,0,0,0,0,0,1,0,0,6.0,0,1,52,3.970291913552122,0,0,0,0,0,0,0,0,0,1,0,0,0,0,0,0,-3.59532986850000
1917.81,7.558939189014048,0,3.0,73,4.290459441148391,0,1,0,0,0,0,0,1,0,8.0,0,0,50,3.9318256327243257,0,1,0,0,1,0,0,0,0,1,0,0,0,0,0,0,-3.59532986850000
2031.25,7.6164066460780475,0,3.0,64,4.1588830833596715,0,0,1,0,0,0,0,0,1,2.8,0,0,42.02,3.761665123839584,0,0,0,0,0,0,0,0,0,1,0,0,0,0,0,0,-3.59532986850000
2400.00,7.783224016336037,0,2.0,50,3.912023005428146,0,0,1,0,0,0,0,1,0,7.0,0,1,42.02,3.761665123839584,0,0,0,0,0,0,0,0,0,1,0,0,0,0,0,0,-3.59532986850000
2048.56,7.624892386282179,0,2.0,56,4.02535169073515,0,1,0,0,0,0,1,0,0,8.0,0,1,44.74,3.822973188594635,0,0,0,0,0,0,0,0,0,0,0,0,0,0,1,0,-14.77842693387143
1950.00,7.575584651557793,0,1.0,40,3.6888794541139363,0,0,1,0,0,1,0,0,0,0.0,0,0,65,4.189654742026425,0,0,0,0,0,0,0,0,0,0,0,0,0,0,1,0,-14.77842693387143
2461.54,7.808542449320131,0,4.0,130,4.867534450455582,0,0,0,1,0,0,1,0,0,2.0,0,0,45,3.828641396489095,2,0,0,0,0,0,0,0,0,0,0,0,0,0,1,0,-14.77842693387143
2920.00,7.979338895262328,0,3.0,75,4.31748811353631,0,1,0,0,0,0,0,0,1,2.8,0,0,44.74,3.822973188594635,0,0,0,0,0,0,0,0,0,0,0,0,0,0,1,0,-14.77842693387143
2530.41,7.836136623927986,0,3.0,74,4.30406509320417,0,0,0,1,0,0,0,0,1,2.8,0,0,4.47,1.6992786164338898,0,0,0,0,0,0,0,0,0,0,0,0,0,0,1,0,-14.77842693387143
1890.55,7.544623071010866,0,4.0,80,4.382026634673881,0,1,0,0,0,0,1,0,0,3.0,0,0,46,3.8501476017100584,0,1,0,0,1,0,0,0,0,0,0,0,0,0,1,0,-14.77842693387143
2459.26,7.80761577066497,0,3.0,81,4.394449154672439,0,0,0,1,0,0,0,0,1,2.8,0,0,4.47,1.6992786164338898,0,0,0,0,0,0,0,0,0,0,0,0,0,0,1,0,-14.77842693387143
2504.24,7.82574057427236,0,4.0,118,4.770684624465665,0,0,0,1,0,0,0,0,1,2.8,0,0,4.47,1.6992786164338898,0,0,0,0,0,0,0,0,0,0,0,0,0,0,1,0,-14.77842693387143
1003.71,6.9114584139065185,0,0.0,123,4.812184355372417,0,1,0,0,0,0,0,0,1,2.8,0,0,44.74,3.822973188594635,0,0,0,0,0,0,0,0,0,0,0,0,0,0,1,0,-14.77842693387143
1756.01,7.470799468939667,0,2.0,54,3.9889840465642745,0,0,1,0,0,1,0,0,0,1.0,0,0,0,0,0,0,0,0,0,0,0,0,0,0,0,0,0,0,1,0,-14.77842693387143
1981.35,7.591533709537982,0,3.0,86,4.454347296253507,0,0,1,0,0,0,1,0,0,2.0,0,0,0,0,0,0,0,0,0,0,0,0,0,0,0,0,0,0,1,0,-14.77842693387143
1815.80,7.504281420937657,0,0.0,123,4.812184355372417,0,0,0,1,0,0,0,0,1,2.8,0,0,4.47,1.6992786164338898,0,0,0,0,0,0,0,0,0,0,0,0,0,0,1,0,-14.77842693387143
2259.79,7.723027167594986,0,2.0,56,4.02535169073515,0,1,0,0,0,0,0,1,0,9.0,1,1,0,0,0,0,0,0,0,0,0,0,0,0,0,0,0,0,1,0,-14.77842693387143
1875.00,7.536363938404511,0,2.0,56,4.02535169073515,0,1,0,0,0,0,0,1,0,5.0,0,0,54,4.007333185232471,0,0,0,0,0,0,0,0,0,1,0,0,0,0,0,0,-32.67598336871000
1785.71,7.487571374232199,0,3.0,70,4.248495242049359,0,1,0,0,0,0,0,1,0,4.0,0,0,40,3.713572066704308,0,0,0,0,0,0,0,0,0,1,0,0,0,0,0,0,-32.67598336871000
1785.71,7.487571374232199,0,3.0,70,4.248495242049359,0,1,0,0,0,0,1,0,0,3.0,0,0,44.74,3.822973188594635,0,0,0,0,0,0,0,0,0,1,0,0,0,0,0,0,-32.67598336871000
1907.14,7.5533600166446195,0,3.0,70,4.248495242049359,0,1,0,0,0,1,0,0,0,1.0,0,0,40,3.713572066704308,0,0,0,1,1,0,0,0,0,1,0,0,0,0,0,0,-32.67598336871000
2600.00,7.8632667240095735,0,1.0,30,3.4011973816621555,0,1,0,0,0,0,0,0,1,2.8,0,0,45,3.828641396489095,0,0,0,0,0,0,0,0,0,1,0,0,0,0,0,0,-32.67598336871000
1270.27,7.146984755281991,0,2.0,74,4.30406509320417,1,0,0,0,0,0,1,0,0,3.0,0,0,48,3.8918202981106265,0,0,0,0,0,0,0,0,0,1,0,0,0,0,0,0,-32.67598336871000
1875.00,7.536363938404511,0,2.0,56,4.02535169073515,0,1,0,0,0,0,0,0,1,2.8,0,0,0,0,0,0,1,0,1,0,0,0,0,1,0,0,0,0,0,0,-32.67598336871000
1523.08,7.3284898794210696,0,3.0,65,4.174387269895637,1,0,0,0,0,1,0,0,0,1.0,0,0,45.01,3.8288587641673772,0,0,0,0,0,0,0,0,0,1,0,0,0,0,0,0,-32.67598336871000
1361.11,7.21605582230979,0,3.0,72,4.276666119016055,1,0,0,0,0,0,1,0,0,2.0,0,0,0,0,0,0,0,0,0,0,0,0,0,1,0,0,0,0,0,0,-32.67598336871000
2236.84,7.7128194345691545,0,1.0,38,3.6375861597263857,0,1,0,0,0,0,1,0,0,3.0,0,0,50,3.9318256327243257,0,0,0,0,0,0,0,0,0,1,0,0,0,0,0,0,-32.67598336871000
1789.61,7.489752998001166,0,2.0,61,4.110873864173311,0,0,1,0,0,0,0,0,1,2.8,0,0,42.02,3.761665123839584,0,0,0,0,0,0,0,0,1,0,0,0,0,0,0,0,-22.98083208213333
1830.77,7.512491922366008,0,2.0,42,3.7376696182833684,0,0,1,0,0,0,0,0,1,2.8,0,0,42.02,3.761665123839584,0,0,0,0,0,0,0,0,1,0,0,0,0,0,0,0,-22.98083208213333
1828.00,7.510977752014095,0,2.0,43,3.7612001156935624,0,0,1,0,0,0,0,0,1,2.8,0,0,42.02,3.761665123839584,0,0,0,0,0,0,0,0,1,0,0,0,0,0,0,0,-22.98083208213333
1777.17,7.482777490433119,0,3.0,71,4.2626798770413155,0,0,1,0,0,0,0,0,1,2.8,0,0,42.02,3.761665123839584,0,0,0,0,0,0,0,0,1,0,0,0,0,0,0,0,-22.98083208213333
1800.05,7.495569721276238,0,2.0,55,4.007333185232471,0,0,1,0,0,0,0,0,1,2.8,0,0,42.02,3.761665123839584,0,0,0,0,0,0,0,0,1,0,0,0,0,0,0,0,-22.98083208213333
1803.71,7.497600933820013,0,2.0,53,3.970291913552122,0,0,1,0,0,1,0,0,0,1.0,0,0,1,0.6931471805599453,0,0,0,0,0,0,0,0,1,0,0,0,0,0,0,0,-22.98083208213333
1790.64,7.490328376831369,0,2.0,61,4.110873864173311,0,0,1,0,0,0,0,1,0,2.0,0,0,45,3.828641396489095,0,0,0,0,0,0,0,0,1,0,0,0,0,0,0,0,-22.98083208213333
1835.43,7.515034065462184,0,2.0,41,3.713572066704308,0,0,1,0,0,0,0,0,1,2.8,0,0,42.02,3.761665123839584,0,0,0,0,0,0,0,0,1,0,0,0,0,0,0,0,-22.98083208213333
1895.12,7.547037440049872,0,2.0,59,4.07753744390572,0,0,1,0,0,1,0,0,0,1.0,0,0,85,4.454347296253507,1,0,0,0,0,0,0,0,1,0,0,0,0,0,0,0,-22.98083208213333
3357.41,8.118925122379142,0,2.0,51,3.9318256327243257,0,0,0,1,0,1,0,0,0,1.0,0,0,125,4.836281906951478,1,1,0,0,1,0,0,0,0,1,0,0,0,0,0,0,6.76942205142500
3414.06,8.135657477892396,0,1.0,34,3.5263605246161616,0,0,0,1,0,1,0,0,0,1.0,0,0,0,0,1,0,0,1,0,0,0,0,0,1,0,0,0,0,0,0,6.76942205142500
2552.63,7.844879479202242,0,1.0,38,3.6375861597263857,0,1,0,0,0,0,0,0,1,2.8,0,0,44.74,3.822973188594635,0,0,0,0,0,0,0,0,1,0,0,0,0,0,0,0,-9.22307487202000
2400.00,7.783224016336037,0,1.0,40,3.6888794541139363,0,1,0,0,0,1,0,0,1,2.8,0,0,48,3.8918202981106265,1,0,0,1,0,0,0,0,1,0,0,0,0,0,0,0,-9.22307487202000
1945.15,7.573094373901511,0,2.0,67,4.204692619390966,0,1,0,0,0,1,0,0,0,1.0,0,0,37,3.6375861597263857,0,0,0,0,0,0,0,0,1,0,0,0,0,0,0,0,-9.22307487202000
2070.42,7.635506764229012,0,3.0,71,4.2626798770413155,0,1,0,0,0,0,1,0,0,2.0,0,0,50,3.9318256327243257,2,0,0,0,0,0,0,0,1,0,0,0,0,0,0,0,-9.22307487202000
2069.44,7.635033318258228,0,3.0,72,4.276666119016055,0,0,1,0,0,1,0,0,1,2.8,0,0,47,3.871201010907891,0,0,0,0,0,0,0,0,1,0,0,0,0,0,0,0,-9.22307487202000
2126.38,7.662176282346652,0,2.0,58,4.060443010546419,0,1,0,0,0,0,0,0,1,2.8,0,0,44.74,3.822973188594635,0,0,0,0,0,0,0,0,1,0,0,0,0,0,0,0,-9.22307487202000
1960.16,7.580781381545861,0,2.0,63,4.143134726391533,0,1,0,0,0,0,1,0,0,3.0,0,0,51,3.9512437185814275,0,0,0,0,0,0,0,0,1,0,0,0,0,0,0,0,-9.22307487202000
1824.32,7.508962593843217,0,3.0,74,4.30406509320417,1,0,0,0,0,0,1,0,0,2.0,0,0,55,4.02535169073515,2,0,0,0,0,0,0,0,1,0,0,0,0,0,0,0,-9.22307487202000
2092.05,7.645899725472813,0,2.0,57,4.04305126783455,0,1,0,0,0,1,0,0,0,4.0,0,1,43,3.784189633918261,0,0,0,0,0,0,0,0,1,0,0,0,0,0,0,0,-9.22307487202000
2341.22,7.75842744000829,0,1.0,41,3.713572066704308,0,1,0,0,0,1,0,0,0,1.0,0,0,50,3.9318256327243257,0,0,0,1,0,0,0,0,1,0,0,0,0,0,0,0,-9.22307487202000
1566.67,7.356707626687351,0,2.0,60,4.0943445622221,1,0,0,0,0,1,0,0,0,1.0,0,1,50,3.9318256327243257,7,0,1,1,0,0,0,0,0,0,0,1,0,0,0,0,-1.33200384183000
3515.15,8.164837477587445,0,1.0,33,3.4965075614664802,0,0,0,1,0,0,0,0,1,2.8,0,0,4.47,1.6992786164338898,0,0,0,0,0,0,0,0,0,0,0,1,0,0,0,0,-1.33200384183000
2571.43,7.85221744337839,0,2.0,70,4.248495242049359,1,0,0,0,0,0,1,0,0,3.0,0,1,45.01,3.8288587641673772,0,0,1,1,0,0,0,0,0,0,0,1,0,0,0,0,-1.33200384183000
2181.18,7.687621293745243,0,2.0,50,3.912023005428146,1,0,0,0,0,0,1,0,0,2.0,0,1,45.01,3.8288587641673772,0,0,0,0,1,0,0,0,0,0,0,1,0,0,0,0,-1.33200384183000
2191.01,7.692117903711021,0,4.0,89,4.48863636973214,0,0,1,0,0,0,1,0,0,2.0,0,0,45,3.828641396489095,0,0,0,0,0,0,0,0,0,0,0,1,0,0,0,0,-1.33200384183000
2585.71,7.857755410738667,0,2.0,70,4.248495242049359,0,0,0,1,0,1,0,0,0,1.0,0,0,14,2.70805020110221,1,0,0,0,0,0,0,0,0,0,0,1,0,0,0,0,-1.33200384183000
2383.23,7.776211989436661,0,4.0,84,4.430816798843313,0,0,1,0,0,0,1,0,0,5.0,0,0,10,2.3978952727983707,0,0,0,0,0,0,0,0,0,0,0,1,0,0,0,0,-1.33200384183000
2875.00,7.963807953231451,0,3.0,80,4.382026634673881,1,0,0,0,0,0,0,0,1,2.8,0,0,45.01,3.8288587641673772,0,0,0,0,0,0,0,0,0,0,0,1,0,0,0,0,-1.33200384183000
3049.48,8.0227263632628,0,3.0,87,4.465908118654584,0,0,0,1,0,0,0,0,1,2.8,0,0,0,0,0,0,0,0,0,0,0,0,0,0,0,1,0,0,0,0,-1.33200384183000
4278.07,8.36125725229483,0,2.0,52,3.9512437185814275,0,0,0,1,0,0,1,0,0,5.0,0,1,4.47,1.6992786164338898,1,0,0,0,0,0,0,0,0,0,0,1,0,0,0,0,-1.33200384183000
2463.35,7.809277491151114,0,3.0,77,4.343805421853684,0,0,1,0,0,1,0,0,0,1.0,0,0,12,2.5649493574615367,0,0,0,0,0,0,0,0,0,0,0,1,0,0,0,0,-1.33200384183000
2067.57,7.634129283640299,0,3.0,74,4.30406509320417,0,0,0,1,0,0,1,0,0,3.0,0,0,10,2.3978952727983707,0,0,0,1,1,0,0,0,0,0,0,1,0,0,0,0,-1.33200384183000
2094.10,7.646879145782107,0,3.0,74,4.30406509320417,1,0,0,0,0,0,1,0,0,4.0,0,0,45,3.828641396489095,0,0,0,0,0,0,0,0,0,0,0,1,0,0,0,0,-1.33200384183000
2716.67,7.907162144559911,0,2.0,60,4.0943445622221,0,0,0,0,1,0,0,0,1,2.8,0,0,2.05,0.7178397931503168,0,0,0,0,0,0,0,0,0,0,0,1,0,0,0,0,-1.33200384183000
3996.00,8.293049139768444,0,0.0,25,3.2188758248682006,0,0,0,1,0,0,1,0,0,2.0,0,0,5,1.791759469228055,0,0,0,1,0,0,0,0,0,0,0,1,0,0,0,0,-1.33200384183000
1822.58,7.5080083586670225,0,3.0,62,4.127134385045092,1,0,0,0,0,0,1,0,0,2.0,0,1,57,4.060443010546419,0,0,1,0,1,0,0,0,1,0,0,0,0,0,0,0,-6.70779180870000
1723.08,7.451868666094286,0,3.0,65,4.174387269895637,1,0,0,0,0,0,0,0,1,2.8,0,0,45.01,3.8288587641673772,0,0,0,0,0,0,0,0,1,0,0,0,0,0,0,0,-6.70779180870000
1831.83,7.51307074616855,0,4.0,100,4.605170185988092,0,1,0,0,0,0,0,0,1,2.8,0,0,1,0.6931471805599453,0,0,0,0,0,0,0,0,0,0,0,1,0,0,0,0,-13.11993947872000
2088.44,7.644172654771858,0,3.0,63,4.143134726391533,0,0,0,1,0,1,0,0,0,1.0,0,0,5,1.791759469228055,0,0,0,0,0,0,0,0,0,1,0,0,0,0,0,0,-8.30285941623333
1988.24,7.595005104275998,0,4.0,85,4.442651256490317,0,0,1,0,0,1,0,0,0,1.0,0,0,125,4.836281906951478,0,0,0,0,0,0,0,0,0,1,0,0,0,0,0,0,-8.30285941623333
1708.73,7.443505683507335,0,3.0,77,4.343805421853684,0,0,0,1,0,1,0,0,0,1.0,0,0,5,1.791759469228055,0,0,0,0,0,0,0,0,0,1,0,0,0,0,0,0,-8.30285941623333
2691.43,7.897827929860463,0,2.0,66,4.189654742026425,0,0,1,0,0,0,1,0,0,2.0,0,1,50,3.9318256327243257,0,0,0,0,0,0,0,0,0,0,0,0,0,0,0,1,1.83786455375000
2035.13,7.618314977900205,0,3.0,72,4.276666119016055,1,0,0,0,0,0,0,1,1,2.8,0,0,45.01,3.8288587641673772,0,0,0,0,0,0,0,0,0,0,0,0,0,0,0,1,1.83786455375000
2658.00,7.885329239273191,0,2.0,50,3.912023005428146,0,1,0,0,0,1,0,0,1,2.8,0,0,50,3.9318256327243257,7,0,0,0,0,0,0,0,0,0,0,0,0,0,0,1,1.83786455375000
2208.03,7.699855994261206,0,2.0,72,4.276666119016055,0,0,1,0,0,0,1,0,0,2.0,0,0,48,3.8918202981106265,0,0,0,1,0,0,0,0,0,0,0,0,0,0,0,1,1.83786455375000
2660.00,7.886081401775745,0,2.0,50,3.912023005428146,0,1,0,0,0,1,0,0,1,2.8,0,0,65,4.189654742026425,1,0,0,0,0,0,0,0,0,0,0,0,0,0,0,1,1.83786455375000
2000.00,7.600902459542082,0,2.0,60,4.0943445622221,0,1,0,0,0,0,1,0,0,4.0,0,1,125,4.836281906951478,0,0,1,0,1,0,0,0,0,0,0,0,0,0,0,1,1.83786455375000
2085.71,7.642864603844483,0,3.0,70,4.248495242049359,1,0,0,0,0,1,0,0,0,4.0,0,0,45.01,3.8288587641673772,0,0,0,0,0,0,0,0,0,0,0,0,0,0,0,1,1.83786455375000
2386.67,7.777654367933651,0,3.0,75,4.31748811353631,0,0,1,0,0,0,0,1,0,4.0,0,0,25,3.258096538021482,0,0,0,0,0,0,0,0,0,0,0,0,0,0,0,1,1.83786455375000
3737.83,8.22626050811561,0,2.0,53,3.970291913552122,0,0,1,0,0,0,0,1,0,5.0,0,1,7,2.0794415416798357,1,0,0,0,0,0,0,0,0,0,0,0,0,0,0,1,1.83786455375000
2042.25,7.6218074202219785,0,3.0,71,4.2626798770413155,1,0,0,0,0,0,0,0,1,2.8,0,0,45.01,3.8288587641673772,0,0,0,0,0,0,0,0,0,0,0,0,0,0,0,1,1.83786455375000
1901.41,7.5503509951937335,0,2.0,71,4.2626798770413155,1,0,0,0,0,0,1,0,0,4.0,0,0,125,4.836281906951478,0,0,0,0,0,0,0,0,0,0,0,0,0,0,0,1,1.83786455375000
4444.07,8.399325902210624,0,0.0,27,3.295836866004329,0,0,0,1,0,0,0,0,1,2.8,0,0,4.47,1.6992786164338898,0,0,0,0,0,0,0,0,0,0,0,0,0,0,0,1,18.56523640373333
5111.11,8.539171880743684,1,2.5,27,3.295836866004329,0,0,0,1,0,0,0,0,1,2.8,0,0,4.47,1.6992786164338898,0,0,0,0,0,0,0,0,0,0,0,0,0,0,0,1,18.56523640373333
3646.30,8.201468233806459,0,2.0,54,3.9889840465642745,0,0,0,1,0,1,0,0,0,1.0,0,0,0,0,0,0,0,0,0,0,1,0,0,0,0,0,0,0,0,0,18.76265164520000
3752.83,8.23026550101342,0,2.0,53,3.970291913552122,0,0,0,1,0,1,0,0,0,1.0,0,0,0,0,0,0,0,0,0,0,1,0,0,0,0,0,0,0,0,0,18.76265164520000
3551.79,8.175206980742686,0,2.0,56,4.02535169073515,0,0,0,1,0,0,0,1,0,3.0,0,0,0,0,0,0,0,0,0,0,1,0,0,0,0,0,0,0,0,0,18.76265164520000
3309.46,8.104540313068048,0,3.0,74,4.30406509320417,0,0,0,1,0,0,0,1,0,3.0,0,0,0,0,0,0,0,0,0,0,1,0,0,0,0,0,0,0,0,0,18.76265164520000
4008.41,8.296149932942063,0,1.0,31,3.4339872044851463,0,0,0,0,1,0,1,0,0,2.0,0,0,0,0,0,0,0,0,0,0,1,0,0,0,0,0,0,0,0,0,18.76265164520000
3718.60,8.221102532345963,0,2.0,43,3.7612001156935624,0,0,0,1,0,0,0,1,0,3.0,0,0,0,0,0,0,0,0,0,0,1,0,0,0,0,0,0,0,0,0,18.76265164520000
3505.97,8.16222250868473,0,3.0,67,4.204692619390966,0,0,0,1,0,1,0,0,0,1.0,0,0,0,0,0,0,0,0,0,0,1,0,0,0,0,0,0,0,0,0,18.76265164520000
3543.64,8.17290972642992,0,2.0,55,4.007333185232471,0,0,0,1,0,0,0,1,0,3.0,0,0,0,0,0,0,0,0,0,0,1,0,0,0,0,0,0,0,0,0,18.76265164520000
2039.47,7.620445249161808,0,3.0,76,4.330733340286331,0,0,1,0,0,0,1,0,0,5.0,0,1,37,3.6375861597263857,0,0,0,0,0,0,0,0,0,0,0,0,0,0,1,0,-18.23801440923333
1539.15,7.338985594976328,0,3.0,78,4.356708826689592,1,0,0,0,0,0,1,0,0,3.0,0,1,0,0,0,0,0,0,0,0,0,0,0,0,0,0,0,0,1,0,-18.23801440923333
2000.00,7.600902459542082,0,4.0,80,4.382026634673881,0,0,1,0,0,0,0,0,1,2.8,0,0,42.02,3.761665123839584,0,0,0,0,0,0,0,0,0,0,0,0,0,0,1,0,-18.23801440923333
1897.08,7.548071140896097,0,3.0,72,4.276666119016055,0,0,1,0,0,0,1,0,0,6.0,0,0,38,3.6635616461296463,0,0,1,1,0,0,0,0,0,0,0,0,0,0,1,0,-18.23801440923333
2308.71,7.744444205970835,0,3.0,70,4.248495242049359,0,0,0,0,1,0,1,0,0,2.0,0,1,1,0.6931471805599453,0,0,0,0,0,0,0,0,0,0,0,0,0,0,0,1,-25.31189740815714
2354.82,7.764219570408339,0,2.0,48,3.871201010907891,0,0,0,0,1,0,1,0,0,2.0,0,1,0,0,0,1,0,0,1,0,0,0,0,0,0,0,0,0,0,1,-25.31189740815714
2304.82,7.742757861275189,0,2.0,48,3.871201010907891,0,0,0,0,1,0,1,0,0,2.0,0,1,1,0.6931471805599453,0,0,0,0,0,0,0,0,0,0,0,0,0,0,0,1,-25.31189740815714
1912.90,7.556375694158608,0,3.0,62,4.127134385045092,0,0,0,1,0,1,0,0,0,1.0,0,0,4.47,1.6992786164338898,0,0,0,0,0,0,0,0,0,0,0,0,0,0,0,1,4.86304850395000
5216.93,8.559664385259383,1,2.5,54,3.9889840465642745,0,0,0,0,1,0,1,0,0,2.0,0,1,2,1.0986122886681098,2,0,0,0,0,0,1,0,0,0,0,0,0,0,0,0,17.29012604892857
4754.41,8.466827887365064,1,2.5,36,3.58351893845611,0,0,0,0,1,1,0,0,0,1.0,0,1,2,1.0986122886681098,2,0,0,0,0,0,1,0,0,0,0,0,0,0,0,0,17.29012604892857
4989.12,8.515014820488187,1,2.5,48,3.871201010907891,0,0,0,0,1,1,0,0,0,1.0,0,1,2,1.0986122886681098,2,0,0,0,0,0,1,0,0,0,0,0,0,0,0,0,17.29012604892857
4901.20,8.497235352075291,1,2.5,47,3.8501476017100584,0,0,0,0,1,0,1,0,0,4.0,0,1,2,1.0986122886681098,2,0,0,0,0,0,1,0,0,0,0,0,0,0,0,0,17.29012604892857
5000.00,8.517193191416238,0,1.0,22,3.091042453358316,0,0,1,0,0,1,0,0,0,1.0,0,0,55,4.02535169073515,0,0,0,0,0,0,1,0,0,0,0,0,0,0,0,0,17.29012604892857
1848.10,7.52191336329171,0,3.0,79,4.3694478524670215,1,0,0,0,0,0,0,0,1,2.8,0,0,45.01,3.8288587641673772,0,0,0,0,0,0,1,0,0,0,0,0,0,0,0,0,-11.28676590668000
2187.50,7.690514618231769,0,3.0,64,4.1588830833596715,1,0,0,0,0,0,0,0,1,2.8,0,0,45,3.828641396489095,0,0,0,0,0,0,1,0,0,0,0,0,0,0,0,0,-11.28676590668000
4214.41,8.346264884363155,0,1.0,28,3.332204510175204,0,0,0,1,0,0,0,0,1,2.8,0,0,4.47,1.6992786164338898,0,0,0,0,0,0,0,0,0,1,0,0,0,0,0,0,-20.12051567335000
670.71,6.508336852790277,0,3.0,68,4.219507705176107,1,0,0,0,0,0,0,0,1,2.8,0,0,45.01,3.8288587641673772,0,0,0,0,0,0,0,0,0,1,0,0,0,0,0,0,-20.12051567335000
2000.00,7.600902459542082,0,3.0,68,4.219507705176107,0,1,0,0,0,0,0,1,0,3.0,0,0,40,3.713572066704308,1,0,1,1,0,0,0,0,1,0,0,0,0,0,0,0,-13.67068092542500
2130.00,7.6638772587034705,0,0.0,30,3.4011973816621555,0,0,1,0,0,1,0,0,0,1.0,0,0,10,2.3978952727983707,0,0,0,0,0,0,0,0,1,0,0,0,0,0,0,0,-13.67068092542500
1835.53,7.51508854712367,0,3.0,76,4.330733340286331,0,1,0,0,0,0,1,0,0,3.0,0,1,125,4.836281906951478,0,0,0,0,0,0,0,0,1,0,0,0,0,0,0,0,-13.67068092542500
1798.42,7.494663780633975,0,3.0,70,4.248495242049359,0,1,0,0,0,0,1,0,0,2.0,0,1,45,3.828641396489095,0,0,0,0,0,0,0,0,1,0,0,0,0,0,0,0,-13.67068092542500
1617.27,7.388494821519448,0,2.0,55,4.007333185232471,0,1,0,0,0,0,0,0,1,2.8,0,0,44.74,3.822973188594635,0,0,0,0,0,0,0,0,1,0,0,0,0,0,0,0,-13.67068092542500
1613.85,7.386377907708027,0,3.0,65,4.174387269895637,1,0,0,0,0,0,0,1,0,3.0,0,0,35,3.58351893845611,0,0,0,0,0,0,0,0,1,0,0,0,0,0,0,0,-13.67068092542500
1600.00,7.3777589082278725,0,3.0,65,4.174387269895637,1,0,0,0,0,1,0,0,0,1.0,0,0,55,4.02535169073515,0,0,0,0,0,0,0,0,1,0,0,0,0,0,0,0,-13.67068092542500
2090.91,7.645354656895431,0,2.0,55,4.007333185232471,1,0,0,0,0,1,0,0,0,1.0,0,0,45.01,3.8288587641673772,0,0,0,0,0,0,0,0,0,0,0,0,1,0,0,0,34.91268789074000
2435.90,7.798071577084056,0,1.0,39,3.6635616461296463,1,0,0,0,0,0,0,0,1,2.8,0,0,45.01,3.8288587641673772,0,0,0,0,0,0,0,0,0,0,0,0,1,0,0,0,34.91268789074000
2111.70,7.655248589282196,0,2.0,66,4.189654742026425,0,0,1,0,0,1,0,0,0,1.0,0,0,40,3.713572066704308,2,0,0,0,0,0,0,0,0,0,0,0,1,0,0,0,34.91268789074000
2267.03,7.726225883768006,0,4.0,88,4.477336814478207,0,0,1,0,0,0,0,0,1,2.8,0,0,45,3.828641396489095,0,0,0,0,0,0,0,0,0,0,0,0,1,0,0,0,34.91268789074000
2738.52,7.91517290746532,1,2.5,57,4.04305126783455,0,0,0,1,0,0,0,0,1,2.8,0,0,4.47,1.6992786164338898,0,0,0,0,0,0,0,0,0,0,0,0,0,0,0,1,19.18808670130000
3229.17,8.079980417251024,1,2.5,48,3.871201010907891,0,0,0,1,0,0,0,0,1,2.8,0,0,3,1.3862943611198906,1,0,0,0,0,0,0,0,0,0,0,0,0,0,0,1,19.18808670130000
5339.29,8.582847964312938,1,2.5,56,4.02535169073515,0,0,1,0,0,0,0,1,0,4.0,0,0,15,2.772588722239781,2,0,0,0,0,0,0,0,0,1,0,0,0,0,0,0,57.46416541100000
3287.23,8.09780054383566,0,2.0,47,3.8501476017100584,0,0,0,1,0,1,0,0,0,1.0,0,0,2,1.0986122886681098,1,0,0,0,0,0,0,0,0,0,0,0,0,0,0,1,-2.47534358402500
3325.62,8.109411401872713,0,1.0,35,3.5553480614894135,0,0,0,1,0,0,0,0,1,2.8,0,0,4.47,1.6992786164338898,0,0,0,0,0,0,0,0,0,0,0,0,0,0,0,1,-2.47534358402500
2610.51,7.867300883527047,0,3.0,91,4.51085950651685,0,0,0,1,0,0,0,1,0,3.0,0,0,2,1.0986122886681098,1,0,1,1,0,0,0,0,0,0,0,0,0,0,0,1,-2.47534358402500
1978.69,7.590190288562407,0,2.0,81,4.394449154672439,0,0,0,1,0,1,0,0,0,1.0,0,0,3,1.3862943611198906,1,0,0,0,0,0,0,0,0,0,0,0,0,0,0,1,-4.47544627620000
2140.52,7.668804069152655,0,2.0,77,4.343805421853684,0,0,0,1,0,0,0,1,0,3.0,0,0,3,1.3862943611198906,1,0,0,0,0,0,0,0,0,0,0,0,0,0,0,1,-4.47544627620000
2187.70,7.690606042623861,0,4.0,121,4.795790545596741,0,0,0,1,0,0,0,1,0,2.0,0,0,2,1.0986122886681098,1,0,0,0,0,0,0,0,0,0,0,0,0,0,0,1,-4.47544627620000
2495.99,7.822440723071036,0,3.0,83,4.418840607796598,0,0,0,1,0,0,1,0,0,2.0,0,0,2,1.0986122886681098,1,0,0,0,0,0,0,0,0,0,0,0,0,0,0,1,-4.47544627620000
2413.75,7.788936833742724,0,2.0,69,4.23410650459726,0,0,0,1,0,0,1,0,0,2.0,0,0,2,1.0986122886681098,1,0,0,0,0,0,0,0,0,0,0,0,0,0,0,1,-4.47544627620000
2152.66,7.67445956571128,0,2.5,119,4.77912349311153,0,0,0,1,0,0,0,1,0,2.0,0,0,3,1.3862943611198906,1,0,0,0,0,0,0,0,0,0,0,0,0,0,0,1,-4.47544627620000
1346.61,7.205345602193811,0,4.0,118,4.770684624465665,0,0,1,0,0,0,0,1,0,2.0,0,0,25,3.258096538021482,0,0,0,0,0,0,0,1,0,0,0,0,0,0,0,0,-16.01129325530000
2231.88,7.710599558615036,0,3.0,69,4.23410650459726,0,1,0,0,0,0,1,0,0,6.0,0,1,44.74,3.822973188594635,0,0,0,0,0,0,0,1,0,0,0,0,0,0,0,0,-16.01129325530000
2235.08,7.712032300590518,1,2.5,76,4.330733340286331,0,0,0,1,0,0,0,1,1,2.8,0,0,4.47,1.6992786164338898,0,0,0,0,0,0,0,0,0,1,0,0,0,0,0,0,-16.00821041223750
3169.57,8.061351210982785,0,1.0,23,3.1354942159291497,0,0,1,0,0,0,1,0,0,2.0,0,0,7,2.0794415416798357,2,0,0,0,0,0,0,0,0,1,0,0,0,0,0,0,-16.00821041223750
3286.32,8.097523676692088,1,2.5,23,3.1354942159291497,0,0,1,0,0,1,0,0,0,2.0,0,0,5,1.791759469228055,0,0,0,0,0,0,0,0,0,1,0,0,0,0,0,0,-16.00821041223750
3313.64,8.10580256203152,1,2.5,22,3.091042453358316,0,0,0,1,0,0,1,0,0,2.0,0,0,4.47,1.6992786164338898,2,0,0,0,0,0,0,0,0,1,0,0,0,0,0,0,-16.00821041223750
3815.79,8.24690299960735,1,2.5,19,2.9444389791664403,0,0,0,1,0,0,1,0,1,2.8,0,0,3,1.3862943611198906,0,0,0,0,0,0,0,0,0,1,0,0,0,0,0,0,-16.00821041223750
1630.56,7.396678793080383,0,3.0,67,4.204692619390966,0,1,0,0,0,0,1,0,0,2.0,0,0,50,3.9318256327243257,0,0,0,0,0,0,0,0,0,0,0,0,0,0,0,1,-31.70356183402500
2888.89,7.9686276242827105,1,2.5,45,3.8066624897703196,0,1,0,0,0,0,0,0,1,2.8,0,0,44.74,3.822973188594635,0,0,0,0,0,0,0,0,0,0,0,0,0,1,0,0,5.98329479720000
1965.28,7.5833900077907845,0,3.0,81,4.394449154672439,0,1,0,0,0,0,0,1,0,3.0,0,0,16,2.833213344056216,0,1,0,1,0,0,0,0,0,0,0,1,0,0,0,0,-5.26228776128333
3071.08,8.029784570248054,0,3.0,83,4.418840607796598,0,0,0,1,0,0,0,0,1,2.8,0,0,4.47,1.6992786164338898,0,0,0,0,0,0,0,0,0,0,0,1,0,0,0,0,-5.26228776128333
4112.41,8.321764510335678,0,2.0,39,3.6635616461296463,0,0,0,1,0,0,0,0,1,2.8,0,0,3,1.3862943611198906,0,0,0,0,0,0,0,0,0,0,0,1,0,0,0,0,-5.26228776128333
2046.67,7.623969361136247,0,4.0,150,5.0106352940962555,0,0,0,1,0,0,0,1,0,3.0,0,0,5,1.791759469228055,1,0,0,0,0,0,0,0,0,0,0,1,0,0,0,0,-5.26228776128333
4112.41,8.321764510335678,1,2.5,39,3.6635616461296463,0,0,0,1,0,1,0,0,0,1.0,0,0,3,1.3862943611198906,1,0,0,0,0,0,0,0,0,0,0,1,0,0,0,0,-5.26228776128333
3100.00,8.039157390473237,0,3.0,79,4.3694478524670215,0,0,0,1,0,0,0,0,1,2.8,0,0,4.47,1.6992786164338898,0,0,0,0,0,0,0,0,0,0,0,1,0,0,0,0,-5.26228776128333
2910.13,7.975953032707224,0,3.0,79,4.3694478524670215,0,0,0,1,0,1,0,0,0,1.0,0,0,0,0,0,0,0,0,0,0,0,0,0,0,0,1,0,0,0,0,-5.26228776128333
2314.29,7.746858224015299,0,2.0,70,4.248495242049359,0,0,1,0,0,0,0,0,1,2.8,0,0,42.02,3.761665123839584,0,0,0,0,0,0,0,0,0,0,0,1,0,0,0,0,-5.26228776128333
2716.30,7.907025939132466,0,3.0,92,4.5217885770490405,0,0,0,1,0,1,0,0,0,1.0,0,0,1,0.6931471805599453,0,0,0,0,0,0,0,0,0,0,0,1,0,0,0,0,-5.26228776128333
1540.00,7.3395376954076745,0,1.0,45,3.8066624897703196,0,0,1,0,0,0,0,1,0,2.0,0,0,107,4.68213122712422,0,0,0,0,0,0,0,0,0,0,0,0,0,0,1,0,-2.85419003136667
2142.86,7.669896664361478,0,2.0,70,4.248495242049359,0,0,1,0,0,0,1,0,0,2.0,0,0,66,4.204692619390966,0,0,0,0,0,0,0,0,0,0,0,0,0,0,1,0,-38.27579123400000
2017.86,7.609792822887529,0,2.0,56,4.02535169073515,0,0,1,0,0,0,1,0,0,3.0,0,0,57,4.060443010546419,0,0,0,0,0,0,0,0,0,0,0,0,0,0,1,0,-38.27579123400000
2065.93,7.633335767208193,0,4.0,91,4.51085950651685,0,0,1,0,0,1,0,0,0,1.0,0,0,30,3.4339872044851463,0,0,0,0,0,0,1,0,0,0,0,0,0,0,0,0,16.35209841735000
4234.04,8.350911898981314,0,2.0,47,3.8501476017100584,0,0,0,1,0,0,0,0,1,2.8,0,0,4.47,1.6992786164338898,0,0,0,0,0,0,1,0,0,0,0,0,0,0,0,0,8.95069783160000
1863.64,7.5302868435457375,0,3.0,110,4.700480365792417,0,0,1,0,0,0,1,0,1,2.8,0,0,17,2.8903717578961645,0,0,0,0,0,0,0,0,0,1,0,0,0,0,0,0,-6.59684512212500
1928.07,7.564274781565348,0,2.0,57,4.04305126783455,1,0,0,0,0,0,0,1,0,2.0,0,0,68,4.23410650459726,0,1,0,0,0,0,0,0,0,1,0,0,0,0,0,0,-6.59684512212500
1685.20,7.429639530104861,0,3.0,86,4.454347296253507,0,1,0,0,0,1,0,0,1,2.8,0,0,44.74,3.822973188594635,0,0,1,0,1,0,1,0,0,0,0,0,0,0,0,0,60.47051115403333
2500.00,7.824046010856292,0,2.0,54,3.9889840465642745,0,0,0,1,0,0,0,0,1,2.8,0,0,4.47,1.6992786164338898,0,0,0,0,0,0,0,0,0,0,0,0,0,0,0,1,-4.07169791863333
2420.00,7.791522819150732,0,2.0,50,3.912023005428146,0,1,0,0,0,0,1,0,0,7.0,0,1,125,4.836281906951478,0,0,0,0,0,0,0,0,0,0,0,0,0,0,0,1,-4.07169791863333
2129.51,7.663647185290256,0,3.0,61,4.110873864173311,1,0,0,0,0,0,1,0,0,5.0,0,1,125,4.836281906951478,2,0,1,0,1,0,0,0,0,0,0,0,0,0,0,1,-4.07169791863333
1535.48,7.336598314722784,0,3.0,78,4.356708826689592,1,0,0,0,0,1,0,0,0,1.0,0,0,45.01,3.8288587641673772,0,0,0,0,0,0,0,1,0,0,0,0,0,0,0,0,-5.28494706760000
1535.48,7.336598314722784,0,3.0,78,4.356708826689592,1,0,0,0,0,1,0,0,0,1.0,0,0,45.01,3.8288587641673772,0,0,0,0,0,0,0,1,0,0,0,0,0,0,0,0,-5.28494706760000
3674.58,8.209194119401541,0,3.0,83,4.418840607796598,0,0,1,0,0,0,0,0,1,2.8,0,0,42.02,3.761665123839584,0,0,0,0,0,0,1,0,0,0,0,0,0,0,0,0,74.15410284980000
2180.00,7.687080155783135,0,2.0,50,3.912023005428146,0,0,0,1,0,0,0,0,1,2.8,0,0,4.47,1.6992786164338898,0,0,0,0,0,0,0,0,0,0,0,0,0,0,0,1,-7.59337989058333
2168.29,7.681694117451591,0,2.0,50,3.912023005428146,0,0,0,0,1,0,1,0,0,2.0,0,0,1,0.6931471805599453,1,0,0,0,1,0,0,0,0,0,0,0,0,0,0,1,-7.59337989058333
3878.26,8.26314187842368,0,2.0,46,3.828641396489095,0,0,0,1,0,0,1,0,1,2.8,0,0,4.47,1.6992786164338898,0,0,0,0,0,0,1,0,0,0,0,0,0,0,0,0,13.41113017650000
2625.00,7.872836175025724,0,3.0,80,4.382026634673881,0,0,0,1,0,1,0,0,0,1.0,0,0,0,0,0,0,0,0,0,0,0,0,0,0,0,0,0,0,0,1,-3.51732627142500
3017.54,8.012197208890454,0,3.0,57,4.04305126783455,0,0,0,1,0,0,1,0,0,3.0,0,0,14,2.70805020110221,0,0,0,0,0,0,1,0,0,0,0,0,0,0,0,0,0.39380882080000
1641.03,7.403079372458635,0,3.0,78,4.356708826689592,0,1,0,0,0,0,0,0,1,2.8,0,0,44.74,3.822973188594635,0,0,0,0,0,0,0,0,0,0,0,0,0,0,1,0,18.96032117640000
1666.53,7.418498899385944,0,3.0,75,4.31748811353631,0,1,0,0,0,0,0,0,1,2.8,0,0,45,3.828641396489095,0,0,0,0,0,0,0,0,0,0,0,0,0,0,1,0,18.96032117640000
1690.13,7.4325607280356145,0,3.0,71,4.2626798770413155,0,1,0,0,0,0,0,1,0,2.0,0,0,65,4.189654742026425,0,0,0,0,0,1,0,0,0,0,0,0,0,0,0,0,-9.25397060777500
2460.32,7.808046701767383,0,3.0,63,4.143134726391533,0,0,1,0,0,0,0,0,1,2.8,0,0,45,3.828641396489095,0,0,0,0,0,0,1,0,0,0,0,0,0,0,0,0,22.64074791090000
2241.38,7.714847026583561,0,0.0,29,3.367295829986474,0,0,1,0,0,0,1,0,0,2.0,0,0,4,1.6094379124341003,0,0,0,0,0,0,1,0,0,0,0,0,0,0,0,0,-7.69577350210000
2500.00,7.824046010856292,0,3.0,70,4.248495242049359,0,0,1,0,0,0,1,0,0,2.0,0,0,42.02,3.761665123839584,0,0,0,0,0,0,1,0,0,0,0,0,0,0,0,0,-1.74866873768333
4869.57,8.490760916490457,1,2.5,23,3.1354942159291497,0,0,0,0,1,0,0,0,1,2.8,0,0,0,0,0,0,0,0,0,0,0,0,0,0,0,0,0,0,0,1,-6.89754580696000
4801.06,8.476592005849225,0,2.0,47,3.8501476017100584,0,0,0,1,0,0,0,0,1,2.8,0,0,4.47,1.6992786164338898,0,0,0,0,0,0,0,0,0,0,0,1,0,0,0,0,40.39637379780000
1541.56,7.340550169695544,0,3.0,96,4.564348191467836,0,1,0,0,0,1,0,0,0,1.0,0,0,39,3.6888794541139363,0,0,0,0,0,0,1,0,0,0,0,0,0,0,0,0,-21.15002520460000
1541.56,7.340550169695544,0,3.0,96,4.564348191467836,0,0,1,0,0,1,0,0,0,1.0,0,0,39,3.6888794541139363,0,0,0,1,1,0,1,0,0,0,0,0,0,0,0,0,-21.15002520460000
1412.64,7.253215573153272,0,3.0,87,4.465908118654584,0,0,1,0,0,0,1,0,0,2.0,0,0,36,3.6109179126442243,0,0,0,1,1,0,0,0,0,1,0,0,0,0,0,0,-32.39290168100000
4858.30,8.488443861463582,1,2.5,25,3.2188758248682006,0,0,0,1,0,0,1,0,0,2.0,0,1,7,2.0794415416798357,1,0,0,0,0,0,0,0,0,0,0,0,0,0,0,1,5.20721470335000
3330.95,8.111012827573665,1,2.5,42,3.7376696182833684,0,0,1,0,0,0,1,0,0,3.0,0,0,5,1.791759469228055,0,0,0,0,0,0,0,0,0,0,0,0,0,0,0,1,5.20721470335000
4038.46,8.303618710165726,1,2.5,26,3.258096538021482,0,0,0,1,0,0,1,0,0,2.0,0,1,6,1.9459101490553132,0,0,0,0,0,0,0,0,0,0,0,0,0,0,0,1,5.20721470335000
3390.37,8.128694338961436,1,2.5,32,3.4657359027997265,0,0,0,1,0,1,0,0,0,1.0,0,1,4.47,1.6992786164338898,1,0,0,0,0,0,0,0,0,0,0,0,0,0,0,1,5.20721470335000
3428.57,8.139898543608016,0,2.0,35,3.5553480614894135,0,0,0,1,0,0,0,0,1,2.8,0,0,45,3.828641396489095,0,0,0,0,0,0,0,0,0,0,0,0,0,0,0,1,5.20721470335000
3370.97,8.122955815758091,0,2.0,62,4.127134385045092,0,0,0,1,0,1,0,0,0,1.0,0,0,6,1.9459101490553132,0,0,0,0,0,0,0,0,0,0,0,0,0,0,0,1,5.20721470335000
3438.60,8.142819690785746,1,2.5,29,3.367295829986474,0,0,1,0,0,1,0,0,1,2.8,0,0,0,0,0,0,0,0,0,0,0,0,0,0,0,0,0,0,0,1,5.20721470335000
1439.39,7.271974691710402,0,0.0,33,3.4965075614664802,0,1,0,0,0,0,1,0,0,2.0,0,0,35,3.58351893845611,0,1,0,1,0,0,0,0,0,0,0,0,0,0,0,1,-37.00197149890000
1488.10,7.305255417436005,0,3.0,84,4.430816798843313,0,1,0,0,0,0,0,1,0,3.0,0,0,31,3.4657359027997265,0,0,0,0,0,0,0,0,0,0,0,0,0,0,0,1,-37.00197149890000
2261.25,7.723673036709505,0,3.0,80,4.382026634673881,0,0,0,1,0,0,1,0,0,2.0,0,0,4.47,1.6992786164338898,0,0,0,0,0,0,0,0,1,0,0,0,0,0,0,0,-23.10114255800000
1932.84,7.5667457028905885,0,3.0,67,4.204692619390966,0,1,0,0,0,0,1,0,0,4.0,0,1,37,3.6375861597263857,0,0,0,1,1,0,0,0,0,0,0,0,0,0,0,1,-1.51498028693333
1468.04,7.291683456759645,0,2.0,98,4.584967478670572,0,0,0,1,0,0,0,1,0,4.0,0,0,7,2.0794415416798357,2,1,0,0,0,0,0,0,0,0,0,0,0,0,0,1,-1.51498028693333
2181.82,7.687914669864698,0,2.0,55,4.007333185232471,0,0,1,0,0,1,0,0,0,1.0,0,0,0,0,0,0,0,0,0,0,0,0,0,0,0,0,0,0,0,1,-15.99729959320000
2884.49,7.967103386885595,0,3.0,78,4.356708826689592,0,0,0,1,0,0,1,0,1,2.8,0,0,0,0,0,0,0,0,0,0,1,0,0,0,0,0,0,0,0,0,51.29449149748000
5250.00,8.565983355585669,1,2.5,44,3.784189633918261,0,0,0,1,0,1,0,0,0,1.0,0,0,1,0.6931471805599453,1,0,0,0,0,0,0,0,0,0,0,0,0,0,0,1,19.85951179830000
1859.50,7.528062913365125,0,2.0,67,4.204692619390966,0,0,0,1,0,1,0,0,0,1.0,0,1,3,1.3862943611198906,0,0,0,0,0,0,0,0,1,0,0,0,0,0,0,0,-42.31759836666667
3568.70,8.179956662798292,0,2.0,52,3.9512437185814275,0,0,0,1,0,1,0,0,0,1.0,0,0,7,2.0794415416798357,0,0,0,0,0,0,1,0,0,0,0,0,0,0,0,0,48.64585746664000
1955.88,7.578595499019542,0,3.0,68,4.219507705176107,1,0,0,0,0,0,1,0,0,3.0,0,0,43,3.784189633918261,3,0,0,0,0,0,0,0,1,0,0,0,0,0,0,0,17.18494502160000
1495.24,7.310042008057461,0,4.0,105,4.653960350157523,0,1,0,0,0,0,0,0,1,2.8,0,0,44.74,3.822973188594635,0,0,0,0,0,0,0,0,0,0,0,0,0,0,0,1,-13.37610255530000
2022.62,7.612148979681813,0,4.0,84,4.430816798843313,0,1,0,0,0,0,1,0,0,7.0,0,1,50,3.9318256327243257,2,0,0,0,0,0,0,0,0,0,0,0,0,0,0,1,-13.37610255530000
1552.91,7.347885869119095,0,4.0,103,4.634728988229636,0,0,1,0,0,0,0,0,1,2.8,0,0,2,1.0986122886681098,0,0,0,0,0,0,1,0,0,0,0,0,0,0,0,0,26.82717787630000
2291.67,7.737036088411059,0,1.0,34,3.5263605246161616,0,1,0,0,0,0,0,0,1,2.8,0,0,45,3.828641396489095,0,0,0,0,0,0,0,0,0,0,0,1,0,0,0,0,56.94152593500000
2571.43,7.85221744337839,0,3.0,56,4.02535169073515,0,1,0,0,0,1,0,0,0,1.0,0,0,44.74,3.822973188594635,0,0,0,0,0,0,0,0,1,0,0,0,0,0,0,0,-25.30170564657500
1644.74,7.405337595996264,0,3.0,76,4.330733340286331,0,1,0,0,0,0,1,0,0,3.0,0,0,40,3.713572066704308,0,0,0,0,0,0,0,0,1,0,0,0,0,0,0,0,-20.22996181246667
3004.94,8.00801288004784,0,2.0,53,3.970291913552122,0,0,0,1,0,0,1,0,0,2.0,0,0,0,0,1,0,1,0,1,0,0,0,0,0,0,0,0,0,0,1,7.34690639545000
1862.50,7.529674950253715,0,3.0,80,4.382026634673881,0,1,0,0,0,0,1,0,0,2.0,0,0,47,3.871201010907891,1,0,0,0,0,0,0,0,0,0,0,0,0,0,0,1,7.34690639545000
3160.92,8.05861840344866,0,3.0,87,4.465908118654584,0,0,0,1,0,0,0,0,1,2.8,0,0,4.47,1.6992786164338898,0,0,0,0,0,0,0,0,0,0,0,0,0,0,0,1,7.34690639545000
3210.24,8.074100979684337,0,2.0,48,3.871201010907891,0,0,0,1,0,0,1,0,0,4.0,0,0,0,0,1,0,1,1,0,0,0,0,0,0,0,0,0,0,0,1,7.34690639545000
2947.60,7.988746558892844,0,2.0,46,3.828641396489095,0,0,1,0,0,0,1,0,1,2.8,0,0,42.02,3.761665123839584,0,0,0,0,0,1,0,0,0,0,0,0,0,0,0,0,16.47563027771667
2343.75,7.759507489718721,0,0.0,32,3.4657359027997265,0,0,0,1,0,0,0,1,0,3.0,0,0,0,0,0,0,0,0,0,1,0,0,0,0,0,0,0,0,0,0,16.47563027771667
2895.35,7.970861280799682,0,4.0,86,4.454347296253507,0,0,0,1,0,1,0,0,0,1.0,0,0,1,0.6931471805599453,1,0,0,0,0,1,0,0,0,0,0,0,0,0,0,0,-12.68789178055000
2101.58,7.650444721767235,0,1.0,42,3.7376696182833684,0,0,0,0,1,0,0,0,1,2.8,0,0,1,0.6931471805599453,0,0,0,0,0,1,0,0,0,0,0,0,0,0,0,0,-12.68789178055000
3821.53,8.24840614497268,1,2.5,40,3.6888794541139363,0,0,0,0,1,0,1,0,0,2.0,0,0,0,0,0,0,0,0,0,0,0,0,0,0,0,0,0,0,0,1,-18.57691708230000
3401.36,8.131930630625579,1,2.5,62,4.127134385045092,0,0,0,1,0,0,1,0,0,2.0,0,0,3,1.3862943611198906,0,0,0,0,0,0,0,0,0,0,0,0,1,0,0,0,-20.20204440595000
3581.43,8.183517440980074,1,2.5,61,4.110873864173311,0,0,0,1,0,1,0,0,0,1.0,0,0,1,0.6931471805599453,1,0,0,0,0,0,0,0,0,0,0,0,1,0,0,0,-20.20204440595000
1318.92,7.184568498868809,0,3.0,93,4.532599493153256,0,1,0,0,0,0,0,0,1,2.8,0,0,57,4.060443010546419,0,0,0,0,0,0,1,0,0,0,0,0,0,0,0,0,2.90131798900000
2063.49,7.632154003045686,0,3.0,63,4.143134726391533,0,1,0,0,0,0,0,1,0,2.0,0,0,38,3.6635616461296463,0,1,1,1,1,0,1,0,0,0,0,0,0,0,0,0,12.98723825736667
4820.71,8.480676499101202,0,0.0,14,2.6390573296152584,0,0,1,0,0,1,0,0,0,1.0,0,0,55,4.02535169073515,0,0,0,0,0,0,0,0,0,0,0,1,0,0,0,0,19.74509477600000
1316.78,7.182944641472103,0,3.0,80,4.382026634673881,0,1,0,0,0,0,1,0,0,2.0,0,0,0,0,0,0,0,0,0,0,0,0,1,0,0,0,0,0,0,0,-42.11222215302500
1503.57,7.3155975593760525,0,3.0,112,4.718498871295094,0,0,0,1,0,1,0,0,0,1.0,0,0,0,0,0,0,0,0,0,0,0,0,0,0,0,0,1,0,0,0,-48.86774346750000
1688.35,7.431506999634261,0,4.0,103,4.634728988229636,0,0,1,0,0,0,1,0,0,2.0,0,0,7,2.0794415416798357,0,0,0,0,0,1,0,0,0,0,0,0,0,0,0,0,6.87680207908000
955.56,6.862297556057354,0,3.0,90,4.499809670330265,0,1,0,0,0,1,0,0,0,1.0,0,0,125,4.836281906951478,7,0,0,0,0,0,0,0,0,0,1,0,0,0,0,0,-37.71035689593333
1117.02,7.018419704011861,0,3.0,94,4.543294782270004,0,1,0,0,0,1,0,0,0,1.0,0,0,65,4.189654742026425,0,0,0,0,0,0,0,0,0,0,0,0,0,0,0,1,11.01855587490000
2170.46,7.682694405636408,0,3.0,94,4.543294782270004,0,0,0,1,0,1,0,0,0,1.0,0,0,0,0,1,0,0,0,0,1,0,0,0,0,0,0,0,0,0,0,-25.42542492255000
1428.57,7.264429222920369,0,0.0,77,4.343805421853684,0,0,0,1,0,0,0,0,1,2.8,0,0,45,3.828641396489095,0,0,0,0,0,0,0,0,0,0,0,0,0,0,0,1,-33.53756930197500
1217.66,7.104686263160091,0,4.0,118,4.770684624465665,0,0,0,0,1,1,0,0,0,1.0,0,0,0,0,1,0,0,1,1,0,1,0,0,0,0,0,0,0,0,0,-51.64388805660000
1317.68,7.18362789347442,0,2.0,56,4.02535169073515,0,1,0,0,0,1,0,0,1,2.8,0,0,38,3.6635616461296463,0,0,0,0,0,0,0,0,0,0,0,0,0,0,0,1,0.10664295894000
2083.33,7.641722854061057,0,4.0,108,4.68213122712422,0,0,0,1,0,0,0,0,1,2.8,0,0,4.47,1.6992786164338898,0,0,0,0,0,0,1,0,0,0,0,0,0,0,0,0,-4.25601035680000
1428.29,7.264233203513821,0,1.0,35,3.5553480614894135,0,1,0,0,0,1,0,0,0,1.0,0,0,125,4.836281906951478,0,0,0,0,0,0,0,0,0,0,0,0,0,0,0,1,-31.23316130105000
