offer_id,agency,office_city,location_district,location_city,location_area
JuLecgRv95A,"RES GROUP, s.r.o.",Žilina,"okres Žilina",Žilina,Bôrik
JuzjcjA88fI,"Fortio Popper s.r.o.",Bytča,"okres Bytča",Bytča,"Veľká Bytča"
JuR9IQwr1DX,"MGM reality",Žilina,"okres Žilina",Žilina,Hliny
JueQeTeryjC,NULL,NULL,"okres Dolný Kubín","Dolný Kubín",Brezovec
JufbBHYx-coz,"AstonReal s.r.o.","Banská Bystrica","okres Liptovský Mikuláš","Liptovský Mikuláš","Staré mesto"
JusEglMU0v8,"HD reality group s.r.o","Banská Bystrica","okres Martin",Martin,Jahodníky
JuHU9WStTAs,"B10 Slovensko, a. s.",Žilina,"okres Martin",Necpaly,Necpaly
Ju-48631_aJ,"RK Dalmia s. r. o.","Dolný Kubín","okres Dolný Kubín","Dolný Kubín","Veľký Bysterec"
JujzGN4k6bn,"Reality Alpia",Martin,"okres Martin",Martin,Sever
JuyUZh4v08L,NULL,NULL,"okres Liptovský Mikuláš","Liptovský Mikuláš",Palúdzka
Ju9d7v-lee8,"OREA, s.r.o.","Dolný Kubín","okres Tvrdošín",Zuberec,Zuberec
JuvALHP6cN9,"Safe reality s. r. o.",Žilina,"okres Kysucké Nové Mesto","Kysucké Nové Mesto",Sídlisko
Ju8a3kcGYvG,"FINREA - ak vám záleží na výsledku","Dolný Kubín","okres Dolný Kubín","Dolný Kubín",Brezovec
Jue47kLBSm8,"Vianema s.r.o.",Bratislava,"okres Čadca",Čadca,Centrum
JucquL8E-bM,NULL,NULL,"okres Martin",Martin,Stred
Jui14FUG-ZO,"TUreality s.r.o.",Žilina,"okres Turčianske Teplice",Rakša,Rakša
JuTiIF5zkxo3,"VAŠA REALITKA s.r.o.",Ružomberok,"okres Dolný Kubín","Dolný Kubín",Záskalie
JuFpZug_t62,"TRI LIPY, s. r. o.",Čadca,"okres Kysucké Nové Mesto","Kysucké Nové Mesto",Kamence
JuUnWH-g8Yz,"Realitné kancelárie SR",Bratislava,"okres Žilina",Žilina,"Staré mesto"
JuUCL8fPL9h,"FINREA - ak vám záleží na výsledku","Dolný Kubín","okres Martin",Vrútky,"Horné Vrútky"
JuV8a82JG_s,NULL,NULL,"okres Žilina",Žilina,"Staré mesto"
JuvjDSTvTKy,"GAMA Reality, s.r.o.",Bytča,"okres Bytča","Veľké Rovné","Veľké Rovné"
Ju3gs_noUEz,NULL,NULL,"okres Čadca","Krásno nad Kysucou",Kalinov
JuXcyij9eMf_,"Financial Hotels Management, s.r.o.",Žilina,"okres Žilina",Žilina,"Staré mesto"
JufYiP4E7Es,"ROMDOM, s. r. o",Žilina,"okres Žilina",Žilina,Hliny
JuKkjtqN4VW,"RE/MAX Slovakia",Bratislava,"okres Martin",Martin,Stred
JuH-SEIASle,"ODEKO manažment s.r.o.",Žilina,"okres Ružomberok",Ružomberok,Roveň
Ju_IBACCGzT,"Vianema s.r.o.",Bratislava,"okres Kysucké Nové Mesto","Kysucké Nové Mesto",Sídlisko
Ju_7fjs1rDI,"RK SPIRIT s.r.o.","Liptovský Mikuláš","okres Liptovský Mikuláš","Liptovský Mikuláš","Liptovská Mara - Tatralandia"
JuO3IQpQk2Q,"SLNOVRAT, s.r.o.",Olešná,"okres Čadca",Makov,Makov
JukCOBdi-HG,"RIEŠIME BÝVANIE",Bratislava,"okres Žilina",Žilina,Vlčince
JuatrleUyRX,"AstonReal s.r.o.","Banská Bystrica","okres Liptovský Mikuláš","Liptovský Mikuláš",Podbreziny
JuqBZCEixbC,"Reality Alpia",Martin,"okres Žilina",Žilina,Hliny
JuCuiefKh4P,Reality+,Žilina,"okres Martin",Martin,Priekopa
JucFUY5N5xW,"TARGETreal s. r. o.",Žilina,"okres Martin",Martin,Priekopa
JuSPwAqNDjb,"OREA, s.r.o.","Dolný Kubín","okres Ružomberok",Ružomberok,Hrabovo
JujrtOK9Ltj,"Safe reality s. r. o.",Žilina,"okres Žilina",Žilina,"Staré mesto"
Ju2TzdFfXkg,"Renovo Reality",Žilina,"okres Žilina",Žilina,"Staré mesto"
JuVO5WLrTZ3,"Safe reality s. r. o.",Žilina,"okres Kysucké Nové Mesto","Kysucké Nové Mesto",Sídlisko
JuC08OMa82u,"RIEŠIME BÝVANIE",Bratislava,"okres Žilina",Žilina,Hájik
Jupw1bQT1Jh,"Reinoo a.s.",Žilina,"okres Žilina",Žilina,Vlčince
JuFqSi2fYOk,"HOLESTIAK.sk reality s.r.o.",Čadca,"okres Kysucké Nové Mesto","Kysucké Nové Mesto",Nábrežie
JunnFbGwfA5,"Wealth Group, s.r.o.","Nová Dedinka","okres Žilina",Žilina,Vlčince
JuFv7NTgqug,"Ing. Gerlinda Bérešová - Esti",Žilina,"okres Čadca",Makov,Makov
JuxZgQdKO7u,"PRIMA reality s.r.o.",Žilina,"okres Bytča",Bytča,"Veľká Bytča"
Ju0iFsZ1mnv,"Bosen Group s.r.o.",Bratislava,"okres Liptovský Mikuláš","Liptovský Mikuláš","Liptovská Ondrašová"
JuN4KXjUyk-,"JPE. Reality - Jozef Pajer",Čadca,"okres Čadca",Čadca,Podzávoz
JuWV1dgtiBd,"Reality Alpia",Martin,"okres Liptovský Mikuláš","Liptovský Mikuláš",Demänová
Judmv08qh2A,"RIEŠIME BÝVANIE",Bratislava,"okres Žilina",Žilina,"Staré mesto"
JugXYWqkt4N,"Reality ASTORIA, s.r.o.",Martin,"okres Martin",Vrútky,"Horné Vrútky"
JuqvNgpYqrd,"OREA, s.r.o.","Dolný Kubín","okres Dolný Kubín","Dolný Kubín",Mokraď
Ju_Lr-2Vc09,"TUreality s.r.o.",Žilina,"okres Liptovský Mikuláš","Liptovský Hrádok",Dovalovo
JubDtFpPZPz,"Reality MT s.r.o.",Martin,"okres Turčianske Teplice","Turčianske Teplice",Stred
Ju46Wlvz4BP,"Trioreality, s.r.o.",Čadca,"okres Čadca",Čadca,Kyčerka
Jus8fVVapj9,"CANGURU s.r.o.","Rajecké Teplice","okres Martin",Martin,Jahodníky
JurldwLKNhM,"A-Byt Consult, s.r.o.",Ružomberok,"okres Liptovský Mikuláš","Partizánska Ľupča","Partizánska Ľupča"
JulollxgJp5,"CANGURU s.r.o.","Rajecké Teplice","okres Martin",Martin,Jahodníky
JupBjnV0coU,"1. Reality Rent, s.r.o.",Žilina,"okres Čadca",Raková,Raková
JuqAM-ZO9ir,NULL,NULL,"okres Liptovský Mikuláš","Malé Borové","Malé Borové"
Ju5VjRRX_4J,NULL,NULL,"okres Žilina",Žilina,Hliny
Juarr5O2upK,"Istrofinal, s. r. o.",Žilina,"okres Kysucké Nové Mesto","Kysucké Nové Mesto",Kamence
JuXRtZdfweI,"Reality Center, s.r.o.",Martin,"okres Martin",Martin,Ľadoveň
JuNZupA7Ru4,"ŽILINAREAL, s.r.o.",Žilina,"okres Žilina","Rajecké Teplice","Rajecké Teplice"
JuA8-pf41pn,"Reality Alpia",Martin,"okres Martin",Martin,Stred
JumbMyGo4iI,"RESIDENCE realitná kancelária","Liptovský Mikuláš","okres Ružomberok",Bešeňová,Bešeňová
JuaCjfZIx81,"ODEKO manažment s.r.o.",Žilina,"okres Ružomberok",Ružomberok,Roveň
JuUnD0myJmK,"Piata Avenue",Žilina,"okres Žilina",Žilina,Hájik
JuIP59md355,"ODEKO manažment s.r.o.",Žilina,"okres Ružomberok",Ružomberok,Roveň
JuIh9K2txJ3,"BeMi realitná kancelária",Nitra,"okres Námestovo",Zubrohlava,Zubrohlava
Jub5nNi4yTF,"RIEŠIME BÝVANIE",Bratislava,"okres Žilina",Žilina,Vlčince
Juqj8-BDIgQ,"OREA, s.r.o.","Dolný Kubín","okres Námestovo","Oravské Veselé","Oravské Veselé"
JuQfQh_4sSF,"MGM reality",Žilina,"okres Žilina",Žilina,Hliny
JujYXXx5gXi,NULL,NULL,"okres Žilina",Žilina,"Staré mesto"
JuxBkaifl6df,"Reality Alpia",Martin,"okres Liptovský Mikuláš","Liptovský Mikuláš",Iľanovo
JugTLMsHTVi,"B10 Slovensko, a. s.",Žilina,"okres Martin",Martin,Podháj
Jul7be3Lkz5,"RK SPIRIT s.r.o.","Liptovský Mikuláš","okres Liptovský Mikuláš","Liptovský Mikuláš",Demänová
JuPT1z2mBzV,"R2 SK, s.r.o.",Žilina,"okres Žilina",Žilina,Vlčince
Ju4hZgzLszu,NULL,NULL,"okres Tvrdošín",Trstená,Trstená
JuKlHRPhAEF,"HALO reality, s.r.o.",Prievidza,"okres Martin",Vrútky,"Horné Vrútky"
JuvFESSKGWN,"Reality D.P.A.",Martin,"okres Martin",Vrútky,"Horné Vrútky"
JusgW9odCAS,Time4dreams,Nitra,"okres Martin",Martin,Priekopa
Juvk9S_5ltU,NULL,NULL,"okres Žilina",Žilina,Hliny
JunBqR0DBP9,NULL,NULL,"okres Žilina",Žilina,"Staré mesto"
JuDCMQupxo0,"TUreality s.r.o.",Žilina,"okres Tvrdošín",Tvrdošín,Medvedzie
JuQnZXQrlxH,"Reality Alpia",Martin,"okres Ružomberok",Ružomberok,Hrabovo
JufAeKZk5m-,"Direct Real, spol. s r.o.",Bratislava,"okres Žilina",Bitarová,Bitarová
JuNguQDV0Zn,"Direct Real, spol. s r.o.",Bratislava,"okres Liptovský Mikuláš","Liptovský Mikuláš",Podbreziny
JuKOtZwcbir-,"Reality Alpia",Martin,"okres Ružomberok",Ružomberok,Hrabovo
JuMm4AW_gBf,"Reality IQ, s.r.o.",Žilina,"okres Žilina","Rajecké Teplice","Rajecké Teplice"
JuSYwKOlQ-6,"Nové bývanie",Nitra,"okres Dolný Kubín","Dolný Kubín",NULL
JuZqtWo-t_S,"Prvá Realitná Kancelária, s.r.o.",Bratislava,"okres Liptovský Mikuláš","Liptovský Mikuláš","Liptovská Mara - Tatralandia"
JuJCzmrTicR,NULL,NULL,"okres Martin",Martin,Záturčie
JumsfvMXhg-,"Direct Real, spol. s r.o.",Bratislava,"okres Žilina",Žilina,Solinky
JuymkoAFG_6,"HOLESTIAK.sk reality s.r.o.",Čadca,"okres Kysucké Nové Mesto","Kysucké Nové Mesto",Sídlisko
JucOec67NRR,"Vianema s.r.o.",Bratislava,"okres Tvrdošín",Nižná,Nižná
JuyOHLJxsdS,"Local reality s. r. o.",Malinovo,"okres Žilina",Žilina,"Staré mesto"
Ju_yl2A922o,NULL,NULL,"okres Turčianske Teplice","Turčianske Teplice",Stred
JuDoLB83xqT,"HALO reality, s.r.o.",Prievidza,"okres Liptovský Mikuláš",Malužiná,Malužiná
JuQvJ7BykSU,"WFG reality, s.r.o.",Žilina,"okres Martin",Martin,Sever
JucOhPXEpxa,NULL,NULL,"okres Žilina",Žilina,"Staré mesto"
JuFqVxR2Rua,"RESIDENCE realitná kancelária","Liptovský Mikuláš","okres Liptovský Mikuláš","Liptovský Mikuláš",Palúdzka
JuLEeBcqSvN,"Fortio Popper s.r.o.",Bytča,"okres Bytča",Bytča,"Veľká Bytča"
JuHLqjLk9w7,"1. Reality Rent, s.r.o.",Žilina,"okres Čadca",Oščadnica,Oščadnica
Juhlf1Su_tu,"RIEŠIME BÝVANIE",Bratislava,"okres Žilina",Žilina,Závodie
Ju4aGAgIjVo,"LIF REAL",Martin,"okres Martin",Martin,Stred
JuHC3L7PHAo,"RE/MAX Slovakia",Bratislava,"okres Martin",Martin,Stred
Ju4nG9JDEKF,"TUreality s.r.o.",Žilina,"okres Martin",Martin,Ľadoveň
JuxsO06uVZG,"Realitná kancelária SYMPATIA REAL s. r. o.",Žilina,"okres Žilina",Žilina,Hájik
JuxQsJlXHSK,"Fortio Popper s.r.o.",Bytča,"okres Bytča",Bytča,"Veľká Bytča"
JuJrBHwvfXe,"AstonReal s.r.o.","Banská Bystrica","okres Liptovský Mikuláš","Demänovská Dolina","Demänovská Dolina"
JuVk3AeemQd,"Istrofinal, s. r. o.",Žilina,"okres Kysucké Nové Mesto","Kysucké Nové Mesto",Kamence
JucIMMNEosV,"A-Byt Consult, s.r.o.",Ružomberok,"okres Ružomberok",Ružomberok,Baničné
Ju2EMTkOn53,"Reinoo a.s.",Žilina,"okres Žilina",Žilina,Vlčince
JuYbhGZmbC7,"Obec Liptovská Lúžna","Liptovská Lúžna","okres Ružomberok","Liptovská Lúžna","Liptovská Lúžna"
JucmUHZL9fQ,NULL,NULL,"okres Žilina",Žilina,"Staré mesto"
Ju59v0S7Gi9,"RK SPIRIT s.r.o.","Liptovský Mikuláš","okres Liptovský Mikuláš","Liptovský Mikuláš",Podbreziny
Ju4SvmwHoAg,"FINREA - ak vám záleží na výsledku","Dolný Kubín","okres Ružomberok","Liptovská Teplá","Liptovská Teplá"
JuJBn5ZeVAm,"Realitná kancelária",Bratislava,"okres Žilina",Žilina,Hliny
Juk9u-rNEqG,"Fortio Popper s.r.o.",Bytča,"okres Bytča",Bytča,"Veľká Bytča"
JuNRFKe9B5N6,"TARGETreal s. r. o.",Žilina,"okres Martin",Sučany,Sučany
JuG99-vnL8U,"Reality Alpia",Martin,"okres Martin",Martin,Košúty
JuvzAFSDr4x,"Realitná kancelária",Bratislava,"okres Žilina",Žilina,Bôrik
JuDorfwK08d,"FINREA - ak vám záleží na výsledku","Dolný Kubín","okres Martin",Martin,Stred
Jul_OGhX8QT,"Piešťany Reality",Piešťany,"okres Ružomberok",Ružomberok,Hrabovo
Ju7UFzA6VtL,"WFG reality, s.r.o.",Žilina,"okres Žilina",Žilina,"Staré mesto"
Ju9qrQrSqzm,NULL,NULL,"okres Žilina",Žilina,Vlčince
Ju4Vd5pUjXm,"Direct Real, spol. s r.o.",Bratislava,"okres Liptovský Mikuláš","Liptovský Mikuláš","Staré mesto"
JuA1jb9HH8o,"Reality Alpia",Martin,"okres Ružomberok",Ružomberok,"Staré mesto"
JuVp8M6bnwG,"ŠIRINY, s.r.o.",Zvolen,"okres Liptovský Mikuláš","Liptovský Mikuláš",Palúdzka
JuKJT8WJuFF,"HOLESTIAK.sk reality s.r.o.",Čadca,"okres Čadca",Čadca,Centrum
Ju8mh8KzH4f,"Realitná kancelária Peter Hubka","Liptovský Mikuláš","okres Liptovský Mikuláš","Liptovský Mikuláš","Staré mesto"
Ju9k2e7JWOr,"Like Reality s.r.o.","Považská Bystrica","okres Martin",Turany,Turany
JuXNm9NwSwi,"MGM reality",Žilina,"okres Žilina",Žilina,Hájik
JuOnQ9rym-h,"RIEŠIME BÝVANIE",Bratislava,"okres Žilina",Žilina,"Staré mesto"
JuFNpzHutiG,"TUreality s.r.o.",Žilina,"okres Žilina",Žilina,Hliny
JuZ8UmPHnMd,"SLNOVRAT, s.r.o.",Olešná,"okres Čadca",Staškov,Staškov
JuWLCChouGh,"TARGETreal s. r. o.",Žilina,"okres Martin",Sučany,Sučany
JuS6qI_HXQ_,"1. Reality Rent, s.r.o.",Žilina,"okres Žilina",Žilina,Bôrik
JuvIFSCKDaN,"TUreality s.r.o.",Žilina,"okres Martin",Martin,Priekopa
JuJITXm9Zsf,"ARBIZ real estate & finance s. r. o.",Ružomberok,"okres Liptovský Mikuláš","Liptovská Kokava","Liptovská Kokava"
JueaFakyLvY,"KORSO Project, s.r.o.",Žilina,"okres Žilina",Žilina,"Staré mesto"
Ju1F-eiNHx4,"RIEŠIME BÝVANIE",Bratislava,"okres Žilina",Žilina,"Staré mesto"
JuL3MT7o1WL,"Realitná kancelária",Bratislava,"okres Martin",Martin,Stred
Ju_qGSnLBzz,NULL,NULL,"okres Bytča",Bytča,"Thurzove sady"
JuhigkHR5x2,"Occam New Home",Bratislava,"okres Liptovský Mikuláš","Demänovská Dolina","Demänovská Dolina"
Ju5eub1EsyB,"Gro & Partners",Žilina,"okres Žilina",Žilina,Bôrik
JuDetN4gLGy,"Tatra Invest",Podtureň,"okres Liptovský Mikuláš","Demänovská Dolina","Demänovská Dolina"
JuxJN0jj6xv,"Reality AK, spol. s r.o.",Martin,"okres Martin",Martin,Tomčany
JuQY1ZnmE4m,"OREA, s.r.o.","Dolný Kubín","okres Dolný Kubín","Dolný Kubín",Brezovec
Ju9zHP-4dng,"HALO reality, s.r.o.",Prievidza,"okres Liptovský Mikuláš","Liptovský Mikuláš",Podbreziny
JuTy8iCXD6j,"Reality AK, spol. s r.o.",Martin,"okres Martin",Martin,Tomčany
JuMhyPasgwl,"B10 Slovensko, a. s.",Žilina,"okres Martin",Vrútky,"Horné Vrútky"
JuPet_Ep-JW,"TUreality s.r.o.",Žilina,"okres Liptovský Mikuláš","Liptovský Hrádok",NULL
JuGJ3bcseaG,"Renovo Reality",Žilina,"okres Čadca",Čadca,Žarec
JuI3iwt9MRR,"OREA, s.r.o.","Dolný Kubín","okres Dolný Kubín","Dolný Kubín",Brezovec
JumSU3uP1r7,NULL,NULL,"okres Čadca",Oščadnica,Oščadnica
JuCyeszuCeF,NULL,NULL,"okres Čadca",Čadca,"Sídlisko 3"
JuDZ3hA20uQ,"TUreality s.r.o.",Žilina,"okres Dolný Kubín",Zázrivá,Zázrivá
Ju1Cm4LoVXM,NULL,NULL,"okres Ružomberok",Ružomberok,"Staré mesto"
JuOOVFGvzwX,Limaxreal,"Liptovský Mikuláš","okres Ružomberok","Liptovská Teplá","Liptovská Teplá"
JuuuYAHYGX8,NULL,NULL,"okres Dolný Kubín","Dolný Kubín",Brezovec
Juw69usHNF6,"R2 SK, s.r.o.",Žilina,"okres Žilina",Žilina,"Staré mesto"
Jup6mGYDCrv,"Reality Center, s.r.o.",Martin,"okres Martin",Martin,Stred
Ju5R24o6GQR,"RK Dalmia s. r. o.","Dolný Kubín","okres Dolný Kubín","Dolný Kubín",Brezovec
Ju8_AnIgnrX,"MENÍME BÝVANIE",Čadca,"okres Čadca",Čadca,Žarec
JuY4e0DxXsH,"OREA, s.r.o.","Dolný Kubín","okres Dolný Kubín","Dolný Kubín",Stred
Jue5OG4Sl5k,NULL,NULL,"okres Žilina",Žilina,"Staré mesto"
Juo19uqWHqv,"Reality MT s.r.o.",Martin,"okres Martin",Vrútky,"Horné Vrútky"
JumQaXesU-y,"Realitné kancelárie SR",Bratislava,"okres Kysucké Nové Mesto","Kysucké Nové Mesto",Kamence
JuEVg7e9gge,"R2 SK, s.r.o.",Žilina,"okres Martin",Martin,Záturčie
JuXIzNjmik_,"Realitné kancelárie SR",Bratislava,"okres Žilina",Žilina,"Staré mesto"
Juv94EKwgh6,"AstonReal s.r.o.","Banská Bystrica","okres Ružomberok","Liptovská Teplá","Liptovská Teplá"
JukKH41KaWr,"TUreality s.r.o.",Žilina,"okres Martin",Martin,Stred
JuhxRDKuEfi,donidDevelop,"Dolný Kubín","okres Ružomberok","Liptovská Teplá","Liptovská Teplá"
JuRJykTdszG,"JKV REAL",Prievidza,"okres Martin",Sučany,Sučany
JuDJ_hnDscM,"Realitná kancelária",Bratislava,"okres Martin",Martin,Stred
JulzEF1iR1R,"ŽILINAREAL, s.r.o.",Žilina,"okres Žilina",Žilina,"Staré mesto"
Jus2f1I5Shb,"MGM reality",Žilina,"okres Žilina",Žilina,Hliny
JuWzCETm2y0,"SLNOVRAT, s.r.o.",Olešná,"okres Čadca",Čadca,Kyčerka
Ju12shpSBga,"RESIDENCE realitná kancelária","Liptovský Mikuláš","okres Liptovský Mikuláš","Liptovský Mikuláš",Demänová
JuXnw8EKWYI,"RS Mansory s.r.o.",Bratislava,"okres Žilina",Žilina,"Staré mesto"
JuJM07aUO0O,"RIEŠIME BÝVANIE",Bratislava,"okres Žilina",Žilina,Hliny
JuVtdEgquxp,"OREA, s.r.o.","Dolný Kubín","okres Dolný Kubín","Dolný Kubín",Brezovec
JuP6qyzD4rb,"RK SPIRIT s.r.o.","Liptovský Mikuláš","okres Liptovský Mikuláš","Liptovský Mikuláš",Demänová
JuP-xJVwuxh,"B10 Slovensko, a. s.",Žilina,"okres Martin","Košťany nad Turcom","Košťany nad Turcom"
Ju2skZ_XIuH,NULL,NULL,"okres Čadca",Čierne,Čierne
JuxYMJGR4NW,"OVERENÉ REALITY","Banská Bystrica","okres Ružomberok",Ružomberok,Baničné
JuWx4I1iGWR,"BeMi realitná kancelária",Nitra,"okres Námestovo",Mútne,Mútne
Jubx4f_wHQY,"RK4 REALITY",Bratislava,"okres Žilina",Žilina,Vlčince
JuBjT8MmAiR,"Istrofinal, s. r. o.",Žilina,"okres Kysucké Nové Mesto","Kysucké Nové Mesto",Kamence
Ju8qAJxGCh0,"Mgr. Silvia Lukáčová - RealPoint",Martin,"okres Martin",Martin,Záturčie
Ju-DovddXIY,"RE/MAX Slovakia",Bratislava,"okres Liptovský Mikuláš","Liptovský Mikuláš","Vrbica - Nábrežie"
Ju6ap4Twr5W,NULL,NULL,"okres Ružomberok",Ružomberok,Klačno
JuVlvDHUEHV,"OREA, s.r.o.","Dolný Kubín","okres Dolný Kubín","Dolný Kubín",Mokraď
JukzS9fkGsH,"Safe reality s. r. o.",Žilina,"okres Žilina",Žilina,Vlčince
Jum2zoM9dK0,"Reinoo a.s.",Žilina,"okres Žilina",Žilina,Vlčince
JuwxWNhZHvq,"DreamReality s.r.o.",Žilina,"okres Žilina",Žilina,"Staré mesto"
JuNh7AtADFs,"MGM reality",Žilina,"okres Čadca","Krásno nad Kysucou",Kalinov
JuoVEcjPg5o,"RE/MAX Slovakia",Bratislava,"okres Námestovo",Rabčice,Rabčice
JuyUHlMcv_Q,"Realitná kancelária RED, s.r.o.",Žilina,"okres Kysucké Nové Mesto","Kysucké Nové Mesto",Kamence
JuXQxA2vSe6,"EASY centrum bývania, s.r.o.",Žilina,"okres Žilina",Žilina,Vlčince
Jufd89QZCSO,"PASS Reality, s.r.o.",Bratislava,"okres Liptovský Mikuláš","Pavčina Lehota","Pavčina Lehota"
Ju2hVjHchsA,"Buby reality, s.r.o.",Žilina,"okres Martin",Martin,Stred
Ju9Zm5FKDvx,"Realitná kancelária RED, s.r.o.",Žilina,"okres Žilina",Žilina,Hliny
Ju_q6RS-fKo,"OREA, s.r.o.","Dolný Kubín","okres Námestovo","Oravské Veselé","Oravské Veselé"
Jutomv1SERc,"Reality Alpia",Martin,"okres Martin",Martin,Jahodníky
Jukc07qMxPz,"Realitná kancelária RED, s.r.o.",Žilina,"okres Žilina",Žilina,Bytčica
JuZPdvGyLq9,"TUreality s.r.o.",Žilina,"okres Žilina",Žilina,"Staré mesto"
Ju8xVwtKo3R,"BeMi realitná kancelária",Nitra,"okres Námestovo",Námestovo,Stred
JuIK5SS5weX,"Like Reality s.r.o.","Považská Bystrica","okres Martin",Martin,Stred
JuzzHVLtL7p,"Vianema s.r.o.",Bratislava,"okres Tvrdošín",Tvrdošín,Medvedzie
Ju7J-Smt48P,"RK SPIRIT s.r.o.","Liptovský Mikuláš","okres Tvrdošín",Trstená,Trstená
JuvxR6XXHxE,"Fortio Popper s.r.o.",Bytča,"okres Bytča",Bytča,"Veľká Bytča"
JuRuuJuhfW8,"Like Reality s.r.o.","Považská Bystrica","okres Martin",Vrútky,"Horné Vrútky"
JuZK70yldNu,"OVERENÉ REALITY","Banská Bystrica","okres Liptovský Mikuláš","Liptovský Mikuláš","Liptovská Mara - Tatralandia"
JuzSqFzglhO,Reality+,Žilina,"okres Kysucké Nové Mesto","Kysucké Nové Mesto",Kamence
JuT8ujDpM1g,"WFG reality, s.r.o.",Žilina,"okres Žilina",Žilina,"Staré mesto"
JuzmSjYalDj,"Like Reality s.r.o.","Považská Bystrica","okres Martin",Vrútky,"Horné Vrútky"
Ju6pkdVbtRp,"NajBývanie, s.r.o.",Ružomberok,"okres Ružomberok",Ružomberok,Klačno
JudnXUbr0fH,"REALITY TATRY",Levoča,"okres Liptovský Mikuláš",Východná,Východná
JuBIZmW7FwQ,NULL,NULL,"okres Kysucké Nové Mesto","Kysucké Nové Mesto",Sídlisko
JuPDRHaKHGy,"ŽILINAREAL, s.r.o.",Žilina,"okres Žilina",Žilina,Hliny
JuD8hcoEgT4,"Realitná kancelária RED, s.r.o.",Žilina,"okres Žilina",Žilina,Vlčince
JukBZSTP0a5,"TARGETreal s. r. o.",Žilina,"okres Turčianske Teplice","Turčianske Teplice",Stred
Ju1AcChzPhX,"REALITY SPOLU",Bratislava,"okres Liptovský Mikuláš","Vyšná Boca","Vyšná Boca"
JuE-VhHgCax,"Bonjour real",Bučany,"okres Žilina",Terchová,Terchová
JuBAitX8aRy,"FINREA - ak vám záleží na výsledku","Dolný Kubín","okres Ružomberok",Ružomberok,Baničné
JuYm2hUT2pj,"ALT REAL, s.r.o.",Martin,"okres Martin",Martin,Stred
Ju6opeOUPUx,"Realitné kancelárie SR",Bratislava,"okres Žilina",Žilina,"Staré mesto"
JuvmTUfehMc,Reality+,Žilina,"okres Kysucké Nové Mesto",Rudinka,Rudinka
JuaMkijSYs-,"FINREA - ak vám záleží na výsledku","Dolný Kubín","okres Dolný Kubín","Dolný Kubín",Brezovec
JuZL3wORd4j,"DVOŘÁK & PARTNERS s. r. o.","Banská Bystrica","okres Liptovský Mikuláš","Liptovský Mikuláš",Stošice
JunBxeMXtVv,"RIEŠIME BÝVANIE",Bratislava,"okres Bytča","Veľké Rovné","Veľké Rovné"
JufXt9veplf,"B10 Slovensko, a. s.",Žilina,"okres Martin",Martin,Košúty
Ju1v-rz6S-g,"TUreality s.r.o.",Žilina,"okres Žilina",Rajec,Rajec
JuK8NkfUxDo,"LICITOR group, a.s.",Žilina,"okres Martin","Turčianska Štiavnička","Turčianska Štiavnička"
JuhvRDg8Y4C,"RIEŠIME BÝVANIE",Bratislava,"okres Námestovo",Námestovo,Stred
JuqqisVRKbE,"GERT , s.r.o.","Liptovský Mikuláš","okres Liptovský Mikuláš","Liptovský Mikuláš","Staré mesto"
JupIznadChw,"B10 Slovensko, a. s.",Žilina,"okres Martin",Martin,Stred
JuCtiU-W9oK,"BEEVAM, s.r.o.","Banská Bystrica","okres Ružomberok",Ružomberok,Klačno
JuQUQOdCbAJ,"Reality IQ, s.r.o.",Žilina,"okres Žilina",Žilina,"Staré mesto"
JuEGUe9TZYw,"WFG reality, s.r.o.",Žilina,"okres Žilina",Žilina,Vlčince
JuJTUgZNUdL,"Reality D.P.A.",Martin,"okres Martin",Turany,Turany
JugdzCpEbZl,"KES - RV s.r.o.",Rožňava,"okres Žilina",Žilina,Hliny
JuJ1fx159Ms,OPENREALITY,Brno,"okres Čadca",Turzovka,Stred
JuUWRcxAAYr,"KA Real","Banská Bystrica","okres Liptovský Mikuláš","Liptovský Mikuláš","Staré mesto"
JucFSMwZ-YV,"Reality Center, s.r.o.",Martin,"okres Martin",Martin,Priekopa
JuHBGisy5-E,"NajBývanie, s.r.o.",Ružomberok,"okres Ružomberok",Ružomberok,Hrabovo
JuInv_n4G9P,"Teraz, a.s.",Žilina,"okres Žilina",Žilina,"Staré mesto"
JuUFq9Wci3W,"Reality Alpia",Martin,"okres Martin",Martin,Ľadoveň
JuBnUuJa9ic,"Financial Hotels Management, s.r.o.",Žilina,"okres Žilina",Žilina,"Staré mesto"
Ju2txZynSMnS,"TUreality s.r.o.",Žilina,"okres Námestovo",Námestovo,Brehy
Jucm4yaaOJ2,"RK Dalmia s. r. o.","Dolný Kubín","okres Dolný Kubín","Dolný Kubín",Brezovec
JuT9LmGMkpW,jabyvam.sk,"Liptovský Mikuláš","okres Liptovský Mikuláš","Liptovský Mikuláš",Demänová
JuuOQAIf3eQ,"WFG reality, s.r.o.",Žilina,"okres Žilina",Žilina,"Staré mesto"
JuhSIJae8jB,"Porto Real Group",Bratislava,"okres Liptovský Mikuláš",Smrečany,Smrečany
Ju20KERTu8I,"RESIDENCE realitná kancelária","Liptovský Mikuláš","okres Liptovský Mikuláš","Liptovský Mikuláš",Podbreziny
JuGfHZevCsA,"Realitná kancelária DR, s.r.o.",Martin,"okres Martin",Martin,Stred
JufXjo0g1k9,"RESIDENCE realitná kancelária","Liptovský Mikuláš","okres Liptovský Mikuláš","Liptovský Mikuláš",Palúdzka
JuPNe1hyDeq,"Fortio Popper s.r.o.",Bytča,"okres Bytča",Bytča,"Veľká Bytča"
Jumt5qe1Qm47,"AstonReal s.r.o.","Banská Bystrica","okres Ružomberok",Ružomberok,Klačno
JuI6MQ6tc2T,"BeMi realitná kancelária",Nitra,"okres Liptovský Mikuláš","Liptovský Mikuláš","Liptovská Mara - Tatralandia"
Ju4eeNbxgyr,"Realitná kancelária RED, s.r.o.",Žilina,"okres Žilina",Žilina,Solinky
JuN3wzC2QtN,"Like Reality s.r.o.","Považská Bystrica","okres Martin",Martin,Sever
JuZdOmvD2ic,"Istrofinal, s. r. o.",Žilina,"okres Kysucké Nové Mesto","Kysucké Nové Mesto",Kamence
JuQG3Tg2HJV,"RESIDENCE realitná kancelária","Liptovský Mikuláš","okres Liptovský Mikuláš","Demänovská Dolina","Demänovská Dolina"
Ju7i7kUX31N,"RE/MAX Slovakia",Bratislava,"okres Námestovo",Lokca,Lokca
JuT7xzp7Ax-,AZUR.RE,Bratislava,"okres Martin",Martin,Stred
JuTL4AQg4bH,"Reality ASTORIA, s.r.o.",Martin,"okres Martin",Martin,Jahodníky
JuYNcMLobvd,NULL,NULL,"okres Žilina",Žilina,Trnové
JuCgojI4KWH,"Trioreality, s.r.o.",Čadca,"okres Čadca",Čadca,Žarec
JukjSccuSX6,"TUreality s.r.o.",Žilina,"okres Martin",Vrútky,NULL
JuvuB2q_3M4,"Tatry mountain resorts, a.s.","Liptovský Mikuláš","okres Liptovský Mikuláš","Demänovská Dolina","Demänovská Dolina"
Jum788VaVl8,"WFG reality, s.r.o.",Žilina,"okres Žilina",Žilina,"Staré mesto"
JuRDv8rOGAN,"Fortio Popper s.r.o.",Bytča,"okres Bytča",Bytča,"Veľká Bytča"
JuguMiG6Pot,"Euro Bauer s.r.o.",Žilina,"okres Žilina",Rajec,Rajec
JunSqXxyUya,"WFG reality, s.r.o.",Žilina,"okres Žilina",Žilina,"Staré mesto"
Juzl0Ycup_I,donidDevelop,"Dolný Kubín","okres Martin",Martin,"Martinské hole"
JuMrpN3u-gh,"Reality Alpia",Martin,"okres Žilina",Žilina,Hájik
JuG-jkKlogR,"Reality Alpia",Martin,"okres Martin",Martin,Stred
Ju-seNslb4u,"Realitná kancelária RED, s.r.o.",Žilina,"okres Martin",Martin,Priekopa
JuKxd6XdpfQ,NULL,NULL,"okres Kysucké Nové Mesto","Kysucké Nové Mesto",Kamence
JuddoVYZYie,Limaxreal,"Liptovský Mikuláš","okres Ružomberok","Liptovská Teplá","Liptovská Teplá"
Ju4lN_U1N_8,"ARBIZ real estate & finance s. r. o.",Ružomberok,"okres Liptovský Mikuláš","Liptovský Mikuláš",Stošice
JuNQHesGhEl,"Istrofinal, s. r. o.",Žilina,"okres Kysucké Nové Mesto","Kysucké Nové Mesto",Kamence
Juv6SZd0pv9,"Reality AK, spol. s r.o.",Martin,"okres Martin",Vrútky,NULL
Ju01CyxoHbS,"KORSO Project, s.r.o.",Žilina,"okres Žilina",Terchová,Terchová
JuQxdKNuhGj,"Piata Avenue",Žilina,"okres Žilina",Žilina,"Staré mesto"
JuMc4nt1NbY,"RK SPIRIT s.r.o.","Liptovský Mikuláš","okres Liptovský Mikuláš","Liptovský Hrádok",Celiny
JuykyParod3,"RENOME REAL",Žilina,"okres Bytča","Veľké Rovné","Veľké Rovné"
Ju4N6fIAndO,"TUreality s.r.o.",Žilina,"okres Liptovský Mikuláš","Liptovský Mikuláš","Liptovská Ondrašová"
JuiNHN3K-2n,"SLNOVRAT, s.r.o.",Olešná,"okres Čadca",Staškov,Staškov
JucceUznreI,"BEŇO REALITY","Liptovský Mikuláš","okres Liptovský Mikuláš","Liptovský Mikuláš","Staré mesto"
JuzGrB3SDsa,"Felicita Real s. r. o.",Martin,"okres Martin",Vrútky,"Horné Vrútky"
JuCJs2os-i-x,"Buby reality, s.r.o.",Žilina,"okres Martin",Martin,Stred
Ju3z3M9TPDa,"GAMA Reality, s.r.o.",Bytča,"okres Žilina",Žilina,Závodie
JuDxBcaveH8,"Reality Center, s.r.o.",Martin,"okres Martin",Vrútky,"Horné Vrútky"
Ju_5trjiiyY,"Piata Avenue",Žilina,"okres Žilina",Žilina,Solinky
Juo9yc6U_zm,"BeMi realitná kancelária",Nitra,"okres Kysucké Nové Mesto","Kysucké Nové Mesto",Stred
JueZYUzuLYA,"OREA, s.r.o.","Dolný Kubín","okres Ružomberok",Bešeňová,Bešeňová
Juqo1hWp_Zj,"TUreality s.r.o.",Žilina,"okres Martin",Martin,Stred
Ju3pgjh4OY7,"WFG reality, s.r.o.",Žilina,"okres Žilina",Žilina,Hájik
JueVCjlarhT,"HD reality group s.r.o","Banská Bystrica","okres Tvrdošín",Nižná,Nižná
JuX7LFsuKfI,"ROSA reality","Kysucké Nové Mesto","okres Kysucké Nové Mesto","Kysucké Nové Mesto",Nábrežie
JuV0WpoDBe_,NULL,NULL,"okres Liptovský Mikuláš","Liptovský Mikuláš","Staré mesto"
Ju2PTXS03nR,"RIEŠIME BÝVANIE",Bratislava,"okres Bytča","Veľké Rovné","Veľké Rovné"
Ju1Fw0u3Cah,"Direct Real, spol. s r.o.",Bratislava,"okres Liptovský Mikuláš","Liptovský Mikuláš","Vrbica - Nábrežie"
JuckFfec6yi,"Reality Alpia",Martin,"okres Ružomberok",Ružomberok,"Staré mesto"
JuiYPO6c35-,"Reality Center, s.r.o.",Martin,"okres Martin",Martin,Stráne
Jup8gJ48Fqt,"KORSO Project, s.r.o.",Žilina,"okres Žilina",Žilina,"Staré mesto"
JuQ3YUuwUTb,"RIEŠIME BÝVANIE",Bratislava,"okres Žilina",Žilina,Hliny
JutqtoD-x5N,"Realitné kancelárie SR",Bratislava,"okres Čadca",Čadca,Centrum
Juu8kqRVDip,"Direct Real, spol. s r.o.",Bratislava,"okres Liptovský Mikuláš","Liptovský Mikuláš",Podbreziny
Jub6sy4N9gp,"TATRA CITY RESIDENCE s. r. o.",Zvolen,"okres Liptovský Mikuláš","Liptovský Mikuláš","Staré mesto"
JuL2muHqM6p,"PRIMA reality s.r.o.",Žilina,"okres Žilina",Žilina,"Staré mesto"
Ju28AQVsAqz,"RECLOUD Reality a.s.",Bratislava,"okres Ružomberok",Ružomberok,Baničné
JuuVvHxxC-m,"HALO reality, s.r.o.",Prievidza,"okres Liptovský Mikuláš","Liptovský Mikuláš",Podbreziny
JuzUlNr7U_e,"Wealth Group, s.r.o.","Nová Dedinka","okres Žilina",Žilina,Vlčince
Jumr_ISbK0Z,"Reality Alpia",Martin,"okres Žilina",Žilina,Hájik
JuxXBGk_4Zo,"Ing. Marcela Pišteková",Turzovka,"okres Čadca",Turzovka,Stred
JuZK9MB7o6G,NULL,NULL,"okres Žilina",Žilina,Solinky
JuSreilLACi,"Realitná kancelária RED, s.r.o.",Žilina,"okres Žilina",Žilina,"Staré mesto"
JudTaFLI7V1,"Reality AK, spol. s r.o.",Martin,"okres Martin",Martin,Stred
JulUy_Gy-T7,"XEMAR realitná spoločnosť s.r.o.","Banská Bystrica","okres Liptovský Mikuláš","Liptovský Mikuláš","Staré mesto"
JuTgtQtwGXl,"RE/MAX Slovakia",Bratislava,"okres Martin",Martin,Sever
JuAoUEm3GbZ,"ALT REAL, s.r.o.",Martin,"okres Martin",Martin,Ľadoveň
JuZFiZ0fwgL,"AstonReal s.r.o.","Banská Bystrica","okres Dolný Kubín","Dolný Kubín","Veľký Bysterec"
JuZLDF7L6J1,"PRIMA reality s.r.o.",Žilina,"okres Žilina",Žilina,"Staré mesto"
JuH6sKr2JgO,"MK-CORP s.r.o.",Malacky,"okres Liptovský Mikuláš","Demänovská Dolina","Demänovská Dolina"
Ju34-Gac91u,"BEDES | Realitná kancelária",Prievidza,"okres Liptovský Mikuláš","Demänovská Dolina","Demänovská Dolina"
Ju7lDmg4T0n,"KRUPPKY, s.r.o.","Liptovský Mikuláš","okres Liptovský Mikuláš","Liptovský Mikuláš","Liptovská Ondrašová"
JuR7qWw7H0C,NULL,NULL,"okres Liptovský Mikuláš","Liptovský Mikuláš","Staré mesto"
JuKOidVb0W7,"Reality Alpia",Martin,"okres Liptovský Mikuláš","Liptovský Hrádok",Belánska
JuIDpA00OUN,"ML realitný& finančny servis s.r.o. , BrokerSoft s.r.o. , Monika Launerová - SZČO","Banská Bystrica","okres Martin",Martin,Stred
Ju6FesX3XoQ,"Realitná kancelária",Bratislava,"okres Martin",Turany,Turany
JuTBls071FE,"B10 Slovensko, a. s.",Žilina,"okres Martin",Valča,Valča
JukANoj_iFm,"RESIDENCE realitná kancelária","Liptovský Mikuláš","okres Liptovský Mikuláš","Demänovská Dolina","Demänovská Dolina"
Juj0AUCC2FC,"DLUGO reality",Poprad,"okres Liptovský Mikuláš","Demänovská Dolina","Demänovská Dolina"
JuEg-jxdD7t,"ML realitný& finančny servis s.r.o. , BrokerSoft s.r.o. , Monika Launerová - SZČO","Banská Bystrica","okres Martin",Martin,Stred
JuBSH-C3TAe,NULL,NULL,"okres Martin",Vrútky,"Horné Vrútky"
Juh1ylk55iy,"RK SPIRIT s.r.o.","Liptovský Mikuláš","okres Liptovský Mikuláš","Liptovský Mikuláš","Liptovská Mara - Tatralandia"
JupjDJ9XYhE,"REALITY SPOLU",Bratislava,"okres Ružomberok",Bešeňová,Bešeňová
JuDV2pnh02W,"Realitná kancelária",Bratislava,"okres Martin",Sučany,Sučany
JuN-Pnp6KBM,"Safe reality s. r. o.",Žilina,"okres Čadca",Turzovka,Stred
JuPcc0iMceY,"ARCHEUS Partners a.s.",Bratislava,"okres Ružomberok",Ružomberok,Hrabovo
JudyIRiA8kq,ZEIRA,Bratislava,"okres Liptovský Mikuláš","Demänovská Dolina","Demänovská Dolina"
JuUZC8aojHf,"Arvin & Benet",Bratislava,"okres Turčianske Teplice","Turčianske Teplice",Stred
JuMZVzeIVRp,NULL,NULL,"okres Ružomberok",Ružomberok,Hrabovo
Ju892FRo72v,NULL,NULL,"okres Žilina",Žilina,"Staré mesto"
JuODe5tlbwG,"FINREA - ak vám záleží na výsledku","Dolný Kubín","okres Martin",Martin,Priekopa
JuBpZ_BskLa,NULL,NULL,"okres Martin",Martin,Priekopa
JulQn0N46Be,"ATP stavby s.r.o.","Teplička nad Váhom","okres Žilina",Žilina,Bôrik
JuFuOGe_LXE,NULL,NULL,"okres Žilina",Žilina,Hliny
Ju1BpgSKaaX,"MGM reality",Žilina,"okres Čadca",Čadca,Žarec
JuVTyDRO6Fo,NULL,NULL,"okres Ružomberok",Ružomberok,Klačno
JuKXwzVXskc,"Realitná kancelária RED, s.r.o.",Žilina,"okres Žilina",Žilina,"Staré mesto"
JueuOSIj-04,"Realitná kancelária",Bratislava,"okres Martin",Vrútky,"Horné Vrútky"
JutPVr1bWDy,"OVERENÉ REALITY","Banská Bystrica","okres Liptovský Mikuláš",Pribylina,Pribylina
JuuAb4gfi_M,NULL,NULL,"okres Tvrdošín","Suchá Hora","Suchá Hora"
Ju90gNOpUS1,"CANGURU s.r.o.","Rajecké Teplice","okres Martin",Martin,Jahodníky
JuaoWKxAUyW,"WFG reality, s.r.o.",Žilina,"okres Žilina",Žilina,Solinky
Ju1vHkMA9-i,"RE/MAX Slovakia",Bratislava,"okres Dolný Kubín","Dolný Kubín",Stred
Ju-a60L4yJH,"FINREA - ak vám záleží na výsledku","Dolný Kubín","okres Dolný Kubín","Dolný Kubín",Brezovec
JuWACwgZ0JW,"Reality Alpia",Martin,"okres Bytča","Veľké Rovné","Veľké Rovné"
JuhldTbf0YC,"Constario REALTY s.r.o.",Žilina,"okres Martin",Sučany,Sučany
Ju-zlCEP8xA,"Nové bývanie",Nitra,"okres Liptovský Mikuláš","Demänovská Dolina","Demänovská Dolina"
JuyMZex0bdp,"Renovo Reality",Žilina,"okres Žilina",Žilina,Bôrik
Jux3XqE2ppP,"XEMAR realitná spoločnosť s.r.o.","Banská Bystrica","okres Liptovský Mikuláš","Demänovská Dolina","Demänovská Dolina"
Juwu97tpKpb,"MAX PROFI REALITY",Martin,"okres Martin",Martin,Stred
JuCx6JHdbha,"Reinoo a.s.",Žilina,"okres Žilina",Žilina,Vlčince
JuNAef2PSXl,NULL,NULL,"okres Žilina",Žilina,Hliny
Jul4B6HJsMz,"MK-CORP s.r.o.",Malacky,"okres Ružomberok",Bešeňová,Bešeňová
JuITiNm8gMP,NULL,NULL,"okres Martin",Martin,Stred
JuZyhdrORR4,"CANGURU s.r.o.","Rajecké Teplice","okres Martin",Martin,Jahodníky
JunvsP3a8hf,liptoreal,"Liptovský Mikuláš","okres Liptovský Mikuláš","Liptovský Mikuláš",Demänová
Jun_e5pu1kO,"Reinoo a.s.",Žilina,"okres Žilina",Žilina,Vlčince
JuD2CR5HuKc,"A-Byt Consult, s.r.o.",Ružomberok,"okres Ružomberok",Ružomberok,Rybárpole
Ju4j49rCz8N,NULL,NULL,"okres Ružomberok",Ružomberok,"Staré mesto"
Ju5mXWZ29s_,"Reality Alpia",Martin,"okres Ružomberok",Ružomberok,"Staré mesto"
Jurvv0ZHBuR,"PSynchro RK32",Žilina,"okres Žilina",Žilina,Vlčince
JuAxXn7nLOP,"ŽILINAREAL, s.r.o.",Žilina,"okres Žilina",Žilina,Bôrik
JuHpUtcCNg-,"Financie a reality od A po Z",Martin,"okres Martin",Martin,Ľadoveň
JuQIDFd_kHU,"KORSO Project, s.r.o.",Žilina,"okres Žilina",Terchová,Terchová
JudmgOWhHLZ1,"SLNOVRAT, s.r.o.",Olešná,"okres Čadca",Staškov,Staškov
Ju0hF7AM_5h,NULL,NULL,"okres Čadca",Čadca,Kyčerka
JuEeA2GuHj3,"A-Byt Consult, s.r.o.",Ružomberok,"okres Ružomberok",Ružomberok,Roveň
JuDDQHUehhw,"TARGETreal s. r. o.",Žilina,"okres Turčianske Teplice","Turčianske Teplice",Stred
Ju0xJVhINu5,"1. Reality Rent, s.r.o.",Žilina,"okres Čadca",Turzovka,Stred
JuTiMVE781u,"AstonReal s.r.o.","Banská Bystrica","okres Ružomberok","Liptovská Osada","Liptovská Osada"
JuV9QF4vC1L,"Reality AK, spol. s r.o.",Martin,"okres Martin",Martin,Stred
JumNtvscU-s,"CreeX Reality s.r.o.",Trnava,"okres Liptovský Mikuláš","Demänovská Dolina","Demänovská Dolina"
JuSTl0QkI_h,"NajBývanie, s.r.o.",Ružomberok,"okres Ružomberok",Ružomberok,Hrabovo
JuJZPVcldrZ,"HMS Services, a. s.",Žilina,"okres Žilina",Žilina,Vlčince
JuSSppam0PC,"TATRA CITY RESIDENCE s. r. o.",Zvolen,"okres Liptovský Mikuláš","Liptovský Mikuláš","Staré mesto"
JucYBy-FPZ5,"Reinoo a.s.",Žilina,"okres Žilina",Žilina,Vlčince
JuuJ1uhMrN8,"BeMi realitná kancelária",Nitra,"okres Námestovo",Námestovo,Stred
JuTc88Wux9w,"GARANT REALITY",Ružomberok,"okres Ružomberok",Ružomberok,Polík
Ju-cD3Eglt7,"REALITY TATRY",Levoča,"okres Liptovský Mikuláš",Východná,Východná
JuTbC9RkGly,"Realitná kancelária RED, s.r.o.",Žilina,"okres Žilina",Žilina,"Staré mesto"
JuKzHgnrtuZ,"Realitné kancelárie SR",Bratislava,"okres Kysucké Nové Mesto","Kysucké Nové Mesto",Sídlisko
Jua8nBfq4pP,"Realitná kancelária RED, s.r.o.",Žilina,"okres Žilina",Strečno,Strečno
JupAkSKIIBk,"Reality Alpia",Martin,"okres Ružomberok",Ružomberok,"Staré mesto"
Ju5Yoj_C-t-,NULL,NULL,"okres Martin",Martin,Stred
Ju0FWK0oDmX,"Reality Alpia",Martin,"okres Žilina",Žilina,Hájik
JucrRlUBTDv,"SLNOVRAT, s.r.o.",Olešná,"okres Čadca","Krásno nad Kysucou",NULL
JunvOdNMl-j,"Reality MT s.r.o.",Martin,"okres Martin",Martin,Stred
JuXll0okDmg,"Realitná kancelária RED, s.r.o.",Žilina,"okres Žilina",Žilina,Bôrik
Ju5MSxaC_U4,"KUBALA REALITY, s.r.o.",Čadca,"okres Čadca",Čadca,Žarec
Ju0sE49cmdc,liptoreal,"Liptovský Mikuláš","okres Liptovský Mikuláš","Liptovský Mikuláš","Staré mesto"
Ju8oShU9enl,"HALO reality, s.r.o.",Prievidza,"okres Bytča",Bytča,"Veľká Bytča"
JuOobPaFHGD,"JKV REAL",Prievidza,"okres Žilina",Kunerad,Kunerad
Ju9wHsIIJEO,"Realitné kancelárie SR",Bratislava,"okres Žilina",Žilina,Trnové
Ju6hdfe5kDA,"Tatry mountain resorts, a.s.","Liptovský Mikuláš","okres Liptovský Mikuláš","Demänovská Dolina","Demänovská Dolina"
JukheJ1B1aD,"RESIDENCE realitná kancelária","Liptovský Mikuláš","okres Liptovský Mikuláš","Demänovská Dolina","Demänovská Dolina"
JuXvJNkXrX-,"Reality Now",Bratislava,"okres Liptovský Mikuláš","Demänovská Dolina","Demänovská Dolina"
JuARmayf-nL,"Reality Alpia",Martin,"okres Žilina",Žilina,Hliny
JueWH91Qt062,"DOMUM realitná spoločnosť s. r. o.","Nové Mesto nad Váhom","okres Ružomberok",Ružomberok,Hrabovo
JuaBQ-omPcs,"Realitná kancelária",Bratislava,"okres Martin",Martin,Sever
JuKfjwtr3uv,"FINREA - ak vám záleží na výsledku","Dolný Kubín","okres Dolný Kubín",Leštiny,Leštiny
JuBgCxlwRO1,"Pro Real, s. r. o. realitná kancelária",Žilina,"okres Kysucké Nové Mesto","Kysucké Nové Mesto",Kamence
JupJ5OCoIez,NULL,NULL,"okres Žilina",Žilina,Hájik
Juq8SVDOmLX,NULL,NULL,"okres Žilina",Žilina,Solinky
JuqvAhg9dB7,"KUBALA REALITY, s.r.o.",Čadca,"okres Čadca","Krásno nad Kysucou",Stred
JudvlSKcuB3,"Realitná kancelária DR, s.r.o.",Martin,"okres Martin",Martin,Košúty
Ju71Or7iIz1,"Realitné kancelárie SR",Bratislava,"okres Kysucké Nové Mesto","Kysucké Nové Mesto",Stred
Ju8f4W9RYX2,"Tatra Invest",Podtureň,"okres Liptovský Mikuláš","Demänovská Dolina","Demänovská Dolina"
JupbJt5OZmn,NULL,NULL,"okres Dolný Kubín","Dolný Kubín",Brezovec
JuUrbdc3pDN,"RK SPIRIT s.r.o.","Liptovský Mikuláš","okres Liptovský Mikuláš","Liptovský Hrádok",Celiny
Ju-XczSJwZk,"Fortio Popper s.r.o.",Bytča,"okres Bytča",Bytča,"Veľká Bytča"
JucfuBBHTMn,"KA Real","Banská Bystrica","okres Liptovský Mikuláš","Liptovský Mikuláš","Staré mesto"
JuoQ5zgqUF8,"STAREA, s. r. o.",Žilina,"okres Žilina",Žilina,"Staré mesto"
JuDyAq3LxaR,"Realitná kancelária RED, s.r.o.",Žilina,"okres Kysucké Nové Mesto","Kysucké Nové Mesto",Sídlisko
JuPoZE57z5D,"RK4 REALITY",Bratislava,"okres Žilina",Žilina,Vlčince
JuQ010q_mPp,"House Real Žilina",Žilina,"okres Žilina",Žilina,Hliny
Ju6NM6rUyuq,"BEŇO REALITY","Liptovský Mikuláš","okres Liptovský Mikuláš","Liptovský Mikuláš","Liptovská Ondrašová"
Ju2W2fwASSP,"TUreality s.r.o.",Žilina,"okres Dolný Kubín","Dolný Kubín",Brezovec
Jun4cFPr-JJ,"R2 SK, s.r.o.",Žilina,"okres Žilina",Žilina,Závodie
JuU41-eIe2m,"Istrofinal, s. r. o.",Žilina,"okres Kysucké Nové Mesto","Kysucké Nové Mesto",Kamence
JuC7FB5n3i0,"RK SPIRIT s.r.o.","Liptovský Mikuláš","okres Tvrdošín",Trstená,Trstená
JuYWEki50At,"1. Reality Rent, s.r.o.",Žilina,"okres Žilina",Žilina,"Staré mesto"
Julagh5blsT,"FINREA - ak vám záleží na výsledku","Dolný Kubín","okres Martin",Martin,Stred
JuL2CqQ6bTm,"BeMi realitná kancelária",Nitra,"okres Čadca",Turzovka,Stred
JuaDMLn46eO,"FINREA - ak vám záleží na výsledku","Dolný Kubín","okres Martin",Martin,Stred
JudWcaYczoj,"RESIDENCE realitná kancelária","Liptovský Mikuláš","okres Liptovský Mikuláš","Liptovský Mikuláš","Staré mesto"
JuTaGlgOIm6,"Occam New Home",Bratislava,"okres Liptovský Mikuláš","Demänovská Dolina","Demänovská Dolina"
JuzwzT16anT,"Realitná kancelária RED, s.r.o.",Žilina,"okres Žilina",Žilina,Hliny
JuF5BDGmyHN,"CANGURU s.r.o.","Rajecké Teplice","okres Martin",Martin,Jahodníky
Ju-q6Oh2szF,"Realitná kancelária DOM",Žilina,"okres Kysucké Nové Mesto","Kysucké Nové Mesto",Sídlisko
Ju4T4al4Vz1,"CANGURU s.r.o.","Rajecké Teplice","okres Martin",Martin,Jahodníky
JuU5AQijDSV,G-REAL,"Liptovský Mikuláš","okres Liptovský Mikuláš","Liptovský Mikuláš","Staré mesto"
JuMBGx19jQm,"RE/MAX Slovakia",Bratislava,"okres Martin",Martin,Stred
JuK1t12r-oH,"TUreality s.r.o.",Žilina,"okres Žilina",Žilina,Hliny
JuhxKlECA3G,"ODEKO manažment s.r.o.",Žilina,"okres Ružomberok",Ružomberok,Roveň
Ju9BdsvYTHj,"Teraz, a.s.",Žilina,"okres Žilina",Žilina,"Staré mesto"
Ju6Co8ebtz8,"B10 Slovensko, a. s.",Žilina,"okres Žilina",Žilina,Hájik
Ju7WBBedEh6,NULL,NULL,"okres Žilina",Žilina,Vlčince
Ju0fvkzNIT_,"RESIDENCE realitná kancelária","Liptovský Mikuláš","okres Liptovský Mikuláš","Liptovský Mikuláš","Staré mesto"
Ju4lV1--VGV,"Realitka pre každého",Žilina,"okres Žilina",Žilina,"Staré mesto"
JuFVUTYq75r,"OREA, s.r.o.","Dolný Kubín","okres Dolný Kubín","Dolný Kubín",Mokraď
JuktUK0BQQK,NULL,NULL,"okres Žilina",Žilina,Hliny
JuuN3hIqf_p,"OVERENÉ REALITY","Banská Bystrica","okres Liptovský Mikuláš","Liptovský Mikuláš",Podbreziny
Jug3tmEab8dn,"TUreality s.r.o.",Žilina,"okres Liptovský Mikuláš","Liptovský Mikuláš",Podbreziny
Ju0wXtJ_miO,"Prvá Realitná Kancelária, s.r.o.",Bratislava,"okres Liptovský Mikuláš","Liptovský Mikuláš","Liptovská Mara - Tatralandia"
JuGN2-1NoX2,"Reinoo a.s.",Žilina,"okres Žilina",Žilina,Vlčince
JuSqYMaXIJ4,"RESIDENCE realitná kancelária","Liptovský Mikuláš","okres Liptovský Mikuláš","Liptovský Mikuláš",Palúdzka
Ju_mj9AejcW,"RECLOUD Reality a.s.",Bratislava,"okres Martin",Martin,Priekopa
Jul4sW3x805,"WFG reality, s.r.o.",Žilina,"okres Žilina",Žilina,"Staré mesto"
Juty1iBq1Em,"ŽILINAREAL, s.r.o.",Žilina,"okres Žilina",Žilina,"Staré mesto"
Ju-1tp0yEDG,"FINREA - ak vám záleží na výsledku","Dolný Kubín","okres Martin",Martin,Stred
JuDeBuW3pN0,"Buby reality, s.r.o.",Žilina,"okres Martin",Martin,Jahodníky
JuDjC6lbUrb,"ODEKO manažment s.r.o.",Žilina,"okres Ružomberok",Ružomberok,Baničné
JukiyEnJ5hw,"Realitná kancelária RED, s.r.o.",Žilina,"okres Žilina",Žilina,Hliny
Ju35wiOj2hS,"Reinoo a.s.",Žilina,"okres Žilina",Žilina,Vlčince
JuIYGEaJFQ7,G-REAL,"Liptovský Mikuláš","okres Liptovský Mikuláš","Demänovská Dolina","Demänovská Dolina"
Ju4n_bUHLJ9,"FINREA - ak vám záleží na výsledku","Dolný Kubín","okres Martin",Martin,Stred
JuDt4JSbLor,"FINREA - ak vám záleží na výsledku","Dolný Kubín","okres Martin",Martin,Podháj
JuK5fZIIPNG,NULL,NULL,"okres Dolný Kubín","Dolný Kubín",Brezovec
Jui1mJgPtv9,"FINREA - ak vám záleží na výsledku","Dolný Kubín","okres Martin",Vrútky,"Horné Vrútky"
JuFG7fBeyGR,"B10 Slovensko, a. s.",Žilina,"okres Martin",Martin,Ľadoveň
JuKfm2wXtCP,"B10 Slovensko, a. s.",Žilina,"okres Žilina","Rajecké Teplice","Rajecké Teplice"
JufWdbgp6A3,"TARGETreal s. r. o.",Žilina,"okres Martin",Martin,Stred
Jud1TyzIUXK,"Loviu, s.r.o.","Liptovský Mikuláš","okres Liptovský Mikuláš","Liptovský Mikuláš",Palúdzka
Ju5fikmM7T5,"RK SPIRIT s.r.o.","Liptovský Mikuláš","okres Liptovský Mikuláš","Liptovský Mikuláš","Staré mesto"
JuewVCwJvGy,"MK CAR, s.r.o.",Bitarová,"okres Žilina",Žilina,Vlčince
JuGV5aus1Gq,"WFG reality, s.r.o.",Žilina,"okres Kysucké Nové Mesto","Kysucké Nové Mesto",Kamence
JuTVD1EJqzO,"BENCONT DEVELOPMENT, a.s.",Bratislava,"okres Martin",Martin,Záturčie
JuH7sCfx0Xw,"SLNOVRAT, s.r.o.",Olešná,"okres Čadca",Staškov,Staškov
Jux9NoUYkfu,"ODEKO manažment s.r.o.",Žilina,"okres Ružomberok",Ružomberok,Baničné
JuEE_KosY1x,"Realitné kancelárie SR",Bratislava,"okres Žilina",Žilina,"Staré mesto"
JuYp1Zctty0,"Reality Alpia",Martin,"okres Martin",Turany,Turany
JuoZ1J6Es1y,"bezmaklérov, s.r.o.",Žilina,"okres Žilina",Žilina,Hájik
JuWQ2JltmXN,"WFG reality, s.r.o.",Žilina,"okres Kysucké Nové Mesto","Kysucké Nové Mesto",Stred
Juwpt8fo8iw,"KARIN & PARTNERS, s.r.o.",Bratislava,"okres Martin",Martin,Sever
Ju4MMsyYZ5L,"DRR INVEST, s. r. o.","Horný Hričov","okres Kysucké Nové Mesto","Kysucké Nové Mesto",Sídlisko
JuzbyOpl5Xf,"Fortio Popper s.r.o.",Bytča,"okres Bytča",Bytča,"Veľká Bytča"
JuFU83JdcqO,"FINREA - ak vám záleží na výsledku","Dolný Kubín","okres Dolný Kubín","Dolný Kubín","Veľký Bysterec"
Jut7vhqlQ5I,"Like Reality s.r.o.","Považská Bystrica","okres Martin",Lipovec,Lipovec
JubDyUATEXA,"Reality D.P.A.",Martin,"okres Martin",Martin,Priekopa
JuqdVslmKGx,"Realitné kancelárie SR",Bratislava,"okres Martin",Martin,Sever
JucGgWWz-uF,"Realitné kancelárie SR",Bratislava,"okres Čadca",Čadca,Centrum
JueR5kVH0gB,NULL,NULL,"okres Martin",Martin,"Horné Vrútky"
Jugl5WLVOis,NULL,NULL,"okres Liptovský Mikuláš","Liptovský Mikuláš","Vrbica - Nábrežie"
Ju1AWDIaxaK,"RK SPIRIT s.r.o.","Liptovský Mikuláš","okres Ružomberok",Ružomberok,Roveň
JuVx84ohOxh,"FINREA - ak vám záleží na výsledku","Dolný Kubín","okres Martin",Martin,Stráne
JuFQj_B37XO,"ROMDOM, s. r. o",Žilina,"okres Žilina",Žilina,"Staré mesto"
JuRxO-wu66d,"LAVENTURA s.r.o.",Žilina,"okres Žilina",Žilina,Vlčince
Juq924pqMXb,"Buby reality, s.r.o.",Žilina,"okres Žilina","Horný Hričov","Horný Hričov"
JuEVkw9ddDA,"Reality ASTORIA, s.r.o.",Martin,"okres Martin",Martin,Stred
JumX8n0CV3C,"Realitná kancelária",Bratislava,"okres Žilina",Žilina,Hájik
JuHfT6EkWLg,"J.M.H. s.r.o.","Liptovský Hrádok","okres Liptovský Mikuláš","Liptovský Mikuláš","Vrbica - Nábrežie"
JucNvh6xi3X,"KORSO Project, s.r.o.",Žilina,"okres Žilina",Žilina,"Staré mesto"
Jujveqa78vA,"ŽILINAREAL, s.r.o.",Žilina,"okres Žilina",Žilina,"Staré mesto"
JuSTaf-asxr,"HALO reality, s.r.o.",Prievidza,"okres Liptovský Mikuláš","Liptovský Hrádok",Prekážka
Ju65cZ1we6J,NULL,NULL,"okres Žilina",Žilina,"Staré mesto"
Ju-XTfWbu4x,"SLNOVRAT, s.r.o.",Olešná,"okres Čadca",Čadca,Centrum
JujKiw_LZU1,"RK4 REALITY",Bratislava,"okres Kysucké Nové Mesto","Horný Vadičov","Horný Vadičov"
JueIY5hIK7c,"Reinoo a.s.",Žilina,"okres Žilina",Žilina,Vlčince
JuqmFIXrbkG,"FINREA - ak vám záleží na výsledku","Dolný Kubín","okres Dolný Kubín","Dolný Kubín",Brezovec
JubxOFYENrS,"Pegas real s.r.o.",Bratislava,"okres Liptovský Mikuláš",Smrečany,Smrečany
Julrxc4m4jW,"MGM reality",Žilina,"okres Žilina",Žilina,Solinky
JuNbGbpkzSB,"Piata Avenue",Žilina,"okres Žilina",Žilina,Vlčince
JuOHl43if-S,"OREA, s.r.o.","Dolný Kubín","okres Dolný Kubín","Dolný Kubín",Mokraď
Jugmk_Ze8Rz,"OVERENÉ REALITY","Banská Bystrica","okres Liptovský Mikuláš","Liptovský Mikuláš","Vrbica - Nábrežie"
Ju3RyhBnxqn,"DLUGO reality",Poprad,"okres Liptovský Mikuláš","Demänovská Dolina","Demänovská Dolina"
Juv-PlaXTBH,"Reality Alpia",Martin,"okres Martin",Martin,Záturčie
Ju7JTdVZY88,"Istrofinal, s. r. o.",Žilina,"okres Kysucké Nové Mesto","Kysucké Nové Mesto",Kamence
JuiXqsf4YYv,NULL,NULL,"okres Liptovský Mikuláš","Liptovský Mikuláš","Staré mesto"
Juacbmz9XNp,"Reality Alpia",Martin,"okres Ružomberok",Ružomberok,Roveň
Juuc5eYfRcY,"RE/MAX Slovakia",Bratislava,"okres Martin",Martin,Podháj
JuWeCQ_05jp,"RESIDENCE realitná kancelária","Liptovský Mikuláš","okres Liptovský Mikuláš","Demänovská Dolina","Demänovská Dolina"
Ju7dMBplPsC,"Istrofinal, s. r. o.",Žilina,"okres Kysucké Nové Mesto","Kysucké Nové Mesto",Kamence
JuEJsd-IFWc,"TATRA CITY RESIDENCE s. r. o.",Zvolen,"okres Liptovský Mikuláš","Liptovský Mikuláš","Staré mesto"
JuvU6HPzzl0,"OVERENÉ REALITY","Banská Bystrica","okres Liptovský Mikuláš","Liptovský Mikuláš","Liptovská Ondrašová"
Jus-41FaUT-,"Safe reality s. r. o.",Žilina,"okres Žilina",Žilina,"Staré mesto"
Jugd0CIH9AR,"MGM reality",Žilina,"okres Žilina",Žilina,Hliny
JuULfuWRHXy,"Reality D.P.A.",Martin,"okres Martin",Turany,Turany
JuG0SlTwzlu,"MGM reality",Žilina,"okres Žilina",Žilina,Hliny
JuzhJPXxvIr,"Reality AK, spol. s r.o.",Martin,"okres Martin",Martin,Tomčany
Ju67d-dUTmu,"JKV REAL",Prievidza,"okres Žilina",Žilina,"Staré mesto"
Ju3GPN81c0G6,"Realitná kancelária DOM",Žilina,"okres Žilina",Žilina,"Staré mesto"
JupEyEEjkVM,"Jacek reality s. r. o.","Považská Bystrica","okres Žilina",Žilina,Vlčince
Juo3yMu_z5E,"RS Mansory s.r.o.",Bratislava,"okres Martin",Martin,Stred
JutGSTAuW2R,"Reality Alpia",Martin,"okres Martin",Martin,Stred
JueaMJQ3i3k,"TUreality s.r.o.",Žilina,"okres Tvrdošín",Tvrdošín,Medvedzie
JuZCBswYwaN1,NULL,NULL,"okres Liptovský Mikuláš","Liptovský Mikuláš",Demänová
Ju4LJ_g_D6K,"Fortio Popper s.r.o.",Bytča,"okres Bytča",Bytča,"Veľká Bytča"
JukApNg-M8K,NULL,NULL,"okres Žilina",Žilina,"Malá Praha"
Ju9y0Y4mbAj,"GRAVITAS a. s.",Bratislava,"okres Martin",Vrútky,"Horné Vrútky"
JuLuLPY-Qsq,"Buby reality, s.r.o.",Žilina,"okres Martin",Martin,Stred
JudMJ6hNCSy,NULL,NULL,"okres Liptovský Mikuláš","Liptovský Mikuláš",Palúdzka
JuMLTI5Qk7o,"MK-CORP s.r.o.",Malacky,"okres Liptovský Mikuláš","Demänovská Dolina","Demänovská Dolina"
JuRdtZI3MuC,G-REAL,"Liptovský Mikuláš","okres Liptovský Mikuláš",Ľubeľa,Ľubeľa
Ju6MmU5y4t_,"Realitné kancelárie SR",Bratislava,"okres Žilina",Žilina,Rosinky
Juq_j6YQYsV,"Reality ASTORIA, s.r.o.",Martin,"okres Martin",Martin,Stred
JuoJ3kkyC7Y,"FINREA - ak vám záleží na výsledku","Dolný Kubín","okres Martin",Martin,Stred
JuVvUzJnXTu,"Realitné kancelárie SR",Bratislava,"okres Žilina",Žilina,"Staré mesto"
Ju5ImCNB76o,"MGM reality",Žilina,"okres Kysucké Nové Mesto","Kysucké Nové Mesto",Kamence
JuNw9r8KaEc,"FINREA - ak vám záleží na výsledku","Dolný Kubín","okres Martin",Martin,Stred
Juxpt8YRG2_,"Reality Alpia",Martin,"okres Ružomberok",Ružomberok,Baničné
Ju_V7mSpqiT,"TARGETreal s. r. o.",Žilina,"okres Žilina",Žilina,Závodie
Ju4y_fscQPu,"FINREA - ak vám záleží na výsledku","Dolný Kubín","okres Martin",Vrútky,"Horné Vrútky"
Juso4TLY6UW,"FINREA - ak vám záleží na výsledku","Dolný Kubín","okres Martin",Martin,Košúty
JukGyJ3rkzi,"Realitná kancelária",Bratislava,"okres Čadca",Čadca,Kyčerka
JueH_k99MSI,"RESIDENCE realitná kancelária","Liptovský Mikuláš","okres Liptovský Mikuláš","Liptovský Mikuláš","Staré mesto"
JuVD_m1Cal89,"FINREA - ak vám záleží na výsledku","Dolný Kubín","okres Dolný Kubín",Istebné,Istebné
Juh1ajbcNdb,"Realitná kancelária",Bratislava,"okres Martin",Martin,Ľadoveň
JulVwlSvctK,"Prvá Realitná Kancelária, s.r.o.",Bratislava,"okres Liptovský Mikuláš","Liptovský Mikuláš","Liptovská Mara - Tatralandia"
JuZMRwuUCim,"Reality IQ, s.r.o.",Žilina,"okres Kysucké Nové Mesto",Nesluša,Nesluša
JuSBcLlOavm,"RIEŠIME BÝVANIE",Bratislava,"okres Žilina",Žilina,Hájik
JufTJtipeK4,"Felicita Real s. r. o.",Martin,"okres Martin",Martin,Ľadoveň
JuauRurLCyp,"Realitné kancelárie SR",Bratislava,"okres Žilina",Žilina,Hájik
Ju3sbzAOfWW,"B10 Slovensko, a. s.",Žilina,"okres Bytča","Veľké Rovné","Veľké Rovné"
JuyXVDLxEni,NULL,NULL,"okres Liptovský Mikuláš","Liptovský Mikuláš",Palúdzka
Ju9DwSC6oJu,"RK Dalmia s. r. o.","Dolný Kubín","okres Ružomberok",Ružomberok,Polík
Ju1eGXbZzUb,"Wealth Group, s.r.o.","Nová Dedinka","okres Žilina",Žilina,Vlčince
JuU7r63X4wA,"AstonReal s.r.o.","Banská Bystrica","okres Liptovský Mikuláš","Liptovský Mikuláš",Podbreziny
JuwIRVaQL-Z,"Realitné kancelárie SR",Bratislava,"okres Žilina",Fačkov,Fačkov
JuZIrRq5Yby,"BeMi realitná kancelária",Nitra,"okres Tvrdošín",Trstená,Trstená
Juzc7VOLXGcb,"RECLOUD Reality a.s.",Bratislava,"okres Čadca",Raková,Raková
Juh069sIM8t,"TUreality s.r.o.",Žilina,"okres Žilina",Žilina,Závodie
Juq7qf85SJ_x,"Realitné kancelárie SR",Bratislava,"okres Kysucké Nové Mesto","Kysucké Nové Mesto",Suľkov
JuHNiSC8Wtj,"J.M.H. s.r.o.","Liptovský Hrádok","okres Liptovský Mikuláš","Demänovská Dolina","Demänovská Dolina"
JuW48-9PwOZ,"JPE. Reality - Jozef Pajer",Čadca,"okres Čadca","Krásno nad Kysucou",Stred
JuMvD_EgmbK,"RIEŠIME BÝVANIE",Bratislava,"okres Žilina",Žilina,Hliny
Ju6MXg-E6En,"Buby reality, s.r.o.",Žilina,"okres Martin",Martin,Podháj
Ju9pwW3rFN2,"HOLESTIAK.sk reality s.r.o.",Čadca,"okres Čadca",Čadca,Centrum
Ju5kidrwmrO2,"Safe reality s. r. o.",Žilina,"okres Kysucké Nové Mesto","Kysucké Nové Mesto",Sídlisko
JukVrVsK1ht,"Realitná kancelária RED, s.r.o.",Žilina,"okres Žilina",Žilina,Hájik
Jufdn1ln-Ke,"bezmaklérov, s.r.o.",Žilina,"okres Liptovský Mikuláš","Liptovský Mikuláš",NULL
JuzAfAnhSmB,"NajBývanie, s.r.o.",Ružomberok,"okres Martin",Martin,Priekopa
JuokG910TrR,"FINREA - ak vám záleží na výsledku","Dolný Kubín","okres Martin",Martin,Stred
JuJqHGEd9oq,"AnoReal, s.r.o.",Stráňavy,"okres Žilina","Rajecké Teplice","Rajecké Teplice"
Ju9itHE-Ye8,"Reality Alpia",Martin,"okres Martin",Martin,Stred
JuE1GXKIL78,NULL,NULL,"okres Žilina",Žilina,Vlčince
JuIlrGNiow6,"Q REAL s.r.o.",Bratislava,"okres Liptovský Mikuláš","Liptovská Sielnica","Liptovská Sielnica"
JuIpF-cJ7Wj,"BR ACADEMY, s. r. o.","Kysucké Nové Mesto","okres Žilina",Žilina,"Staré mesto"
Ju0lQAOkvtE,"WFG reality, s.r.o.",Žilina,"okres Žilina",Žilina,"Staré mesto"
Ju7XXF2jsra,"Realitná kancelária RED, s.r.o.",Žilina,"okres Žilina",Žilina,Vlčince
Juhxp3dqjhf,"Realitné kancelárie SR",Bratislava,"okres Martin",Martin,Podháj
JuqDc5JA0z2,"OREA, s.r.o.","Dolný Kubín","okres Dolný Kubín","Dolný Kubín",Brezovec
JufwsWkzi_8,"Realitná kancelária",Bratislava,"okres Martin",Martin,Stred
Ju3mlopyrCW,"TARGETreal s. r. o.",Žilina,"okres Turčianske Teplice","Turčianske Teplice",Stred
JuW-h1lHUAf,"TATRA CITY RESIDENCE s. r. o.",Zvolen,"okres Liptovský Mikuláš","Liptovský Mikuláš","Staré mesto"
JuuIsQ7Faa3,NULL,NULL,"okres Žilina",Žilina,"Staré mesto"
JucaEIsV4JC,"NajBývanie, s.r.o.",Ružomberok,"okres Žilina",Mojš,Mojš
Ju3Edwy5E9k,"Realitné kancelárie SR",Bratislava,"okres Žilina",Žilina,"Staré mesto"
JuOF4HNBZNF,"TUreality s.r.o.",Žilina,"okres Ružomberok",Ľubochňa,Ľubochňa
Jubt5q54oGG,"Realitné kancelárie SR",Bratislava,"okres Liptovský Mikuláš","Demänovská Dolina","Demänovská Dolina"
Juq2JDI17SL,NULL,NULL,"okres Žilina",Žilina,Vlčince
JufIcrH5ACA,"Piata Avenue",Žilina,"okres Žilina",Žilina,"Staré mesto"
Ju9Ws1QPS3n,"MGM reality",Žilina,"okres Žilina",Žilina,Vlčince
Ju-rzMotwKF,"ARCHEUS Partners a.s.",Bratislava,"okres Liptovský Mikuláš","Liptovský Mikuláš","Liptovská Mara - Tatralandia"
JuxMPXZzAel,"BeMi realitná kancelária",Nitra,"okres Čadca",Čadca,Žarec
JuEHAn3LwGR,NULL,NULL,"okres Dolný Kubín","Dolný Kubín",Stred
JuazplczVyT,"KA Real","Banská Bystrica","okres Liptovský Mikuláš","Liptovský Mikuláš","Staré mesto"
Ju_TGzIFNk3,NULL,NULL,"okres Liptovský Mikuláš","Liptovský Mikuláš",Demänová
JuuM-q0SgiK,"Direct Real, spol. s r.o.",Bratislava,"okres Žilina",Žilina,Vlčince
Ju-lRWjvao3,"RESIDENCE realitná kancelária","Liptovský Mikuláš","okres Liptovský Mikuláš","Liptovský Mikuláš","Staré mesto"
JunWCB0DrwG,"1. Reality Rent, s.r.o.",Žilina,"okres Čadca",Čadca,"Sídlisko 3"
JuxyNbJ2-r9,"Reality Alpia",Martin,"okres Ružomberok",Ružomberok,Hrabovo
JuUW30jCiXY,"sunnyreal s.r.o.",Senec,"okres Liptovský Mikuláš","Liptovský Mikuláš",Podbreziny
JuKqTd0J1IQ,"RESIDENCE realitná kancelária","Liptovský Mikuláš","okres Liptovský Mikuláš","Liptovský Mikuláš","Staré mesto"
Juz-nuV7qfY,"DreamReality s.r.o.",Žilina,"okres Žilina",Žilina,Vlčince
Juvr_afUfgc,"Realitná kancelária RED, s.r.o.",Žilina,"okres Žilina",Žilina,"Staré mesto"
JuSB5VX7uLX,"TUreality s.r.o.",Žilina,"okres Dolný Kubín","Dolný Kubín",NULL
JuA0NKQExXq,"Pro Real, s. r. o. realitná kancelária",Žilina,"okres Žilina",Žilina,Hliny
Ju_JHpt6_hD,G-REAL,"Liptovský Mikuláš","okres Liptovský Mikuláš","Demänovská Dolina","Demänovská Dolina"
Juo05IpENrn,"Svoboda&Williams Slovakia s.r.o.",Bratislava,"okres Liptovský Mikuláš","Liptovský Mikuláš",Demänová
JuZG0VM_IM4,"R2 SK, s.r.o.",Žilina,"okres Bytča",Štiavnik,Štiavnik
JuUOO-LXy23,jabyvam.sk,"Liptovský Mikuláš","okres Liptovský Mikuláš","Liptovský Mikuláš","Staré mesto"
JucyrM14fby,"Realitné kancelárie SR",Bratislava,"okres Žilina",Žilina,Vlčince
JuYEF2k-qam,"RESIDENCE realitná kancelária","Liptovský Mikuláš","okres Liptovský Mikuláš","Liptovský Mikuláš","Vrbica - Nábrežie"
JuLJzHZSfxX,"RIEŠIME BÝVANIE",Bratislava,"okres Martin",Martin,Sever
JuxE6cxjVt5,"Reality Center, s.r.o.",Martin,"okres Martin",Martin,Priekopa
JuSt-eGDLO6,NULL,NULL,"okres Ružomberok",Ružomberok,"Staré mesto"
JuaEFYi_BYt,"Realitné kancelárie SR",Bratislava,"okres Liptovský Mikuláš","Liptovský Mikuláš","Staré mesto"
Ju8vp_eBF_v,"Istrofinal, s. r. o.",Žilina,"okres Kysucké Nové Mesto","Kysucké Nové Mesto",Kamence
JuRTwACBCKF,"Nové bývanie",Nitra,"okres Námestovo",Zubrohlava,Zubrohlava
JubsYNuv_gH,NULL,NULL,"okres Dolný Kubín","Dolný Kubín",Stred
Jubm9fi-mY2v,NULL,NULL,"okres Liptovský Mikuláš","Malé Borové","Malé Borové"
JudLF_FsgcX,"Reality Alpia",Martin,"okres Žilina",Žilina,Vlčince
JuS9mzdfL46,NULL,NULL,"okres Žilina",Žilina,Vlčince
Juopd9f8gHL,"Realitné kancelárie SR",Bratislava,"okres Martin",Martin,Priekopa
Ju2UJpNwB9y,"SLNOVRAT, s.r.o.",Olešná,"okres Čadca",Staškov,Staškov
JuUmF3RUVmb,"Realitná kancelária",Bratislava,"okres Martin",Martin,Sever
JudlhMNjWfy,"Realitné kancelárie SR",Bratislava,"okres Martin",Martin,Záturčie
JuKXKn_6Mq6,"Realitná kancelária RED, s.r.o.",Žilina,"okres Žilina",Žilina,Solinky
JuKVuQz4tJM,"OREA, s.r.o.","Dolný Kubín","okres Dolný Kubín","Dolný Kubín",Mokraď
JuFvtb1f76m,NULL,NULL,"okres Žilina",Žilina,Vlčince
JufchRWgj96,"WFG reality, s.r.o.",Žilina,"okres Žilina",Žilina,"Staré mesto"
JuXqaBy1YwX,"Realitné kancelárie SR",Bratislava,"okres Žilina",Žilina,"Staré mesto"
JuMU6JiyoDi,"TUreality s.r.o.",Žilina,"okres Žilina",Višňové,Višňové
JuFIplbJnri,"MGM reality",Žilina,"okres Čadca",Čadca,Centrum
JuXU3OM1vfY,NULL,NULL,"okres Žilina",Žilina,"Staré mesto"
Ju7W5q5NyuP,"Fine Living",Nitra,"okres Tvrdošín",NULL,NULL
Ju1cXQ08ziY,"RK Dalmia s. r. o.","Dolný Kubín","okres Dolný Kubín","Dolný Kubín",Brezovec
Ju4Mn0S0K8V,"Reality AK, spol. s r.o.",Martin,"okres Martin",Martin,Tomčany
JuyiYLCVsIz,"NajBývanie, s.r.o.",Ružomberok,"okres Ružomberok",Ružomberok,Roveň
JupinWd8ZQVD,"TARGETreal s. r. o.",Žilina,"okres Žilina",Žilina,"Staré mesto"
Ju-7v4T1AY6H,"Reality Alpia",Martin,"okres Martin",Martin,Priekopa
Juqwj6nqGVe,Reality+,Žilina,"okres Kysucké Nové Mesto","Kysucké Nové Mesto",Kamence
JueZM646cTy,"OREA, s.r.o.","Dolný Kubín","okres Ružomberok",Bešeňová,Bešeňová
JufIYFnXqFe,"RE/MAX Slovakia",Bratislava,"okres Martin",Martin,Stred
JuhmvsftjdY,"Buby reality, s.r.o.",Žilina,"okres Martin",Martin,Jahodníky
JuUk6PkKhU1,"JKV REAL",Prievidza,"okres Žilina",Žilina,"Staré mesto"
JumYoLK7UqZ,NULL,NULL,"okres Martin",Martin,Stred
Jub_GkQafv9,"B10 Slovensko, a. s.",Žilina,"okres Martin",Martin,Podháj
JuCMuZyrXT9,"1. Reality Rent, s.r.o.",Žilina,"okres Čadca",Čadca,Žarec
JuGtWZEOQoM,"TUreality s.r.o.",Žilina,"okres Žilina",Žilina,"Staré mesto"
JuJZH5W0xc8,"RESIDENCE realitná kancelária","Liptovský Mikuláš","okres Liptovský Mikuláš","Liptovský Mikuláš","Staré mesto"
JursQitkieS,"PRIMA reality s.r.o.",Žilina,"okres Žilina",Žilina,Bánová
JuhY6PtUUUQ,"Istrofinal, s. r. o.",Žilina,"okres Kysucké Nové Mesto","Kysucké Nové Mesto",Kamence
JuwolRsTXje,"OVERENÉ REALITY","Banská Bystrica","okres Liptovský Mikuláš","Liptovský Mikuláš",Podbreziny
JulmjMPVf2y,"Constario REALTY s.r.o.",Žilina,"okres Martin",Martin,Stred
JuXYI9YrjoJ,"ODEKO manažment s.r.o.",Žilina,"okres Žilina",Žilina,Hájik
Juluyhlg8Mb,"Realitná kancelária",Bratislava,"okres Martin",Martin,Sever
JumN63g2ReF,Maxareality,Prievidza,"okres Žilina",Varín,Varín
JuF-0hmTSgb,"MK-CORP s.r.o.",Malacky,"okres Ružomberok",Bešeňová,Bešeňová
JuiYcneQxM0,"Realitná kancelária",Bratislava,"okres Čadca",Čadca,Kyčerka
JuJrPj7p6LA,NULL,NULL,"okres Liptovský Mikuláš","Pavčina Lehota","Pavčina Lehota"
Ju-S5IE7Y0K,NULL,NULL,"okres Liptovský Mikuláš","Závažná Poruba","Závažná Poruba"
JutAxM54sI9,"Realitná kancelária",Bratislava,"okres Martin",Martin,Sever
JuBT9IU3F1g,"KORSO Project, s.r.o.",Žilina,"okres Žilina",Žilina,"Staré mesto"
Ju-j_zRPy7a,"Real Reality Development s.r.o.",Martin,"okres Martin",Martin,Záturčie
Jub-qUAwi4z,NULL,NULL,"okres Martin",Martin,Košúty
JuluCbW3ZHE,"HMS Services, a. s.",Žilina,"okres Žilina",Žilina,Vlčince
JunIK4vBJDk,"Buby reality, s.r.o.",Žilina,"okres Martin",Martin,Tomčany
JuNrqMazgdo,"ALT REAL, s.r.o.",Martin,"okres Martin",Martin,Priekopa
Ju9yeRQLBJd,"OREA, s.r.o.","Dolný Kubín","okres Dolný Kubín","Dolný Kubín","Kubínska hoľa"
JuE57rFMsYf,NULL,NULL,"okres Liptovský Mikuláš","Liptovský Mikuláš","Staré mesto"
Ju6xkslUZo-,"Renovo Reality",Žilina,"okres Žilina",Žilina,Bôrik
JujUQv7hvyj,"DRR INVEST, s. r. o.","Horný Hričov","okres Žilina","Dlhé Pole","Dlhé Pole"
Ju_noeKeCn0,"Reality Alpia",Martin,"okres Liptovský Mikuláš","Liptovský Mikuláš",Demänová
JuFKoH6piMc,"Reality Alpia",Martin,"okres Ružomberok",Ružomberok,Klačno
JuwbdEJILXn,NULL,NULL,"okres Žilina",Žilina,Hájik
JuoCz53ml38,"RESIDENCE realitná kancelária","Liptovský Mikuláš","okres Liptovský Mikuláš","Demänovská Dolina","Demänovská Dolina"
JuvOvL67CnW,"VAŠA REALITKA s.r.o.",Ružomberok,"okres Dolný Kubín","Dolný Kubín",Stred
Ju6NLOs0FvZ,"Reality Center, s.r.o.",Martin,"okres Martin",Martin,Jahodníky
Jum6U0_5m9N,NULL,NULL,"okres Žilina",Žilina,Vlčince
Ju79Oyn1X3B,Limaxreal,"Liptovský Mikuláš","okres Liptovský Mikuláš","Demänovská Dolina","Demänovská Dolina"
JuQVA2vA49W,"Like Reality s.r.o.","Považská Bystrica","okres Martin",Vrútky,"Horné Vrútky"
JuoiWz-kUDq,"OVERENÉ REALITY","Banská Bystrica","okres Liptovský Mikuláš","Liptovský Mikuláš",Palúdzka
JueA04xvA0H,"RIEŠIME BÝVANIE",Bratislava,"okres Žilina",Žilina,Hliny
JuD4zRss3yP,NULL,NULL,"okres Žilina",Žilina,Solinky
JuCYzVbHujF,"Like Reality s.r.o.","Považská Bystrica","okres Martin",Príbovce,Príbovce
JuGDxnx-MGv,NULL,NULL,"okres Turčianske Teplice","Turčianske Teplice",Stred
JuuYTb7aXin,"bezmaklérov, s.r.o.",Žilina,"okres Liptovský Mikuláš","Liptovský Hrádok",NULL
JuZdV5jCSUO,"TUreality s.r.o.",Žilina,"okres Liptovský Mikuláš","Liptovský Hrádok",Dovalovo
JuKVTIO-aDH,"TUreality s.r.o.",Žilina,"okres Liptovský Mikuláš","Liptovský Mikuláš","Staré mesto"
JuNgEGp-EQa,"Reality Alpia",Martin,"okres Liptovský Mikuláš","Liptovský Ján","Liptovský Ján"
JuxN0XX5d2L,"Fortio Popper s.r.o.",Bytča,"okres Bytča",Bytča,"Veľká Bytča"
Judr92_ylzz,"TUreality s.r.o.",Žilina,"okres Tvrdošín",Tvrdošín,Medvedzie
JuXHjhU272A,"Reality IQ, s.r.o.",Žilina,"okres Žilina",Žilina,Hliny
Ju_ePT-_LMH,"EVER SK, s.r.o.",NULL,"okres Námestovo",Námestovo,Brehy
JuzuxPMP-Xr,"Realitná kancelária DOM",Žilina,"okres Kysucké Nové Mesto","Kysucké Nové Mesto",Sídlisko
JuDXnrUS-p1,"Reality Alpia",Martin,"okres Ružomberok",Ružomberok,Hrabovo
JuQfDarw60S,"ALT REAL, s.r.o.",Martin,"okres Martin",Martin,Podháj
Jux_7MHZ0xE,"DVOŘÁK & PARTNERS s. r. o.","Banská Bystrica","okres Liptovský Mikuláš","Liptovský Mikuláš",Stošice
JuUTD1Lj0lr,"Realitná kancelária RED, s.r.o.",Žilina,"okres Žilina",Žilina,"Staré mesto"
JuPs0jZ4Upm,"Realitné kancelárie SR",Bratislava,"okres Kysucké Nové Mesto","Kysucké Nové Mesto",Nábrežie
JuZ2eoxoyai,NULL,NULL,"okres Liptovský Mikuláš","Partizánska Ľupča","Partizánska Ľupča"
JuuvbPIMl4t,"ACTIVE - Reality, s. r. o.",Žilina,"okres Žilina",Žilina,Solinky
Ju7DJIriKhh,"Safe reality s. r. o.",Žilina,"okres Kysucké Nové Mesto","Kysucké Nové Mesto",Stred
Ju2ogwd19a4,"Like Reality s.r.o.","Považská Bystrica","okres Martin",Martin,Záturčie
JuVooxZWg4s,"ŽILINAREAL, s.r.o.",Žilina,"okres Žilina",Žilina,"Staré mesto"
JuuvunHgeuI,"RE/MAX Slovakia",Bratislava,"okres Tvrdošín",Tvrdošín,Medvedzie
JuhpxD8Q4V6,"CANGURU s.r.o.","Rajecké Teplice","okres Martin",Martin,Jahodníky
Jun8Wp9H-1m,"RK SPIRIT s.r.o.","Liptovský Mikuláš","okres Liptovský Mikuláš","Liptovský Hrádok",Celiny
JuKMOepiUjn,"Safe reality s. r. o.",Žilina,"okres Žilina",Žilina,Vlčince
JuyIru5Z-bn,"KA Real","Banská Bystrica","okres Liptovský Mikuláš","Liptovský Mikuláš","Staré mesto"
JurHWDFucoi,"HALO reality, s.r.o.",Prievidza,"okres Liptovský Mikuláš","Liptovský Mikuláš",Stošice
JuuLiOVYceV,"Realitná kancelária",Bratislava,"okres Čadca",Raková,Raková
Ju6KRY_ibJj,NULL,NULL,"okres Ružomberok",Ružomberok,Polík
JuuS6FA8WTM,"JPE. Reality - Jozef Pajer",Čadca,"okres Čadca",Čadca,Žarec
JuGqA0i3EO8,"DreamReality s.r.o.",Žilina,"okres Žilina",Žilina,"Staré mesto"
JuFxU-EPo7k,"HALO reality, s.r.o.",Prievidza,"okres Liptovský Mikuláš","Liptovská Porúbka","Liptovská Porúbka"
JuJDcaBGFgv,"Realitné kancelárie SR",Bratislava,"okres Čadca",Čadca,Škrabákovci
JuwDKSHdYOM,"SLNOVRAT, s.r.o.",Olešná,"okres Čadca",Čadca,Centrum
JuKE1haIfBQ,NULL,NULL,"okres Žilina",Žilina,"Staré mesto"
Juf3UQk266Q,"Constario REALTY s.r.o.",Žilina,"okres Martin",Sučany,Sučany
JuiUg7kx_Xo,"Istrofinal, s. r. o.",Žilina,"okres Kysucké Nové Mesto","Kysucké Nové Mesto",Kamence
JuX_Y10XQMs,"Juraj Hegyi Reality & Development s.r.o.",Bratislava,"okres Liptovský Mikuláš","Demänovská Dolina","Demänovská Dolina"
JuhdlIDH7jm,"Piata Avenue",Žilina,"okres Martin",Martin,Podháj
JukH94BLOrl,"Like Reality s.r.o.","Považská Bystrica","okres Martin",Turany,Turany
JuiXegD6ESI,"AstonReal s.r.o.","Banská Bystrica","okres Dolný Kubín","Dolný Kubín","Veľký Bysterec"
Ju-U6VvTf4d,"B10 Slovensko, a. s.",Žilina,"okres Martin",Martin,Stred
Ju_P4weQ1yi,"RESIDENCE realitná kancelária","Liptovský Mikuláš","okres Liptovský Mikuláš","Liptovský Mikuláš","Staré mesto"
Ju4jUNHrCaa,"EASY centrum bývania, s.r.o.",Žilina,"okres Žilina",Žilina,Hliny
JuRDmAO0N5y,"ODEKO manažment s.r.o.",Žilina,"okres Ružomberok",Ružomberok,Roveň
JuOLPMJrkFk,"TUreality s.r.o.",Žilina,"okres Žilina",Žilina,"Staré mesto"
JueFBhJMkEL,"KUBALA REALITY, s.r.o.",Čadca,"okres Čadca",Čadca,Žarec
JuiowNIBmX1,NULL,NULL,"okres Čadca",Čadca,Kyčerka
Ju1swh97q_w,"RE/MAX Slovakia",Bratislava,"okres Liptovský Mikuláš","Liptovský Ján","Liptovský Ján"
JuJjSbvP3y1,"Istrofinal, s. r. o.",Žilina,"okres Kysucké Nové Mesto","Kysucké Nové Mesto",Kamence
JueVg_uFAEX,"Like Reality s.r.o.","Považská Bystrica","okres Martin",Martin,Záturčie
JubLUnnldKg,"B10 Slovensko, a. s.",Žilina,"okres Martin",Martin,Ľadoveň
JuNlpRocmfd,"Reality Turiec s.r o.",Martin,"okres Martin",Martin,Stred
JujxzbLeFDf,"STAREA, s. r. o.",Žilina,"okres Žilina","Rajecké Teplice","Rajecké Teplice"
Jut2p_8fnwk,"AstonReal s.r.o.","Banská Bystrica","okres Ružomberok",Ružomberok,Klačno
JuZUmgJDVA2,NULL,NULL,"okres Ružomberok",Ružomberok,"Staré mesto"
JuIVoMRmHSz,"TUreality s.r.o.",Žilina,"okres Martin",Turany,Turany
Ju7NnD-cxZu,"OVERENÉ REALITY","Banská Bystrica","okres Ružomberok",Ružomberok,Klačno
JuLyRXzb7sF,"Reality Alpia",Martin,"okres Ružomberok",Bešeňová,Bešeňová
JuFzCj_c-LQ,"MENS s. r. o.",Žilina,"okres Žilina",Žilina,"Staré mesto"
JuuDv2Zd85o,"TUreality s.r.o.",Žilina,"okres Žilina",Žilina,Bôrik
Ju5JJVitOH3,"RK SPIRIT s.r.o.","Liptovský Mikuláš","okres Tvrdošín",Trstená,Trstená
Jue8OEdDtFX,"ODEKO manažment s.r.o.",Žilina,"okres Ružomberok",Ružomberok,Baničné
JusujBj0j9H,NULL,NULL,"okres Žilina",Žilina,Vlčince
JuwJKqBh04b,"AstonReal s.r.o.","Banská Bystrica","okres Liptovský Mikuláš","Liptovský Mikuláš","Staré mesto"
JuMDiaehTE4,NULL,NULL,"okres Liptovský Mikuláš","Demänovská Dolina","Demänovská Dolina"
JuGTmonCdFp,"Realitné kancelárie SR",Bratislava,"okres Liptovský Mikuláš","Liptovský Mikuláš","Staré mesto"
JucNmI_DO7B,"NIKO-REAL, s.r.o.",Bratislava,"okres Čadca",Oščadnica,Oščadnica
JultM3IWcXG,"REINVEST s.r.o.",Bratislava,"okres Liptovský Mikuláš","Liptovský Peter","Liptovský Peter"
JuZGQrt1Ff6m,"NajBývanie, s.r.o.",Ružomberok,"okres Liptovský Mikuláš","Liptovský Mikuláš",Iľanovo
Juwy9k5pZPS,"Realitné kancelárie SR",Bratislava,"okres Martin",Valča,Valča
Jux-AEYjDab,NULL,NULL,"okres Žilina",Žilina,Solinky
JuuQ3yxLaqS,"AstonReal s.r.o.","Banská Bystrica","okres Ružomberok","Liptovská Teplá","Liptovská Teplá"
JuXUHfW6DDJ,"HALO reality, s.r.o.",Prievidza,"okres Liptovský Mikuláš","Liptovský Hrádok",Prekážka
Jup1HeEGFtW,"ODEKO manažment s.r.o.",Žilina,"okres Žilina",Žilina,Hájik
JuCX2-0gKW3,"RK SPIRIT s.r.o.","Liptovský Mikuláš","okres Liptovský Mikuláš","Liptovský Mikuláš",Demänová
Ju1sYuOumZf,NULL,NULL,"okres Ružomberok",Ružomberok,Klačno
JuAtADtbyIN,"B10 Slovensko, a. s.",Žilina,"okres Žilina",Žilina,Budatín
JupXiFdQKs1,"PRIVAT Reality spol.s.r.o",Bratislava,"okres Žilina",Žilina,Solinky
Jux885vgQgO,"Tatra Invest",Podtureň,"okres Liptovský Mikuláš","Liptovský Trnovec","Liptovský Trnovec"
JuIZkq9C4-v,"CANGURU s.r.o.","Rajecké Teplice","okres Martin",Martin,Jahodníky
Jus-du7SK4F,"Realitná kancelária RED, s.r.o.",Žilina,"okres Žilina",Žilina,Bytčica
JuqmAmZk9jG,"MGM reality",Žilina,"okres Žilina",Žilina,Vlčince
JuJF4572cY0,"Reality Center, s.r.o.",Martin,"okres Martin",Martin,Sever
JufKPFE3Y2M,"Obec Liptovská Lúžna","Liptovská Lúžna","okres Ružomberok","Liptovská Lúžna","Liptovská Lúžna"
JuQPXllO6ks,"ODEKO manažment s.r.o.",Žilina,"okres Žilina",Žilina,Hájik
JuFnOWI1i1c,"Reality AK, spol. s r.o.",Martin,"okres Turčianske Teplice",Jazernica,Jazernica
JufGDO__GbO,"KORSO Project, s.r.o.",Žilina,"okres Žilina",Žilina,"Staré mesto"
Jut7GOvY7Cs,"OREA, s.r.o.","Dolný Kubín","okres Námestovo","Oravské Veselé","Oravské Veselé"
JuUusk-Q8GE,"Realitná kancelária RED, s.r.o.",Žilina,"okres Žilina",Žilina,Bytčica
JuucDO18CeY,NULL,NULL,"okres Žilina",Žilina,Bôrik
JuBD3ecZzdA,"Realitná kancelária RED, s.r.o.",Žilina,"okres Žilina",Žilina,Závodie
Juga_SyTI4R,"RE/MAX Slovakia",Bratislava,"okres Liptovský Mikuláš","Liptovský Mikuláš","Liptovská Mara - Tatralandia"
Ju7kGUvVlwS,"OVERENÉ REALITY","Banská Bystrica","okres Liptovský Mikuláš","Partizánska Ľupča","Partizánska Ľupča"
JuCKdo4C-vu,"Reinoo a.s.",Žilina,"okres Žilina",Žilina,Vlčince
JuD_7kPVbjf,"Effecting s.r.o.",Bratislava,"okres Žilina",Žilina,"Staré mesto"
JuxM7Oxk3ZF,"TUreality s.r.o.",Žilina,"okres Ružomberok","Liptovská Teplá","Liptovská Teplá"
JujtAMfUep-,NULL,NULL,"okres Martin",Martin,Stred
JubYzTZOLz1,"TUreality s.r.o.",Žilina,"okres Žilina","Rajecké Teplice","Rajecké Teplice"
JuhBW328SAS,NULL,NULL,"okres Martin",Vrútky,"Horné Vrútky"
JuOr71wM3AE,"B10 Slovensko, a. s.",Žilina,"okres Martin",Vrútky,"Horné Vrútky"
Juiqajk1kjr,NULL,NULL,"okres Liptovský Mikuláš","Malé Borové","Malé Borové"
Ju_N2iy5JWS,"Reality ASTORIA, s.r.o.",Martin,"okres Martin",Necpaly,Necpaly
JuYWFp89fWK,"Like Reality s.r.o.","Považská Bystrica","okres Martin",Martin,Sever
JuVCZnRxN5m,"RK SPIRIT s.r.o.","Liptovský Mikuláš","okres Liptovský Mikuláš","Liptovský Hrádok",Celiny
JukxcpBCVX8,NULL,NULL,"okres Žilina",Žilina,Vlčince
Ju-cA70OjPb,"TUreality s.r.o.",Žilina,"okres Liptovský Mikuláš","Liptovský Ján","Liptovský Ján"
Junbds6mBD4,"CANGURU s.r.o.","Rajecké Teplice","okres Martin",Martin,Jahodníky
JuIhf4tExMf,"NajBývanie, s.r.o.",Ružomberok,"okres Martin",Vrútky,"Horné Vrútky"
JuupBH8LvJz,G-REAL,"Liptovský Mikuláš","okres Liptovský Mikuláš","Liptovský Mikuláš",Demänová
JuuqMAsXTsE,"Constario REALTY s.r.o.",Žilina,"okres Martin",Sučany,Sučany
JuqDuiRmYdZ,NULL,NULL,"okres Žilina",Žilina,Vlčince
Ju-fM3SCXjma,G-REAL,"Liptovský Mikuláš","okres Liptovský Mikuláš","Liptovský Mikuláš","Staré mesto"
JuRhJZ24FBr,NULL,NULL,"okres Ružomberok",Ľubochňa,Ľubochňa
JuH66opZMTi,"TUreality s.r.o.",Žilina,"okres Martin",Martin,Sever
Jujvvp196-y,"TUreality s.r.o.",Žilina,"okres Žilina",Žilina,"Staré mesto"
JurBk73cOr3,"RESIDENCE realitná kancelária","Liptovský Mikuláš","okres Liptovský Mikuláš","Demänovská Dolina","Demänovská Dolina"
Ju42s8vNbRj,"Real Reality Development s.r.o.",Martin,"okres Martin",Vrútky,NULL
JuyD0Z9BTN-,"Fortio Popper s.r.o.",Bytča,"okres Bytča",Bytča,"Veľká Bytča"
Ju9LPOOoAn-,"Financie a reality od A po Z",Martin,"okres Martin",Martin,Stred
Ju1uEl1Mf6f,"Romantické Chalupy, s.r.o.",Bratislava,"okres Ružomberok",Ružomberok,Hrabovo
Juq3cdm2VSm,"Fortio Popper s.r.o.",Bytča,"okres Bytča",Bytča,"Veľká Bytča"
JuoeNbuLPVP,"RK SPIRIT s.r.o.","Liptovský Mikuláš","okres Liptovský Mikuláš","Liptovský Mikuláš","Staré mesto"
Ju7EPTNZ0Hy,"Like Reality s.r.o.","Považská Bystrica","okres Martin",Turany,Turany
JuR8QLXp0Yx,"Direct Real, spol. s r.o.",Bratislava,"okres Ružomberok",Ružomberok,Roveň
Ju_cu57wiSa,"TUreality s.r.o.",Žilina,"okres Martin",Martin,Priekopa
JuQKd8tqljP,"LIF REAL",Martin,"okres Martin",Martin,Záturčie
Jum7aZZZlIy,"Vianema s.r.o.",Bratislava,"okres Martin",Martin,Košúty
JujQYigyRBf,"Reality ASTORIA, s.r.o.",Martin,"okres Martin",Martin,Sever
Ju6nNzmPk_9,"Fortio Popper s.r.o.",Bytča,"okres Bytča",Bytča,"Veľká Bytča"
JuVihEbzRbP,NULL,NULL,"okres Ružomberok",Ružomberok,Hrabovo
Ju6oJmE8oWf,"SLNOVRAT, s.r.o.",Olešná,"okres Čadca",Čadca,Centrum
JuKUZKmUiwu,"Constario REALTY s.r.o.",Žilina,"okres Martin",Sučany,Sučany
JunzJsFHg6A,"BeMi realitná kancelária",Nitra,"okres Čadca",Čadca,Centrum
JuyxsUVgHii,"RK Dalmia s. r. o.","Dolný Kubín","okres Dolný Kubín","Dolný Kubín",Brezovec
JuLIL3RkWDn,"ALT REAL, s.r.o.",Martin,"okres Martin",Martin,Priekopa
JuUPsPRqomX,"BeMi realitná kancelária",Nitra,"okres Námestovo",Námestovo,Brehy
JuXmK-edCSR,"Fortio Popper s.r.o.",Bytča,"okres Bytča",Bytča,"Veľká Bytča"
JuURItmx0gz,"WFG reality, s.r.o.",Žilina,"okres Žilina",Terchová,Terchová
Ju3ft9crnfA,"TUreality s.r.o.",Žilina,"okres Dolný Kubín","Dolný Kubín","Veľký Bysterec"
JuUveEvLKHX,"FINREA - ak vám záleží na výsledku","Dolný Kubín","okres Martin",Vrútky,NULL
JuBNi2HSNwg,"FINREA - ak vám záleží na výsledku","Dolný Kubín","okres Martin",Martin,Ľadoveň
Ju9HXOkK5Vc,"MGM reality",Žilina,"okres Čadca","Krásno nad Kysucou",Kalinov
JuWN3KhPvB7,"Safe reality s. r. o.",Žilina,"okres Čadca",Čadca,Centrum
JuJGytVBKhB,"Like Reality s.r.o.","Považská Bystrica","okres Martin",Martin,Podháj
JunoLrzCTv8,"MGM reality",Žilina,"okres Čadca",Raková,Raková
JuxK_a_NiWB,"NajBývanie, s.r.o.",Ružomberok,"okres Ružomberok",Ružomberok,Roveň
JuvOboUvobu,NULL,NULL,"okres Liptovský Mikuláš","Malé Borové","Malé Borové"
Ju5YBv9ykGI,"Istrofinal, s. r. o.",Žilina,"okres Kysucké Nové Mesto","Kysucké Nové Mesto",Kamence
JuUwCeqXqPl,"Buby reality, s.r.o.",Žilina,"okres Martin",Martin,Jahodníky
JuaIL0ybcDR,"1. Reality Rent, s.r.o.",Žilina,"okres Žilina",Žilina,"Staré mesto"
JuHMn6qkBSk,"RESIDENCE realitná kancelária","Liptovský Mikuláš","okres Liptovský Mikuláš","Demänovská Dolina","Demänovská Dolina"
JubGyQoKm-F,NULL,NULL,"okres Kysucké Nové Mesto","Kysucké Nové Mesto",Nábrežie
JuZFqxjae7G,"ML realitný& finančny servis s.r.o. , BrokerSoft s.r.o. , Monika Launerová - SZČO","Banská Bystrica","okres Liptovský Mikuláš","Liptovský Mikuláš",Demänová
JueQ0ot5J2r,"RIEŠIME BÝVANIE",Bratislava,"okres Čadca",Čadca,Žarec
Ju-sWIMoFGT,"BeMi realitná kancelária",Nitra,"okres Námestovo",Námestovo,Stred
JuMlNRioczT,"RESIDENCE realitná kancelária","Liptovský Mikuláš","okres Liptovský Mikuláš","Liptovský Mikuláš","Staré mesto"
Ju7yQFu2G0Z,"Realitná kancelária",Bratislava,"okres Martin",Vrútky,"Horné Vrútky"
JudVZxPODEn,"Realitná kancelária RED, s.r.o.",Žilina,"okres Žilina",Žilina,Solinky
JuNPxF24aaA,"Realitná kancelária RED, s.r.o.",Žilina,"okres Žilina",Žilina,Vlčince
Juy6Dr8MOeS,NULL,NULL,"okres Žilina",Žilina,Vlčince
Ju4RLACJEuN,"MGM reality",Žilina,"okres Žilina",Žilina,Bôrik
JuIQ6bOnZsGz,"Realitná kancelária RED, s.r.o.",Žilina,"okres Žilina",Žilina,"Staré mesto"
JuIZo2BnWQa,"RESIDENCE realitná kancelária","Liptovský Mikuláš","okres Liptovský Mikuláš","Demänovská Dolina","Demänovská Dolina"
JusjmbO9Bnp,"AnReal s. r. o.",Mojš,"okres Žilina",Gbeľany,Gbeľany
Ju3_oCKPJ8H,"OVERENÉ REALITY","Banská Bystrica","okres Liptovský Mikuláš","Liptovský Peter","Liptovský Peter"
JuKy-dL9Ryo,"WFG reality, s.r.o.",Žilina,"okres Žilina",Žilina,Vlčince
JuR0t0CZHt8,"Loviu, s.r.o.","Liptovský Mikuláš","okres Liptovský Mikuláš","Liptovský Mikuláš","Staré mesto"
JuhcvPxM513,"TUreality s.r.o.",Žilina,"okres Námestovo",Námestovo,NULL
JunH7oZsc9z,"HMS Services, a. s.",Žilina,"okres Žilina",Žilina,Vlčince
JuyBFHxJEo2F,"B10 Slovensko, a. s.",Žilina,"okres Čadca",Čadca,Centrum
JuUknu_3A4k,NULL,NULL,"okres Žilina",Žilina,"Staré mesto"
Ju7faBpvibU,"Realitná kancelária",Bratislava,"okres Martin",Martin,Záturčie
JuUS8gVE7MB,"JPE. Reality - Jozef Pajer",Čadca,"okres Čadca",Čadca,Žarec
JuS8GjjsXwr,"RIGHT POWER DEVELOPMENT, s.r.o.",Žilina,"okres Martin",Valča,Valča
JuLlR3SdY11,"Obec Liptovská Lúžna","Liptovská Lúžna","okres Ružomberok","Liptovská Lúžna","Liptovská Lúžna"
Ju3xvc6aD2Y,"RESIDENCE realitná kancelária","Liptovský Mikuláš","okres Liptovský Mikuláš","Liptovský Ján","Liptovský Ján"
Jus0-bkZHge,"Realitná kancelária",Bratislava,"okres Martin",Martin,Ľadoveň
Jul8pXByFOl,NULL,NULL,"okres Žilina",Žilina,Vlčince
JuEK28Decyb,"WFG reality, s.r.o.",Žilina,"okres Žilina",Žilina,"Staré mesto"
JujBEFh3fPq,"Like Reality s.r.o.","Považská Bystrica","okres Martin",Martin,Priekopa
Jubh8FOR_C9,NULL,NULL,"okres Martin",Martin,Sever
Jultmw18Gne,"Occam New Home",Bratislava,"okres Liptovský Mikuláš","Demänovská Dolina","Demänovská Dolina"
JuDmcjiRx8S,"ACTIVE - Reality, s. r. o.",Žilina,"okres Žilina",Žilina,Solinky
Junnm3hR6W5,"Reality Alpia",Martin,"okres Martin",Martin,Priekopa
JurzQ4OXOH_,"Reality Alpia",Martin,"okres Žilina",Žilina,Hliny
Ju88ayVM-YP5,"OVERENÉ REALITY","Banská Bystrica","okres Turčianske Teplice","Turčianske Teplice",Diviaky
Jui1Zkf_kg-,"1. Reality Rent, s.r.o.",Žilina,"okres Čadca",Čadca,Centrum
Jun79Tn_Ep0,"KRALIKOVA reality","Považská Bystrica","okres Žilina",Žilina,Vlčince
JuR1WqY3g_N,"Georgi Conev",Žilina,"okres Žilina",Žilina,Hliny
JuITWn48g9Q,"LuxReality, s.r.o.","Nové Mesto nad Váhom","okres Martin","Turčianska Štiavnička","Turčianska Štiavnička"
JuiQqoYVioM,G-REAL,"Liptovský Mikuláš","okres Liptovský Mikuláš",Ľubeľa,Ľubeľa
JuE40RXyw1_,"Realitná kancelária RED, s.r.o.",Žilina,"okres Žilina",Žilina,Hájik
JuvTw1ebtHj,"Istrofinal, s. r. o.",Žilina,"okres Kysucké Nové Mesto","Kysucké Nové Mesto",Kamence
Ju27eP_ig4Z,"Safe reality s. r. o.",Žilina,"okres Žilina",Žilina,Hliny
JuwdgQhbLJx,"Realitná kancelária",Bratislava,"okres Martin",Martin,Košúty
JuYwrDdapt0,"Trioreality, s.r.o.",Čadca,"okres Čadca",Čadca,"U Hluška"
JuQhVUDoHMr,"Felicita Real s. r. o.",Martin,"okres Martin",Martin,Sever
JuzIKTQ0UvK,"HALO reality, s.r.o.",Prievidza,"okres Liptovský Mikuláš","Liptovský Hrádok",Belánska
JuTnsSFnlFI,"B10 Slovensko, a. s.",Žilina,"okres Martin",Martin,Sever
JuY5BHrBXS_,"AstonReal s.r.o.","Banská Bystrica","okres Martin",Martin,Košúty
JuDGw-se-Mg,"Safe reality s. r. o.",Žilina,"okres Kysucké Nové Mesto","Kysucké Nové Mesto",Sídlisko
JuOMOLcEq4z,"SLNOVRAT, s.r.o.",Olešná,"okres Čadca",Čadca,Kyčerka
JuQ4Jf_xqij,"BeMi realitná kancelária",Nitra,"okres Kysucké Nové Mesto","Kysucké Nové Mesto",Sídlisko
Ju8GQ26KaaT,"RK SPIRIT s.r.o.","Liptovský Mikuláš","okres Ružomberok",Ružomberok,Roveň
JuCMZI1bT6r,"RS Mansory s.r.o.",Bratislava,"okres Martin",Martin,NULL
Ju9csMkjbyN,"B10 Slovensko, a. s.",Žilina,"okres Martin",Martin,Ľadoveň
JuXGzvpMBBm,"HALO reality, s.r.o.",Prievidza,"okres Liptovský Mikuláš","Liptovský Mikuláš","Vrbica - Nábrežie"
Ju52lG6Waej,"RIEŠIME BÝVANIE",Bratislava,"okres Žilina",Žilina,Vlčince
JuTQd4u0n33,"RK SPIRIT s.r.o.","Liptovský Mikuláš","okres Liptovský Mikuláš","Liptovský Mikuláš",Demänová
JuwMlHIuC26,"LEVEL REAL, s.r.o.",Trnava,"okres Martin","Turčianska Štiavnička","Turčianska Štiavnička"
Juuarx0CWmR,"Estate Invest",Bratislava,"okres Turčianske Teplice","Turčianske Teplice",Stred
Juh7IlKkDn_,"Direct Real, spol. s r.o.",Bratislava,"okres Liptovský Mikuláš","Liptovský Hrádok",Belánska
JuN8mAtD42x,"Trioreality, s.r.o.",Čadca,"okres Čadca",Klubina,Klubina
JujdOeJ69tb,"Realitná kancelária",Bratislava,"okres Martin",Martin,Jahodníky
Jun8HaIrjPB,"OREA, s.r.o.","Dolný Kubín","okres Dolný Kubín","Dolný Kubín","Veľký Bysterec"
JuuKYbAy2In,"B10 Slovensko, a. s.",Žilina,"okres Martin",Martin,Ľadoveň
JuZ6EDDylkC,NULL,NULL,"okres Žilina",Žilina,"Staré mesto"
JuuQTLwI4_c,"WFG reality, s.r.o.",Žilina,"okres Žilina",Žilina,"Staré mesto"
JuKXwWNmxYg,"DRR INVEST, s. r. o.","Horný Hričov","okres Žilina",Žilina,Hájik
JutKizwTOP3,"Reality IQ, s.r.o.",Žilina,"okres Žilina",Žilina,"Staré mesto"
Juki5wHUVn2,"Bosen Group s.r.o.",Bratislava,"okres Liptovský Mikuláš","Liptovský Mikuláš","Liptovská Ondrašová"
Ju_PmXVPtoo,"Crystin reality, s.r.o.",Žilina,"okres Žilina",Žilina,Hliny
JuaWfCrgS3s,"Istrofinal, s. r. o.",Žilina,"okres Kysucké Nové Mesto","Kysucké Nové Mesto",Kamence
Ju1cdYuex4G,"RE/MAX Slovakia",Bratislava,"okres Dolný Kubín","Dolný Kubín",Stred
Ju6cRlkmMC_,"FINREA - ak vám záleží na výsledku","Dolný Kubín","okres Dolný Kubín",Istebné,Istebné
JuFBiuRLpoy,"Direct Real, spol. s r.o.",Bratislava,"okres Liptovský Mikuláš","Liptovský Mikuláš","Vrbica - Nábrežie"
JuJEoP397IJ,"AstonReal s.r.o.","Banská Bystrica","okres Ružomberok","Liptovská Teplá","Liptovská Teplá"
JuCISBa6iwp,"NajBývanie, s.r.o.",Ružomberok,"okres Ružomberok",Ružomberok,Roveň
JuQZcPPu9nd,"MGM reality",Žilina,"okres Žilina",Žilina,"Staré mesto"
JuYHImgOHO_,"TATRA CITY RESIDENCE s. r. o.",Zvolen,"okres Liptovský Mikuláš","Liptovský Mikuláš","Staré mesto"
JuIgM2fUqeh,"Reality Simply",Martin,"okres Martin",Martin,Podháj
JuQydtvhuaC,"TUreality s.r.o.",Žilina,"okres Tvrdošín",Tvrdošín,Medvedzie
Ju6JFF73eZc,"ACTIVE - Reality, s. r. o.",Žilina,"okres Žilina",Žilina,Hliny
JupURRP8axF,"WFG reality, s.r.o.",Žilina,"okres Žilina",Žilina,"Staré mesto"
Ju5Pax6FaXd,"TUreality s.r.o.",Žilina,"okres Žilina",Žilina,Hliny
Juh13qbi4yL,"ODEKO manažment s.r.o.",Žilina,"okres Žilina",Žilina,Hájik
JurbbuyjxWx,"Realitná kancelária RED, s.r.o.",Žilina,"okres Žilina",Žilina,"Staré mesto"
JuPkeS3sVco,"Direct Real, spol. s r.o.",Bratislava,"okres Liptovský Mikuláš","Liptovský Mikuláš","Staré mesto"
JuqmZcqjzL5,"Teraz, a.s.",Žilina,"okres Žilina",Žilina,"Staré mesto"
JuRJMz106O3,"RK SPIRIT s.r.o.","Liptovský Mikuláš","okres Liptovský Mikuláš","Liptovský Mikuláš","Liptovská Mara - Tatralandia"
Junr7vOGfgp,"MK-CORP s.r.o.",Malacky,"okres Ružomberok",Bešeňová,Bešeňová
JuhrMWK4tz6,"RESIDENCE realitná kancelária","Liptovský Mikuláš","okres Liptovský Mikuláš","Liptovský Mikuláš","Staré mesto"
Jug-_AT8Wmt,"Pro Real, s. r. o. realitná kancelária",Žilina,"okres Kysucké Nové Mesto","Kysucké Nové Mesto",Kamence
JuT4OhvaBo8,NULL,NULL,"okres Žilina",Žilina,"Staré mesto"
JuXxgiFzaw2,"KORSO Project, s.r.o.",Žilina,"okres Žilina",Terchová,Terchová
Juta8FGg1ms,"Bosen Group s.r.o.",Bratislava,"okres Žilina","Rajecké Teplice","Rajecké Teplice"
JutRcPoSw48,"DRR INVEST, s. r. o.","Horný Hričov","okres Žilina",Žilina,Vlčince
JunhLdbpvMU,"Buby reality, s.r.o.",Žilina,"okres Martin",Martin,Stred
JuAo_CCFbGo,"TARGETreal s. r. o.",Žilina,"okres Martin",Martin,Priekopa
JuIcnUNxIlt,"ALFA SALUTO REAL s.r.o",Bratislava,"okres Martin",Martin,Košúty
JuroNkYo0Ud,"LIF REAL",Martin,"okres Martin",Vrútky,"Horné Vrútky"
JuSS030a7te,"Realitka pre každého",Žilina,"okres Žilina",Žilina,Vlčince
JuoB7gmYVp_,"RK SPIRIT s.r.o.","Liptovský Mikuláš","okres Liptovský Mikuláš","Liptovský Mikuláš",Demänová
Juw2GAhwVDz,"TUreality s.r.o.",Žilina,"okres Martin",Martin,Záturčie
JuNxbiZtMJl,"StorkReal s. r. o.","Rajecká Lesná","okres Žilina",Žilina,Hliny
Ju93xLSe03c,"MGM reality",Žilina,"okres Martin",Martin,Záturčie
Ju8y_HCffnI,"Reality Alpia",Martin,"okres Čadca",Čadca,Žarec
JuDpUKm1R87,"CANGURU s.r.o.","Rajecké Teplice","okres Martin",Martin,Jahodníky
JuyticuaW7A,"ODEKO manažment s.r.o.",Žilina,"okres Ružomberok",Ružomberok,Roveň
JutwTj3bM_v,"TUreality s.r.o.",Žilina,"okres Martin",Martin,Sever
JuRvQ8h5ljK,NULL,NULL,"okres Žilina",Žilina,Vlčince
Ju-D0j5Tx8q,"Realitná kancelária",Bratislava,"okres Martin",Martin,Sever
JuqL8yAiSJt,"ETHOS reality, s. r. o.","Krásno nad Kysucou","okres Čadca","Krásno nad Kysucou",Kalinov
Juaqewf1vyV,"B10 Slovensko, a. s.",Žilina,"okres Martin",Martin,Košúty
JufCUUh8n1P,"LOYAL REALITY s.r.o.","Dolný Kubín","okres Ružomberok",Ružomberok,Baničné
JuEOy8Ch_fK,"Reinoo a.s.",Žilina,"okres Žilina",Žilina,Vlčince
JuAjD-DNY5d,"Gro & Partners",Žilina,"okres Žilina",Žilina,Vlčince
JuXBeof4cBw,"ODEKO manažment s.r.o.",Žilina,"okres Ružomberok",Ružomberok,Baničné
JuCHpapFKG8,"Reality ASTORIA, s.r.o.",Martin,"okres Martin",Martin,Záturčie
JufBWbzCmcn,"Cooper Real s.r.o",Bratislava,"okres Martin",Martin,Stred
JuN-wthtGNF,"Realitná kancelária",Bratislava,"okres Žilina",Žilina,Hájik
Ju54zsovXgd,"EASY centrum bývania, s.r.o.",Žilina,"okres Žilina",Žilina,Hliny
JuZqmgmus3f,"Realitná kancelária",Bratislava,"okres Martin",Turany,Turany
JuUygteSgA9,"Safe reality s. r. o.",Žilina,"okres Žilina",Žilina,"Staré mesto"
JuEhBGLGdyB,"RE/MAX Slovakia",Bratislava,"okres Martin",Martin,Košúty
Juhy56IDgaZ,"Reality Center, s.r.o.",Martin,"okres Martin",Martin,Podháj
Ju8yXfa5xfL,"TUreality s.r.o.",Žilina,"okres Ružomberok",Ružomberok,Baničné
Jul5uPR1of1,"RESIDENCE realitná kancelária","Liptovský Mikuláš","okres Liptovský Mikuláš","Liptovský Mikuláš","Staré mesto"
JuySZhvO7pX,NULL,NULL,"okres Ružomberok",Ružomberok,"Staré mesto"
Ju4YZRhAzaf,"RIEŠIME BÝVANIE",Bratislava,"okres Žilina",Žilina,Bôrik
JuvxnqGhrvB,"Realitné kancelárie SR",Bratislava,"okres Čadca",Čadca,NULL
JudF4Y5NRYO,"RESIDENCE realitná kancelária","Liptovský Mikuláš","okres Liptovský Mikuláš","Liptovský Mikuláš","Liptovská Mara - Tatralandia"
JuAyS5TfUDQ,"Direct Real, spol. s r.o.",Bratislava,"okres Žilina",Rajec,Rajec
JuWSXBSHA4W,"1. Reality Rent, s.r.o.",Žilina,"okres Čadca",Čadca,Žarec
JuSwv58uXFj,"FINREA - ak vám záleží na výsledku","Dolný Kubín","okres Dolný Kubín","Dolný Kubín",Brezovec
JuSEGf_jb32,"BeMi realitná kancelária",Nitra,"okres Námestovo","Oravské Veselé","Oravské Veselé"
JuiTYBIhgYl,"DRR INVEST, s. r. o.","Horný Hričov","okres Žilina",Žilina,Hájik
JuHOcENm8Ia,"AstonReal s.r.o.","Banská Bystrica","okres Liptovský Mikuláš","Liptovský Mikuláš","Vrbica - Nábrežie"
Juf0d9bgzD3,"MGM reality",Žilina,"okres Žilina",Rosina,Rosina
JucQo5vONzU,"MGM reality",Žilina,"okres Žilina",Žilina,Solinky
JugZvx-B3PM,"TUreality s.r.o.",Žilina,"okres Dolný Kubín","Dolný Kubín",Banisko
Ju6YQzBpIXw,"Istrofinal, s. r. o.",Žilina,"okres Kysucké Nové Mesto","Kysucké Nové Mesto",Kamence
JuFfQA7zSPP,"RECLOUD Reality a.s.",Bratislava,"okres Čadca","Nová Bystrica","Nová Bystrica"
JuTapZ_iKYW,"Mamud Reality s. r. o.",Žilina,"okres Žilina",Žilina,"Staré mesto"
JudSBCw12x9,"TUreality s.r.o.",Žilina,"okres Žilina",Žilina,Vlčince
JujwaDNeJ1i,"BR ACADEMY, s. r. o.","Kysucké Nové Mesto","okres Kysucké Nové Mesto","Kysucké Nové Mesto",Sídlisko
Jugv6VHMojr,"Safe reality s. r. o.",Žilina,"okres Čadca",Čierne,Čierne
Jud2teyAuDu,"RESIDENCE realitná kancelária","Liptovský Mikuláš","okres Liptovský Mikuláš","Demänovská Dolina","Demänovská Dolina"
Jusrma_M5xf,NULL,NULL,"okres Žilina",Žilina,Solinky
Ju2WQT7unmV,"RE/MAX Slovakia",Bratislava,"okres Martin","Košťany nad Turcom","Košťany nad Turcom"
JuJvNTKAcv8,"MG real, s.r.o.",Topoľčany,"okres Kysucké Nové Mesto","Kysucké Nové Mesto",Kamence
Ju8f-wmtjXf,"FINREA - ak vám záleží na výsledku","Dolný Kubín","okres Dolný Kubín","Dolný Kubín","Veľký Bysterec"
JuqcGRiE3sH,"OVERENÉ REALITY","Banská Bystrica","okres Liptovský Mikuláš","Liptovský Mikuláš","Staré mesto"
Jue9scT0OOX,"CANGURU s.r.o.","Rajecké Teplice","okres Martin",Martin,Jahodníky
JuauSxK_Grt,"TUreality s.r.o.",Žilina,"okres Dolný Kubín","Dolný Kubín","Veľký Bysterec"
JuETFY0yocs,"Realitné kancelárie SR",Bratislava,"okres Žilina",Žilina,Hliny
JucHYWmAD9T,"TUreality s.r.o.",Žilina,"okres Tvrdošín",Nižná,Nižná
Juh6SSze_tY,"SLNOVRAT, s.r.o.",Olešná,"okres Čadca",Staškov,Staškov
Ju5yq04Fo6g,"REALITY SPOLU",Bratislava,"okres Liptovský Mikuláš","Liptovský Mikuláš",Demänová
JuUEgGZy7bV,"KORSO Project, s.r.o.",Žilina,"okres Žilina",Terchová,Terchová
Juo8y036wNc,"Fortio Popper s.r.o.",Bytča,"okres Bytča",Bytča,"Veľká Bytča"
JuPeIRhvo6g,"BRATISLAVA REAL s.r.o.",Senec,"okres Martin",Martin,Stred
Juq3ES8kVdO,"B10 Slovensko, a. s.",Žilina,"okres Martin",Martin,Stred
Ju6GKonKAZ1,"RESIDENCE realitná kancelária","Liptovský Mikuláš","okres Liptovský Mikuláš","Liptovský Mikuláš",Demänová
JupL8ZjnO78,NULL,NULL,"okres Žilina",Žilina,Vlčince
JuzI-cY3VGB,"WFG reality, s.r.o.",Žilina,"okres Žilina",Žilina,"Staré mesto"
Jurvisl8PBq,"Buby reality, s.r.o.",Žilina,"okres Martin",Martin,Stred
JuaFgvo5Zms,"B10 Slovensko, a. s.",Žilina,"okres Martin",Martin,Stred
JuZWfK8jXMU,"YFE, s.r.o.",Žilina,"okres Liptovský Mikuláš","Liptovský Mikuláš","Vrbica - Nábrežie"
Ju-TqbMGsYQ,"TUreality s.r.o.",Žilina,"okres Martin",Vrútky,NULL
JuV4el-7B8H,"Financial Hotels Management, s.r.o.",Žilina,"okres Žilina",Žilina,"Staré mesto"
JuC3qFxZRHA,"TARGETreal s. r. o.",Žilina,"okres Martin",Martin,Stred
JuMvMAnJyAh,"Reality Center, s.r.o.",Martin,"okres Martin",Martin,Stred
JuOtmAhAnN-,"LAVENTURA s.r.o.",Žilina,"okres Žilina",Žilina,"Staré mesto"
Ju2vUj8wFP4,NULL,NULL,"okres Liptovský Mikuláš","Malé Borové","Malé Borové"
Ju3mlVUzkyZ,"TARGETreal s. r. o.",Žilina,"okres Martin",Sučany,Sučany
JuogofXpdYk,liptoreal,"Liptovský Mikuláš","okres Liptovský Mikuláš","Liptovský Mikuláš",Demänová
Ju6MtpU11Ir,"B10 Slovensko, a. s.",Žilina,"okres Martin",Príbovce,Príbovce
Ju7oSLy3Fih,"All 4 Life, s.r.o.",Piešťany,"okres Ružomberok",Ružomberok,Hrabovo
JuuGHfugsJe,"WFG reality, s.r.o.",Žilina,"okres Žilina",Terchová,Terchová
JuK1Ou62x1-,"RECLOUD Reality a.s.",Bratislava,"okres Martin",Martin,Stred
JubVv2aiyY0,"PROMINENT REAL s.r.o.",Bratislava,"okres Liptovský Mikuláš","Liptovský Mikuláš",Demänová
JuhBe2gFJxv,NULL,NULL,"okres Žilina",Žilina,Hliny
Juw-fZcag7r,"ODEKO manažment s.r.o.",Žilina,"okres Žilina",Žilina,Hájik
JuTBd7ApfBa,"Eli real realitná kancelária",Košice,"okres Martin",Martin,Priekopa
JuUG1bLiAAp,NULL,NULL,"okres Bytča","Veľké Rovné","Veľké Rovné"
JudWP4utpDg,"TARGETreal s. r. o.",Žilina,"okres Čadca",Čadca,Centrum
JuajpkZsNxA,"A-Byt Consult, s.r.o.",Ružomberok,"okres Ružomberok",Ružomberok,"Staré mesto"
Jum1UMzjJKg,"SLNOVRAT, s.r.o.",Olešná,"okres Čadca",Staškov,Staškov
Ju4BxKT1MU9,"Realitné kancelárie SR",Bratislava,"okres Žilina","Rajecké Teplice","Rajecké Teplice"
JuQ9TAROpsL,"PhDr. Miloš Kocúr - BKM Consulting",Skalité,"okres Čadca",Čadca,Centrum
JuTSuAfPUaV,"Tatry mountain resorts, a.s.","Liptovský Mikuláš","okres Liptovský Mikuláš","Demänovská Dolina","Demänovská Dolina"
Juqt_RyaYSM,"Istrofinal, s. r. o.",Žilina,"okres Kysucké Nové Mesto","Kysucké Nové Mesto",Kamence
JuxOi4dlZ8Z,"Reality Alpia",Martin,"okres Martin",Martin,Košúty
JuPxUBuwHJ4,"RIEŠIME BÝVANIE",Bratislava,"okres Žilina",Žilina,Hliny
JuWJdu9GaUY,NULL,NULL,"okres Žilina",Kunerad,Kunerad
JuxSKEPCvI9,"JPE. Reality - Jozef Pajer",Čadca,"okres Čadca",Oščadnica,Oščadnica
Juk34S4WJno,"MGM reality",Žilina,"okres Žilina",Žilina,Hliny
JuBHdW0whmB,"B10 Slovensko, a. s.",Žilina,"okres Martin",Martin,Ľadoveň
Ju0roQQA2MK,"ML realitný& finančny servis s.r.o. , BrokerSoft s.r.o. , Monika Launerová - SZČO","Banská Bystrica","okres Liptovský Mikuláš","Demänovská Dolina","Demänovská Dolina"
JugFcThrxWKY,G-REAL,"Liptovský Mikuláš","okres Liptovský Mikuláš",Ľubeľa,Ľubeľa
JumIry3ptkT,"BeMi realitná kancelária",Nitra,"okres Námestovo",Mútne,Mútne
JuJkIhlhMxu,"1. Reality Rent, s.r.o.",Žilina,"okres Čadca",Čadca,Kyčerka
JuJvkR7cHC5,"Realitná kancelária",Bratislava,"okres Martin",Lipovec,Lipovec
JuPAGeZeFHi,"FINREA - ak vám záleží na výsledku","Dolný Kubín","okres Dolný Kubín","Dolný Kubín",Brezovec
JuFc31jRHf3,NULL,NULL,"okres Žilina",Žilina,Vlčince
Jux8wTB74lK,"AstonReal s.r.o.","Banská Bystrica","okres Liptovský Mikuláš","Liptovský Mikuláš","Staré mesto"
JuHzNQ7Qr-d,"Realitná kancelária",Bratislava,"okres Martin",Martin,Jahodníky
JuWNJll5MyrA,"Reinoo a.s.",Žilina,"okres Žilina",Žilina,Vlčince
JunnDIKOU8H,NULL,NULL,"okres Kysucké Nové Mesto","Kysucké Nové Mesto",Sídlisko
JuvSfTkJipf,"ODEKO manažment s.r.o.",Žilina,"okres Ružomberok",Ružomberok,Baničné
Ju1CJs1XMWM,NULL,NULL,"okres Martin",Martin,Stred
Ju52OxQfZ-e,"FINREA - ak vám záleží na výsledku","Dolný Kubín","okres Dolný Kubín","Dolný Kubín",Brezovec
JulIgw-I980,"Direct Real, spol. s r.o.",Bratislava,"okres Liptovský Mikuláš","Pavčina Lehota","Pavčina Lehota"
JutKisdKgjR,"RESIDENCE realitná kancelária","Liptovský Mikuláš","okres Liptovský Mikuláš","Liptovský Mikuláš","Staré mesto"
JulDE6qv7sX,"Realitná kancelária DOM",Žilina,"okres Žilina",Žilina,"Staré mesto"
Ju_WUvCjVPC,"Reality Alpia",Martin,"okres Ružomberok",Bešeňová,Bešeňová
JuI7RPoOfX3,"Reality IQ, s.r.o.",Žilina,"okres Čadca",Turzovka,Stred
Jug8bqAUxzc,"HD reality group s.r.o","Banská Bystrica","okres Liptovský Mikuláš","Liptovský Mikuláš","Vrbica - Nábrežie"
JuNYFhhNxB9,"Buby reality, s.r.o.",Žilina,"okres Martin",Martin,Stred
JuTJKH0pdjPh,"TUreality s.r.o.",Žilina,"okres Liptovský Mikuláš","Liptovský Mikuláš",NULL
JuyttBliR9C,"B10 Slovensko, a. s.",Žilina,"okres Žilina","Rajecké Teplice","Rajecké Teplice"
JuMi-Tt27An,"STRATEGIC REALITY","Liptovský Mikuláš","okres Liptovský Mikuláš","Liptovský Mikuláš",Palúdzka
JuWmtnyPS8K,"B10 Slovensko, a. s.",Žilina,"okres Martin",Lipovec,Lipovec
Juv5BxkBnXj,"Realitná kancelária",Bratislava,"okres Žilina",Žilina,Hájik
Juhppb1YIBH,"FISCHER & PARTNERS, s.r.o.",Ružomberok,"okres Ružomberok",Ružomberok,Hrabovo
Juug2Jz1Pse,"KA Real","Banská Bystrica","okres Liptovský Mikuláš","Liptovský Mikuláš","Staré mesto"
JuUcmtKJgcX,"HD reality group s.r.o","Banská Bystrica","okres Žilina",Žilina,"Staré mesto"
JuZrguawZAO,NULL,NULL,"okres Bytča",Bytča,"Veľká Bytča"
JuR_XmdYxiI,"Reality Alpia",Martin,"okres Martin",Martin,Stred
JugHDSXoGA9,"bezmaklérov, s.r.o.",Žilina,"okres Čadca",Turzovka,Stred
Ju7QL5RGfkF,"Reality Alpia",Martin,"okres Bytča",Kotešová,Kotešová
JuKdeWhe2o7,Limaxreal,"Liptovský Mikuláš","okres Liptovský Mikuláš","Demänovská Dolina","Demänovská Dolina"
JuN5ogzbwb6,"MGM reality",Žilina,"okres Žilina",Žilina,Vlčince
JukyEz3oR2iD,"Direct Real, spol. s r.o.",Bratislava,"okres Liptovský Mikuláš","Liptovský Mikuláš","Staré mesto"
JuUrOuQWCVS,"TUreality s.r.o.",Žilina,"okres Liptovský Mikuláš","Liptovský Hrádok",Dovalovo
JuOrA9qwl7f,"TUreality s.r.o.",Žilina,"okres Turčianske Teplice","Turčianske Teplice",Stred
JuwL1ope4JQ,NULL,NULL,"okres Žilina",Žilina,Hliny
JuGLEI81NEj,"MGM reality",Žilina,"okres Žilina",Žilina,"Staré mesto"
Jur94HxnWLm,"JPE. Reality - Jozef Pajer",Čadca,"okres Čadca",Čadca,Kyčerka
Ju3hr4RXLjv,"RECLOUD Reality a.s.",Bratislava,"okres Čadca",Čadca,Centrum
JugZ1tAn0SZ,NULL,NULL,"okres Martin",Martin,Jahodníky
Juc_BdIYUe1,NULL,NULL,"okres Dolný Kubín","Dolný Kubín","Veľký Bysterec"
JuOs2hhR_fq,"HALO reality, s.r.o.",Prievidza,"okres Liptovský Mikuláš","Liptovský Mikuláš","Liptovská Mara - Tatralandia"
JuWjsR8x7Sv,"FINREA - ak vám záleží na výsledku","Dolný Kubín","okres Martin",Vrútky,NULL
Ju89eBckNJI,"CANGURU s.r.o.","Rajecké Teplice","okres Martin",Martin,Jahodníky
JuUeGi9MZcI,"RESIDENCE realitná kancelária","Liptovský Mikuláš","okres Liptovský Mikuláš","Demänovská Dolina","Demänovská Dolina"
JuztOys4YDo,"J.M.H. s.r.o.","Liptovský Hrádok","okres Liptovský Mikuláš","Demänovská Dolina","Demänovská Dolina"
JuBe2LSvIsNx,"AstonReal s.r.o.","Banská Bystrica","okres Ružomberok","Liptovská Teplá","Liptovská Teplá"
JuX5UJf-pU4,"RESIDENCE realitná kancelária","Liptovský Mikuláš","okres Liptovský Mikuláš","Liptovský Mikuláš",Demänová
Juh8S_7FwJj,"Vianema s.r.o.",Bratislava,"okres Tvrdošín",Tvrdošín,Medvedzie
JukRhMNGZ-C,NULL,NULL,"okres Ružomberok",Ružomberok,Roveň
JunH90jZGku,"Effecting s.r.o.",Bratislava,"okres Žilina",Žilina,Bytčica
JuzxsN9HYse,"OVERENÉ REALITY","Banská Bystrica","okres Liptovský Mikuláš","Liptovský Mikuláš",Demänová
JulRM1RZW6m,"Realitná kancelária RED, s.r.o.",Žilina,"okres Žilina",Žilina,"Staré mesto"
JuIVEdX9aqM,"FINREA - ak vám záleží na výsledku","Dolný Kubín","okres Martin",Martin,Sever
Ju23LHSYosl,G-REAL,"Liptovský Mikuláš","okres Liptovský Mikuláš","Demänovská Dolina","Demänovská Dolina"
JuNnPRzxLFf,NULL,NULL,"okres Žilina",Žilina,Hliny
JuMfaZM03jX,"TUreality s.r.o.",Žilina,"okres Dolný Kubín","Dolný Kubín","Veľký Bysterec"
Ju1KgFqJaOR,"REALITY FAIR","Banská Bystrica","okres Liptovský Mikuláš","Malé Borové","Malé Borové"
Ju4lgcUtMo2,"X-REAL, s. r. o.",Žilina,"okres Žilina",Žilina,"Staré mesto"
Ju2DPhpZEXH,"KORSO Project, s.r.o.",Žilina,"okres Žilina",Žilina,"Staré mesto"
JuqFaXjCOjj,"Reality ASTORIA, s.r.o.",Martin,"okres Martin",Martin,Košúty
JuoHqPCC27P,"REALITY SPOLU",Bratislava,"okres Ružomberok",Bešeňová,Bešeňová
Ju8yXTZyQ0c,"TUreality s.r.o.",Žilina,"okres Liptovský Mikuláš","Liptovský Hrádok",Dovalovo
Juh0xQ8lAwr,"MK-CORP s.r.o.",Malacky,"okres Liptovský Mikuláš","Demänovská Dolina","Demänovská Dolina"
JuFMzwDkckH,NULL,NULL,"okres Žilina",Žilina,Vlčince
JuB3Z9PEAiq,"Safe reality s. r. o.",Žilina,"okres Žilina",Žilina,Závodie
JuolQI_qYfx,"RESIDENCE realitná kancelária","Liptovský Mikuláš","okres Liptovský Mikuláš","Demänovská Dolina","Demänovská Dolina"
JujVD_-rIKd,NULL,NULL,"okres Ružomberok",Ružomberok,Hrabovo
JuGX51SpwM8,"OREA, s.r.o.","Dolný Kubín","okres Dolný Kubín","Dolný Kubín","Veľký Bysterec"
Ju8MQ6z2y19,"WFG reality, s.r.o.",Žilina,"okres Žilina",Žilina,"Staré mesto"
JudIm98MNcc,"Realitná kancelária RED, s.r.o.",Žilina,"okres Žilina",Žilina,Vlčince
JuEn89TLzyn,NULL,NULL,"okres Žilina",Žilina,Hliny
JuDVCgxcWoV,"KES - RV s.r.o.",Rožňava,"okres Dolný Kubín","Dolný Kubín",Stred
JurCt3kGKjX,"ROSA reality","Kysucké Nové Mesto","okres Kysucké Nové Mesto","Kysucké Nové Mesto",Sídlisko
Ju4rzPnW6--,NULL,NULL,"okres Žilina",Rajec,Rajec
JudLFAAMGyd,"RESIDENCE realitná kancelária","Liptovský Mikuláš","okres Liptovský Mikuláš","Liptovský Mikuláš","Vrbica - Nábrežie"
JuAF6zTk4aw,"ODEKO manažment s.r.o.",Žilina,"okres Žilina",Žilina,Hájik
JurXcD9fbrUY,"Realitná kancelária RED, s.r.o.",Žilina,"okres Žilina",Žilina,"Staré mesto"
JuPIcosPUIK,NULL,NULL,"okres Žilina",Žilina,Hliny
JuviN4c9fMi,G-REAL,"Liptovský Mikuláš","okres Liptovský Mikuláš","Liptovský Mikuláš",Demänová
Jux3fZyBY08,"HD reality group s.r.o","Banská Bystrica","okres Martin",Martin,Sever
JuzYHHeYN5Y,"Safe reality s. r. o.",Žilina,"okres Žilina",Žilina,Vlčince
JulrtoBvNUl,"MGM reality",Žilina,"okres Žilina",Žilina,Vlčince
JunJQlPuUZ5,NULL,NULL,"okres Ružomberok",Ružomberok,"Staré mesto"
Ju7Y_BuXfpd,"Reality Center, s.r.o.",Martin,"okres Martin",Martin,Sever
JuIQRanSNHE,"MK-CORP s.r.o.",Malacky,"okres Liptovský Mikuláš","Demänovská Dolina","Demänovská Dolina"
Ju-oy7KMPvG,"CANGURU s.r.o.","Rajecké Teplice","okres Martin",Martin,Priekopa
JuGK6bfHjeP,"Reality ELIÁŠ",Nitra,"okres Ružomberok",Ružomberok,Hrabovo
Juow0UUu95a,"RIEŠIME BÝVANIE",Bratislava,"okres Liptovský Mikuláš","Liptovský Ján","Liptovský Ján"
Jua2VQSxknR,"Safe reality s. r. o.",Žilina,"okres Žilina",Žilina,"Staré mesto"
Jute43unDDv,"FINREA - ak vám záleží na výsledku","Dolný Kubín","okres Martin",Martin,Sever
JuhboaiL4kD,"Apollo House",Bratislava,"okres Čadca",Makov,Makov
JuvEgSpY9yR,NULL,NULL,"okres Ružomberok",Ružomberok,"Staré mesto"
JunTVXk3Mti,"Real Reality Development s.r.o.",Martin,"okres Martin",Martin,Stred
JuuSRj_dS1E,NULL,NULL,"okres Martin",Martin,Ľadoveň
Ju4H966Coro,"OREA, s.r.o.","Dolný Kubín","okres Ružomberok",Bešeňová,Bešeňová
Ju6-B7-KyuQ,"WFG reality, s.r.o.",Žilina,"okres Žilina",Žilina,"Staré mesto"
JuhnGApypwY,NULL,NULL,"okres Žilina",Žilina,Vlčince
Ju7xovoPDxC,"RE/MAX Slovakia",Bratislava,"okres Ružomberok",Ružomberok,Roveň
Ju_EiSHONLK,"Realitná kancelária",Bratislava,"okres Bytča",Kotešová,Kotešová
JuNbmfaprZN,"Reality Alpia",Martin,"okres Liptovský Mikuláš","Liptovský Mikuláš","Staré mesto"
JukTLg0JPLo,"ŽILINAREAL, s.r.o.",Žilina,"okres Žilina",Žilina,"Staré mesto"
Ju5nlrwa9YA,"Vianema s.r.o.",Bratislava,"okres Čadca",Čadca,Centrum
JuxqWwCd3Bc,"Reality Alpia",Martin,"okres Ružomberok",Bešeňová,Bešeňová
Ju-lEoc2XSC,"ODEKO manažment s.r.o.",Žilina,"okres Žilina",Žilina,Hájik
JuPFzcSTrpI,"MGM reality",Žilina,"okres Žilina",Žilina,Hájik
JuBGOlYijOs,"FINREA - ak vám záleží na výsledku","Dolný Kubín","okres Dolný Kubín",Leštiny,Leštiny
JuzSVrg19-5,"OREA, s.r.o.","Dolný Kubín","okres Dolný Kubín","Dolný Kubín",Stred
Ju4DmwiiW-b,"Istrofinal, s. r. o.",Žilina,"okres Kysucké Nové Mesto","Kysucké Nové Mesto",Kamence
JuqfZpnefqB,NULL,NULL,"okres Žilina",Žilina,"Staré mesto"
Juu9JOj3Rtxf,"FINREA - ak vám záleží na výsledku","Dolný Kubín","okres Dolný Kubín",Leštiny,Leštiny
JuqrzDEx4zp,"DRR INVEST, s. r. o.","Horný Hričov","okres Žilina","Dlhé Pole","Dlhé Pole"
JuMDbkTFIEs,"Reality ASTORIA, s.r.o.",Martin,"okres Martin",Martin,Sever
JuKOSky-gaQ,"Fortio Popper s.r.o.",Bytča,"okres Bytča",Bytča,"Veľká Bytča"
Ju6HxyuWwow,"RENOME REAL",Žilina,"okres Žilina",Žilina,"Staré mesto"
Jug-3hxWFLu,"Realitné kancelárie SR",Bratislava,"okres Žilina",Žilina,Hliny
Ju7k48dIljM,"HALO reality, s.r.o.",Prievidza,"okres Liptovský Mikuláš","Liptovský Mikuláš","Staré mesto"
Jumh9UnxAYr,"ROMDOM, s. r. o",Žilina,"okres Žilina",Žilina,Vlčince
JuN_WBxnd6g,NULL,NULL,"okres Liptovský Mikuláš","Malé Borové","Malé Borové"
JujoQo2VGUJ,"PRIMA reality s.r.o.",Žilina,"okres Bytča",Bytča,"Veľká Bytča"
JuVrf5-P_w2,"Reality AK, spol. s r.o.",Martin,"okres Martin",Martin,Sever
JuhprznFXvm,"4FIN s.r.o.",Beluša,"okres Bytča",Bytča,"Thurzove sady"
JubdDMCwkS-,"Realitná kancelária DR, s.r.o.",Martin,"okres Martin",Martin,Záturčie
Jur10DDDefn,"Fortio Popper s.r.o.",Bytča,"okres Bytča",Bytča,"Veľká Bytča"
JuAFSeapxAr,"ODEKO manažment s.r.o.",Žilina,"okres Žilina",Žilina,Hájik
JunM5Oyfta7,"Direct Real, spol. s r.o.",Bratislava,"okres Liptovský Mikuláš","Liptovský Hrádok",NULL
JulljNn3BQ6,"JKV REAL",Prievidza,"okres Žilina",Žilina,"Staré mesto"
Ju-DQSmNMMQ,"Realitná kancelária RED, s.r.o.",Žilina,"okres Žilina",Žilina,"Staré mesto"
Juzy2CD4C3Q,NULL,NULL,"okres Liptovský Mikuláš","Liptovský Mikuláš","Staré mesto"
JuyFJFlxmNe,"Reality Alpia",Martin,"okres Ružomberok",Ružomberok,Hrabovo
JudFUrfv3xN,"OREA, s.r.o.","Dolný Kubín","okres Dolný Kubín","Dolný Kubín",Brezovec
JuTZyCvuUzR,"Reality ASTORIA, s.r.o.",Martin,"okres Martin",Martin,Sever
Juip-IYlQVA,"Realitná kancelária",Bratislava,"okres Martin",Martin,Záturčie
JuRjoCvdqrS,"Realitná kancelária",Bratislava,"okres Martin",Martin,Košúty
Jubh97mv2uS,"RE/MAX Slovakia",Bratislava,"okres Martin",Martin,Stred
JuX28I09sjk,"TUreality s.r.o.",Žilina,"okres Martin",Martin,Podháj
JuC150gf4x0,"Reality ASTORIA, s.r.o.",Martin,"okres Martin",Martin,Stred
JuWE0lIaFPD,"TUreality s.r.o.",Žilina,"okres Žilina",Žilina,Hliny
JuOHtDh4ssx,"JKV REAL",Prievidza,"okres Žilina",Žilina,"Staré mesto"
JucmQgleApT,"KORSO Project, s.r.o.",Žilina,"okres Žilina",Žilina,"Staré mesto"
Juwx2mgp7mc,"Reality AK, spol. s r.o.",Martin,"okres Martin",Martin,Sever
Juefy0T6TSp,"Safe reality s. r. o.",Žilina,"okres Kysucké Nové Mesto","Kysucké Nové Mesto",NULL
JuOlH8L9nB_,"Reinoo a.s.",Žilina,"okres Žilina",Žilina,Vlčince
JuP6ftsrJ5D,NULL,NULL,"okres Žilina",Žilina,Hliny
JuXhj_2xCZd,"B10 Slovensko, a. s.",Žilina,"okres Martin",Martin,Stráne
JuFDFkP8ndy,"WFG reality, s.r.o.",Žilina,"okres Žilina",Žilina,"Staré mesto"
Ju99QRQeIB6,"Reality Alpia",Martin,"okres Liptovský Mikuláš","Liptovský Mikuláš",Okoličné
Ju0vPaBxKXU,"RESIDENCE realitná kancelária","Liptovský Mikuláš","okres Liptovský Mikuláš","Liptovský Mikuláš","Vrbica - Nábrežie"
JuY5LGMMCXw,"iO Partners Slovakia s.r.o.",Bratislava,"okres Martin",Sučany,Sučany
Jul_zSmXyuk,"Realitná kancelária RED, s.r.o.",Žilina,"okres Žilina",Žilina,Bytčica
Juc13_FCZgH,"GERT , s.r.o.","Liptovský Mikuláš","okres Liptovský Mikuláš","Liptovský Mikuláš","Staré mesto"
JuTx27ZW8X8,"RK SPIRIT s.r.o.","Liptovský Mikuláš","okres Liptovský Mikuláš",Lazisko,Lazisko
Jun0m0ZrnOH,"Tatry mountain resorts, a.s.","Liptovský Mikuláš","okres Liptovský Mikuláš","Demänovská Dolina","Demänovská Dolina"
JuIW7C6rFGH,"LIF REAL",Martin,"okres Martin",Turany,Turany
JupsSzyT0cr,"Reality AK, spol. s r.o.",Martin,"okres Martin",Vrútky,"Horné Vrútky"
JuL2iQbOhc4,"KUBALA REALITY, s.r.o.",Čadca,"okres Námestovo","Oravská Lesná","Oravská Lesná"
JuDUhZhbscW,NULL,NULL,"okres Martin",Martin,Sever
JuU_yP2Leq5,"ROMDOM, s. r. o",Žilina,"okres Žilina",Žilina,Hliny
JudTzF1WzhJ,NULL,NULL,"okres Žilina",Žilina,"Malá Praha"
JuZZDPtR2IXg,"PRIMA reality s.r.o.",Žilina,"okres Bytča",Bytča,"Veľká Bytča"
Ju6CbHXXMaR,"RESIDENCE realitná kancelária","Liptovský Mikuláš","okres Liptovský Mikuláš","Liptovský Mikuláš","Vrbica - Nábrežie"
JuJyLb9uZkF,"FINREA - ak vám záleží na výsledku","Dolný Kubín","okres Martin",Martin,Stred
JuZsnFqHRPo,"MGM reality",Žilina,"okres Žilina",Žilina,Závodie
JubcX2eX1Ec,NULL,NULL,"okres Martin",Martin,Stred
JuHVIRVpUCc,"RK SPIRIT s.r.o.","Liptovský Mikuláš","okres Liptovský Mikuláš","Liptovský Mikuláš","Staré mesto"
Ju43Fk0eYYh,"1. Reality Rent, s.r.o.",Žilina,"okres Čadca",Čadca,Žarec
JuN7uIfPm4u,"AnoReal, s.r.o.",Stráňavy,"okres Žilina",Žilina,Vlčince
JuunJga2z_k,"RE/MAX Slovakia",Bratislava,"okres Liptovský Mikuláš","Demänovská Dolina","Demänovská Dolina"
JuAChQKUc2K,"Reality Center, s.r.o.",Martin,"okres Martin",Martin,Stred
Ju0haPUlmUa,NULL,NULL,"okres Žilina",Žilina,Hliny
JuMd5Se4xMY,"Realitná kancelária",Bratislava,"okres Martin",Martin,Košúty
JusbD5cQ3a4,"B10 Slovensko, a. s.",Žilina,"okres Martin",Martin,Košúty
JuM34gAq3oh,"SLNOVRAT, s.r.o.",Olešná,"okres Čadca",Čadca,Centrum
JuMB3dfOXp8,"AstonReal s.r.o.","Banská Bystrica","okres Liptovský Mikuláš","Liptovský Mikuláš",Palúdzka
JubzWbhcDfO,"TUreality s.r.o.",Žilina,"okres Turčianske Teplice","Turčianske Teplice",NULL
JuVAMiylcZs,"RK SPIRIT s.r.o.","Liptovský Mikuláš","okres Liptovský Mikuláš","Liptovský Mikuláš","Liptovská Mara - Tatralandia"
JunEHNrbeFP,"GERT , s.r.o.","Liptovský Mikuláš","okres Liptovský Mikuláš","Liptovský Ján","Liptovský Ján"
JuUPtRtKqg1,"Realitné kancelárie SR",Bratislava,"okres Tvrdošín",Nižná,Nižná
Juqo7TnYgwu,"Direct Real, spol. s r.o.",Bratislava,"okres Liptovský Mikuláš","Liptovský Mikuláš",Palúdzka
JuS-j-NozyD,"Realitná kancelária RED, s.r.o.",Žilina,"okres Žilina",Žilina,Hliny
Ju6448VMXkm,"TUreality s.r.o.",Žilina,"okres Martin",Vrútky,NULL
Ju1i5P66bxL,"Realitná kancelária",Bratislava,"okres Martin",Martin,Ľadoveň
JuYIUYhGIcc,"Realitné kancelárie SR",Bratislava,"okres Žilina",Žilina,Vlčince
JuNO1HdGb3E,"Buby reality, s.r.o.",Žilina,"okres Martin",Martin,Stred
JuR_dv_w6nb,"Reality Turiec s.r o.",Martin,"okres Martin",Martin,Záturčie
JulFrto6Z8R,"Tatra Invest",Podtureň,"okres Liptovský Mikuláš","Demänovská Dolina","Demänovská Dolina"
Ju3o-SF0dKF,"WFG reality, s.r.o.",Žilina,"okres Žilina",Žilina,"Staré mesto"
Juena3XeNrr,"Direct Real, spol. s r.o.",Bratislava,"okres Liptovský Mikuláš",Ľubeľa,Ľubeľa
JuvUgr_LkF7,"Bosen Group s.r.o.",Bratislava,"okres Liptovský Mikuláš","Liptovský Mikuláš","Liptovská Ondrašová"
Ju-oP3i-Pkz,"Reality ASTORIA, s.r.o.",Martin,"okres Martin",Martin,Priekopa
JuEWaQqDH0I,"Reality Center, s.r.o.",Martin,"okres Martin",Martin,Jahodníky
JuqQMoNXFYc,"Reality Center, s.r.o.",Martin,"okres Martin",Martin,Stred
Ju6LKRO0_U9,"Realitná kancelária RED, s.r.o.",Žilina,"okres Žilina",Žilina,"Staré mesto"
Ju_TYGvbGhv,"RESIDENCE realitná kancelária","Liptovský Mikuláš","okres Liptovský Mikuláš","Demänovská Dolina","Demänovská Dolina"
Juq7WGTR85M,"HD reality group s.r.o","Banská Bystrica","okres Tvrdošín",Trstená,Trstená
JuOvpv4GR0X,"BeMi realitná kancelária",Nitra,"okres Liptovský Mikuláš","Liptovský Mikuláš",NULL
Ju65g8tl_o6,"Fortio Popper s.r.o.",Bytča,"okres Bytča",Bytča,"Veľká Bytča"
Ju7s-G2xWRrv,"OREA, s.r.o.","Dolný Kubín","okres Dolný Kubín","Dolný Kubín","Veľký Bysterec"
Jur9DmBKE6k,NULL,NULL,"okres Čadca",Turzovka,Stred
Juethr02QAh,"OREA, s.r.o.","Dolný Kubín","okres Dolný Kubín","Dolný Kubín",Mokraď
JuRPpAPhQaY,"Realitná kancelária RED, s.r.o.",Žilina,"okres Žilina",Žilina,"Staré mesto"
JuXIhW2sDRX,"Direct Real, spol. s r.o.",Bratislava,"okres Žilina",Žilina,Vlčince
JukVWGCXzBK,"MGM reality",Žilina,"okres Žilina",Žilina,"Staré mesto"
JuA1hP6Bd3t,G-REAL,"Liptovský Mikuláš","okres Liptovský Mikuláš","Liptovský Mikuláš",Demänová
JunJ76UrnXo,"FINREA - ak vám záleží na výsledku","Dolný Kubín","okres Martin",Martin,Sever
Juy4b8nUUh5,"TARGETreal s. r. o.",Žilina,"okres Žilina",Žilina,Hájik
JuoKym-eugj,"Reality Alpia",Martin,"okres Ružomberok",Ružomberok,Hrabovo
JuxugnKSQZO,"RE/MAX Slovakia",Bratislava,"okres Dolný Kubín","Dolný Kubín",NULL
Ju0Ee02A6Iy,"HMS Services, a. s.",Žilina,"okres Žilina",Žilina,Vlčince
JuZUv2TX6Jz,"Reality Alpia",Martin,"okres Ružomberok",Bešeňová,Bešeňová
Ju-GH82Bvcv,"ŠIRINY, s.r.o.",Zvolen,"okres Liptovský Mikuláš","Liptovský Mikuláš",Palúdzka
JumwKAHAQZ-,"RIEŠIME BÝVANIE",Bratislava,"okres Bytča",Súľov-Hradná,Súľov-Hradná
Ju36lkCzKpS,"NajBývanie, s.r.o.",Ružomberok,"okres Martin",Martin,Priekopa
JuVL9EcWc2t,"Fortio Popper s.r.o.",Bytča,"okres Bytča",Bytča,"Veľká Bytča"
JuXRr8c0-gp,"KRUPPKY, s.r.o.","Liptovský Mikuláš","okres Liptovský Mikuláš","Liptovský Ján","Liptovský Ján"
JuUYkSiI3DC,"ARCHEUS Partners a.s.",Bratislava,"okres Liptovský Mikuláš","Liptovský Mikuláš","Liptovská Mara - Tatralandia"
JuqLWeKD7Wh,liptoreal,"Liptovský Mikuláš","okres Liptovský Mikuláš","Liptovský Mikuláš",Podbreziny
Juq8LRZ6yKQ,"AstonReal s.r.o.","Banská Bystrica","okres Ružomberok",Ružomberok,Roveň
Ju_IKpLJHsv,"OREA, s.r.o.","Dolný Kubín","okres Ružomberok",Bešeňová,Bešeňová
JugAp1u_qk1,"EASY centrum bývania, s.r.o.",Žilina,"okres Žilina",Žilina,Vlčince
JuJPy3KQ41X,"Reality Alpia",Martin,"okres Martin",Martin,Priekopa
Ju_bbWxDvZ7,"RESIDENCE realitná kancelária","Liptovský Mikuláš","okres Liptovský Mikuláš","Liptovský Mikuláš",NULL
JuuKGKckyxy,"Reality MT s.r.o.",Martin,"okres Martin",Vrútky,"Horné Vrútky"
Ju7lyYOfLaW,"RIEŠIME BÝVANIE",Bratislava,"okres Žilina",Žilina,Hliny
Ju7UlN5liG9,"Buby reality, s.r.o.",Žilina,"okres Martin",Martin,Jahodníky
JuVUnBR3tKh,"Realitná kancelária RED, s.r.o.",Žilina,"okres Žilina",Žilina,Bôrik
JuQBqq7Pwpu,"Realitná kancelária RED, s.r.o.",Žilina,"okres Žilina",Žilina,"Staré mesto"
Jux-89v_b-H,"MGM reality",Žilina,"okres Kysucké Nové Mesto","Kysucké Nové Mesto",Kamence
JuRirU25uGC,"Realitná kancelária RED, s.r.o.",Žilina,"okres Žilina",Žilina,"Staré mesto"
JuH61G00WWP,"HALO reality, s.r.o.",Prievidza,"okres Liptovský Mikuláš","Liptovský Mikuláš",Podbreziny
JuzhlHJjU2y,"Renovo Reality",Žilina,"okres Kysucké Nové Mesto","Kysucké Nové Mesto",Kamence
JuTPBH57dwB,"TATRA CITY RESIDENCE s. r. o.",Zvolen,"okres Liptovský Mikuláš","Liptovský Mikuláš","Staré mesto"
JuA6AvNGWkt,"XEMAR realitná spoločnosť s.r.o.","Banská Bystrica","okres Liptovský Mikuláš","Liptovský Mikuláš","Staré mesto"
JuV3Qm6Wkc0,"Buby reality, s.r.o.",Žilina,"okres Martin",Martin,Priekopa
JuzpWPdpylQ,"Reinoo a.s.",Žilina,"okres Žilina",Žilina,Vlčince
JukmrMnXO9z,"ALFA SALUTO REAL s.r.o",Bratislava,"okres Martin",Martin,Košúty
JuYVsYrHNhK,"Ing.Zuzana Paverová","Turčianske Teplice","okres Turčianske Teplice","Turčianske Teplice",Stred
JulaIQCE-Uz,"RESIDENCE realitná kancelária","Liptovský Mikuláš","okres Liptovský Mikuláš","Liptovský Mikuláš",Palúdzka
JuVfkYvfV4D,"Financial Hotels Management, s.r.o.",Žilina,"okres Žilina",Žilina,"Staré mesto"
JuXClsCim_Y,NULL,NULL,"okres Žilina",Žilina,"Staré mesto"
JufDkMDnCvm,"Stanislav Motyčík - MK",Žilina,"okres Žilina",Žilina,Bytčica
JukJYQ0D3dC,"TUreality s.r.o.",Žilina,"okres Žilina",Čičmany,Čičmany
JuF1TjEV1Ru,"B10 Slovensko, a. s.",Žilina,"okres Martin","Košťany nad Turcom","Košťany nad Turcom"
JuNLjCrLJ47,"Reality MT s.r.o.",Martin,"okres Martin",Martin,Stred
JuVvtE4iYcW,"RK SPIRIT s.r.o.","Liptovský Mikuláš","okres Dolný Kubín","Dolný Kubín",Stred
Ju8ym9e1pKJ,"1. Reality Rent, s.r.o.",Žilina,"okres Čadca",Čadca,Žarec
JugsT-r1Fjq,"RECLOUD Reality a.s.",Bratislava,"okres Martin",Martin,Sever
JuRvKY-BDAM,"HALO reality, s.r.o.",Prievidza,"okres Liptovský Mikuláš","Liptovská Porúbka","Liptovská Porúbka"
JuXB6L99RjI,"MGM reality",Žilina,"okres Žilina",Žilina,Vlčince
Ju6Fxzj1aPV,"TARGETreal s. r. o.",Žilina,"okres Turčianske Teplice","Turčianske Teplice",Stred
JuvyqEQLT9W,"Reality Alpia",Martin,"okres Martin",Martin,Priekopa
Ju8nwr--d8J,"Tatry mountain resorts, a.s.","Liptovský Mikuláš","okres Liptovský Mikuláš","Demänovská Dolina","Demänovská Dolina"
JuB0hydoQt_,"ADOMOS REAL s.r.o.",Košice,"okres Liptovský Mikuláš","Liptovský Mikuláš","Staré mesto"
JuM_6zn3dEU,"TARGETreal s. r. o.",Žilina,"okres Martin",Martin,Ľadoveň
JuCSthEMyi8,"R2 SK, s.r.o.",Žilina,"okres Žilina",Žilina,"Staré mesto"
JuUgt1O2AUN,NULL,NULL,"okres Liptovský Mikuláš","Malé Borové","Malé Borové"
JuNZ8PQ1HeL,"AstonReal s.r.o.","Banská Bystrica","okres Ružomberok",Ružomberok,Polík
JubK5ISUXOm,"Istrofinal, s. r. o.",Žilina,"okres Kysucké Nové Mesto","Kysucké Nové Mesto",Kamence
JuktNGvsiwv,"WFG reality, s.r.o.",Žilina,"okres Žilina",Žilina,"Staré mesto"
Ju5B5pSVvke,"RIEŠIME BÝVANIE",Bratislava,"okres Žilina",Žilina,"Staré mesto"
JugR8pX-gZX,"TUreality s.r.o.",Žilina,"okres Martin",Martin,Ľadoveň
JumTQJJZB7H,"TUreality s.r.o.",Žilina,"okres Žilina",Žilina,Hájik
JuaFAuw30OV,"Renovo Reality",Žilina,"okres Žilina",Žilina,"Staré mesto"
Ju-FXGTnvER,"Reality Alpia",Martin,"okres Žilina",Žilina,Vlčince
JuHXoN0ryfa,"MGM reality",Žilina,"okres Žilina",Žilina,Vlčince
JuYsJLbvRpN,"1. Reality Rent, s.r.o.",Žilina,"okres Kysucké Nové Mesto","Kysucké Nové Mesto",Sídlisko
JuRYP3Oa6YZ,"RK Dalmia s. r. o.","Dolný Kubín","okres Dolný Kubín","Dolný Kubín",Stred
JuKfypJ44Pi,"Trioreality, s.r.o.",Čadca,"okres Čadca",Klubina,Klubina
JuB63TyYdjm,"TATRA CITY RESIDENCE s. r. o.",Zvolen,"okres Liptovský Mikuláš","Liptovský Mikuláš","Staré mesto"
JuwdDOrpGK5,"Buby reality, s.r.o.",Žilina,"okres Martin",Martin,Priekopa
JuQLJpNFPOX,"FINREA - ak vám záleží na výsledku","Dolný Kubín","okres Dolný Kubín","Dolný Kubín","Veľký Bysterec"
JupfL7Qxmcc,"STAREA, s. r. o.",Žilina,"okres Žilina",Žilina,Hliny
JuF5xNSQO5x,"BeMi realitná kancelária",Nitra,"okres Čadca",Čadca,Žarec
Juk3yNZ7Eva,"Realitná kancelária",Bratislava,"okres Žilina","Rajecké Teplice","Rajecké Teplice"
JuiS9BjPEIo,"HD reality group s.r.o","Banská Bystrica","okres Liptovský Mikuláš","Demänovská Dolina","Demänovská Dolina"
Jug3a9-mziM,"RK SPIRIT s.r.o.","Liptovský Mikuláš","okres Liptovský Mikuláš","Liptovský Hrádok",Celiny
JuZzvx283W0,NULL,NULL,"okres Martin",Martin,Stred
Ju8DPYGWH3G,"RK SPIRIT s.r.o.","Liptovský Mikuláš","okres Dolný Kubín","Dolný Kubín",Stred
JuP5uFTNe1Q,"KVArent, s.r.o.",Žilina,"okres Žilina",Žilina,Vlčince
JuALKaJfivV,"B10 Slovensko, a. s.",Žilina,"okres Žilina",Žilina,Hájik
Juns9vrGm9z,"Occam New Home",Bratislava,"okres Námestovo","Oravská Lesná","Oravská Lesná"
JuviBInVrFn,NULL,NULL,"okres Martin",Martin,Stred
JuqUuNNcs6x,"RESIDENCE realitná kancelária","Liptovský Mikuláš","okres Liptovský Mikuláš","Liptovský Mikuláš",Palúdzka
Juy-j07S1W7,"TARGETreal s. r. o.",Žilina,"okres Turčianske Teplice","Turčianske Teplice",Stred
JuIG-Ap8rLX,"OREA, s.r.o.","Dolný Kubín","okres Tvrdošín",Zuberec,Zuberec
Ju3G8jSFFI9,"JPE. Reality - Jozef Pajer",Čadca,"okres Čadca",Čadca,Centrum
JuQKqXinTqJ,"ODEKO manažment s.r.o.",Žilina,"okres Žilina",Žilina,Hájik
Ju7FBuvMeEz,"RIEŠIME BÝVANIE",Bratislava,"okres Žilina",Žilina,"Považský Chlmec"
Jus3m-rZi5G,"Fortio Popper s.r.o.",Bytča,"okres Bytča",Bytča,"Veľká Bytča"
JuIV5E-BtYf,"IDEÁLNE BÝVANIE, s.r.o.",Žilina,"okres Turčianske Teplice","Turčianske Teplice",Stred
JuoJ6B-WiVu,"RE/MAX Slovakia",Bratislava,"okres Liptovský Mikuláš","Liptovský Mikuláš",Demänová
JuCUhlSV9_h,"YNI reality",Žilina,"okres Martin",Martin,Záturčie
Juk5yDVhn6R,NULL,NULL,"okres Liptovský Mikuláš","Liptovský Mikuláš","Staré mesto"
Julv6O2K4io,"B10 Slovensko, a. s.",Žilina,"okres Martin",Martin,Sever
Ju1Hfz04CkU,"RENOME REAL",Žilina,"okres Bytča",Súľov-Hradná,Súľov-Hradná
JuT66Fppd38,"RE/MAX Slovakia",Bratislava,"okres Dolný Kubín","Oravský Podzámok","Oravský Podzámok"
Ju75IN_Zjx0,"SLNOVRAT, s.r.o.",Olešná,"okres Čadca",Turzovka,Stred
JupU33o9uCP,"RK SPIRIT s.r.o.","Liptovský Mikuláš","okres Ružomberok",Ružomberok,Hrabovo
JuxRPO2xwZZ,"DreamReality s.r.o.",Žilina,"okres Martin",Martin,Stred
Jugu2Y2-InX,"Buby reality, s.r.o.",Žilina,"okres Žilina",Žilina,Bôrik
JuxFFLySNPg,"ODEKO manažment s.r.o.",Žilina,"okres Ružomberok",Ružomberok,Roveň
Ju7ymmOZXTG,"WFG reality, s.r.o.",Žilina,"okres Žilina",Žilina,"Staré mesto"
JuPbmK8oIXM,"STRATEGIC REALITY","Liptovský Mikuláš","okres Liptovský Mikuláš","Liptovský Mikuláš",Palúdzka
JuFA8PJP0f8,"RE/MAX Slovakia",Bratislava,"okres Martin",Martin,Stred
Juwwl8fsexY,"Top Real Košice s.r.o.",Košice,"okres Ružomberok",Ružomberok,Hrabovo
JuziSU1LhLt,NULL,NULL,"okres Martin",Martin,Podháj
JucVDDFBRT8,"Fortio Popper s.r.o.",Bytča,"okres Bytča",Bytča,"Veľká Bytča"
JuANNBb14Ku,"FINREA - ak vám záleží na výsledku","Dolný Kubín","okres Dolný Kubín",Istebné,Istebné
JuKXYAqOf2e,"RK SPIRIT s.r.o.","Liptovský Mikuláš","okres Liptovský Mikuláš","Liptovský Mikuláš",Demänová
Ju9bVHvcqcL,"RIEŠIME BÝVANIE",Bratislava,"okres Námestovo","Oravská Lesná","Oravská Lesná"
Ju8feO0vuod,"Realitná kancelária RED, s.r.o.",Žilina,"okres Bytča",Bytča,"Thurzove sady"
JuIFK1fc6FD,"FINREA - ak vám záleží na výsledku","Dolný Kubín","okres Martin",Martin,Sever
Juea9VaEEz4,"STAREA, s. r. o.",Žilina,"okres Žilina","Rajecké Teplice","Rajecké Teplice"
Jueq_fze_5r,NULL,NULL,"okres Liptovský Mikuláš","Liptovský Mikuláš",Palúdzka
Ju3RCMQs9vo,"KRUPPKY, s.r.o.","Liptovský Mikuláš","okres Liptovský Mikuláš","Liptovský Mikuláš","Staré mesto"
JuXdiDoNNIv,"AstonReal s.r.o.","Banská Bystrica","okres Martin",Martin,Stred
Ju0lAAcuMC-,"B10 Slovensko, a. s.",Žilina,"okres Žilina",Žilina,"Staré mesto"
Ju-yDJSlQCf,"TUreality s.r.o.",Žilina,"okres Žilina",Žilina,Závodie
JuSCw29I996,"Reality Alpia",Martin,"okres Liptovský Mikuláš","Liptovský Hrádok",Prekážka
Ju34bdWwwrW,"TUreality s.r.o.",Žilina,"okres Martin",Martin,Sever
JuSL8akIpnl,"Bosen Group s.r.o.",Bratislava,"okres Dolný Kubín","Dolný Kubín",Brezovec
JunNE3gm3lK,"RK SPIRIT s.r.o.","Liptovský Mikuláš","okres Ružomberok",Bešeňová,Bešeňová
JubD2pJKl5g,"Financial Hotels Management, s.r.o.",Žilina,"okres Žilina",Žilina,"Staré mesto"
JuLSY56QzCa,"Reality ASTORIA, s.r.o.",Martin,"okres Martin",Vrútky,"Horné Vrútky"
JuiHekkzZ0E,NULL,NULL,"okres Liptovský Mikuláš","Liptovský Mikuláš","Vrbica - Nábrežie"
JuLjftxvY7o,"FINREA - ak vám záleží na výsledku","Dolný Kubín","okres Dolný Kubín","Dolný Kubín",Brezovec
JuOipBrhKGg,"BeMi realitná kancelária",Nitra,"okres Námestovo",Námestovo,Brehy
JulLkJwhVa1,"Realitná kancelária",Bratislava,"okres Martin",Martin,Sever
JuYmnqxfCfU,"Fortio Popper s.r.o.",Bytča,"okres Bytča",Bytča,"Veľká Bytča"
Ju8j-hPnALY,"RESIDENCE realitná kancelária","Liptovský Mikuláš","okres Liptovský Mikuláš","Demänovská Dolina","Demänovská Dolina"
Ju2RLrI1kcS,"DreamReality s.r.o.",Žilina,"okres Žilina",Žilina,Vlčince
JunCOKnq7PY,"SLNOVRAT, s.r.o.",Olešná,"okres Kysucké Nové Mesto","Kysucké Nové Mesto",Stred
JuPViaCTmSo,"REALITY TATRY",Levoča,"okres Liptovský Mikuláš",Východná,Východná
JuniaoRdvqE,G-REAL,"Liptovský Mikuláš","okres Liptovský Mikuláš","Liptovský Mikuláš","Staré mesto"
JueF3dmbicv,"MENÍME BÝVANIE",Čadca,"okres Čadca","Dlhá nad Kysucou","Dlhá nad Kysucou"
JuLfK4N9KuJ,"PRIMA reality s.r.o.",Žilina,"okres Žilina",Žilina,"Staré mesto"
JuKI6_CGWPh,jabyvam.sk,"Liptovský Mikuláš","okres Liptovský Mikuláš","Liptovský Mikuláš",Demänová
JuwROzF7MPz,"LOYAL REALITY s.r.o.","Dolný Kubín","okres Ružomberok",Ružomberok,Klačno
JuVxrPNOwNZ,donidDevelop,"Dolný Kubín","okres Námestovo",Námestovo,Polom
JusbqvfGHuD,"NajBývanie, s.r.o.",Ružomberok,"okres Martin",Martin,Priekopa
Juf6pNtbqh1,"RE/MAX Slovakia",Bratislava,"okres Martin",Martin,Stred
JuXFWi9ToVv,"HD reality group s.r.o","Banská Bystrica","okres Námestovo",Námestovo,NULL
Juc4p__s1-a,"Realitné kancelárie SR",Bratislava,"okres Žilina",Žilina,"Staré mesto"
JubH8PB1O7h,"Constario REALTY s.r.o.",Žilina,"okres Martin",Martin,Stred
JuIAvskne5z,"GERT , s.r.o.","Liptovský Mikuláš","okres Liptovský Mikuláš","Liptovský Mikuláš","Vrbica - Nábrežie"
JuPKK388ZCm,"SLNOVRAT, s.r.o.",Olešná,"okres Čadca",Staškov,Staškov
JumrPKthwP7,"ŽILINAREAL, s.r.o.",Žilina,"okres Bytča",Maršová-Rašov,Maršová-Rašov
JuewRpsuNGh,NULL,NULL,"okres Martin",Martin,Podháj
JuOCwlB4zqX,NULL,NULL,"okres Martin",Martin,Podháj
Juaxt90u-z9,"House Real Žilina",Žilina,"okres Bytča",Bytča,"Hliník nad Váhom"
JuU9JEZLTwi,"HALO reality, s.r.o.",Prievidza,"okres Turčianske Teplice",Turček,Turček
Ju6c9z03WhY,"Reality Center, s.r.o.",Martin,"okres Martin",Martin,Stred
JunIIQTPa44,"TATRA CITY RESIDENCE s. r. o.",Zvolen,"okres Liptovský Mikuláš","Liptovský Mikuláš","Staré mesto"
Juz4W9SDfoY,"RENOME REAL",Žilina,"okres Žilina",Žilina,Solinky
Ju5NSmHtePH,"TARGETreal s. r. o.",Žilina,"okres Martin",Martin,Záturčie
JuUaKO5dYge,"OREA, s.r.o.","Dolný Kubín","okres Dolný Kubín","Dolný Kubín",Stred
Ju6w7wQRZXw,"PhDr. Miloš Kocúr - BKM Consulting",Skalité,"okres Čadca",Oščadnica,Oščadnica
JupVQ9BHiZG,"Realitná kancelária RED, s.r.o.",Žilina,"okres Žilina",Žilina,Hliny
JueYWDVVrdd,"BeMi realitná kancelária",Nitra,"okres Námestovo",Mútne,Mútne
Ju9hEcnte9-,NULL,NULL,"okres Námestovo",Námestovo,Brehy
JuYML_WMLmL,"AstonReal s.r.o.","Banská Bystrica","okres Liptovský Mikuláš","Liptovský Mikuláš","Vrbica - Nábrežie"
JuInvssV5eE,"ODEKO manažment s.r.o.",Žilina,"okres Ružomberok",Ružomberok,Roveň
JuZ68DUQRpn,NULL,NULL,"okres Liptovský Mikuláš","Malé Borové","Malé Borové"
JupACoTE9Yo,"B10 Slovensko, a. s.",Žilina,"okres Martin",Martin,Košúty
Ju5bhE-1H2z,"DOMUM realitná spoločnosť s. r. o.","Nové Mesto nad Váhom","okres Ružomberok",Ružomberok,Hrabovo
Jukzit6pFoZ,"Constario REALTY s.r.o.",Žilina,"okres Martin",Martin,Stred
JuipAuQVd0x,"Reality Center, s.r.o.",Martin,"okres Martin",Martin,Záturčie
Ju12bwYQ7nT,"Reality ASTORIA, s.r.o.",Martin,"okres Martin",Martin,Záturčie
JudGtDjR-sv,"HALO reality, s.r.o.",Prievidza,"okres Liptovský Mikuláš","Liptovský Mikuláš","Staré mesto"
JuMuHR9ALAx,NULL,NULL,"okres Liptovský Mikuláš","Liptovský Hrádok",Prekážka
JubXkgOc5Vf,"Reality Alpia",Martin,"okres Liptovský Mikuláš","Liptovský Mikuláš",Demänová
JuykdgfJYfL,"Realitná kancelária RED, s.r.o.",Žilina,"okres Žilina",Žilina,Bytčica
JutR_NlarhR,"DreamReality s.r.o.",Žilina,"okres Žilina",Žilina,Bôrik
JuGMS7Q7AS7,"TATRA CITY RESIDENCE s. r. o.",Zvolen,"okres Liptovský Mikuláš","Liptovský Mikuláš","Staré mesto"
Juuzq73KdvI,"ROMDOM, s. r. o",Žilina,"okres Žilina",Žilina,Hliny
JuSGqC8nbbl,NULL,NULL,"okres Žilina",Žilina,Hliny
Ju6fwBTV6P6,"MGM reality",Žilina,"okres Žilina",Žilina,Bôrik
JuPaHBO-gez,"NajBývanie, s.r.o.",Ružomberok,"okres Martin",Martin,NULL
JupFlDUtQOE,NULL,NULL,"okres Žilina",Žilina,"Staré mesto"
JuoVsoGKe3I,"NajBývanie, s.r.o.",Ružomberok,"okres Ružomberok",Ružomberok,Roveň
JuYypAB3WNO,"Mgr. Nina Herčková, RSc.",Žilina,"okres Žilina",Žilina,Vlčince
JuZJo0wlRRU,donidDevelop,"Dolný Kubín","okres Ružomberok","Liptovská Teplá","Liptovská Teplá"
JuakfUC89nT,"Safe reality s. r. o.",Žilina,"okres Žilina",Žilina,Vlčince
JuwiNiRwZ-G,"Fortio Popper s.r.o.",Bytča,"okres Bytča",Bytča,"Veľká Bytča"
JuOFc-qmQAu,NULL,NULL,"okres Liptovský Mikuláš","Liptovský Mikuláš",Palúdzka
JuVMUFYMKhd,"Realitka pre každého",Žilina,"okres Žilina",Žilina,"Staré mesto"
JuWtaJ8gYmY,"Bosen Group s.r.o.",Bratislava,"okres Dolný Kubín","Dolný Kubín",Stred
Judqch1ikzy,"RIEŠIME BÝVANIE",Bratislava,"okres Tvrdošín",Nižná,Nižná
JumDGD_wH9E,"Bosen Group s.r.o.",Bratislava,"okres Žilina","Rajecké Teplice","Rajecké Teplice"
JuV9NY1IIlj,"ODEKO manažment s.r.o.",Žilina,"okres Ružomberok",Ružomberok,Roveň
Jutms5kvMoG,"TUreality s.r.o.",Žilina,"okres Martin",Martin,Stred
JuTcLcPMeUX,"ALT REAL, s.r.o.",Martin,"okres Martin",Vrútky,"Horné Vrútky"
Ju3fRh58rlQ,"OVERENÉ REALITY","Banská Bystrica","okres Liptovský Mikuláš","Liptovský Mikuláš","Vrbica - Nábrežie"
JuvBgKU_KI7,"Realitná kancelária RED, s.r.o.",Žilina,"okres Žilina",Žilina,"Staré mesto"
Jueqkk2FQTK,"DreamReality s.r.o.",Žilina,"okres Žilina",Žilina,Bôrik
JuMqUg0JlP-,"BB - REALITY,  s.r.o.","Banská Bystrica","okres Ružomberok",Ružomberok,"Staré mesto"
Jujum4J4wb2,"Reality ASTORIA, s.r.o.",Martin,"okres Martin",Martin,Ľadoveň
JuMQiZOnaxz,"Svoboda&Williams Slovakia s.r.o.",Bratislava,"okres Turčianske Teplice","Turčianske Teplice",Stred
JuhS38paEh6,"KORSO Project, s.r.o.",Žilina,"okres Žilina",Žilina,"Staré mesto"
Ju_1ltAlD0n,"XEMAR realitná spoločnosť s.r.o.","Banská Bystrica","okres Ružomberok",Bešeňová,Bešeňová
Ju6oo_vEaT-,"MK-CORP s.r.o.",Malacky,"okres Liptovský Mikuláš","Demänovská Dolina","Demänovská Dolina"
JuLxu_TUApX,"ODEKO manažment s.r.o.",Žilina,"okres Žilina",Žilina,Hájik
Ju72GUoSgLH,"Reinoo a.s.",Žilina,"okres Žilina",Žilina,Vlčince
Ju3VAHb4p44,"TUreality s.r.o.",Žilina,"okres Kysucké Nové Mesto","Kysucké Nové Mesto",Sídlisko
JuEI53pWqzW,"Reality Alpia",Martin,"okres Martin",Martin,Stred
JuxCreRo0qw,"Financial Hotels Management, s.r.o.",Žilina,"okres Žilina",Žilina,"Staré mesto"
JuzOH2MtpxX,"NajBývanie, s.r.o.",Ružomberok,"okres Martin",Martin,Sever
JuEDjVYN-JT,"Realitná kancelária RED, s.r.o.",Žilina,"okres Žilina",Žilina,Bytčica
JusqNW2Fg5o,"Direct Real, spol. s r.o.",Bratislava,"okres Liptovský Mikuláš","Pavčina Lehota","Pavčina Lehota"
JucJbLC42bG,"TARGETreal s. r. o.",Žilina,"okres Žilina",Žilina,Hájik
JupibY8fOsV,"RK4 REALITY",Bratislava,"okres Kysucké Nové Mesto","Horný Vadičov","Horný Vadičov"
JuoszPD854T,"TUreality s.r.o.",Žilina,"okres Liptovský Mikuláš","Liptovský Hrádok",Dovalovo
JumaaMybJmZ,"TARGETreal s. r. o.",Žilina,"okres Žilina",Žilina,Hájik
JuOxbo4pSSp,"TARGETreal s. r. o.",Žilina,"okres Žilina",Žilina,Vlčince
JudrbteyWzE,NULL,NULL,"okres Dolný Kubín","Dolný Kubín",Brezovec
JuoS3WYoWLk,"RK 38- Miroslav Antoška",Poprad,"okres Liptovský Mikuláš","Demänovská Dolina","Demänovská Dolina"
Ju9t-oEiYBZ,NULL,NULL,"okres Liptovský Mikuláš","Liptovský Hrádok",NULL
JubfQKHfr_c,"Vianema s.r.o.",Bratislava,"okres Martin",Valča,Valča
JuOC5yzde-c,"ŽILINAREAL, s.r.o.",Žilina,"okres Žilina","Rajecké Teplice","Rajecké Teplice"
JueYB6GvrEe,"Realitné kancelárie SR",Bratislava,"okres Žilina",Žilina,Hliny
JuinVbJn01k,"Reality Alpia",Martin,"okres Žilina",Žilina,Hájik
JurI-U1p2qQ,"XEMAR realitná spoločnosť s.r.o.","Banská Bystrica","okres Liptovský Mikuláš","Liptovský Mikuláš","Staré mesto"
JuhS9MQTC4v,"Realitná kancelária RED, s.r.o.",Žilina,"okres Žilina",Žilina,Vlčince
JuPLeekzh_5,"A-Byt Consult, s.r.o.",Ružomberok,"okres Ružomberok",Ružomberok,"Staré mesto"
JuG0JmIY6PQ,NULL,NULL,"okres Žilina",Žilina,Vlčince
JuTcgjCG15n,"B10 Slovensko, a. s.",Žilina,"okres Žilina",Žilina,Hájik
JucZiE4o7Os,"SLNOVRAT, s.r.o.",Olešná,"okres Čadca",Staškov,Staškov
JuudHQ4gWHh,"EASY centrum bývania, s.r.o.",Žilina,"okres Žilina",Žilina,"Staré mesto"
Ju1HQtU3BUR,"AstonReal s.r.o.","Banská Bystrica","okres Ružomberok",Ružomberok,"Staré mesto"
JuhRFtZO6yy,"Realitná kancelária RED, s.r.o.",Žilina,"okres Žilina",Žilina,"Staré mesto"
Ju300FaVEg0,"Ing. Gerlinda Bérešová - Esti",Žilina,"okres Čadca",Makov,Makov
JugoHMXehPQ,"HD reality group s.r.o","Banská Bystrica","okres Dolný Kubín","Dolný Kubín",Brezovec
JuOLK-0T1Mn,"RIEŠIME BÝVANIE",Bratislava,"okres Žilina",Žilina,"Staré mesto"
Ju5-9cSZw35,"ALT REAL, s.r.o.",Martin,"okres Martin",Martin,Stred
Ju75jE-v_Ti,"ALT REAL, s.r.o.",Martin,"okres Martin",Martin,Priekopa
JuDoM_pyCOY,"Reality ASTORIA, s.r.o.",Martin,"okres Martin",Sučany,Sučany
JujnVWbv0Ea,"Reality Simply",Martin,"okres Martin",Vrútky,"Horné Vrútky"
Ju0XKwDGI6a,"STAREA, s. r. o.",Žilina,"okres Žilina",Žilina,"Staré mesto"
Juu0CU0P8i0,"RE/MAX Slovakia",Bratislava,"okres Liptovský Mikuláš","Svätý Kríž","Svätý Kríž"
JuykAcnsUj0,"MGM reality",Žilina,"okres Žilina",Žilina,"Staré mesto"
JuaeBjYnlrd,"WFG reality, s.r.o.",Žilina,"okres Žilina",Žilina,"Staré mesto"
JuoaEOkD_KF,NULL,NULL,"okres Žilina",Žilina,"Staré mesto"
Jug2x-YuHAi,"WFG reality, s.r.o.",Žilina,"okres Žilina",Žilina,"Staré mesto"
JuFDFNeJqxq,"Reality D.P.A.",Martin,"okres Martin",Martin,Ľadoveň
Ju-CieQQxUN,"RESIDENCE realitná kancelária","Liptovský Mikuláš","okres Liptovský Mikuláš","Liptovský Mikuláš",Palúdzka
JuL6Lg1QL2c,"Realitná kancelária",Bratislava,"okres Martin",Martin,Priekopa
JutjYOCC9EK,"DreamReality s.r.o.",Žilina,"okres Žilina",Žilina,"Staré mesto"
JuawIhGVyvh,"BeMi realitná kancelária",Nitra,"okres Námestovo",Námestovo,Stred
JuE8s31Sl55,"TOCA, s.r.o. Realitná činnosť",Bytča,"okres Bytča",Bytča,Pšurnovice
JuJeYUPavsEk,"RESIDENCE realitná kancelária","Liptovský Mikuláš","okres Liptovský Mikuláš","Demänovská Dolina","Demänovská Dolina"
JuzuJS1LpbR,"Reality Alpia",Martin,"okres Žilina",Žilina,Hliny
JuQ4A208KjZ,"RESIDENCE realitná kancelária","Liptovský Mikuláš","okres Liptovský Mikuláš","Demänovská Dolina","Demänovská Dolina"
JuKlYZCt0j5,NULL,NULL,"okres Liptovský Mikuláš",Vlachy,Vlachy
JuFzBbUk-Xv,"RESIDENCE realitná kancelária","Liptovský Mikuláš","okres Liptovský Mikuláš","Demänovská Dolina","Demänovská Dolina"
JuGfQvKSzkr,"Reality Center, s.r.o.",Martin,"okres Martin",Martin,Záturčie
JuMq5sG1YBG,"MTS Reality, s.r.o.",Martin,"okres Martin",Martin,Košúty
JuzW5XpNDH7,liptoreal,"Liptovský Mikuláš","okres Liptovský Mikuláš","Liptovský Mikuláš",Demänová
Ju5SD8mmuUt,"Financial Hotels Management, s.r.o.",Žilina,"okres Žilina",Žilina,"Staré mesto"
JuL4Of85hI-,"Reality Alpia",Martin,"okres Liptovský Mikuláš","Liptovský Mikuláš",Demänová
JuSWGTnCZur,"MAX PROFI REALITY",Martin,"okres Martin",Martin,Košúty
JuWKKdSpysj,"RE/MAX Slovakia",Bratislava,"okres Liptovský Mikuláš","Liptovský Mikuláš",Demänová
JulmO4nyPV1,"Financie a reality od A po Z",Martin,"okres Martin",Martin,Priekopa
JuqHgAmAWwG,"Istrofinal, s. r. o.",Žilina,"okres Kysucké Nové Mesto","Kysucké Nové Mesto",Kamence
JuSXCvc_TgO,"Realitná kancelária",Bratislava,"okres Žilina",Žilina,Hájik
Ju-aCcpkFTl,"Istrofinal, s. r. o.",Žilina,"okres Kysucké Nové Mesto","Kysucké Nové Mesto",Kamence
JukgHXnk_FH,"Realitná kancelária",Bratislava,"okres Martin",Martin,Stred
JuppkYCT654,"TUreality s.r.o.",Žilina,"okres Martin",Martin,Stred
JuEvHi31Kuc,"Realitná kancelária RED, s.r.o.",Žilina,"okres Žilina",Žilina,"Staré mesto"
Julb0pINzt_,"Piata Avenue",Žilina,"okres Žilina",Žilina,Vlčince
JuQtjXuvBCs,"JPE. Reality - Jozef Pajer",Čadca,"okres Čadca",Turzovka,Stred
Ju0bNiistMRJ,"Realitná kancelária RED, s.r.o.",Žilina,"okres Bytča",Bytča,"Thurzove sady"
JueB0gAOmwn,"B10 Slovensko, a. s.",Žilina,"okres Žilina",Žilina,Hliny
Ju9UkKAGv88,"Realitná kancelária RED, s.r.o.",Žilina,"okres Žilina",Žilina,Vlčince
JujO1vhWS9Y,NULL,NULL,"okres Martin",Martin,Sever
Ju28v4oyz1R,NULL,NULL,"okres Kysucké Nové Mesto",Nesluša,Nesluša
JuemfCeEc7H,"ŽILINAREAL, s.r.o.",Žilina,"okres Žilina","Rajecké Teplice","Rajecké Teplice"
Ju4uaW2Y4yL,"DLUGO reality",Poprad,"okres Liptovský Mikuláš","Demänovská Dolina","Demänovská Dolina"
JuOBBX6-RMz,"TARGETreal s. r. o.",Žilina,"okres Martin",Martin,Stred
JuWIHesej0g,"MGM reality",Žilina,"okres Žilina",Žilina,"Staré mesto"
JuKnGrQfPf8P,"Realitná kancelária RED, s.r.o.",Žilina,"okres Žilina",Žilina,Bytčica
JuocwBv9B8E,"Realitná kancelária",Bratislava,"okres Žilina","Dlhé Pole","Dlhé Pole"
JuTk10X0x-i,Limaxreal,"Liptovský Mikuláš","okres Liptovský Mikuláš","Demänovská Dolina","Demänovská Dolina"
JuP28alhfCi,"B10 Slovensko, a. s.",Žilina,"okres Žilina",Žilina,Hliny
JuwnuvEmJ5E,"RK Dalmia s. r. o.","Dolný Kubín","okres Námestovo",Zubrohlava,Zubrohlava
JuFa19Ow0Dt,"Felicita Real s. r. o.",Martin,"okres Martin",Martin,Stred
JuCqI77KeMc,"Reality MT s.r.o.",Martin,"okres Martin",Turany,Turany
JueW1n9AoIx,"RENOME REAL",Žilina,"okres Žilina",Žilina,Závodie
JuH32c8NNad,"AstonReal s.r.o.","Banská Bystrica","okres Martin",Martin,Priekopa
JujhD3lGKSF,"JKV REAL",Prievidza,"okres Žilina",Žilina,Vlčince
JuwdAcDikt2,"Reality IQ, s.r.o.",Žilina,"okres Žilina",Žilina,Závodie
JuNwRfCAG1O,"CANGURU s.r.o.","Rajecké Teplice","okres Martin",Martin,Jahodníky
JuUgOGFJBDF,NULL,NULL,"okres Kysucké Nové Mesto","Kysucké Nové Mesto",Sídlisko
JuQwMUprpPT,"Realitná kancelária DOM",Žilina,"okres Kysucké Nové Mesto","Kysucké Nové Mesto",Sídlisko
JucEibGbMaV,"RK SPIRIT s.r.o.","Liptovský Mikuláš","okres Liptovský Mikuláš","Liptovský Mikuláš",Demänová
JuB4nMTbdT2,"bezmaklérov, s.r.o.",Žilina,"okres Námestovo",Vavrečka,Vavrečka
Juc7SyZSucw0,"United Professionals s.r.o.",Bratislava,"okres Liptovský Mikuláš","Demänovská Dolina","Demänovská Dolina"
JuktwYpm4CV,"Buby reality, s.r.o.",Žilina,"okres Martin",Martin,Záturčie
Juszi7YaqvT,"A-Byt Consult, s.r.o.",Ružomberok,"okres Ružomberok",Ružomberok,NULL
Ju8T6cE3M46O,"ARCHEUS Partners a.s.",Bratislava,"okres Ružomberok",Ružomberok,Hrabovo
JujjF4h9vha,NULL,NULL,"okres Martin",Martin,Stred
Ju6ic7zNy9_,"Safe reality s. r. o.",Žilina,"okres Žilina","Lietavská Lúčka","Lietavská Lúčka"
JuMCWySZsct,"Reinoo a.s.",Žilina,"okres Žilina",Žilina,Vlčince
JuRdV1LIJPu,"AstonReal s.r.o.","Banská Bystrica","okres Liptovský Mikuláš","Liptovský Mikuláš","Staré mesto"
Ju0_qpYyImE,"KA Real","Banská Bystrica","okres Liptovský Mikuláš","Liptovský Mikuláš","Staré mesto"
JuQo0PP1022,"Reinoo a.s.",Žilina,"okres Žilina",Žilina,Vlčince
Ju8w7xSU6tn,"MENS s. r. o.",Žilina,"okres Žilina",Žilina,Bôrik
JuUPYByvH-3,"KORSO Project, s.r.o.",Žilina,"okres Žilina",Žilina,"Staré mesto"
Ju8gkOV9Ua-,"RK SPIRIT s.r.o.","Liptovský Mikuláš","okres Ružomberok",Bešeňová,Bešeňová
JudjVeywOJE,"AstonReal s.r.o.","Banská Bystrica","okres Martin",Martin,Sever
JuMOG3S1mHU,"Reality AK, spol. s r.o.",Martin,"okres Martin",Martin,Tomčany
JuGHqD4k0Bi,"B10 Slovensko, a. s.",Žilina,"okres Čadca",Čadca,Kyčerka
JuirbsBqAtw,"Realitná kancelária",Bratislava,"okres Martin",Lipovec,Lipovec
JuX6bDcbxKm,"Reality ASTORIA, s.r.o.",Martin,"okres Martin",Martin,Stred
JuO5mITkYRm,"Direct Real, spol. s r.o.",Bratislava,"okres Kysucké Nové Mesto","Kysucké Nové Mesto",Sídlisko
JuT8T2mhbPp,"RE/MAX Slovakia",Bratislava,"okres Martin",Martin,Stred
JuRBfIzNbvG,"RESIDENCE realitná kancelária","Liptovský Mikuláš","okres Liptovský Mikuláš","Demänovská Dolina","Demänovská Dolina"
Juvh354emFK,"Safe reality s. r. o.",Žilina,"okres Žilina",Žilina,"Staré mesto"
JugK_iVZsVR,"OVERENÉ REALITY","Banská Bystrica","okres Ružomberok",Ružomberok,Baničné
JuCzDBx82gn,"BeMi realitná kancelária",Nitra,"okres Ružomberok",Ružomberok,"Staré mesto"
JuwR10kFsHB,"Renovo Reality",Žilina,"okres Žilina",Žilina,Vlčince
Juo-BgN_Y9D,"Bosen Group s.r.o.",Bratislava,"okres Liptovský Mikuláš","Liptovský Mikuláš","Liptovská Ondrašová"
JuzTIfdr-oi,"Realitná kancelária RED, s.r.o.",Žilina,"okres Žilina",Žilina,"Staré mesto"
JuY2fWI7qOb,"CANGURU s.r.o.","Rajecké Teplice","okres Martin",Martin,Priekopa
JukBksFoVDN,"Domovia s. r. o.",Bratislava,"okres Ružomberok",Ružomberok,Hrabovo
JuZiQf_R1fN,"Realitná kancelária RED, s.r.o.",Žilina,"okres Žilina",Divina,Divina
JuarCLPx8dZ,"RESIDENCE realitná kancelária","Liptovský Mikuláš","okres Liptovský Mikuláš","Liptovský Mikuláš","Staré mesto"
JuyhufYl9nJ,"StorkReal s. r. o.","Rajecká Lesná","okres Žilina",Ďurčiná,Ďurčiná
JuICDmblLAV,"AstonReal s.r.o.","Banská Bystrica","okres Liptovský Mikuláš","Liptovský Mikuláš","Vrbica - Nábrežie"
JulVRQnK87Q,"BeMi realitná kancelária",Nitra,"okres Čadca",Čadca,Kyčerka
JugCrJ6aqt6,G-REAL,"Liptovský Mikuláš","okres Liptovský Mikuláš","Demänovská Dolina","Demänovská Dolina"
Juq3lnZLMdJ,"REALITY SPOLU",Bratislava,"okres Žilina",Žilina,Závodie
JuNgKsGWJb_,"MENS s. r. o.",Žilina,"okres Žilina",Žilina,Vlčince
JuFOaiRGATh,"ODEKO manažment s.r.o.",Žilina,"okres Ružomberok",Ružomberok,Roveň
Juqh8kAz6Ws,"HALO reality, s.r.o.",Prievidza,"okres Liptovský Mikuláš",Dúbrava,Dúbrava
JuIgXokL5hc,"Like Reality s.r.o.","Považská Bystrica","okres Martin",Martin,Priekopa
JuD6R0F6XVX,"TUreality s.r.o.",Žilina,"okres Martin",Sučany,Sučany
JuG8ggFzvSj,"R2 SK, s.r.o.",Žilina,"okres Žilina",Žilina,"Staré mesto"
JuSh4rLdnzP,"WFG reality, s.r.o.",Žilina,"okres Žilina",Žilina,"Staré mesto"
JuiOse4gKiU,"RK SPIRIT s.r.o.","Liptovský Mikuláš","okres Liptovský Mikuláš","Liptovský Hrádok",Celiny
JuRMVAMTIbE,"RexDeco s.r.o.",Přerov,"okres Liptovský Mikuláš","Demänovská Dolina","Demänovská Dolina"
JuxasD7Z9Ys,"ALT REAL, s.r.o.",Martin,"okres Martin",Martin,Stred
Ju0CrnhCGrs,"MGM reality",Žilina,"okres Žilina",Žilina,"Staré mesto"
JuwgpofL0aK,NULL,NULL,"okres Námestovo",Námestovo,NULL
JudY9Gw22hd,"ODEKO manažment s.r.o.",Žilina,"okres Ružomberok",Ružomberok,Baničné
JuKkQSr7yLI,"TUreality s.r.o.",Žilina,"okres Martin",Martin,Košúty
JumCrfhYhfV,"RESIDENCE realitná kancelária","Liptovský Mikuláš","okres Liptovský Mikuláš","Demänovská Dolina","Demänovská Dolina"
Ju5L8AAHtJp,"TUreality s.r.o.",Žilina,"okres Martin",Martin,Stred
Ju46o5YnbQR,"XEMAR realitná spoločnosť s.r.o.","Banská Bystrica","okres Ružomberok",Bešeňová,Bešeňová
JuAZvxGvcMl,"Realitné kancelárie SR",Bratislava,"okres Žilina",Žilina,"Staré mesto"
JuU-rP3IJ1-,"WFG reality, s.r.o.",Žilina,"okres Žilina",Žilina,"Staré mesto"
Juo8hsv1xWR,"Realitné kancelárie SR",Bratislava,"okres Martin",Valča,Valča
JukVF1PHUJU,"Reality Center, s.r.o.",Martin,"okres Martin",Martin,Záturčie
JuaD4qSzRhl,NULL,NULL,"okres Žilina","Dolný Hričov","Dolný Hričov"
JuVuoYcJToJ,"B10 Slovensko, a. s.",Žilina,"okres Žilina",Žilina,Vlčince
JuXBGzjsqRS,NULL,NULL,"okres Bytča",Bytča,"Thurzove sady"
JuqRHR8iBLi,"Reality IQ, s.r.o.",Žilina,"okres Čadca","Krásno nad Kysucou",Stred
JuDHzNZw0-F,"Reality Alpia",Martin,"okres Martin",Martin,Priekopa
Jugh-H3CM-c,"BeMi realitná kancelária",Nitra,"okres Námestovo",Mútne,Mútne
Ju_mO5F1KAW,NULL,NULL,"okres Žilina",Žilina,"Staré mesto"
JuRHCARxbUa,"Buby reality, s.r.o.",Žilina,"okres Martin",Martin,Stred
JuY6ZkaPSRF,"OREA, s.r.o.","Dolný Kubín","okres Ružomberok",Bešeňová,Bešeňová
JuG5b3bSJJl,"LIF REAL",Martin,"okres Martin",Martin,Podháj
Juatx6SLjDH,"FINREA - ak vám záleží na výsledku","Dolný Kubín","okres Dolný Kubín","Dolný Kubín","Veľký Bysterec"
Ju3IaCCie7D,"Reality Alpia",Martin,"okres Martin",Martin,Ľadoveň
Ju7pt9GBh0f,"Reality Alpia",Martin,"okres Martin",Martin,Ľadoveň
JuYxNvuFp4O,"RE/MAX Slovakia",Bratislava,"okres Liptovský Mikuláš",Bobrovník,Bobrovník
Ju2F2PEA16h,"RESIDENCE realitná kancelária","Liptovský Mikuláš","okres Ružomberok",Bešeňová,Bešeňová
JugymUldnU-,"Realitná kancelária",Bratislava,"okres Martin",Sučany,Sučany
Justu1hySer,"Realitná kancelária DOM",Žilina,"okres Čadca",Makov,Makov
JurZTuUssP0,"TOCA, s.r.o. Realitná činnosť",Bytča,"okres Bytča",Bytča,"Hliník nad Váhom"
JutFw8pKjMj,"WFG reality, s.r.o.",Žilina,"okres Kysucké Nové Mesto",Lodno,Lodno
JuKW3SQ8Df4,"1. Reality Rent, s.r.o.",Žilina,"okres Čadca",Makov,Makov
JulChkHGviO,"Realitná sieť UPgreat",Šamorín,"okres Čadca",Radôstka,Radôstka
Ju4fcPQtwwm,"Realitné kancelárie SR",Bratislava,"okres Žilina",Žilina,"Mojšová Lúčka"
JuODbu2kNkQ,"RES GROUP, s.r.o.",Žilina,"okres Martin",Slovany,Slovany
JuLJB10v5yK,"TUreality s.r.o.",Žilina,"okres Žilina",Žilina,Trnové
Ju2gistO4oo,"Realitná kancelária",Bratislava,"okres Martin",Martin,Priekopa
JuDeBj46p9m,"TARGETreal s. r. o.",Žilina,"okres Turčianske Teplice","Turčianske Teplice",Stred
JubUhU28foO,"Reality Alpia",Martin,"okres Kysucké Nové Mesto",Rudinská,Rudinská
JuSsCe7WLb6P,"Reality Alpia",Martin,"okres Ružomberok","Liptovské Revúce","Liptovské Revúce"
JuB2SVYi89D,"1. Reality Rent, s.r.o.",Žilina,"okres Žilina","Rajecká Lesná","Rajecká Lesná"
JuO8b3FD9Ii,"RECLOUD Reality a.s.",Bratislava,"okres Liptovský Mikuláš","Liptovská Sielnica","Liptovská Sielnica"
Ju30CSFlSqq,"Realitné kancelárie SR",Bratislava,"okres Martin",Martin,Stred
JuLk2inqSKl,"REALITY SPOLU",Bratislava,"okres Ružomberok",Bešeňová,Bešeňová
JuYNloJYOdw,"Reality MT s.r.o.",Martin,"okres Martin",Príbovce,Príbovce
JuzM9_Wad8Q,"Realitná kancelária",Bratislava,"okres Žilina",Žilina,"Považský Chlmec"
JurM0RjMVTd,NULL,NULL,"okres Liptovský Mikuláš","Liptovské Beharovce","Liptovské Beharovce"
Jus9K8u_7WI,"VICTORY REALITY Residence s. r. o.","Banská Bystrica","okres Námestovo",Vavrečka,Vavrečka
JulZg30zNO8,"AstonReal s.r.o.","Banská Bystrica","okres Žilina","Lietavská Lúčka","Lietavská Lúčka"
JuJjPVMhkUw,"Georgi Conev",Žilina,"okres Martin",Martin,Priekopa
JudQy8A1FLU,"Pro Real, s. r. o. realitná kancelária",Žilina,"okres Kysucké Nové Mesto",Ochodnica,Ochodnica
Ju1eOtgzhMF,"TARGETreal s. r. o.",Žilina,"okres Bytča","Veľké Rovné","Veľké Rovné"
Jui4dVLb9Ci,"Reality AK, spol. s r.o.",Martin,"okres Martin","Kláštor pod Znievom","Kláštor pod Znievom"
JuC8my3kfcD,"Romantické Chalupy, s.r.o.",Bratislava,"okres Liptovský Mikuláš","Demänovská Dolina","Demänovská Dolina"
JultKoQUF1n,"Reality Alpia",Martin,"okres Martin",Valča,Valča
JuSbYhRyin-,"Mamud Reality s. r. o.",Žilina,"okres Žilina","Teplička nad Váhom","Teplička nad Váhom"
JucbDZIqH5K,"OREA, s.r.o.","Dolný Kubín","okres Dolný Kubín","Medzibrodie nad Oravou","Medzibrodie nad Oravou"
JuTe9xTBEze,"EASY centrum bývania, s.r.o.",Žilina,"okres Žilina","Rajecké Teplice","Rajecké Teplice"
Ju9jNRRDueP,"TUreality s.r.o.",Žilina,"okres Liptovský Mikuláš","Liptovský Ján","Liptovský Ján"
Ju7QtyDiguT,"KRUPPKY, s.r.o.","Liptovský Mikuláš","okres Liptovský Mikuláš","Liptovský Trnovec","Liptovský Trnovec"
Ju8LEFRICza,donidDevelop,"Dolný Kubín","okres Liptovský Mikuláš","Liptovský Mikuláš","Vrbica - Nábrežie"
JuCFEhTrJgF,"Real Estate Group4U","Považská Bystrica","okres Žilina","Lietavská Svinná-Babkov","Lietavská Svinná-Babkov"
Juec1wGmCc3,"RIEŠIME BÝVANIE",Bratislava,"okres Žilina","Veľká Čierna","Veľká Čierna"
JucEPDkzxLE,"HALO reality, s.r.o.",Prievidza,"okres Liptovský Mikuláš","Liptovský Hrádok",Dovalovo
JuLVnnHvRdJ,"Reality IQ, s.r.o.",Žilina,"okres Martin",Daňová,Ďanová
JuxpGt9B3Fh,"CreeX Reality s.r.o.",Trnava,"okres Martin",Príbovce,Príbovce
Ju3Q6cuW_-I,"RE/MAX Slovakia",Bratislava,"okres Ružomberok","Liptovské Revúce","Liptovské Revúce"
Jul9YtuXJRu,"FISCHER & PARTNERS, s.r.o.",Ružomberok,"okres Ružomberok",Ružomberok,Baničné
Jukf6G0DA_c,"B10 Slovensko, a. s.",Žilina,"okres Bytča",Bytča,"Veľká Bytča"
JurJNQloNhD,"BR ACADEMY, s. r. o.","Kysucké Nové Mesto","okres Kysucké Nové Mesto",Radoľa,Radoľa
JuDIjw5Cu2m,"FINREA - ak vám záleží na výsledku","Dolný Kubín","okres Turčianske Teplice","Slovenské Pravno","Slovenské Pravno"
Jula1jRu3yY,"Realitná kancelária RED, s.r.o.",Žilina,"okres Žilina","Dolný Hričov","Dolný Hričov"
Ju_HmYYnmau,"ALT REAL, s.r.o.",Martin,"okres Martin",Martin,Stred
Juoe47l29P7,"R2 SK, s.r.o.",Žilina,"okres Žilina",Žilina,Trnové
Ju00Y-txNcF,"TUreality s.r.o.",Žilina,"okres Liptovský Mikuláš",Pribylina,Pribylina
Ju9Co1t0hDa,"Direct Real, spol. s r.o.",Bratislava,"okres Žilina",Porúbka,Porúbka
Ju4LWhuX-Wj,"TUreality s.r.o.",Žilina,"okres Ružomberok",Ružomberok,"Biely Potok"
Ju6imjQhc-A,"Realitná kancelária",Bratislava,"okres Liptovský Mikuláš",Pribylina,Pribylina
Ju8NNuGE6Yk,"Reality MT s.r.o.",Martin,"okres Martin","Turčiansky Peter","Turčiansky Peter"
Jubn7zHTz__,"RK Dalmia s. r. o.","Dolný Kubín","okres Tvrdošín",Nižná,Nižná
JuqnxCpkC06,"Georgi Conev",Žilina,"okres Dolný Kubín","Oravská Poruba","Oravská Poruba"
Juic0vZirTi,"Reality Alpia",Martin,"okres Martin",Martin,Stred
Ju1Ow9ypb4x,NULL,NULL,"okres Námestovo","Oravská Lesná","Oravská Lesná"
JuS8ciWyKMi,"RE/MAX Slovakia",Bratislava,"okres Ružomberok",Ružomberok,"Staré mesto"
JubTPdj-awZ,"Reality MT s.r.o.",Martin,"okres Turčianske Teplice",Budiš,Budiš
JuwyMSYxoql,"Buby reality, s.r.o.",Žilina,"okres Žilina","Dolný Hričov","Dolný Hričov"
JuGIhhHbPqD,"TUreality s.r.o.",Žilina,"okres Turčianske Teplice","Malý Čepčín","Malý Čepčín"
JuxiHYI3lEP,"Realitná kancelária RED, s.r.o.",Žilina,"okres Žilina",Bitarová,Bitarová
JuS_u3LjF53,"TARGETreal s. r. o.",Žilina,"okres Martin",Martin,Stráne
JuIAC6P7EYu,"TUreality s.r.o.",Žilina,"okres Dolný Kubín",Párnica,Párnica
JubCxmg2ZUA,RealityOne,Bratislava,"okres Čadca",Oščadnica,Oščadnica
JuSi1nzOb00,"DRR INVEST, s. r. o.","Horný Hričov","okres Kysucké Nové Mesto","Horný Vadičov","Horný Vadičov"
JuwBtG9o2r1,"SLNOVRAT, s.r.o.",Olešná,"okres Čadca","Nová Bystrica","Nová Bystrica"
JuN_zFqT9wt,"Reality MT s.r.o.",Martin,"okres Martin","Turčianska Štiavnička","Turčianska Štiavnička"
JuR8Ev-aWaZ,"Like Reality s.r.o.","Považská Bystrica","okres Martin",Sučany,Sučany
JuJogxACsrH,"BeMi realitná kancelária",Nitra,"okres Čadca","Stará Bystrica","Stará Bystrica"
JuZBjxQ80zt,"FISCHER & PARTNERS, s.r.o.",Ružomberok,"okres Ružomberok",Ružomberok,"Pod Skalami"
JuGyarQH5Tu,"Reality Center, s.r.o.",Martin,"okres Martin",Žabokreky,Žabokreky
JusX_sL1pCY,"Reality Alpia",Martin,"okres Ružomberok",Ružomberok,Baničné
JuMReNzFrmm,"KOSIBA reality s.r.o.",Bernolákovo,"okres Ružomberok","Liptovské Revúce","Liptovské Revúce"
JufUCJs2WIN,"ŽILINAREAL, s.r.o.",Žilina,"okres Martin","Košťany nad Turcom","Košťany nad Turcom"
JuApxJ94ky1,"Prom Real",Pezinok,"okres Martin",Trebostovo,Trebostovo
JuViiwQVAc8,"TUreality s.r.o.",Žilina,"okres Martin",Vrútky,"Karvaša a Bláhovca"
Ju7iLKVUgMi,"Reality AK, spol. s r.o.",Martin,"okres Martin",Valča,Valča
Ju_j96JYJ3R,"B10 Slovensko, a. s.",Žilina,"okres Žilina",Stráňavy,Stráňavy
JuacBqltuem,"Reality Alpia",Martin,"okres Žilina","Teplička nad Váhom","Teplička nad Váhom"
Ju5jLRFNJLG,"Realitná kancelária RED, s.r.o.",Žilina,"okres Bytča",Bytča,"Hliník nad Váhom"
JuzhCWgXTbr,"TUreality s.r.o.",Žilina,"okres Žilina",Gbeľany,Gbeľany
Ju7pOpcYmHI,"TARGETreal s. r. o.",Žilina,"okres Žilina",Podhorie,Podhorie
Jueg5nyRwtD,"Reality Alpia",Martin,"okres Žilina",Terchová,Terchová
Jua2IIfvhoU,"Reality Alpia",Martin,"okres Martin",Vrútky,"Karvaša a Bláhovca"
Juq1uzcK3Zo,"Reality MT s.r.o.",Martin,"okres Turčianske Teplice",Mošovce,Mošovce
JuwSpmc62PT,"RE/MAX Slovakia",Bratislava,"okres Žilina",Lysica,Lysica
Jue8D9Iu4Hk,"U9, a.s.",Bratislava,"okres Martin",Martin,Podháj
JuPi43juw_9,"Trioreality, s.r.o.",Čadca,"okres Čadca",Oščadnica,Oščadnica
JuIasSYB1E7,"Reality MT s.r.o.",Martin,"okres Martin","Dolný Kalník","Dolný Kalník"
JuE3k8ViQWV,"Reality IQ, s.r.o.",Žilina,"okres Žilina",Žilina,Trnové
JurU1U7jogn,"LIF REAL",Martin,"okres Martin",Vrútky,"Dolné Vrútky"
Ju_X-eauvqo,"RES GROUP, s.r.o.",Žilina,"okres Kysucké Nové Mesto","Lopušné Pažite","Lopušné Pažite"
Ju3rTqNsM-F,"GERT , s.r.o.","Liptovský Mikuláš","okres Liptovský Mikuláš","Liptovský Mikuláš","Staré mesto"
JuOWl6BKLUg,"Direct Real, spol. s r.o.",Bratislava,"okres Čadca",Staškov,Staškov
JuJKCTa_I_C,"B10 Slovensko, a. s.",Žilina,"okres Martin",Belá-Dulice,Belá-Dulice
JuV4X4JdJ77,"Reality MT s.r.o.",Martin,"okres Turčianske Teplice","Turčianske Teplice","Turčiansky Michal"
JujjP_MAirA,"FINREA - ak vám záleží na výsledku","Dolný Kubín","okres Dolný Kubín","Dolný Kubín",Mokraď
JueY97MJhb3,"TOP Living s.r.o.","Banská Bystrica","okres Žilina",Žilina,"Malá Praha"
JuEYMzmIY0N,"Romantické Chalupy, s.r.o.",Bratislava,"okres Turčianske Teplice","Horná Štubňa","Horná Štubňa"
JubZoYrfSp9,"Ing. Gerlinda Bérešová - Esti",Žilina,"okres Žilina",Žilina,Bánová
JuNCU6i77yo,"Reality MT s.r.o.",Martin,"okres Martin",Sučany,Sučany
Jui2H8Mq_jX,"RECLOUD Reality a.s.",Bratislava,"okres Liptovský Mikuláš",Prosiek,Prosiek
JuhR8_uiRxX,"VAŠA REALITKA s.r.o.",Ružomberok,"okres Ružomberok",Komjatná,Komjatná
JuOitn_WAgJ,"OVERENÉ REALITY","Banská Bystrica","okres Liptovský Mikuláš","Veľké Borové","Veľké Borové"
JueomUxUD_x,"BeMi realitná kancelária",Nitra,"okres Kysucké Nové Mesto","Lopušné Pažite","Lopušné Pažite"
JuIa9S8sGpG,"RIEŠIME BÝVANIE",Bratislava,"okres Žilina",Žilina,Trnové
JuhybejcNce,"TUreality s.r.o.",Žilina,"okres Žilina",Žilina,"Staré mesto"
JudjXQh6SyX,"BeMi realitná kancelária",Nitra,"okres Ružomberok",Stankovany,Stankovany
JujhU5M-jAg,"Realitné kancelárie SR",Bratislava,"okres Martin",Bystrička,Bystrička
JudzDOvNunu,"Reality Alpia",Martin,"okres Martin",Martin,"Kolónia Hviezda"
JuqIXurDwQ_,"RES GROUP, s.r.o.",Žilina,"okres Žilina",Turie,Turie
Ju-2w5wgukg,"HALO reality, s.r.o.",Prievidza,"okres Liptovský Mikuláš","Partizánska Ľupča","Partizánska Ľupča"
Ju4X02ZQGPa,"BeMi realitná kancelária",Nitra,"okres Kysucké Nové Mesto",Snežnica,Snežnica
JuPdbj_I7Hc,NULL,NULL,"okres Ružomberok",Ružomberok,Černová
JuEHqE5JgWy,NULL,NULL,"okres Tvrdošín",Zábiedovo,Zábiedovo
Ju88y75X0Gs,"IVANING, s. r. o.",Ružomberok,"okres Ružomberok",Ružomberok,"Biely Potok"
JukLj5VG39M,"Real Estate Group4U","Považská Bystrica","okres Žilina","Rajecká Lesná","Rajecká Lesná"
Ju3I_NXNtd2,NULL,NULL,"okres Turčianske Teplice","Turčianske Teplice","Turčiansky Michal"
Ju0TAHkXz3F,"Realitná kancelária RED, s.r.o.",Žilina,"okres Žilina",Mojš,Mojš
JujeHqSaOD9,"MGM reality",Žilina,"okres Kysucké Nové Mesto",Rudinská,Rudinská
JumkXTsGPeO,"RES GROUP, s.r.o.",Žilina,"okres Martin",Necpaly,Necpaly
JuhK758b38X,"Real Estate Group4U","Považská Bystrica","okres Žilina",Divina,Divina
Ju2mmFeZCca,"Realitná kancelária RED, s.r.o.",Žilina,"okres Žilina",Žilina,Hliny
Ju_D1IbOI5l,"RK SPIRIT s.r.o.","Liptovský Mikuláš","okres Liptovský Mikuláš","Závažná Poruba","Závažná Poruba"
JucYnfxB91V,"Good Reality s.r.o.",Rovinka,"okres Ružomberok","Liptovské Sliače","Liptovské Sliače"
JufRC9onHuL,"Arvin & Benet",Bratislava,"okres Čadca",Oščadnica,Oščadnica
JuvbAAJAVQ8,"TARGETreal s. r. o.",Žilina,"okres Turčianske Teplice","Turčianske Teplice",Stred
Ju5R8pDPeWZ,"ALT REAL, s.r.o.",Martin,"okres Martin",Martin,"Kolónia Hviezda"
Ju6HLriDjfB,"ALT REAL, s.r.o.",Martin,"okres Ružomberok","Liptovská Štiavnica","Liptovská Štiavnica"
Ju7mrdPR_cn,"RIEŠIME BÝVANIE",Bratislava,"okres Bytča",Štiavnik,Štiavnik
Ju-2YZ37zxt,liptoreal,"Liptovský Mikuláš","okres Liptovský Mikuláš",Važec,Važec
Ju1cp4Zdad9,donidDevelop,"Dolný Kubín","okres Ružomberok","Liptovské Sliače","Liptovské Sliače"
JuImZsLhUXIL,"BeMi realitná kancelária",Nitra,"okres Čadca",Skalité,Skalité
JulXcIcccXx,"Wealth Group, s.r.o.","Nová Dedinka","okres Martin",Valča,Valča
Ju2sBY5BIo1,"RIEŠIME BÝVANIE",Bratislava,"okres Žilina",Mojš,Mojš
JuE7_yY48hp,"Romantické Chalupy, s.r.o.",Bratislava,"okres Liptovský Mikuláš","Liptovská Kokava","Liptovská Kokava"
JutBfeFBhgA,"Winners Reality Slovakia, s.r.o.",Bratislava,"okres Dolný Kubín",Osádka,Osádka
JuZhO-rErgT,"SLNOVRAT, s.r.o.",Olešná,"okres Čadca","Vysoká nad Kysucou","Vysoká nad Kysucou"
JuDTlIGxbmz,"PRIMA reality s.r.o.",Žilina,"okres Kysucké Nové Mesto","Horný Vadičov","Horný Vadičov"
JuOha8XJ-eZ,"Reality ASTORIA, s.r.o.",Martin,"okres Martin",Vrútky,"Karvaša a Bláhovca"
Ju2EG21S4h4,"RK SPIRIT s.r.o.","Liptovský Mikuláš","okres Liptovský Mikuláš",Bobrovník,Bobrovník
Jum5hTEjQIq,"Reality Alpia",Martin,"okres Turčianske Teplice","Turčianske Teplice",Stred
JuG-bGr9or0,"Reality Alpia",Martin,"okres Martin",Martin,Stráne
JumII_lj6i4,"TARGETreal s. r. o.",Žilina,"okres Žilina",Svederník,Svederník
JunpOFmuQsM,"1. Reality Rent, s.r.o.",Žilina,"okres Čadca",Makov,Makov
JuPk491VBKN,"TARGETreal s. r. o.",Žilina,"okres Žilina",Stráňavy,Stráňavy
JuaDU5eWN9y,"ADH-REAL s.r.o. Hirjaková Adriana",Ovčiarsko,"okres Čadca","Stará Bystrica","Stará Bystrica"
JumPsboVI0c,"Vianema s.r.o.",Bratislava,"okres Kysucké Nové Mesto","Horný Vadičov","Horný Vadičov"
JucsRg9RieN,"Reality ASTORIA, s.r.o.",Martin,"okres Martin",Martin,Priekopa
JuM4P4vy0RV,"IDEÁLNE BÝVANIE, s.r.o.",Žilina,"okres Žilina",Žilina,"Žilinská Lehota"
JufSen-CtV2,"Realitná kancelária",Bratislava,"okres Martin","Kláštor pod Znievom","Kláštor pod Znievom"
Ju2TFOMHJIO,"Piata Avenue",Žilina,"okres Martin",Lipovec,Lipovec
JuUMimgiwBf,"HALO reality, s.r.o.",Prievidza,"okres Kysucké Nové Mesto","Kysucké Nové Mesto","Budatínska Lehota"
Jukz4cqoQIH,"SIERA realitná kancelária s.r.o.",Trnava,"okres Čadca",Makov,Makov
JuKIg369MuS,"TUreality s.r.o.",Žilina,"okres Liptovský Mikuláš",Bukovina,Bukovina
JuBqrsBTBJs,"ALT REAL, s.r.o.",Martin,"okres Ružomberok",Ružomberok,"Staré mesto"
JuVsKCgx10t,"Realitná kancelária",Bratislava,"okres Žilina",Višňové,Višňové
Ju39WLkWIa0,"Piata Avenue",Žilina,"okres Martin","Turčiansky Peter","Turčiansky Peter"
JuYakCSM7Er,"RES GROUP, s.r.o.",Žilina,"okres Turčianske Teplice",Háj,Háj
JuNQro8eb1w,"BV REAL PD, s.r.o.",Prievidza,"okres Turčianske Teplice",Turček,Turček
Ju9aPEa8o9x,"Direct Real, spol. s r.o.",Bratislava,"okres Liptovský Mikuláš","Liptovská Sielnica","Liptovská Sielnica"
Jusa_KVAuJ7,"JPE. Reality - Jozef Pajer",Čadca,"okres Čadca",Svrčinovec,Svrčinovec
Jupd__eIrfW,"Romantické Chalupy, s.r.o.",Bratislava,"okres Martin",Vrútky,"Karvaša a Bláhovca"
Ju419iKir6V,"AstonReal s.r.o.","Banská Bystrica","okres Liptovský Mikuláš","Liptovský Mikuláš","Liptovská Ondrašová"
JuVNXqUSw6h,"FatraReal s. r. o.",Ružomberok,"okres Ružomberok",Ružomberok,"Staré mesto"
Ju0JlS9gfjG,"RES GROUP, s.r.o.",Žilina,"okres Žilina",Turie,Turie
JuV0_j6OG4Q,"RES GROUP, s.r.o.",Žilina,"okres Čadca","Stará Bystrica","Stará Bystrica"
JuE4imxVWwa,"Real Estate Group4U","Považská Bystrica","okres Žilina",Žilina,Budatín
Juoa-Iz2VRV,"1. Reality Rent, s.r.o.",Žilina,"okres Čadca",Olešná,Olešná
JuNQtFNCOxb,"Direct Real, spol. s r.o.",Bratislava,"okres Liptovský Mikuláš","Uhorská Ves","Uhorská Ves"
JuEW0eTR9MG,"RENOME REAL",Žilina,"okres Žilina",Žilina,"Staré mesto"
Ju7atSyCG1P,"ADH-REAL s.r.o. Hirjaková Adriana",Ovčiarsko,"okres Žilina",Žilina,Bytčica
JuvIyu9zHe0,"TOCA, s.r.o. Realitná činnosť",Bytča,"okres Bytča",Bytča,"Hliník nad Váhom"
Ju23oRXuRNw,"HOLESTIAK.sk reality s.r.o.",Čadca,"okres Čadca",Čadca,Horelica
JudhN1eg-Z1,"TUreality s.r.o.",Žilina,"okres Liptovský Mikuláš","Liptovský Mikuláš",Demänová
Ju9kLci6QHU,"TUreality s.r.o.",Žilina,"okres Liptovský Mikuláš","Liptovská Porúbka","Liptovská Porúbka"
JuUeAjh6h4i,"REALITY SPOLU",Bratislava,"okres Ružomberok",Ružomberok,Gejdák
JuddrVo_6K8,"TUreality s.r.o.",Žilina,"okres Tvrdošín",Zábiedovo,Zábiedovo
JuiyJgEkcp7,NULL,NULL,"okres Dolný Kubín",Veličná,Veličná
JuP7ORLd_oZ,"Realitné kancelárie SR",Bratislava,"okres Žilina",Svederník,Svederník
JubSXyHD9FS,"MGM reality",Žilina,"okres Žilina",Bitarová,Bitarová
Ju2bFduldFu,"MGM reality",Žilina,"okres Žilina",Žilina,"Staré mesto"
JueNBBfFeD4,"TARGETreal s. r. o.",Žilina,"okres Žilina",Varín,Varín
Ju9gt_dtFmu,"Piata Avenue",Žilina,"okres Martin","Turčiansky Peter","Turčiansky Peter"
JuCx5OqxogO,"AnoReal, s.r.o.",Stráňavy,"okres Žilina",Rajec,Rajec
JugBNFAg1HA,"NajBývanie, s.r.o.",Ružomberok,"okres Ružomberok",Ružomberok,Rybárpole
JuE1L7QIb5r,"Reality Simply",Martin,"okres Martin",Martin,Priekopa
Ju0MsknUaYA,"Realitná kancelária RED, s.r.o.",Žilina,"okres Žilina",Terchová,Terchová
Ju-iigXRX-E,"ROMDOM, s. r. o",Žilina,"okres Martin",Martin,Priekopa
JuP-ssdj9MS,NULL,NULL,"okres Čadca",Oščadnica,Oščadnica
Ju8trZQFbnP,"Direct Real, spol. s r.o.",Bratislava,"okres Liptovský Mikuláš",Dúbrava,Dúbrava
Ju2H7rNABro,"FINREA - ak vám záleží na výsledku","Dolný Kubín","okres Dolný Kubín","Dolný Kubín",Záskalie
Ju1GDbbrB55,"1. Reality Rent, s.r.o.",Žilina,"okres Čadca",Čadca,Podzávoz
JueseIeLY2v,"Realitné kancelárie SR",Bratislava,"okres Čadca","Stará Bystrica","Stará Bystrica"
JuYd_ySpDkY,NULL,NULL,"okres Martin",Martin,Priekopa
JuaMaWInHEa,"DreamReality s.r.o.",Žilina,"okres Žilina","Dolný Hričov","Dolný Hričov"
JujFiU7wF23,"RIEŠIME BÝVANIE",Bratislava,"okres Bytča",Bytča,"Bytča - sever"
Jun5lwMOykP,"FINREA - ak vám záleží na výsledku","Dolný Kubín","okres Dolný Kubín",Istebné,Istebné
JuxEotSi75n,"Ing. Marcela Pišteková",Turzovka,"okres Čadca",Makov,Makov
JugeXc96z-v,NULL,NULL,"okres Dolný Kubín","Dolný Kubín",Mokraď
Ju5GSMP-mjz,"HOLESTIAK.sk reality s.r.o.",Čadca,"okres Čadca",Čadca,Horelica
JujtVzSs6Xp,"RIEŠIME BÝVANIE",Bratislava,"okres Martin",Necpaly,Necpaly
JuHDbG3yLMb,"NajBývanie, s.r.o.",Ružomberok,"okres Liptovský Mikuláš",Pribylina,Pribylina
Jug4SIOybnO,"Reality Alpia",Martin,"okres Martin",Martin,Stred
Ju1tsUeFhRS,"TUreality s.r.o.",Žilina,"okres Žilina",Rosina,Rosina
Juws22--sLM,"GERT , s.r.o.","Liptovský Mikuláš","okres Liptovský Mikuláš","Liptovský Trnovec","Liptovský Trnovec"
Ju3gJr9Nl-f,"RES GROUP, s.r.o.",Žilina,"okres Martin",Necpaly,Necpaly
JuiKlGUbKmU,"OREA, s.r.o.","Dolný Kubín","okres Tvrdošín",Vitanová,Vitanová
JuvemPDdxob,"ŽILINAREAL, s.r.o.",Žilina,"okres Kysucké Nové Mesto","Kysucké Nové Mesto","Budatínska Lehota"
Juv-ZyHYN0s,"TOCA, s.r.o. Realitná činnosť",Bytča,"okres Žilina",Hôrky,Hôrky
Ju9NWPjsyPl,"HOLESTIAK.sk reality s.r.o.",Čadca,"okres Čadca",Zákopčie,Zákopčie
JuFzDxVJ2q6,"Romantické Chalupy, s.r.o.",Bratislava,"okres Ružomberok","Liptovské Revúce","Liptovské Revúce"
JumvGr4WHDN,"MGM reality",Žilina,"okres Žilina",Gbeľany,Gbeľany
JumL89VNCQA,"NajBývanie, s.r.o.",Ružomberok,"okres Ružomberok",Ružomberok,"Staré mesto"
Juxt1OSVKJl,"Realitné kancelárie SR",Bratislava,"okres Žilina",Žilina,Závodie
JuE93RTyEY1k,"Romantické Chalupy, s.r.o.",Bratislava,"okres Ružomberok","Liptovská Lúžna","Liptovská Lúžna"
JuKa1Trlsqb,"RENOME REAL",Žilina,"okres Žilina","Dlhé Pole","Dlhé Pole"
JuO1xdQLtDm,"SLNOVRAT, s.r.o.",Olešná,"okres Čadca",Čadca,Horelica
JuatbTPjpIq,"Piata Avenue",Žilina,"okres Čadca","Krásno nad Kysucou",Blažkov
JucPea4Ivtx,"Realitná kancelária RED, s.r.o.",Žilina,"okres Žilina",Žilina,Brodno
JufqC5RH_Te,"Ing.Zuzana Paverová","Turčianske Teplice","okres Turčianske Teplice","Turčianske Teplice",Stred
JuFqa8ebzxy,"Georgi Conev",Žilina,"okres Žilina",Terchová,Terchová
Ju9Mn4e894N,NULL,NULL,"okres Žilina",Ďurčiná,Ďurčiná
JuWeOewD3Gg,"FatraReal s. r. o.",Ružomberok,"okres Liptovský Mikuláš",Dúbrava,Dúbrava
JuuJvOruCyE,"Buby reality, s.r.o.",Žilina,"okres Martin",Martin,Sever
Ju1Fv2ySoaS,"Realitná kancelária Kľúč",Trnava,"okres Martin",Príbovce,Príbovce
JuFC-aJuKRa,"Reality Alpia",Martin,"okres Žilina","Malá Čierna","Malá Čierna"
JuM2ROndAws,"Piata Avenue",Žilina,"okres Martin",Martin,Priekopa
JuSs3N5i3rL,"TUreality s.r.o.",Žilina,"okres Liptovský Mikuláš","Liptovský Mikuláš",Benice
JuKx19d2RCd,"Reality ASTORIA, s.r.o.",Martin,"okres Martin",Martin,Jahodníky
JuY-SPBwd8P,mojaRK,Bratislava,"okres Liptovský Mikuláš",Smrečany,Smrečany
JuLWBKzZeJE,"Reality MT s.r.o.",Martin,"okres Martin",Necpaly,Necpaly
JuD8rezKquD,"AstonReal s.r.o.","Banská Bystrica","okres Turčianske Teplice","Turčianske Teplice",Diviaky
Ju6NukP0wBz,"REALITY SPOLU",Bratislava,"okres Liptovský Mikuláš","Liptovský Trnovec","Liptovský Trnovec"
JubU0eKdiVr,"TOCA, s.r.o. Realitná činnosť",Bytča,"okres Bytča",Bytča,"Hliník nad Váhom"
Jupwy58HyS3,"HD reality group s.r.o","Banská Bystrica","okres Liptovský Mikuláš","Liptovské Kľačany","Liptovské Kľačany"
JuIbHiaSfl0,NULL,NULL,"okres Bytča",Bytča,"Veľká Bytča"
Ju-h4ZgFDNR,"U9, a.s.",Bratislava,"okres Liptovský Mikuláš",Hybe,Hybe
Jux_9WVvE-Q,"Romantické Chalupy, s.r.o.",Bratislava,"okres Turčianske Teplice","Horná Štubňa","Horná Štubňa"
JupBKdvb5-A,"TUreality s.r.o.",Žilina,"okres Liptovský Mikuláš","Liptovský Trnovec","Liptovský Trnovec"
JuCoSlVNCl5,"Realitná kancelária",Bratislava,"okres Žilina",Strečno,Strečno
JugvlRDwxML,"Real Estate Group4U","Považská Bystrica","okres Žilina",Lietava,Lietava
JuqOiX2gk_s,"Realitné kancelárie SR",Bratislava,"okres Liptovský Mikuláš","Liptovský Mikuláš","Liptovská Ondrašová"
JusOQ86lFSqV,"Realitná kancelária",Bratislava,"okres Žilina",Žilina,"Považský Chlmec"
JuDOSPT3oT9,"Piata Avenue",Žilina,"okres Žilina",Hôrky,Hôrky
JuoQ_50mfjv,"Safe reality s. r. o.",Žilina,"okres Žilina",Stránske,Stránske
JuOCwLlVc6x,NULL,NULL,"okres Kysucké Nové Mesto","Kysucký Lieskovec","Kysucký Lieskovec"
JuHnEHB35K0,"HALO reality, s.r.o.",Prievidza,"okres Žilina",Terchová,Terchová
JuiW01vp_No,"MENÍME BÝVANIE",Čadca,"okres Čadca",Čadca,Čadečka
JugGPssQETW,"Reality Alpia",Martin,"okres Dolný Kubín",Zázrivá,Zázrivá
JuVBGZswzO8,"Reality Alpia",Martin,"okres Žilina","Rajecké Teplice","Rajecké Teplice"
Ju6igj_0jNC,"RK Dalmia s. r. o.","Dolný Kubín","okres Dolný Kubín","Oravský Podzámok","Oravský Podzámok"
Jun0rUiHHId,"ALT REAL, s.r.o.",Martin,"okres Martin","Turčiansky Peter","Turčiansky Peter"
JubExmFeQF5H,"Direct Real, spol. s r.o.",Bratislava,"okres Liptovský Mikuláš","Závažná Poruba","Závažná Poruba"
JuRC_sngF0m,"1. Reality Rent, s.r.o.",Žilina,"okres Žilina",Terchová,Terchová
JumabMEntjy,"Nové bývanie",Nitra,"okres Kysucké Nové Mesto",Povina,Povina
Jupi9oHSOxK,"Reality férovo, s. r. o.",Šaľa,"okres Turčianske Teplice",Háj,Háj
JuhlHrJa9hV,"ALT REAL, s.r.o.",Martin,"okres Martin",Martin,Stráne
Jufj_0Gj-0k,"OVERENÉ REALITY","Banská Bystrica","okres Liptovský Mikuláš",Ľubeľa,Ľubeľa
JuqStupTj78,"WFG reality, s.r.o.",Žilina,"okres Žilina",Žilina,"Staré mesto"
Juk3KAL7-tq,"Realitná kancelária DR, s.r.o.",Martin,"okres Martin",Podhradie,Podhradie
JudpEUux9d7,Limaxreal,"Liptovský Mikuláš","okres Liptovský Mikuláš","Závažná Poruba","Závažná Poruba"
Ju3LCu23qXh,"NajBývanie, s.r.o.",Ružomberok,"okres Ružomberok",Ružomberok,"Staré mesto"
JutKedpOXQk,NULL,NULL,"okres Liptovský Mikuláš","Partizánska Ľupča","Partizánska Ľupča"
Juwr4hT_Hw4,"Reality AK, spol. s r.o.",Martin,"okres Martin",Martin,Priekopa
JuLejb12kjD,"Pro Real, s. r. o. realitná kancelária",Žilina,"okres Kysucké Nové Mesto",Povina,Povina
JuGgpJ73Uj2,"OREA, s.r.o.","Dolný Kubín","okres Dolný Kubín","Dolný Kubín",Brezovec
JuT41GyTcye,NULL,NULL,"okres Čadca",Makov,Makov
Ju3CARY9OXA,"HOLESTIAK.sk reality s.r.o.",Čadca,"okres Čadca",Čadca,Centrum
JujozXo5nt1,"RES GROUP, s.r.o.",Žilina,"okres Turčianske Teplice",Dubové,Dubové
JuuOm3BAvYEs,"1. Reality Rent, s.r.o.",Žilina,"okres Martin",NULL,NULL
JuiyrWA4fnU,"B10 Slovensko, a. s.",Žilina,"okres Čadca",Turzovka,Závodie
JuT3DyFpT5w,"Direct Real, spol. s r.o.",Bratislava,"okres Liptovský Mikuláš",Hybe,Hybe
JuwmzGWznze,"HALO reality, s.r.o.",Prievidza,"okres Liptovský Mikuláš",Dúbrava,Dúbrava
JuZLXRA74dF,"B10 Slovensko, a. s.",Žilina,"okres Martin",Ležiachov,Ležiachov
JuuVW7D3CC4,"AstonReal s.r.o.","Banská Bystrica","okres Liptovský Mikuláš","Liptovský Mikuláš","Liptovská Ondrašová"
JuEHT7VVEBz,"Nové bývanie",Nitra,"okres Žilina",Varín,Varín
Ju9dPAZvZDN,NULL,NULL,"okres Liptovský Mikuláš","Liptovská Porúbka","Liptovská Porúbka"
JucFteCcorV,"1. Reality Rent, s.r.o.",Žilina,"okres Čadca",Raková,Raková
JutrNWqo1mF,"Real Reality Development s.r.o.",Martin,"okres Martin",Žabokreky,Žabokreky
JuINrC73hf2,"Realitné kancelárie SR",Bratislava,"okres Žilina","Teplička nad Váhom","Teplička nad Váhom"
Ju91riyeIY0,"RESIDENCE realitná kancelária","Liptovský Mikuláš","okres Liptovský Mikuláš","Svätý Kríž","Svätý Kríž"
JuJVlSLNzUp,"TARGETreal s. r. o.",Žilina,"okres Turčianske Teplice","Horná Štubňa","Horná Štubňa"
Jugx_wMlZ3E,"Vianema s.r.o.",Bratislava,"okres Kysucké Nové Mesto",Rudinská,Rudinská
JuDis4x18zz,"PT-com s. r. o.","Banská Bystrica","okres Liptovský Mikuláš",Ižipovce,Ižipovce
JuDZksNmp-x,"OVERENÉ REALITY","Banská Bystrica","okres Ružomberok","Liptovská Teplá","Liptovská Teplá"
Ju-NcnxkRbA,"ARBIZ real estate & finance s. r. o.",Ružomberok,"okres Ružomberok",Stankovany,Stankovany
JuT8DWNBWjF,"ŽILINAREAL, s.r.o.",Žilina,"okres Žilina",Žilina,"Malá Praha"
JuGbXL5nuWt,"VAŠE REALITY s.r.o.",Trenčín,"okres Čadca",Oščadnica,Oščadnica
JuCQvl5wSHc,"Ing. Marcela Pišteková",Turzovka,"okres Čadca",Korňa,Korňa
JuMul7PwvM2d,"Realitná kancelária RED, s.r.o.",Žilina,"okres Žilina",Višňové,Višňové
Ju8Q97pjRsq,"OVERENÉ REALITY","Banská Bystrica","okres Ružomberok",Ivachnová,Ivachnová
Ju2NkOjuxZI,"MGM reality",Žilina,"okres Žilina","Rajecké Teplice","Rajecké Teplice"
JuIaBwHCjWo,"Realitná kancelária",Bratislava,"okres Turčianske Teplice","Malý Čepčín","Malý Čepčín"
JuJ5uCQt9op,"RIEŠIME BÝVANIE",Bratislava,"okres Žilina","Lietavská Svinná-Babkov","Lietavská Svinná-Babkov"
JuXSgDSAhl3,"Pegas real s.r.o.",Bratislava,"okres Žilina",Terchová,Terchová
JuI7pHVr8cE,"Realitná kancelária",Bratislava,"okres Bytča",Jablonové,Jablonové
JuCwuVypfFN,"Realitná kancelária RED, s.r.o.",Žilina,"okres Žilina","Teplička nad Váhom","Teplička nad Váhom"
Ju8E81QIHh9,"Realitné kancelárie SR",Bratislava,"okres Bytča",Bytča,"Hliník nad Váhom"
JurLHZvtaEy,"AstonReal s.r.o.","Banská Bystrica","okres Martin",Martin,Stred
JuhczzRboRF,NULL,NULL,"okres Žilina",Žilina,Závodie
Juxivp9KfQ0,"IDEÁLNE BÝVANIE, s.r.o.",Žilina,"okres Žilina",Rosina,Rosina
Jud93oHCOHE,"Reality Alpia",Martin,"okres Martin",Bystrička,Bystrička
JuJsyjovPfc,"HOLESTIAK.sk reality s.r.o.",Čadca,"okres Čadca","Dlhá nad Kysucou","Dlhá nad Kysucou"
JuOaEJ-u0ZG,"1. Reality Rent, s.r.o.",Žilina,"okres Čadca",Svrčinovec,Svrčinovec
Ju02FWXcSxg,"ALT REAL, s.r.o.",Martin,"okres Turčianske Teplice",Mošovce,Mošovce
JuNBS73Ff1Z,"Reality ASTORIA, s.r.o.",Martin,"okres Martin",Turany,Turany
Juet0DuhtSi,liptoreal,"Liptovský Mikuláš","okres Liptovský Mikuláš",Prosiek,Prosiek
JutC2YgCUCh,"MAX PROFI REALITY",Martin,"okres Martin",Bystrička,Bystrička
JuxTlJngqfx,"Realitná kancelária RED, s.r.o.",Žilina,"okres Žilina",Hôrky,Hôrky
JuTG5fkPlv9,"B10 Slovensko, a. s.",Žilina,"okres Turčianske Teplice",Abramová,Abramová
JuzPTiI9dEx,"ŽILINAREAL, s.r.o.",Žilina,"okres Žilina",Žilina,"Staré mesto"
JunogbuFikZ,"OVERENÉ REALITY","Banská Bystrica","okres Ružomberok",Stankovany,Stankovany
JuQYvnGYftR,"TUreality s.r.o.",Žilina,"okres Martin",Martin,Stráne
JuE2xdPeLMB,"Realitné kancelárie SR",Bratislava,"okres Žilina",Žilina,Budatín
JuQBGbl9GCs,"1. Reality Rent, s.r.o.",Žilina,"okres Bytča",Kolárovice,Kolárovice
JuuYuhMI403,"HALO reality, s.r.o.",Prievidza,"okres Liptovský Mikuláš","Liptovský Hrádok",Dovalovo
Ju_uHTH2LKy,"RIEŠIME BÝVANIE",Bratislava,"okres Bytča","Veľké Rovné","Veľké Rovné"
JucgDISpkFu,"NajBývanie, s.r.o.",Ružomberok,"okres Ružomberok","Liptovská Štiavnica","Liptovská Štiavnica"
Juf5RoOgfBW,"TOCA, s.r.o. Realitná činnosť",Bytča,"okres Bytča",Bytča,"Hliník nad Váhom"
JuZFa40Foop,"ROSA reality","Kysucké Nové Mesto","okres Kysucké Nové Mesto",NULL,NULL
JuJib1snd7W,"Realitné kancelárie SR",Bratislava,"okres Žilina",Žilina,Bytčica
Juako0agoSO,"ADH-REAL s.r.o. Hirjaková Adriana",Ovčiarsko,"okres Žilina",Stránske,Stránske
JuoV-wTSH0S,"RES GROUP, s.r.o.",Žilina,"okres Žilina",Rosina,Rosina
Jubj0GQo0yb,"RK Finanz Real, s.r.o.",Trnava,"okres Čadca",Zákopčie,Zákopčie
JuCh945YdSl,"BeMi realitná kancelária",Nitra,"okres Námestovo",Námestovo,"Slanická Osada"
JuDwCbbbd6Z,"Realitné kancelárie SR",Bratislava,"okres Liptovský Mikuláš",Ľubeľa,Ľubeľa
Juv33DUvv0m,"Realitná kancelária RED, s.r.o.",Žilina,"okres Žilina",Žilina,Závodie
JuP5LbmRSZ8,"REALITY SPOLU",Bratislava,"okres Turčianske Teplice",Kaľamenová,Kaľamenová
JufilbyD1c1,"Romantické Chalupy, s.r.o.",Bratislava,"okres Ružomberok",Ružomberok,"Biely Potok"
JutjBXS2rky,NULL,NULL,"okres Žilina",Žilina,Trnové
Juii36MitpD,"Direct Real, spol. s r.o.",Bratislava,"okres Námestovo",Ťapešovo,Ťapešovo
JutiSbVRe_4,"TUreality s.r.o.",Žilina,"okres Žilina",Žilina,Bôrik
JuNs-c1_Jug,"PROFI INVEST družstvo",Košice,"okres Čadca",Staškov,Staškov
JuQ8RNQVTuL,"BeMi realitná kancelária",Nitra,"okres Čadca",Čadca,Čadečka
JunPSVDxWEH,"Reality Alpia",Martin,"okres Martin",Martin,"Kolónia Hviezda"
Jut7J495GN0,"LICITOR group, a.s.",Žilina,"okres Turčianske Teplice","Turčianske Teplice",Diviaky
Jujj9R6pdLi,"Reality IQ, s.r.o.",Žilina,"okres Žilina",Konská,Konská
JuCuq9xsJt1,NULL,NULL,"okres Žilina",Rosina,Rosina
JuX1WyelwxA,"Reality Alpia",Martin,"okres Žilina","Malá Čierna","Malá Čierna"
JuuA60psrH_,"Realitné kancelárie SR",Bratislava,"okres Turčianske Teplice",Dubové,Dubové
JuiwpIv6ZO8n,"Realitné kancelárie SR",Bratislava,"okres Turčianske Teplice","Turčianske Teplice","Turčiansky Michal"
JuzAGRifcCv,"GAMA Reality, s.r.o.",Bytča,"okres Čadca","Krásno nad Kysucou",Stred
JuWLq7Wh8lf,"Reality AK, spol. s r.o.",Martin,"okres Martin","Kláštor pod Znievom","Kláštor pod Znievom"
Ju9fCSXKuI8,"HALO reality, s.r.o.",Prievidza,"okres Liptovský Mikuláš",Važec,Važec
JuVnevlBgml,NULL,NULL,"okres Turčianske Teplice","Turčianske Teplice",Stred
JuzfaiaPF1e,"DOBRÉ REALITY s.r.o.",Prievidza,"okres Martin",Martin,Jahodníky
Ju_jNWgq4Ah,"RIEŠIME BÝVANIE",Bratislava,"okres Liptovský Mikuláš","Kráľova Lehota","Kráľova Lehota"
JuWqGCp2oW6,"HOLESTIAK.sk reality s.r.o.",Čadca,"okres Čadca",Svrčinovec,Svrčinovec
JukqbzsVg5j,"Reality Center, s.r.o.",Martin,"okres Martin",Belá-Dulice,Belá-Dulice
Ju7p-ibu19t,"RIEŠIME BÝVANIE",Bratislava,"okres Liptovský Mikuláš","Liptovská Porúbka","Liptovská Porúbka"
JuhM9MWOU0h,"Nové bývanie",Nitra,"okres Liptovský Mikuláš","Liptovský Trnovec","Liptovský Trnovec"
JuHbG5bC-AQ,"Reality AK, spol. s r.o.",Martin,"okres Martin",Martin,Stráne
JuMpX9TQAHl,"OREA, s.r.o.","Dolný Kubín","okres Dolný Kubín","Dolný Kubín",Brezovec
Ju2L-GyOw3O,"Direct Real, spol. s r.o.",Bratislava,"okres Žilina",Strečno,Strečno
JuTNxy0mSKf,"BR ACADEMY, s. r. o.","Kysucké Nové Mesto","okres Kysucké Nové Mesto","Kysucké Nové Mesto",Suľkov
Juwnal8LZ_c,"DRR INVEST, s. r. o.","Horný Hričov","okres Žilina",Žilina,"Žilinská Lehota"
JukKOW5g8ic,"NajBývanie, s.r.o.",Ružomberok,"okres Ružomberok",Kalameny,Kalameny
JufvMyqhmxo,"Reality Alpia",Martin,"okres Martin",Vrícko,Vrícko
JufcWIOgVI-,"RS Mansory s.r.o.",Bratislava,"okres Žilina",Žilina,Strážov
JuUuFP8LBad,"RK Dalmia s. r. o.","Dolný Kubín","okres Dolný Kubín",Malatiná,Malatiná
JuGlgzti-Xv,"Trioreality, s.r.o.",Čadca,"okres Čadca",Staškov,Staškov
Ju-fppxOVlc,"Direct Real, spol. s r.o.",Bratislava,"okres Čadca",Zákopčie,Zákopčie
JuLLKbrzsGT,"Allrisk Slovakia Reality & Financie, s.r.o.",Bratislava,"okres Žilina",Žilina,Budatín
JuHzzpFEcq7,"Briliant Reality, s.r.o.",Senec,"okres Žilina",Terchová,Terchová
JuMN3BXlr1V,"BeMi realitná kancelária",Nitra,"okres Čadca",Klokočov,Klokočov
JuZv0Yfgbp2,"Realitné kancelárie SR",Bratislava,"okres Martin",Belá-Dulice,Belá-Dulice
JuAHn1RYaaM,"SLNOVRAT, s.r.o.",Olešná,"okres Čadca",Korňa,Korňa
Jub_f4tKd7Q,"ROMDOM, s. r. o",Žilina,"okres Kysucké Nové Mesto","Kysucký Lieskovec","Kysucký Lieskovec"
JuUyDXLqSR7,"RK Dalmia s. r. o.","Dolný Kubín","okres Tvrdošín",Nižná,Nižná
Ju9mMuon122,"Realitné kancelárie SR",Bratislava,"okres Kysucké Nové Mesto",Ochodnica,Ochodnica
JuxqHjwv5kQ,"Reality ASTORIA, s.r.o.",Martin,"okres Martin","Kláštor pod Znievom","Kláštor pod Znievom"
JuNBVjN_DWw_,"Real Estate Group4U","Považská Bystrica","okres Žilina",Rajec,Rajec
JukjLL6Pznq,"1. Reality Rent, s.r.o.",Žilina,"okres Bytča","Hlboké nad Váhom","Hlboké nad Váhom"
JuEdQgaYA3w,"Reality BL, s.r.o.","Kysucké Nové Mesto","okres Martin",Príbovce,Príbovce
JucVvBL8mQZ,"ŽILINAREAL, s.r.o.",Žilina,"okres Žilina",Brezany,Brezany
Juzanri8hki,"TOCA, s.r.o. Realitná činnosť",Bytča,"okres Bytča",Bytča,"Hliník nad Váhom"
JubVEhZEHQu,"FINREA - ak vám záleží na výsledku","Dolný Kubín","okres Martin",Martin,Priekopa
JuNKxzZQlzf,"Ing. Gerlinda Bérešová - Esti",Žilina,"okres Žilina",Višňové,Višňové
JuLre6AewXY,"Romantické Chalupy, s.r.o.",Bratislava,"okres Ružomberok",Ivachnová,Ivachnová
JuJF0aEq48e,"Safe reality s. r. o.",Žilina,"okres Žilina",Hôrky,Hôrky
JuepuA7Tiw0,"RESIDENCE realitná kancelária","Liptovský Mikuláš","okres Liptovský Mikuláš","Liptovský Mikuláš",Palúdzka
JuHgJ7Vnt5C,"Romantické Chalupy, s.r.o.",Bratislava,"okres Bytča",Bytča,"Hliník nad Váhom"
Ju2bCMkIGvc,"Romantické Chalupy, s.r.o.",Bratislava,"okres Bytča",Štiavnik,Štiavnik
JuHinPus21r,"RK Dalmia s. r. o.","Dolný Kubín","okres Ružomberok",Lisková,Lisková
Ju3sdsvW1qf,"bezmaklérov, s.r.o.",Žilina,"okres Ružomberok",Ružomberok,"Staré mesto"
JuyMjKXoFpJ,NULL,NULL,"okres Žilina",Žilina,Bytčica
Ju-HjJmEJ0m,"Reality ASTORIA, s.r.o.",Martin,"okres Turčianske Teplice",Čremošné,Čremošné
JuS7vOeFGIN,"Nové bývanie",Nitra,"okres Kysucké Nové Mesto","Horný Vadičov","Horný Vadičov"
JujgFHysqby,"AstonReal s.r.o.","Banská Bystrica","okres Martin","Turčianske Kľačany","Turčianske Kľačany"
Juec3rJbHzE,"HALO reality, s.r.o.",Prievidza,"okres Liptovský Mikuláš","Liptovská Sielnica","Liptovská Sielnica"
JuVTTY5wrme,"Reality MT s.r.o.",Martin,"okres Turčianske Teplice","Turčianske Teplice",Diviaky
Ju-Gmi7_Mm7,"Realitná kancelária",Bratislava,"okres Čadca","Vysoká nad Kysucou","Vysoká nad Kysucou"
JuDuqsttF6H,NULL,NULL,"okres Liptovský Mikuláš","Liptovský Mikuláš","Staré mesto"
Ju002dUmryq,"Buby reality, s.r.o.",Žilina,"okres Žilina",Žilina,"Staré mesto"
JufEAKik-mc,"B10 Slovensko, a. s.",Žilina,"okres Martin",Podhradie,Podhradie
Ju8UQkGga6F,"RK VILLEA, s. r. o.","Dolný Kubín","okres Ružomberok",Lisková,Lisková
JuMmB0vZcwg,"Realitná kancelária RED, s.r.o.",Žilina,"okres Žilina",Žilina,Bôrik
Juu4bOArZvB,"Romantické Chalupy, s.r.o.",Bratislava,"okres Ružomberok",Lúčky,Lúčky
JuG-JRPmhAG,"Realitná kancelária DOM",Žilina,"okres Žilina",NULL,NULL
Ju6-BxY4Q9v,"Romantické Chalupy, s.r.o.",Bratislava,"okres Martin",Blatnica,Blatnica
Ju4_CW18xww,"WFG reality, s.r.o.",Žilina,"okres Žilina","Paština Závada","Paština Závada"
JujfdD-5RPO,"AstonReal s.r.o.","Banská Bystrica","okres Ružomberok",Komjatná,Komjatná
JuJ5z8J0t7V,"MGM reality",Žilina,"okres Žilina",Žilina,Budatín
JuLlnmGgMKV,"REAL21 Invest-consult, s.r.o.","Považská Bystrica","okres Žilina",Rajec,Rajec
Ju7pKhqP4zK,"Like Reality s.r.o.","Považská Bystrica","okres Martin",Sučany,Sučany
Juq12PkyNpf,"RES GROUP, s.r.o.",Žilina,"okres Žilina",Višňové,Višňové
JuRty8qQQ_7,"AstonReal s.r.o.","Banská Bystrica","okres Tvrdošín",Tvrdošín,Tvrdošín
Jut7Cik7fcS,"RS Mansory s.r.o.",Bratislava,"okres Bytča",Petrovice,Petrovice
Juv0ePbKA7G,"AstonReal s.r.o.","Banská Bystrica","okres Dolný Kubín",Kraľovany,Kraľovany
JuKz9mvEvI_,"REALITY TATRY",Levoča,"okres Liptovský Mikuláš",Važec,Važec
JulKhf0qSVY,"Real Estate Group4U","Považská Bystrica","okres Žilina",Rajec,Rajec
JunAaEjMO5H,"DRAŽOBNÍK, s.r.o.",Košice,"okres Liptovský Mikuláš",Važec,Važec
JuYo9zvFOwy,"TARGETreal s. r. o.",Žilina,"okres Žilina",Divina,Divina
JuVJGPaHJOp,"Realitná kancelária RED, s.r.o.",Žilina,"okres Čadca",Zákopčie,Zákopčie
JuqydMjWuh4,"TARGETreal s. r. o.",Žilina,"okres Žilina",Lysica,Lysica
JunkMQWQbHn,"TUreality s.r.o.",Žilina,"okres Žilina",Žilina,Bánová
JuoBv0wotbR,"Realitné kancelárie SR",Bratislava,"okres Martin",Martin,Ľadoveň
JuM-6ImZqgg,"HOLESTIAK.sk reality s.r.o.",Čadca,"okres Čadca",Čadca,Centrum
Jup9Yn-xSxK,"MGM reality",Žilina,"okres Žilina",Bitarová,Bitarová
Juu1RPAQAYx,"ADOMOS REAL s.r.o.",Košice,"okres Liptovský Mikuláš","Liptovský Trnovec","Liptovský Trnovec"
JuB8tqpRaSl,"RE/MAX Slovakia",Bratislava,"okres Ružomberok",Ružomberok,"Pod Skalami"
Ju4OltTKR0f,"Realitné kancelárie SR",Bratislava,"okres Žilina",Žilina,Bánová
Juu2Y87Z-DK,"TUreality s.r.o.",Žilina,"okres Čadca",Skalité,Skalité
JupTefFT3SIq,"Romantické Chalupy, s.r.o.",Bratislava,"okres Turčianske Teplice","Turčianske Teplice",NULL
JuAxm4BTAPE,"BeMi realitná kancelária",Nitra,"okres Čadca",Turzovka,NULL
JukEQsAHFmW,"B10 Slovensko, a. s.",Žilina,"okres Turčianske Teplice",Budiš,Budiš
JuIfd2KOAqJ,"Realitné kancelárie SR",Bratislava,"okres Žilina","Dolný Hričov","Dolný Hričov"
Juq41p0QoVh,"Realitná kancelária",Bratislava,"okres Martin","Kláštor pod Znievom","Kláštor pod Znievom"
JuE5s_J_0mm,"BeMi realitná kancelária",Nitra,"okres Čadca",Klokočov,Klokočov
JuI2CpNT1P5,"Vianema s.r.o.",Bratislava,"okres Žilina",Varín,Varín
JumgmN6Y0Rr,"Realitná kancelária",Bratislava,"okres Turčianske Teplice",Sklené,Sklené
Ju9JGGI9iqn,"RS Mansory s.r.o.",Bratislava,"okres Žilina",Stránske,Stránske
JuMiWG_Bjr-,"Safe reality s. r. o.",Žilina,"okres Žilina",Varín,Varín
JuoozgHS-2r,"B10 Slovensko, a. s.",Žilina,"okres Čadca",Čadca,"U Hluška"
Juzaery-uaM,"Buby reality, s.r.o.",Žilina,"okres Martin",Martin,Tomčany
JuJSekEM4oc,"Apollo House",Bratislava,"okres Ružomberok","Liptovské Sliače","Liptovské Sliače"
Jub5SX0zXuB,"Realitné kancelárie SR",Bratislava,"okres Žilina",Divina,Divina
JubJO0qS-zH,jabyvam.sk,"Liptovský Mikuláš","okres Liptovský Mikuláš",Ľubeľa,Ľubeľa
JueA1N-Ntfj,"RK SPIRIT s.r.o.","Liptovský Mikuláš","okres Liptovský Mikuláš","Závažná Poruba","Závažná Poruba"
JuHtgn-PdTN,"TUreality s.r.o.",Žilina,"okres Martin","Turčianske Kľačany","Turčianske Kľačany"
Jub25_ejcJA,"Nestor Capital s.r.o.",Bratislava,"okres Čadca",Oščadnica,Oščadnica
JuvMlRWqyJoo,"MGM reality",Žilina,"okres Kysucké Nové Mesto",Nesluša,Nesluša
JuImMdEmrRE,"BV REAL PD, s.r.o.",Prievidza,"okres Turčianske Teplice","Horná Štubňa","Horná Štubňa"
JuzSO8DcIjL,"Reality Simply",Martin,"okres Martin",Diaková,Diaková
JuT-mCUWMWu,liptoreal,"Liptovský Mikuláš","okres Liptovský Mikuláš",Bobrovník,Bobrovník
Ju14mSBpDUx,"HOLESTIAK.sk reality s.r.o.",Čadca,"okres Čadca",Oščadnica,Oščadnica
Ju9vhNLIhpv,"Realitná kancelária DOM",Žilina,"okres Žilina",Žilina,"Staré mesto"
Ju07wpce3-e,"Romantické Chalupy, s.r.o.",Bratislava,"okres Ružomberok",Turík,Turík
JuiIP6qTDBs,"OVERENÉ REALITY","Banská Bystrica","okres Liptovský Mikuláš",Vlachy,Vlachy
JuWA9aOrYrn,"ALT REAL, s.r.o.",Martin,"okres Martin",Žabokreky,Žabokreky
JuTaKGvu-_W,"Romantické Chalupy, s.r.o.",Bratislava,"okres Bytča",Štiavnik,Štiavnik
Juolbg2gxyQ,"RE/MAX Slovakia",Bratislava,"okres Liptovský Mikuláš",Ižipovce,Ižipovce
JuOzMZP3NXD,"1. Reality Rent, s.r.o.",Žilina,"okres Čadca","Krásno nad Kysucou",Kalinov
Ju0_zNn7daF,"Direct Real, spol. s r.o.",Bratislava,"okres Liptovský Mikuláš",Pribylina,Pribylina
JuhiXx9KEAl,"Reality BL, s.r.o.","Kysucké Nové Mesto","okres Dolný Kubín","Dolný Kubín",Medzihradné
JuXifi6XaeN,NULL,NULL,"okres Žilina",Žilina,Závodie
JuD_VuWF7qU,"RK Dalmia s. r. o.","Dolný Kubín","okres Dolný Kubín",Istebné,Istebné
Ju7FT7K1T9V,"Reality IQ, s.r.o.",Žilina,"okres Žilina",Svederník,Svederník
Ju1tEs_gT7e,"1. Reality Rent, s.r.o.",Žilina,"okres Žilina",Gbeľany,Gbeľany
JufiwULhgJw,"Real Reality Development s.r.o.",Martin,"okres Martin",Šútovo,Šútovo
JujDi-L-0hf,"RE/MAX Slovakia",Bratislava,"okres Čadca",Olešná,Olešná
JuWVZLxkLMK,"Reality Alpia",Martin,"okres Ružomberok",Ružomberok,Hrabovo
JuUrENnUrd4,"Reality Center, s.r.o.",Martin,"okres Martin","Turčiansky Peter","Turčiansky Peter"
JuKIEskdsEp,"Real Estate Group4U","Považská Bystrica","okres Žilina",Bitarová,Bitarová
JuRBO1iDcGe,"Felicita Real s. r. o.",Martin,"okres Martin",Sučany,Sučany
JuMud2YGw9_,NULL,NULL,"okres Ružomberok",Likavka,Likavka
JuipKl1rZoI,NULL,NULL,"okres Čadca","Vysoká nad Kysucou","Vysoká nad Kysucou"
JuzawK4H-li,"BR ACADEMY, s. r. o.","Kysucké Nové Mesto","okres Kysucké Nové Mesto","Dolný Vadičov","Dolný Vadičov"
Ju6l6A2iskM,"BeMi realitná kancelária",Nitra,"okres Žilina",Svederník,Svederník
JuiNBbsX-1P,"RIEŠIME BÝVANIE",Bratislava,"okres Žilina",Žilina,Bytčica
JuIGCsa_wh0,"Buby reality, s.r.o.",Žilina,"okres Martin",Blatnica,Blatnica
JunwM7MkcDW,"Realitné kancelárie SR",Bratislava,"okres Žilina",Žilina,Závodie
JuCbUaiZ-t8,"HOLESTIAK.sk reality s.r.o.",Čadca,"okres Čadca",Skalité,Skalité
JuPBoWiotP6,"RIEŠIME BÝVANIE",Bratislava,"okres Turčianske Teplice","Horná Štubňa","Horná Štubňa"
Ju39TpZdQum,NULL,NULL,"okres Žilina",Mojš,Mojš
Juc86BqO6w7,"FINREA - ak vám záleží na výsledku","Dolný Kubín","okres Turčianske Teplice","Horná Štubňa","Horná Štubňa"
JuGKJDezGKy,"RS Mansory s.r.o.",Bratislava,"okres Žilina",Terchová,Terchová
JuyVW5GYHzb,"YFE, s.r.o.",Žilina,"okres Žilina",Lysica,Lysica
JufXd7f876u,"RIEŠIME BÝVANIE",Bratislava,"okres Žilina",Žilina,Bánová
JuvDMV343M4,"TOCA, s.r.o. Realitná činnosť",Bytča,"okres Bytča",Bytča,"Hliník nad Váhom"
JuGGmyAKTE2V,"Realitné kancelárie SR",Bratislava,"okres Martin",Vrícko,Vrícko
JunqWaLvLjb,"NajBývanie, s.r.o.",Ružomberok,"okres Liptovský Mikuláš","Liptovská Sielnica","Liptovská Sielnica"
JufxA_4siD5,"GRAVITAS a. s.",Bratislava,"okres Námestovo",Námestovo,"Slanická Osada"
JuNEJj6Bobe,"New Ways Reality&Financie",Poprad,"okres Liptovský Mikuláš",Ľubeľa,Ľubeľa
Ju7GkmUpk7w,"NajBývanie, s.r.o.",Ružomberok,"okres Ružomberok","Liptovská Lúžna","Liptovská Lúžna"
JueqFSdFlNV,"OREA, s.r.o.","Dolný Kubín","okres Námestovo",Hruštín,Hruštín
Ju5uqi4FeNX,"HALO reality, s.r.o.",Prievidza,"okres Liptovský Mikuláš","Liptovský Ján","Liptovský Ján"
JuugYuyjxCy,NajlepšíMakléri.sk,Bratislava,"okres Čadca",Raková,Raková
JuENmSVbf52,"Reality Alpia",Martin,"okres Žilina",Rosina,Rosina
JuSDor_pBw9,"Buby reality, s.r.o.",Žilina,"okres Martin",Slovany,Slovany
JuEl9XITon-,"Romantické Chalupy, s.r.o.",Bratislava,"okres Turčianske Teplice",Rudno,Rudno
JuQ4i8mNwlL,"TARGETreal s. r. o.",Žilina,"okres Bytča",Kotešová,Kotešová
Ju3IlwS0uHk,"DreamReality s.r.o.",Žilina,"okres Žilina",NULL,NULL
JurqmynKY4o,"RE/MAX Slovakia",Bratislava,"okres Dolný Kubín","Oravský Podzámok","Oravský Podzámok"
JuhsSA9jVzs,"B10 Slovensko, a. s.",Žilina,"okres Martin","Turčianske Kľačany","Turčianske Kľačany"
JuvA9DjdPST,"ALT REAL, s.r.o.",Martin,"okres Ružomberok",Lisková,Lisková
JuXVSVVWVLI,"Romantické Chalupy, s.r.o.",Bratislava,"okres Liptovský Mikuláš",Dúbrava,Dúbrava
JuETUDXgsIk,"Piata Avenue",Žilina,"okres Žilina","Teplička nad Váhom","Teplička nad Váhom"
JuYGxQztZEP,NULL,NULL,"okres Liptovský Mikuláš","Liptovské Kľačany","Liptovské Kľačany"
Juv2ewXXJKK,"TARGETreal s. r. o.",Žilina,"okres Martin",Vrútky,"Karvaša a Bláhovca"
Juy6D0BMpPr,"Reality Center, s.r.o.",Martin,"okres Martin",Belá-Dulice,Belá-Dulice
JuRvLvEuC6c,"SLNOVRAT, s.r.o.",Olešná,"okres Čadca",Turzovka,NULL
JuwhHVVh05e,"Direct Real, spol. s r.o.",Bratislava,"okres Liptovský Mikuláš",Gôtovany,Gôtovany
JubBBZpieJ3,"Romantické Chalupy, s.r.o.",Bratislava,"okres Turčianske Teplice","Horná Štubňa","Horná Štubňa"
JupqlbF43-v,"StorkReal s. r. o.","Rajecká Lesná","okres Bytča","Veľké Rovné","Veľké Rovné"
JuqhO5GsZ4W,"Realitné kancelárie SR",Bratislava,"okres Žilina","Lietavská Svinná-Babkov","Lietavská Svinná-Babkov"
Juc74a1hN-t,NULL,NULL,"okres Žilina",Mojš,Mojš
JuZgj6k1S7C,"TARGETreal s. r. o.",Žilina,"okres Martin",Martin,Stráne
JuvbGiTBrMG,"New Ways Reality&Financie",Poprad,"okres Liptovský Mikuláš",Lazisko,Lazisko
JutexiRTg9m,"RS Mansory s.r.o.",Bratislava,"okres Martin",Martin,Stred
Ju6pNzkI7kN,"Reality Alpia",Martin,"okres Martin",Martin,Stráne
JuIyY_wrQVH,"WFG reality, s.r.o.",Žilina,"okres Bytča",Bytča,"Veľká Bytča"
JuhQKNPNiRq,"AnoReal, s.r.o.",Stráňavy,"okres Žilina","Rajecké Teplice","Rajecké Teplice"
JuSh2BSeYCy,"BeMi realitná kancelária",Nitra,"okres Čadca",Podvysoká,Podvysoká
Jua80WPKb_h,"LICITOR group, a.s.",Žilina,"okres Liptovský Mikuláš","Liptovský Hrádok","Nižné Fabriky"
JuWDHMTcRk5,"Nové bývanie",Nitra,"okres Čadca",Klokočov,Klokočov
JuXLOLWve3w,"Realitná kancelária",Bratislava,"okres Martin",Martin,Stráne
JuQ6y__HQN4,"LIF REAL",Martin,"okres Martin","Kláštor pod Znievom","Kláštor pod Znievom"
JuXlTElDSTb,"DreamReality s.r.o.",Žilina,"okres Žilina",Žilina,Závodie
JuL5-OdofNk,"RAJA, spol. s r.o.","Svätý Jur","okres Žilina",Terchová,Terchová
JudAAa45gzT,"B10 Slovensko, a. s.",Žilina,"okres Martin",Martin,Jahodníky
JuptIY7K5YK,"Reality Alpia",Martin,"okres Čadca",Turzovka,Predmier
JuMof2f50da,"Reality IQ, s.r.o.",Žilina,"okres Žilina",Žilina,"Považský Chlmec"
JunBZ5UZ987,"Realitné kancelárie SR",Bratislava,"okres Čadca",Klokočov,Klokočov
JuZgBXj7DfA,"RE/MAX Slovakia",Bratislava,"okres Liptovský Mikuláš",Bobrovec,Bobrovec
Ju5BwjQ6s7y,"SLNOVRAT, s.r.o.",Olešná,"okres Čadca",Čierne,Čierne
JuQab_JUcgQ,"Reality ASTORIA, s.r.o.",Martin,"okres Martin",Vrútky,"Karvaša a Bláhovca"
JuEB6osELcj,"Romantické Chalupy, s.r.o.",Bratislava,"okres Turčianske Teplice",Sklené,Sklené
Ju34HqZzlYZ,"Realitná kancelária RED, s.r.o.",Žilina,"okres Žilina",Terchová,Terchová
Ju_JIspGy8j,jabyvam.sk,"Liptovský Mikuláš","okres Liptovský Mikuláš","Liptovský Mikuláš","Staré mesto"
JuwY9aBM81x,"Like Reality s.r.o.","Považská Bystrica","okres Martin",Vrútky,"Dolné Vrútky"
Ju6FkAOvz_r,"AstonReal s.r.o.","Banská Bystrica","okres Liptovský Mikuláš","Liptovský Mikuláš",Okoličné
Ju8bN6JmGCo,"Reality ASTORIA, s.r.o.",Martin,"okres Martin",Martin,Ľadoveň
Juq7eJIJyLK,NULL,NULL,"okres Námestovo",Klin,Klin
JuF5wwqoPt-,"Romantické Chalupy, s.r.o.",Bratislava,"okres Ružomberok","Liptovská Osada","Liptovská Osada"
JuXBeZX2j2W,"JKV REAL",Prievidza,"okres Martin",Sučany,Sučany
JuRB3GLBQlr,"TUreality s.r.o.",Žilina,"okres Žilina",Rajec,Rajec
JulDvECm5wW,"RIEŠIME BÝVANIE",Bratislava,"okres Žilina",Žilina,"Považský Chlmec"
JuWpbcAmhWj,"Realitné kancelárie SR",Bratislava,"okres Žilina","Lietavská Svinná-Babkov","Lietavská Svinná-Babkov"
JutdauUbuYB,"OREA, s.r.o.","Dolný Kubín","okres Žilina",Mojš,Mojš
JuKt4j2XFxX,"Reality Alpia",Martin,"okres Liptovský Mikuláš",Dúbrava,Dúbrava
JuTM2PfA7TL,"TUreality s.r.o.",Žilina,"okres Žilina",Bitarová,Bitarová
JuHuCArgKgQ,"RE/MAX Slovakia",Bratislava,"okres Námestovo",Zubrohlava,Zubrohlava
JuLlb3Y20Mb,"BeMi realitná kancelária",Nitra,"okres Námestovo",Zubrohlava,Zubrohlava
Jusa__2WO0Z,"XEMAR realitná spoločnosť s.r.o.","Banská Bystrica","okres Ružomberok","Liptovské Revúce","Liptovské Revúce"
JujyaTVjwhA,NULL,NULL,"okres Námestovo",Námestovo,Stred
Jucbi7PZEnm,"1. Reality Rent, s.r.o.",Žilina,"okres Čadca",Klokočov,Klokočov
JuM1C8fcu8K,"TUreality s.r.o.",Žilina,"okres Ružomberok",Ružomberok,NULL
Ju-vY43kOSm,"1. Reality Rent, s.r.o.",Žilina,"okres Čadca",Klokočov,Klokočov
Ju6dKyzXet6,"ŽILINAREAL, s.r.o.",Žilina,"okres Žilina",Žilina,Strážov
JudnXD8m-sc,"ROMDOM, s. r. o",Žilina,"okres Martin",Martin,Priekopa
Ju6vI9Ongqb,"YNI reality",Žilina,"okres Čadca",Klokočov,Klokočov
JuSGs9I7N10c,"BALAŽI REAL ESTATE s.r.o.",Topoľčany,"okres Turčianske Teplice",Čremošné,Čremošné
JuQQeemtPlQ,"TUreality s.r.o.",Žilina,"okres Liptovský Mikuláš","Liptovský Trnovec","Liptovský Trnovec"
JuN0fpmLbue,"Pegas real s.r.o.",Bratislava,"okres Turčianske Teplice","Horná Štubňa","Horná Štubňa"
Juc14yxwCWy,"ARBIZ real estate & finance s. r. o.",Ružomberok,"okres Liptovský Mikuláš",Ľubeľa,Ľubeľa
JuA6unfH09z,"Reality ASTORIA, s.r.o.",Martin,"okres Martin",Martin,Stráne
JuRRi65QQer,"Realitné kancelárie SR",Bratislava,"okres Čadca",Čierne,Čierne
JuoL9EBWGdw,"WFG reality, s.r.o.",Žilina,"okres Žilina",Podhorie,Podhorie
Jus49Ig9CXx,"JPE. Reality - Jozef Pajer",Čadca,"okres Čadca",Čadca,Milošová
JuT-lYDfSlr,"Apollo House",Bratislava,"okres Ružomberok","Liptovské Sliače","Liptovské Sliače"
JuTsKQYVo81,"bezmaklérov, s.r.o.",Žilina,"okres Liptovský Mikuláš","Liptovský Mikuláš",Bodice
JuvJClErKby,"WFG reality, s.r.o.",Žilina,"okres Kysucké Nové Mesto",Rudina,Rudina
JuImgMwAlae,"MGM reality",Žilina,"okres Žilina",Bitarová,Bitarová
Junjv5ltBRp,"Realitná kancelária",Bratislava,"okres Turčianske Teplice",Sklené,Sklené
JuJRg0E5VNn,"ALT REAL, s.r.o.",Martin,"okres Martin",Valča,Valča
Ju_7upNwBrj,"RK Dalmia s. r. o.","Dolný Kubín","okres Dolný Kubín",Malatiná,Malatiná
Juyma4ypNNK,"Reality MT s.r.o.",Martin,"okres Turčianske Teplice","Turčianske Teplice",Diviaky
Ju21sNa5df6,"Buby reality, s.r.o.",Žilina,"okres Martin",Belá-Dulice,Belá-Dulice
JueQzTcIDeQ,"FISCHER & PARTNERS, s.r.o.",Ružomberok,"okres Ružomberok",Ružomberok,Baničné
JuWFwDq9Hos,"AstonReal s.r.o.","Banská Bystrica","okres Ružomberok",Likavka,Likavka
Juw-gEYpFG_,"SLNOVRAT, s.r.o.",Olešná,"okres Čadca",Čadca,Milošová
Ju3_GjYaBPA,"MENÍME BÝVANIE",Čadca,"okres Čadca",Čadca,Centrum
JufgKb9FR3J,"Romantické Chalupy, s.r.o.",Bratislava,"okres Ružomberok",Ludrová,Ludrová
JunNJzhFnyu,Reality+,Žilina,"okres Čadca",Čierne,Čierne
Juk_6IbuVg4,"MGM reality",Žilina,"okres Kysucké Nové Mesto",Nesluša,Nesluša
JuzURL47734,"Direct Real, spol. s r.o.",Bratislava,"okres Liptovský Mikuláš","Liptovský Mikuláš","Vrbica - Nábrežie"
Juhv-0ib6ND,"TOCA, s.r.o. Realitná činnosť",Bytča,"okres Bytča","Hlboké nad Váhom","Hlboké nad Váhom"
JulUfy26PQZ,"Direct Real, spol. s r.o.",Bratislava,"okres Liptovský Mikuláš","Závažná Poruba","Závažná Poruba"
JuFy8odNEYG,"Reality Alpia",Martin,"okres Ružomberok",Ludrová,Ludrová
JuzPTGI_Ub6,"Realitná kancelária DOM",Žilina,"okres Žilina","Dlhé Pole","Dlhé Pole"
JubVNOBehQJp,"ŽILINAREAL, s.r.o.",Žilina,"okres Turčianske Teplice","Horná Štubňa","Horná Štubňa"
JujihkczWnc,"Wealth Group, s.r.o.","Nová Dedinka","okres Čadca",Raková,Raková
Ju5HL9HCWYK,"TUreality s.r.o.",Žilina,"okres Liptovský Mikuláš",Podtureň,Podtureň
JuTAR5A7Hvk,"TOCA, s.r.o. Realitná činnosť",Bytča,"okres Bytča",Bytča,"Hliník nad Váhom"
Juk8YxA4P9Q,"VICTORY REALITY Residence s. r. o.","Banská Bystrica","okres Tvrdošín",Zábiedovo,Zábiedovo
JuH7gFUPY7f,"RIEŠIME BÝVANIE",Bratislava,"okres Žilina",Gbeľany,Gbeľany
JuVQBJSx5aQ,"FINREA - ak vám záleží na výsledku","Dolný Kubín","okres Martin",Vrútky,"Karvaša a Bláhovca"
JuHEeYDAKYc,"Ing. Marcela Pišteková",Turzovka,"okres Čadca",Zákopčie,Zákopčie
Ju4LHbtx5iy,"U9, a.s.",Bratislava,"okres Martin","Kláštor pod Znievom","Kláštor pod Znievom"
Ju818YWB7Et,"Reality AK, spol. s r.o.",Martin,"okres Martin",Valča,Valča
JuvprX5EDq1,"OREA, s.r.o.","Dolný Kubín","okres Ružomberok",Likavka,Likavka
Ju769ToQ74D,"DRR INVEST, s. r. o.","Horný Hričov","okres Žilina",Žilina,"Žilinská Lehota"
JuOV-FJAPLW,"Piata Avenue",Žilina,"okres Martin","Turčiansky Peter","Turčiansky Peter"
Ju4ivccKHTO,"BeMi realitná kancelária",Nitra,"okres Kysucké Nové Mesto","Kysucké Nové Mesto","Budatínska Lehota"
Juygw_dFMSa,"RES GROUP, s.r.o.",Žilina,"okres Žilina",Žilina,"Malá Praha"
Ju_VPyRRw8c,"Romantické Chalupy, s.r.o.",Bratislava,"okres Čadca",Klokočov,Klokočov
JuD_agZTj5g,"Nové bývanie",Nitra,"okres Námestovo","Oravské Veselé","Oravské Veselé"
JuEyQXVJHfz,"JKV REAL",Prievidza,"okres Žilina","Rajecké Teplice","Rajecké Teplice"
Juady9vqBv8,"Ing. Marcela Pišteková",Turzovka,"okres Čadca",Klokočov,Klokočov
Juj0QibLMWk,"JPE. Reality - Jozef Pajer",Čadca,"okres Čadca","Krásno nad Kysucou",Stred
Ju3T5ymjwHh,"Realitná kancelária",Bratislava,"okres Martin",Vrútky,"Dolné Vrútky"
Ju-s0a69uoP,NULL,NULL,"okres Žilina",Rajec,Rajec
Jua9bDzVCPy,"RE/MAX Slovakia",Bratislava,"okres Ružomberok",Lisková,Lisková
Ju4sn1YIbXo,NULL,NULL,"okres Námestovo",Vavrečka,Vavrečka
JuUAzZ1DM53h,"FINREA - ak vám záleží na výsledku","Dolný Kubín","okres Martin",Martin,Stred
JuVWSdPVacq,"RE/MAX Slovakia",Bratislava,"okres Liptovský Mikuláš",Ľubeľa,Ľubeľa
JuoeXyKL-xw,"TB Real, spol. s r.o.",Košice,"okres Martin",Martin,"Kolónia Hviezda"
JuU-CdEC7dE,"1. Reality Rent, s.r.o.",Žilina,"okres Čadca",Svrčinovec,Svrčinovec
JuyjJhU57Ie,"B10 Slovensko, a. s.",Žilina,"okres Martin",Dražkovce,Dražkovce
JuUOF1Y8GRc,"TUreality s.r.o.",Žilina,"okres Ružomberok",Martinček,Martinček
JuS_jt578hW,"FINREA - ak vám záleží na výsledku","Dolný Kubín","okres Žilina",Strečno,Strečno
JuTtMGChCvj,"TUreality s.r.o.",Žilina,"okres Ružomberok",Ivachnová,Ivachnová
JubSMkcIUwQ,"Piata Avenue",Žilina,"okres Žilina",Terchová,Terchová
JuUPsxDPB3P,"LICITOR group, a.s.",Žilina,"okres Dolný Kubín",Pribiš,Pribiš
JuNSm4v7OPl,"BeMi realitná kancelária",Nitra,"okres Čadca","Stará Bystrica","Stará Bystrica"
Ju85rN2RkNp,"ŽILINAREAL, s.r.o.",Žilina,"okres Žilina",Žilina,Bôrik
JuGV2Mc53Dd,"RE/MAX Slovakia",Bratislava,"okres Námestovo",Ťapešovo,Ťapešovo
Ju_8_vlnZwY,"IVANING, s. r. o.",Ružomberok,"okres Ružomberok",Ružomberok,"Biely Potok"
JulClHeflP9,"Babony TRE s.r.o.",Bratislava,"okres Žilina","Lietavská Lúčka","Lietavská Lúčka"
JuQiG2ih2SK,"HALO reality, s.r.o.",Prievidza,"okres Liptovský Mikuláš","Liptovský Mikuláš",Demänová
JugmUi1YrCL,NULL,NULL,"okres Turčianske Teplice",Jasenovo,Jasenovo
JuAUegGsDW_,"TARGETreal s. r. o.",Žilina,"okres Turčianske Teplice",Turček,Turček
JuLc8gW9OHd,"RS Mansory s.r.o.",Bratislava,"okres Žilina",Žilina,Závodie
JuD5IEP-_uU,"TUreality s.r.o.",Žilina,"okres Žilina","Lietavská Svinná-Babkov","Lietavská Svinná-Babkov"
Juh02qpId7f,"HOLESTIAK.sk reality s.r.o.",Čadca,"okres Čadca",Čadca,Rieka
JudW0vCLa-q,"ŽILINAREAL, s.r.o.",Žilina,"okres Žilina",Žilina,Budatín
JuZSCNK7v3l,"RIEŠIME BÝVANIE",Bratislava,"okres Žilina",Žilina,"Staré mesto"
JuNXUaLV7F5,"HOLESTIAK.sk reality s.r.o.",Čadca,"okres Čadca",Čadca,Kyzkovci
Jubpxb0JsTj,"Trioreality, s.r.o.",Čadca,"okres Čadca",Klokočov,Klokočov
Ju4kDIYSKlj,"RIEŠIME BÝVANIE",Bratislava,"okres Martin",Žabokreky,Žabokreky
Jua9FHHUfWA,"Realitné kancelárie SR",Bratislava,"okres Turčianske Teplice","Slovenské Pravno","Slovenské Pravno"
JufVXI6GuhC,"BV REAL PD, s.r.o.",Prievidza,"okres Turčianske Teplice","Horná Štubňa","Horná Štubňa"
Juevnd4jsoA,"ROMDOM, s. r. o",Žilina,"okres Kysucké Nové Mesto",Nesluša,Nesluša
JuY6OUpbXjU,"Realitná kancelária RED, s.r.o.",Žilina,"okres Žilina",Mojš,Mojš
Jug6zZpbgms,"RIEŠIME BÝVANIE",Bratislava,"okres Žilina",Terchová,Terchová
JuP0XzI2a8X,"RE/MAX Slovakia",Bratislava,"okres Námestovo",Lomná,Lomná
JuQ_I0ff1WB,"TOCA, s.r.o. Realitná činnosť",Bytča,"okres Bytča",Kotešová,Kotešová
JuxsRe4hFI1,"ALT REAL, s.r.o.",Martin,"okres Martin","Košťany nad Turcom","Košťany nad Turcom"
JurFmDveVmQ,NULL,NULL,"okres Čadca",Radôstka,Radôstka
JuqBCTYKWBNV,"Nové bývanie",Nitra,"okres Žilina","Rajecké Teplice",Poluvsie
JuOH45yXH5x,"Wealth Group, s.r.o.","Nová Dedinka","okres Žilina",Rajec,Rajec
JuNAkKLTuvU,"TARGETreal s. r. o.",Žilina,"okres Žilina",Brezany,Brezany
JubXfE9326q,"RESIDENCE realitná kancelária","Liptovský Mikuláš","okres Liptovský Mikuláš","Liptovský Mikuláš",Bodice
JurPQrgAzVa,"ROMDOM, s. r. o",Žilina,"okres Žilina",Varín,Varín
JuO0hdGmTXM,"Reality AK, spol. s r.o.",Martin,"okres Martin","Kláštor pod Znievom","Kláštor pod Znievom"
Ju99F1V9-a5,"Reality Alpia",Martin,"okres Martin",Vrútky,"Karvaša a Bláhovca"
JuGAfyDq6Le,"BeMi realitná kancelária",Nitra,"okres Liptovský Mikuláš","Liptovská Kokava","Liptovská Kokava"
Jud-pgAdAnR,"Realitné kancelárie SR",Bratislava,"okres Žilina",Žilina,Závodie
JunMD2_PHX1,"R2 SK, s.r.o.",Žilina,"okres Žilina",Žilina,Budatín
Jut9hBMvkj1,"Realitná kancelária RED, s.r.o.",Žilina,"okres Žilina",Hôrky,Hôrky
JuNkZt-5-PV,"Vianema s.r.o.",Bratislava,"okres Martin",Martin,Stred
JuMIjDzPJlV,"Realitná kancelária RED, s.r.o.",Žilina,"okres Žilina","Dolná Tižina","Dolná Tižina"
Ju08TjjVb3y,"TUreality s.r.o.",Žilina,"okres Žilina",Mojš,Mojš
Juove7AkwvT,"ALT REAL, s.r.o.",Martin,"okres Martin",Valča,Valča
JuqQL7cMBce,"WFG reality, s.r.o.",Žilina,"okres Žilina",Žilina,Bôrik
JuoK79RAO1k,"HOLESTIAK.sk reality s.r.o.",Čadca,"okres Čadca",Čadca,Horelica
JuyE1SKm9MG,"RE/MAX Slovakia",Bratislava,"okres Dolný Kubín","Dolný Kubín","Veľký Bysterec"
JugZv3txcdX,"REALITY SPOLU",Bratislava,"okres Liptovský Mikuláš","Liptovský Mikuláš",Palúdzka
JuAUIyCgthV,"Ing.Zuzana Paverová","Turčianske Teplice","okres Turčianske Teplice",Dubové,Dubové
Ju2CLffbgDO,"Realitné kancelárie SR",Bratislava,"okres Čadca",Čierne,Čierne
JulOKuOiom0,"Reality AK, spol. s r.o.",Martin,"okres Martin",Martin,Stráne
JuV6m-uCHri,"NajBývanie, s.r.o.",Ružomberok,"okres Ružomberok",Komjatná,Komjatná
Ju1ofqUKnGJ,NULL,NULL,"okres Bytča",Bytča,"Veľká Bytča"
JuPf2GxFke-,"Realitné kancelárie SR",Bratislava,"okres Martin",Martin,Jahodníky
JuBb5_6WbFx,liptoreal,"Liptovský Mikuláš","okres Liptovský Mikuláš",Prosiek,Prosiek
JuBFSGXIbQg,"Reality D.P.A.",Martin,"okres Martin",Martin,Stred
JuSEx_tCHgm,"Reality ASTORIA, s.r.o.",Martin,"okres Martin",Sučany,Sučany
Ju8D90dPeWn,"TRI LIPY, s. r. o.",Čadca,"okres Čadca","Stará Bystrica","Stará Bystrica"
JuSIu9gfLrM,"Reality Alpia",Martin,"okres Martin",Turany,Turany
JuZZAG3gZ4P,"Realitné kancelárie SR",Bratislava,"okres Martin",Bystrička,Bystrička
Jubw55XES_L,"Realitná kancelária RED, s.r.o.",Žilina,"okres Žilina",Rajec,Rajec
Ju4qLAERlSe,"HERRYS s.r.o.",Bratislava,"okres Turčianske Teplice",Sklené,Sklené
Ju7bwTEg95z,"RES GROUP, s.r.o.",Žilina,"okres Martin",Slovany,Slovany
JuyVs7iUVpH,"Real Estate Group4U","Považská Bystrica","okres Žilina",Žilina,Budatín
JuQLhnk0fIJ,"RK Dalmia s. r. o.","Dolný Kubín","okres Námestovo",Bobrov,Bobrov
JuTHsp0WSDj,"B10 Slovensko, a. s.",Žilina,"okres Čadca",Čierne,Čierne
Juq9xnQNQkn,donidDevelop,"Dolný Kubín","okres Ružomberok","Liptovské Sliače","Liptovské Sliače"
JuyzhTATpQT,"RS Mansory s.r.o.",Bratislava,"okres Žilina","Rajecké Teplice","Rajecké Teplice"
Ju201YVcPl9,"Reality Alpia",Martin,"okres Martin",Martin,Priekopa
JuEkXTiy4W0,"Ing. Marcela Pišteková",Turzovka,"okres Čadca",Turzovka,Predmier
JuRCZxG-Ooz,"Romantické Chalupy, s.r.o.",Bratislava,"okres Turčianske Teplice",Brieštie,Brieštie
Ju2g9qDY7C2,"LAVENTURA s.r.o.",Žilina,"okres Žilina","Lietavská Lúčka","Lietavská Lúčka"
JuiurmGxqdw,jabyvam.sk,"Liptovský Mikuláš","okres Liptovský Mikuláš",Galovany,Galovany
Ju5l4eqQWuo,NULL,NULL,"okres Martin","Dolný Kalník","Dolný Kalník"
JubPnkGYuzd,"Romantické Chalupy, s.r.o.",Bratislava,"okres Žilina","Lietavská Svinná-Babkov","Lietavská Svinná-Babkov"
JutUghljOFb,"TARGETreal s. r. o.",Žilina,"okres Martin","Košťany nad Turcom","Košťany nad Turcom"
JuOcMarFG9f,"B10 Slovensko, a. s.",Žilina,"okres Martin",Martin,Priekopa
Ju1nsnm6Thh,"Realitné kancelárie SR",Bratislava,"okres Martin",Sučany,Sučany
JueL_62vkzy,"Arvin & Benet",Bratislava,"okres Bytča",Petrovice,Petrovice
JuZ5Od87-Gum,"Real Estate Group4U","Považská Bystrica","okres Žilina","Kamenná Poruba","Kamenná Poruba"
JuVjafOp1qo,"RESIDENCE realitná kancelária","Liptovský Mikuláš","okres Liptovský Mikuláš",Jamník,Jamník
Ju83GL9bzob,"Reality Alpia",Martin,"okres Liptovský Mikuláš",Pribylina,Pribylina
JuOWTKqdph-,"TARGETreal s. r. o.",Žilina,"okres Žilina",Brezany,Brezany
JuJ_aSROqsa,"Realitná kancelária RED, s.r.o.",Žilina,"okres Bytča",Maršová-Rašov,Maršová-Rašov
JuZb8UCK_rZ,"Romantické Chalupy, s.r.o.",Bratislava,"okres Čadca",Svrčinovec,Svrčinovec
JuTlV6vu9KV,"RK ANNA, s.r.o.",Bratislava,"okres Čadca",Turzovka,Hlinené
Ju50VIWT3Qq,NULL,NULL,"okres Čadca","Nová Bystrica","Nová Bystrica"
JuHMOf4_aEt,"OVERENÉ REALITY","Banská Bystrica","okres Martin",Martin,Podháj
JuExQtw6qVs,"TOCA, s.r.o. Realitná činnosť",Bytča,"okres Žilina",Bitarová,Bitarová
JuWdOUuOqTq,"Realitná kancelária RED, s.r.o.",Žilina,"okres Bytča","Veľké Rovné","Veľké Rovné"
JuCQquJMobX,jabyvam.sk,"Liptovský Mikuláš","okres Liptovský Mikuláš","Liptovský Mikuláš","Staré mesto"
JueH30MBugi,"FINREA - ak vám záleží na výsledku","Dolný Kubín","okres Martin",Turany,Turany
JuCZFv2-6ou,"Reality AK, spol. s r.o.",Martin,"okres Martin",Sučany,Sučany
Juy0vY_LraB,NULL,NULL,"okres Ružomberok",Lisková,Lisková
JuRmVJrYF51,"HALO reality, s.r.o.",Prievidza,"okres Žilina",Rajec,Rajec
JuZeXFkM1A9,"WFG reality, s.r.o.",Žilina,"okres Čadca","Dlhá nad Kysucou","Dlhá nad Kysucou"
JuiNO66g3Yc,"Reality Alpia",Martin,"okres Liptovský Mikuláš","Liptovský Trnovec","Liptovský Trnovec"
Ju3B-41JURa,"ŽILINAREAL, s.r.o.",Žilina,"okres Žilina",Bitarová,Bitarová
JuVYoseZcjb,"Stanislav Slovák",Příbor,"okres Čadca","Vysoká nad Kysucou","Vysoká nad Kysucou"
JuOrdDmjklk,"Nové bývanie",Nitra,"okres Liptovský Mikuláš","Nižná Boca","Nižná Boca"
Juqo9ur2oSk,"1. Reality Rent, s.r.o.",Žilina,"okres Čadca",Raková,Raková
JuUtFPHm2FJ,"HOLESTIAK.sk reality s.r.o.",Čadca,"okres Čadca",Skalité,Skalité
JuRXV1iFSPA,"B10 Slovensko, a. s.",Žilina,"okres Liptovský Mikuláš","Partizánska Ľupča","Partizánska Ľupča"
JuvFd0GqZEL,"Romantické Chalupy, s.r.o.",Bratislava,"okres Čadca",Zákopčie,Zákopčie
JuYLfbh2sq3,"Joyel s.r.o.",Galanta,"okres Ružomberok","Liptovská Osada","Liptovská Osada"
JurXt03mBLY,"ŽILINAREAL, s.r.o.",Žilina,"okres Žilina",Bitarová,Bitarová
JuMWbh-aIKq,"MGM reality",Žilina,"okres Žilina",Žilina,Bôrik
Ju6T3Ft89-v,"Buby reality, s.r.o.",Žilina,"okres Martin",Martin,Záturčie
JupleqZX_5c,"HALO reality, s.r.o.",Prievidza,"okres Liptovský Mikuláš",Važec,Važec
JuFiX3Sq3vG,"HALO reality, s.r.o.",Prievidza,"okres Liptovský Mikuláš",Važec,Važec
JuHzPHOV8gk,NULL,NULL,"okres Martin",Valča,Valča
JugTUA5gS8g,"JPE. Reality - Jozef Pajer",Čadca,"okres Čadca",Čadca,Milošová
Ju-2ATFv9rv,"MGM reality",Žilina,"okres Žilina",Žilina,Trnové
Ju-DaLUFFrZO,"1. Reality Rent, s.r.o.",Žilina,"okres Čadca",Zákopčie,Zákopčie
JulhD_NcT3W,"JPE. Reality - Jozef Pajer",Čadca,"okres Čadca",Čadca,"U Hluška"
JuR8MtfJ_hy,jabyvam.sk,"Liptovský Mikuláš","okres Ružomberok",Bešeňová,Bešeňová
JuTYVNH1hyq,"Realitná kancelária RED, s.r.o.",Žilina,"okres Žilina",Žilina,Závodie
JueXmDjP7zd,"Realitné kancelárie SR",Bratislava,"okres Žilina",Žilina,Budatín
JuNLZwMInNc,"Realitné kancelárie SR",Bratislava,"okres Bytča",Kotešová,Kotešová
JuHhaEPAecH,"Realitná kancelária RED, s.r.o.",Žilina,"okres Žilina",Žilina,Budatín
JuybIukKsI-,NULL,NULL,"okres Kysucké Nové Mesto",Ochodnica,Ochodnica
JuJ_XP7nrRJ,"Piata Avenue",Žilina,"okres Martin",Martin,Priekopa
JuFneDQjvVa,"Realitné kancelárie SR",Bratislava,"okres Žilina",Žilina,"Staré mesto"
JuUd1zO7Wmq,"RK SPIRIT s.r.o.","Liptovský Mikuláš","okres Liptovský Mikuláš",Východná,Východná
JuWTFerinZc,NULL,NULL,"okres Námestovo",Námestovo,Stred
Ju65DXWDqfO,"Reality Alpia",Martin,"okres Žilina","Malá Čierna","Malá Čierna"
JuUTEYZS5iH,"Realitné kancelárie SR",Bratislava,"okres Martin","Turčianske Kľačany","Turčianske Kľačany"
JulIOnbqCxs,"MK-CORP s.r.o.",Malacky,"okres Liptovský Mikuláš","Partizánska Ľupča","Partizánska Ľupča"
JuJpcjTfX3t,"ROMDOM, s. r. o",Žilina,"okres Kysucké Nové Mesto","Kysucký Lieskovec","Kysucký Lieskovec"
JunoisVSjsE,"RK SPIRIT s.r.o.","Liptovský Mikuláš","okres Liptovský Mikuláš",Dúbrava,Dúbrava
JuX0rjtWptr,"VAŠA REALITKA s.r.o.",Ružomberok,"okres Ružomberok","Liptovská Lúžna","Liptovská Lúžna"
JuzqOH1xdi0,"BeMi realitná kancelária",Nitra,"okres Čadca",Klokočov,Klokočov
JuUrORAsIzH,"KARIN & PARTNERS, s.r.o.",Bratislava,"okres Turčianske Teplice",Sklené,Sklené
Ju0jlVjeum2,"Safe reality s. r. o.",Žilina,"okres Kysucké Nové Mesto",Radoľa,Radoľa
Ju-n3HBlCLs,"HALO reality, s.r.o.",Prievidza,"okres Liptovský Mikuláš","Liptovský Trnovec","Liptovský Trnovec"
JuFjizTs4O6,NULL,NULL,"okres Čadca",Oščadnica,Oščadnica
Juay0YLi6eq,"HALO reality, s.r.o.",Prievidza,"okres Liptovský Mikuláš",Huty,Huty
JumqzlfG1o5,"OVERENÉ REALITY","Banská Bystrica","okres Ružomberok",Lisková,Lisková
JuUVlQMhocg,"Reality Center, s.r.o.",Martin,"okres Turčianske Teplice","Malý Čepčín","Malý Čepčín"
JuIvAW7ErKL,jabyvam.sk,"Liptovský Mikuláš","okres Liptovský Mikuláš","Liptovský Mikuláš","Vrbica - Nábrežie"
Juomcnw1rQn,"Realitná kancelária Peter Hubka","Liptovský Mikuláš","okres Liptovský Mikuláš",Vavrišovo,Vavrišovo
JuRDPYuJ-Ru,"BeMi realitná kancelária",Nitra,"okres Námestovo",Zubrohlava,Zubrohlava
JuVmgN9tviU,"Real Estate Group4U","Považská Bystrica","okres Žilina",Rajec,Rajec
JuHZ1_tqsoJ,"TARGETreal s. r. o.",Žilina,"okres Turčianske Teplice",Háj,Háj
JuRsx7ULgvE,"TUreality s.r.o.",Žilina,"okres Liptovský Mikuláš",Ižipovce,Ižipovce
Juu-17oAoC1,"R2 SK, s.r.o.",Žilina,"okres Žilina",Žilina,"Považský Chlmec"
JuHTrpBIwLH,"HOLESTIAK.sk reality s.r.o.",Čadca,"okres Čadca","Zborov nad Bystricou","Zborov nad Bystricou"
JuXRdny6i_s,"RS Mansory s.r.o.",Bratislava,"okres Bytča",Kolárovice,Kolárovice
JugRw5WlFvo,"CPM Real Estate",Bratislava,"okres Martin","Košťany nad Turcom","Košťany nad Turcom"
JufGT_MaCUz,"BR ACADEMY, s. r. o.","Kysucké Nové Mesto","okres Kysucké Nové Mesto",Rudinská,Rudinská
Juoz04a647Q,"ŽILINAREAL, s.r.o.",Žilina,"okres Žilina",Žilina,Budatín
Jul4_uLItfd,"BeMi realitná kancelária",Nitra,"okres Čadca",Čadca,Horelica
Ju1Kl-Z5Rmy,"1. Reality Rent, s.r.o.",Žilina,"okres Čadca",Svrčinovec,Svrčinovec
JuyNnLnMYyC,"SLNOVRAT, s.r.o.",Olešná,"okres Čadca",Oščadnica,Oščadnica
JuF46fUq-Yw,"YNI reality",Žilina,"okres Martin",Blatnica,Blatnica
JuKQcfqPzaF,"IVANING, s. r. o.",Ružomberok,"okres Ružomberok",Ľubochňa,Ľubochňa
Jum6j-Ej2-f,"Mgr. Silvia Lukáčová - RealPoint",Martin,"okres Martin","Turčianske Kľačany","Turčianske Kľačany"
JuytovsywXn,"Bosen Group s.r.o.",Bratislava,"okres Žilina",Bitarová,Bitarová
JucRk_dUu__,"PT-com s. r. o.","Banská Bystrica","okres Liptovský Mikuláš",Ižipovce,Ižipovce
JuWBhReJsOQ,"Reality Alpia",Martin,"okres Ružomberok",Ružomberok,"Staré mesto"
Jub5AmyEEcs,"BeMi realitná kancelária",Nitra,"okres Čadca",Makov,Makov
JuobJik_lQu,"FINREA - ak vám záleží na výsledku","Dolný Kubín","okres Martin",Žabokreky,Žabokreky
JupxniZ3HTo,"B10 Slovensko, a. s.",Žilina,"okres Turčianske Teplice",Brieštie,Brieštie
JuT8nBQBdJW,"RES GROUP, s.r.o.",Žilina,"okres Turčianske Teplice",Dubové,Dubové
JuX6zPqRWEF,"Reality Center, s.r.o.",Martin,"okres Martin",Vrútky,"Dolné Vrútky"
JuMM6zZvZxw,"TOCA, s.r.o. Realitná činnosť",Bytča,"okres Bytča",Bytča,"Hliník nad Váhom"
JuBhi6vWwWF,"RESIDENCE realitná kancelária","Liptovský Mikuláš","okres Ružomberok",Hubová,Hubová
Jud1nB5cUDA,"BeMi realitná kancelária",Nitra,"okres Námestovo",Ťapešovo,Ťapešovo
JusY0XVc742,"R2 SK, s.r.o.",Žilina,"okres Žilina",Varín,Varín
Ju0x3Q-Isx2,"Reality Alpia",Martin,"okres Martin",Martin,Jahodníky
JusBzzX4MYn,"Financie a reality od A po Z",Martin,"okres Martin",Martin,Stráne
JuTbyPBzXmh,"Wealth Group, s.r.o.","Nová Dedinka","okres Čadca","Zborov nad Bystricou","Zborov nad Bystricou"
JuyGuuau4bp,"HOLESTIAK.sk reality s.r.o.",Čadca,"okres Čadca",Skalité,Skalité
JuZg89p6Hy7,"TARGETreal s. r. o.",Žilina,"okres Žilina",Terchová,Terchová
JuEnivfsQqG,"HALO reality, s.r.o.",Prievidza,"okres Turčianske Teplice","Horná Štubňa","Horná Štubňa"
Ju90ROUj5tm,"OVERENÉ REALITY","Banská Bystrica","okres Liptovský Mikuláš",Ľubeľa,Ľubeľa
JuIgiXtxn7E,"Realitné kancelárie SR",Bratislava,"okres Martin",Martin,Stráne
JufpZ_mPYDs,"ARBIZ real estate & finance s. r. o.",Ružomberok,"okres Ružomberok",Ľubochňa,Ľubochňa
Ju1ty2ZUYgk,"RECLOUD Reality a.s.",Bratislava,"okres Martin",Príbovce,Príbovce
JuGmzsgn_AA,"WFG reality, s.r.o.",Žilina,"okres Kysucké Nové Mesto","Kysucké Nové Mesto",Oškerda
Ju_5Xv4V0EB,"RECLOUD Reality a.s.",Bratislava,"okres Liptovský Mikuláš","Liptovský Hrádok",Dovalovo
JuQuGs-1s6D,"REALITY SPOLU",Bratislava,"okres Čadca",Turzovka,Stred
JuZvI3pSm0g,"RIEŠIME BÝVANIE",Bratislava,"okres Žilina","Lietavská Svinná-Babkov","Lietavská Svinná-Babkov"
Ju4QNdSEtTJo,"ADH-REAL s.r.o. Hirjaková Adriana",Ovčiarsko,"okres Bytča",Bytča,"Bytča - sever"
JuhaIw0usS1,"Piata Avenue",Žilina,"okres Čadca","Krásno nad Kysucou",Blažkov
JuTyI-EzXJs,"BR ACADEMY, s. r. o.","Kysucké Nové Mesto","okres Žilina",Žilina,"Staré mesto"
Ju6Y8lDrPPx,NULL,NULL,"okres Žilina",Hôrky,Hôrky
JuRjgYMudUi,"TARGETreal s. r. o.",Žilina,"okres Bytča",Kotešová,Kotešová
JuQMRIcKumi,"ARBIZ real estate & finance s. r. o.",Ružomberok,"okres Liptovský Mikuláš",Ľubeľa,Ľubeľa
JuemrlNxbW5,"Reality Alpia",Martin,"okres Ružomberok",Ružomberok,Polík
JueAKgCSgAy,"RES GROUP, s.r.o.",Žilina,"okres Žilina",Turie,Turie
Ju73dWwYIf4,"AstonReal s.r.o.","Banská Bystrica","okres Ružomberok","Liptovské Sliače","Liptovské Sliače"
JuL77Ktof8v,"Reality Alpia",Martin,"okres Ružomberok","Liptovská Štiavnica","Liptovská Štiavnica"
Juwx2kMBKdR,"BeMi realitná kancelária",Nitra,"okres Kysucké Nové Mesto",Povina,Povina
Ju11dVJkRkl,NajlepšíMakléri.sk,Bratislava,"okres Žilina",Žilina,Závodie
Ju6OXC5e_2f,"Reality Alpia",Martin,"okres Liptovský Mikuláš",Jakubovany,Jakubovany
JuAWKeHNgzP,"Direct Real, spol. s r.o.",Bratislava,"okres Liptovský Mikuláš",Východná,Východná
JufFtzCmoZI,"MGM reality",Žilina,"okres Žilina",Rosina,Rosina
JuT75QcQxxP,"OREA, s.r.o.","Dolný Kubín","okres Dolný Kubín","Dolný Kubín","Malý Bysterec"
JunaNl4t7YD,"Piata Avenue",Žilina,"okres Žilina",Žilina,Bytčica
Ju_rwk44XIO,"MGM reality",Žilina,"okres Žilina",Žilina,Závodie
JuDlx9y21vs,"RECLOUD Reality a.s.",Bratislava,"okres Turčianske Teplice",Turček,Turček
JuaEOE3NvBE,"Reality MT s.r.o.",Martin,"okres Martin",Rakovo,Rakovo
Juidd703LOU,"Realitná kancelária RED, s.r.o.",Žilina,"okres Žilina",Lysica,Lysica
Ju-OE670leB,"TOCA, s.r.o. Realitná činnosť",Bytča,"okres Bytča",Predmier,Predmier
JukIEPbTzbs,"K&B Partners, s.r.o.",Trenčín,"okres Žilina",Hôrky,Hôrky
JuRG-vEhd9B,"Piata Avenue",Žilina,"okres Žilina","Lietavská Lúčka","Lietavská Lúčka"
Ju9pzA6kp29,"B10 Slovensko, a. s.",Žilina,"okres Čadca",Makov,Makov
Juf5JJugsJj,"Romantické Chalupy, s.r.o.",Bratislava,"okres Turčianske Teplice","Horná Štubňa","Horná Štubňa"
JulEUnG0Jam,"Realitné kancelárie SR",Bratislava,"okres Turčianske Teplice","Turčianske Teplice",Stred
Ju0Bq6SU1wr,"Real Estate Group4U","Považská Bystrica","okres Žilina","Rajecké Teplice","Rajecké Teplice"
Juk1Q-owy0o,jabyvam.sk,"Liptovský Mikuláš","okres Liptovský Mikuláš","Liptovský Mikuláš",Okoličné
Ju9iqAyYgBP,"Like Reality s.r.o.","Považská Bystrica","okres Martin",Martin,Priekopa
JuRU-kTFsF-J,"Romantické Chalupy, s.r.o.",Bratislava,"okres Turčianske Teplice","Horná Štubňa","Horná Štubňa"
JuO6fvSVJ1V,"MG real, s.r.o.",Topoľčany,"okres Čadca",Klokočov,Klokočov
JuGR3fH9qik,"TOCA, s.r.o. Realitná činnosť",Bytča,"okres Žilina",Bitarová,Bitarová
Jun_xJ64Vjc,"TARGETreal s. r. o.",Žilina,"okres Žilina",Konská,Konská
JuH_zZRV3ue,"REALITY SPOLU",Bratislava,"okres Liptovský Mikuláš",Bobrovec,Bobrovec
Juo44m6iiNj,"RIEŠIME BÝVANIE",Bratislava,"okres Žilina",Žilina,"Staré mesto"
JuTTJWsaBgO,"ETHOS reality, s. r. o.","Krásno nad Kysucou","okres Čadca","Zborov nad Bystricou","Zborov nad Bystricou"
Ju56OOXxa00,"FINREA - ak vám záleží na výsledku","Dolný Kubín","okres Dolný Kubín",Párnica,Párnica
JusG-CBmKRn,"WFG reality, s.r.o.",Žilina,"okres Liptovský Mikuláš",Trstené,Trstené
Ju-ovwkHGP4,"Realitné kancelárie SR",Bratislava,"okres Bytča","Veľké Rovné","Veľké Rovné"
Ju7tj2F-ptw,"Reality ASTORIA, s.r.o.",Martin,"okres Martin",Martin,Stráne
JuWpJ-Sbi1l,"1. Reality Rent, s.r.o.",Žilina,"okres Čadca",Turzovka,Stred
Ju9ruJn5dvg,"Buby reality, s.r.o.",Žilina,"okres Martin",Slovany,Slovany
Ju2peJN838G,"Reality IQ, s.r.o.",Žilina,"okres Žilina",Svederník,Svederník
JuKxAN_EaMu,"MGM reality",Žilina,"okres Žilina",Terchová,Terchová
Juc0OLvyRFq,"TOCA, s.r.o. Realitná činnosť",Bytča,"okres Bytča",Bytča,"Hliník nad Váhom"
Ju3paQMk-CF,"Realitné kancelárie SR",Bratislava,"okres Dolný Kubín","Sedliacka Dubová","Sedliacka Dubová"
Ju1ogGmfwSn,NULL,NULL,"okres Žilina",Konská,Konská
JuG7o38qa_3q,"Realitná kancelária DR, s.r.o.",Martin,"okres Martin","Turčiansky Peter","Turčiansky Peter"
JumEIr24W_g,"Ing.Zuzana Paverová","Turčianske Teplice","okres Turčianske Teplice","Slovenské Pravno","Slovenské Pravno"
Juq9Pjjnp8z,"ALT REAL, s.r.o.",Martin,"okres Ružomberok","Liptovská Štiavnica","Liptovská Štiavnica"
JuXqO07RrTD,"Reality MT s.r.o.",Martin,"okres Turčianske Teplice","Turčianske Teplice","Turčiansky Michal"
JuYcAohEk_m,"PhDr. Miloš Kocúr - BKM Consulting",Skalité,"okres Čadca",Svrčinovec,Svrčinovec
JuT5ppNKCia,"TRI LIPY, s. r. o.",Čadca,"okres Čadca",Raková,Raková
Ju-75DBwgfk,"Reality D.P.A.",Martin,"okres Martin",Sučany,Sučany
JureCrsruRg,"TUreality s.r.o.",Žilina,"okres Liptovský Mikuláš","Liptovský Hrádok",Prekážka
JutHib1B1xR,"TUreality s.r.o.",Žilina,"okres Kysucké Nové Mesto","Kysucký Lieskovec","Kysucký Lieskovec"
JuB8NSIuUep,"Realitná kancelária",Bratislava,"okres Žilina",Žilina,Brodno
Juw8ClGcgML,"NajBývanie, s.r.o.",Ružomberok,"okres Ružomberok",Stankovany,Stankovany
Juue_okjXNw,"ADH-REAL s.r.o. Hirjaková Adriana",Ovčiarsko,"okres Bytča",Bytča,"Bytča - sever"
JugpipVmZe_,"1. Reality Rent, s.r.o.",Žilina,"okres Kysucké Nové Mesto","Kysucké Nové Mesto","Budatínska Lehota"
JujzuFjr_sw,"RESIDENCE realitná kancelária","Liptovský Mikuláš","okres Liptovský Mikuláš","Svätý Kríž","Svätý Kríž"
JuXTh3yHj3W,"Reality MT s.r.o.",Martin,"okres Martin","Košťany nad Turcom","Košťany nad Turcom"
JuucJQK8h5P,"HALO reality, s.r.o.",Prievidza,"okres Liptovský Mikuláš","Nižná Boca","Nižná Boca"
JupsrE6Y27i,"Reality Alpia",Martin,"okres Martin",Martin,Stráne
Juf1-SHsN6y,"OVERENÉ REALITY","Banská Bystrica","okres Ružomberok",Ružomberok,"Staré mesto"
JuEljZtEPoT,"RS Mansory s.r.o.",Bratislava,"okres Čadca",Raková,Raková
Juxato9q4rN,"Realitná kancelária RED, s.r.o.",Žilina,"okres Žilina",Kľače,Kľače
JuDQ5AS8LzC,"Romantické Chalupy, s.r.o.",Bratislava,"okres Liptovský Mikuláš","Liptovský Ondrej","Liptovský Ondrej"
JusAHp2VimF,"RESIDENCE realitná kancelária","Liptovský Mikuláš","okres Liptovský Mikuláš",Východná,Východná
JuWdcFlgLA9,"Realitná kancelária RED, s.r.o.",Žilina,"okres Žilina",Turie,Turie
JuSSMtgR56t,"Real Estate Group4U","Považská Bystrica","okres Žilina",Ovčiarsko,Ovčiarsko
JuirYeDybOq,NULL,NULL,"okres Žilina",Podhorie,Podhorie
JuQ3jpCSPOt,"NajBývanie, s.r.o.",Ružomberok,"okres Ružomberok",Ludrová,Ludrová
JuVHwGe_6K2,"RES GROUP, s.r.o.",Žilina,"okres Žilina",Višňové,Višňové
Juyxeic3AFZ,"HOLESTIAK.sk reality s.r.o.",Čadca,"okres Čadca",Turzovka,Hlinené
Ju5nlLB7ljN,"Realitná kancelária RED, s.r.o.",Žilina,"okres Žilina",Žilina,Bytčica
JuLfF3NK-DH,"MGM reality",Žilina,"okres Žilina",Žilina,Trnové
Jup1g8TJ1Ud,NULL,NULL,"okres Martin","Kláštor pod Znievom","Kláštor pod Znievom"
JuHXcrjjNm5,"KARIN & PARTNERS, s.r.o.",Bratislava,"okres Ružomberok","Valaská Dubová","Valaská Dubová"
JudSeGPXKHG,"Ing. Marcela Pišteková",Turzovka,"okres Čadca","Vysoká nad Kysucou","Vysoká nad Kysucou"
JuU3IYp6uhY,"Ing.Zuzana Paverová","Turčianske Teplice","okres Martin",Vrútky,"Dolné Vrútky"
JuobOWSlbyq,"Realitná kancelária RED, s.r.o.",Žilina,"okres Žilina","Rajecké Teplice","Rajecké Teplice"
Jup4EgHcPTP,NULL,NULL,"okres Ružomberok","Liptovské Revúce","Liptovské Revúce"
Ju8g_PgmzSw,"JPE. Reality - Jozef Pajer",Čadca,"okres Čadca",Svrčinovec,Svrčinovec
JuWoB6KY-Fv,"TARGETreal s. r. o.",Žilina,"okres Žilina","Teplička nad Váhom","Teplička nad Váhom"
Jujja8Oem9Ja,"MGM reality",Žilina,"okres Námestovo",Zubrohlava,Zubrohlava
JutFPWQnH3V,"Reality Alpia",Martin,"okres Liptovský Mikuláš",Bobrovec,Bobrovec
JuTPpgXbJM9,"ŽILINAREAL, s.r.o.",Žilina,"okres Žilina",Višňové,Višňové
JuwlU3wQsXG,"Realitné kancelárie SR",Bratislava,"okres Liptovský Mikuláš",Jamník,Jamník
Ju_GJzZVy3l,"1. Reality Rent, s.r.o.",Žilina,"okres Čadca",Čadca,Husárikovci
Ju2MLh38AzW,"OVERENÉ REALITY","Banská Bystrica","okres Liptovský Mikuláš","Liptovský Mikuláš","Vrbica - Nábrežie"
JujrHGAONfL,"Buby reality, s.r.o.",Žilina,"okres Martin",Martin,Sever
JuiBk9pN0nv,"HOLESTIAK.sk reality s.r.o.",Čadca,"okres Čadca",Čadca,Milošová
JuqlrZXWQYv,"Real Global",Bratislava,"okres Čadca",Podvysoká,Podvysoká
JuLD_F55WFh,"JPE. Reality - Jozef Pajer",Čadca,"okres Čadca",Raková,Raková
JuQ_edW4pqG,"StorkReal s. r. o.","Rajecká Lesná","okres Žilina",Rajec,Rajec
JuLIxD4sKGK,"BeMi realitná kancelária",Nitra,"okres Žilina",Žilina,Rosinky
JuFh6vU7_2A,"TARGETreal s. r. o.",Žilina,"okres Žilina","Teplička nad Váhom","Teplička nad Váhom"
JuLNoFvHJ5G,"RESIDENCE realitná kancelária","Liptovský Mikuláš","okres Liptovský Mikuláš","Liptovský Mikuláš",NULL
Juhkwp9VTaS,"TUreality s.r.o.",Žilina,"okres Žilina",Stránske,Stránske
JusD2Dor1mJ,"RK SPIRIT s.r.o.","Liptovský Mikuláš","okres Liptovský Mikuláš",Východná,Východná
JuH3sZu4pdG,"Reality ASTORIA, s.r.o.",Martin,"okres Martin",Martin,"Kolónia Hviezda"
Ju6xP8_FpVZ,"BeMi realitná kancelária",Nitra,"okres Čadca",Čadca,Podzávoz
JuBfL7XLVQ9,"Realitná kancelária DR, s.r.o.",Martin,"okres Turčianske Teplice",Rudno,Rudno
JuKrQbUiYIO,"RIEŠIME BÝVANIE",Bratislava,"okres Liptovský Mikuláš",Pribylina,Pribylina
JudHzue4NhQ,"TUreality s.r.o.",Žilina,"okres Dolný Kubín",Zázrivá,Zázrivá
JuHkAYV6JoA,"GERT , s.r.o.","Liptovský Mikuláš","okres Liptovský Mikuláš",Bobrovec,Bobrovec
JurDwbnUMLP,"Reality Alpia",Martin,"okres Liptovský Mikuláš",Vlachy,Vlachy
Ju3lxuv_5ktW,"BeMi realitná kancelária",Nitra,"okres Čadca",Čadca,Podzávoz
Jugf4rDrfFo,"MGM reality",Žilina,"okres Žilina",Žilina,Závodie
JuZoVvDAQMx,"WFG reality, s.r.o.",Žilina,"okres Čadca","Dlhá nad Kysucou","Dlhá nad Kysucou"
JujkenW1_dD,"DOBRÉ REALITY s.r.o.",Prievidza,"okres Turčianske Teplice",Sklené,Sklené
JulOG-brCZ9,"HALO reality, s.r.o.",Prievidza,"okres Liptovský Mikuláš","Liptovský Hrádok",Dovalovo
JuIIElHC0cU,"1. Reality Rent, s.r.o.",Žilina,"okres Žilina",Žilina,"Malá Praha"
JuOwPTDIr94,"RE/MAX Slovakia",Bratislava,"okres Martin",Martin,Priekopa
Jug496eX3Gs,"Real Reality Development s.r.o.",Martin,"okres Turčianske Teplice",Mošovce,Mošovce
JuvykS9-KBJ0,"DreamReality s.r.o.",Žilina,"okres Žilina",Mojš,Mojš
JuTIxLYmsaK,"Reality Alpia",Martin,"okres Ružomberok",Hubová,Hubová
JuOddvSg_iO,"1. Reality Rent, s.r.o.",Žilina,"okres Čadca",Zákopčie,Zákopčie
Ju_f1P774-u,"ALT REAL, s.r.o.",Martin,"okres Žilina",Terchová,Terchová
JuLULBR692w,"RS Mansory s.r.o.",Bratislava,"okres Bytča","Veľké Rovné","Veľké Rovné"
Ju0LSKjfViu,"B10 Slovensko, a. s.",Žilina,"okres Dolný Kubín",Párnica,Párnica
JuFJihogKZr,"Reality Turiec s.r o.",Martin,"okres Martin","Turčianske Kľačany","Turčianske Kľačany"
Juw-GSUdmIG,"Mgr. Nina Herčková, RSc.",Žilina,"okres Žilina",Žilina,Bytčica
JujV2EHmiVM,"Wealth Group, s.r.o.","Nová Dedinka","okres Žilina",Žilina,Bánová
Ju-hUCgY0a1,"ROMDOM, s. r. o",Žilina,"okres Kysucké Nové Mesto","Kysucký Lieskovec","Kysucký Lieskovec"
JuAF4QcTzrfs,"Realitné kancelárie SR",Bratislava,"okres Turčianske Teplice","Turčianske Teplice",Diviaky
Ju_WEW0Dt4l,"RESIDENCE realitná kancelária","Liptovský Mikuláš","okres Liptovský Mikuláš","Liptovský Mikuláš",Andice
Jucdr_EmdH7,"DRR INVEST, s. r. o.","Horný Hričov","okres Žilina","Teplička nad Váhom","Teplička nad Váhom"
Ju5C1H5Abo0,"NajBývanie, s.r.o.",Ružomberok,"okres Ružomberok",Ružomberok,Hrboltová
Ju-cAw3rC7V,"Romantické Chalupy, s.r.o.",Bratislava,"okres Martin",Vrícko,Vrícko
JuRyz27itEW,"Reality Alpia",Martin,"okres Liptovský Mikuláš",Vlachy,Vlachy
JuPc1_kIcTs,"RE/MAX Slovakia",Bratislava,"okres Martin",Turany,Turany
JuJvW8l5-15,"BeMi realitná kancelária",Nitra,"okres Liptovský Mikuláš","Demänovská Dolina","Demänovská Dolina"
Ju0Eh3sKXhb,"Mgr. Silvia Lukáčová - RealPoint",Martin,"okres Martin",Martin,Priekopa
JuwEY-XQ--d,"Reality Alpia",Martin,"okres Liptovský Mikuláš",Vavrišovo,Vavrišovo
JujgHpJn1F3,"REALITY TATRY",Levoča,"okres Liptovský Mikuláš",Važec,Važec
JuCDqPuA034,"RE/MAX Slovakia",Bratislava,"okres Turčianske Teplice",Mošovce,Mošovce
JuhhjX7seSg,"Reality IQ, s.r.o.",Žilina,"okres Žilina",Žilina,Trnové
Ju9MyQ5uKi3,"AnoReal, s.r.o.",Stráňavy,"okres Žilina","Rajecké Teplice","Rajecké Teplice"
JuOzT9FClFp,"Like Reality s.r.o.","Považská Bystrica","okres Martin",Záborie,Záborie
Ju1tXdldNyS,liptoreal,"Liptovský Mikuláš","okres Liptovský Mikuláš","Liptovský Mikuláš","Staré mesto"
JuQ2hrgTY7r,"Realitná kancelária RED, s.r.o.",Žilina,"okres Liptovský Mikuláš",Pribylina,Pribylina
JuqU9D7znCx,"RIEŠIME BÝVANIE",Bratislava,"okres Turčianske Teplice","Turčianske Teplice",Stred
JuL3EMccaWT,"Apollo House",Bratislava,"okres Ružomberok","Liptovské Sliače","Liptovské Sliače"
Juo6QlN-W6H,"1. Reality Rent, s.r.o.",Žilina,"okres Žilina",Divinka,Divinka
JuXXQno7cBY,"TUreality s.r.o.",Žilina,"okres Liptovský Mikuláš",Podtureň,Podtureň
Ju3zQ1Nh4jQ,"Apollo House",Bratislava,"okres Ružomberok","Liptovské Sliače","Liptovské Sliače"
Junzj9FwgBR,jabyvam.sk,"Liptovský Mikuláš","okres Liptovský Mikuláš",Važec,Važec
JukPbMQp4vL,"VAŠA REALITKA s.r.o.",Ružomberok,"okres Ružomberok","Liptovské Sliače","Liptovské Sliače"
JukD8xcsDDl,"REAL21 Invest-consult, s.r.o.","Považská Bystrica","okres Žilina",Rajec,Rajec
JurZyKShYtB,"TUreality s.r.o.",Žilina,"okres Kysucké Nové Mesto","Horný Vadičov","Horný Vadičov"
JuIgoGx2_v8,"SLNOVRAT, s.r.o.",Olešná,"okres Čadca",Čadca,Rieka
JuwqZ5PtbUb,"RE/MAX Slovakia",Bratislava,"okres Martin",Martin,Jahodníky
JuxW1O4IZfX,"AstonReal s.r.o.","Banská Bystrica","okres Dolný Kubín",Kraľovany,Kraľovany
JuZCH4Z4GtW,"Reality ASTORIA, s.r.o.",Martin,"okres Martin",Vrútky,"Dolné Vrútky"
JuZfxEunNEv,"Realitná kancelária",Bratislava,"okres Čadca","Vysoká nad Kysucou","Vysoká nad Kysucou"
JudwE3rIvVz,"SLNOVRAT, s.r.o.",Olešná,"okres Čadca",Oščadnica,Oščadnica
Ju7kXMAX0QT,NULL,NULL,"okres Martin",Valča,Valča
JupYywFi6D_,"Real Estate Group4U","Považská Bystrica","okres Žilina",Bitarová,Bitarová
JuIGrD00dbC,"TUreality s.r.o.",Žilina,"okres Žilina",Žilina,Bytčica
JuV6E0eOThi,"RECLOUD Reality a.s.",Bratislava,"okres Liptovský Mikuláš","Liptovský Hrádok",Dovalovo
Jul4Dd3O9uR,"LIF REAL",Martin,"okres Martin","Kláštor pod Znievom","Kláštor pod Znievom"
JuFvFbiV3nGH,"PRIVAT Reality spol.s.r.o",Bratislava,"okres Kysucké Nové Mesto","Kysucký Lieskovec","Kysucký Lieskovec"
JulkobtfeMA,"RK SPIRIT s.r.o.","Liptovský Mikuláš","okres Liptovský Mikuláš",Dúbrava,Dúbrava
JuILcPMYY3I,"Reality IQ, s.r.o.",Žilina,"okres Čadca",Svrčinovec,Svrčinovec
Ju9prTXn5Xw,"B10 Slovensko, a. s.",Žilina,"okres Bytča",Kolárovice,Kolárovice
JuOXuzHr_5v,"1. Reality Rent, s.r.o.",Žilina,"okres Kysucké Nové Mesto","Kysucké Nové Mesto",NULL
JugA13oDi48,"Tribeca Group s. r. o",Žilina,"okres Žilina","Dolný Hričov","Dolný Hričov"
JuboTIFLqNK,"Buby reality, s.r.o.",Žilina,"okres Martin",Slovany,Slovany
JuDKS0g6D3f,"MGM reality",Žilina,"okres Žilina",Bitarová,Bitarová
JuJU1QTMNeE,"Reality AK, spol. s r.o.",Martin,"okres Turčianske Teplice",Jazernica,Jazernica
Ju4eYX0tWAV,"PhDr. Miloš Kocúr - BKM Consulting",Skalité,"okres Kysucké Nové Mesto",Snežnica,Snežnica
Jud5gsaD9sR,"HALO reality, s.r.o.",Prievidza,"okres Žilina",Krasňany,Krasňany
JuYDxLuRjG3,"VAŠE REALITY s.r.o.",Trenčín,"okres Martin",Trebostovo,Trebostovo
Juaq4WwW9vx,"Reality ASTORIA, s.r.o.",Martin,"okres Martin",Slovany,Slovany
JuOJxRj9DKw,"TARGETreal s. r. o.",Žilina,"okres Čadca",Čierne,Čierne
JuMfU94cmO0,"RECLOUD Reality a.s.",Bratislava,"okres Martin",Príbovce,Príbovce
JuwiSGum6al,"RS Mansory s.r.o.",Bratislava,"okres Žilina",Stránske,Stránske
JuDnu0rzPNR,"RESIDENCE realitná kancelária","Liptovský Mikuláš","okres Liptovský Mikuláš","Liptovský Ján","Liptovský Ján"
JuJ4xyA2Mvr,"RE/MAX Slovakia",Bratislava,"okres Martin",Podhradie,Podhradie
JudYTXBsh4Y,"RES GROUP, s.r.o.",Žilina,"okres Žilina",Divina,Divina
JupYVGV2PGl,"Reality Alpia",Martin,"okres Martin",Martin,Jahodníky
JuDwofoMvZp,"TUreality s.r.o.",Žilina,"okres Martin",Dražkovce,Dražkovce
JuqvJh14Wgu,"Reality Alpia",Martin,"okres Ružomberok",Ružomberok,"Biely Potok"
JuF72cqi1ME,"RIEŠIME BÝVANIE",Bratislava,"okres Žilina",Lietava,Lietava
JuT__REr8vI,"Reality Alpia",Martin,"okres Žilina",Žilina,"Staré mesto"
JuORrTudHFM,"REALITY SPOLU",Bratislava,"okres Ružomberok","Liptovská Lúžna","Liptovská Lúžna"
Ju4BYb2OXbI,"Reality Alpia",Martin,"okres Martin",Necpaly,Necpaly
JuWoCIVD5v7,"LICITOR group, a.s.",Žilina,"okres Martin",Vrútky,Mexiko
JuP68rfpcZn,"Buby reality, s.r.o.",Žilina,"okres Martin",Martin,Záturčie
JuiBTU_jIjf,"RES GROUP, s.r.o.",Žilina,"okres Žilina",Višňové,Višňové
JuEM42o9KEz,"Mamud Reality s. r. o.",Žilina,"okres Žilina",Žilina,"Mojšová Lúčka"
JuBBhpjm8uU,"MGM reality",Žilina,"okres Žilina",Varín,Varín
JuB-eq5YpsZ,"RIEŠIME BÝVANIE",Bratislava,"okres Martin",Martin,Stred
JugwkPLjiSd,"KUBALA REALITY, s.r.o.",Čadca,"okres Čadca",Turzovka,Stred
JuWZZxteQ48,"Vianema s.r.o.",Bratislava,"okres Čadca",Čadca,NULL
JuvSq281jGh,"Reality Alpia",Martin,"okres Ružomberok","Liptovské Revúce","Liptovské Revúce"
JuNOgX2BOnQ,"Mgr. Renáta Kolenčíková",Nitra,"okres Liptovský Mikuláš",Pribylina,Pribylina
Jui_ZoBED_0,"WFG reality, s.r.o.",Žilina,"okres Žilina",Višňové,Višňové
JuJYdMwBoGD,"GERT , s.r.o.","Liptovský Mikuláš","okres Liptovský Mikuláš","Liptovský Hrádok",Dovalovo
Ju8_creUM11,"Realitná kancelária",Bratislava,"okres Čadca",Oščadnica,Oščadnica
JuRsdZ8Jr2V,"NajBývanie, s.r.o.",Ružomberok,"okres Ružomberok",Ružomberok,"Biely Potok"
JuCaZmfJRdP,"NajBývanie, s.r.o.",Ružomberok,"okres Ružomberok",Ludrová,Ludrová
Ju4MXYA6Wg9,"Real Estate Group4U","Považská Bystrica","okres Žilina",Bitarová,Bitarová
JuE3pQZRo1O,"MGM reality",Žilina,"okres Kysucké Nové Mesto","Kysucký Lieskovec","Kysucký Lieskovec"
JuAxDS1KQP8,"Babony TRE s.r.o.",Bratislava,"okres Žilina","Lietavská Lúčka","Lietavská Lúčka"
JuKYmK8mVw6,"RIEŠIME BÝVANIE",Bratislava,"okres Žilina",Stránske,Stránske
Juvh3BjYac_,"Realitné kancelárie SR",Bratislava,"okres Žilina",Krasňany,Krasňany
Ju5k47Z1Q5X,NULL,NULL,"okres Žilina",Žilina,Bánová
JunvCN2R0KwV,"TUreality s.r.o.",Žilina,"okres Bytča",Hvozdnica,Hvozdnica
Jurd_8tAg0w,"RS Mansory s.r.o.",Bratislava,"okres Čadca",Čadca,NULL
Jugb1InFMah,jabyvam.sk,"Liptovský Mikuláš","okres Liptovský Mikuláš","Liptovský Mikuláš",Okoličné
JuaFi1HiKe0,"Bosen Group s.r.o.",Bratislava,"okres Žilina","Rajecké Teplice","Rajecké Teplice"
JuMFo7ruEBZ,"B10 Slovensko, a. s.",Žilina,"okres Martin",Valča,Valča
JuX-ONSG7MW,"TUreality s.r.o.",Žilina,"okres Ružomberok",Ružomberok,NULL
Ju0kW7lOKRF,NULL,NULL,"okres Žilina",Lietava,Lietava
JuOaESnNFiy,"R2 SK, s.r.o.",Žilina,"okres Žilina",Kunerad,Kunerad
JuYD8Gn0PV5,"OVERENÉ REALITY","Banská Bystrica","okres Ružomberok",Ružomberok,Polík
JuhLO-Heh52,"MGM reality",Žilina,"okres Čadca",NULL,NULL
JuF7UnEWPwr,"BeMi realitná kancelária",Nitra,"okres Čadca",Klokočov,Klokočov
JuWoA-3_Vhw,"TUreality s.r.o.",Žilina,"okres Žilina",Mojš,Mojš
JuagtPiMN9S,"B10 Slovensko, a. s.",Žilina,"okres Bytča",Súľov-Hradná,Súľov-Hradná
JuG6_2wmBUe_,"Realitné kancelárie SR",Bratislava,"okres Žilina",Konská,Konská
JuTJoEU1yhL,"OVERENÉ REALITY","Banská Bystrica","okres Žilina",Kľače,Kľače
Jux1LioPBDR,"B10 Slovensko, a. s.",Žilina,"okres Martin",Valča,Valča
Ju1Zyt94p9m,"RIEŠIME BÝVANIE",Bratislava,"okres Tvrdošín",Podbiel,Podbiel
JuSFm2ck_qD,"NajBývanie, s.r.o.",Ružomberok,"okres Ružomberok",Ružomberok,Rybárpole
JuRFzODyKkv,"SLNOVRAT, s.r.o.",Olešná,"okres Čadca",Čadca,NULL
Ju0haqvRmrK,NULL,NULL,"okres Martin",Slovany,Slovany
JuR9KTBJMCB,"Reality Alpia",Martin,"okres Turčianske Teplice",Turček,Turček
Ju2Dvk7KVfE,"Realitná kancelária",Bratislava,"okres Martin",Sučany,Sučany
JuvNL72ZHI4,"Bosen Group s.r.o.",Bratislava,"okres Ružomberok",Likavka,Likavka
JuUyJggM4z1,"Realitná kancelária",Bratislava,"okres Martin","Kláštor pod Znievom","Kláštor pod Znievom"
JuR4pf3ePqS,"1. Reality Rent, s.r.o.",Žilina,"okres Čadca",Makov,Makov
Jufy8CKURgq,"TARGETreal s. r. o.",Žilina,"okres Žilina",Terchová,Terchová
Jul6ieKbYlp,"MGM reality",Žilina,"okres Žilina",Višňové,Višňové
JuRRdB5MPo6,"REALITY SPOLU",Bratislava,"okres Liptovský Mikuláš",Bukovina,Bukovina
Juo6oycVN3c,"R2 SK, s.r.o.",Žilina,"okres Martin",Sučany,Sučany
Ju2VjIyIlVx,"SLNOVRAT, s.r.o.",Olešná,"okres Čadca",Klokočov,Klokočov
Ju95SyJKFz2,"R2 SK, s.r.o.",Žilina,"okres Martin",Sučany,Sučany
JuxzSRLNzXu,"REALITY SPOLU",Bratislava,"okres Ružomberok","Liptovská Lúžna","Liptovská Lúžna"
JuLzQl1X89Z,"ALT REAL, s.r.o.",Martin,"okres Martin",Martin,Priekopa
JuKWyVNMM2k,"Like Reality s.r.o.","Považská Bystrica","okres Martin",Martin,Stráne
Ju-Ov-V98je,NULL,NULL,"okres Žilina",Svederník,Svederník
JuGmc6FHo9t,"Stanislav Motyčík - MK",Žilina,"okres Bytča",Bytča,"Hliník nad Váhom"
JuuHc7n3_6p,"Reality Alpia",Martin,"okres Ružomberok",Ružomberok,"Nová Hrboltová"
JuAHK-zDu1n,"Like Reality s.r.o.","Považská Bystrica","okres Martin",Martin,Stráne
JuNzCNAc9Wz,"FINREA - ak vám záleží na výsledku","Dolný Kubín","okres Dolný Kubín",Zázrivá,Zázrivá
JupJ40WhVz4,"TOCA, s.r.o. Realitná činnosť",Bytča,"okres Bytča",Bytča,"Veľká Bytča"
JuCH2kzzbIV,"REAL21 Invest-consult, s.r.o.","Považská Bystrica","okres Čadca",Klokočov,Klokočov
JudaRDHzHMh,"FINREA - ak vám záleží na výsledku","Dolný Kubín","okres Turčianske Teplice",Blažovce,Blažovce
JuGJrcpb-9J,"Wealth Group, s.r.o.","Nová Dedinka","okres Čadca","Krásno nad Kysucou",Stred
JuJ545cqJWH,NULL,NULL,"okres Kysucké Nové Mesto",Povina,Povina
JuH4UL-NFsu,"Reality ASTORIA, s.r.o.",Martin,"okres Martin",Podhradie,Podhradie
JuPRgX9VgXE,"Realitné kancelárie SR",Bratislava,"okres Liptovský Mikuláš","Partizánska Ľupča","Partizánska Ľupča"
Juk7YsiM63G,"A-Byt Consult, s.r.o.",Ružomberok,"okres Ružomberok",Ružomberok,Baničné
Ju9WjpqJLA4,jabyvam.sk,"Liptovský Mikuláš","okres Liptovský Mikuláš","Liptovský Trnovec","Liptovský Trnovec"
Ju7QPzGiQmY,"Realitná kancelária RED, s.r.o.",Žilina,"okres Žilina",Žilina,Strážov
Jubs_Rgnyxf,"AnReal s. r. o.",Mojš,"okres Žilina",Kunerad,Kunerad
JukbTdt_vUz,"NajBývanie, s.r.o.",Ružomberok,"okres Ružomberok",Lúčky,Lúčky
Jul8ny-uWFg,"TUreality s.r.o.",Žilina,"okres Turčianske Teplice","Horná Štubňa","Horná Štubňa"
JuPpsgs77n2,"Bosen Group s.r.o.",Bratislava,"okres Liptovský Mikuláš","Liptovské Kľačany","Liptovské Kľačany"
JuhnPs38z4P,NULL,NULL,"okres Žilina","Rajecké Teplice","Rajecké Teplice"
JuoVr-cpqoy,"Reality Alpia",Martin,"okres Ružomberok",Lúčky,Lúčky
Jub4mmrjTfE,"FINREA - ak vám záleží na výsledku","Dolný Kubín","okres Dolný Kubín",Jasenová,Jasenová
JuzY7TnxlPO,"TUreality s.r.o.",Žilina,"okres Martin",Bystrička,Bystrička
JuHri8JYCPm,"TUreality s.r.o.",Žilina,"okres Liptovský Mikuláš","Liptovský Trnovec","Liptovský Trnovec"
Ju87PUjUkTd,"Mamud Reality s. r. o.",Žilina,"okres Žilina","Nezbudská Lúčka","Nezbudská Lúčka"
JupIfiIMuTQ,"Reality Alpia",Martin,"okres Liptovský Mikuláš",Važec,Važec
Juesp2zf3lY,"SLNOVRAT, s.r.o.",Olešná,"okres Čadca",Čadca,Podzávoz
Ju43uV08_mz,"Gro & Partners",Žilina,"okres Žilina",Bitarová,Bitarová
JumvXW6cFIn,NULL,NULL,"okres Žilina","Veľká Čierna","Veľká Čierna"
Juulf_xdqDW,"RIEŠIME BÝVANIE",Bratislava,"okres Žilina",Stránske,Stránske
JupwP8lNDDm,"ATP stavby s.r.o.","Teplička nad Váhom","okres Žilina",Višňové,Višňové
JuVzLEYHq9B,"Nové bývanie",Nitra,"okres Turčianske Teplice","Horná Štubňa","Horná Štubňa"
JuSe-G6QpFq,"AnoReal, s.r.o.",Stráňavy,"okres Žilina",Žilina,Závodie
JuIWDdc4brD,"Direct Real, spol. s r.o.",Bratislava,"okres Liptovský Mikuláš","Liptovský Trnovec","Liptovský Trnovec"
Jui5kD-W6hC,"HOLESTIAK.sk reality s.r.o.",Čadca,"okres Čadca","Krásno nad Kysucou",Stred
JuP8WIuTbXh,"OREA, s.r.o.","Dolný Kubín","okres Námestovo","Oravská Lesná","Oravská Lesná"
Junzbld49fm,"WFG reality, s.r.o.",Žilina,"okres Žilina",Rosina,Rosina
Ju0Cnj5HUET,"Realitná kancelária",Bratislava,"okres Čadca","Vysoká nad Kysucou","Vysoká nad Kysucou"
Jurqon-UYJo,"HD reality group s.r.o","Banská Bystrica","okres Liptovský Mikuláš","Liptovská Porúbka","Liptovská Porúbka"
JuJo8q5h32F,"TOCA, s.r.o. Realitná činnosť",Bytča,"okres Bytča",Bytča,"Hliník nad Váhom"
JuZJcyLSBEx,"Piata Avenue",Žilina,"okres Čadca",Čadca,NULL
JuyniXzYO6f,NULL,NULL,"okres Čadca",Makov,Makov
JuHn9lViGyf,"LIF REAL",Martin,"okres Turčianske Teplice",Mošovce,Mošovce
JuJuIHXfekH,"Romantické Chalupy, s.r.o.",Bratislava,"okres Liptovský Mikuláš",Podtureň,Podtureň
JulGQ6sAAqR,"NajBývanie, s.r.o.",Ružomberok,"okres Ružomberok",Ludrová,Ludrová
JuaNEutdar9,"TUreality s.r.o.",Žilina,"okres Žilina",Žilina,"Staré mesto"
Jum9sBowvy-,"Reality Center, s.r.o.",Martin,"okres Martin",Daňová,Ďanová
Ju3IEZxl8sI,"CPM Real Estate",Bratislava,"okres Žilina",Hôrky,Hôrky
Juz7ZSlTDXe,"Realitné kancelárie SR",Bratislava,"okres Bytča","Veľké Rovné","Veľké Rovné"
Ju6zOlWlIEn,"TUreality s.r.o.",Žilina,"okres Námestovo",Námestovo,NULL
JumYwG9N16J,"Realitná kancelária RED, s.r.o.",Žilina,"okres Žilina","Dolný Hričov","Dolný Hričov"
JumqO7twJWm,"Reality Alpia",Martin,"okres Turčianske Teplice","Slovenské Pravno","Slovenské Pravno"
JuUDQggiASV,"XEMAR realitná spoločnosť s.r.o.","Banská Bystrica","okres Turčianske Teplice",Turček,Turček
JuWd2pCrRH_,"Vianema s.r.o.",Bratislava,"okres Čadca",Makov,Makov
JuRSkMGH43Z,"AstonReal s.r.o.","Banská Bystrica","okres Martin",Sučany,Sučany
JuPV9PU2Pc2,NULL,NULL,"okres Čadca",Zákopčie,Zákopčie
JuvpwpffhEi,"Reality AK, spol. s r.o.",Martin,"okres Turčianske Teplice",Turček,Turček
JuPH-vU7UCa,"RK SPIRIT s.r.o.","Liptovský Mikuláš","okres Liptovský Mikuláš","Liptovský Hrádok",Celiny
Ju4t5QuZmxI,"MGM reality",Žilina,"okres Žilina",Bitarová,Bitarová
JuWqe9aFJtO,"SLNOVRAT, s.r.o.",Olešná,"okres Čadca",Makov,Makov
Ju1u_LxXjv_,"RK Dalmia s. r. o.","Dolný Kubín","okres Námestovo",Hruštín,Hruštín
JuZH2c0UQaC,"AstonReal s.r.o.","Banská Bystrica","okres Dolný Kubín",Istebné,Istebné
JuyMQUBcXpS,"Piata Avenue",Žilina,"okres Žilina",Terchová,Terchová
JugYdPbrkJ-,"Direct Real, spol. s r.o.",Bratislava,"okres Liptovský Mikuláš",Dúbrava,Dúbrava
JuifoQkrLih,"TARGETreal s. r. o.",Žilina,"okres Kysucké Nové Mesto","Horný Vadičov","Horný Vadičov"
JueXjluFXOP,"BeMi realitná kancelária",Nitra,"okres Žilina",Višňové,Višňové
JuZODJoLhj5,"Wealth Group, s.r.o.","Nová Dedinka","okres Čadca",Raková,Raková
JuT_Z-uedyr,"Reality ASTORIA, s.r.o.",Martin,"okres Martin","Turčiansky Peter","Turčiansky Peter"
JuVUBQ_BboU,"Mamud Reality s. r. o.",Žilina,"okres Žilina",Varín,Varín
Juc6GgFARDk,"Reality AK, spol. s r.o.",Martin,"okres Turčianske Teplice",Mošovce,Mošovce
Ju99kiZ5_Lw,"Realitná kancelária",Bratislava,"okres Martin",Vrútky,NULL
Ju3g9Tmxsx0,"TUreality s.r.o.",Žilina,"okres Tvrdošín",Tvrdošín,NULL
Ju9bxb0AsZ-,NULL,NULL,"okres Žilina",Žilina,Bôrik
Ju5WlUoNnF_,"OVERENÉ REALITY","Banská Bystrica","okres Ružomberok","Liptovská Lúžna","Liptovská Lúžna"
JuD5uzQaJoc,"SLNOVRAT, s.r.o.",Olešná,"okres Čadca",Staškov,Staškov
Ju7YL1bOSxr,"TARGETreal s. r. o.",Žilina,"okres Martin",Martin,Tomčany
JuHIlnFxXM_,"MGM reality",Žilina,"okres Žilina",Žilina,Bôrik
Juq4naEVRo8,"Romantické Chalupy, s.r.o.",Bratislava,"okres Tvrdošín",Podbiel,Podbiel
Juucm8blLMb,"FINREA - ak vám záleží na výsledku","Dolný Kubín","okres Turčianske Teplice","Slovenské Pravno","Slovenské Pravno"
JuLldceaNDG,"AstonReal s.r.o.","Banská Bystrica","okres Žilina","Lietavská Lúčka","Lietavská Lúčka"
JuUtmIZFvND,"StorkReal s. r. o.","Rajecká Lesná","okres Žilina",Zbyňov,Zbyňov
Jux8MtDRHBs,"Reality Alpia",Martin,"okres Ružomberok",Ludrová,Ludrová
JutC-Cu36o8,donidDevelop,"Dolný Kubín","okres Ružomberok",Lúčky,Lúčky
JuXWfmmUD8x,"HALO reality, s.r.o.",Prievidza,"okres Ružomberok","Liptovská Lúžna","Liptovská Lúžna"
Juv8BFemkVy,"REALITY SPOLU",Bratislava,"okres Ružomberok",Bešeňová,Bešeňová
Jus17nMd2mT,"Realitné kancelárie SR",Bratislava,"okres Žilina",Divinka,Divinka
JuDfYgIpdG6,"REALITY FAIR","Banská Bystrica","okres Turčianske Teplice",Turček,Turček
Jut1FKOGHsr,"bezmaklérov, s.r.o.",Žilina,"okres Ružomberok","Liptovské Revúce","Liptovské Revúce"
JuzL3Tg4FHZ,"TARGETreal s. r. o.",Žilina,"okres Žilina",Ovčiarsko,Ovčiarsko
JuNjxGvR8-8K,"Reality Center, s.r.o.",Martin,"okres Martin",Necpaly,Necpaly
Ju03oBXaeQc,"Bosen Group s.r.o.",Bratislava,"okres Žilina","Rajecké Teplice","Rajecké Teplice"
JufhG56lKjf,"DreamReality s.r.o.",Žilina,"okres Žilina",Nededza,Nededza
JuKqDyif0fX,"PT-com s. r. o.","Banská Bystrica","okres Liptovský Mikuláš",Ižipovce,Ižipovce
JuzDr69odLH,"Realitné kancelárie SR",Bratislava,"okres Liptovský Mikuláš","Liptovský Peter","Liptovský Peter"
JuiqUvi14Ah,"RK Dalmia s. r. o.","Dolný Kubín","okres Dolný Kubín","Dolný Kubín",Brezovec
Jut7QcdjJY5,"FISCHER & PARTNERS, s.r.o.",Ružomberok,"okres Ružomberok","Liptovský Michal","Liptovský Michal"
JuwZ6NJ-dUG,"Realitná kancelária",Bratislava,"okres Kysucké Nové Mesto","Kysucké Nové Mesto",Suľkov
JuhPLsUvGvt,"Reality IQ, s.r.o.",Žilina,"okres Bytča",Kolárovice,Kolárovice
JutBfnbUyCO,"SLNOVRAT, s.r.o.",Olešná,"okres Čadca",Turzovka,Stred
Jui278_mFqV,"Reality MT s.r.o.",Martin,"okres Turčianske Teplice","Turčianske Teplice",Diviaky
Ju7H01GL5VL,"TUreality s.r.o.",Žilina,"okres Liptovský Mikuláš","Liptovský Ján","Liptovský Ján"
JuGDOocgqAc,"TUreality s.r.o.",Žilina,"okres Liptovský Mikuláš","Liptovský Hrádok",Prekážka
Ju93SZsV6kw,"Reality Alpia",Martin,"okres Liptovský Mikuláš",Vlachy,Vlachy
Jus8h9w72dE,"YNI reality",Žilina,"okres Turčianske Teplice",Mošovce,Mošovce
JumiXs0CTuk,"RIEŠIME BÝVANIE",Bratislava,"okres Žilina",Žilina,Bôrik
JudhYxOMjs-,"B10 Slovensko, a. s.",Žilina,"okres Martin","Turčianske Jaseno","Turčianske Jaseno"
JuBupKbsyvd,"AstonReal s.r.o.","Banská Bystrica","okres Turčianske Teplice","Turčianske Teplice",Diviaky
JuRpz_IH6YR,"Realitná kancelária",Bratislava,"okres Martin",Príbovce,Príbovce
JuGOUcoOOnY,"Realitné kancelárie SR",Bratislava,"okres Martin",Ratkovo,Ratkovo
JuwFC0un5b_,"Realitné kancelárie SR",Bratislava,"okres Žilina",Svederník,Svederník
JuZdGf3bWpL,"B10 Slovensko, a. s.",Žilina,"okres Martin",Martin,Stráne
JuD3uZlGgpH,"Reality Center, s.r.o.",Martin,"okres Martin",Blatnica,Blatnica
JuudsKv8ZzL,"Reality Alpia",Martin,"okres Ružomberok","Liptovské Revúce","Liptovské Revúce"
Ju6-QSVU-qk,"ALT REAL, s.r.o.",Martin,"okres Martin",Martin,Stred
JuHNF3pBoBi,"TOCA, s.r.o. Realitná činnosť",Bytča,"okres Bytča",Bytča,"Hliník nad Váhom"
Jugcs0uLwc2,"RE/MAX Slovakia",Bratislava,"okres Ružomberok",Ivachnová,Ivachnová
JuO9hxI47lb,Limaxreal,"Liptovský Mikuláš","okres Liptovský Mikuláš",Vlachy,Vlachy
Juyo-JecQoZ,"Reality Simply",Martin,"okres Martin",Trebostovo,Trebostovo
JuvA5APODGz,"FINREA - ak vám záleží na výsledku","Dolný Kubín","okres Ružomberok",Ružomberok,Hrboltová
JuNaVEIvSqO,NULL,NULL,"okres Žilina",Žilina,Bytčica
JuC0hqQ5K-3,"Reality Turiec s.r o.",Martin,"okres Martin",Belá-Dulice,Belá-Dulice
JuNWUZoKon_,"Realitné kancelárie SR",Bratislava,"okres Žilina",Žilina,Trnové
JuNIAiX-3DT,"Realitná kancelária",Bratislava,"okres Žilina",Zbyňov,Zbyňov
JuKdkYrCkFc,"Realitná kancelária RED, s.r.o.",Žilina,"okres Žilina",Žilina,"Staré mesto"
Ju1n1rQGodR,"Reality Simply",Martin,"okres Turčianske Teplice","Turčianske Teplice","Turčiansky Michal"
Juv2G90qWzS,"Reality Kopanice",Krajné,"okres Čadca",Čadca,Rieka
Ju5rRr5_rO4,"Realitná kancelária RED, s.r.o.",Žilina,"okres Žilina",Bitarová,Bitarová
Ju9Ur37Ixsd,"RIEŠIME BÝVANIE",Bratislava,"okres Žilina","Teplička nad Váhom","Teplička nad Váhom"
JuQOZ5dK_ne,"Reality BL, s.r.o.","Kysucké Nové Mesto","okres Martin",Belá-Dulice,Belá-Dulice
Judy6S4RLDv,"LIF REAL",Martin,"okres Turčianske Teplice",Sklené,Sklené
Ju8hKWbYUWy,"R2 SK, s.r.o.",Žilina,"okres Kysucké Nové Mesto","Horný Vadičov","Horný Vadičov"
JuCptOdcKVJ,NULL,NULL,"okres Martin",Turany,Turany
Ju7tnCJHH6a,"TUreality s.r.o.",Žilina,"okres Žilina","Lietavská Svinná-Babkov","Lietavská Svinná-Babkov"
JuqGAjkW2wB,"RK SPIRIT s.r.o.","Liptovský Mikuláš","okres Liptovský Mikuláš","Liptovský Hrádok",Celiny
Ju67L89jvFA,NULL,NULL,"okres Martin",Martin,Jahodníky
JuX-Od8Y1qK,"ŽILINAREAL, s.r.o.",Žilina,"okres Žilina",Žilina,"Malá Praha"
JuFs-_Bf_af,"TOCA, s.r.o. Realitná činnosť",Bytča,"okres Bytča","Hlboké nad Váhom","Hlboké nad Váhom"
Ju4PmqrQDXe,"Reality Alpia",Martin,"okres Liptovský Mikuláš","Liptovský Mikuláš",Bodice
JumZ3KaibB-,"OREA, s.r.o.","Dolný Kubín","okres Dolný Kubín","Dlhá nad Oravou","Dlhá nad Oravou"
JuNJQwnH7BK,"NajBývanie, s.r.o.",Ružomberok,"okres Ružomberok",Ružomberok,Roveň
JuOxQMLskud,"ETHOS reality, s. r. o.","Krásno nad Kysucou","okres Žilina",Mojš,Mojš
Juo53M0tI-p,"B10 Slovensko, a. s.",Žilina,"okres Martin",Žabokreky,Žabokreky
JuptDHkjOFq,"AstonReal s.r.o.","Banská Bystrica","okres Martin",Sučany,Sučany
Ju3J0qgjHl5,"TUreality s.r.o.",Žilina,"okres Námestovo","Oravská Lesná","Oravská Lesná"
Ju2Gi9KH9b9,"Reality Alpia",Martin,"okres Žilina",Varín,Varín
Juyu3gyyoUE,"Realitná kancelária RED, s.r.o.",Žilina,"okres Žilina",Konská,Konská
Juci-VafLS1,"B10 Slovensko, a. s.",Žilina,"okres Martin",Martin,Stred
JulGanHAPf5,"Reality Alpia",Martin,"okres Martin",Martin,Stráne
JuzJzITWl1v,"TOCA, s.r.o. Realitná činnosť",Bytča,"okres Bytča",Kotešová,Kotešová
JuA5lCAmCxy,"Piata Avenue",Žilina,"okres Žilina","Teplička nad Váhom","Teplička nad Váhom"
JulcRSD3gjg,"TOCA, s.r.o. Realitná činnosť",Bytča,"okres Bytča",Predmier,Predmier
JubBq7UdImI,"BeMi realitná kancelária",Nitra,"okres Čadca",Čadca,Husárikovci
JuwqK7Dudy6,NULL,NULL,"okres Liptovský Mikuláš","Liptovské Kľačany","Liptovské Kľačany"
JuVDUmXCC0b,"Ing. Jaroslav Minár JAVAS",Nitra,"okres Liptovský Mikuláš","Liptovský Trnovec","Liptovský Trnovec"
JuEGZyoSAd7,"KRUPPKY, s.r.o.","Liptovský Mikuláš","okres Liptovský Mikuláš","Liptovský Mikuláš",NULL
JuRPbrRONba,jabyvam.sk,"Liptovský Mikuláš","okres Liptovský Mikuláš","Veterná Poruba","Veterná Poruba"
Ju9IkfFOfMa,"Realitná kancelária",Bratislava,"okres Turčianske Teplice","Horná Štubňa","Horná Štubňa"
JuFISMLdmc8,NULL,NULL,"okres Martin",Sučany,Sučany
Ju9Oh18pKW-,"Wealth Group, s.r.o.","Nová Dedinka","okres Martin",Valča,Valča
Jul-5SUTLOW,"Realitná kancelária",Bratislava,"okres Martin",Vrútky,"Horné Vrútky"
JuPKcjp9xEd,"Financie a reality od A po Z",Martin,"okres Martin",Valča,Valča
Ju1hmKLqP8g,"OREA, s.r.o.","Dolný Kubín","okres Dolný Kubín","Dolný Kubín",Mokraď
JunsD4FQ9fg,"REALITY SPOLU",Bratislava,"okres Liptovský Mikuláš","Liptovský Trnovec","Liptovský Trnovec"
JunEHVtE89L,"Reality ASTORIA, s.r.o.",Martin,"okres Martin",Martin,Stráne
JupOom9u70b,"Reality Alpia",Martin,"okres Ružomberok",Lúčky,Lúčky
JuYzFawuXq5,"Realitná kancelária RED, s.r.o.",Žilina,"okres Žilina","Teplička nad Váhom","Teplička nad Váhom"
Ju0rAUqUjgL,"RIEŠIME BÝVANIE",Bratislava,"okres Žilina",Žilina,"Staré mesto"
Ju30Zqi5n0z,"Reality ASTORIA, s.r.o.",Martin,"okres Martin",Slovany,Slovany
JuCHMAziUOL,"Romantické Chalupy, s.r.o.",Bratislava,"okres Martin",Krpeľany,Krpeľany
Ju9q0Byrbad,"RE/MAX Slovakia",Bratislava,"okres Liptovský Mikuláš",Východná,Východná
JudaUInUE_Q,"OREA, s.r.o.","Dolný Kubín","okres Námestovo","Oravská Polhora","Oravská Polhora"
JuSpQ8TslIA,"Realitná kancelária RED, s.r.o.",Žilina,"okres Žilina",Lysica,Lysica
Juw56vbFeXZ,NULL,NULL,"okres Martin",Vrútky,"Karvaša a Bláhovca"
JudexsMMWLq,"TOCA, s.r.o. Realitná činnosť",Bytča,"okres Bytča",Kotešová,Kotešová
JupsJLU23Ow,"RE/MAX Slovakia",Bratislava,"okres Liptovský Mikuláš","Liptovská Kokava","Liptovská Kokava"
JuD0RMwirEa,"RK SPIRIT s.r.o.","Liptovský Mikuláš","okres Ružomberok","Liptovské Revúce","Liptovské Revúce"
JumwW8ylM2r,"Real Estate Group4U","Považská Bystrica","okres Žilina",Žilina,"Žilinská Lehota"
JuxTgYg_YqW,"Vianema s.r.o.",Bratislava,"okres Čadca",Čadca,Horelica
Jui7jyAQtCR,"Q REAL s.r.o.",Bratislava,"okres Liptovský Mikuláš","Liptovská Sielnica","Liptovská Sielnica"
JuU0HWFwzX3,"Gro & Partners",Žilina,"okres Žilina",Žilina,Bytčica
JuQnmh9T2iX,"Vianema s.r.o.",Bratislava,"okres Čadca","Dlhá nad Kysucou","Dlhá nad Kysucou"
JuVQq2TIIOM,"ALT REAL, s.r.o.",Martin,"okres Martin","Košťany nad Turcom","Košťany nad Turcom"
JuHoYrf0eK_,"TARGETreal s. r. o.",Žilina,"okres Turčianske Teplice","Horná Štubňa","Horná Štubňa"
Ju6--Y2X6T3,"Realitná kancelária",Bratislava,"okres Kysucké Nové Mesto","Kysucké Nové Mesto",Suľkov
JuOgzsSfPxy,"LAWIS s.r.o.",Žilina,"okres Ružomberok","Liptovské Sliače","Liptovské Sliače"
JuwkeSmHDEB,"Real Reality Development s.r.o.",Martin,"okres Martin",Valča,Valča
JuK5t-4VCJ4,"MGM reality",Žilina,"okres Žilina",Višňové,Višňové
Ju6vaHOHcqi,"TUreality s.r.o.",Žilina,"okres Žilina",Belá,Belá
JuR54DrWWfx,"RE/MAX Slovakia",Bratislava,"okres Námestovo",Rabča,Rabča
Ju33SFzO_eU,"Realitná kancelária RED, s.r.o.",Žilina,"okres Žilina",Žilina,Trnové
Ju9syh9ycRi,"ALT REAL, s.r.o.",Martin,"okres Žilina",Terchová,Terchová
JudspgTQPox,"Romantické Chalupy, s.r.o.",Bratislava,"okres Liptovský Mikuláš",Jakubovany,Jakubovany
JuWRJBDqxZU,"RIEŠIME BÝVANIE",Bratislava,"okres Martin",Martin,Jahodníky
JucU49przXp,"Realitná kancelária RED, s.r.o.",Žilina,"okres Žilina",Žilina,Bytčica
JuHloqFiiMy,"IDEÁLNE BÝVANIE, s.r.o.",Žilina,"okres Bytča","Veľké Rovné","Veľké Rovné"
JuMF2TBH415,"1. Reality Rent, s.r.o.",Žilina,"okres Čadca",Čadca,Podzávoz
Juj5mPJZurA,"OVERENÉ REALITY","Banská Bystrica","okres Ružomberok",Kalameny,Kalameny
Ju0MEaj2qZ5,"TUreality s.r.o.",Žilina,"okres Žilina",Svederník,Svederník
JukV9h68kmJ,"TUreality s.r.o.",Žilina,"okres Žilina",Lietava,Lietava
JurmJUyDt1Y,"KRUPPKY, s.r.o.","Liptovský Mikuláš","okres Liptovský Mikuláš","Liptovský Mikuláš",Ploštín
JuIUgSVHd_-,"TUreality s.r.o.",Žilina,"okres Dolný Kubín",Malatiná,Malatiná
JuSpPsKRXfN,"BeMi realitná kancelária",Nitra,"okres Žilina","Rajecká Lesná","Rajecká Lesná"
JuNuINWKCa2,"DreamReality s.r.o.",Žilina,"okres Žilina",Žilina,"Staré mesto"
JuElQR6VJXT,"MGM reality",Žilina,"okres Žilina",Varín,Varín
JugpfnfthRi,"ALT REAL, s.r.o.",Martin,"okres Martin","Kláštor pod Znievom","Kláštor pod Znievom"
Ju7u3ZsxEKq,"Effecting s.r.o.",Bratislava,"okres Žilina",Žilina,Závodie
JuXgUKUYl2D,"Wealth Group, s.r.o.","Nová Dedinka","okres Martin",Valča,Valča
JunQKWe1VdC,NULL,NULL,"okres Čadca",Raková,Raková
JuBRCEsLH8a,"JMB REALITY s.r.o.",Ľubietová,"okres Turčianske Teplice","Turčianske Teplice",Diviaky
JunnoZAS6r4,"TUreality s.r.o.",Žilina,"okres Žilina",Šuja,Šuja
JubDt8HjaHe,"Safe reality s. r. o.",Žilina,"okres Čadca",Turzovka,Turkov
JuezaaUAQTl,"RE/MAX Slovakia",Bratislava,"okres Liptovský Mikuláš","Liptovský Mikuláš","Vrbica - Nábrežie"
JuQDs3mKg8t,"Reality Center, s.r.o.",Martin,"okres Martin","Turčianske Kľačany","Turčianske Kľačany"
JuLMYErMTc7,"KORIJKOV & AGENTS",Košice,"okres Tvrdošín",Nižná,Nižná
JucjxVVq04h,"OVERENÉ REALITY","Banská Bystrica","okres Turčianske Teplice","Malý Čepčín","Malý Čepčín"
Juu8tQQ6S3G,"Realitná kancelária DOM",Žilina,"okres Žilina",Terchová,Terchová
JumTdoXdYLm,"TUreality s.r.o.",Žilina,"okres Žilina",Svederník,Svederník
JurRSzjWlL8,"ALT REAL, s.r.o.",Martin,"okres Dolný Kubín","Dolný Kubín",Brezovec
JuriX67hMEI,"TARGETreal s. r. o.",Žilina,"okres Martin",Martin,Tomčany
JuxO5mp6Vad,"REALITY SPOLU",Bratislava,"okres Ružomberok",Švošov,Švošov
JuO-ay8jwWD,"ALT REAL, s.r.o.",Martin,"okres Martin","Turčiansky Peter","Turčiansky Peter"
JuJID0tPHnq,"Bosen Group s.r.o.",Bratislava,"okres Námestovo","Oravská Polhora","Oravská Polhora"
JuLBQXVqbdX,"LEGEND realitná spoločnosť  s. r. o.","Nové Mesto nad Váhom","okres Liptovský Mikuláš",Bukovina,Bukovina
Ju7eOmn6zgP,"KING REAL s. r. o.",Prešov,"okres Čadca",Oščadnica,Oščadnica
JuZ8oOwqQdG,"Realitná kancelária",Bratislava,"okres Turčianske Teplice","Turčianske Teplice","Dolná Štubňa"
Juw93jw-f31,"U9, a.s.",Bratislava,"okres Liptovský Mikuláš",Hybe,Hybe
JuARm8MK_Jy,"RENOME REAL",Žilina,"okres Čadca",Olešná,Olešná
Jus9h_TYBDi,"TUreality s.r.o.",Žilina,"okres Martin",Martin,Ľadoveň
JuUZocInHXW,NULL,NULL,"okres Námestovo",Námestovo,Stred
JuNTZT4Nroa,"Realitná kancelária RED, s.r.o.",Žilina,"okres Žilina",Žilina,"Žilinská Lehota"
JurxVAeUfVk,"Realitné kancelárie SR",Bratislava,"okres Martin",Belá-Dulice,Belá-Dulice
JuAaa-osCgW,NULL,NULL,"okres Turčianske Teplice",Turček,Turček
Ju2kIhSkruG,"HOLESTIAK.sk reality s.r.o.",Čadca,"okres Kysucké Nové Mesto",Nesluša,Nesluša
Ju4FJGWuX8K,"BeMi realitná kancelária",Nitra,"okres Čadca","Vysoká nad Kysucou","Vysoká nad Kysucou"
JuuW_lWTRhF,"RESIDENCE realitná kancelária","Liptovský Mikuláš","okres Liptovský Mikuláš","Svätý Kríž","Svätý Kríž"
JuZWywKzXos,"Safe reality s. r. o.",Žilina,"okres Kysucké Nové Mesto",Snežnica,Snežnica
JunnDHXXyHF,"TUreality s.r.o.",Žilina,"okres Martin",Martin,"Kolónia Hviezda"
JuehhqekRE3,"TARGETreal s. r. o.",Žilina,"okres Martin",Sučany,Sučany
JuUIjP7PegI,"Realitné kancelárie SR",Bratislava,"okres Tvrdošín",Habovka,Habovka
JueF3aQCPcy,"OREA, s.r.o.","Dolný Kubín","okres Dolný Kubín","Oravská Poruba","Oravská Poruba"
Jux6Z04Xzh-,"RIEŠIME BÝVANIE",Bratislava,"okres Ružomberok",Ružomberok,"Staré mesto"
JudcWud0S5R,"RE/MAX Slovakia",Bratislava,"okres Čadca",Oščadnica,Oščadnica
JuWsjVyvGYF,"MGM reality",Žilina,"okres Žilina",Žilina,Budatín
Ju2Af8_9s5q,"StorkReal s. r. o.","Rajecká Lesná","okres Žilina","Rajecké Teplice","Rajecké Teplice"
JuXODWR0O8-,"RE/MAX Slovakia",Bratislava,"okres Liptovský Mikuláš","Malé Borové","Malé Borové"
JuZIWdD4tzb,"Wealth Group, s.r.o.","Nová Dedinka","okres Martin",Valča,Valča
JuOZyO98HPQT,NULL,NULL,"okres Martin",Sučany,Sučany
JuPaAE99_20,"RECLOUD Reality a.s.",Bratislava,"okres Ružomberok",Ružomberok,Gejdák
JuRjiZLlPKY,"Realitné kancelárie SR",Bratislava,"okres Žilina",Hôrky,Hôrky
JueEpOsUCTO,"Reality ASTORIA, s.r.o.",Martin,"okres Martin",Nolčovo,Nolčovo
JugQaDVNZYB,"HOLESTIAK.sk reality s.r.o.",Čadca,"okres Čadca",Oščadnica,Oščadnica
Ju6B6hGeR8q,"StorkReal s. r. o.","Rajecká Lesná","okres Žilina",Rajec,Rajec
JuLCVpKj44A,"BALAŽI REAL ESTATE s.r.o.",Topoľčany,"okres Turčianske Teplice",Čremošné,Čremošné
JuKaa51rOO4,"RES GROUP, s.r.o.",Žilina,"okres Žilina",Turie,Turie
JuEn5otkiFX,"ALT REAL, s.r.o.",Martin,"okres Martin",Martin,Stráne
JuzvCto22Um,"HOLESTIAK.sk reality s.r.o.",Čadca,"okres Kysucké Nové Mesto","Kysucké Nové Mesto",Suľkov
JuTP76BJSu5,"B10 Slovensko, a. s.",Žilina,"okres Tvrdošín",Vitanová,Vitanová
Juc0qnwekhj,"R2 SK, s.r.o.",Žilina,"okres Žilina",Žilina,Strážov
JuaiG-4_MyI,"DreamReality s.r.o.",Žilina,"okres Žilina",Žilina,Brodno
JuZHoBEOwFW,"Safe reality s. r. o.",Žilina,"okres Bytča",Kolárovice,Kolárovice
JuPQ4qxicEp,"REALITY SPOLU",Bratislava,"okres Turčianske Teplice",Kaľamenová,Kaľamenová
Ju_z9MMC1dy,"Effecting s.r.o.",Bratislava,"okres Žilina",Žilina,Strážov
Juqdw7QyPcz,"RK SPIRIT s.r.o.","Liptovský Mikuláš","okres Liptovský Mikuláš",Važec,Važec
JuDgbTTsbUm,"Nestor Capital s.r.o.",Bratislava,"okres Čadca",Oščadnica,Oščadnica
JujrEA5_sFt,"BeMi realitná kancelária",Nitra,"okres Čadca",Čadca,Horelica
JuN1DWMcWPA,"Like Reality s.r.o.","Považská Bystrica","okres Martin",Martin,Priekopa
Ju6pyYBIZG6,"Ing. Jaroslav Minár JAVAS",Nitra,"okres Liptovský Mikuláš",Prosiek,Prosiek
JuFMkd6Ft4u,"Buby reality, s.r.o.",Žilina,"okres Martin",Martin,Tomčany
Juq8C9WZ_ld,"Vianema s.r.o.",Bratislava,"okres Martin",Martin,Stráne
JuBQnHxf835,"RESIDENCE realitná kancelária","Liptovský Mikuláš","okres Ružomberok",Ivachnová,Ivachnová
JuUGbhQf4wL,"Realitná kancelária RED, s.r.o.",Žilina,"okres Žilina","Rajecké Teplice",Poluvsie
Ju9v343jGsQ,"Romantické Chalupy, s.r.o.",Bratislava,"okres Liptovský Mikuláš","Svätý Kríž","Svätý Kríž"
JuLFmLF8PRr,"JKV REAL",Prievidza,"okres Bytča",Bytča,"Hliník nad Váhom"
JuvaiQpricT,"RS Mansory s.r.o.",Bratislava,"okres Žilina",Terchová,Terchová
JuBLiYfiieE,"Realitná kancelária RED, s.r.o.",Žilina,"okres Žilina",Turie,Turie
Ju6JqIt-z8V,"Realitná kancelária RED, s.r.o.",Žilina,"okres Žilina","Horný Hričov","Horný Hričov"
Jub69pejgUi,"Romantické Chalupy, s.r.o.",Bratislava,"okres Bytča","Veľké Rovné","Veľké Rovné"
Ju6USQNI4A_,"Realitná kancelária",Bratislava,"okres Martin","Turčiansky Peter","Turčiansky Peter"
Ju8oUNOWXin,"X-REAL, s. r. o.",Žilina,"okres Žilina",Svederník,Svederník
JuK4J7tWBLU,"ALT REAL, s.r.o.",Martin,"okres Martin","Košťany nad Turcom","Košťany nad Turcom"
Ju1OQAznjJC,"AstonReal s.r.o.","Banská Bystrica","okres Ružomberok",Likavka,Likavka
JuXGC09hAid,"RE/MAX Slovakia",Bratislava,"okres Tvrdošín",Nižná,Nižná
Ju7Rv9aLBbf,"RECLOUD Reality a.s.",Bratislava,"okres Liptovský Mikuláš",Vlachy,Vlachy
Jur2iE4GKyv,"ALT REAL, s.r.o.",Martin,"okres Martin",Sklabiňa,Sklabiňa
Ju5Ehcheq2v,"RIEŠIME BÝVANIE",Bratislava,"okres Žilina",Višňové,Višňové
JuhyQTsj1LU,"TARGETreal s. r. o.",Žilina,"okres Žilina",Hôrky,Hôrky
JuPp6sukGjm,"MGM reality",Žilina,"okres Žilina",Žilina,Bôrik
JuAINHKEpb9,"Ing. Gerlinda Bérešová - Esti",Žilina,"okres Žilina",Žilina,Trnové
JubBzZv3CZ4,"Realitné kancelárie SR",Bratislava,"okres Žilina","Lietavská Svinná-Babkov","Lietavská Svinná-Babkov"
Jubyz8KHpaA,donidDevelop,"Dolný Kubín","okres Liptovský Mikuláš",Lazisko,Lazisko
JuWu8X5e0jn,"Direct Real, spol. s r.o.",Bratislava,"okres Liptovský Mikuláš","Liptovský Mikuláš",Stošice
Ju5paSEB6Nv,"RS Mansory s.r.o.",Bratislava,"okres Žilina",Terchová,Terchová
JuaCQD06zTh,"ROSA reality","Kysucké Nové Mesto","okres Kysucké Nové Mesto","Horný Vadičov","Horný Vadičov"
JuKYxcrrEwh,NULL,NULL,"okres Námestovo",Zákamenné,Zákamenné
JuJYKVSAq2k,NULL,NULL,"okres Bytča",Súľov-Hradná,Súľov-Hradná
JusCOC7JYu5,"NajBývanie, s.r.o.",Ružomberok,"okres Ružomberok",Štiavnička,Štiavnička
Juv5TkPsj9T,"Reality Center, s.r.o.",Martin,"okres Turčianske Teplice","Turčianske Teplice","Turčiansky Michal"
JuRufzqYfTo,"Real Estate Group4U","Považská Bystrica","okres Žilina",Žilina,Budatín
JuB6HhfZSPN,"WFG reality, s.r.o.",Žilina,"okres Žilina",Žilina,Budatín
JuNR7iOAWOb,"AstonReal s.r.o.","Banská Bystrica","okres Liptovský Mikuláš","Liptovské Kľačany","Liptovské Kľačany"
JuNztztwtJj,"ROMDOM, s. r. o",Žilina,"okres Žilina",Žilina,Bôrik
JudgSom7ejT,"Safe reality s. r. o.",Žilina,"okres Čadca",Staškov,Staškov
Ju98hXHMfyH,"JPE. Reality - Jozef Pajer",Čadca,"okres Čadca",Olešná,Olešná
JuEJOqphXdZ,"ETHOS reality, s. r. o.","Krásno nad Kysucou","okres Čadca",Raková,Raková
Jul095-F2H-,"ALT REAL, s.r.o.",Martin,"okres Martin",Sklabiňa,Sklabiňa
JuPGYcuAlfl,NULL,NULL,"okres Liptovský Mikuláš","Liptovská Anna","Liptovská Anna"
JuLNhT-3oNA,"ADH-REAL s.r.o. Hirjaková Adriana",Ovčiarsko,"okres Bytča",Maršová-Rašov,Maršová-Rašov
Jus3WMnENIj,"WFG reality, s.r.o.",Žilina,"okres Žilina",Zbyňov,Zbyňov
JuWnFD5OAUU,"RE/MAX Slovakia",Bratislava,"okres Námestovo","Oravská Jasenica","Oravská Jasenica"
Ju-0W9ug2Ol,"SLNOVRAT, s.r.o.",Olešná,"okres Čadca",Turzovka,Predmier
JuizzObcJTE,"Apollo House",Bratislava,"okres Ružomberok","Liptovské Sliače","Liptovské Sliače"
JugrI7ZBfpT,"1. Reality Rent, s.r.o.",Žilina,"okres Žilina",Krasňany,Krasňany
JuiwS-gpQB1,"B10 Slovensko, a. s.",Žilina,"okres Martin",Laskár,Laskár
JujdYIr-c-p,NULL,NULL,"okres Liptovský Mikuláš","Liptovské Beharovce","Liptovské Beharovce"
JusoxTNDyJI,NULL,NULL,"okres Námestovo",Námestovo,Brehy
Ju7_LrB_NNB,"BeMi realitná kancelária",Nitra,"okres Žilina",Žilina,Trnové
JufLDox5EGX,"GAMA Reality, s.r.o.",Bytča,"okres Bytča",Hvozdnica,Hvozdnica
Jux6EDO87ml,"HOLESTIAK.sk reality s.r.o.",Čadca,"okres Kysucké Nové Mesto","Kysucké Nové Mesto",Suľkov
Judk1z1b1Nd,"RECLOUD Reality a.s.",Bratislava,"okres Martin",Blatnica,Blatnica
JuUiQvR03zd,"Stanislav Motyčík - MK",Žilina,"okres Žilina",Hôrky,Hôrky
JuYxVfR__Nx,"HOLESTIAK.sk reality s.r.o.",Čadca,"okres Čadca",Oščadnica,Oščadnica
JuxusjEdK8z,"LAWIS s.r.o.",Žilina,"okres Martin",Sučany,Sučany
Juisb1V01uC,"RS Mansory s.r.o.",Bratislava,"okres Žilina",Ovčiarsko,Ovčiarsko
Jur-h57QXWc,"Georgi Conev",Žilina,"okres Žilina",Žilina,Budatín
Ju9rSU4gBpn,"DRR INVEST, s. r. o.","Horný Hričov","okres Žilina",Ovčiarsko,Ovčiarsko
JuGKRtmsaxJ,"1. Reality Rent, s.r.o.",Žilina,"okres Čadca",Oščadnica,Oščadnica
Jurn7Tjk47J,"Real Estate Group4U","Považská Bystrica","okres Žilina",Bitarová,Bitarová
JuFdP62I-_O,NULL,NULL,"okres Liptovský Mikuláš",Prosiek,Prosiek
JugjLuDjRtG,"R2 SK, s.r.o.",Žilina,"okres Žilina",Varín,Varín
Ju9yYyvLM4S,"AstonReal s.r.o.","Banská Bystrica","okres Liptovský Mikuláš","Pavčina Lehota","Pavčina Lehota"
JuEOlFJy7eI,"Realitná kancelária",Bratislava,"okres Liptovský Mikuláš","Svätý Kríž","Svätý Kríž"
Ju_3Vu8GkBj,"YNI reality",Žilina,"okres Žilina",Žilina,Brodno
JuCdo9RybP_,"BeMi realitná kancelária",Nitra,"okres Čadca",Svrčinovec,Svrčinovec
JuQqb1Uylo_,"BALAŽI REAL ESTATE s.r.o.",Topoľčany,"okres Turčianske Teplice","Horná Štubňa","Horná Štubňa"
Juo4-ERrO5Y,"BALAŽI REAL ESTATE s.r.o.",Topoľčany,"okres Martin",Turany,Turany
JuqKis-FMaT,NULL,NULL,"okres Žilina",Svederník,Svederník
Ju11TbSO8Lx,"MGM reality",Žilina,"okres Martin",Valča,Valča
Jumx1pcB1EA,"Realitka pre každého",Žilina,"okres Žilina","Dolná Tižina","Dolná Tižina"
Ju_om9GbVZa,"ROMDOM, s. r. o",Žilina,"okres Martin",Martin,Priekopa
JuDFkgbrvLz,"RK Dalmia s. r. o.","Dolný Kubín","okres Dolný Kubín",Veličná,Veličná
JuWNBUmtL8H,"Realitka pre každého",Žilina,"okres Čadca",Čadca,Podzávoz
JuI3WIo1gnr,Envire,Bratislava,"okres Kysucké Nové Mesto",Povina,Povina
JuHPdbSyfw3,"XEMAR realitná spoločnosť s.r.o.","Banská Bystrica","okres Turčianske Teplice",Turček,Turček
JummK5hE8Lr,"DRR INVEST, s. r. o.","Horný Hričov","okres Žilina",Žilina,"Žilinská Lehota"
Jue_IKSyNYA,"JPE. Reality - Jozef Pajer",Čadca,"okres Čadca",Raková,Raková
Jufp6SmYJxs,"LIF REAL",Martin,"okres Martin",Vrútky,"Karvaša a Bláhovca"
JuKcCOH5Bgu,"Realitné kancelárie SR",Bratislava,"okres Žilina",Ovčiarsko,Ovčiarsko
JuQXoAMiC5M,NULL,NULL,"okres Žilina",Kunerad,Kunerad
JujYYo9Qtpi,"TOCA, s.r.o. Realitná činnosť",Bytča,"okres Bytča","Hlboké nad Váhom","Hlboké nad Váhom"
JuY_o0Hq1ua,"Reality IQ, s.r.o.",Žilina,"okres Kysucké Nové Mesto",Snežnica,Snežnica
Ju9DTwAgiHG,"RE/MAX Slovakia",Bratislava,"okres Liptovský Mikuláš",Beňadiková,Beňadiková
JuARnh9cPNq,"Realitné kancelárie SR",Bratislava,"okres Liptovský Mikuláš",Jamník,Jamník
Ju_Khlvp1_L,"NFA Group, s.r.o.","Žiar nad Hronom","okres Liptovský Mikuláš",Podtureň,Podtureň
JuwYiWFslPL,"JMB REALITY s.r.o.",Ľubietová,"okres Martin",Trnovo,Trnovo
Ju6_q9iLcH2,"DreamReality s.r.o.",Žilina,"okres Kysucké Nové Mesto",Povina,Povina
JuVeKcRGSvF,"BALAŽI REAL ESTATE s.r.o.",Topoľčany,"okres Martin",Turany,Turany
JuUUj1AEgQf,"RK Dalmia s. r. o.","Dolný Kubín","okres Dolný Kubín",Malatiná,Malatiná
JuAewW0gIjM,"RS Mansory s.r.o.",Bratislava,"okres Žilina",Ovčiarsko,Ovčiarsko
JutgQ5gFNVe,"1. Reality Rent, s.r.o.",Žilina,"okres Kysucké Nové Mesto","Kysucké Nové Mesto",Suľkov
Ju2DkJ0tL0r,"RK SPIRIT s.r.o.","Liptovský Mikuláš","okres Liptovský Mikuláš",Kvačany,Kvačany
JusNOhzmA1cV,"BeMi realitná kancelária",Nitra,"okres Žilina","Dlhé Pole","Dlhé Pole"
Julm5UqUwbF,"RADO Reality",Trenčín,"okres Martin",Vrícko,Vrícko
JuoWIuSbW9f,"BALAŽI REAL ESTATE s.r.o.",Topoľčany,"okres Martin",Turany,Turany
Ju3DHGm3SX3,"Real Estate Group4U","Považská Bystrica","okres Žilina",Žilina,"Žilinská Lehota"
JujU-NvkZd5,"BALAŽI REAL ESTATE s.r.o.",Topoľčany,"okres Žilina","Lietavská Svinná-Babkov","Lietavská Svinná-Babkov"
JuuLvwvMnqi,"RK Dalmia s. r. o.","Dolný Kubín","okres Dolný Kubín",Veličná,Veličná
Ju7-tv2yvGe,"Romantické Chalupy, s.r.o.",Bratislava,"okres Bytča",Štiavnik,Štiavnik
Ju2XjdxAKiA,"RE/MAX Slovakia",Bratislava,"okres Dolný Kubín","Dlhá nad Oravou","Dlhá nad Oravou"
JuMA67ZT6Dj,"Realitné kancelárie SR",Bratislava,"okres Žilina",Svederník,Svederník
Ju5G02PfLPf,"ALT REAL, s.r.o.",Martin,"okres Martin","Turčianske Jaseno","Turčianske Jaseno"
Jurrvwf7__Y,"Reality AK, spol. s r.o.",Martin,"okres Martin","Turčianske Kľačany","Turčianske Kľačany"
JuxqyTwKPA7,"MGM reality",Žilina,"okres Čadca",Oščadnica,Oščadnica
Ju3pFJiSu2s,"RK Dalmia s. r. o.","Dolný Kubín","okres Dolný Kubín",Zázrivá,Zázrivá
JupsaGq4wbB,"MartinTham s. r. o.",Bratislava,"okres Martin",Turany,Turany
JusMGCS4uqf,"Ing. Gerlinda Bérešová - Esti",Žilina,"okres Žilina",Stránske,Stránske
JuCWsWXxn1N,"Delta Property s.r.o.",Poprad,"okres Liptovský Mikuláš",Jamník,Jamník
Jus70LjxyN8,"BeMi realitná kancelária",Nitra,"okres Čadca",Skalité,Skalité
JuWllUMOah9,"DRR INVEST, s. r. o.","Horný Hričov","okres Žilina",Žilina,Budatín
JuZjAAYPCXKg,"OREA, s.r.o.","Dolný Kubín","okres Dolný Kubín","Horná Lehota","Horná Lehota"
JulXTVjCmG0,"Reality AK, spol. s r.o.",Martin,"okres Turčianske Teplice",Jazernica,Jazernica
JuRVHpRHSGQ,"Like Reality s.r.o.","Považská Bystrica","okres Martin","Dolný Kalník","Dolný Kalník"
JumCABBKmrv,"Buby reality, s.r.o.",Žilina,"okres Žilina",Žilina,Hájik
JuyrQlq623r,"Realitné kancelárie SR",Bratislava,"okres Žilina",Rosina,Rosina
JuHPJ-p52W2,"OVERENÉ REALITY","Banská Bystrica","okres Ružomberok","Liptovský Michal","Liptovský Michal"
Ju7mSPUl1TY3,"RE/MAX Slovakia",Bratislava,"okres Námestovo","Oravská Jasenica","Oravská Jasenica"
Juarq9_UTUn,"TUreality s.r.o.",Žilina,"okres Námestovo",Ťapešovo,Ťapešovo
Jud1n40d-dn,"B10 Slovensko, a. s.",Žilina,"okres Žilina",Krasňany,Krasňany
Ju2_HPkQ8s2,"RE/MAX Slovakia",Bratislava,"okres Dolný Kubín",Párnica,Párnica
JuXDdV7DuGH,"bezmaklérov, s.r.o.",Žilina,"okres Dolný Kubín",Veličná,Veličná
JuXGG7E_fDg,"AstonReal s.r.o.","Banská Bystrica","okres Ružomberok","Liptovská Štiavnica","Liptovská Štiavnica"
Ju9QSsEf9gw,"GRAVITAS a. s.",Bratislava,"okres Dolný Kubín",Párnica,Párnica
JuWNTIbPUJS,"Reality Alpia",Martin,"okres Liptovský Mikuláš","Liptovský Mikuláš","Staré mesto"
Jue_9ALQet2b,"B10 Slovensko, a. s.",Žilina,"okres Martin","Turčianske Kľačany","Turčianske Kľačany"
Jut36Rci3LJ,"MGM reality",Žilina,"okres Žilina",Žilina,Strážov
JumDim2HAtJ,"X-REAL, s. r. o.",Žilina,"okres Žilina",Žilina,Budatín
JuhJeiPLlID,"WFG reality, s.r.o.",Žilina,"okres Žilina",Žilina,Trnové
JuWSeZfgL-Y,"SCHNEIDER Real",Bratislava,"okres Liptovský Mikuláš",Vavrišovo,Vavrišovo
Jub-7EwQ_Rho,"AstonReal s.r.o.","Banská Bystrica","okres Ružomberok",Ružomberok,Černová
Ju5nXGRiNlM,"BALAŽI REAL ESTATE s.r.o.",Topoľčany,"okres Martin",Ratkovo,Ratkovo
Ju_bN-ewyhS,"AnReal s. r. o.",Mojš,"okres Žilina",Kunerad,Kunerad
JujRK5xYV79,"RK Dalmia s. r. o.","Dolný Kubín","okres Dolný Kubín","Vyšný Kubín","Vyšný Kubín"
JueuBN1Nu8x,"XEMAR realitná spoločnosť s.r.o.","Banská Bystrica","okres Ružomberok","Liptovská Osada","Liptovská Osada"
JudQL3RTdOS,"Realitné kancelárie SR",Bratislava,"okres Žilina",Turie,Turie
JuhckkiisBJp,"BeMi realitná kancelária",Nitra,"okres Čadca",Čierne,Čierne
Ju9e7LtrfAt,"DOBRÉ REALITY s.r.o.",Prievidza,"okres Žilina",Lysica,Lysica
Ju0yTvWbSXD,"BALAŽI REAL ESTATE s.r.o.",Topoľčany,"okres Žilina",Žilina,Bytčica
JuhEf6udQZD,"RES GROUP, s.r.o.",Žilina,"okres Dolný Kubín","Vyšný Kubín","Vyšný Kubín"
JuaHyO1MbDH,"BeMi realitná kancelária",Nitra,"okres Čadca",Svrčinovec,Svrčinovec
Ju6g_Z5mX7e,"RE/MAX Slovakia",Bratislava,"okres Martin",Martin,Stráne
JuLljn1aubH,"Buby reality, s.r.o.",Žilina,"okres Martin",Slovany,Slovany
JuU1wLvylPv,"Realitné kancelárie SR",Bratislava,"okres Kysucké Nové Mesto",Snežnica,Snežnica
JunDvn09Q9U,"AnReal s. r. o.",Mojš,"okres Čadca",Čierne,Čierne
JuDeXKjjRHY,"Realitné kancelárie SR",Bratislava,"okres Bytča",Bytča,"Bytča - sever"
JuDIbuwkSMQ,"Hulka REAL Plus s.r.o.",Bratislava,"okres Ružomberok",Ružomberok,Hrabovo
JuuPfKXcC_S,"SLNOVRAT, s.r.o.",Olešná,"okres Čadca",Čadca,Horelica
JulD1JVCqAd,"RECLOUD Reality a.s.",Bratislava,"okres Martin",Sučany,Sučany
JuQ2QYedCFa,"Reality Now",Bratislava,"okres Žilina",Ovčiarsko,Ovčiarsko
JuMiM4qhAck,"RES GROUP, s.r.o.",Žilina,"okres Žilina",Turie,Turie
JuJrQI4ug9X,"RK Dalmia s. r. o.","Dolný Kubín","okres Dolný Kubín","Dolný Kubín","Malý Bysterec"
JuriEZGWaqe,"OVERENÉ REALITY","Banská Bystrica","okres Dolný Kubín",Malatiná,Malatiná
JudrqxfcGTR,"Nové bývanie",Nitra,"okres Liptovský Mikuláš",Vlachy,Vlachy
JuJ6HTdPmEs,"TUreality s.r.o.",Žilina,"okres Liptovský Mikuláš",Ižipovce,Ižipovce
Ju_QlVk-YXH,"RS Mansory s.r.o.",Bratislava,"okres Žilina",Mojš,Mojš
JuVff9I-9I0,"Reality D.P.A.",Martin,"okres Martin",Valča,Valča
JuLjH4Ztr0P,"BeMi realitná kancelária",Nitra,"okres Tvrdošín",Liesek,Liesek
JuBnZj34L44,"DRR INVEST, s. r. o.","Horný Hričov","okres Bytča","Hlboké nad Váhom","Hlboké nad Váhom"
JuYMxTrMThn,"BeMi realitná kancelária",Nitra,"okres Čadca",Skalité,Skalité
Juo26F3NF2G,"Reality Alpia",Martin,"okres Ružomberok",Likavka,Likavka
Juc0JQaKZWu,"BeMi realitná kancelária",Nitra,"okres Liptovský Mikuláš",Vlachy,Vlachy
JuH2DC2P8Ud,"OREA, s.r.o.","Dolný Kubín","okres Dolný Kubín",Párnica,Párnica
JuVQ4EF1fqG,NULL,NULL,"okres Liptovský Mikuláš","Liptovský Mikuláš","Liptovská Ondrašová"
Ju3Lr4SqXpm,"Reality AK, spol. s r.o.",Martin,"okres Martin",Martin,Stráne
JumOEZa9NyW,"Direct Real, spol. s r.o.",Bratislava,"okres Liptovský Mikuláš",Prosiek,Prosiek
JuoKzORdNaI,NULL,NULL,"okres Liptovský Mikuláš",Jamník,Jamník
JuaXdatuUjs,NULL,NULL,"okres Kysucké Nové Mesto","Dolný Vadičov","Dolný Vadičov"
JudOJ7xWOxA,"Reality Alpia",Martin,"okres Turčianske Teplice","Turčianske Teplice","Turčiansky Michal"
Ju2UzK1gp3R,"1. Reality Rent, s.r.o.",Žilina,"okres Čadca",Oščadnica,Oščadnica
JunD1SrFXPT,"BeMi realitná kancelária",Nitra,"okres Čadca",Skalité,Skalité
JuJTvvQyvPv,"TRI LIPY, s. r. o.",Čadca,"okres Čadca",Makov,Makov
JuUi2C1CE8-,"SLNOVRAT, s.r.o.",Olešná,"okres Čadca",Turzovka,Predmier
Jua5wAoApR5,"DreamReality s.r.o.",Žilina,"okres Kysucké Nové Mesto",Rudina,Rudina
Ju1rBpBDljg,"MAX PROFI REALITY",Martin,"okres Martin",Žabokreky,Žabokreky
JuTZg0TY8JC,"OVERENÉ REALITY","Banská Bystrica","okres Martin",Belá-Dulice,Belá-Dulice
JuzydWNY1w-,"1. Reality Rent, s.r.o.",Žilina,"okres Čadca",Olešná,Olešná
Jup4_5dTntt,"Reality AK, spol. s r.o.",Martin,"okres Martin",Daňová,Daňová
JucXhJ-7RIW,"RE/MAX Slovakia",Bratislava,"okres Liptovský Mikuláš",Bobrovník,Bobrovník
JuPITfSI3H0,"SLNOVRAT, s.r.o.",Olešná,"okres Čadca",Staškov,Staškov
JuKVQligYhM,"RS Mansory s.r.o.",Bratislava,"okres Žilina",Bitarová,Bitarová
Ju_nFFJjAlC,"R2 SK, s.r.o.",Žilina,"okres Žilina",Ovčiarsko,Ovčiarsko
Juz77F3qzjt,"DreamReality s.r.o.",Žilina,"okres Kysucké Nové Mesto",Rudina,Rudina
JuGN-E0XFUo,"RE/MAX Slovakia",Bratislava,"okres Martin",Martin,Priekopa
JuNKPbY78gy,"AnoReal, s.r.o.",Stráňavy,"okres Žilina",Terchová,Terchová
Ju8tqbpzEho,"TUreality s.r.o.",Žilina,"okres Bytča",Štiavnik,Štiavnik
JuWy3Av11B2,"BeMi realitná kancelária",Nitra,"okres Liptovský Mikuláš",Vlachy,Vlachy
JuWpZopSoYC,"TARGETreal s. r. o.",Žilina,"okres Žilina",Ovčiarsko,Ovčiarsko
JuI9ai4mRCA,"MAX PROFI REALITY",Martin,"okres Martin",Martin,Tomčany
JuG7n8qbXvU,"WFG reality, s.r.o.",Žilina,"okres Žilina",Žilina,Trnové
JulK1E26g9e,"HOLESTIAK.sk reality s.r.o.",Čadca,"okres Čadca",Klokočov,Klokočov
JunWOzEcRHK,"1. Reality Rent, s.r.o.",Žilina,"okres Čadca",Makov,Makov
Ju9bTv_8--p,"ZAJO Reality, s.r.o.",Trenčín,"okres Námestovo","Oravská Lesná","Oravská Lesná"
JuEl39vdmi7,"Gro & Partners",Žilina,"okres Žilina","Kotrčiná Lúčka","Kotrčiná Lúčka"
Ju9T9motLi6,"Mamud Reality s. r. o.",Žilina,"okres Žilina",Divina,Divina
Ju9IFe2gRus,"BeMi realitná kancelária",Nitra,"okres Turčianske Teplice",Sklené,Sklené
JulC2goTuDK,"WFG reality, s.r.o.",Žilina,"okres Žilina",Žilina,Vlčince
JufmowlUURT,"HOLESTIAK.sk reality s.r.o.",Čadca,"okres Čadca",Skalité,Skalité
JujO5TgvXtG,NULL,NULL,"okres Dolný Kubín",Párnica,Párnica
Juidgw39ied,"TUreality s.r.o.",Žilina,"okres Liptovský Mikuláš",Podtureň,Podtureň
JueE0RaoId9,"NFA Group, s.r.o.","Žiar nad Hronom","okres Liptovský Mikuláš","Liptovská Sielnica","Liptovská Sielnica"
JuOd8JFAh_B,"Piata Avenue",Žilina,"okres Žilina",Žilina,Trnové
Ju8z5R1jfB3,"TUreality s.r.o.",Žilina,"okres Liptovský Mikuláš","Svätý Kríž","Svätý Kríž"
Juu2KYnLJH8,"TOCA, s.r.o. Realitná činnosť",Bytča,"okres Bytča",Bytča,"Hliník nad Váhom"
Jug6QXb2mr0,"bezmaklérov, s.r.o.",Žilina,"okres Ružomberok","Liptovská Štiavnica","Liptovská Štiavnica"
JuUooEhgJl4,"TRI LIPY, s. r. o.",Čadca,"okres Čadca",Raková,Raková
Ju4d7oCmzgt,"SLNOVRAT, s.r.o.",Olešná,"okres Čadca",Raková,Raková
JuHSEHdVoIU,"Reality MT s.r.o.",Martin,"okres Turčianske Teplice","Turčianske Teplice",Diviaky
JurXAjyEx4Y,"Reality Center, s.r.o.",Martin,"okres Martin",Necpaly,Necpaly
Jubn_BmVZq4,"TUreality s.r.o.",Žilina,"okres Ružomberok","Liptovské Sliače","Liptovské Sliače"
JuAYbMU687z,"bezmaklérov, s.r.o.",Žilina,"okres Liptovský Mikuláš","Liptovský Ján","Liptovský Ján"
Ju5AeA4FaTa,"Mamud Reality s. r. o.",Žilina,"okres Žilina",Bitarová,Bitarová
Ju6BOs5U974,"WFG reality, s.r.o.",Žilina,"okres Žilina","Kotrčiná Lúčka","Kotrčiná Lúčka"
JuLOTbilQnB,"B10 Slovensko, a. s.",Žilina,"okres Martin",Rakovo,Rakovo
JuQixUnoW4u,"Realitné kancelárie SR",Bratislava,"okres Žilina",Višňové,Višňové
JuIlHogl4wQ,"SLNOVRAT, s.r.o.",Olešná,"okres Čadca",Turzovka,Predmier
Ju2i2SZUYUh,"Reality D.P.A.",Martin,"okres Martin",Trebostovo,Trebostovo
JuuE0IH089Q,"BALAŽI REAL ESTATE s.r.o.",Topoľčany,"okres Martin",Ratkovo,Ratkovo
JuP4Qge949G,"AP REAL, s.r.o.",Bratislava,"okres Čadca",Makov,Makov
JuCxQUnpNN5,NULL,NULL,"okres Turčianske Teplice","Turčianske Teplice",Diviaky
JuOoDP05xJ-,"RE/MAX Slovakia",Bratislava,"okres Liptovský Mikuláš","Liptovské Matiašovce","Liptovské Matiašovce"
JujWzeAd4Mq,"Piata Avenue",Žilina,"okres Martin",Karlová,Karlová
JuhYAT13Gs1,"BALAŽI REAL ESTATE s.r.o.",Topoľčany,"okres Martin",Martin,Záturčie
JuHoLMOAPyD,NULL,NULL,"okres Žilina",Višňové,Višňové
JuvDIHl7nu4,"RES GROUP, s.r.o.",Žilina,"okres Čadca",Dunajov,Dunajov
JuW5XYXfIA2,"BeMi realitná kancelária",Nitra,"okres Čadca",Skalité,Skalité
JufKEzTwdq8,"TRI LIPY, s. r. o.",Čadca,"okres Čadca",Čadca,Milošová
JuZ7zgc43wy,"Reality Center, s.r.o.",Martin,"okres Martin",Martin,Podháj
JuG8w7lDdu46,"BALAŽI REAL ESTATE s.r.o.",Topoľčany,"okres Martin",Turany,Turany
JunGp6hRXR2,"Reality IQ, s.r.o.",Žilina,"okres Žilina",Divina,Divina
JumKl3xs_Yl,"Reality Center, s.r.o.",Martin,"okres Martin",Vrútky,"Karvaša a Bláhovca"
JuHRetqPaNB,"OREA, s.r.o.","Dolný Kubín","okres Dolný Kubín",Jasenová,Jasenová
Judf0zzhq5f,"Realitné kancelárie SR",Bratislava,"okres Bytča",Bytča,"Veľká Bytča"
JuFovldbtlH,"bezmaklérov, s.r.o.",Žilina,"okres Žilina",Nededza,Nededza
JueyWGcCtCo,"R2 SK, s.r.o.",Žilina,"okres Martin",Necpaly,Necpaly
Ju16HqVho2l,"RK Dalmia s. r. o.","Dolný Kubín","okres Dolný Kubín","Dolný Kubín",Mokraď
Juxlwl0cqfI,"BEŇO REALITY","Liptovský Mikuláš","okres Liptovský Mikuláš",Podtureň,Podtureň
JuvwILxsaLE,"Realitné kancelárie SR",Bratislava,"okres Kysucké Nové Mesto","Dolný Vadičov","Dolný Vadičov"
JuoEkan0OM3,"OREA, s.r.o.","Dolný Kubín","okres Dolný Kubín",Veličná,Veličná
JuEX_l_3Eqg,"BEŇO REALITY","Liptovský Mikuláš","okres Liptovský Mikuláš","Liptovská Sielnica","Liptovská Sielnica"
JuCmj-PgWTq,"WFG reality, s.r.o.",Žilina,"okres Čadca",Dunajov,Dunajov
JuASY12odtk,"Reality AK, spol. s r.o.",Martin,"okres Liptovský Mikuláš","Liptovská Anna","Liptovská Anna"
Ju-_lgQgjvC,"Direct Real, spol. s r.o.",Bratislava,"okres Liptovský Mikuláš",Ižipovce,Ižipovce
JueMz2TcIL-I,"Apollo House",Bratislava,"okres Ružomberok","Liptovské Sliače","Liptovské Sliače"
JuIw5kl0QB9,"REALITY SPOLU",Bratislava,"okres Ružomberok",Ružomberok,Podsuchá
Ju0UqyDriGS,NULL,NULL,"okres Žilina",Lietava,Lietava
Jul7ugPXcvQ,"ALT REAL, s.r.o.",Martin,"okres Martin",Martin,Záturčie
Ju4lACVtBvB,"TRI LIPY, s. r. o.",Čadca,"okres Čadca",Oščadnica,Oščadnica
JufBIzJWZ0T,"RIEŠIME BÝVANIE",Bratislava,"okres Čadca",Korňa,Korňa
JuJ0YMlVen2,"OREA, s.r.o.","Dolný Kubín","okres Dolný Kubín","Dlhá nad Oravou","Dlhá nad Oravou"
JuxIvOImC9j,"TOCA, s.r.o. Realitná činnosť",Bytča,"okres Bytča",Bytča,Pšurnovice
JufCqQz59Ij,"ŽILINAREAL, s.r.o.",Žilina,"okres Žilina",Kunerad,Kunerad
JuJGNURQ8kY,"Realitné kancelárie SR",Bratislava,"okres Kysucké Nové Mesto",Snežnica,Snežnica
JuS3utLekJS,"ATP stavby s.r.o.","Teplička nad Váhom","okres Martin",Karlová,Karlová
JushtsOsA5D,"Reality MT s.r.o.",Martin,"okres Martin","Košťany nad Turcom","Košťany nad Turcom"
JuPmsU7zgrG,"AstonReal s.r.o.","Banská Bystrica","okres Ružomberok",Ludrová,Ludrová
JumG3BQ732C,"RIEŠIME BÝVANIE",Bratislava,"okres Žilina",Ovčiarsko,Ovčiarsko
JuY5ba5W_4i,"JMB REALITY s.r.o.",Ľubietová,"okres Martin",Blatnica,Blatnica
JuzolLKcQyU,donidDevelop,"Dolný Kubín","okres Námestovo",Krušetnica,Krušetnica
JuLfvRq95qS,"M&G, s.r.o.",Bratislava,"okres Liptovský Mikuláš","Liptovská Anna","Liptovská Anna"
JuBfaxcwUwF,"MAX PROFI REALITY",Martin,"okres Martin",Karlová,Karlová
JuVv2XDLd9H,"TUreality s.r.o.",Žilina,"okres Žilina",Varín,Varín
Ju3oEfAZYzP,NULL,NULL,"okres Liptovský Mikuláš",Východná,Východná
JuMAMHXJq7S,"RESIDENCE realitná kancelária","Liptovský Mikuláš","okres Liptovský Mikuláš",Beňadiková,Beňadiková
JuNaGXxLOzZ,"WFG reality, s.r.o.",Žilina,"okres Kysucké Nové Mesto",Snežnica,Snežnica
JuCjQgzupuY,NULL,NULL,"okres Bytča",Bytča,"Veľká Bytča"
JuhCsanvxln,"SLNOVRAT, s.r.o.",Olešná,"okres Čadca",Svrčinovec,Svrčinovec
JuqxH07lW-i,"RS Mansory s.r.o.",Bratislava,"okres Žilina",Ovčiarsko,Ovčiarsko
JuH12tFyQw2,"AnoReal, s.r.o.",Stráňavy,"okres Žilina",Višňové,Višňové
JuEjJSCiW8Ze,"JPE. Reality - Jozef Pajer",Čadca,"okres Čadca",Skalité,Skalité
JupXbR8DGJn,"OREA, s.r.o.","Dolný Kubín","okres Dolný Kubín","Dolný Kubín",Banisko
JuMvZKQOSvd,"SLNOVRAT, s.r.o.",Olešná,"okres Bytča","Veľké Rovné","Veľké Rovné"
Ju1CjLHLW69,"Bosen Group s.r.o.",Bratislava,"okres Dolný Kubín","Dlhá nad Oravou","Dlhá nad Oravou"
Ju22ZGBmO93,NULL,NULL,"okres Liptovský Mikuláš","Liptovská Anna","Liptovská Anna"
JuwTH_LMEMX,"GERT , s.r.o.","Liptovský Mikuláš","okres Liptovský Mikuláš","Liptovské Kľačany","Liptovské Kľačany"
JufJ-j5ky3T,"Safe reality s. r. o.",Žilina,"okres Žilina","Dolná Tižina","Dolná Tižina"
JuPGBZu28Sz,"RE/MAX Slovakia",Bratislava,"okres Čadca",Oščadnica,Oščadnica
JuXRWhaK2fl,"Realitná kancelária",Bratislava,"okres Turčianske Teplice",Mošovce,Mošovce
Jutyprw4Nso,"TOCA, s.r.o. Realitná činnosť",Bytča,"okres Bytča",Bytča,Pšurnovice
JutjPZbTZEK,donidDevelop,"Dolný Kubín","okres Martin",Sučany,Sučany
Juzs-YHkwHj,"LIF REAL",Martin,"okres Martin","Turčianske Jaseno","Turčianske Jaseno"
JupRRfszbzs,"Reality D.P.A.",Martin,"okres Turčianske Teplice",Sklené,Sklené
JuiFvyOCpZO,"Realitné kancelárie SR",Bratislava,"okres Žilina",Višňové,Višňové
JuqfHhV7H4_,"Georgi Conev",Žilina,"okres Žilina",Lietava,Lietava
JuhB5IsnAP3,"BALAŽI REAL ESTATE s.r.o.",Topoľčany,"okres Martin",Šútovo,Šútovo
Ju4HZvYxEQL,NULL,NULL,"okres Dolný Kubín",Párnica,Párnica
JuR1Vqvk3FA,"TARGETreal s. r. o.",Žilina,"okres Martin",Martin,Záturčie
JuD-E2E_yvf,"RIEŠIME BÝVANIE",Bratislava,"okres Námestovo",Novoť,Novoť
JujqHk5Nsu-,"ETHOS reality, s. r. o.","Krásno nad Kysucou","okres Čadca",Čadca,"U Siheľníka"
JumHegVgatu,"Real Reality Development s.r.o.",Martin,"okres Martin",Podhradie,Podhradie
JuYSlKjn22V2,Urbanista,Bratislava,"okres Turčianske Teplice","Slovenské Pravno","Slovenské Pravno"
JuTN7hEMhfs,"SLNOVRAT, s.r.o.",Olešná,"okres Čadca",Turzovka,Predmier
Juo_LCQm7Zx,"YFE, s.r.o.",Žilina,"okres Žilina",Svederník,Svederník
JucfeqPEDUI,"TARGETreal s. r. o.",Žilina,"okres Turčianske Teplice",Jazernica,Jazernica
JuyewzTZPFk,"Renovo Reality",Žilina,"okres Žilina",Lysica,Lysica
Jug8evCrAgI,"BeMi realitná kancelária",Nitra,"okres Čadca",Skalité,Skalité
JubfWlbtgdy,"RK4 REALITY",Bratislava,"okres Čadca",Olešná,Olešná
JuTmTC_fKnC,"YNI reality",Žilina,"okres Dolný Kubín","Dolný Kubín","Kubínska hoľa"
JuY9N1R47k4,NULL,NULL,"okres Žilina",Žilina,Bôrik
JuGtn_qttBC,"Direct Real, spol. s r.o.",Bratislava,"okres Liptovský Mikuláš","Liptovský Trnovec","Liptovský Trnovec"
Ju26ASiELkU,"Mamud Reality s. r. o.",Žilina,"okres Žilina","Dolná Tižina","Dolná Tižina"
JuoYPByad-u,"RAI COMPANY s.r.o.","Banská Bystrica","okres Dolný Kubín",Malatiná,Malatiná
JueDQ4t8F1t,"MGM reality",Žilina,"okres Kysucké Nové Mesto",Povina,Povina
JuJBjXorHPL,"TUreality s.r.o.",Žilina,"okres Ružomberok",Turík,Turík
JugbHbksCr-,"TeEq Reality",Bratislava,"okres Žilina",Višňové,Višňové
JuRn13yIVnF,"ŽILINAREAL, s.r.o.",Žilina,"okres Čadca",Dunajov,Dunajov
Ju67f0ZUF6a,"Realitné kancelárie SR",Bratislava,"okres Žilina","Dlhé Pole","Dlhé Pole"
Jus7PkExcYQ,"AnoReal, s.r.o.",Stráňavy,"okres Žilina",Rajec,Rajec
JuuNE4PQz6D,"RIEŠIME BÝVANIE",Bratislava,"okres Žilina",Žilina,Budatín
Ju1YLWtdCP4,"RESIDENCE realitná kancelária","Liptovský Mikuláš","okres Liptovský Mikuláš",Lazisko,Lazisko
Jul88RI0614,"Direct Real, spol. s r.o.",Bratislava,"okres Liptovský Mikuláš",Beňadiková,Beňadiková
Ju192g79OHm,"Reality Center, s.r.o.",Martin,"okres Martin",Belá-Dulice,Belá-Dulice
JusbhL9UXOL,"SLNOVRAT, s.r.o.",Olešná,"okres Čadca",Staškov,Staškov
JuWIabvMs8m,"1. Reality Rent, s.r.o.",Žilina,"okres Čadca",Čadca,Rieka
JukIKAnSuKC,"Reality Alpia",Martin,"okres Martin","Dolný Kalník","Dolný Kalník"
JubUi5eOFbH,"RE/MAX Slovakia",Bratislava,"okres Ružomberok","Liptovská Štiavnica","Liptovská Štiavnica"
JupQ7ehcKIt,"Real Estate Group4U","Považská Bystrica","okres Žilina",Žilina,Budatín
JuUn4gk-elR,"R2 SK, s.r.o.",Žilina,"okres Žilina","Kotrčiná Lúčka","Kotrčiná Lúčka"
Ju7lj_P0z5e,"MGM reality",Žilina,"okres Žilina","Dolný Hričov","Dolný Hričov"
JufEhhRezN-,"RK VILLEA, s. r. o.","Dolný Kubín","okres Dolný Kubín","Dolný Kubín",Stred
JuqQ2VY6uD-,"RS Mansory s.r.o.",Bratislava,"okres Kysucké Nové Mesto",Snežnica,Snežnica
Ju97QEdz5sX,"RS Mansory s.r.o.",Bratislava,"okres Čadca",Raková,Raková
JubAI3EWquo,"M&G, s.r.o.",Bratislava,"okres Liptovský Mikuláš","Liptovská Anna","Liptovská Anna"
JutVFvRJpYd,"Realitné kancelárie SR",Bratislava,"okres Žilina",Višňové,Višňové
JutuKcNv2OP,"Realitná kancelária",Bratislava,"okres Martin",Martin,Stred
JuErvfknoQB,"RK VILLEA, s. r. o.","Dolný Kubín","okres Dolný Kubín","Vyšný Kubín","Vyšný Kubín"
JurzykGoa8Y,"BeMi realitná kancelária",Nitra,"okres Čadca",Skalité,Skalité
JuTu2EKoaZM,donidDevelop,"Dolný Kubín","okres Dolný Kubín",Veličná,Veličná
JuB1sJQkopm,"RS Mansory s.r.o.",Bratislava,"okres Kysucké Nové Mesto",Povina,Povina
JusK3lTtUjZ,"Realitné kancelárie SR",Bratislava,"okres Bytča","Veľké Rovné","Veľké Rovné"
Ju6FhwnbvkK,"ŽILINAREAL, s.r.o.",Žilina,"okres Martin",Martin,Tomčany
JuMHyeDGK2f,"Realitné kancelárie SR",Bratislava,"okres Martin",Necpaly,Necpaly
JubNHDCg93x,"RE/MAX Slovakia",Bratislava,"okres Námestovo","Oravská Jasenica","Oravská Jasenica"
JubzyQhnL5j,"RIEŠIME BÝVANIE",Bratislava,"okres Turčianske Teplice",Sklené,Sklené
JuMFxRcxLzj,"RIEŠIME BÝVANIE",Bratislava,"okres Žilina",Ovčiarsko,Ovčiarsko
JuMg-KktE1Q,"RE/MAX Slovakia",Bratislava,"okres Dolný Kubín",Zázrivá,Zázrivá
Jukt7sZSrva,"TARGETreal s. r. o.",Žilina,"okres Žilina",Ovčiarsko,Ovčiarsko
JuLGf5aS3L1,"1. Reality Rent, s.r.o.",Žilina,"okres Kysucké Nové Mesto","Kysucké Nové Mesto",Suľkov
JuTUUGHEQpu,"BALAŽI REAL ESTATE s.r.o.",Topoľčany,"okres Martin",Martin,NULL
JubI61zDvAA,"MGM reality",Žilina,"okres Žilina",Svederník,Svederník
JupXyVwksGj,"Reality BL, s.r.o.","Kysucké Nové Mesto","okres Martin","Horný Kalník","Horný Kalník"
JuzsaTgRy0A,"1. Reality Rent, s.r.o.",Žilina,"okres Čadca",Staškov,Staškov
JuqT9jZ4Nn0,"Direct Real, spol. s r.o.",Bratislava,"okres Liptovský Mikuláš","Liptovská Sielnica","Liptovská Sielnica"
JuzowjqYdqV,"SLNOVRAT, s.r.o.",Olešná,"okres Čadca",Staškov,Staškov
Juw-BV-BqJp,"Realitné kancelárie SR",Bratislava,"okres Žilina",Lietava,Lietava
Ju2_2a_gc9I,Limaxreal,"Liptovský Mikuláš","okres Liptovský Mikuláš","Liptovská Sielnica","Liptovská Sielnica"
Jus9HjYi9K6,"Nové bývanie",Nitra,"okres Liptovský Mikuláš",Vlachy,Vlachy
Ju-Vs-ZZEsP,"SLNOVRAT, s.r.o.",Olešná,"okres Čadca",Turzovka,NULL
JuypdHR9V5h,"RS Mansory s.r.o.",Bratislava,"okres Žilina","Lietavská Svinná-Babkov","Lietavská Svinná-Babkov"
JuC5HWpBoue,"SLNOVRAT, s.r.o.",Olešná,"okres Čadca",Staškov,Staškov
JuTMeTjk733,"MGM reality",Žilina,"okres Žilina",Rajec,Rajec
JuvBlvKpVOg,jabyvam.sk,"Liptovský Mikuláš","okres Liptovský Mikuláš",Jamník,Jamník
JuLSvBwv_I5,"RS Mansory s.r.o.",Bratislava,"okres Žilina",Krasňany,Krasňany
Ju0KCQtbTTW,"BeMi realitná kancelária",Nitra,"okres Čadca",Čadca,Podzávoz
JuaPQ_8Etfd,"Realitné kancelárie SR",Bratislava,"okres Martin",Trnovo,Trnovo
Ju9G8aO6wQl,"RE/MAX Slovakia",Bratislava,"okres Liptovský Mikuláš","Pavčina Lehota","Pavčina Lehota"
JuY9JBEYXXO,"1. Reality Rent, s.r.o.",Žilina,"okres Čadca",Staškov,Staškov
JuEr-eDWZ62,"Reality Center, s.r.o.",Martin,"okres Martin",Turany,Turany
JuuQurqTomT,"AstonReal s.r.o.","Banská Bystrica","okres Liptovský Mikuláš","Liptovský Mikuláš",Podbreziny
JuXLA7wyDLl,"Vianema s.r.o.",Bratislava,"okres Žilina",Čičmany,Čičmany
Ju1OJ87gVSa,"X-REAL, s. r. o.",Žilina,"okres Žilina",Bitarová,Bitarová
JuaF9UiM3uR1,"BeMi realitná kancelária",Nitra,"okres Žilina","Rajecké Teplice","Rajecké Teplice"
Jui0b4gHHzV,"1. Reality Rent, s.r.o.",Žilina,"okres Čadca",Oščadnica,Oščadnica
Jua_BRtxi_0,"Realitné kancelárie SR",Bratislava,"okres Kysucké Nové Mesto",Snežnica,Snežnica
Jud4Z0QIxb1B,NULL,NULL,"okres Martin",Blatnica,Blatnica
JumHCt0Er1_,NULL,NULL,"okres Liptovský Mikuláš","Liptovský Mikuláš",NULL
Ju6XcncfywZ,"RS Mansory s.r.o.",Bratislava,"okres Žilina",Ovčiarsko,Ovčiarsko
Ju6R4Oxuhvk,"1. Reality Rent, s.r.o.",Žilina,"okres Bytča","Veľké Rovné","Veľké Rovné"
JuiJEU2gvVS,"1. Reality Rent, s.r.o.",Žilina,"okres Čadca",Oščadnica,Oščadnica
JuJIq68G1za,"BALAŽI REAL ESTATE s.r.o.",Topoľčany,"okres Martin",Martin,Záturčie
Ju5OGHyG1_Y,"HOLESTIAK.sk reality s.r.o.",Čadca,"okres Čadca",Raková,Raková
JupQvlRFk0k,"StorkReal s. r. o.","Rajecká Lesná","okres Žilina",Kunerad,Kunerad
Ju2hmMFZQ4X,NULL,NULL,"okres Žilina",Višňové,Višňové
Ju1-_Cu9mID,"Reality Alpia",Martin,"okres Martin","Turčiansky Peter","Turčiansky Peter"
JuX4tTXYKir,"SLNOVRAT, s.r.o.",Olešná,"okres Kysucké Nové Mesto","Horný Vadičov","Horný Vadičov"
JuI4QwFHXkB,"RESIDENCE realitná kancelária","Liptovský Mikuláš","okres Liptovský Mikuláš","Liptovský Mikuláš","Liptovská Ondrašová"
Juw3LRApeaS,"RES GROUP, s.r.o.",Žilina,"okres Žilina","Horný Hričov","Horný Hričov"
JueC24ZQ1o3,"MGM reality",Žilina,"okres Žilina",Varín,Varín
Juh_NFZPlxN,"PRIMA reality s.r.o.",Žilina,"okres Žilina",Ovčiarsko,Ovčiarsko
Ju_KMqj7vmd,"Reality Center, s.r.o.",Martin,"okres Martin",Rakovo,Rakovo
JujjYxzg2zO,"Realitka pre každého",Žilina,"okres Kysucké Nové Mesto",Nesluša,Nesluša
JudcG-iBr32,"Safe reality s. r. o.",Žilina,"okres Žilina",Divinka,Divinka
Jug0yKTQ2pn,"SLNOVRAT, s.r.o.",Olešná,"okres Čadca",Raková,Raková
JuveNCiurSC,"RK VILLEA, s. r. o.","Dolný Kubín","okres Dolný Kubín",Žaškov,Žaškov
JuMmLaRBnk-,"Real Reality Development s.r.o.",Martin,"okres Martin",Martin,Stráne
JuAEEafI2yh,"AnoReal, s.r.o.",Stráňavy,"okres Žilina",Kľače,Kľače
JuGEa5Szg2S,"ELITE reality","Považská Bystrica","okres Bytča",Súľov-Hradná,Súľov-Hradná
JuldPobEyqZ,"TARGETreal s. r. o.",Žilina,"okres Bytča","Veľké Rovné","Veľké Rovné"
JuxUrTWen36,"MGM reality",Žilina,"okres Žilina",Ďurčiná,Ďurčiná
JutHLS-i8Kk,"DreamReality s.r.o.",Žilina,"okres Kysucké Nové Mesto",Povina,Povina
JuFMSKsdInV,"Realitná kancelária",Bratislava,"okres Žilina",Bitarová,Bitarová
Ju266Dr49Ba,"BeMi realitná kancelária",Nitra,"okres Kysucké Nové Mesto","Dolný Vadičov","Dolný Vadičov"
JubyLcoXkeA,"bezmaklérov, s.r.o.",Žilina,"okres Žilina",Gbeľany,Gbeľany
JuDgMZQaDeJ,"1. Reality Rent, s.r.o.",Žilina,"okres Čadca",Oščadnica,Oščadnica
Juv8WDTsSPy,"1. Reality Rent, s.r.o.",Žilina,"okres Žilina",Konská,Konská
Ju9noiJ3M5h,"BALAŽI REAL ESTATE s.r.o.",Topoľčany,"okres Martin",Vrícko,Vrícko
JuPmyuLY0AU,"Q REAL s.r.o.",Bratislava,"okres Liptovský Mikuláš",Podtureň,Podtureň
JunJu6IyBiX,"TARGETreal s. r. o.",Žilina,"okres Turčianske Teplice",Sklené,Sklené
JuhDFgB8Eya,"1. Reality Rent, s.r.o.",Žilina,"okres Kysucké Nové Mesto",Povina,Povina
Jukxm6yZ0hf6,"BeMi realitná kancelária",Nitra,"okres Čadca",Skalité,Skalité
JuQnOzH4Mve,"MGM reality",Žilina,"okres Žilina",Svederník,Svederník
JuO__97iq4d,"RS Mansory s.r.o.",Bratislava,"okres Žilina","Lietavská Svinná-Babkov","Lietavská Svinná-Babkov"
JukIX3v-4aJ,NULL,NULL,"okres Žilina",Kľače,Kľače
Ju5L-boRlBV,"HALO reality, s.r.o.",Prievidza,"okres Čadca",Podvysoká,Podvysoká
JuxLDdGxofv,NULL,NULL,"okres Liptovský Mikuláš",Kvačany,Kvačany
Jur27j-ejmc,"BALAŽI REAL ESTATE s.r.o.",Topoľčany,"okres Martin",Martin,Záturčie
Juxv4BCWFjN,"Realitné kancelárie SR",Bratislava,"okres Liptovský Mikuláš",Hybe,Hybe
JuH2wdrPPMN,NULL,NULL,"okres Žilina",Hôrky,Hôrky
JuoLQW0Li8l,"Realitka pre každého",Žilina,"okres Žilina",Bitarová,Bitarová
JuI-7Aiqe6M,"Ing. Marcela Pišteková",Turzovka,"okres Čadca","Vysoká nad Kysucou","Vysoká nad Kysucou"
Ju1V4Qfns7o,"OVERENÉ REALITY","Banská Bystrica","okres Liptovský Mikuláš","Liptovské Beharovce","Liptovské Beharovce"
JuApbqYiTwl,"Realitná kancelária",Bratislava,"okres Martin","Dolný Kalník","Dolný Kalník"
JuXs9XHVo90,"Realitná kancelária",Bratislava,"okres Martin",Vrútky,"Karvaša a Bláhovca"
JuSvmhJEqG1,"FINREA - ak vám záleží na výsledku","Dolný Kubín","okres Martin",Vrútky,"Karvaša a Bláhovca"
JuYB0zOc7gD,NULL,NULL,"okres Ružomberok","Liptovské Sliače","Liptovské Sliače"
JuXWDVHuKu7,"B10 Slovensko, a. s.",Žilina,"okres Bytča",Petrovice,Petrovice
Jui1yUD8ZRT,"SLNOVRAT, s.r.o.",Olešná,"okres Čadca",Turzovka,Predmier
Ju8HOtKyMF8,"Safe reality s. r. o.",Žilina,"okres Žilina",Višňové,Višňové
JuOZEwkJjt3,"RK Dalmia s. r. o.","Dolný Kubín","okres Dolný Kubín","Dolný Kubín",Mokraď
JukvtXQXqqN,"Mgr. Nina Herčková, RSc.",Žilina,"okres Žilina",Višňové,Višňové
JuIyQ6FpRLK,"RK Dalmia s. r. o.","Dolný Kubín","okres Námestovo",Vasiľov,Vasiľov
Ju1cmZVZL9p,"BALAŽI REAL ESTATE s.r.o.",Topoľčany,"okres Martin",Martin,NULL
JuFjy1TVvsF,"B10 Slovensko, a. s.",Žilina,"okres Bytča",NULL,NULL
Ju_utm8DAV9,NULL,NULL,"okres Čadca",Čadca,Rieka
JuaoRgRgfTM,"B10 Slovensko, a. s.",Žilina,"okres Kysucké Nové Mesto",Nesluša,Nesluša
JuVIY0GAADR,NULL,NULL,"okres Ružomberok","Liptovské Sliače","Liptovské Sliače"
JuC0KIbI5oB,"1. Reality Rent, s.r.o.",Žilina,"okres Čadca",Raková,Raková
JuSc9mnlTNp,"Q REAL s.r.o.",Bratislava,"okres Liptovský Mikuláš","Liptovská Sielnica","Liptovská Sielnica"
JuE8ApW_7eF,"TRI LIPY, s. r. o.",Čadca,"okres Čadca",Raková,Raková
JuM_aepmWiE,"Svoboda&Williams Slovakia s.r.o.",Bratislava,"okres Martin",Sučany,Sučany
JubvMgx0Xlu,"OREA, s.r.o.","Dolný Kubín","okres Dolný Kubín","Vyšný Kubín","Vyšný Kubín"
JuCafss2FQP,"BIZNIS REALITY, s.r.o.",Bratislava,"okres Liptovský Mikuláš","Liptovský Mikuláš",Vitálišovce
Ju3KUswXUz_,"RADO Reality",Trenčín,"okres Bytča","Hlboké nad Váhom","Hlboké nad Váhom"
Jup8u-k4Epi,"bezmaklérov, s.r.o.",Žilina,"okres Bytča",Predmier,Predmier
JuMCxXCgucb,"RK SPIRIT s.r.o.","Liptovský Mikuláš","okres Liptovský Mikuláš","Liptovský Mikuláš","Liptovská Mara - Tatralandia"
Ju6EZukLTos,"SLNOVRAT, s.r.o.",Olešná,"okres Čadca",Čadca,Podzávoz
JufB0mJ4fBT,"REALITY SPOLU",Bratislava,"okres Liptovský Mikuláš",Gôtovany,Gôtovany
Ju0PCzCiNgB,"Buby reality, s.r.o.",Žilina,"okres Martin",Žabokreky,Žabokreky
JuuPBY6Ot9Q,"Reality Center, s.r.o.",Martin,"okres Turčianske Teplice","Turčianske Teplice","Turčiansky Michal"
Jut0tUa88wB,"BeMi realitná kancelária",Nitra,"okres Žilina",Rosina,Rosina
JuXoUVcEWR0,"BeMi realitná kancelária",Nitra,"okres Žilina",Ovčiarsko,Ovčiarsko
Juz3m4uVQID,"FINREA - ak vám záleží na výsledku","Dolný Kubín","okres Dolný Kubín","Oravská Poruba","Oravská Poruba"
JuD0_PFG0ni,"BV REAL PD, s.r.o.",Prievidza,"okres Turčianske Teplice",Sklené,Sklené
JuNxdVDCwxP,"RIEŠIME BÝVANIE",Bratislava,"okres Námestovo",Novoť,Novoť
JuMd2LfAtcs,"1. Reality Rent, s.r.o.",Žilina,"okres Čadca","Dlhá nad Kysucou","Dlhá nad Kysucou"
JurUF8OlH6u,"SLNOVRAT, s.r.o.",Olešná,"okres Čadca",Turzovka,Hlinené
JuKqcvokzbp,"Buby reality, s.r.o.",Žilina,"okres Martin",Socovce,Socovce
Jufivg-_9rM,"OREA, s.r.o.","Dolný Kubín","okres Dolný Kubín","Dolný Kubín","Malý Bysterec"
JuT8srAbvDd,"MGM reality",Žilina,"okres Žilina","Kamenná Poruba","Kamenná Poruba"
JuiaMHS2a8S,"SLNOVRAT, s.r.o.",Olešná,"okres Čadca",Oščadnica,Oščadnica
Juuliwtz_LA,"Realitné kancelárie SR",Bratislava,"okres Martin",Necpaly,Necpaly
Ju7kkzPHIc1,"Reality Alpia",Martin,"okres Žilina",Krasňany,Krasňany
Ju78oHKGop9R,"RS Mansory s.r.o.",Bratislava,"okres Žilina","Kotrčiná Lúčka","Kotrčiná Lúčka"
JuFPPvDcbTI,liptoreal,"Liptovský Mikuláš","okres Liptovský Mikuláš",Východná,Východná
Juhz-iIvfOR,NULL,NULL,"okres Dolný Kubín",Zázrivá,Zázrivá
Jul34-9Uznd,"Realitné kancelárie SR",Bratislava,"okres Žilina",Stránske,Stránske
Juz8n3k63O_,"Direct Real, spol. s r.o.",Bratislava,"okres Liptovský Mikuláš",Beňadiková,Beňadiková
JuBCn0k3F8q,"RK SPIRIT s.r.o.","Liptovský Mikuláš","okres Ružomberok",Ružomberok,"Nová Hrboltová"
JuPab66wdox,"RK Dalmia s. r. o.","Dolný Kubín","okres Dolný Kubín","Dolný Kubín",Mokraď
JulxtEGlU-r,"Reality AK, spol. s r.o.",Martin,"okres Turčianske Teplice",Budiš,Budiš
JuGjdMCF3ve,"DreamReality s.r.o.",Žilina,"okres Žilina",Žilina,Bytčica
JuywSKYexoR,NULL,NULL,"okres Tvrdošín",Zábiedovo,Zábiedovo
Jujfy0BeWOa,"Reality Alpia",Martin,"okres Ružomberok",Bešeňová,Bešeňová
JumyeY6xnwq,"MS Alpex, k.s.",Bratislava,"okres Martin",Turany,Turany
JulrIqN4RR6,"RESIDENCE realitná kancelária","Liptovský Mikuláš","okres Liptovský Mikuláš",Hybe,Hybe
JuLNEujfvDD,"TARGETreal s. r. o.",Žilina,"okres Žilina",Strečno,Strečno
JuIvQC1jBvw,"Ing.Tomáš Hudák",Šamorín,"okres Turčianske Teplice",Turček,Turček
JuuH6wyOTi6,"TOCA, s.r.o. Realitná činnosť",Bytča,"okres Bytča",Bytča,"Hliník nad Váhom"
JuR03LYWket,NULL,NULL,"okres Žilina",Stráňavy,Stráňavy
JujNQV7OCek,"YFE, s.r.o.",Žilina,"okres Žilina",Lysica,Lysica
Jup9VNie0hE,"ŽILINAREAL, s.r.o.",Žilina,"okres Čadca",Dunajov,Dunajov
Juv0pBqllQb,"TL Agentura s.r.o",Senec,"okres Námestovo","Oravské Veselé","Oravské Veselé"
JuUpsFDNSQ5,"Reality Now",Bratislava,"okres Žilina",Ovčiarsko,Ovčiarsko
Ju_1RuhBfmB,"Reality AK, spol. s r.o.",Martin,"okres Turčianske Teplice",Budiš,Budiš
JuPvBOIDHAu,"OVERENÉ REALITY","Banská Bystrica","okres Turčianske Teplice",Háj,Háj
JuI63s8eiN7,"RS Mansory s.r.o.",Bratislava,"okres Bytča",Jablonové,Jablonové
JuO_8tOz9vO,"ADH-REAL s.r.o. Hirjaková Adriana",Ovčiarsko,"okres Bytča",Bytča,"Bytča - sever"
Ju_rYNBo_cl,"Reality Alpia",Martin,"okres Bytča","Hlboké nad Váhom","Hlboké nad Váhom"
JuCzxidULuR,"Safe reality s. r. o.",Žilina,"okres Kysucké Nové Mesto",Snežnica,Snežnica
JuCAQgOYAnl,"BeMi realitná kancelária",Nitra,"okres Bytča",Predmier,Predmier
JumgYXab6nd,"SLNOVRAT, s.r.o.",Olešná,"okres Čadca",Klokočov,Klokočov
Ju4qZolzI7i,"Reality D.P.A.",Martin,"okres Martin",Diaková,Diaková
JuMcJmeaUcO,"OREA, s.r.o.","Dolný Kubín","okres Dolný Kubín",Leštiny,Leštiny
JuNitLYneeA,"TRI LIPY, s. r. o.",Čadca,"okres Čadca",Čierne,Čierne
JuVw0hmTAno,"HALO reality, s.r.o.",Prievidza,"okres Liptovský Mikuláš",Gôtovany,Gôtovany
JuFVNjbiRLu,"Reality Alpia",Martin,"okres Martin","Turčianske Kľačany","Turčianske Kľačany"
JuSTrxbH01x,"B10 Slovensko, a. s.",Žilina,"okres Žilina",Terchová,Terchová
JuGnc9OXHGX,"RES GROUP, s.r.o.",Žilina,"okres Dolný Kubín","Dolný Kubín","Malý Bysterec"
Jus89N19pVi,donidDevelop,"Dolný Kubín","okres Dolný Kubín",Zázrivá,Zázrivá
JuUCvHHqEXR,"ŽILINAREAL, s.r.o.",Žilina,"okres Žilina",Krasňany,Krasňany
JutSxfNRIvL,"TARGETreal s. r. o.",Žilina,"okres Čadca",Oščadnica,Oščadnica
Jugj8_j4hFt,"MGM reality",Žilina,"okres Čadca",Oščadnica,Oščadnica
JuVy8PAIz5F,"Realitné kancelárie SR",Bratislava,"okres Liptovský Mikuláš","Liptovský Trnovec","Liptovský Trnovec"
Juy-u_8MLhRu,"Reality D.P.A.",Martin,"okres Martin",Trebostovo,Trebostovo
Ju-hAf6SLZe,"RECLOUD Reality a.s.",Bratislava,"okres Námestovo","Oravská Jasenica","Oravská Jasenica"
Ju0xrW-pJiv,"Safe reality s. r. o.",Žilina,"okres Žilina",Bitarová,Bitarová
JuHEexV-ME8,"Georgi Conev",Žilina,"okres Žilina",Višňové,Višňové
JuvqrgrxLUT,"WFG reality, s.r.o.",Žilina,"okres Kysucké Nové Mesto",Snežnica,Snežnica
JuvU5Bk6XNz,NULL,NULL,"okres Žilina",Žilina,Trnové
JuawfvC1dso,"AP REAL, s.r.o.",Bratislava,"okres Čadca",Makov,Makov
JuujbPaHD-l,NULL,NULL,"okres Žilina","Veľká Čierna","Veľká Čierna"
Ju2DjUagLIB,"RK SPIRIT s.r.o.","Liptovský Mikuláš","okres Liptovský Mikuláš","Pavčina Lehota","Pavčina Lehota"
Jud80emJ1h-,Maxareality,Prievidza,"okres Žilina",Stráňavy,Stráňavy
JuscYJe7Tsp,"Realitné kancelárie SR",Bratislava,"okres Žilina",Bitarová,Bitarová
JuRN7oIh-bh,"RS Mansory s.r.o.",Bratislava,"okres Bytča",Maršová-Rašov,Maršová-Rašov
JuYlSKGJKl6,donidDevelop,"Dolný Kubín","okres Martin","Horný Kalník","Horný Kalník"
JuueVyS2YYG,"Realitné kancelárie SR",Bratislava,"okres Turčianske Teplice","Turčianske Teplice",NULL
JuPNAYZ0O8w,"RIEŠIME BÝVANIE",Bratislava,"okres Žilina",Žilina,Trnové
Ju051T1JZ-l,"Realitné kancelárie SR",Bratislava,"okres Žilina",Žilina,Trnové
JufVWTW_WTc,"BALAŽI REAL ESTATE s.r.o.",Topoľčany,"okres Martin",Martin,Záturčie
JubU6tCkKGs,"Kristína Čanády",Bratislava,"okres Žilina",Ovčiarsko,Ovčiarsko
JusGZR37Rrf,"AnoReal, s.r.o.",Stráňavy,"okres Žilina",Terchová,Terchová
JuZCt8qZhH9,"1. Reality Rent, s.r.o.",Žilina,"okres Čadca","Krásno nad Kysucou",NULL
JumXY6voBY_,"Eden Real estate, s.r.o.",Hlohovec,"okres Liptovský Mikuláš","Liptovský Mikuláš",Podbreziny
JuaTUWSOToW,"BeMi realitná kancelária",Nitra,"okres Čadca",Skalité,Skalité
JuhsDIhlQ5j,"ŽILINAREAL, s.r.o.",Žilina,"okres Žilina",Bitarová,Bitarová
JumBIzQEPOK,"Reality Turiec s.r o.",Martin,"okres Liptovský Mikuláš","Liptovský Trnovec","Liptovský Trnovec"
JuJ6A83KPJ2,"Renovo Reality",Žilina,"okres Žilina",Stránske,Stránske
Ju0Wth3fmJb,liptoreal,"Liptovský Mikuláš","okres Liptovský Mikuláš",Kvačany,Kvačany
Ju-yASPSDbI,"BIZNIS REALITY, s.r.o.",Bratislava,"okres Liptovský Mikuláš","Liptovský Mikuláš",Vitálišovce
Ju7bdNS7Wbu,"RECLOUD Reality a.s.",Bratislava,"okres Martin",Valča,Valča
JuFbQAoDlAy,"Realitné kancelárie SR",Bratislava,"okres Tvrdošín",Habovka,Habovka
JutmSdgoB8o,"TARGETreal s. r. o.",Žilina,"okres Martin",Martin,Tomčany
Ju-TgYUkwq0,NULL,NULL,"okres Kysucké Nové Mesto",Snežnica,Snežnica
JuzpdzmMNmY,"Piata Avenue",Žilina,"okres Martin",Valča,Valča
JuR5ionId5V,"ALT REAL, s.r.o.",Martin,"okres Martin",Blatnica,Blatnica
JuSojlAQh6I,"BeMi realitná kancelária",Nitra,"okres Čadca",Skalité,Skalité
JuJs7LAy2Ca,"TRI LIPY, s. r. o.",Čadca,"okres Čadca",Klokočov,Klokočov
JunsxT9D57Y,"SLNOVRAT, s.r.o.",Olešná,"okres Čadca",Svrčinovec,Svrčinovec
JuyhzX_H2M6,"Realitná kancelária",Bratislava,"okres Čadca",Skalité,Skalité
JuFDWrhfI93,"Reality Alpia",Martin,"okres Bytča","Veľké Rovné","Veľké Rovné"
JuRGpe_vleW,"Apollo House",Bratislava,"okres Ružomberok",Bešeňová,Bešeňová
JuOtIHsfVL7r,"Buby reality, s.r.o.",Žilina,"okres Martin",Ratkovo,Ratkovo
JuIk-JMXLCM,"Reality Alpia",Martin,"okres Žilina",Višňové,Višňové
JutkRgdiYBy,"OVERENÉ REALITY","Banská Bystrica","okres Ružomberok","Liptovská Štiavnica","Liptovská Štiavnica"
Ju2owwvd0Ks,NULL,NULL,"okres Námestovo","Oravská Lesná","Oravská Lesná"
JuCvtDrSDpm,"Effecting s.r.o.",Bratislava,"okres Žilina",Brezany,Brezany
Ju120_vTrodT,"TARGETreal s. r. o.",Žilina,"okres Žilina",Hôrky,Hôrky
Juf2tcjNcp8,"OVERENÉ REALITY","Banská Bystrica","okres Liptovský Mikuláš",Gôtovany,Gôtovany
Juvljk31CAz,"RK Dalmia s. r. o.","Dolný Kubín","okres Dolný Kubín",Žaškov,Žaškov
JuzXf_udfUb,NULL,NULL,"okres Bytča",Bytča,Pšurnovice
JuTnhisKw2A,"AP REAL, s.r.o.",Bratislava,"okres Čadca",Makov,Makov
JuOs44Ibx4E,"RE/MAX Slovakia",Bratislava,"okres Martin","Kláštor pod Znievom","Kláštor pod Znievom"
JuArm-RO0qx,"RESIDENCE realitná kancelária","Liptovský Mikuláš","okres Liptovský Mikuláš","Liptovský Mikuláš","Liptovská Ondrašová"
JuNwfzXAT-U,"LIF REAL",Martin,"okres Martin",Príbovce,Príbovce
JuI1xGqBjgz,"FINREA - ak vám záleží na výsledku","Dolný Kubín","okres Martin",Turany,Turany
Jue9eL-lcIx,"SLNOVRAT, s.r.o.",Olešná,"okres Čadca",Raková,Raková
JuaLB21Fxl_,"RK SPIRIT s.r.o.","Liptovský Mikuláš","okres Liptovský Mikuláš","Liptovský Mikuláš","Vrbica - Nábrežie"
Ju2-GQn0P3G,"MAX PROFI REALITY",Martin,"okres Martin",Martin,Priekopa
JuIBgVzzEhH,"1. Reality Rent, s.r.o.",Žilina,"okres Čadca",Raková,Raková
JuCe3m72ocp,"ALT REAL, s.r.o.",Martin,"okres Martin","Turčianska Štiavnička","Turčianska Štiavnička"
Julifs4IZ1R,"Reality AK, spol. s r.o.",Martin,"okres Martin",Martin,Stráne
JuIesZUseBj,"Realitné kancelárie SR",Bratislava,"okres Žilina",Zbyňov,Zbyňov
JuPr2yDWLko,"Realitné kancelárie SR",Bratislava,"okres Žilina","Teplička nad Váhom","Teplička nad Váhom"
JuX4O4UZ7BH_,"TUreality s.r.o.",Žilina,"okres Ružomberok",Ivachnová,Ivachnová
JutBiDVPJVF,"StorkReal s. r. o.","Rajecká Lesná","okres Žilina",Višňové,Višňové
Juo5DPi-NX1,"Apollo House",Bratislava,"okres Ružomberok","Liptovské Sliače","Liptovské Sliače"
Juvu6M7-uvD,"WFG reality, s.r.o.",Žilina,"okres Žilina",Žilina,Budatín
JuePvBO4qUqh,"MGM reality",Žilina,"okres Žilina",Žilina,Brodno
JuPJNYaejL9,"WFG reality, s.r.o.",Žilina,"okres Čadca",Čadca,"U Hluška"
JuqAOfMLMS5,"PSynchro RK31",Ružomberok,"okres Ružomberok",Likavka,Likavka
JusxvqCVQpI,"TOCA, s.r.o. Realitná činnosť",Bytča,"okres Bytča","Hlboké nad Váhom","Hlboké nad Váhom"
JuvLnr4RMW3,NULL,NULL,"okres Martin",Sučany,Sučany
JuoQejBMBhm,"FINREA - ak vám záleží na výsledku","Dolný Kubín","okres Martin",Martin,Priekopa
JuOx6alhDY_,"TUreality s.r.o.",Žilina,"okres Bytča",Štiavnik,Štiavnik
JuIwevgorag,"Reality D.P.A.",Martin,"okres Martin",Sučany,Sučany
JuTkoqi-k1y,"Apollo House",Bratislava,"okres Ružomberok","Liptovské Sliače","Liptovské Sliače"
JuJ_jH0Ka-F,"RES GROUP, s.r.o.",Žilina,"okres Turčianske Teplice",Dubové,Dubové
JuiAYjSrynL,"RS Mansory s.r.o.",Bratislava,"okres Žilina",Terchová,Terchová
JuQX408bw8H,"Bosen Group s.r.o.",Bratislava,"okres Dolný Kubín",Žaškov,Žaškov
Ju3teAVBtOxF,"GERT , s.r.o.","Liptovský Mikuláš","okres Liptovský Mikuláš",Beňadiková,Beňadiková
JurgCKxDYu4,"MGM reality",Žilina,"okres Žilina",Svederník,Svederník
JufImX742Ut,"AstonReal s.r.o.","Banská Bystrica","okres Liptovský Mikuláš","Liptovský Mikuláš",Podbreziny
JuLYYDsAsCoc,"RECLOUD Reality a.s.",Bratislava,"okres Námestovo","Oravská Jasenica","Oravská Jasenica"
JuCdelRdGA1,"Reality D.P.A.",Martin,"okres Martin",Vrútky,"Karvaša a Bláhovca"
Ju6jOmyHOzk,"ŽILINAREAL, s.r.o.",Žilina,"okres Žilina",Krasňany,Krasňany
JuLQGD34QeZ,"Reality Alpia",Martin,"okres Žilina",Ovčiarsko,Ovčiarsko
JuJ9RlquSBH,"RK Dalmia s. r. o.","Dolný Kubín","okres Dolný Kubín","Dolný Kubín",Mokraď
JuiHO4ziDsX,"RESIDENCE realitná kancelária","Liptovský Mikuláš","okres Liptovský Mikuláš","Liptovský Mikuláš",Podbreziny
JuWsp-GzHhf,"RESIDENCE realitná kancelária","Liptovský Mikuláš","okres Liptovský Mikuláš",Vlachy,Vlachy
JunNzT26gJt,"Realitka pre každého",Žilina,"okres Žilina",Kunerad,Kunerad
JuqRYP4Ii_m,"ALT REAL, s.r.o.",Martin,"okres Martin",Necpaly,Necpaly
JureB0xysPE,"B10 Slovensko, a. s.",Žilina,"okres Martin",Necpaly,Necpaly
JueabChri5n,"TARGETreal s. r. o.",Žilina,"okres Žilina","Kotrčiná Lúčka","Kotrčiná Lúčka"
JuO_g9A6a9wi,NULL,NULL,"okres Martin",Záborie,Záborie
Ju4ExXlTo3S,"Ing.Zuzana Paverová","Turčianske Teplice","okres Martin",Necpaly,Necpaly
Ju5eolzpNXf,"ŽILINAREAL, s.r.o.",Žilina,"okres Bytča","Hlboké nad Váhom","Hlboké nad Váhom"
Juovk415JFh,"Reality Alpia",Martin,"okres Žilina",Žilina,Rosinky
Ju6amfxFDHs,"TUreality s.r.o.",Žilina,"okres Bytča","Hlboké nad Váhom","Hlboké nad Váhom"
JuPvieB5wD8,"AnReal s. r. o.",Mojš,"okres Žilina",Mojš,Mojš
JuE953fYUaJ,"Realitná kancelária",Bratislava,"okres Martin",Lipovec,Lipovec
JuUwHBfeaJH,"ROSA reality","Kysucké Nové Mesto","okres Kysucké Nové Mesto","Horný Vadičov","Horný Vadičov"
JulnuV6b4dq,"Real Reality Development s.r.o.",Martin,"okres Martin",Dražkovce,Dražkovce
Julb8CQS_U3,"Realitná kancelária",Bratislava,"okres Turčianske Teplice",Sklené,Sklené
JuSuQFG8xu1,"1. Reality Rent, s.r.o.",Žilina,"okres Čadca",Makov,Makov
JuwNYa-6iOH,"BeMi realitná kancelária",Nitra,"okres Žilina",Bitarová,Bitarová
JuUlwzFbYFD,NULL,NULL,"okres Dolný Kubín",Kraľovany,Kraľovany
JuJOjhQbYoo,"Ing.Zuzana Paverová","Turčianske Teplice","okres Turčianske Teplice","Turčianske Teplice","Turčiansky Michal"
JuRzGNU0BD2,"Direct Real, spol. s r.o.",Bratislava,"okres Turčianske Teplice","Turčianske Teplice",Stred
Juk20aBZ0Ls,"SLNOVRAT, s.r.o.",Olešná,"okres Čadca",Raková,Raková
Ju00kypR_p_,"AnoReal, s.r.o.",Stráňavy,"okres Žilina",Rajec,Rajec
JuEWO1OepoK,"Reality AK, spol. s r.o.",Martin,"okres Martin","Kláštor pod Znievom","Kláštor pod Znievom"
JutWL9k4SH-,"RK Dalmia s. r. o.","Dolný Kubín","okres Dolný Kubín","Dolný Kubín","Malý Bysterec"
JuwL0eI__3n8,"WFG reality, s.r.o.",Žilina,"okres Kysucké Nové Mesto",Rudina,Rudina
Ju7PRPwxRRPQ,"BeMi realitná kancelária",Nitra,"okres Žilina",Podhorie,Podhorie
Ju7VNOVgGEX,NULL,NULL,"okres Martin",Sučany,Sučany
JuzcT2nMl5E,"Mamud Reality s. r. o.",Žilina,"okres Kysucké Nové Mesto","Horný Vadičov","Horný Vadičov"
JutEPw1J-xD,"BeMi realitná kancelária",Nitra,"okres Žilina",Žilina,Zádubnie
JubLSsddj46,"1.BCR REAL ESTATE SLOVAKIA",Bratislava,"okres Liptovský Mikuláš","Liptovský Mikuláš","Staré mesto"
JuMUzvKUv9i,"BALAŽI REAL ESTATE s.r.o.",Topoľčany,"okres Martin",Martin,Záturčie
Ju2dDwgittj,"Ing. Gerlinda Bérešová - Esti",Žilina,"okres Žilina",Stránske,Stránske
JuYCEnwkjLX,"TOCA, s.r.o. Realitná činnosť",Bytča,"okres Bytča",Súľov-Hradná,Súľov-Hradná
JulcGjr0HkD,"Piata Avenue",Žilina,"okres Martin",Lipovec,Lipovec
JuVP0HZPxQP,"SLNOVRAT, s.r.o.",Olešná,"okres Čadca",Oščadnica,Oščadnica
JuDxiaz2nPZ,"M&G, s.r.o.",Bratislava,"okres Liptovský Mikuláš","Liptovská Anna","Liptovská Anna"
JuV3Yr0Tkt7,"Realitné kancelárie SR",Bratislava,"okres Žilina",Terchová,Terchová
Ju3lYLQgij-,"HOLESTIAK.sk reality s.r.o.",Čadca,"okres Čadca",Čadca,Rieka
Ju7o2vN-Kj5,"RES GROUP, s.r.o.",Žilina,"okres Žilina",Žilina,Trnové
JuYtpUq3Ljt,"ALT REAL, s.r.o.",Martin,"okres Martin",Necpaly,Necpaly
JuLF3n8V0u0,"DOBRÉ REALITY s.r.o.",Prievidza,"okres Turčianske Teplice","Slovenské Pravno","Slovenské Pravno"
Jua-87P0brZ,"M&G, s.r.o.",Bratislava,"okres Liptovský Mikuláš","Liptovská Anna","Liptovská Anna"
Judikv0pXVX,"RK4 REALITY",Bratislava,"okres Kysucké Nové Mesto",Snežnica,Snežnica
JuQE6iaf57k,"RS Mansory s.r.o.",Bratislava,"okres Žilina",Ovčiarsko,Ovčiarsko
JuZenYjsJ5j,"Safe reality s. r. o.",Žilina,"okres Žilina","Lietavská Svinná-Babkov","Lietavská Svinná-Babkov"
JunoJZqtPKv,"RIEŠIME BÝVANIE",Bratislava,"okres Bytča",Kotešová,Kotešová
JuFDHnuYFxT,"RECOM, s.r.o.",Martin,"okres Martin",Martin,Sever
JuCZD2XgLKU,NULL,NULL,"okres Čadca","Krásno nad Kysucou",Kalinov
JuB4oTBd8tj,"MGM reality",Žilina,"okres Žilina","Dolný Hričov","Dolný Hričov"
Ju6v5X2xr8N,"Ing. Gerlinda Bérešová - Esti",Žilina,"okres Žilina",Turie,Turie
JumpjkKxSdz,donidDevelop,"Dolný Kubín","okres Dolný Kubín",Zázrivá,Zázrivá
JuQ7vhVLfEg,"RK Dalmia s. r. o.","Dolný Kubín","okres Námestovo",Námestovo,NULL
JuvOhFg_IIq,"Reality D.P.A.",Martin,"okres Martin","Turčiansky Peter","Turčiansky Peter"
JubkW3740OB,"RIEŠIME BÝVANIE",Bratislava,"okres Bytča",Kotešová,Kotešová
Ju8TvPJCfAu,"HOLESTIAK.sk reality s.r.o.",Čadca,"okres Žilina",Terchová,Terchová
Jue0k_6k3BC,"Reality Turiec s.r o.",Martin,"okres Martin",Podhradie,Podhradie
Juy9B79A4J4,"Realitné kancelárie SR",Bratislava,"okres Turčianske Teplice",Jazernica,Jazernica
Jufbp419kLn,NULL,NULL,"okres Liptovský Mikuláš","Uhorská Ves","Uhorská Ves"
JuoM1a2vfjr,"1. Reality Rent, s.r.o.",Žilina,"okres Čadca",Čadca,Kyčerka
JuCX6DjrhAx,"Realitná kancelária",Bratislava,"okres Liptovský Mikuláš",Kvačany,Kvačany
Ju3m-dUNJYI,"bezmaklérov, s.r.o.",Žilina,"okres Liptovský Mikuláš","Liptovské Beharovce","Liptovské Beharovce"
JuaWAXYq8CN,"B10 Slovensko, a. s.",Žilina,"okres Kysucké Nové Mesto","Dolný Vadičov","Dolný Vadičov"
JuAOp73hEtJ,"TARGETreal s. r. o.",Žilina,"okres Turčianske Teplice",Bodorová,Bodorová
Juml9ZbpWBM,"MGM reality",Žilina,"okres Žilina",Rosina,Rosina
JuoqzBB_9Ic,donidDevelop,"Dolný Kubín","okres Dolný Kubín",Párnica,Párnica
JuLeQIMuEoJ,"Vianema s.r.o.",Bratislava,"okres Turčianske Teplice",Mošovce,Mošovce
JuvLJIIUOfY,"Direct Real, spol. s r.o.",Bratislava,"okres Liptovský Mikuláš",Lazisko,Lazisko
Ju3PLVbW63-,"FINREA - ak vám záleží na výsledku","Dolný Kubín","okres Dolný Kubín",Veličná,Veličná
Jup1kPgQpEa,"BeMi realitná kancelária",Nitra,"okres Žilina",Lietava,Lietava
JuVYqJ0JX1k,"Reality Alpia",Martin,"okres Žilina",Žilina,Budatín
JuOOdwBZpnq,"OREA, s.r.o.","Dolný Kubín","okres Dolný Kubín",Pribiš,Pribiš
JuFHiiWQjoz,"StorkReal s. r. o.","Rajecká Lesná","okres Žilina","Veľká Čierna","Veľká Čierna"
JuxCQhpzaPp,"JMB REALITY s.r.o.",Ľubietová,"okres Martin",Trnovo,Trnovo
Ju2vqxn_y5h,"1. Reality Rent, s.r.o.",Žilina,"okres Čadca",Skalité,Skalité
JuVQc2LdTTG,"FINREA - ak vám záleží na výsledku","Dolný Kubín","okres Martin",Sučany,Sučany
JuUUpLR6AWM,NULL,NULL,"okres Žilina","Dolná Tižina","Dolná Tižina"
Juod5b-P5x2,"Real Estate Group4U","Považská Bystrica","okres Žilina",Žilina,Budatín
Julqx-OsWd4,"TOCA, s.r.o. Realitná činnosť",Bytča,"okres Bytča","Hlboké nad Váhom","Hlboké nad Váhom"
JuNDmq9QqWV,"HALO reality, s.r.o.",Prievidza,"okres Liptovský Mikuláš",Východná,Východná
JuAW0SJGZe9,"RS Mansory s.r.o.",Bratislava,"okres Žilina","Kotrčiná Lúčka","Kotrčiná Lúčka"
JuL1tbUXhpj,"WFG reality, s.r.o.",Žilina,"okres Kysucké Nové Mesto",Lodno,Lodno
Ju55_tGfxfr,"KRUPPKY, s.r.o.","Liptovský Mikuláš","okres Liptovský Mikuláš","Liptovský Mikuláš",Stošice
Juv_OE5QhUq,"EASY centrum bývania, s.r.o.",Žilina,"okres Žilina",Terchová,Terchová
Ju68Dykgvdc,"TUreality s.r.o.",Žilina,"okres Žilina","Dolná Tižina","Dolná Tižina"
Ju8oY2HaCv1,"Reality Alpia",Martin,"okres Martin",Martin,Jahodníky
JuRanZisa5Z,"MGM reality",Žilina,"okres Žilina",Marčk,Marček
Juu_JI3IbCE,"MGM reality",Žilina,"okres Bytča",Bytča,"Bytča - sever"
Juz-5oPyoQW,"MGM reality",Žilina,"okres Žilina",Rosina,Rosina
Ju0UmYe9Px-,"BeMi realitná kancelária",Nitra,"okres Čadca",Staškov,Staškov
JuDwRiMatNB,"ALT REAL, s.r.o.",Martin,"okres Martin",Sklabiňa,Sklabiňa
JugG3vyzxv0,"Reality Center, s.r.o.",Martin,"okres Martin","Turčianska Štiavnička","Turčianska Štiavnička"
Ju5LTX3e1H6,"BeMi realitná kancelária",Nitra,"okres Čadca",Oščadnica,Oščadnica
JuMxwj9KkkZ,"RE/MAX Slovakia",Bratislava,"okres Námestovo","Oravská Jasenica","Oravská Jasenica"
JuicyD7lpub,"EASY centrum bývania, s.r.o.",Žilina,"okres Žilina",Žilina,Budatín
JubcbkupV-K,"Reality IQ, s.r.o.",Žilina,"okres Bytča",Bytča,"Bytča - sever"
Ju4Q_gSlKhh,"Realitné kancelárie SR",Bratislava,"okres Žilina",Kľače,Kľače
JuQ9QuExnST,"BALAŽI REAL ESTATE s.r.o.",Topoľčany,"okres Martin",Martin,Záturčie
JuSwT_XLgPV,"PhDr. Miloš Kocúr - BKM Consulting",Skalité,"okres Ružomberok",Ružomberok,"Revúcka dolina"
JuD1-Yw-h6R,NULL,NULL,"okres Žilina","Dolná Tižina","Dolná Tižina"
JuDFS7ZcUKC,"AP REAL, s.r.o.",Bratislava,"okres Čadca",Makov,Makov
JugiMieeEs_,"RECLOUD Reality a.s.",Bratislava,"okres Martin",Vrútky,"Dolné Vrútky"
JunYVarhNpk,"Mgr. Renáta Kolenčíková",Nitra,"okres Žilina","Dolný Hričov","Dolný Hričov"
JuOBPA2nCGL,"Realitná kancelária SYMPATIA REAL s. r. o.",Žilina,"okres Žilina","Teplička nad Váhom","Teplička nad Váhom"
JuwNxJhCDfg,"TOCA, s.r.o. Realitná činnosť",Bytča,"okres Bytča",Bytča,"Hliník nad Váhom"
JuvQg4wxWiM,"Realitka pre každého",Žilina,"okres Žilina",Bitarová,Bitarová
JuVBbGfUDf1,"New Ways Reality&Financie",Poprad,"okres Ružomberok",Ivachnová,Ivachnová
JuOwj2nckB1,"X-REAL, s. r. o.",Žilina,"okres Žilina",Rosina,Rosina
JulYy4ldFQa1,"Safe reality s. r. o.",Žilina,"okres Žilina",Bitarová,Bitarová
JuflONHQOiV,"ZRUBY RAJEC, s.r.o.",Rajec,"okres Dolný Kubín","Vyšný Kubín","Vyšný Kubín"
JuvkGcZpCKL,"BeMi realitná kancelária",Nitra,"okres Námestovo","Oravská Lesná","Oravská Lesná"
JutxQo51THJ,"KUBALA REALITY, s.r.o.",Čadca,"okres Čadca",Raková,Raková
JuY_kixqoQW,"agreal.sk, spol. s r.o.",Bratislava,"okres Liptovský Mikuláš",Kvačany,Kvačany
JuafO7D1C5y,"BEŇO REALITY","Liptovský Mikuláš","okres Liptovský Mikuláš",Jamník,Jamník
JuojulIxoMm,"Direct Real, spol. s r.o.",Bratislava,"okres Liptovský Mikuláš",Pribylina,Pribylina
Juk7ESYVk3r,"RK Dalmia s. r. o.","Dolný Kubín","okres Námestovo",Vasiľov,Vasiľov
JuDPVSkdjbb,"Safe reality s. r. o.",Žilina,"okres Bytča",Kotešová,Kotešová
JuSMDjKsDMw,"TARGETreal s. r. o.",Žilina,"okres Bytča","Veľké Rovné","Veľké Rovné"
JuK4j_sbxpH,"StorkReal s. r. o.","Rajecká Lesná","okres Žilina",Kľače,Kľače
JuDu2MlXcTn,"Direct Real, spol. s r.o.",Bratislava,"okres Martin",Ratkovo,Ratkovo
JuvZDfX9h0j,"HOLESTIAK.sk reality s.r.o.",Čadca,"okres Čadca",Staškov,Staškov
JufxtZp_N5P,"HALO reality, s.r.o.",Prievidza,"okres Liptovský Mikuláš","Závažná Poruba","Závažná Poruba"
JuB8mFJnVT3,"Reality ASTORIA, s.r.o.",Martin,"okres Martin",Príbovce,Príbovce
JuNyZWoxw0A,"TARGETreal s. r. o.",Žilina,"okres Martin","Turčiansky Peter","Turčiansky Peter"
Juu-qpDOYIv,"Mamud Reality s. r. o.",Žilina,"okres Žilina",Mojš,Mojš
JuOPdmvhEwO,"B10 Slovensko, a. s.",Žilina,"okres Martin",Necpaly,Necpaly
JuJ2_wybbaK,"ETHOS reality, s. r. o.","Krásno nad Kysucou","okres Žilina",Žilina,"Žilinská Lehota"
JueBhRnur92,"1. Reality Rent, s.r.o.",Žilina,"okres Čadca",Čadca,Podzávoz
JuvVzNYO2xk,"AstonReal s.r.o.","Banská Bystrica","okres Liptovský Mikuláš","Liptovské Kľačany","Liptovské Kľačany"
Ju_fVXnqYH3,"WFG reality, s.r.o.",Žilina,"okres Čadca","Dlhá nad Kysucou","Dlhá nad Kysucou"
Ju-SZF8QBN4,"SLNOVRAT, s.r.o.",Olešná,"okres Čadca",Oščadnica,Oščadnica
JufBtLiGIPk,"BR ACADEMY, s. r. o.","Kysucké Nové Mesto","okres Kysucké Nové Mesto",Rudinská,Rudinská
JudMigoHhfK,"TUreality s.r.o.",Žilina,"okres Liptovský Mikuláš","Liptovská Sielnica","Liptovská Sielnica"
JuWPMQs-4VM,"Real Reality Development s.r.o.",Martin,"okres Martin",Lipovec,Lipovec
JuR6b65HC4k,"1. Reality Rent, s.r.o.",Žilina,"okres Čadca",Skalité,Skalité
JuzOGUk6m--,"BALAŽI REAL ESTATE s.r.o.",Topoľčany,"okres Martin",Šútovo,Šútovo
JuGRHQWEm6t,"Real Estate Group4U","Považská Bystrica","okres Žilina",Divina,Divina
JuxeTnNf4SA,"MGM reality",Žilina,"okres Žilina",Žilina,Strážov
JuvbiaDUOpH,"RS Mansory s.r.o.",Bratislava,"okres Žilina",Žilina,Budatín
JusTHrdS9S-,"TRI LIPY, s. r. o.",Čadca,"okres Čadca",Korňa,Korňa
JuZHBvu_y5k,"T.S.reality, s.r.o.",Brno,"okres Žilina","Lietavská Lúčka","Lietavská Lúčka"
JuFCukJYH3o,"OREA, s.r.o.","Dolný Kubín","okres Dolný Kubín","Dolný Kubín",Záskalie
JufaT9ciPca,G-REAL,"Liptovský Mikuláš","okres Liptovský Mikuláš",Ľubeľa,Ľubeľa
JupbvvbWZFWc,"RECOM, s.r.o.",Martin,"okres Martin",Martin,Sever
JugYDWGaYrW,"RS Mansory s.r.o.",Bratislava,"okres Žilina","Dolný Hričov","Dolný Hričov"
JuTbm-HYgXk,"SLNOVRAT, s.r.o.",Olešná,"okres Čadca",Čadca,NULL
JujaAjDinmCV,Limaxreal,"Liptovský Mikuláš","okres Liptovský Mikuláš",Ižipovce,Ižipovce
JuwpErO1oQo,"TARGETreal s. r. o.",Žilina,"okres Martin",Vrútky,"Karvaša a Bláhovca"
JuXyzVvMfD0,"OREA, s.r.o.","Dolný Kubín","okres Dolný Kubín","Dolný Kubín","Veľký Bysterec"
Jur2dnOd-h4,"SLNOVRAT, s.r.o.",Olešná,"okres Čadca",Čadca,Rieka
JuL88g5odPF,"1. Reality Rent, s.r.o.",Žilina,"okres Čadca",Čadca,Rieka
Ju9K2ce3tAr,"FINREA - ak vám záleží na výsledku","Dolný Kubín","okres Dolný Kubín",Osádka,Osádka
Ju-NDMj5LtQ,NULL,NULL,"okres Ružomberok",Štiavnička,Štiavnička
JuUM9axhhyU,"Realitné kancelárie SR",Bratislava,"okres Žilina","Lietavská Svinná-Babkov","Lietavská Svinná-Babkov"
JuAZ6fgfjuZ,"AnReal s. r. o.",Mojš,"okres Čadca",Čierne,Čierne
JucTCCPlXaR,"ŽILINAREAL, s.r.o.",Žilina,"okres Martin",Martin,NULL
JuhoPxrS652,"REALITY SPOLU",Bratislava,"okres Ružomberok",Hubová,Hubová
Juvwo3yus2z,"RS Mansory s.r.o.",Bratislava,"okres Žilina",Bitarová,Bitarová
Ju-MIVcElKG,NULL,NULL,"okres Žilina",Žilina,Budatín
Ju_1W8VjrZV,"BeMi realitná kancelária",Nitra,"okres Žilina",Bitarová,Bitarová
Ju4W-q9O29Z,"Vianema s.r.o.",Bratislava,"okres Bytča",Predmier,Predmier
Juw8Xkyweh9,"MGM reality",Žilina,"okres Žilina",Rosina,Rosina
JuQ6qmIjohw,"BeMi realitná kancelária",Nitra,"okres Námestovo",Námestovo,Čerchle
JuN4Ko5MTcJ,"Direct Real, spol. s r.o.",Bratislava,"okres Liptovský Mikuláš","Liptovský Mikuláš",Podbreziny
JusslN-MwRD,"1. Reality Rent, s.r.o.",Žilina,"okres Čadca",Makov,Makov
JupMjKkwPeV,"Realitná kancelária",Bratislava,"okres Liptovský Mikuláš",Kvačany,Kvačany
JutcLxhDE3o,"StorkReal s. r. o.","Rajecká Lesná","okres Žilina",Kunerad,Kunerad
JukIBS7GOVs,"Buby reality, s.r.o.",Žilina,"okres Martin",Martin,Priekopa
JuAgx4tBYzv,"1. Reality Rent, s.r.o.",Žilina,"okres Čadca",Staškov,Staškov
JuDHH4NlCyqo,"AstonReal s.r.o.","Banská Bystrica","okres Liptovský Mikuláš","Svätý Kríž","Svätý Kríž"
Jujch7drC6q,"RE/MAX Slovakia",Bratislava,"okres Liptovský Mikuláš","Liptovský Ján","Liptovský Ján"
JusCy__yyRZ,"Reality D.P.A.",Martin,"okres Turčianske Teplice",Mošovce,Mošovce
JuW8aAxjxNx,liptoreal,"Liptovský Mikuláš","okres Liptovský Mikuláš",Prosiek,Prosiek
JutdkjPNxRS,"TARGETreal s. r. o.",Žilina,"okres Žilina",Rosina,Rosina
JuW_12z2Y4f,"Reality Turiec s.r o.",Martin,"okres Martin",Belá-Dulice,Belá-Dulice
Ju4g9YHwdlx,"StorkReal s. r. o.","Rajecká Lesná","okres Žilina",Zbyňov,Zbyňov
Ju4ms2VGYuHG,"RS Mansory s.r.o.",Bratislava,"okres Žilina",Terchová,Terchová
JuEpEk6fWjH,"RS Mansory s.r.o.",Bratislava,"okres Žilina","Dolný Hričov","Dolný Hričov"
JuxTRMglx-W,"BeMi realitná kancelária",Nitra,"okres Čadca",Raková,Raková
JuvJszhFBaP,"Real Reality Development s.r.o.",Martin,"okres Turčianske Teplice",Mošovce,Mošovce
JuixgWiuI-g,"RE/MAX Slovakia",Bratislava,"okres Martin",Príbovce,Príbovce
Judc1EdBcup,"Reality Alpia",Martin,"okres Turčianske Teplice",Kaľamenová,Kaľamenová
JudYr0kY49Z,"ALT REAL, s.r.o.",Martin,"okres Martin",Blatnica,Blatnica
JuPbTvxxFti,NULL,NULL,"okres Žilina",Krasňany,Krasňany
JutjlsqdjlN,"B10 Slovensko, a. s.",Žilina,"okres Martin",Diaková,Diaková
Ju3PrO2eSPN,"ETHOS reality, s. r. o.","Krásno nad Kysucou","okres Čadca",Korňa,Korňa
Ju2NQev2SId,NULL,NULL,"okres Liptovský Mikuláš",Jakubovany,Jakubovany
JuxYYBPBmey,"BALAŽI REAL ESTATE s.r.o.",Topoľčany,"okres Martin",Vrícko,Vrícko
JutnFvbh17V,"RE/MAX Slovakia",Bratislava,"okres Liptovský Mikuláš","Liptovský Peter","Liptovský Peter"
JutbpFV_5ly,"Reality AK, spol. s r.o.",Martin,"okres Martin",Lipovec,Lipovec
JuscZOsY1gt,"Safe reality s. r. o.",Žilina,"okres Čadca",Staškov,Staškov
JuDU5D47va2,"FINREA - ak vám záleží na výsledku","Dolný Kubín","okres Ružomberok",Komjatná,Komjatná
JuXhVixLVGG,"Real Estate Group4U","Považská Bystrica","okres Žilina","Lietavská Svinná-Babkov","Lietavská Svinná-Babkov"
JuLRr4cyAPf,"Reality IQ, s.r.o.",Žilina,"okres Námestovo","Oravská Lesná","Oravská Lesná"
Ju9cyC56Bl4,"1. Reality Rent, s.r.o.",Žilina,"okres Kysucké Nové Mesto","Kysucké Nové Mesto",Suľkov
Ju7pU7Ouw32,"RECLOUD Reality a.s.",Bratislava,"okres Čadca",Korňa,Korňa
Ju9SYtrH9Xk,"Realitná kancelária",Bratislava,"okres Turčianske Teplice","Horná Štubňa","Horná Štubňa"
Ju9A78TekYt,"IDEÁLNE BÝVANIE, s.r.o.",Žilina,"okres Bytča","Veľké Rovné","Veľké Rovné"
JuMK_ZB-5jG,"Reality MT s.r.o.",Martin,"okres Martin",Valča,Valča
Jutfm6VQ_-o,"MGM reality",Žilina,"okres Žilina",Rosina,Rosina
JuZeBBGEyyq,"Reality D.P.A.",Martin,"okres Martin",Vrútky,"Karvaša a Bláhovca"
JuYoMQAxiBt,"Real Estate Group4U","Považská Bystrica","okres Žilina","Kamenná Poruba","Kamenná Poruba"
JuzTBHETb5G,"Romantické Chalupy, s.r.o.",Bratislava,"okres Bytča",Kolárovice,Kolárovice
Ju_Srz9D_6-,"Romantické Chalupy, s.r.o.",Bratislava,"okres Turčianske Teplice",Čremošné,Čremošné
Ju7lkcp0j1X,NULL,NULL,"okres Ružomberok","Liptovské Sliače","Liptovské Sliače"
JuxrV_XvqkB,"House Real Žilina",Žilina,"okres Žilina",Ovčiarsko,Ovčiarsko
JuP8rlC8Xco,"ATP stavby s.r.o.","Teplička nad Váhom","okres Žilina",Žilina,Trnové
Ju9EWCUTpfs,"KRUPPKY, s.r.o.","Liptovský Mikuláš","okres Liptovský Mikuláš","Uhorská Ves","Uhorská Ves"
JuEl_5mhIIG,"Reality Alpia",Martin,"okres Liptovský Mikuláš","Svätý Kríž","Svätý Kríž"
JuYP7ILQfhI,"Reality Alpia",Martin,"okres Žilina",Varín,Varín
JuGjSvB2SWb,"B10 Slovensko, a. s.",Žilina,"okres Žilina",Višňové,Višňové
JufDqWof_NN,"1. Reality Rent, s.r.o.",Žilina,"okres Čadca",Olešná,Olešná
Juv3W5C4xtN_,"Apollo House",Bratislava,"okres Ružomberok","Liptovské Sliače","Liptovské Sliače"
JuYP_MCF9yI,"1. Reality Rent, s.r.o.",Žilina,"okres Čadca","Nová Bystrica","Nová Bystrica"
Ju2u6VZSsgd,"Realitné kancelárie SR",Bratislava,"okres Liptovský Mikuláš","Liptovský Trnovec","Liptovský Trnovec"
Juvdw9xd7yr,"Realitné kancelárie SR",Bratislava,"okres Žilina",Varín,Varín
JufFFiGUtxN,"RESIDENCE realitná kancelária","Liptovský Mikuláš","okres Liptovský Mikuláš","Liptovský Mikuláš",Vitálišovce
JuWpmO3Yrkb,"Reality D.P.A.",Martin,"okres Martin",Sučany,Sučany
JuowzNUzni4,donidDevelop,"Dolný Kubín","okres Dolný Kubín",Veličná,Veličná
JuIGtLwLscT,Limaxreal,"Liptovský Mikuláš","okres Liptovský Mikuláš","Liptovský Mikuláš",Stošice
JuPzrcI9eBw,"Realitné kancelárie SR",Bratislava,"okres Martin",Turany,Turany
Ju40F3aMhkE,"FISCHER & PARTNERS, s.r.o.",Ružomberok,"okres Ružomberok",Ružomberok,Baničné
Ju6ppfqXAjT,"Realitné kancelárie SR",Bratislava,"okres Žilina","Rajecké Teplice","Rajecké Teplice"
Ju3Z449GlG4T,"Romantické Chalupy, s.r.o.",Bratislava,"okres Ružomberok","Liptovská Osada","Liptovská Osada"
JurmiShq5P1,"BeMi realitná kancelária",Nitra,"okres Liptovský Mikuláš","Pavlova Ves","Pavlova Ves"
Ju4gSJihj6x,"RE/MAX Slovakia",Bratislava,"okres Liptovský Mikuláš","Liptovská Kokava","Liptovská Kokava"
Ju059DbP17Y,"1. Reality Rent, s.r.o.",Žilina,"okres Čadca","Krásno nad Kysucou",Kalinov
Ju5Yf4qkhg3,"Like Reality s.r.o.","Považská Bystrica","okres Martin",Martin,Jahodníky
Ju_yHqt6C9a,"BEŇO REALITY","Liptovský Mikuláš","okres Liptovský Mikuláš","Liptovský Mikuláš",Podbreziny
JuF30aynSVM,"MGM reality",Žilina,"okres Žilina","Dolný Hričov","Dolný Hričov"
JufsgjSWfFu,"Reality Alpia",Martin,"okres Martin",Martin,Tomčany
Junb65_vEvr,"Safe reality s. r. o.",Žilina,"okres Žilina","Kotrčiná Lúčka","Kotrčiná Lúčka"
JupHBupprCN,"Vianema s.r.o.",Bratislava,"okres Bytča","Veľké Rovné","Veľké Rovné"
JuiwnKuifVR,"RIEŠIME BÝVANIE",Bratislava,"okres Žilina",Svederník,Svederník
JuoouzvegJf,"TARGETreal s. r. o.",Žilina,"okres Žilina","Nezbudská Lúčka","Nezbudská Lúčka"
Ju8BkkuvGLX,"Real Estate Group4U","Považská Bystrica","okres Žilina",Ovčiarsko,Ovčiarsko
Ju4xxL085OL,"RE/MAX Slovakia",Bratislava,"okres Dolný Kubín",Zázrivá,Zázrivá
JuHjoC-ETw9,"OVERENÉ REALITY","Banská Bystrica","okres Ružomberok",Likavka,Likavka
JucXLuegzy5,"TUreality s.r.o.",Žilina,"okres Bytča",Štiavnik,Štiavnik
JuaD2PNZ2ay,"1. Reality Rent, s.r.o.",Žilina,"okres Čadca",Korňa,Korňa
JujKWinPkki,"TRI LIPY, s. r. o.",Čadca,"okres Čadca",Oščadnica,Oščadnica
JueoLey_u82,"Eden Real estate, s.r.o.",Hlohovec,"okres Liptovský Mikuláš","Liptovský Trnovec","Liptovský Trnovec"
Ju_mTTZVoJx,"DreamReality s.r.o.",Žilina,"okres Žilina","Kotrčiná Lúčka","Kotrčiná Lúčka"
JuRt0myx8AI,"1. Reality Rent, s.r.o.",Žilina,"okres Čadca",Raková,Raková
JuxqXS7gyRr,"RS Mansory s.r.o.",Bratislava,"okres Žilina","Dolný Hričov","Dolný Hričov"
Juht1btctzZ,"JPE. Reality - Jozef Pajer",Čadca,"okres Čadca",Turzovka,Predmier
JuJf2fmgFtM,"REALITY SPOLU",Bratislava,"okres Martin",Valča,Valča
JuVqVOpkjj1,"BALAŽI REAL ESTATE s.r.o.",Topoľčany,"okres Martin",Martin,Záturčie
JuUl164inch,"RECLOUD Reality a.s.",Bratislava,"okres Liptovský Mikuláš",Ižipovce,Ižipovce
JuYIPkTCQff,"Realitné kancelárie SR",Bratislava,"okres Žilina",Žilina,Bôrik
JuBBCee0nxo,"SLNOVRAT, s.r.o.",Olešná,"okres Čadca",Raková,Raková
JuuuoTcUpiv,NULL,NULL,"okres Liptovský Mikuláš",Malatíny,Malatíny
JuYADQBEJQK,"MGM reality",Žilina,"okres Žilina",Strečno,Strečno
Ju0fo_oieoh,"RECLOUD Reality a.s.",Bratislava,"okres Čadca",Korňa,Korňa
JuPHlOJ8jWO,"OREA, s.r.o.","Dolný Kubín","okres Dolný Kubín",Veličná,Veličná
JudmThIv8pi,"Realitné kancelárie SR",Bratislava,"okres Žilina",Zbyňov,Zbyňov
JuWbfEDE4eQ,"Reality ASTORIA, s.r.o.",Martin,"okres Martin",Martin,Podháj
JuSx0xp8txp,"Realitná kancelária",Bratislava,"okres Martin","Turčianske Kľačany","Turčianske Kľačany"
JuUy9icWXXx,"Direct Real, spol. s r.o.",Bratislava,"okres Liptovský Mikuláš",Gôtovany,Gôtovany
Ju7Ywnw6_Bk,"WFG reality, s.r.o.",Žilina,"okres Žilina",Zbyňov,Zbyňov
JurPtkmJGHM,"StorkReal s. r. o.","Rajecká Lesná","okres Žilina",Žilina,Trnové
JutIg8nIDtY,"B10 Slovensko, a. s.",Žilina,"okres Martin","Kláštor pod Znievom","Kláštor pod Znievom"
JuCc2IAocam,"Realitné kancelárie SR",Bratislava,"okres Liptovský Mikuláš",Podtureň,Podtureň
Ju7iSwFbAaJ,"RE/MAX Slovakia",Bratislava,"okres Žilina",Lietava,Lietava
JuUJvcqmSGz,"Realitná kancelária",Bratislava,"okres Martin",Príbovce,Príbovce
JuHRIMSYVCE4,"HALO reality, s.r.o.",Prievidza,"okres Turčianske Teplice",Brieštie,Brieštie
Ju93D7kxk57,"HOLESTIAK.sk reality s.r.o.",Čadca,"okres Čadca",Turzovka,Stred
JurcJ2k2neE,NULL,NULL,"okres Bytča",Súľov-Hradná,Súľov-Hradná
JuiSfM5MiE3,"Buby reality, s.r.o.",Žilina,"okres Martin",Martin,Priekopa
JutLp8axckym,"Realitné kancelárie SR",Bratislava,"okres Čadca",Oščadnica,Oščadnica
JuCYY9E7vm0,NULL,NULL,"okres Námestovo","Oravské Veselé","Oravské Veselé"
Jur4zTPDBjU,"TARGETreal s. r. o.",Žilina,"okres Žilina",Stráňavy,Stráňavy
JuKoA0CHMAn,"MGM reality",Žilina,"okres Žilina",Turie,Turie
JuHjqfxC4fX,"Mamud Reality s. r. o.",Žilina,"okres Žilina",Bitarová,Bitarová
Ju0N6saLXmx,"Slovak Estate s.r.o.",Bratislava,"okres Bytča",Petrovice,Petrovice
Ju8TQv-MjJF,"B10 Slovensko, a. s.",Žilina,"okres Martin",Martin,Stráne
JuaSPQ-WWc2,"RIEŠIME BÝVANIE",Bratislava,"okres Turčianske Teplice","Malý Čepčín","Malý Čepčín"
Ju48Cz332dR,NULL,NULL,"okres Bytča",Bytča,"Bytča - sever"
JuzjY-k3id9,"Realitná kancelária",Bratislava,"okres Žilina",Turie,Turie
Ju7IL3wpb9W,"RS Mansory s.r.o.",Bratislava,"okres Čadca",Raková,Raková
Ju5vA5Uv4Dw,"TARGETreal s. r. o.",Žilina,"okres Žilina",Rosina,Rosina
JuKY6m4zwWy,"ROMDOM, s. r. o",Žilina,"okres Žilina","Teplička nad Váhom","Teplička nad Váhom"
Jul0O76BpGg,"TARGETreal s. r. o.",Žilina,"okres Martin",Martin,Stráne
Ju5YLNtCIvp,"BALAŽI REAL ESTATE s.r.o.",Topoľčany,"okres Turčianske Teplice","Horná Štubňa","Horná Štubňa"
JuGs0JNeT94,"TARGETreal s. r. o.",Žilina,"okres Liptovský Mikuláš","Liptovská Anna","Liptovská Anna"
JuJBQYv5uVc,"BALAŽI REAL ESTATE s.r.o.",Topoľčany,"okres Martin",Martin,Záturčie
Ju0Lru91bls8,"MAX PROFI REALITY",Martin,"okres Martin","Turčianske Jaseno","Turčianske Jaseno"
JuJNd1CrfWJ,NULL,NULL,"okres Kysucké Nové Mesto",Radoľa,Radoľa
Ju3X3Wu7oZN,"AstonReal s.r.o.","Banská Bystrica","okres Dolný Kubín",Veličná,Veličná
JufStanr4w4,"Direct Real, spol. s r.o.",Bratislava,"okres Liptovský Mikuláš",Podtureň,Podtureň
JuWr2D7Iu3W,"RE/MAX Slovakia",Bratislava,"okres Námestovo",Zákamenné,Zákamenné
JujdKV83oGm,"Realitné kancelárie SR",Bratislava,"okres Žilina","Dolný Hričov","Dolný Hričov"
JuTNX1DN12b,"1. Reality Rent, s.r.o.",Žilina,"okres Žilina",Kľače,Kľače
JuEGNHbH38e,"WFG reality, s.r.o.",Žilina,"okres Žilina",Žilina,Budatín
JuUul__8DQL,"Realitné kancelárie SR",Bratislava,"okres Martin",Laskár,Laskár
Ju21Xr2V_AF,"RS Mansory s.r.o.",Bratislava,"okres Žilina",Žilina,Trnové
JuWW4q9AnNy,"RESIDENCE realitná kancelária","Liptovský Mikuláš","okres Liptovský Mikuláš","Liptovský Mikuláš",Vitálišovce
JuUxR9kCtc9,NULL,NULL,"okres Dolný Kubín","Horná Lehota","Horná Lehota"
JuzEmUFhicY,"TUreality s.r.o.",Žilina,"okres Martin",Martin,"Kolónia Hviezda"
JucgwdqxbsLG,"bezmaklérov, s.r.o.",Žilina,"okres Žilina",Žilina,Strážov
Juo_OtW5DNn,"RES GROUP, s.r.o.",Žilina,"okres Žilina",Turie,Turie
JuIxEHS21qj,"REALITY SPOLU",Bratislava,"okres Ružomberok","Liptovský Michal","Liptovský Michal"
JudwIpu1_KR,"Real Reality Development s.r.o.",Martin,"okres Martin","Turčiansky Ďur","Turčiansky Ďur"
JutZ9u4w49X,"BeMi realitná kancelária",Nitra,"okres Námestovo","Oravské Veselé","Oravské Veselé"
Ju3gbFnsxzj,"TARGETreal s. r. o.",Žilina,"okres Žilina",Divina,Divina
Ju-AMIyF1en,"Nové bývanie",Nitra,"okres Bytča",Jablonové,Jablonové
Juilp9keLdt,"BeMi realitná kancelária",Nitra,"okres Kysucké Nové Mesto","Lopušné Pažite","Lopušné Pažite"
Ju5EqGDbrv9,NULL,NULL,"okres Čadca",Podvysoká,Podvysoká
JuVnYv0MGhb,"TARGETreal s. r. o.",Žilina,"okres Kysucké Nové Mesto","Horný Vadičov","Horný Vadičov"
Ju0A5SWcXU0,"Bosen Group s.r.o.",Bratislava,"okres Liptovský Mikuláš","Vyšná Boca","Vyšná Boca"
JunK6YyRJzr,"Reality Alpia",Martin,"okres Liptovský Mikuláš","Svätý Kríž","Svätý Kríž"
Jus2h_zTLaE,"Vivid House s. r. o.",Bratislava,"okres Liptovský Mikuláš","Svätý Kríž","Svätý Kríž"
JuRDGTVaaYE,"RESIDENCE realitná kancelária","Liptovský Mikuláš","okres Liptovský Mikuláš",Jamník,Jamník
JuaAqZtT-Nl,"Reality ASTORIA, s.r.o.",Martin,"okres Martin",Vrútky,"Dolné Vrútky"
JuIZ-_6smXF,"1. Reality Rent, s.r.o.",Žilina,"okres Čadca",Makov,Makov
Juuidu63ceb,NULL,NULL,"okres Žilina",Hôrky,Hôrky
Ju8fJuQfeqw,"ALT REAL, s.r.o.",Martin,"okres Martin","Dolný Kalník","Dolný Kalník"
JugKtMa2KWc,"AnoReal, s.r.o.",Stráňavy,"okres Žilina",Zbyňov,Zbyňov
JunMP_jTjvX,"WFG reality, s.r.o.",Žilina,"okres Kysucké Nové Mesto",Rudina,Rudina
JuMkkypcseP,"Pro Real, s. r. o. realitná kancelária",Žilina,"okres Kysucké Nové Mesto","Kysucké Nové Mesto",Suľkov
JuyZQBxrqQr,"Realitná kancelária",Bratislava,"okres Kysucké Nové Mesto",Snežnica,Snežnica
JuhqDcjNAJB,"Reality Alpia",Martin,"okres Dolný Kubín",Žaškov,Žaškov
JuD52DaFWEx,"Realitné kancelárie SR",Bratislava,"okres Liptovský Mikuláš",Jamník,Jamník
JuwmLXW6GAr,"TUreality s.r.o.",Žilina,"okres Liptovský Mikuláš","Liptovské Beharovce","Liptovské Beharovce"
JunZs7mX2Hr,"Realitné kancelárie SR",Bratislava,"okres Liptovský Mikuláš","Partizánska Ľupča","Partizánska Ľupča"
Jur0-m7ixLR,"GAMA Reality, s.r.o.",Bytča,"okres Žilina",Divina,Divina
JuIrw7O-EJl,"HALO reality, s.r.o.",Prievidza,"okres Liptovský Mikuláš",Malatíny,Malatíny
Ju4f4j-Yy0S,"WFG reality, s.r.o.",Žilina,"okres Žilina",Žilina,Trnové
JuFl-uxAAfA,NULL,NULL,"okres Žilina",Žilina,Bôrik
JujQDiA2uup,NULL,NULL,"okres Čadca",Čadca,Podzávoz
JuaG4dc-Ff7B,NULL,NULL,"okres Žilina",Hôrky,Hôrky
Ju8Esr41W6Y,"SLNOVRAT, s.r.o.",Olešná,"okres Čadca",Oščadnica,Oščadnica
Jud5jOQlY3b,"BeMi realitná kancelária",Nitra,"okres Dolný Kubín",Pucov,Pucov
JuY7QZv_rvd,"TUreality s.r.o.",Žilina,"okres Liptovský Mikuláš","Liptovský Trnovec","Liptovský Trnovec"
JuS4rgPD6x3,"ROMDOM, s. r. o",Žilina,"okres Kysucké Nové Mesto",Nesluša,Nesluša
JufNsLwTyrG,"Piata Avenue",Žilina,"okres Martin",Martin,Tomčany
JuCeJvEPD_0,"Real Estate Group4U","Považská Bystrica","okres Žilina",Lietava,Lietava
JuDEvr7ONsp,"RS Mansory s.r.o.",Bratislava,"okres Žilina","Dolný Hričov","Dolný Hričov"
JuGICOuIWEi,"BeMi realitná kancelária",Nitra,"okres Námestovo",Krušetnica,Krušetnica
JuZOnWEYPFE,"OREA, s.r.o.","Dolný Kubín","okres Dolný Kubín",Párnica,Párnica
Juq3D1w-q7E,"Reality ASTORIA, s.r.o.",Martin,"okres Martin",Belá-Dulice,Belá-Dulice
Juye6i7s5GK,"RS Mansory s.r.o.",Bratislava,"okres Čadca",Oščadnica,Oščadnica
Ju_fnU9p20E,"Realitka pre každého",Žilina,"okres Žilina",Ovčiarsko,Ovčiarsko
JuWJNL9j7v1,"WFG reality, s.r.o.",Žilina,"okres Liptovský Mikuláš",Trstené,Trstené
Ju0yrLUSkjq,"HALO reality, s.r.o.",Prievidza,"okres Žilina","Nezbudská Lúčka","Nezbudská Lúčka"
JubO9HcP4C7,Limaxreal,"Liptovský Mikuláš","okres Liptovský Mikuláš",Podtureň,Podtureň
JuyY6pWleh8,"BALAŽI REAL ESTATE s.r.o.",Topoľčany,"okres Martin","Košťany nad Turcom","Košťany nad Turcom"
Ju2nlxPJxWn,"PROXAM reality s.r.o.",Lučenec,"okres Turčianske Teplice","Horná Štubňa","Horná Štubňa"
JuTLgLBu59j,"BeMi realitná kancelária",Nitra,"okres Čadca",Skalité,Skalité
JuzRwokuDbj,"BeMi realitná kancelária",Nitra,"okres Liptovský Mikuláš",Vlachy,Vlachy
JuWrE_LeVuk,"Reality D.P.A.",Martin,"okres Martin",Záborie,Záborie
JumZm9PSyYH,"TOCA, s.r.o. Realitná činnosť",Bytča,"okres Bytča",Bytča,Pšurnovice
JuG7FW7c5Gb,"TARGETreal s. r. o.",Žilina,"okres Martin",Vrútky,"Karvaša a Bláhovca"
JulIpxSm_gw,"RES GROUP, s.r.o.",Žilina,"okres Dolný Kubín","Vyšný Kubín","Vyšný Kubín"
Ju7tRkb4O1-,"DreamReality s.r.o.",Žilina,"okres Kysucké Nové Mesto",Povina,Povina
Ju9tw1vQmR0,"BALAŽI REAL ESTATE s.r.o.",Topoľčany,"okres Martin",Šútovo,Šútovo
JuDqwwocInw,"Reality MT s.r.o.",Martin,"okres Martin",Lipovec,Lipovec
JuVPG71X4Wz,"FISCHER & PARTNERS, s.r.o.",Ružomberok,"okres Ružomberok",Ružomberok,Baničné
Ju3qLGqmZKr,"RES GROUP, s.r.o.",Žilina,"okres Žilina","Kamenná Poruba","Kamenná Poruba"
JuNiupBfJ_W,"Trioreality, s.r.o.",Čadca,"okres Čadca",Oščadnica,Oščadnica
JulHoywVWzv,"RS Mansory s.r.o.",Bratislava,"okres Žilina",Žilina,Trnové
Ju81LTbk2gV,"Real Estate Group4U","Považská Bystrica","okres Bytča",Jablonové,Jablonové
JuSu12c9sEn,"Wealth Group, s.r.o.","Nová Dedinka","okres Žilina",Kľače,Kľače
