offer_id,price_m2,property_type,condition,location_district,location_area,agency,price_index
JuSSppam0PC,3949.04,"1-room apartment","new construction","okres Liptovský Mikuláš","Staré mesto","TATRA CITY RESIDENCE s. r. o.",0.1849
JufbBHYx-coz,2716.67,"1-room apartment","new construction","okres Liptovský Mikuláš","Staré mesto","AstonReal s.r.o.",-0.1849
JuHzNQ7Qr-d,1820.09,"3-room apartment",unrenovated,"okres Martin",Jahodníky,"Realitná kancelária",-0.0356
JujdOeJ69tb,1828.95,"3-room apartment",unrenovated,"okres Martin",Jahodníky,"Realitná kancelária",-0.0309
JusEglMU0v8,2013.04,"3-room apartment",unrenovated,"okres Martin",Jahodníky,"HD reality group s.r.o",0.0666
JuauSxK_Grt,2076.92,"3-room apartment",unrenovated,"okres Dolný Kubín","Veľký Bysterec","TUreality s.r.o.",0.0095
Ju-48631_aJ,2037.91,"3-room apartment",unrenovated,"okres Dolný Kubín","Veľký Bysterec","RK Dalmia s. r. o.",-0.0095
JuIG-Ap8rLX,2561.18,"3-room apartment","new construction","okres Tvrdošín",Zuberec,"OREA, s.r.o.",-0.0260
Ju9d7v-lee8,2698.11,"3-room apartment","new construction","okres Tvrdošín",Zuberec,"OREA, s.r.o.",0.0260
JuVO5WLrTZ3,2165.00,"2-room apartment","partially renovated","okres Kysucké Nové Mesto",Sídlisko,"Safe reality s. r. o.",-0.0610
JuvALHP6cN9,2446.43,"2-room apartment","partially renovated","okres Kysucké Nové Mesto",Sídlisko,"Safe reality s. r. o.",0.0610
JuJvNTKAcv8,3685.71,"1-room apartment","new construction","okres Kysucké Nové Mesto",Kamence,"MG real, s.r.o.",-0.0114
JuFpZug_t62,3770.97,"1-room apartment","new construction","okres Kysucké Nové Mesto",Kamence,"TRI LIPY, s. r. o.",0.0114
JuEvHi31Kuc,2708.33,"3-room apartment","new construction","okres Žilina","Staré mesto","Realitná kancelária RED, s.r.o.",-0.2060
JubD2pJKl5g,4979.18,"3-room apartment","new construction","okres Žilina","Staré mesto","Financial Hotels Management, s.r.o.",0.4598
JuV4el-7B8H,3463.69,"3-room apartment","new construction","okres Žilina","Staré mesto","Financial Hotels Management, s.r.o.",0.0155
JuBT9IU3F1g,3682.75,"3-room apartment","new construction","okres Žilina","Staré mesto","KORSO Project, s.r.o.",0.0797
JuuIsQ7Faa3,2500.00,"3-room apartment","new construction","okres Žilina","Staré mesto",NULL,-0.2670
JuXnw8EKWYI,3376.34,"3-room apartment","new construction","okres Žilina","Staré mesto","RS Mansory s.r.o.",-0.0101
JujYXXx5gXi,3223.45,"3-room apartment","new construction","okres Žilina","Staré mesto",NULL,-0.0549
JuXcyij9eMf_,4302.34,"3-room apartment","new construction","okres Žilina","Staré mesto","Financial Hotels Management, s.r.o.",0.2614
JuUnWH-g8Yz,2461.12,"3-room apartment","new construction","okres Žilina","Staré mesto","Realitné kancelárie SR",-0.2784
JucmQgleApT,3518.45,"4-room apartment","new construction","okres Žilina","Staré mesto","KORSO Project, s.r.o.",0.0029
JuT4OhvaBo8,3459.31,"4-room apartment","new construction","okres Žilina","Staré mesto",NULL,-0.0140
JupURRP8axF,3323.81,"4-room apartment","new construction","okres Žilina","Staré mesto","WFG reality, s.r.o.",-0.0526
JufGDO__GbO,3629.54,"4-room apartment","new construction","okres Žilina","Staré mesto","KORSO Project, s.r.o.",0.0345
JuV8a82JG_s,3560.27,"4-room apartment","new construction","okres Žilina","Staré mesto",NULL,0.0148
Jus2f1I5Shb,2426.47,"3-room apartment","partially renovated","okres Žilina",Hliny,"MGM reality",0.0025
JuFNpzHutiG,2569.23,"3-room apartment","partially renovated","okres Žilina",Hliny,"TUreality s.r.o.",0.0615
JufYiP4E7Es,2265.33,"3-room apartment","partially renovated","okres Žilina",Hliny,"ROMDOM, s. r. o",-0.0640
Jukzit6pFoZ,2711.36,"2-room apartment","fully renovated","okres Martin",Stred,"Constario REALTY s.r.o.",0.0465
JuNO1HdGb3E,3054.55,"2-room apartment","fully renovated","okres Martin",Stred,"Buby reality, s.r.o.",0.1790
Jubh97mv2uS,2220.83,"2-room apartment","fully renovated","okres Martin",Stred,"RE/MAX Slovakia",-0.1428
JuMBGx19jQm,2727.09,"2-room apartment","fully renovated","okres Martin",Stred,"RE/MAX Slovakia",0.0526
JuT7xzp7Ax-,2313.88,"2-room apartment","fully renovated","okres Martin",Stred,AZUR.RE,-0.1069
JuDJ_hnDscM,2331.67,"2-room apartment","fully renovated","okres Martin",Stred,"Realitná kancelária",-0.1000
JuL3MT7o1WL,2331.67,"2-room apartment","fully renovated","okres Martin",Stred,"Realitná kancelária",-0.1000
JuKkjtqN4VW,3035.54,"2-room apartment","fully renovated","okres Martin",Stred,"RE/MAX Slovakia",0.1717
JuxFFLySNPg,3440.72,"3-room apartment","under construction","okres Ružomberok",Roveň,"ODEKO manažment s.r.o.",0.1562
JuyticuaW7A,2746.48,"3-room apartment","under construction","okres Ružomberok",Roveň,"ODEKO manažment s.r.o.",-0.0771
JuH-SEIASle,2964.40,"3-room apartment","under construction","okres Ružomberok",Roveň,"ODEKO manažment s.r.o.",-0.0039
JudIm98MNcc,2549.28,"3-room apartment","fully renovated","okres Žilina",Vlčince,"Realitná kancelária RED, s.r.o.",-0.1159
Jun79Tn_Ep0,3507.46,"3-room apartment","fully renovated","okres Žilina",Vlčince,"KRALIKOVA reality",0.2164
JuFvtb1f76m,3041.67,"3-room apartment","fully renovated","okres Žilina",Vlčince,NULL,0.0548
JupEyEEjkVM,2549.28,"3-room apartment","fully renovated","okres Žilina",Vlčince,"Jacek reality s. r. o.",-0.1159
JukCOBdi-HG,2769.88,"3-room apartment","fully renovated","okres Žilina",Vlčince,"RIEŠIME BÝVANIE",-0.0394
JujVD_-rIKd,3637.50,"2-room apartment","new construction","okres Ružomberok",Hrabovo,NULL,-0.0174
JuSPwAqNDjb,4137.93,"2-room apartment","new construction","okres Ružomberok",Hrabovo,"OREA, s.r.o.",0.1177
JuAFSeapxAr,3049.00,"4-room apartment","new construction","okres Žilina",Hájik,"ODEKO manažment s.r.o.",0.1623
Ju6Co8ebtz8,2557.25,"4-room apartment","new construction","okres Žilina",Hájik,"B10 Slovensko, a. s.",-0.0252
JuC08OMa82u,2263.80,"4-room apartment","new construction","okres Žilina",Hájik,"RIEŠIME BÝVANIE",-0.1371
JuzpWPdpylQ,2883.48,"3-room apartment","new construction","okres Žilina",Vlčince,"Reinoo a.s.",-0.0925
JuhnGApypwY,3076.09,"3-room apartment","new construction","okres Žilina",Vlčince,NULL,-0.0318
JuWNJll5MyrA,3210.29,"3-room apartment","new construction","okres Žilina",Vlčince,"Reinoo a.s.",0.0104
Jul8pXByFOl,3472.83,"3-room apartment","new construction","okres Žilina",Vlčince,NULL,0.0930
JuCKdo4C-vu,2951.36,"3-room apartment","new construction","okres Žilina",Vlčince,"Reinoo a.s.",-0.0711
JuluCbW3ZHE,3357.08,"3-room apartment","new construction","okres Žilina",Vlčince,"HMS Services, a. s.",0.0566
Ju7XXF2jsra,3621.21,"3-room apartment","new construction","okres Žilina",Vlčince,"Realitná kancelária RED, s.r.o.",0.1397
JueIY5hIK7c,3631.29,"3-room apartment","new construction","okres Žilina",Vlčince,"Reinoo a.s.",0.1429
Ju35wiOj2hS,2872.24,"3-room apartment","new construction","okres Žilina",Vlčince,"Reinoo a.s.",-0.0960
Jun_e5pu1kO,2928.24,"3-room apartment","new construction","okres Žilina",Vlčince,"Reinoo a.s.",-0.0784
Jupw1bQT1Jh,2946.01,"3-room apartment","new construction","okres Žilina",Vlčince,"Reinoo a.s.",-0.0728
Ju300FaVEg0,1630.38,"holiday apartment","fully renovated","okres Čadca",Makov,"Ing. Gerlinda Bérešová - Esti",-0.0066
JuFv7NTgqug,1652.17,"holiday apartment","fully renovated","okres Čadca",Makov,"Ing. Gerlinda Bérešová - Esti",0.0066
JuKI6_CGWPh,3996.00,"holiday apartment","new construction","okres Liptovský Mikuláš",Demänová,jabyvam.sk,-0.1055
JuX5UJf-pU4,5325.58,"holiday apartment","new construction","okres Liptovský Mikuláš",Demänová,"RESIDENCE realitná kancelária",0.1922
JuogofXpdYk,5192.31,"holiday apartment","new construction","okres Liptovský Mikuláš",Demänová,liptoreal,0.1623
Ju6GKonKAZ1,4764.18,"holiday apartment","new construction","okres Liptovský Mikuláš",Demänová,"RESIDENCE realitná kancelária",0.0665
Ju5yq04Fo6g,4756.76,"holiday apartment","new construction","okres Liptovský Mikuláš",Demänová,"REALITY SPOLU",0.0648
JuZFqxjae7G,4189.19,"holiday apartment","new construction","okres Liptovský Mikuláš",Demänová,"ML realitný& finančny servis s.r.o. , BrokerSoft s.r.o. , Monika Launerová - SZČO",-0.0622
JuT9LmGMkpW,4540.91,"holiday apartment","new construction","okres Liptovský Mikuláš",Demänová,jabyvam.sk,0.0165
JuP6qyzD4rb,3997.50,"holiday apartment","new construction","okres Liptovský Mikuláš",Demänová,"RK SPIRIT s.r.o.",-0.1051
Jul7be3Lkz5,4230.77,"holiday apartment","new construction","okres Liptovský Mikuláš",Demänová,"RK SPIRIT s.r.o.",-0.0529
JuWV1dgtiBd,4841.63,"holiday apartment","new construction","okres Liptovský Mikuláš",Demänová,"Reality Alpia",0.0838
JulDE6qv7sX,1611.11,"4-room apartment",unrenovated,"okres Žilina","Staré mesto","Realitná kancelária DOM",-0.0746
JuVooxZWg4s,2031.25,"4-room apartment",unrenovated,"okres Žilina","Staré mesto","ŽILINAREAL, s.r.o.",0.1668
JuQUQOdCbAJ,1904.75,"4-room apartment",unrenovated,"okres Žilina","Staré mesto","Reality IQ, s.r.o.",0.0941
Judmv08qh2A,1416.67,"4-room apartment",unrenovated,"okres Žilina","Staré mesto","RIEŠIME BÝVANIE",-0.1863
JuDpUKm1R87,2713.43,"3-room apartment","under construction","okres Martin",Jahodníky,"CANGURU s.r.o.",-0.0025
Junbds6mBD4,2724.65,"3-room apartment","under construction","okres Martin",Jahodníky,"CANGURU s.r.o.",0.0016
JuhpxD8Q4V6,2756.60,"3-room apartment","under construction","okres Martin",Jahodníky,"CANGURU s.r.o.",0.0133
Ju90gNOpUS1,2692.80,"3-room apartment","under construction","okres Martin",Jahodníky,"CANGURU s.r.o.",-0.0101
Jus8fVVapj9,2714.34,"3-room apartment","under construction","okres Martin",Jahodníky,"CANGURU s.r.o.",-0.0022
Ju89eBckNJI,2723.61,"2-room apartment","under construction","okres Martin",Jahodníky,"CANGURU s.r.o.",0.0081
Ju4T4al4Vz1,2704.71,"2-room apartment","under construction","okres Martin",Jahodníky,"CANGURU s.r.o.",0.0011
JuF5BDGmyHN,2693.36,"2-room apartment","under construction","okres Martin",Jahodníky,"CANGURU s.r.o.",-0.0031
JuZyhdrORR4,2690.44,"2-room apartment","under construction","okres Martin",Jahodníky,"CANGURU s.r.o.",-0.0042
JulollxgJp5,2707.60,"2-room apartment","under construction","okres Martin",Jahodníky,"CANGURU s.r.o.",0.0022
JuUgt1O2AUN,3640.48,"2-room apartment","new construction","okres Liptovský Mikuláš","Malé Borové",NULL,0.1258
JuN_WBxnd6g,3108.89,"2-room apartment","new construction","okres Liptovský Mikuláš","Malé Borové",NULL,-0.0386
Ju1KgFqJaOR,2458.14,"2-room apartment","new construction","okres Liptovský Mikuláš","Malé Borové","REALITY FAIR",-0.2398
Ju2vUj8wFP4,3108.89,"2-room apartment","new construction","okres Liptovský Mikuláš","Malé Borové",NULL,-0.0386
Juiqajk1kjr,3253.49,"2-room apartment","new construction","okres Liptovský Mikuláš","Malé Borové",NULL,0.0061
Jubm9fi-mY2v,3502.13,"2-room apartment","new construction","okres Liptovský Mikuláš","Malé Borové",NULL,0.0830
JuqAM-ZO9ir,3563.64,"2-room apartment","new construction","okres Liptovský Mikuláš","Malé Borové",NULL,0.1020
JuXRtZdfweI,2189.35,"4-room apartment","partially renovated","okres Martin",Ľadoveň,"Reality Center, s.r.o.",-0.0353
JuOC5yzde-c,3267.24,"2-room apartment","new construction","okres Žilina","Rajecké Teplice","ŽILINAREAL, s.r.o.",-0.0094
Juea9VaEEz4,3033.44,"2-room apartment","new construction","okres Žilina","Rajecké Teplice","STAREA, s. r. o.",-0.0803
JujxzbLeFDf,3058.63,"2-room apartment","new construction","okres Žilina","Rajecké Teplice","STAREA, s. r. o.",-0.0727
JuKfm2wXtCP,4050.00,"2-room apartment","new construction","okres Žilina","Rajecké Teplice","B10 Slovensko, a. s.",0.2279
JuNZupA7Ru4,3082.34,"2-room apartment","new construction","okres Žilina","Rajecké Teplice","ŽILINAREAL, s.r.o.",-0.0655
JumbMyGo4iI,3816.13,"2-room apartment","fully renovated","okres Ružomberok",Bešeňová,"RESIDENCE realitná kancelária",0.0468
JuRDmAO0N5y,3267.11,"2-room apartment","under construction","okres Ružomberok",Roveň,"ODEKO manažment s.r.o.",0.0581
JuaCjfZIx81,2908.31,"2-room apartment","under construction","okres Ružomberok",Roveň,"ODEKO manažment s.r.o.",-0.0581
JuTcgjCG15n,3200.00,"2-room apartment","partially renovated","okres Žilina",Hájik,"B10 Slovensko, a. s.",0.1033
JuauRurLCyp,2924.49,"2-room apartment","partially renovated","okres Žilina",Hájik,"Realitné kancelárie SR",0.0083
JuUnD0myJmK,2576.57,"2-room apartment","partially renovated","okres Žilina",Hájik,"Piata Avenue",-0.1116
JuhxKlECA3G,2677.02,"4-room apartment","under construction","okres Ružomberok",Roveň,"ODEKO manažment s.r.o.",-0.0247
JuIP59md355,2812.66,"4-room apartment","under construction","okres Ružomberok",Roveň,"ODEKO manažment s.r.o.",0.0247
JuwnuvEmJ5E,2570.65,"3-room apartment","new construction","okres Námestovo",Zubrohlava,"RK Dalmia s. r. o.",0.2771
JuIh9K2txJ3,1455.00,"3-room apartment","new construction","okres Námestovo",Zubrohlava,"BeMi realitná kancelária",-0.2771
JudSBCw12x9,2620.52,"2-room apartment","partially renovated","okres Žilina",Vlčince,"TUreality s.r.o.",-0.0484
Jub5nNi4yTF,2887.10,"2-room apartment","partially renovated","okres Žilina",Vlčince,"RIEŠIME BÝVANIE",0.0484
Ju_q6RS-fKo,1948.31,"3-room apartment","new construction","okres Námestovo","Oravské Veselé","OREA, s.r.o.",0.0936
Juqj8-BDIgQ,1614.75,"3-room apartment","new construction","okres Námestovo","Oravské Veselé","OREA, s.r.o.",-0.0936
Juq7WGTR85M,1984.00,"2-room apartment","partially renovated","okres Tvrdošín",Trstená,"HD reality group s.r.o",-0.0040
Ju4hZgzLszu,2000.00,"2-room apartment","partially renovated","okres Tvrdošín",Trstená,NULL,0.0040
JuLSY56QzCa,1764.59,"3-room apartment","partially renovated","okres Martin","Horné Vrútky","Reality ASTORIA, s.r.o.",0.0196
JuuKGKckyxy,1911.76,"3-room apartment","partially renovated","okres Martin","Horné Vrútky","Reality MT s.r.o.",0.1046
JuIhf4tExMf,1710.14,"3-room apartment","partially renovated","okres Martin","Horné Vrútky","NajBývanie, s.r.o.",-0.0119
JuzmSjYalDj,1608.05,"3-room apartment","partially renovated","okres Martin","Horné Vrútky","Like Reality s.r.o.",-0.0709
JuRuuJuhfW8,1610.59,"3-room apartment","partially renovated","okres Martin","Horné Vrútky","Like Reality s.r.o.",-0.0694
JuvFESSKGWN,1779.07,"3-room apartment","partially renovated","okres Martin","Horné Vrútky","Reality D.P.A.",0.0279
JupVQ9BHiZG,2692.31,"2-room apartment",unrenovated,"okres Žilina",Hliny,"Realitná kancelária RED, s.r.o.",0.0437
Ju5Pax6FaXd,2307.69,"2-room apartment",unrenovated,"okres Žilina",Hliny,"TUreality s.r.o.",-0.1054
Ju_PmXVPtoo,2725.45,"2-room apartment",unrenovated,"okres Žilina",Hliny,"Crystin reality, s.r.o.",0.0566
Juvk9S_5ltU,2592.59,"2-room apartment",unrenovated,"okres Žilina",Hliny,NULL,0.0051
Juwwl8fsexY,3012.26,"holiday apartment","fully renovated","okres Ružomberok",Hrabovo,"Top Real Košice s.r.o.",-0.0346
JuoKym-eugj,2564.10,"holiday apartment","fully renovated","okres Ružomberok",Hrabovo,"Reality Alpia",-0.1783
JuMZVzeIVRp,3547.60,"holiday apartment","fully renovated","okres Ružomberok",Hrabovo,NULL,0.1369
JuKOtZwcbir-,3357.40,"holiday apartment","fully renovated","okres Ružomberok",Hrabovo,"Reality Alpia",0.0760
JuDyAq3LxaR,2053.57,"2-room apartment",unrenovated,"okres Kysucké Nové Mesto",Sídlisko,"Realitná kancelária RED, s.r.o.",-0.0276
JuymkoAFG_6,2170.00,"2-room apartment",unrenovated,"okres Kysucké Nové Mesto",Sídlisko,"HOLESTIAK.sk reality s.r.o.",0.0276
JuTapZ_iKYW,3152.63,"3-room apartment","fully renovated","okres Žilina","Staré mesto","Mamud Reality s. r. o.",0.1432
JutKizwTOP3,2724.95,"3-room apartment","fully renovated","okres Žilina","Staré mesto","Reality IQ, s.r.o.",-0.0118
JuIQ6bOnZsGz,3049.59,"3-room apartment","fully renovated","okres Žilina","Staré mesto","Realitná kancelária RED, s.r.o.",0.1059
JuUTD1Lj0lr,2437.50,"3-room apartment","fully renovated","okres Žilina","Staré mesto","Realitná kancelária RED, s.r.o.",-0.1161
Jujveqa78vA,2410.26,"3-room apartment","fully renovated","okres Žilina","Staré mesto","ŽILINAREAL, s.r.o.",-0.1260
Ju4lV1--VGV,3361.88,"3-room apartment","fully renovated","okres Žilina","Staré mesto","Realitka pre každého",0.2191
JuZPdvGyLq9,1956.41,"3-room apartment","fully renovated","okres Žilina","Staré mesto","TUreality s.r.o.",-0.2905
Ju1F-eiNHx4,2694.12,"3-room apartment","fully renovated","okres Žilina","Staré mesto","RIEŠIME BÝVANIE",-0.0230
JuyOHLJxsdS,3031.25,"3-room apartment","fully renovated","okres Žilina","Staré mesto","Local reality s. r. o.",0.0992
JuLJzHZSfxX,1757.14,"2-room apartment",unrenovated,"okres Martin",Sever,"RIEŠIME BÝVANIE",-0.1132
JuQvJ7BykSU,2222.00,"2-room apartment",unrenovated,"okres Martin",Sever,"WFG reality, s.r.o.",0.1215
Ju4uaW2Y4yL,6725.45,"holiday apartment","new construction","okres Liptovský Mikuláš","Demänovská Dolina","DLUGO reality",0.1990
JuFzBbUk-Xv,6402.44,"holiday apartment","new construction","okres Liptovský Mikuláš","Demänovská Dolina","RESIDENCE realitná kancelária",0.1414
JuQ4A208KjZ,7160.49,"holiday apartment","new construction","okres Liptovský Mikuláš","Demänovská Dolina","RESIDENCE realitná kancelária",0.2766
JuJeYUPavsEk,7804.88,"holiday apartment","new construction","okres Liptovský Mikuláš","Demänovská Dolina","RESIDENCE realitná kancelária",0.3914
Ju6oo_vEaT-,2791.18,"holiday apartment","new construction","okres Liptovský Mikuláš","Demänovská Dolina","MK-CORP s.r.o.",-0.5024
Ju8j-hPnALY,6682.03,"holiday apartment","new construction","okres Liptovský Mikuláš","Demänovská Dolina","RESIDENCE realitná kancelária",0.1913
Ju_TYGvbGhv,6973.68,"holiday apartment","new construction","okres Liptovský Mikuláš","Demänovská Dolina","RESIDENCE realitná kancelária",0.2433
JulFrto6Z8R,5294.12,"holiday apartment","new construction","okres Liptovský Mikuláš","Demänovská Dolina","Tatra Invest",-0.0562
JuIQRanSNHE,3971.43,"holiday apartment","new construction","okres Liptovský Mikuláš","Demänovská Dolina","MK-CORP s.r.o.",-0.2920
JuolQI_qYfx,6531.53,"holiday apartment","new construction","okres Liptovský Mikuláš","Demänovská Dolina","RESIDENCE realitná kancelária",0.1644
Juh0xQ8lAwr,3021.74,"holiday apartment","new construction","okres Liptovský Mikuláš","Demänovská Dolina","MK-CORP s.r.o.",-0.4613
JuztOys4YDo,5300.00,"holiday apartment","new construction","okres Liptovský Mikuláš","Demänovská Dolina","J.M.H. s.r.o.",-0.0551
JuUeGi9MZcI,6202.53,"holiday apartment","new construction","okres Liptovský Mikuláš","Demänovská Dolina","RESIDENCE realitná kancelária",0.1058
JuKdeWhe2o7,4736.84,"holiday apartment","new construction","okres Liptovský Mikuláš","Demänovská Dolina",Limaxreal,-0.1555
Ju0roQQA2MK,4459.46,"holiday apartment","new construction","okres Liptovský Mikuláš","Demänovská Dolina","ML realitný& finančny servis s.r.o. , BrokerSoft s.r.o. , Monika Launerová - SZČO",-0.2050
Jultmw18Gne,3498.45,"holiday apartment","new construction","okres Liptovský Mikuláš","Demänovská Dolina","Occam New Home",-0.3763
JuIZo2BnWQa,6313.13,"holiday apartment","new construction","okres Liptovský Mikuláš","Demänovská Dolina","RESIDENCE realitná kancelária",0.1255
JuHMn6qkBSk,3494.62,"holiday apartment","new construction","okres Liptovský Mikuláš","Demänovská Dolina","RESIDENCE realitná kancelária",-0.3770
JurBk73cOr3,6000.00,"holiday apartment","new construction","okres Liptovský Mikuláš","Demänovská Dolina","RESIDENCE realitná kancelária",0.0697
JuX_Y10XQMs,7407.22,"holiday apartment","new construction","okres Liptovský Mikuláš","Demänovská Dolina","Juraj Hegyi Reality & Development s.r.o.",0.3205
JuoCz53ml38,6415.09,"holiday apartment","new construction","okres Liptovský Mikuláš","Demänovská Dolina","RESIDENCE realitná kancelária",0.1437
JuHNiSC8Wtj,3878.05,"holiday apartment","new construction","okres Liptovský Mikuláš","Demänovská Dolina","J.M.H. s.r.o.",-0.3086
JuMLTI5Qk7o,3180.56,"holiday apartment","new construction","okres Liptovský Mikuláš","Demänovská Dolina","MK-CORP s.r.o.",-0.4330
Ju8f4W9RYX2,5634.15,"holiday apartment","new construction","okres Liptovský Mikuláš","Demänovská Dolina","Tatra Invest",0.0044
JuXvJNkXrX-,4291.85,"holiday apartment","new construction","okres Liptovský Mikuláš","Demänovská Dolina","Reality Now",-0.2349
JumNtvscU-s,6910.14,"holiday apartment","new construction","okres Liptovský Mikuláš","Demänovská Dolina","CreeX Reality s.r.o.",0.2319
Jux3XqE2ppP,6910.14,"holiday apartment","new construction","okres Liptovský Mikuláš","Demänovská Dolina","XEMAR realitná spoločnosť s.r.o.",0.2319
Ju-zlCEP8xA,7521.74,"holiday apartment","new construction","okres Liptovský Mikuláš","Demänovská Dolina","Nové bývanie",0.3410
JudyIRiA8kq,6730.77,"holiday apartment","new construction","okres Liptovský Mikuláš","Demänovská Dolina",ZEIRA,0.1999
JuH6sKr2JgO,3892.86,"holiday apartment","new construction","okres Liptovský Mikuláš","Demänovská Dolina","MK-CORP s.r.o.",-0.3060
JuQG3Tg2HJV,6900.00,"holiday apartment","new construction","okres Liptovský Mikuláš","Demänovská Dolina","RESIDENCE realitná kancelária",0.2301
JuDetN4gLGy,5232.56,"holiday apartment","new construction","okres Liptovský Mikuláš","Demänovská Dolina","Tatra Invest",-0.0672
JuJrBHwvfXe,5217.39,"holiday apartment","new construction","okres Liptovský Mikuláš","Demänovská Dolina","AstonReal s.r.o.",-0.0699
Ju-aCcpkFTl,2941.64,"3-room apartment","under construction","okres Kysucké Nové Mesto",Kamence,"Istrofinal, s. r. o.",0.0183
JuqHgAmAWwG,2965.36,"3-room apartment","under construction","okres Kysucké Nové Mesto",Kamence,"Istrofinal, s. r. o.",0.0265
Ju8vp_eBF_v,2845.34,"3-room apartment","under construction","okres Kysucké Nové Mesto",Kamence,"Istrofinal, s. r. o.",-0.0151
JuNQHesGhEl,2860.64,"3-room apartment","under construction","okres Kysucké Nové Mesto",Kamence,"Istrofinal, s. r. o.",-0.0098
JuBjT8MmAiR,2874.81,"3-room apartment","under construction","okres Kysucké Nové Mesto",Kamence,"Istrofinal, s. r. o.",-0.0049
JuVk3AeemQd,2845.34,"3-room apartment","under construction","okres Kysucké Nové Mesto",Kamence,"Istrofinal, s. r. o.",-0.0151
Ju8yXfa5xfL,1879.08,"3-room apartment","partially renovated","okres Ružomberok",Baničné,"TUreality s.r.o.",-0.0051
Juxpt8YRG2_,1854.40,"3-room apartment","partially renovated","okres Ružomberok",Baničné,"Reality Alpia",-0.0182
JucIMMNEosV,1932.84,"3-room apartment","partially renovated","okres Ružomberok",Baničné,"A-Byt Consult, s.r.o.",0.0233
Ju72GUoSgLH,3364.23,"2-room apartment","new construction","okres Žilina",Vlčince,"Reinoo a.s.",-0.0643
Ju0Ee02A6Iy,3514.10,"2-room apartment","new construction","okres Žilina",Vlčince,"HMS Services, a. s.",-0.0226
JuOlH8L9nB_,4376.78,"2-room apartment","new construction","okres Žilina",Vlčince,"Reinoo a.s.",0.2173
JuGN2-1NoX2,4056.31,"2-room apartment","new construction","okres Žilina",Vlčince,"Reinoo a.s.",0.1282
JucYBy-FPZ5,3418.15,"2-room apartment","new construction","okres Žilina",Vlčince,"Reinoo a.s.",-0.0493
JuCx6JHdbha,3336.92,"2-room apartment","new construction","okres Žilina",Vlčince,"Reinoo a.s.",-0.0719
JuD8hcoEgT4,3229.73,"2-room apartment","new construction","okres Žilina",Vlčince,"Realitná kancelária RED, s.r.o.",-0.1017
Jum2zoM9dK0,3731.67,"2-room apartment","new construction","okres Žilina",Vlčince,"Reinoo a.s.",0.0379
Ju2EMTkOn53,3555.74,"2-room apartment","new construction","okres Žilina",Vlčince,"Reinoo a.s.",-0.0110
JuLlR3SdY11,974.66,"2-room apartment",unrenovated,"okres Ružomberok","Liptovská Lúžna","Obec Liptovská Lúžna",0.0070
JufKPFE3Y2M,954.29,"2-room apartment",unrenovated,"okres Ružomberok","Liptovská Lúžna","Obec Liptovská Lúžna",-0.0140
JuYbhGZmbC7,974.66,"2-room apartment",unrenovated,"okres Ružomberok","Liptovská Lúžna","Obec Liptovská Lúžna",0.0070
JuJEoP397IJ,2738.36,"3-room apartment","new construction","okres Ružomberok","Liptovská Teplá","AstonReal s.r.o.",0.0342
Juv94EKwgh6,2730.50,"3-room apartment","new construction","okres Ružomberok","Liptovská Teplá","AstonReal s.r.o.",0.0312
Ju4SvmwHoAg,2474.59,"3-room apartment","new construction","okres Ružomberok","Liptovská Teplá","FINREA - ak vám záleží na výsledku",-0.0654
Ju5SD8mmuUt,4006.94,"2-room apartment","new construction","okres Žilina","Staré mesto","Financial Hotels Management, s.r.o.",0.0681
Ju6-B7-KyuQ,3793.18,"2-room apartment","new construction","okres Žilina","Staré mesto","WFG reality, s.r.o.",0.0111
JuEK28Decyb,3793.18,"2-room apartment","new construction","okres Žilina","Staré mesto","WFG reality, s.r.o.",0.0111
JuEE_KosY1x,2732.56,"2-room apartment","new construction","okres Žilina","Staré mesto","Realitné kancelárie SR",-0.2716
Jup8gJ48Fqt,4489.50,"2-room apartment","new construction","okres Žilina","Staré mesto","KORSO Project, s.r.o.",0.1967
JuuOQAIf3eQ,3398.44,"2-room apartment","new construction","okres Žilina","Staré mesto","WFG reality, s.r.o.",-0.0941
JuBnUuJa9ic,3894.16,"2-room apartment","new construction","okres Žilina","Staré mesto","Financial Hotels Management, s.r.o.",0.0380
Ju7UFzA6VtL,3903.77,"2-room apartment","new construction","okres Žilina","Staré mesto","WFG reality, s.r.o.",0.0406
Ju0fvkzNIT_,1792.45,"3-room apartment","partially renovated","okres Liptovský Mikuláš","Staré mesto","RESIDENCE realitná kancelária",-0.1257
Ju4Vd5pUjXm,2307.68,"3-room apartment","partially renovated","okres Liptovský Mikuláš","Staré mesto","Direct Real, spol. s r.o.",0.1257
JuA1jb9HH8o,2259.79,"2-room apartment","partially renovated","okres Ružomberok","Staré mesto","Reality Alpia",0.0490
JuIVoMRmHSz,2600.00,"1-room apartment","partially renovated","okres Martin",Turany,"TUreality s.r.o.",0.0751
Ju9k2e7JWOr,2236.84,"1-room apartment","partially renovated","okres Martin",Turany,"Like Reality s.r.o.",-0.0751
JuQKqXinTqJ,3460.82,"3-room apartment","new construction","okres Žilina",Hájik,"ODEKO manažment s.r.o.",0.1733
Ju-lEoc2XSC,2687.82,"3-room apartment","new construction","okres Žilina",Hájik,"ODEKO manažment s.r.o.",-0.0887
JuAF6zTk4aw,3110.78,"3-room apartment","new construction","okres Žilina",Hájik,"ODEKO manažment s.r.o.",0.0547
Juw-fZcag7r,2403.85,"3-room apartment","new construction","okres Žilina",Hájik,"ODEKO manažment s.r.o.",-0.1850
JuXYI9YrjoJ,3119.67,"3-room apartment","new construction","okres Žilina",Hájik,"ODEKO manažment s.r.o.",0.0577
JukVrVsK1ht,2932.00,"3-room apartment","new construction","okres Žilina",Hájik,"Realitná kancelária RED, s.r.o.",-0.0060
JuXNm9NwSwi,2932.00,"3-room apartment","new construction","okres Žilina",Hájik,"MGM reality",-0.0060
JuCSthEMyi8,2488.11,"4-room apartment","partially renovated","okres Žilina","Staré mesto","R2 SK, s.r.o.",0.0540
JuOnQ9rym-h,2517.24,"4-room apartment","partially renovated","okres Žilina","Staré mesto","RIEŠIME BÝVANIE",0.0663
JucZiE4o7Os,1789.61,"2-room apartment","fully renovated","okres Čadca",Staškov,"SLNOVRAT, s.r.o.",-0.0176
JuPKK388ZCm,1830.77,"2-room apartment","fully renovated","okres Čadca",Staškov,"SLNOVRAT, s.r.o.",0.0050
Jum1UMzjJKg,1828.00,"2-room apartment","fully renovated","okres Čadca",Staškov,"SLNOVRAT, s.r.o.",0.0035
Ju2UJpNwB9y,1800.05,"2-room apartment","fully renovated","okres Čadca",Staškov,"SLNOVRAT, s.r.o.",-0.0119
JuH7sCfx0Xw,1803.71,"2-room apartment","fully renovated","okres Čadca",Staškov,"SLNOVRAT, s.r.o.",-0.0099
JudmgOWhHLZ1,1790.64,"2-room apartment","fully renovated","okres Čadca",Staškov,"SLNOVRAT, s.r.o.",-0.0170
JuiNHN3K-2n,1835.43,"2-room apartment","fully renovated","okres Čadca",Staškov,"SLNOVRAT, s.r.o.",0.0076
JuZ8UmPHnMd,1895.12,"2-room apartment","fully renovated","okres Čadca",Staškov,"SLNOVRAT, s.r.o.",0.0403
JuH61G00WWP,2026.03,"3-room apartment","partially renovated","okres Liptovský Mikuláš",Podbreziny,"HALO reality, s.r.o.",-0.1292
JuwolRsTXje,2261.54,"3-room apartment","partially renovated","okres Liptovský Mikuláš",Podbreziny,"OVERENÉ REALITY",-0.0280
JuuVvHxxC-m,2150.00,"3-room apartment","partially renovated","okres Liptovský Mikuláš",Podbreziny,"HALO reality, s.r.o.",-0.0759
Ju9zHP-4dng,2868.85,"3-room apartment","partially renovated","okres Liptovský Mikuláš",Podbreziny,"HALO reality, s.r.o.",0.2331
JuF5xNSQO5x,2552.63,"1-room apartment","partially renovated","okres Čadca",Žarec,"BeMi realitná kancelária",0.0499
Ju8ym9e1pKJ,2400.00,"1-room apartment","partially renovated","okres Čadca",Žarec,"1. Reality Rent, s.r.o.",-0.0129
JuGJ3bcseaG,2341.22,"1-room apartment","partially renovated","okres Čadca",Žarec,"Renovo Reality",-0.0370
JunWCB0DrwG,1822.58,"3-room apartment",unrenovated,"okres Čadca","Sídlisko 3","1. Reality Rent, s.r.o.",0.0281
JuCyeszuCeF,1723.08,"3-room apartment",unrenovated,"okres Čadca","Sídlisko 3",NULL,-0.0281
JuBe2LSvIsNx,2549.88,"2-room apartment","new construction","okres Ružomberok","Liptovská Teplá","AstonReal s.r.o.",-0.0242
JuuQ3yxLaqS,2549.88,"2-room apartment","new construction","okres Ružomberok","Liptovská Teplá","AstonReal s.r.o.",-0.0242
JuhxRDKuEfi,2620.69,"2-room apartment","new construction","okres Ružomberok","Liptovská Teplá",donidDevelop,0.0029
JuOOVFGvzwX,2731.71,"2-room apartment","new construction","okres Ružomberok","Liptovská Teplá",Limaxreal,0.0454
JuK5fZIIPNG,2875.00,"3-room apartment",unrenovated,"okres Dolný Kubín",Brezovec,NULL,0.1572
Ju5R24o6GQR,2094.10,"3-room apartment",unrenovated,"okres Dolný Kubín",Brezovec,"RK Dalmia s. r. o.",-0.1572
JuUS8gVE7MB,1945.15,"2-room apartment","partially renovated","okres Čadca",Žarec,"JPE. Reality - Jozef Pajer",-0.0422
JuxMPXZzAel,2126.38,"2-room apartment","partially renovated","okres Čadca",Žarec,"BeMi realitná kancelária",0.0470
Ju1BpgSKaaX,1960.16,"2-room apartment","partially renovated","okres Čadca",Žarec,"MGM reality",-0.0348
Ju8_AnIgnrX,2092.05,"2-room apartment","partially renovated","okres Čadca",Žarec,"MENÍME BÝVANIE",0.0301
Ju7yQFu2G0Z,2194.03,"3-room apartment","fully renovated","okres Martin","Horné Vrútky","Realitná kancelária",0.0553
JuhBW328SAS,2387.91,"3-room apartment","fully renovated","okres Martin","Horné Vrútky",NULL,0.1486
Ju4y_fscQPu,1645.88,"3-room apartment","fully renovated","okres Martin","Horné Vrútky","FINREA - ak vám záleží na výsledku",-0.2083
Juo19uqWHqv,2088.24,"3-room apartment","fully renovated","okres Martin","Horné Vrútky","Reality MT s.r.o.",0.0044
JuGfQvKSzkr,1551.32,"3-room apartment",unrenovated,"okres Martin",Záturčie,"Reality Center, s.r.o.",-0.0628
Juip-IYlQVA,1500.00,"3-room apartment",unrenovated,"okres Martin",Záturčie,"Realitná kancelária",-0.0939
JuQKd8tqljP,1500.00,"3-room apartment",unrenovated,"okres Martin",Záturčie,"LIF REAL",-0.0939
JuEVg7e9gge,2070.11,"3-room apartment",unrenovated,"okres Martin",Záturčie,"R2 SK, s.r.o.",0.2506
JuWIHesej0g,2228.57,"2-room apartment","fully renovated","okres Žilina","Staré mesto","MGM reality",-0.2010
Ju0XKwDGI6a,2257.73,"2-room apartment","fully renovated","okres Žilina","Staré mesto","STAREA, s. r. o.",-0.1906
JuhRFtZO6yy,2892.31,"2-room apartment","fully renovated","okres Žilina","Staré mesto","Realitná kancelária RED, s.r.o.",0.0369
JuudHQ4gWHh,3829.55,"2-room apartment","fully renovated","okres Žilina","Staré mesto","EASY centrum bývania, s.r.o.",0.3729
Juc4p__s1-a,2800.00,"2-room apartment","fully renovated","okres Žilina","Staré mesto","Realitné kancelárie SR",0.0038
Ju6LKRO0_U9,3296.30,"2-room apartment","fully renovated","okres Žilina","Staré mesto","Realitná kancelária RED, s.r.o.",0.1818
JukTLg0JPLo,2613.33,"2-room apartment","fully renovated","okres Žilina","Staré mesto","ŽILINAREAL, s.r.o.",-0.0631
JuGtWZEOQoM,3000.00,"2-room apartment","fully renovated","okres Žilina","Staré mesto","TUreality s.r.o.",0.0755
JupinWd8ZQVD,2750.00,"2-room apartment","fully renovated","okres Žilina","Staré mesto","TARGETreal s. r. o.",-0.0141
Jus-41FaUT-,2768.75,"2-room apartment","fully renovated","okres Žilina","Staré mesto","Safe reality s. r. o.",-0.0074
JulzEF1iR1R,2234.96,"2-room apartment","fully renovated","okres Žilina","Staré mesto","ŽILINAREAL, s.r.o.",-0.1987
Juo05IpENrn,6527.78,"3-room apartment","new construction","okres Liptovský Mikuláš",Demänová,"Svoboda&Williams Slovakia s.r.o.",0.1980
Ju12shpSBga,4369.64,"3-room apartment","new construction","okres Liptovský Mikuláš",Demänová,"RESIDENCE realitná kancelária",-0.1980
Ju2W2fwASSP,3049.48,"3-room apartment","new construction","okres Dolný Kubín",Brezovec,"TUreality s.r.o.",0.1919
JuVtdEgquxp,2067.57,"3-room apartment","new construction","okres Dolný Kubín",Brezovec,"OREA, s.r.o.",-0.1919
JuF1TjEV1Ru,2088.44,"3-room apartment","new construction","okres Martin","Košťany nad Turcom","B10 Slovensko, a. s.",0.1000
JuP-xJVwuxh,1708.73,"3-room apartment","new construction","okres Martin","Košťany nad Turcom","B10 Slovensko, a. s.",-0.1000
JujhD3lGKSF,2544.78,"2-room apartment","fully renovated","okres Žilina",Vlčince,"JKV REAL",-0.1319
JuhS9MQTC4v,2549.28,"2-room apartment","fully renovated","okres Žilina",Vlčince,"Realitná kancelária RED, s.r.o.",-0.1304
JuFc31jRHf3,2846.15,"2-room apartment","fully renovated","okres Žilina",Vlčince,NULL,-0.0291
JuXQxA2vSe6,3785.71,"2-room apartment","fully renovated","okres Žilina",Vlčince,"EASY centrum bývania, s.r.o.",0.2914
JuOBBX6-RMz,2500.00,"2-room apartment","new construction","okres Martin",Stred,"TARGETreal s. r. o.",-0.0974
JuMvMAnJyAh,3163.27,"2-room apartment","new construction","okres Martin",Stred,"Reality Center, s.r.o.",0.1421
JuLuLPY-Qsq,2309.43,"2-room apartment","new construction","okres Martin",Stred,"Buby reality, s.r.o.",-0.1662
Ju5Yoj_C-t-,2946.43,"2-room apartment","new construction","okres Martin",Stred,NULL,0.0638
JuITiNm8gMP,2796.88,"2-room apartment","new construction","okres Martin",Stred,NULL,0.0098
Ju2hVjHchsA,2902.19,"2-room apartment","new construction","okres Martin",Stred,"Buby reality, s.r.o.",0.0478
JuR1WqY3g_N,2908.91,"2-room apartment","fully renovated","okres Žilina",Hliny,"Georgi Conev",0.0067
JuPDRHaKHGy,2830.51,"2-room apartment","fully renovated","okres Žilina",Hliny,"ŽILINAREAL, s.r.o.",-0.0204
Ju9Zm5FKDvx,2929.31,"2-room apartment","fully renovated","okres Žilina",Hliny,"Realitná kancelária RED, s.r.o.",0.0138
JuKnGrQfPf8P,3646.30,"2-room apartment","new construction","okres Žilina",Bytčica,"Realitná kancelária RED, s.r.o.",0.0010
JuEDjVYN-JT,3752.83,"2-room apartment","new construction","okres Žilina",Bytčica,"Realitná kancelária RED, s.r.o.",0.0303
JuykdgfJYfL,3551.79,"2-room apartment","new construction","okres Žilina",Bytčica,"Realitná kancelária RED, s.r.o.",-0.0249
JuUusk-Q8GE,3718.60,"2-room apartment","new construction","okres Žilina",Bytčica,"Realitná kancelária RED, s.r.o.",0.0209
Jukc07qMxPz,3543.64,"2-room apartment","new construction","okres Žilina",Bytčica,"Realitná kancelária RED, s.r.o.",-0.0272
JuQydtvhuaC,2185.71,"3-room apartment","fully renovated","okres Tvrdošín",Medvedzie,"TUreality s.r.o.",-0.0137
JuzzHVLtL7p,2246.36,"3-room apartment","fully renovated","okres Tvrdošín",Medvedzie,"Vianema s.r.o.",0.0137
Ju-rzMotwKF,3166.67,"1-room apartment","new construction","okres Liptovský Mikuláš","Liptovská Mara - Tatralandia","ARCHEUS Partners a.s.",-0.0445
JuZK70yldNu,3461.54,"1-room apartment","new construction","okres Liptovský Mikuláš","Liptovská Mara - Tatralandia","OVERENÉ REALITY",0.0445
Ju-cD3Eglt7,2354.82,"2-room apartment","under construction","okres Liptovský Mikuláš",Východná,"REALITY TATRY",0.0107
JudnXUbr0fH,2304.82,"2-room apartment","under construction","okres Liptovský Mikuláš",Východná,"REALITY TATRY",-0.0107
JuzuxPMP-Xr,2491.67,"3-room apartment","new construction","okres Kysucké Nové Mesto",Sídlisko,"Realitná kancelária DOM",0.0070
Ju-q6Oh2szF,2491.67,"3-room apartment","new construction","okres Kysucké Nové Mesto",Sídlisko,"Realitná kancelária DOM",0.0070
JuBIZmW7FwQ,2422.54,"3-room apartment","new construction","okres Kysucké Nové Mesto",Sídlisko,NULL,-0.0210
Juuarx0CWmR,4961.83,"2-room apartment","new construction","okres Turčianske Teplice",Stred,"Estate Invest",0.2188
JukBZSTP0a5,3180.00,"2-room apartment","new construction","okres Turčianske Teplice",Stred,"TARGETreal s. r. o.",-0.2188
JuWACwgZ0JW,1784.52,"3-room apartment","partially renovated","okres Bytča","Veľké Rovné","Reality Alpia",0.0065
Ju2PTXS03nR,1767.12,"3-room apartment","partially renovated","okres Bytča","Veľké Rovné","RIEŠIME BÝVANIE",-0.0033
JunBxeMXtVv,1767.12,"3-room apartment","partially renovated","okres Bytča","Veľké Rovné","RIEŠIME BÝVANIE",-0.0033
JuAyS5TfUDQ,1848.10,"3-room apartment",unrenovated,"okres Žilina",Rajec,"Direct Real, spol. s r.o.",-0.0841
Ju1v-rz6S-g,2187.50,"3-room apartment",unrenovated,"okres Žilina",Rajec,"TUreality s.r.o.",0.0841
Jut2p_8fnwk,2039.47,"3-room apartment","fully renovated","okres Ružomberok",Klačno,"AstonReal s.r.o.",0.0362
JuCtiU-W9oK,1897.08,"3-room apartment","fully renovated","okres Ružomberok",Klačno,"BEEVAM, s.r.o.",-0.0362
Ju6FesX3XoQ,1523.08,"3-room apartment",unrenovated,"okres Martin",Turany,"Realitná kancelária",0.0562
JuJTUgZNUdL,1361.11,"3-room apartment",unrenovated,"okres Martin",Turany,"Reality D.P.A.",-0.0562
JueB0gAOmwn,2734.38,"2-room apartment","partially renovated","okres Žilina",Hliny,"B10 Slovensko, a. s.",0.0494
Juuzq73KdvI,2338.24,"2-room apartment","partially renovated","okres Žilina",Hliny,"ROMDOM, s. r. o",-0.1026
JuU_yP2Leq5,2428.57,"2-room apartment","partially renovated","okres Žilina",Hliny,"ROMDOM, s. r. o",-0.0680
JuNxbiZtMJl,2983.87,"2-room apartment","partially renovated","okres Žilina",Hliny,"StorkReal s. r. o.",0.1451
JugdzCpEbZl,2543.42,"2-room apartment","partially renovated","okres Žilina",Hliny,"KES - RV s.r.o.",-0.0239
JuN-Pnp6KBM,1613.85,"3-room apartment",unrenovated,"okres Čadca",Stred,"Safe reality s. r. o.",0.0043
JuJ1fx159Ms,1600.00,"3-room apartment",unrenovated,"okres Čadca",Stred,OPENREALITY,-0.0043
JudGtDjR-sv,2075.95,"2-room apartment","fully renovated","okres Liptovský Mikuláš","Staré mesto","HALO reality, s.r.o.",-0.0444
JuA6AvNGWkt,2222.42,"2-room apartment","fully renovated","okres Liptovský Mikuláš","Staré mesto","XEMAR realitná spoločnosť s.r.o.",0.0230
Ju7k48dIljM,2292.31,"2-room apartment","fully renovated","okres Liptovský Mikuláš","Staré mesto","HALO reality, s.r.o.",0.0551
JuqcGRiE3sH,2173.91,"2-room apartment","fully renovated","okres Liptovský Mikuláš","Staré mesto","OVERENÉ REALITY",0.0006
JuPkeS3sVco,2794.64,"2-room apartment","fully renovated","okres Liptovský Mikuláš","Staré mesto","Direct Real, spol. s r.o.",0.2864
JuGTmonCdFp,2071.24,"2-room apartment","fully renovated","okres Liptovský Mikuláš","Staré mesto","Realitné kancelárie SR",-0.0466
JuwJKqBh04b,2380.00,"2-room apartment","fully renovated","okres Liptovský Mikuláš","Staré mesto","AstonReal s.r.o.",0.0955
JuyIru5Z-bn,2227.27,"2-room apartment","fully renovated","okres Liptovský Mikuláš","Staré mesto","KA Real",0.0252
JuUWRcxAAYr,1314.80,"2-room apartment","fully renovated","okres Liptovský Mikuláš","Staré mesto","KA Real",-0.3948
JuqmZcqjzL5,5524.98,"2-room apartment","development project","okres Žilina","Staré mesto","Teraz, a.s.",0.0255
JuInv_n4G9P,5249.97,"2-room apartment","development project","okres Žilina","Staré mesto","Teraz, a.s.",-0.0255
JubxOFYENrS,2738.52,"holiday apartment","new construction","okres Liptovský Mikuláš",Smrečany,"Pegas real s.r.o.",-0.0822
JuhSIJae8jB,3229.17,"holiday apartment","new construction","okres Liptovský Mikuláš",Smrečany,"Porto Real Group",0.0822
JuqLWeKD7Wh,2200.00,"2-room apartment",unrenovated,"okres Liptovský Mikuláš",Podbreziny,liptoreal,0.0365
JuuN3hIqf_p,2049.18,"2-room apartment",unrenovated,"okres Liptovský Mikuláš",Podbreziny,"OVERENÉ REALITY",-0.0346
Ju20KERTu8I,2118.64,"2-room apartment",unrenovated,"okres Liptovský Mikuláš",Podbreziny,"RESIDENCE realitná kancelária",-0.0019
JubK5ISUXOm,2931.68,"4-room apartment","under construction","okres Kysucké Nové Mesto",Kamence,"Istrofinal, s. r. o.",0.0306
Ju4DmwiiW-b,2815.49,"4-room apartment","under construction","okres Kysucké Nové Mesto",Kamence,"Istrofinal, s. r. o.",-0.0102
Juqt_RyaYSM,2832.33,"4-room apartment","under construction","okres Kysucké Nové Mesto",Kamence,"Istrofinal, s. r. o.",-0.0043
Ju6YQzBpIXw,2857.50,"4-room apartment","under construction","okres Kysucké Nové Mesto",Kamence,"Istrofinal, s. r. o.",0.0045
JuaWfCrgS3s,2742.57,"4-room apartment","under construction","okres Kysucké Nové Mesto",Kamence,"Istrofinal, s. r. o.",-0.0359
Ju5YBv9ykGI,2693.72,"4-room apartment","under construction","okres Kysucké Nové Mesto",Kamence,"Istrofinal, s. r. o.",-0.0530
JuiUg7kx_Xo,2832.33,"4-room apartment","under construction","okres Kysucké Nové Mesto",Kamence,"Istrofinal, s. r. o.",-0.0043
JuhY6PtUUUQ,2892.94,"4-room apartment","under construction","okres Kysucké Nové Mesto",Kamence,"Istrofinal, s. r. o.",0.0170
Ju7JTdVZY88,2892.94,"4-room apartment","under construction","okres Kysucké Nové Mesto",Kamence,"Istrofinal, s. r. o.",0.0170
JuU41-eIe2m,2905.85,"4-room apartment","under construction","okres Kysucké Nové Mesto",Kamence,"Istrofinal, s. r. o.",0.0215
JuZdOmvD2ic,2892.94,"4-room apartment","under construction","okres Kysucké Nové Mesto",Kamence,"Istrofinal, s. r. o.",0.0170
Ju8nwr--d8J,9362.00,"holiday apartment","under construction","okres Liptovský Mikuláš","Demänovská Dolina","Tatry mountain resorts, a.s.",-0.0974
Jun0m0ZrnOH,11206.08,"holiday apartment","under construction","okres Liptovský Mikuláš","Demänovská Dolina","Tatry mountain resorts, a.s.",0.0804
JuTSuAfPUaV,11181.23,"holiday apartment","under construction","okres Liptovský Mikuláš","Demänovská Dolina","Tatry mountain resorts, a.s.",0.0780
Ju6hdfe5kDA,10451.26,"holiday apartment","under construction","okres Liptovský Mikuláš","Demänovská Dolina","Tatry mountain resorts, a.s.",0.0076
JuvuB2q_3M4,9662.18,"holiday apartment","under construction","okres Liptovský Mikuláš","Demänovská Dolina","Tatry mountain resorts, a.s.",-0.0685
Jug2x-YuHAi,4148.48,"1-room apartment","new construction","okres Žilina","Staré mesto","WFG reality, s.r.o.",0.0138
JuaeBjYnlrd,4108.33,"1-room apartment","new construction","okres Žilina","Staré mesto","WFG reality, s.r.o.",0.0040
JuxCreRo0qw,4359.09,"1-room apartment","new construction","okres Žilina","Staré mesto","Financial Hotels Management, s.r.o.",0.0653
Ju7ymmOZXTG,4105.41,"1-room apartment","new construction","okres Žilina","Staré mesto","WFG reality, s.r.o.",0.0033
JuktNGvsiwv,4128.95,"1-room apartment","new construction","okres Žilina","Staré mesto","WFG reality, s.r.o.",0.0090
Ju3o-SF0dKF,3971.05,"1-room apartment","new construction","okres Žilina","Staré mesto","WFG reality, s.r.o.",-0.0296
JuFDFkP8ndy,4023.68,"1-room apartment","new construction","okres Žilina","Staré mesto","WFG reality, s.r.o.",-0.0167
Ju8MQ6z2y19,3997.37,"1-room apartment","new construction","okres Žilina","Staré mesto","WFG reality, s.r.o.",-0.0231
JuuQTLwI4_c,4105.41,"1-room apartment","new construction","okres Žilina","Staré mesto","WFG reality, s.r.o.",0.0033
JufchRWgj96,4023.08,"1-room apartment","new construction","okres Žilina","Staré mesto","WFG reality, s.r.o.",-0.0169
Ju0lQAOkvtE,4023.68,"1-room apartment","new construction","okres Žilina","Staré mesto","WFG reality, s.r.o.",-0.0167
JunSqXxyUya,4148.48,"1-room apartment","new construction","okres Žilina","Staré mesto","WFG reality, s.r.o.",0.0138
Jum788VaVl8,4148.48,"1-room apartment","new construction","okres Žilina","Staré mesto","WFG reality, s.r.o.",0.0138
JuSXCvc_TgO,3281.21,"2-room apartment","under construction","okres Žilina",Hájik,"Realitná kancelária",-0.0390
JuMrpN3u-gh,3547.72,"2-room apartment","under construction","okres Žilina",Hájik,"Reality Alpia",0.0390
JuL6Lg1QL2c,2068.97,"2-room apartment","partially renovated","okres Martin",Priekopa,"Realitná kancelária",0.0802
Junnm3hR6W5,1859.15,"2-room apartment","partially renovated","okres Martin",Priekopa,"Reality Alpia",-0.0294
Ju-seNslb4u,1818.18,"2-room apartment","partially renovated","okres Martin",Priekopa,"Realitná kancelária RED, s.r.o.",-0.0508
JuZJo0wlRRU,2927.59,"1-room apartment","new construction","okres Ružomberok","Liptovská Teplá",donidDevelop,0.0258
JuddoVYZYie,2780.22,"1-room apartment","new construction","okres Ružomberok","Liptovská Teplá",Limaxreal,-0.0258
JuUEgGZy7bV,5216.93,"holiday apartment","development project","okres Žilina",Terchová,"KORSO Project, s.r.o.",0.0507
JuXxgiFzaw2,4754.41,"holiday apartment","development project","okres Žilina",Terchová,"KORSO Project, s.r.o.",-0.0425
JuQIDFd_kHU,4989.12,"holiday apartment","development project","okres Žilina",Terchová,"KORSO Project, s.r.o.",0.0048
Ju01CyxoHbS,4901.20,"holiday apartment","development project","okres Žilina",Terchová,"KORSO Project, s.r.o.",-0.0129
Ju0lAAcuMC-,3349.90,"3-room apartment","partially renovated","okres Žilina","Staré mesto","B10 Slovensko, a. s.",0.1813
JuD_7kPVbjf,2972.84,"3-room apartment","partially renovated","okres Žilina","Staré mesto","Effecting s.r.o.",0.0483
JuOLPMJrkFk,3376.34,"3-room apartment","partially renovated","okres Žilina","Staré mesto","TUreality s.r.o.",0.1906
JuGqA0i3EO8,2362.50,"3-room apartment","partially renovated","okres Žilina","Staré mesto","DreamReality s.r.o.",-0.1669
JuQxdKNuhGj,2117.53,"3-room apartment","partially renovated","okres Žilina","Staré mesto","Piata Avenue",-0.2533
JuvUgr_LkF7,3527.51,"3-room apartment","new construction","okres Liptovský Mikuláš","Liptovská Ondrašová","Bosen Group s.r.o.",0.1794
Ju4N6fIAndO,2454.41,"3-room apartment","new construction","okres Liptovský Mikuláš","Liptovská Ondrašová","TUreality s.r.o.",-0.1794
JuB0hydoQt_,2088.61,"2-room apartment","partially renovated","okres Liptovský Mikuláš","Staré mesto","ADOMOS REAL s.r.o.",-0.1095
JukyEz3oR2iD,2103.51,"2-room apartment","partially renovated","okres Liptovský Mikuláš","Staré mesto","Direct Real, spol. s r.o.",-0.1032
Ju-lRWjvao3,2862.07,"2-room apartment","partially renovated","okres Liptovský Mikuláš","Staré mesto","RESIDENCE realitná kancelária",0.2202
JucceUznreI,2327.75,"2-room apartment","partially renovated","okres Liptovský Mikuláš","Staré mesto","BEŇO REALITY",-0.0076
JuBD3ecZzdA,3312.50,"2-room apartment","new construction","okres Žilina",Závodie,"Realitná kancelária RED, s.r.o.",0.0413
Jun4cFPr-JJ,3212.07,"2-room apartment","new construction","okres Žilina",Závodie,"R2 SK, s.r.o.",0.0097
Ju3z3M9TPDa,3019.23,"2-room apartment","new construction","okres Žilina",Závodie,"GAMA Reality, s.r.o.",-0.0509
JujnVWbv0Ea,1517.65,"3-room apartment",unrenovated,"okres Martin","Horné Vrútky","Reality Simply",-0.0749
JuDxBcaveH8,1763.53,"3-room apartment",unrenovated,"okres Martin","Horné Vrútky","Reality Center, s.r.o.",0.0749
Juz4W9SDfoY,2980.00,"2-room apartment","partially renovated","okres Žilina",Solinky,"RENOME REAL",-0.0604
Juq8SVDOmLX,3208.33,"2-room apartment","partially renovated","okres Žilina",Solinky,NULL,0.0116
Ju_5trjiiyY,3326.53,"2-room apartment","partially renovated","okres Žilina",Solinky,"Piata Avenue",0.0488
Ju4H966Coro,3725.00,"1-room apartment","fully renovated","okres Ružomberok",Bešeňová,"OREA, s.r.o.",-0.0717
JueZYUzuLYA,4300.00,"1-room apartment","fully renovated","okres Ružomberok",Bešeňová,"OREA, s.r.o.",0.0717
JudLFAAMGyd,2035.13,"3-room apartment",unrenovated,"okres Liptovský Mikuláš","Vrbica - Nábrežie","RESIDENCE realitná kancelária",-0.0094
JuYEF2k-qam,2085.71,"3-room apartment",unrenovated,"okres Liptovský Mikuláš","Vrbica - Nábrežie","RESIDENCE realitná kancelária",0.0153
Ju1Fw0u3Cah,2042.25,"3-room apartment",unrenovated,"okres Liptovský Mikuláš","Vrbica - Nábrežie","Direct Real, spol. s r.o.",-0.0059
JuW-h1lHUAf,5686.84,"2-room apartment","under construction","okres Liptovský Mikuláš","Staré mesto","TATRA CITY RESIDENCE s. r. o.",0.2261
JuEJsd-IFWc,3934.15,"2-room apartment","under construction","okres Liptovský Mikuláš","Staré mesto","TATRA CITY RESIDENCE s. r. o.",-0.1518
Jub6sy4N9gp,4293.88,"2-room apartment","under construction","okres Liptovský Mikuláš","Staré mesto","TATRA CITY RESIDENCE s. r. o.",-0.0743
JuN-wthtGNF,2028.61,"3-room apartment","under construction","okres Žilina",Hájik,"Realitná kancelária",-0.2450
Jumr_ISbK0Z,3344.87,"3-room apartment","under construction","okres Žilina",Hájik,"Reality Alpia",0.2450
JurI-U1p2qQ,1638.73,"1-room apartment","fully renovated","okres Liptovský Mikuláš","Staré mesto","XEMAR realitná spoločnosť s.r.o.",-0.3049
JucfuBBHTMn,2277.78,"1-room apartment","fully renovated","okres Liptovský Mikuláš","Staré mesto","KA Real",-0.0338
JulUy_Gy-T7,2284.76,"1-room apartment","fully renovated","okres Liptovský Mikuláš","Staré mesto","XEMAR realitná spoločnosť s.r.o.",-0.0308
JuzOH2MtpxX,1937.50,"2-room apartment","fully renovated","okres Martin",Sever,"NajBývanie, s.r.o.",-0.1138
JuQhVUDoHMr,2189.66,"2-room apartment","fully renovated","okres Martin",Sever,"Felicita Real s. r. o.",0.0015
JuTgtQtwGXl,2431.67,"2-room apartment","fully renovated","okres Martin",Sever,"RE/MAX Slovakia",0.1122
Juh1ajbcNdb,1801.47,"3-room apartment",unrenovated,"okres Martin",Ľadoveň,"Realitná kancelária",0.0958
JuAoUEm3GbZ,1486.49,"3-room apartment",unrenovated,"okres Martin",Ľadoveň,"ALT REAL, s.r.o.",-0.0958
JuhrMWK4tz6,2913.03,"3-room apartment","fully renovated","okres Liptovský Mikuláš","Staré mesto","RESIDENCE realitná kancelária",-0.1809
JuR7qWw7H0C,4200.00,"3-room apartment","fully renovated","okres Liptovský Mikuláš","Staré mesto",NULL,0.1809
Juwy9k5pZPS,3313.64,"holiday apartment","new construction","okres Martin",Valča,"Realitné kancelárie SR",0.0616
JuTBls071FE,3815.79,"holiday apartment","new construction","okres Martin",Valča,"B10 Slovensko, a. s.",0.2224
Ju3RyhBnxqn,6428.57,"3-room apartment","new construction","okres Liptovský Mikuláš","Demänovská Dolina","DLUGO reality",0.0270
Juj0AUCC2FC,6090.91,"3-room apartment","new construction","okres Liptovský Mikuláš","Demänovská Dolina","DLUGO reality",-0.0270
Ju_IKpLJHsv,4677.42,"holiday apartment","fully renovated","okres Ružomberok",Bešeňová,"OREA, s.r.o.",0.2152
JuZUv2TX6Jz,3697.75,"holiday apartment","fully renovated","okres Ružomberok",Bešeňová,"Reality Alpia",-0.0393
JuoHqPCC27P,3804.12,"holiday apartment","fully renovated","okres Ružomberok",Bešeňová,"REALITY SPOLU",-0.0116
Ju_WUvCjVPC,3562.65,"holiday apartment","fully renovated","okres Ružomberok",Bešeňová,"Reality Alpia",-0.0744
JuLyRXzb7sF,3547.62,"holiday apartment","fully renovated","okres Ružomberok",Bešeňová,"Reality Alpia",-0.0783
JupjDJ9XYhE,3804.12,"holiday apartment","fully renovated","okres Ružomberok",Bešeňová,"REALITY SPOLU",-0.0116
Ju7oSLy3Fih,3490.48,"holiday apartment","new construction","okres Ružomberok",Hrabovo,"All 4 Life, s.r.o.",0.0434
JuVihEbzRbP,3787.88,"holiday apartment","new construction","okres Ružomberok",Hrabovo,NULL,0.1323
JueWH91Qt062,3093.75,"holiday apartment","new construction","okres Ružomberok",Hrabovo,"DOMUM realitná spoločnosť s. r. o.",-0.0752
JuPcc0iMceY,3330.77,"holiday apartment","new construction","okres Ružomberok",Hrabovo,"ARCHEUS Partners a.s.",-0.0044
JuvBgKU_KI7,2663.37,"4-room apartment","fully renovated","okres Žilina","Staré mesto","Realitná kancelária RED, s.r.o.",0.0166
JuRirU25uGC,2654.32,"4-room apartment","fully renovated","okres Žilina","Staré mesto","Realitná kancelária RED, s.r.o.",0.0132
Ju-DQSmNMMQ,2733.33,"4-room apartment","fully renovated","okres Žilina","Staré mesto","Realitná kancelária RED, s.r.o.",0.0433
JurXcD9fbrUY,2654.32,"4-room apartment","fully renovated","okres Žilina","Staré mesto","Realitná kancelária RED, s.r.o.",0.0132
Juvr_afUfgc,269.23,"4-room apartment","fully renovated","okres Žilina","Staré mesto","Realitná kancelária RED, s.r.o.",-0.8972
Ju3Edwy5E9k,2663.37,"4-room apartment","fully renovated","okres Žilina","Staré mesto","Realitné kancelárie SR",0.0166
Ju892FRo72v,4734.43,"4-room apartment","fully renovated","okres Žilina","Staré mesto",NULL,0.8072
JuzAfAnhSmB,1451.61,"4-room apartment","partially renovated","okres Martin",Priekopa,"NajBývanie, s.r.o.",-0.2146
JuODe5tlbwG,2244.90,"4-room apartment","partially renovated","okres Martin",Priekopa,"FINREA - ak vám záleží na výsledku",0.2146
JuUaKO5dYge,3071.08,"3-room apartment","new construction","okres Dolný Kubín",Stred,"OREA, s.r.o.",0.0413
JuzSVrg19-5,3100.00,"3-room apartment","new construction","okres Dolný Kubín",Stred,"OREA, s.r.o.",0.0511
Ju1cdYuex4G,2910.13,"3-room apartment","new construction","okres Dolný Kubín",Stred,"RE/MAX Slovakia",-0.0133
Ju1vHkMA9-i,2716.30,"3-room apartment","new construction","okres Dolný Kubín",Stred,"RE/MAX Slovakia",-0.0790
Ju1cXQ08ziY,2585.71,"2-room apartment","new construction","okres Dolný Kubín",Brezovec,"RK Dalmia s. r. o.",-0.2466
Ju-a60L4yJH,4278.07,"2-room apartment","new construction","okres Dolný Kubín",Brezovec,"FINREA - ak vám záleží na výsledku",0.2466
JuVUnBR3tKh,3229.73,"2-room apartment","new construction","okres Žilina",Bôrik,"Realitná kancelária RED, s.r.o.",-0.0493
JuXll0okDmg,4653.85,"2-room apartment","new construction","okres Žilina",Bôrik,"Realitná kancelária RED, s.r.o.",0.3699
JuAxXn7nLOP,1240.83,"2-room apartment","new construction","okres Žilina",Bôrik,"ŽILINAREAL, s.r.o.",-0.6347
JuyMZex0bdp,4464.29,"2-room apartment","new construction","okres Žilina",Bôrik,"Renovo Reality",0.3141
JunNE3gm3lK,3470.59,"holiday apartment","new construction","okres Ružomberok",Bešeňová,"RK SPIRIT s.r.o.",-0.0139
JuxqWwCd3Bc,3547.62,"holiday apartment","new construction","okres Ružomberok",Bešeňová,"Reality Alpia",0.0080
Junr7vOGfgp,3021.74,"holiday apartment","new construction","okres Ružomberok",Bešeňová,"MK-CORP s.r.o.",-0.1414
JuF-0hmTSgb,3971.43,"holiday apartment","new construction","okres Ružomberok",Bešeňová,"MK-CORP s.r.o.",0.1285
JueZM646cTy,3872.50,"holiday apartment","new construction","okres Ružomberok",Bešeňová,"OREA, s.r.o.",0.1003
Jul4B6HJsMz,2791.18,"holiday apartment","new construction","okres Ružomberok",Bešeňová,"MK-CORP s.r.o.",-0.2069
Ju0hF7AM_5h,2213.85,"3-room apartment","partially renovated","okres Čadca",Kyčerka,NULL,0.0929
JuR8QLXp0Yx,2013.89,"3-room apartment","partially renovated","okres Ružomberok",Roveň,"Direct Real, spol. s r.o.",0.1842
JuEeA2GuHj3,1387.46,"3-room apartment","partially renovated","okres Ružomberok",Roveň,"A-Byt Consult, s.r.o.",-0.1842
JuFa19Ow0Dt,1885.96,"3-room apartment","partially renovated","okres Martin",Stred,"Felicita Real s. r. o.",-0.0153
Juf6pNtbqh1,2125.00,"3-room apartment","partially renovated","okres Martin",Stred,"RE/MAX Slovakia",0.1095
JuqQMoNXFYc,1885.96,"3-room apartment","partially renovated","okres Martin",Stred,"Reality Center, s.r.o.",-0.0153
JuEVkw9ddDA,1820.32,"3-room apartment","partially renovated","okres Martin",Stred,"Reality ASTORIA, s.r.o.",-0.0496
Ju-1tp0yEDG,1527.78,"3-room apartment","partially renovated","okres Martin",Stred,"FINREA - ak vám záleží na výsledku",-0.2023
JuV9QF4vC1L,2246.38,"3-room apartment","partially renovated","okres Martin",Stred,"Reality AK, spol. s r.o.",0.1729
JuxyNbJ2-r9,2676.06,"holiday apartment","partially renovated","okres Ružomberok",Hrabovo,"Reality Alpia",0.0674
JuSTl0QkI_h,2338.24,"holiday apartment","partially renovated","okres Ružomberok",Hrabovo,"NajBývanie, s.r.o.",-0.0674
Ju9UkKAGv88,2863.64,"4-room apartment","new construction","okres Žilina",Vlčince,"Realitná kancelária RED, s.r.o.",-0.0778
Julb0pINzt_,2863.64,"4-room apartment","new construction","okres Žilina",Vlčince,"Piata Avenue",-0.0778
JuEOy8Ch_fK,2720.78,"4-room apartment","new construction","okres Žilina",Vlčince,"Reinoo a.s.",-0.1238
Juz-nuV7qfY,2761.59,"4-room apartment","new construction","okres Žilina",Vlčince,"DreamReality s.r.o.",-0.1107
JuJZPVcldrZ,3143.08,"4-room apartment","new construction","okres Žilina",Vlčince,"HMS Services, a. s.",0.0122
Ju9DwSC6oJu,2142.86,"2-room apartment","fully renovated","okres Ružomberok",Polík,"RK Dalmia s. r. o.",0.0300
JuTc88Wux9w,2017.86,"2-room apartment","fully renovated","okres Ružomberok",Polík,"GARANT REALITY",-0.0300
JumX8n0CV3C,3611.20,"1-room apartment","under construction","okres Žilina",Hájik,"Realitná kancelária",-0.0424
Ju0FWK0oDmX,3931.19,"1-room apartment","under construction","okres Žilina",Hájik,"Reality Alpia",0.0424
JuiS9BjPEIo,4841.71,"2-room apartment","new construction","okres Liptovský Mikuláš","Demänovská Dolina","HD reality group s.r.o",-0.0821
JuunJga2z_k,5555.56,"2-room apartment","new construction","okres Liptovský Mikuláš","Demänovská Dolina","RE/MAX Slovakia",0.0532
JuIYGEaJFQ7,4500.00,"2-room apartment","new construction","okres Liptovský Mikuláš","Demänovská Dolina",G-REAL,-0.1469
JukheJ1B1aD,5986.84,"2-room apartment","new construction","okres Liptovský Mikuláš","Demänovská Dolina","RESIDENCE realitná kancelária",0.1350
JugsT-r1Fjq,3080.00,"studio apartment",unrenovated,"okres Martin",Sever,"RECLOUD Reality a.s.",0.0000
JuaBQ-omPcs,3080.00,"studio apartment",unrenovated,"okres Martin",Sever,"Realitná kancelária",0.0000
JuGV5aus1Gq,1943.06,"3-room apartment",unrenovated,"okres Kysucké Nové Mesto",Kamence,"WFG reality, s.r.o.",-0.1047
JuBgCxlwRO1,2397.44,"3-room apartment",unrenovated,"okres Kysucké Nové Mesto",Kamence,"Pro Real, s. r. o. realitná kancelária",0.1047
Jug3a9-mziM,2140.52,"2-room apartment","new construction","okres Liptovský Mikuláš",Celiny,"RK SPIRIT s.r.o.",-0.0171
JuUrbdc3pDN,2413.75,"2-room apartment","new construction","okres Liptovský Mikuláš",Celiny,"RK SPIRIT s.r.o.",0.1084
JulrtoBvNUl,2709.26,"4-room apartment","fully renovated","okres Žilina",Vlčince,"MGM reality",0.0806
JuNPxF24aaA,2388.89,"4-room apartment","fully renovated","okres Žilina",Vlčince,"Realitná kancelária RED, s.r.o.",-0.0472
JuRxO-wu66d,2500.00,"4-room apartment","fully renovated","okres Žilina",Vlčince,"LAVENTURA s.r.o.",-0.0029
JuPoZE57z5D,2430.89,"4-room apartment","fully renovated","okres Žilina",Vlčince,"RK4 REALITY",-0.0305
JuniaoRdvqE,3869.05,"2-room apartment","new construction","okres Liptovský Mikuláš","Staré mesto",G-REAL,0.2118
JutKisdKgjR,2770.03,"2-room apartment","new construction","okres Liptovský Mikuláš","Staré mesto","RESIDENCE realitná kancelária",-0.1324
Jul5uPR1of1,3214.29,"2-room apartment","new construction","okres Liptovský Mikuláš","Staré mesto","RESIDENCE realitná kancelária",0.0067
JuaEFYi_BYt,2715.42,"2-room apartment","new construction","okres Liptovský Mikuláš","Staré mesto","Realitné kancelárie SR",-0.1495
JuKqTd0J1IQ,2650.00,"2-room apartment","new construction","okres Liptovský Mikuláš","Staré mesto","RESIDENCE realitná kancelária",-0.1700
JuU5AQijDSV,3937.73,"2-room apartment","new construction","okres Liptovský Mikuláš","Staré mesto",G-REAL,0.2333
JuhS38paEh6,3827.60,"4-room apartment","development project","okres Žilina","Staré mesto","KORSO Project, s.r.o.",-0.0831
Ju2DPhpZEXH,3412.44,"4-room apartment","development project","okres Žilina","Staré mesto","KORSO Project, s.r.o.",-0.1825
JucNvh6xi3X,3802.29,"4-room apartment","development project","okres Žilina","Staré mesto","KORSO Project, s.r.o.",-0.0891
Ju9BdsvYTHj,5654.99,"4-room apartment","development project","okres Žilina","Staré mesto","Teraz, a.s.",0.3547
JuUW30jCiXY,2364.86,"3-room apartment","fully renovated","okres Liptovský Mikuláš",Podbreziny,"sunnyreal s.r.o.",0.0058
JuU7r63X4wA,2427.14,"3-room apartment","fully renovated","okres Liptovský Mikuláš",Podbreziny,"AstonReal s.r.o.",0.0323
Jug3tmEab8dn,2261.54,"3-room apartment","fully renovated","okres Liptovský Mikuláš",Podbreziny,"TUreality s.r.o.",-0.0381
Ju7UlN5liG9,2753.73,"3-room apartment","new construction","okres Martin",Jahodníky,"Buby reality, s.r.o.",0.0163
JuUwCeqXqPl,2669.46,"3-room apartment","new construction","okres Martin",Jahodníky,"Buby reality, s.r.o.",-0.0148
JuhmvsftjdY,2745.14,"3-room apartment","new construction","okres Martin",Jahodníky,"Buby reality, s.r.o.",0.0132
JuDeBuW3pN0,2669.46,"3-room apartment","new construction","okres Martin",Jahodníky,"Buby reality, s.r.o.",-0.0148
JuvSfTkJipf,2692.11,"2-room apartment","development project","okres Ružomberok",Baničné,"ODEKO manažment s.r.o.",-0.0052
Jue8OEdDtFX,2697.92,"2-room apartment","development project","okres Ružomberok",Baničné,"ODEKO manažment s.r.o.",-0.0031
JuDjC6lbUrb,2740.92,"2-room apartment","development project","okres Ružomberok",Baničné,"ODEKO manažment s.r.o.",0.0128
JunhLdbpvMU,2669.46,"3-room apartment","new construction","okres Martin",Stred,"Buby reality, s.r.o.",0.0202
JufWdbgp6A3,1960.78,"3-room apartment","new construction","okres Martin",Stred,"TARGETreal s. r. o.",-0.2506
JuXBeof4cBw,1498.78,"3-room apartment","development project","okres Ružomberok",Baničné,"ODEKO manažment s.r.o.",-0.1311
Jux9NoUYkfu,1951.25,"3-room apartment","development project","okres Ružomberok",Baničné,"ODEKO manažment s.r.o.",0.1311
JuCqI77KeMc,1875.00,"2-room apartment","partially renovated","okres Martin",Turany,"Reality MT s.r.o.",0.0000
JuYp1Zctty0,1875.00,"2-room apartment","partially renovated","okres Martin",Turany,"Reality Alpia",0.0000
JulLkJwhVa1,2013.43,"3-room apartment",unrenovated,"okres Martin",Sever,"Realitná kancelária",-0.0130
Ju7Y_BuXfpd,2043.94,"3-room apartment",unrenovated,"okres Martin",Sever,"Reality Center, s.r.o.",0.0020
Juwpt8fo8iw,2062.50,"3-room apartment",unrenovated,"okres Martin",Sever,"KARIN & PARTNERS, s.r.o.",0.0111
JuUknu_3A4k,2638.89,"2-room apartment","partially renovated","okres Žilina","Staré mesto",NULL,-0.1183
Jujvvp196-y,2980.77,"2-room apartment","partially renovated","okres Žilina","Staré mesto","TUreality s.r.o.",-0.0040
JuXqaBy1YwX,3129.63,"2-room apartment","partially renovated","okres Žilina","Staré mesto","Realitné kancelárie SR",0.0457
JuFQj_B37XO,3222.22,"2-room apartment","partially renovated","okres Žilina","Staré mesto","ROMDOM, s. r. o",0.0766
Ju0vPaBxKXU,2691.43,"2-room apartment","fully renovated","okres Liptovský Mikuláš","Vrbica - Nábrežie","RESIDENCE realitná kancelária",-0.0652
JuZWfK8jXMU,2208.03,"2-room apartment","fully renovated","okres Liptovský Mikuláš","Vrbica - Nábrežie","YFE, s.r.o.",-0.2331
JuHfT6EkWLg,3737.83,"2-room apartment","fully renovated","okres Liptovský Mikuláš","Vrbica - Nábrežie","J.M.H. s.r.o.",0.2983
JupibY8fOsV,1535.48,"3-room apartment",unrenovated,"okres Kysucké Nové Mesto","Horný Vadičov","RK4 REALITY",0.0000
JujKiw_LZU1,1535.48,"3-room apartment",unrenovated,"okres Kysucké Nové Mesto","Horný Vadičov","RK4 REALITY",0.0000
Jux-AEYjDab,3500.00,"2-room apartment","fully renovated","okres Žilina",Solinky,NULL,-0.0057
Julrxc4m4jW,3539.80,"2-room apartment","fully renovated","okres Žilina",Solinky,"MGM reality",0.0057
JuxK_a_NiWB,2173.91,"2-room apartment","fully renovated","okres Ružomberok",Roveň,"NajBývanie, s.r.o.",0.0605
Juacbmz9XNp,1925.93,"2-room apartment","fully renovated","okres Ružomberok",Roveň,"Reality Alpia",-0.0605
JuvTw1ebtHj,3120.96,"2-room apartment","under construction","okres Kysucké Nové Mesto",Kamence,"Istrofinal, s. r. o.",0.0000
JuJjSbvP3y1,3120.96,"2-room apartment","under construction","okres Kysucké Nové Mesto",Kamence,"Istrofinal, s. r. o.",0.0000
Ju7dMBplPsC,3120.96,"2-room apartment","under construction","okres Kysucké Nové Mesto",Kamence,"Istrofinal, s. r. o.",0.0000
Juga_SyTI4R,3428.57,"2-room apartment","new construction","okres Liptovský Mikuláš","Liptovská Mara - Tatralandia","RE/MAX Slovakia",-0.0769
JulVwlSvctK,4000.00,"2-room apartment","new construction","okres Liptovský Mikuláš","Liptovská Mara - Tatralandia","Prvá Realitná Kancelária, s.r.o.",0.0769
JuLxu_TUApX,3373.47,"2-room apartment","new construction","okres Žilina",Hájik,"ODEKO manažment s.r.o.",-0.0311
Juh13qbi4yL,3183.63,"2-room apartment","new construction","okres Žilina",Hájik,"ODEKO manažment s.r.o.",-0.0857
JuE40RXyw1_,3599.80,"2-room apartment","new construction","okres Žilina",Hájik,"Realitná kancelária RED, s.r.o.",0.0339
JuQPXllO6ks,3652.78,"2-room apartment","new construction","okres Žilina",Hájik,"ODEKO manažment s.r.o.",0.0491
JuSBcLlOavm,3599.98,"2-room apartment","new construction","okres Žilina",Hájik,"RIEŠIME BÝVANIE",0.0339
JuFDFNeJqxq,2434.78,"3-room apartment","fully renovated","okres Martin",Ľadoveň,"Reality D.P.A.",-0.0154
JufTJtipeK4,2510.77,"3-room apartment","fully renovated","okres Martin",Ľadoveň,"Felicita Real s. r. o.",0.0154
JuHXoN0ryfa,3127.91,"3-room apartment",unrenovated,"okres Žilina",Vlčince,"MGM reality",0.2190
JuzYHHeYN5Y,2071.95,"3-room apartment",unrenovated,"okres Žilina",Vlčince,"Safe reality s. r. o.",-0.1926
Ju1eGXbZzUb,2498.33,"3-room apartment",unrenovated,"okres Žilina",Vlčince,"Wealth Group, s.r.o.",-0.0264
JuP28alhfCi,2834.33,"3-room apartment","fully renovated","okres Žilina",Hliny,"B10 Slovensko, a. s.",-0.1878
JueA04xvA0H,3484.85,"3-room apartment","fully renovated","okres Žilina",Hliny,"RIEŠIME BÝVANIE",-0.0014
JuMvD_EgmbK,4150.00,"3-room apartment","fully renovated","okres Žilina",Hliny,"RIEŠIME BÝVANIE",0.1892
JuyxsUVgHii,2191.01,"4-room apartment","fully renovated","okres Dolný Kubín",Brezovec,"RK Dalmia s. r. o.",-0.0420
JuqDc5JA0z2,2383.23,"4-room apartment","fully renovated","okres Dolný Kubín",Brezovec,"OREA, s.r.o.",0.0420
JuRhJZ24FBr,1641.03,"3-room apartment","partially renovated","okres Ružomberok",Ľubochňa,NULL,-0.0077
JuOF4HNBZNF,1666.53,"3-room apartment","partially renovated","okres Ružomberok",Ľubochňa,"TUreality s.r.o.",0.0077
JuWE0lIaFPD,3000.00,"3-room apartment",unrenovated,"okres Žilina",Hliny,"TUreality s.r.o.",0.2683
Juk34S4WJno,1843.47,"3-room apartment",unrenovated,"okres Žilina",Hliny,"MGM reality",-0.2207
JuXHjhU272A,2498.44,"3-room apartment",unrenovated,"okres Žilina",Hliny,"Reality IQ, s.r.o.",0.0562
JuA0NKQExXq,2119.70,"3-room apartment",unrenovated,"okres Žilina",Hliny,"Pro Real, s. r. o. realitná kancelária",-0.1039
Jub_GkQafv9,2355.93,"2-room apartment","fully renovated","okres Martin",Podháj,"B10 Slovensko, a. s.",0.0283
Jutms5kvMoG,2285.71,"4-room apartment","fully renovated","okres Martin",Stred,"TUreality s.r.o.",-0.0433
JujtAMfUep-,2213.98,"4-room apartment","fully renovated","okres Martin",Stred,NULL,-0.0733
JulmjMPVf2y,2667.42,"4-room apartment","fully renovated","okres Martin",Stred,"Constario REALTY s.r.o.",0.1165
JunJ76UrnXo,2314.81,"2-room apartment","partially renovated","okres Martin",Sever,"FINREA - ak vám záleží na výsledku",0.2403
JuVrf5-P_w2,1696.97,"2-room apartment","partially renovated","okres Martin",Sever,"Reality AK, spol. s r.o.",-0.0908
JuIVEdX9aqM,1696.97,"2-room apartment","partially renovated","okres Martin",Sever,"FINREA - ak vám záleží na výsledku",-0.0908
JutAxM54sI9,1756.76,"2-room apartment","partially renovated","okres Martin",Sever,"Realitná kancelária",-0.0587
JuMd5Se4xMY,2000.00,"3-room apartment","fully renovated","okres Martin",Košúty,"Realitná kancelária",-0.0078
Jub-qUAwi4z,2031.25,"3-room apartment","fully renovated","okres Martin",Košúty,NULL,0.0078
JudVZxPODEn,2685.71,"3-room apartment","fully renovated","okres Žilina",Solinky,"Realitná kancelária RED, s.r.o.",0.0358
JuD4zRss3yP,2500.00,"3-room apartment","fully renovated","okres Žilina",Solinky,NULL,-0.0358
Ju8yXTZyQ0c,2640.45,"3-room apartment","partially renovated","okres Liptovský Mikuláš",Dovalovo,"TUreality s.r.o.",-0.0675
JuZdV5jCSUO,3022.47,"3-room apartment","partially renovated","okres Liptovský Mikuláš",Dovalovo,"TUreality s.r.o.",0.0675
JunEHNrbeFP,3330.95,"holiday apartment","fully renovated","okres Liptovský Mikuláš","Liptovský Ján","GERT , s.r.o.",-0.0159
JuNgEGp-EQa,3438.60,"holiday apartment","fully renovated","okres Liptovský Mikuláš","Liptovský Ján","Reality Alpia",0.0159
JuuvunHgeuI,2115.37,"2-room apartment","partially renovated","okres Tvrdošín",Medvedzie,"RE/MAX Slovakia",0.0497
Judr92_ylzz,1915.00,"2-room apartment","partially renovated","okres Tvrdošín",Medvedzie,"TUreality s.r.o.",-0.0497
JuyFJFlxmNe,3015.08,"holiday apartment",unrenovated,"okres Ružomberok",Hrabovo,"Reality Alpia",-0.1057
Ju1uEl1Mf6f,3648.65,"holiday apartment",unrenovated,"okres Ružomberok",Hrabovo,"Romantické Chalupy, s.r.o.",0.0823
JuDXnrUS-p1,3450.13,"holiday apartment",unrenovated,"okres Ružomberok",Hrabovo,"Reality Alpia",0.0234
JuDmcjiRx8S,2297.62,"4-room apartment","partially renovated","okres Žilina",Solinky,"ACTIVE - Reality, s. r. o.",0.0000
JuuvbPIMl4t,2297.62,"4-room apartment","partially renovated","okres Žilina",Solinky,"ACTIVE - Reality, s. r. o.",0.0000
Ju-cA70OjPb,3428.57,"2-room apartment","new construction","okres Liptovský Mikuláš","Liptovský Ján","TUreality s.r.o.",0.0085
Ju1swh97q_w,3370.97,"2-room apartment","new construction","okres Liptovský Mikuláš","Liptovský Ján","RE/MAX Slovakia",-0.0085
JueVg_uFAEX,1985.29,"3-room apartment","partially renovated","okres Martin",Záturčie,"Like Reality s.r.o.",-0.0195
JuMqUg0JlP-,2461.54,"4-room apartment","new construction","okres Ružomberok","Staré mesto","BB - REALITY,  s.r.o.",-0.0086
JuZUmgJDVA2,2504.24,"4-room apartment","new construction","okres Ružomberok","Staré mesto",NULL,0.0086
Jueqkk2FQTK,3684.21,"3-room apartment","new construction","okres Žilina",Bôrik,"DreamReality s.r.o.",-0.0072
JuuDv2Zd85o,3737.86,"3-room apartment","new construction","okres Žilina",Bôrik,"TUreality s.r.o.",0.0072
JuA1hP6Bd3t,3334.75,"4-room apartment","fully renovated","okres Liptovský Mikuláš",Demänová,G-REAL,-0.1031
JuCX2-0gKW3,4101.69,"4-room apartment","fully renovated","okres Liptovský Mikuláš",Demänová,"RK SPIRIT s.r.o.",0.1031
Jul_zSmXyuk,3309.46,"3-room apartment","new construction","okres Žilina",Bytčica,"Realitná kancelária RED, s.r.o.",-0.0288
Jus-du7SK4F,3505.97,"3-room apartment","new construction","okres Žilina",Bytčica,"Realitná kancelária RED, s.r.o.",0.0288
JuoJ6B-WiVu,4491.53,"2-room apartment","new construction","okres Liptovský Mikuláš",Demänová,"RE/MAX Slovakia",0.0689
JuviN4c9fMi,3444.44,"2-room apartment","new construction","okres Liptovský Mikuláš",Demänová,G-REAL,-0.1803
JuzxsN9HYse,4853.33,"2-room apartment","new construction","okres Liptovský Mikuláš",Demänová,"OVERENÉ REALITY",0.1550
JuupBH8LvJz,4018.87,"2-room apartment","new construction","okres Liptovský Mikuláš",Demänová,G-REAL,-0.0436
Juwx2mgp7mc,2077.97,"3-room apartment","partially renovated","okres Martin",Sever,"Reality AK, spol. s r.o.",-0.0462
Ju-D0j5Tx8q,2380.95,"3-room apartment","partially renovated","okres Martin",Sever,"Realitná kancelária",0.0929
JuH66opZMTi,2076.92,"3-room apartment","partially renovated","okres Martin",Sever,"TUreality s.r.o.",-0.0467
JuIW7C6rFGH,1785.71,"3-room apartment","partially renovated","okres Martin",Turany,"LIF REAL",-0.0222
JuZqmgmus3f,1785.71,"3-room apartment","partially renovated","okres Martin",Turany,"Realitná kancelária",-0.0222
Ju7EPTNZ0Hy,1907.14,"3-room apartment","partially renovated","okres Martin",Turany,"Like Reality s.r.o.",0.0443
Ju75jE-v_Ti,1922.22,"3-room apartment","fully renovated","okres Martin",Priekopa,"ALT REAL, s.r.o.",0.0000
JuLIL3RkWDn,1922.22,"3-room apartment","fully renovated","okres Martin",Priekopa,"ALT REAL, s.r.o.",0.0000
JuMfaZM03jX,2578.13,"3-room apartment","fully renovated","okres Dolný Kubín","Veľký Bysterec","TUreality s.r.o.",0.0042
Ju3ft9crnfA,2333.33,"3-room apartment","fully renovated","okres Dolný Kubín","Veľký Bysterec","TUreality s.r.o.",-0.0911
JuZ68DUQRpn,3251.72,"3-room apartment","new construction","okres Liptovský Mikuláš","Malé Borové",NULL,-0.0753
JuvOboUvobu,3781.25,"3-room apartment","new construction","okres Liptovský Mikuláš","Malé Borové",NULL,0.0753
Ju5NSmHtePH,1741.57,"3-room apartment","fully renovated","okres Martin",Záturčie,"TARGETreal s. r. o.",-0.1408
Ju7faBpvibU,2312.40,"3-room apartment","fully renovated","okres Martin",Záturčie,"Realitná kancelária",0.1408
JuXRr8c0-gp,4858.30,"holiday apartment","new construction","okres Liptovský Mikuláš","Liptovský Ján","KRUPPKY, s.r.o.",0.1862
Juow0UUu95a,4038.46,"holiday apartment","new construction","okres Liptovský Mikuláš","Liptovský Ján","RIEŠIME BÝVANIE",-0.0140
Ju3xvc6aD2Y,3390.37,"holiday apartment","new construction","okres Liptovský Mikuláš","Liptovský Ján","RESIDENCE realitná kancelária",-0.1722
JuSWGTnCZur,2000.00,"3-room apartment","partially renovated","okres Martin",Košúty,"MAX PROFI REALITY",0.0482
JusbD5cQ3a4,1869.57,"3-room apartment","partially renovated","okres Martin",Košúty,"B10 Slovensko, a. s.",-0.0201
JuEhBGLGdyB,1844.62,"3-room apartment","partially renovated","okres Martin",Košúty,"RE/MAX Slovakia",-0.0332
JuwdgQhbLJx,1917.81,"3-room apartment","partially renovated","okres Martin",Košúty,"Realitná kancelária",0.0051
Juh7IlKkDn_,1495.24,"4-room apartment","partially renovated","okres Liptovský Mikuláš",Belánska,"Direct Real, spol. s r.o.",-0.1499
JuzIKTQ0UvK,2022.62,"4-room apartment","partially renovated","okres Liptovský Mikuláš",Belánska,"HALO reality, s.r.o.",0.1499
Jug8bqAUxzc,2658.00,"2-room apartment","partially renovated","okres Liptovský Mikuláš","Vrbica - Nábrežie","HD reality group s.r.o",0.0896
JuHOcENm8Ia,2660.00,"2-room apartment","partially renovated","okres Liptovský Mikuláš","Vrbica - Nábrežie","AstonReal s.r.o.",0.0905
JuXGzvpMBBm,2000.00,"2-room apartment","partially renovated","okres Liptovský Mikuláš","Vrbica - Nábrežie","HALO reality, s.r.o.",-0.1801
JuoB7gmYVp_,3410.96,"2-room apartment","fully renovated","okres Liptovský Mikuláš",Demänová,"RK SPIRIT s.r.o.",-0.1964
JuTQd4u0n33,5078.43,"2-room apartment","fully renovated","okres Liptovský Mikuláš",Demänová,"RK SPIRIT s.r.o.",0.1964
JuBHdW0whmB,2196.97,"3-room apartment","partially renovated","okres Martin",Ľadoveň,"B10 Slovensko, a. s.",0.1773
JuuKYbAy2In,1535.14,"3-room apartment","partially renovated","okres Martin",Ľadoveň,"B10 Slovensko, a. s.",-0.1773
JuGMS7Q7AS7,4008.60,"3-room apartment","under construction","okres Liptovský Mikuláš","Staré mesto","TATRA CITY RESIDENCE s. r. o.",-0.0002
JuYHImgOHO_,4009.98,"3-room apartment","under construction","okres Liptovský Mikuláš","Staré mesto","TATRA CITY RESIDENCE s. r. o.",0.0002
JumDGD_wH9E,2576.92,"4-room apartment","new construction","okres Žilina","Rajecké Teplice","Bosen Group s.r.o.",0.0245
Juta8FGg1ms,2453.85,"4-room apartment","new construction","okres Žilina","Rajecké Teplice","Bosen Group s.r.o.",-0.0245
JuYIUYhGIcc,2607.25,"3-room apartment","partially renovated","okres Žilina",Vlčince,"Realitné kancelárie SR",0.0623
JutRcPoSw48,2301.32,"3-room apartment","partially renovated","okres Žilina",Vlčince,"DRR INVEST, s. r. o.",-0.0623
JuTBd7ApfBa,3059.88,"1-room apartment","new construction","okres Martin",Priekopa,"Eli real realitná kancelária",-0.0524
JuAo_CCFbGo,3155.26,"1-room apartment","new construction","okres Martin",Priekopa,"TARGETreal s. r. o.",-0.0229
JukmrMnXO9z,1940.72,"2-room apartment",unrenovated,"okres Martin",Košúty,"ALFA SALUTO REAL s.r.o",0.0000
JuIcnUNxIlt,1940.72,"2-room apartment",unrenovated,"okres Martin",Košúty,"ALFA SALUTO REAL s.r.o",0.0000
JuN5ogzbwb6,5475.96,"studio apartment","fully renovated","okres Žilina",Vlčince,"MGM reality",0.0043
JuAjD-DNY5d,5428.57,"studio apartment","fully renovated","okres Žilina",Vlčince,"Gro & Partners",-0.0043
JunJQlPuUZ5,2530.41,"3-room apartment","new construction","okres Ružomberok","Staré mesto",NULL,0.0143
JuySZhvO7pX,2459.26,"3-room apartment","new construction","okres Ružomberok","Staré mesto",NULL,-0.0143
Ju23LHSYosl,4778.16,"1-room apartment","new construction","okres Liptovský Mikuláš","Demänovská Dolina",G-REAL,-0.2149
Jud2teyAuDu,7394.63,"1-room apartment","new construction","okres Liptovský Mikuláš","Demänovská Dolina","RESIDENCE realitná kancelária",0.2149
Ju5nlrwa9YA,1367.65,"3-room apartment","fully renovated","okres Čadca",Centrum,"Vianema s.r.o.",-0.1358
JuQ9TAROpsL,1797.30,"3-room apartment","fully renovated","okres Čadca",Centrum,"PhDr. Miloš Kocúr - BKM Consulting",0.1358
JugoHMXehPQ,1566.67,"2-room apartment",unrenovated,"okres Dolný Kubín",Brezovec,"HD reality group s.r.o",-0.2562
JuSL8akIpnl,2571.43,"2-room apartment",unrenovated,"okres Dolný Kubín",Brezovec,"Bosen Group s.r.o.",0.2208
JuPAGeZeFHi,2181.18,"2-room apartment",unrenovated,"okres Dolný Kubín",Brezovec,"FINREA - ak vám záleží na výsledku",0.0355
JugHDSXoGA9,1835.53,"3-room apartment","partially renovated","okres Čadca",Stred,"bezmaklérov, s.r.o.",-0.0226
JuI7RPoOfX3,1798.42,"3-room apartment","partially renovated","okres Čadca",Stred,"Reality IQ, s.r.o.",-0.0424
JuPbmK8oIXM,3004.94,"2-room apartment","new construction","okres Liptovský Mikuláš",Palúdzka,"STRATEGIC REALITY",-0.0330
JuMi-Tt27An,3210.24,"2-room apartment","new construction","okres Liptovský Mikuláš",Palúdzka,"STRATEGIC REALITY",0.0330
JuinVbJn01k,3536.51,"4-room apartment","under construction","okres Žilina",Hájik,"Reality Alpia",0.3139
Juv5BxkBnXj,1846.63,"4-room apartment","under construction","okres Žilina",Hájik,"Realitná kancelária",-0.3139
JuoszPD854T,2740.74,"3-room apartment","new construction","okres Liptovský Mikuláš",Dovalovo,"TUreality s.r.o.",0.0259
JuUrOuQWCVS,2602.41,"3-room apartment","new construction","okres Liptovský Mikuláš",Dovalovo,"TUreality s.r.o.",-0.0259
JuM_6zn3dEU,2415.73,"4-room apartment","fully renovated","okres Martin",Ľadoveň,"TARGETreal s. r. o.",0.0530
Ju1i5P66bxL,2172.62,"4-room apartment","fully renovated","okres Martin",Ľadoveň,"Realitná kancelária",-0.0530
JumaaMybJmZ,2430.56,"3-room apartment","partially renovated","okres Žilina",Hájik,"TARGETreal s. r. o.",0.0587
JumTQJJZB7H,1929.03,"3-room apartment","partially renovated","okres Žilina",Hájik,"TUreality s.r.o.",-0.1598
Juy4b8nUUh5,2527.78,"3-room apartment","partially renovated","okres Žilina",Hájik,"TARGETreal s. r. o.",0.1011
JulmO4nyPV1,1905.34,"4-room apartment","fully renovated","okres Martin",Priekopa,"Financie a reality od A po Z",-0.1510
JuwdDOrpGK5,2357.14,"4-room apartment","fully renovated","okres Martin",Priekopa,"Buby reality, s.r.o.",0.0503
JuV3Qm6Wkc0,2357.14,"4-room apartment","fully renovated","okres Martin",Priekopa,"Buby reality, s.r.o.",0.0503
Ju3VAHb4p44,2659.80,"2-room apartment","fully renovated","okres Kysucké Nové Mesto",Sídlisko,"TUreality s.r.o.",0.0274
JuYsJLbvRpN,2517.86,"2-room apartment","fully renovated","okres Kysucké Nové Mesto",Sídlisko,"1. Reality Rent, s.r.o.",-0.0274
Ju9bVHvcqcL,3401.36,"holiday apartment","new construction","okres Námestovo","Oravská Lesná","RIEŠIME BÝVANIE",-0.0258
Juns9vrGm9z,3581.43,"holiday apartment","new construction","okres Námestovo","Oravská Lesná","Occam New Home",0.0258
JukgHXnk_FH,2300.00,"2-room apartment",unrenovated,"okres Martin",Stred,"Realitná kancelária",0.0777
JuXdiDoNNIv,1968.25,"2-room apartment",unrenovated,"okres Martin",Stred,"AstonReal s.r.o.",-0.0777
JuV9NY1IIlj,3429.87,"1-room apartment","under construction","okres Ružomberok",Roveň,"ODEKO manažment s.r.o.",0.0199
JuInvssV5eE,3295.99,"1-room apartment","under construction","okres Ružomberok",Roveň,"ODEKO manažment s.r.o.",-0.0199
Ju_1ltAlD0n,3695.37,"1-room apartment","new construction","okres Ružomberok",Bešeňová,"XEMAR realitná spoločnosť s.r.o.",0.0010
Ju2F2PEA16h,3475.00,"2-room apartment","fully renovated","okres Ružomberok",Bešeňová,"RESIDENCE realitná kancelária",-0.0468
JuiOse4gKiU,1978.69,"2-room apartment","new construction","okres Liptovský Mikuláš",Celiny,"RK SPIRIT s.r.o.",-0.0914
JuMCWySZsct,4279.23,"4-room apartment","new construction","okres Žilina",Vlčince,"Reinoo a.s.",0.3780
Juo8hsv1xWR,2235.08,"holiday apartment","new construction","okres Martin",Valča,"Realitné kancelárie SR",-0.2840
JuQwMUprpPT,2491.67,"3-room apartment","new construction","okres Kysucké Nové Mesto",Sídlisko,"Realitná kancelária DOM",0.0070
JuQo0PP1022,3370.99,"2-room apartment","new construction","okres Žilina",Vlčince,"Reinoo a.s.",-0.0624
JukVF1PHUJU,2064.46,"3-room apartment","partially renovated","okres Martin",Záturčie,"Reality Center, s.r.o.",0.0195
JuNwRfCAG1O,2690.44,"2-room apartment","under construction","okres Martin",Jahodníky,"CANGURU s.r.o.",-0.0042
Ju0CrnhCGrs,2076.88,"4-room apartment","partially renovated","okres Žilina","Staré mesto","MGM reality",-0.1202
JuFOaiRGATh,2752.20,"3-room apartment","under construction","okres Ružomberok",Roveň,"ODEKO manažment s.r.o.",-0.0752
JumCrfhYhfV,5480.77,"holiday apartment","new construction","okres Liptovský Mikuláš","Demänovská Dolina","RESIDENCE realitná kancelária",-0.0229
JuRBfIzNbvG,6992.71,"holiday apartment","new construction","okres Liptovský Mikuláš","Demänovská Dolina","RESIDENCE realitná kancelária",0.2466
Juc7SyZSucw0,5972.22,"holiday apartment","new construction","okres Liptovský Mikuláš","Demänovská Dolina","United Professionals s.r.o.",0.0647
JuAZvxGvcMl,2800.00,"2-room apartment","fully renovated","okres Žilina","Staré mesto","Realitné kancelárie SR",0.0038
JuIgXokL5hc,2357.14,"4-room apartment","fully renovated","okres Martin",Priekopa,"Like Reality s.r.o.",0.0503
JukBksFoVDN,3023.81,"holiday apartment","new construction","okres Ružomberok",Hrabovo,"Domovia s. r. o.",-0.0961
JuY6ZkaPSRF,3688.10,"1-room apartment","new construction","okres Ružomberok",Bešeňová,"OREA, s.r.o.",-0.0010
JuY2fWI7qOb,3472.22,"1-room apartment","new construction","okres Martin",Priekopa,"CANGURU s.r.o.",0.0753
JudjVeywOJE,1964.91,"2-room apartment",unrenovated,"okres Martin",Sever,"AstonReal s.r.o.",-0.0083
Ju8gkOV9Ua-,3960.40,"holiday apartment","new construction","okres Ružomberok",Bešeňová,"RK SPIRIT s.r.o.",0.1253
JuG5b3bSJJl,2226.42,"2-room apartment","fully renovated","okres Martin",Podháj,"LIF REAL",-0.0283
Ju_mO5F1KAW,3238.65,"4-room apartment","new construction","okres Žilina","Staré mesto",NULL,-0.0769
JuUPYByvH-3,3828.28,"4-room apartment","new construction","okres Žilina","Staré mesto","KORSO Project, s.r.o.",0.0912
JuRHCARxbUa,2662.90,"3-room apartment","new construction","okres Martin",Stred,"Buby reality, s.r.o.",0.0177
JuX6bDcbxKm,3173.02,"3-room apartment","new construction","okres Martin",Stred,"Reality ASTORIA, s.r.o.",0.2127
JulVRQnK87Q,1837.50,"3-room apartment","partially renovated","okres Čadca",Kyčerka,"BeMi realitná kancelária",-0.0929
JucEibGbMaV,3303.80,"holiday apartment","new construction","okres Liptovský Mikuláš",Demänová,"RK SPIRIT s.r.o.",-0.2604
JuSh4rLdnzP,3997.37,"1-room apartment","new construction","okres Žilina","Staré mesto","WFG reality, s.r.o.",-0.0231
Ju8T6cE3M46O,3330.77,"2-room apartment","new construction","okres Ružomberok",Hrabovo,"ARCHEUS Partners a.s.",-0.1003
JuzTIfdr-oi,2586.12,"4-room apartment","fully renovated","okres Žilina","Staré mesto","Realitná kancelária RED, s.r.o.",-0.0129
JuRMVAMTIbE,6066.67,"2-room apartment","new construction","okres Liptovský Mikuláš","Demänovská Dolina","RexDeco s.r.o.",0.1501
JugCrJ6aqt6,4698.58,"2-room apartment","new construction","okres Liptovský Mikuláš","Demänovská Dolina",G-REAL,-0.1093
Ju7pt9GBh0f,2349.40,"4-room apartment","partially renovated","okres Martin",Ľadoveň,"Reality Alpia",0.0353
JudY9Gw22hd,2694.22,"2-room apartment","development project","okres Ružomberok",Baničné,"ODEKO manažment s.r.o.",-0.0045
Ju0_qpYyImE,3228.62,"1-room apartment","fully renovated","okres Liptovský Mikuláš","Staré mesto","KA Real",0.3695
JuCzDBx82gn,2048.56,"2-room apartment","partially renovated","okres Ružomberok","Staré mesto","BeMi realitná kancelária",-0.0490
Juatx6SLjDH,2790.34,"3-room apartment","fully renovated","okres Dolný Kubín","Veľký Bysterec","FINREA - ak vám záleží na výsledku",0.0869
JuqRHR8iBLi,2000.00,"3-room apartment","partially renovated","okres Čadca",Stred,"Reality IQ, s.r.o.",0.0650
JuJo8q5h32F,1411.48,house,"new construction","okres Bytča","Hliník nad Váhom","TOCA, s.r.o. Realitná činnosť",-0.3830
JuGmc6FHo9t,2570.97,house,"new construction","okres Bytča","Hliník nad Váhom","Stanislav Motyčík - MK",0.1239
Juc0OLvyRFq,1330.65,house,"new construction","okres Bytča","Hliník nad Váhom","TOCA, s.r.o. Realitná činnosť",-0.4183
JuTAR5A7Hvk,1411.48,house,"new construction","okres Bytča","Hliník nad Váhom","TOCA, s.r.o. Realitná činnosť",-0.3830
JuvDMV343M4,1999.00,house,"new construction","okres Bytča","Hliník nad Váhom","TOCA, s.r.o. Realitná činnosť",-0.1262
JubU0eKdiVr,3511.45,house,"new construction","okres Bytča","Hliník nad Váhom","TOCA, s.r.o. Realitná činnosť",0.5350
JuvIyu9zHe0,3511.45,house,"new construction","okres Bytča","Hliník nad Váhom","TOCA, s.r.o. Realitná činnosť",0.5350
Ju5jLRFNJLG,3511.45,house,"new construction","okres Bytča","Hliník nad Váhom","Realitná kancelária RED, s.r.o.",0.5350
JurZTuUssP0,1330.65,house,"new construction","okres Bytča","Hliník nad Váhom","TOCA, s.r.o. Realitná činnosť",-0.4183
Ju9pzA6kp29,630.00,house,"partially renovated","okres Čadca",Makov,"B10 Slovensko, a. s.",0.2807
JuKW3SQ8Df4,353.85,house,"partially renovated","okres Čadca",Makov,"1. Reality Rent, s.r.o.",-0.2807
JuLzQl1X89Z,1020.00,house,unrenovated,"okres Martin",Priekopa,"ALT REAL, s.r.o.",-0.2353
JuE1L7QIb5r,1020.00,house,unrenovated,"okres Martin",Priekopa,"Reality Simply",-0.2353
Ju2gistO4oo,1961.54,house,unrenovated,"okres Martin",Priekopa,"Realitná kancelária",0.4706
Jum5hTEjQIq,104.17,house,unrenovated,"okres Turčianske Teplice",Stred,"Reality Alpia",-0.8214
JuDeBj46p9m,1062.22,house,unrenovated,"okres Turčianske Teplice",Stred,"TARGETreal s. r. o.",0.8214
JufGT_MaCUz,653.85,house,unrenovated,"okres Kysucké Nové Mesto",Rudinská,"BR ACADEMY, s. r. o.",0.6937
JubUhU28foO,118.25,house,unrenovated,"okres Kysucké Nové Mesto",Rudinská,"Reality Alpia",-0.6937
JuLldceaNDG,1076.00,house,"partially renovated","okres Žilina","Lietavská Lúčka","AstonReal s.r.o.",0.0000
JulZg30zNO8,1076.00,house,"partially renovated","okres Žilina","Lietavská Lúčka","AstonReal s.r.o.",0.0000
JuHloqFiiMy,2281.65,house,"new construction","okres Bytča","Veľké Rovné","IDEÁLNE BÝVANIE, s.r.o.",-0.0456
Ju1eOtgzhMF,2499.88,house,"new construction","okres Bytča","Veľké Rovné","TARGETreal s. r. o.",0.0456
JuUyJggM4z1,2345.45,house,"new construction","okres Martin","Kláštor pod Znievom","Realitná kancelária",0.0058
Jui4dVLb9Ci,2318.18,house,"new construction","okres Martin","Kláštor pod Znievom","Reality AK, spol. s r.o.",-0.0058
Jux1LioPBDR,1857.14,house,"fully renovated","okres Martin",Valča,"B10 Slovensko, a. s.",0.4763
JultKoQUF1n,658.73,house,"fully renovated","okres Martin",Valča,"Reality Alpia",-0.4763
JuYzFawuXq5,2232.67,house,"fully renovated","okres Žilina","Teplička nad Váhom","Realitná kancelária RED, s.r.o.",0.3333
Ju9Ur37Ixsd,1395.42,house,"fully renovated","okres Žilina","Teplička nad Váhom","RIEŠIME BÝVANIE",-0.1667
JuSbYhRyin-,1395.42,house,"fully renovated","okres Žilina","Teplička nad Váhom","Mamud Reality s. r. o.",-0.1667
JuVBGZswzO8,184.86,house,unrenovated,"okres Žilina","Rajecké Teplice","Reality Alpia",-0.7733
JuTe9xTBEze,1445.95,house,unrenovated,"okres Žilina","Rajecké Teplice","EASY centrum bývania, s.r.o.",0.7733
Ju7H01GL5VL,3628.57,house,"new construction","okres Liptovský Mikuláš","Liptovský Ján","TUreality s.r.o.",0.0283
Ju9jNRRDueP,3428.57,house,"new construction","okres Liptovský Mikuláš","Liptovský Ján","TUreality s.r.o.",-0.0283
Ju1Fv2ySoaS,1346.15,house,unrenovated,"okres Martin",Príbovce,"Realitná kancelária Kľúč",0.0714
JuxpGt9B3Fh,1166.67,house,unrenovated,"okres Martin",Príbovce,"CreeX Reality s.r.o.",-0.0714
Jut1FKOGHsr,173.67,house,unrenovated,"okres Ružomberok","Liptovské Revúce","bezmaklérov, s.r.o.",-0.7568
JuFzDxVJ2q6,1236.36,house,unrenovated,"okres Ružomberok","Liptovské Revúce","Romantické Chalupy, s.r.o.",0.7313
JuMReNzFrmm,780.70,house,unrenovated,"okres Ružomberok","Liptovské Revúce","KOSIBA reality s.r.o.",0.0932
Ju3Q6cuW_-I,665.83,house,unrenovated,"okres Ružomberok","Liptovské Revúce","RE/MAX Slovakia",-0.0676
JueQzTcIDeQ,3333.33,house,"new construction","okres Ružomberok",Baničné,"FISCHER & PARTNERS, s.r.o.",0.3562
Jul9YtuXJRu,1582.22,house,"new construction","okres Ružomberok",Baničné,"FISCHER & PARTNERS, s.r.o.",-0.3562
JuHDbG3yLMb,855.56,house,"partially renovated","okres Liptovský Mikuláš",Pribylina,"NajBývanie, s.r.o.",0.5284
Ju00Y-txNcF,264.01,house,"partially renovated","okres Liptovský Mikuláš",Pribylina,"TUreality s.r.o.",-0.5284
JueF3aQCPcy,1435.00,house,"new construction","okres Dolný Kubín","Oravská Poruba","OREA, s.r.o.",-0.2440
JuqnxCpkC06,2361.33,house,"new construction","okres Dolný Kubín","Oravská Poruba","Georgi Conev",0.2440
Jux6Z04Xzh-,330.07,house,unrenovated,"okres Ružomberok","Staré mesto","RIEŠIME BÝVANIE",-0.6184
JuS8ciWyKMi,1400.00,house,unrenovated,"okres Ružomberok","Staré mesto","RE/MAX Slovakia",0.6184
Ju5rRr5_rO4,1954.25,house,"new construction","okres Žilina",Bitarová,"Realitná kancelária RED, s.r.o.",-0.1281
Ju4t5QuZmxI,2860.15,house,"new construction","okres Žilina",Bitarová,"MGM reality",0.2761
JuDKS0g6D3f,2617.11,house,"new construction","okres Žilina",Bitarová,"MGM reality",0.1676
JuGR3fH9qik,1443.30,house,"new construction","okres Žilina",Bitarová,"TOCA, s.r.o. Realitná činnosť",-0.3561
JuytovsywXn,1546.96,house,"new construction","okres Žilina",Bitarová,"Bosen Group s.r.o.",-0.3098
JurXt03mBLY,1870.31,house,"new construction","okres Žilina",Bitarová,"ŽILINAREAL, s.r.o.",-0.1656
Ju3B-41JURa,1870.31,house,"new construction","okres Žilina",Bitarová,"ŽILINAREAL, s.r.o.",-0.1656
JuExQtw6qVs,1443.30,house,"new construction","okres Žilina",Bitarová,"TOCA, s.r.o. Realitná činnosť",-0.3561
JuImgMwAlae,2699.52,house,"new construction","okres Žilina",Bitarová,"MGM reality",0.2044
JubSXyHD9FS,2698.36,house,"new construction","okres Žilina",Bitarová,"MGM reality",0.2039
JuxiHYI3lEP,3651.79,house,"new construction","okres Žilina",Bitarová,"Realitná kancelária RED, s.r.o.",0.6292
Ju8hKWbYUWy,1760.92,house,"new construction","okres Kysucké Nové Mesto","Horný Vadičov","R2 SK, s.r.o.",-0.0144
JuifoQkrLih,1548.81,house,"new construction","okres Kysucké Nové Mesto","Horný Vadičov","TARGETreal s. r. o.",-0.1331
JuSi1nzOb00,2050.00,house,"new construction","okres Kysucké Nové Mesto","Horný Vadičov","DRR INVEST, s. r. o.",0.1474
Juo53M0tI-p,0.00,house,"fully renovated","okres Martin",Žabokreky,"B10 Slovensko, a. s.",-1.0000
JuGyarQH5Tu,573.77,house,"fully renovated","okres Martin",Žabokreky,"Reality Center, s.r.o.",1.0000
JuCDqPuA034,1020.00,house,unrenovated,"okres Turčianske Teplice",Mošovce,"RE/MAX Slovakia",0.1476
Jug496eX3Gs,354.17,house,unrenovated,"okres Turčianske Teplice",Mošovce,"Real Reality Development s.r.o.",-0.6015
Ju02FWXcSxg,866.67,house,unrenovated,"okres Turčianske Teplice",Mošovce,"ALT REAL, s.r.o.",-0.0249
Juq1uzcK3Zo,1314.29,house,unrenovated,"okres Turčianske Teplice",Mošovce,"Reality MT s.r.o.",0.4788
Juidd703LOU,745.00,house,unrenovated,"okres Žilina",Lysica,"Realitná kancelária RED, s.r.o.",-0.0354
JuqydMjWuh4,999.00,house,unrenovated,"okres Žilina",Lysica,"TARGETreal s. r. o.",0.2934
JuwSpmc62PT,573.08,house,unrenovated,"okres Žilina",Lysica,"RE/MAX Slovakia",-0.2580
JuiwpIv6ZO8n,1650.00,house,"new construction","okres Turčianske Teplice","Turčiansky Michal","Realitné kancelárie SR",-0.0204
JuV4X4JdJ77,1718.75,house,"new construction","okres Turčianske Teplice","Turčiansky Michal","Reality MT s.r.o.",0.0204
JuV6m-uCHri,1083.33,house,"partially renovated","okres Ružomberok",Komjatná,"NajBývanie, s.r.o.",0.4331
JuhR8_uiRxX,428.57,house,"partially renovated","okres Ružomberok",Komjatná,"VAŠA REALITKA s.r.o.",-0.4331
JuKdkYrCkFc,2233.33,house,unrenovated,"okres Žilina","Staré mesto","Realitná kancelária RED, s.r.o.",-0.2623
JuaNEutdar9,3453.61,house,unrenovated,"okres Žilina","Staré mesto","TUreality s.r.o.",0.1408
Juo44m6iiNj,2360.00,house,unrenovated,"okres Žilina","Staré mesto","RIEŠIME BÝVANIE",-0.2204
JuhybejcNce,4062.50,house,unrenovated,"okres Žilina","Staré mesto","TUreality s.r.o.",0.3419
JunPSVDxWEH,173.53,house,unrenovated,"okres Martin","Kolónia Hviezda","Reality Alpia",0.0000
JudzDOvNunu,173.53,house,unrenovated,"okres Martin","Kolónia Hviezda","Reality Alpia",0.0000
Ju_8_vlnZwY,555.00,house,"new construction","okres Ružomberok","Biely Potok","IVANING, s. r. o.",-0.2369
Ju88y75X0Gs,899.67,house,"new construction","okres Ružomberok","Biely Potok","IVANING, s. r. o.",0.2369
JuOxQMLskud,1741.07,house,"new construction","okres Žilina",Mojš,"ETHOS reality, s. r. o.",-0.4527
Ju08TjjVb3y,4275.51,house,"new construction","okres Žilina",Mojš,"TUreality s.r.o.",0.3440
JuY6OUpbXjU,4081.76,house,"new construction","okres Žilina",Mojš,"Realitná kancelária RED, s.r.o.",0.2831
Ju0TAHkXz3F,2626.32,house,"new construction","okres Žilina",Mojš,"Realitná kancelária RED, s.r.o.",-0.1744
JukPbMQp4vL,1998.18,house,"new construction","okres Ružomberok","Liptovské Sliače","VAŠA REALITKA s.r.o.",-0.0947
Ju3zQ1Nh4jQ,2441.18,house,"new construction","okres Ružomberok","Liptovské Sliače","Apollo House",0.1061
Juq9xnQNQkn,2263.64,house,"new construction","okres Ružomberok","Liptovské Sliače",donidDevelop,0.0256
JuJSekEM4oc,2441.18,house,"new construction","okres Ružomberok","Liptovské Sliače","Apollo House",0.1061
Ju1cp4Zdad9,2007.46,house,"new construction","okres Ružomberok","Liptovské Sliače",donidDevelop,-0.0905
JucYnfxB91V,2090.91,house,"new construction","okres Ružomberok","Liptovské Sliače","Good Reality s.r.o.",-0.0526
Juq9Pjjnp8z,2881.48,house,"new construction","okres Ružomberok","Liptovská Štiavnica","ALT REAL, s.r.o.",0.3043
JuL77Ktof8v,314.72,house,"new construction","okres Ružomberok","Liptovská Štiavnica","Reality Alpia",-0.8575
JucgDISpkFu,2758.93,house,"new construction","okres Ružomberok","Liptovská Štiavnica","NajBývanie, s.r.o.",0.2489
Ju6HLriDjfB,2881.48,house,"new construction","okres Ružomberok","Liptovská Štiavnica","ALT REAL, s.r.o.",0.3043
Junzj9FwgBR,1044.55,house,"partially renovated","okres Liptovský Mikuláš",Važec,jabyvam.sk,0.3524
JuFiX3Sq3vG,998.52,house,"partially renovated","okres Liptovský Mikuláš",Važec,"HALO reality, s.r.o.",0.2928
JunAaEjMO5H,296.50,house,"partially renovated","okres Liptovský Mikuláš",Važec,"DRAŽOBNÍK, s.r.o.",-0.6161
JuKz9mvEvI_,575.00,house,"partially renovated","okres Liptovský Mikuláš",Važec,"REALITY TATRY",-0.2555
Ju-2YZ37zxt,947.26,house,"partially renovated","okres Liptovský Mikuláš",Važec,liptoreal,0.2264
JuZIWdD4tzb,1095.00,house,"new construction","okres Martin",Valča,"Wealth Group, s.r.o.",-0.2699
JuXgUKUYl2D,1095.00,house,"new construction","okres Martin",Valča,"Wealth Group, s.r.o.",-0.2699
JuwkeSmHDEB,2636.36,house,"new construction","okres Martin",Valča,"Real Reality Development s.r.o.",0.7578
Ju9Oh18pKW-,1095.00,house,"new construction","okres Martin",Valča,"Wealth Group, s.r.o.",-0.2699
Juove7AkwvT,1625.00,house,"new construction","okres Martin",Valča,"ALT REAL, s.r.o.",0.0835
JuJRg0E5VNn,1857.14,house,"new construction","okres Martin",Valča,"ALT REAL, s.r.o.",0.2383
JulXcIcccXx,1095.00,house,"new construction","okres Martin",Valča,"Wealth Group, s.r.o.",-0.2699
JupsJLU23Ow,925.00,house,unrenovated,"okres Liptovský Mikuláš","Liptovská Kokava","RE/MAX Slovakia",0.1385
JuE7_yY48hp,700.00,house,unrenovated,"okres Liptovský Mikuláš","Liptovská Kokava","Romantické Chalupy, s.r.o.",-0.1385
Juq8C9WZ_ld,4499.98,house,"new construction","okres Martin",Stráne,"Vianema s.r.o.",0.7895
JuG-bGr9or0,529.41,house,"new construction","okres Martin",Stráne,"Reality Alpia",-0.7895
JumTdoXdYLm,609.71,house,"new construction","okres Žilina",Svederník,"TUreality s.r.o.",-0.7241
JumII_lj6i4,3809.52,house,"new construction","okres Žilina",Svederník,"TARGETreal s. r. o.",0.7241
JuWd2pCrRH_,2606.21,house,"fully renovated","okres Čadca",Makov,"Vianema s.r.o.",0.4657
JunpOFmuQsM,950.00,house,"fully renovated","okres Čadca",Makov,"1. Reality Rent, s.r.o.",-0.4657
Ju8D90dPeWn,2276.49,house,"under construction","okres Čadca","Stará Bystrica","TRI LIPY, s. r. o.",0.1609
JuaDU5eWN9y,1645.51,house,"under construction","okres Čadca","Stará Bystrica","ADH-REAL s.r.o. Hirjaková Adriana",-0.1609
JuOwPTDIr94,1065.00,house,"partially renovated","okres Martin",Priekopa,"RE/MAX Slovakia",0.1580
JuOcMarFG9f,846.33,house,"partially renovated","okres Martin",Priekopa,"B10 Slovensko, a. s.",-0.0798
Ju201YVcPl9,158.58,house,"partially renovated","okres Martin",Priekopa,"Reality Alpia",-0.8276
Juwr4hT_Hw4,956.00,house,"partially renovated","okres Martin",Priekopa,"Reality AK, spol. s r.o.",0.0395
JucsRg9RieN,1572.58,house,"partially renovated","okres Martin",Priekopa,"Reality ASTORIA, s.r.o.",0.7099
Ju769ToQ74D,1103.63,house,"new construction","okres Žilina","Žilinská Lehota","DRR INVEST, s. r. o.",-0.1619
Juwnal8LZ_c,1103.63,house,"new construction","okres Žilina","Žilinská Lehota","DRR INVEST, s. r. o.",-0.1619
JuM4P4vy0RV,1743.21,house,"new construction","okres Žilina","Žilinská Lehota","IDEÁLNE BÝVANIE, s.r.o.",0.3238
JugpipVmZe_,1454.55,house,unrenovated,"okres Kysucké Nové Mesto","Budatínska Lehota","1. Reality Rent, s.r.o.",0.0836
JuUMimgiwBf,1230.00,house,unrenovated,"okres Kysucké Nové Mesto","Budatínska Lehota","HALO reality, s.r.o.",-0.0836
JuxEotSi75n,1409.09,house,"new construction","okres Čadca",Makov,"Ing. Marcela Pišteková",-0.0837
Jukz4cqoQIH,1666.67,house,"new construction","okres Čadca",Makov,"SIERA realitná kancelária s.r.o.",0.0837
Juf1-SHsN6y,492.31,house,"new construction","okres Ružomberok","Staré mesto","OVERENÉ REALITY",-0.7104
Ju3sdsvW1qf,3000.00,house,"new construction","okres Ružomberok","Staré mesto","bezmaklérov, s.r.o.",0.7649
JuBqrsBTBJs,1607.14,house,"new construction","okres Ružomberok","Staré mesto","ALT REAL, s.r.o.",-0.0545
JumL89VNCQA,1291.67,house,"partially renovated","okres Ružomberok","Staré mesto","NajBývanie, s.r.o.",0.3747
JuVNXqUSw6h,587.50,house,"partially renovated","okres Ružomberok","Staré mesto","FatraReal s. r. o.",-0.3747
JuARm8MK_Jy,519.96,house,unrenovated,"okres Čadca",Olešná,"RENOME REAL",0.1574
Juoa-Iz2VRV,378.57,house,unrenovated,"okres Čadca",Olešná,"1. Reality Rent, s.r.o.",-0.1574
JuU0HWFwzX3,2333.33,house,unrenovated,"okres Žilina",Bytčica,"Gro & Partners",-0.0036
Ju7atSyCG1P,2350.00,house,unrenovated,"okres Žilina",Bytčica,"ADH-REAL s.r.o. Hirjaková Adriana",0.0036
Ju5GSMP-mjz,804.76,house,unrenovated,"okres Čadca",Horelica,"HOLESTIAK.sk reality s.r.o.",-0.0196
Ju23oRXuRNw,836.96,house,unrenovated,"okres Čadca",Horelica,"HOLESTIAK.sk reality s.r.o.",0.0196
Ju7p-ibu19t,592.98,house,"partially renovated","okres Liptovský Mikuláš","Liptovská Porúbka","RIEŠIME BÝVANIE",0.5559
Ju9kLci6QHU,169.23,house,"partially renovated","okres Liptovský Mikuláš","Liptovská Porúbka","TUreality s.r.o.",-0.5559
Ju2Gi9KH9b9,815.42,house,"partially renovated","okres Žilina",Varín,"Reality Alpia",-0.2326
JuVUBQ_BboU,795.18,house,"partially renovated","okres Žilina",Varín,"Mamud Reality s. r. o.",-0.2516
JueNBBfFeD4,1577.01,house,"partially renovated","okres Žilina",Varín,"TARGETreal s. r. o.",0.4842
JuZg89p6Hy7,1608.65,house,"fully renovated","okres Žilina",Terchová,"TARGETreal s. r. o.",-0.0439
Jug6zZpbgms,1872.00,house,"fully renovated","okres Žilina",Terchová,"RIEŠIME BÝVANIE",0.1126
Ju34HqZzlYZ,1409.09,house,"fully renovated","okres Žilina",Terchová,"Realitná kancelária RED, s.r.o.",-0.1625
JuRC_sngF0m,2010.67,house,"fully renovated","okres Žilina",Terchová,"1. Reality Rent, s.r.o.",0.1951
Ju0MsknUaYA,1512.00,house,"fully renovated","okres Žilina",Terchová,"Realitná kancelária RED, s.r.o.",-0.1013
Juci-VafLS1,2640.00,house,"fully renovated","okres Martin",Stred,"B10 Slovensko, a. s.",0.1648
JuBFSGXIbQg,2917.53,house,"fully renovated","okres Martin",Stred,"Reality D.P.A.",0.2873
JurLHZvtaEy,2926.58,house,"fully renovated","okres Martin",Stred,"AstonReal s.r.o.",0.2913
Jug4SIOybnO,581.63,house,"fully renovated","okres Martin",Stred,"Reality Alpia",-0.7434
JufFtzCmoZI,1552.91,house,"fully renovated","okres Žilina",Rosina,"MGM reality",0.0002
Ju1tsUeFhRS,1552.43,house,"fully renovated","okres Žilina",Rosina,"TUreality s.r.o.",-0.0002
JuHri8JYCPm,503.37,house,"partially renovated","okres Liptovský Mikuláš","Liptovský Trnovec","TUreality s.r.o.",-0.3664
JuQQeemtPlQ,503.37,house,"partially renovated","okres Liptovský Mikuláš","Liptovský Trnovec","TUreality s.r.o.",-0.3664
JupBKdvb5-A,311.00,house,"partially renovated","okres Liptovský Mikuláš","Liptovský Trnovec","TUreality s.r.o.",-0.6085
Juws22--sLM,1860.00,house,"partially renovated","okres Liptovský Mikuláš","Liptovský Trnovec","GERT , s.r.o.",1.3413
JuTP76BJSu5,1025.00,house,"partially renovated","okres Tvrdošín",Vitanová,"B10 Slovensko, a. s.",0.0468
JuiKlGUbKmU,933.33,house,"partially renovated","okres Tvrdošín",Vitanová,"OREA, s.r.o.",-0.0468
Ju3IEZxl8sI,2990.34,house,"new construction","okres Žilina",Hôrky,"CPM Real Estate",0.0666
JuxTlJngqfx,2385.87,house,"new construction","okres Žilina",Hôrky,"Realitná kancelária RED, s.r.o.",-0.1490
Juv-ZyHYN0s,3034.48,house,"new construction","okres Žilina",Hôrky,"TOCA, s.r.o. Realitná činnosť",0.0824
Ju-DaLUFFrZO,1013.89,house,unrenovated,"okres Čadca",Zákopčie,"1. Reality Rent, s.r.o.",-0.0335
JuvFd0GqZEL,850.00,house,unrenovated,"okres Čadca",Zákopčie,"Romantické Chalupy, s.r.o.",-0.1897
JuHEeYDAKYc,475.00,house,unrenovated,"okres Čadca",Zákopčie,"Ing. Marcela Pišteková",-0.5472
JuVJGPaHJOp,945.60,house,unrenovated,"okres Čadca",Zákopčie,"Realitná kancelária RED, s.r.o.",-0.0986
Ju9NWPjsyPl,1960.75,house,unrenovated,"okres Čadca",Zákopčie,"HOLESTIAK.sk reality s.r.o.",0.8691
JulkobtfeMA,2213.57,house,"fully renovated","okres Liptovský Mikuláš",Dúbrava,"RK SPIRIT s.r.o.",0.0734
JuXVSVVWVLI,3083.33,house,"fully renovated","okres Liptovský Mikuláš",Dúbrava,"Romantické Chalupy, s.r.o.",0.4951
JuWeOewD3Gg,889.88,house,"fully renovated","okres Liptovský Mikuláš",Dúbrava,"FatraReal s. r. o.",-0.5685
JujrHGAONfL,1649.50,house,"new construction","okres Martin",Sever,"Buby reality, s.r.o.",0.0000
JuuJvOruCyE,1649.50,house,"new construction","okres Martin",Sever,"Buby reality, s.r.o.",0.0000
Ju65DXWDqfO,59.69,house,unrenovated,"okres Žilina","Malá Čierna","Reality Alpia",-0.2771
JuX1WyelwxA,61.54,house,unrenovated,"okres Žilina","Malá Čierna","Reality Alpia",-0.2547
JuFC-aJuKRa,126.49,house,unrenovated,"okres Žilina","Malá Čierna","Reality Alpia",0.5319
Ju4BYb2OXbI,434.33,house,"new construction","okres Martin",Necpaly,"Reality Alpia",-0.5597
JuLWBKzZeJE,1538.46,house,"new construction","okres Martin",Necpaly,"Reality MT s.r.o.",0.5597
JuBupKbsyvd,799.50,house,"fully renovated","okres Turčianske Teplice",Diviaky,"AstonReal s.r.o.",0.0000
JuD8rezKquD,799.50,house,"fully renovated","okres Turčianske Teplice",Diviaky,"AstonReal s.r.o.",0.0000
JuRU-kTFsF-J,1150.00,house,unrenovated,"okres Turčianske Teplice","Horná Štubňa","Romantické Chalupy, s.r.o.",0.2466
Jux_9WVvE-Q,695.00,house,unrenovated,"okres Turčianske Teplice","Horná Štubňa","Romantické Chalupy, s.r.o.",-0.2466
JuO-ay8jwWD,1300.00,house,"new construction","okres Martin","Turčiansky Peter","ALT REAL, s.r.o.",0.0000
Jun0rUiHHId,1300.00,house,"new construction","okres Martin","Turčiansky Peter","ALT REAL, s.r.o.",0.0000
JuZdGf3bWpL,997.50,house,"fully renovated","okres Martin",Stráne,"B10 Slovensko, a. s.",0.0065
JuHbG5bC-AQ,729.17,house,"fully renovated","okres Martin",Stráne,"Reality AK, spol. s r.o.",-0.2642
JuhlHrJa9hV,1246.43,house,"fully renovated","okres Martin",Stráne,"ALT REAL, s.r.o.",0.2577
JubJO0qS-zH,1374.29,house,"partially renovated","okres Liptovský Mikuláš",Ľubeľa,jabyvam.sk,-0.0390
Jufj_0Gj-0k,1485.71,house,"partially renovated","okres Liptovský Mikuláš",Ľubeľa,"OVERENÉ REALITY",0.0390
JuLD_F55WFh,768.46,house,"partially renovated","okres Čadca",Raková,"JPE. Reality - Jozef Pajer",-0.3426
Juqo9ur2oSk,1369.10,house,"partially renovated","okres Čadca",Raková,"1. Reality Rent, s.r.o.",0.1713
JucFteCcorV,1369.10,house,"partially renovated","okres Čadca",Raková,"1. Reality Rent, s.r.o.",0.1713
JuHoYrf0eK_,2024.39,house,"fully renovated","okres Turčianske Teplice","Horná Štubňa","TARGETreal s. r. o.",0.4146
JuJVlSLNzUp,837.84,house,"fully renovated","okres Turčianske Teplice","Horná Štubňa","TARGETreal s. r. o.",-0.4146
JuKqDyif0fX,1272.22,house,"new construction","okres Liptovský Mikuláš",Ižipovce,"PT-com s. r. o.",0.1060
JucRk_dUu__,1994.12,house,"new construction","okres Liptovský Mikuláš",Ižipovce,"PT-com s. r. o.",0.7336
JuRsx7ULgvE,512.87,house,"new construction","okres Liptovský Mikuláš",Ižipovce,"TUreality s.r.o.",-0.5541
Juolbg2gxyQ,1200.00,house,"new construction","okres Liptovský Mikuláš",Ižipovce,"RE/MAX Slovakia",0.0432
JuDis4x18zz,772.22,house,"new construction","okres Liptovský Mikuláš",Ižipovce,"PT-com s. r. o.",-0.3287
Ju03oBXaeQc,2453.85,house,"new construction","okres Žilina","Rajecké Teplice","Bosen Group s.r.o.",0.0138
JuaFi1HiKe0,2576.92,house,"new construction","okres Žilina","Rajecké Teplice","Bosen Group s.r.o.",0.0646
Ju2NkOjuxZI,2230.69,house,"new construction","okres Žilina","Rajecké Teplice","MGM reality",-0.0784
JuZvI3pSm0g,821.74,house,"partially renovated","okres Žilina","Lietavská Svinná-Babkov","RIEŠIME BÝVANIE",0.0000
JuJ5uCQt9op,821.74,house,"partially renovated","okres Žilina","Lietavská Svinná-Babkov","RIEŠIME BÝVANIE",0.0000
Junzbld49fm,4239.13,house,"new construction","okres Žilina",Rosina,"WFG reality, s.r.o.",0.5632
JuENmSVbf52,645.54,house,"new construction","okres Žilina",Rosina,"Reality Alpia",-0.7620
Juxivp9KfQ0,3250.73,house,"new construction","okres Žilina",Rosina,"IDEÁLNE BÝVANIE, s.r.o.",0.1987
JutC2YgCUCh,1789.86,house,"fully renovated","okres Martin",Bystrička,"MAX PROFI REALITY",0.1245
Jud93oHCOHE,1393.55,house,"fully renovated","okres Martin",Bystrička,"Reality Alpia",-0.1245
Ju8g_PgmzSw,533.33,house,unrenovated,"okres Čadca",Svrčinovec,"JPE. Reality - Jozef Pajer",-0.1114
JuYcAohEk_m,153.33,house,unrenovated,"okres Čadca",Svrčinovec,"PhDr. Miloš Kocúr - BKM Consulting",-0.7445
Ju1Kl-Z5Rmy,900.00,house,unrenovated,"okres Čadca",Svrčinovec,"1. Reality Rent, s.r.o.",0.4995
JuU-CdEC7dE,914.29,house,unrenovated,"okres Čadca",Svrčinovec,"1. Reality Rent, s.r.o.",0.5233
JuOaEJ-u0ZG,499.98,house,unrenovated,"okres Čadca",Svrčinovec,"1. Reality Rent, s.r.o.",-0.1670
Juw8ClGcgML,1246.44,house,"partially renovated","okres Ružomberok",Stankovany,"NajBývanie, s.r.o.",0.5973
JunogbuFikZ,314.29,house,"partially renovated","okres Ružomberok",Stankovany,"OVERENÉ REALITY",-0.5973
Juoz04a647Q,1625.00,house,"partially renovated","okres Žilina",Budatín,"ŽILINAREAL, s.r.o.",0.3208
JueXmDjP7zd,1054.29,house,"partially renovated","okres Žilina",Budatín,"Realitné kancelárie SR",-0.1431
JuLLKbrzsGT,1245.00,house,"partially renovated","okres Žilina",Budatín,"Allrisk Slovakia Reality & Financie, s.r.o.",0.0119
JuE2xdPeLMB,997.14,house,"partially renovated","okres Žilina",Budatín,"Realitné kancelárie SR",-0.1896
JuhPLsUvGvt,1460.00,house,"partially renovated","okres Bytča",Kolárovice,"Reality IQ, s.r.o.",0.3246
JuQBGbl9GCs,744.44,house,"partially renovated","okres Bytča",Kolárovice,"1. Reality Rent, s.r.o.",-0.3246
JupqlbF43-v,833.33,house,unrenovated,"okres Bytča","Veľké Rovné","StorkReal s. r. o.",-0.1266
Ju_uHTH2LKy,1075.00,house,unrenovated,"okres Bytča","Veľké Rovné","RIEŠIME BÝVANIE",0.1266
Juzanri8hki,1218.75,house,"partially renovated","okres Bytča","Hliník nad Váhom","TOCA, s.r.o. Realitná činnosť",0.0000
Juf5RoOgfBW,1218.75,house,"partially renovated","okres Bytča","Hliník nad Váhom","TOCA, s.r.o. Realitná činnosť",0.0000
Juulf_xdqDW,2391.30,house,"fully renovated","okres Žilina",Stránske,"RIEŠIME BÝVANIE",0.3209
JuKYmK8mVw6,2391.30,house,"fully renovated","okres Žilina",Stránske,"RIEŠIME BÝVANIE",0.3209
Juako0agoSO,648.50,house,"fully renovated","okres Žilina",Stránske,"ADH-REAL s.r.o. Hirjaková Adriana",-0.6418
JuRsdZ8Jr2V,1336.63,house,"partially renovated","okres Ružomberok","Biely Potok","NajBývanie, s.r.o.",0.2324
JuqvJh14Wgu,448.47,house,"partially renovated","okres Ružomberok","Biely Potok","Reality Alpia",-0.5865
JufilbyD1c1,1468.75,house,"partially renovated","okres Ružomberok","Biely Potok","Romantické Chalupy, s.r.o.",0.3542
Ju85rN2RkNp,1531.25,house,"partially renovated","okres Žilina",Bôrik,"ŽILINAREAL, s.r.o.",-0.0938
JutiSbVRe_4,1848.15,house,"partially renovated","okres Žilina",Bôrik,"TUreality s.r.o.",0.0938
Juj0QibLMWk,1983.87,house,"new construction","okres Čadca",Stred,"JPE. Reality - Jozef Pajer",0.1743
JuzAGRifcCv,1395.00,house,"new construction","okres Čadca",Stred,"GAMA Reality, s.r.o.",-0.1743
JugpfnfthRi,1000.00,house,"fully renovated","okres Martin","Kláštor pod Znievom","ALT REAL, s.r.o.",-0.0931
JuWLq7Wh8lf,1205.29,house,"fully renovated","okres Martin","Kláštor pod Znievom","Reality AK, spol. s r.o.",0.0931
JupleqZX_5c,816.11,house,unrenovated,"okres Liptovský Mikuláš",Važec,"HALO reality, s.r.o.",0.0425
Ju9fCSXKuI8,749.50,house,unrenovated,"okres Liptovský Mikuláš",Važec,"HALO reality, s.r.o.",-0.0425
JupYVGV2PGl,1224.49,house,"fully renovated","okres Martin",Jahodníky,"Reality Alpia",-0.5477
JuzfaiaPF1e,4189.47,house,"fully renovated","okres Martin",Jahodníky,"DOBRÉ REALITY s.r.o.",0.5477
JuIUgSVHd_-,150.44,house,"partially renovated","okres Dolný Kubín",Malatiná,"TUreality s.r.o.",-0.7469
JuUuFP8LBad,1038.46,house,"partially renovated","okres Dolný Kubín",Malatiná,"RK Dalmia s. r. o.",0.7469
JuOWTKqdph-,2389.29,house,"new construction","okres Žilina",Brezany,"TARGETreal s. r. o.",-0.0659
JucVvBL8mQZ,2726.19,house,"new construction","okres Žilina",Brezany,"ŽILINAREAL, s.r.o.",0.0659
Jui_ZoBED_0,1330.00,house,"partially renovated","okres Žilina",Višňové,"WFG reality, s.r.o.",0.0019
JuNKxzZQlzf,1325.00,house,"partially renovated","okres Žilina",Višňové,"Ing. Gerlinda Bérešová - Esti",-0.0019
JuTaKGvu-_W,1160.00,house,unrenovated,"okres Bytča",Štiavnik,"Romantické Chalupy, s.r.o.",-0.1888
Ju2bCMkIGvc,1700.00,house,unrenovated,"okres Bytča",Štiavnik,"Romantické Chalupy, s.r.o.",0.1888
Jua9bDzVCPy,1090.91,house,unrenovated,"okres Ružomberok",Lisková,"RE/MAX Slovakia",0.5589
Ju8UQkGga6F,91.85,house,unrenovated,"okres Ružomberok",Lisková,"RK VILLEA, s. r. o.",-0.8688
JuHinPus21r,916.67,house,unrenovated,"okres Ružomberok",Lisková,"RK Dalmia s. r. o.",0.3099
Jui7jyAQtCR,2625.00,house,"new construction","okres Liptovský Mikuláš","Liptovská Sielnica","Q REAL s.r.o.",-0.0212
JunqWaLvLjb,2285.71,house,"new construction","okres Liptovský Mikuláš","Liptovská Sielnica","NajBývanie, s.r.o.",-0.1477
Juec3rJbHzE,3134.92,house,"new construction","okres Liptovský Mikuláš","Liptovská Sielnica","HALO reality, s.r.o.",0.1689
JuH4UL-NFsu,869.57,house,"fully renovated","okres Martin",Podhradie,"Reality ASTORIA, s.r.o.",-0.3333
JufEAKik-mc,1739.13,house,"fully renovated","okres Martin",Podhradie,"B10 Slovensko, a. s.",0.3333
JupOom9u70b,152.03,house,unrenovated,"okres Ružomberok",Lúčky,"Reality Alpia",-0.8590
JutC-Cu36o8,853.66,house,unrenovated,"okres Ružomberok",Lúčky,donidDevelop,-0.2081
JukbTdt_vUz,2095.24,house,unrenovated,"okres Ružomberok",Lúčky,"NajBývanie, s.r.o.",0.9436
Juu4bOArZvB,1211.11,house,unrenovated,"okres Ružomberok",Lúčky,"Romantické Chalupy, s.r.o.",0.1235
JuIGCsa_wh0,1649.50,house,"new construction","okres Martin",Blatnica,"Buby reality, s.r.o.",-0.2999
Ju6-BxY4Q9v,3062.50,house,"new construction","okres Martin",Blatnica,"Romantické Chalupy, s.r.o.",0.2999
JuptDHkjOFq,340.78,house,"partially renovated","okres Martin",Sučany,"AstonReal s.r.o.",-0.4032
JuRSkMGH43Z,340.78,house,"partially renovated","okres Martin",Sučany,"AstonReal s.r.o.",-0.4032
JuRBO1iDcGe,1020.83,house,"partially renovated","okres Martin",Sučany,"Felicita Real s. r. o.",0.7877
Ju7pKhqP4zK,581.68,house,"partially renovated","okres Martin",Sučany,"Like Reality s.r.o.",0.0187
JuxW1O4IZfX,1200.00,house,unrenovated,"okres Dolný Kubín",Kraľovany,"AstonReal s.r.o.",0.0000
Juv0ePbKA7G,1200.00,house,unrenovated,"okres Dolný Kubín",Kraľovany,"AstonReal s.r.o.",0.0000
Ju3_GjYaBPA,241.48,house,unrenovated,"okres Čadca",Centrum,"MENÍME BÝVANIE",-0.6980
JuM-6ImZqgg,1357.58,house,unrenovated,"okres Čadca",Centrum,"HOLESTIAK.sk reality s.r.o.",0.6980
JuFMkd6Ft4u,1322.58,house,"new construction","okres Martin",Tomčany,"Buby reality, s.r.o.",-0.5280
JuriX67hMEI,3300.00,house,"new construction","okres Martin",Tomčany,"TARGETreal s. r. o.",0.1777
Ju7YL1bOSxr,3024.59,house,"new construction","okres Martin",Tomčany,"TARGETreal s. r. o.",0.0794
Juzaery-uaM,3561.15,house,"new construction","okres Martin",Tomčany,"Buby reality, s.r.o.",0.2709
JuDgbTTsbUm,1922.07,house,"fully renovated","okres Čadca",Oščadnica,"Nestor Capital s.r.o.",0.0767
Ju7eOmn6zgP,1538.08,house,"fully renovated","okres Čadca",Oščadnica,"KING REAL s. r. o.",-0.1384
Jub25_ejcJA,1895.42,house,"fully renovated","okres Čadca",Oščadnica,"Nestor Capital s.r.o.",0.0617
JuO9hxI47lb,863.33,house,"partially renovated","okres Liptovský Mikuláš",Vlachy,Limaxreal,-0.3393
JuiIP6qTDBs,1750.00,house,"partially renovated","okres Liptovský Mikuláš",Vlachy,"OVERENÉ REALITY",0.3393
Ju8oUNOWXin,1555.56,house,unrenovated,"okres Žilina",Svederník,"X-REAL, s. r. o.",0.2454
Ju2peJN838G,1230.16,house,unrenovated,"okres Žilina",Svederník,"Reality IQ, s.r.o.",-0.0151
Ju7FT7K1T9V,961.47,house,unrenovated,"okres Žilina",Svederník,"Reality IQ, s.r.o.",-0.2302
JuG7o38qa_3q,1142.86,house,unrenovated,"okres Martin","Turčiansky Peter","Realitná kancelária DR, s.r.o.",-0.1742
JuUrENnUrd4,1625.00,house,unrenovated,"okres Martin","Turčiansky Peter","Reality Center, s.r.o.",0.1742
JuUtFPHm2FJ,1325.00,house,unrenovated,"okres Čadca",Skalité,"HOLESTIAK.sk reality s.r.o.",0.7327
JuCbUaiZ-t8,204.44,house,unrenovated,"okres Čadca",Skalité,"HOLESTIAK.sk reality s.r.o.",-0.7327
JuVWSdPVacq,931.25,house,unrenovated,"okres Liptovský Mikuláš",Ľubeľa,"RE/MAX Slovakia",0.2129
JuNEJj6Bobe,604.32,house,unrenovated,"okres Liptovský Mikuláš",Ľubeľa,"New Ways Reality&Financie",-0.2129
Juaq4WwW9vx,2307.69,house,"new construction","okres Martin",Slovany,"Reality ASTORIA, s.r.o.",0.4238
JuSDor_pBw9,933.96,house,"new construction","okres Martin",Slovany,"Buby reality, s.r.o.",-0.4238
JuBfL7XLVQ9,595.00,house,unrenovated,"okres Turčianske Teplice",Rudno,"Realitná kancelária DR, s.r.o.",-0.2530
JuEl9XITon-,998.00,house,unrenovated,"okres Turčianske Teplice",Rudno,"Romantické Chalupy, s.r.o.",0.2530
JulGanHAPf5,475.48,house,"partially renovated","okres Martin",Stráne,"Reality Alpia",-0.4492
JuA6unfH09z,1396.00,house,"partially renovated","okres Martin",Stráne,"Reality ASTORIA, s.r.o.",0.6173
JuZgj6k1S7C,718.10,house,"partially renovated","okres Martin",Stráne,"TARGETreal s. r. o.",-0.1681
JuEn5otkiFX,860.00,house,unrenovated,"okres Martin",Stráne,"ALT REAL, s.r.o.",0.3314
JupsrE6Y27i,351.62,house,unrenovated,"okres Martin",Stráne,"Reality Alpia",-0.4557
JusBzzX4MYn,937.08,house,unrenovated,"okres Martin",Stráne,"Financie a reality od A po Z",0.4507
JulOKuOiom0,706.90,house,unrenovated,"okres Martin",Stráne,"Reality AK, spol. s r.o.",0.0944
Ju6pNzkI7kN,374.15,house,unrenovated,"okres Martin",Stráne,"Reality Alpia",-0.4208
Juu-17oAoC1,883.33,house,"partially renovated","okres Žilina","Považský Chlmec","R2 SK, s.r.o.",-0.4646
JuMof2f50da,2416.67,house,"partially renovated","okres Žilina","Považský Chlmec","Reality IQ, s.r.o.",0.4646
JujkenW1_dD,1587.06,house,"partially renovated","okres Turčianske Teplice",Sklené,"DOBRÉ REALITY s.r.o.",0.0284
JuEB6osELcj,1499.50,house,"partially renovated","okres Turčianske Teplice",Sklené,"Romantické Chalupy, s.r.o.",-0.0284
Jus9h_TYBDi,320.54,house,unrenovated,"okres Martin",Ľadoveň,"TUreality s.r.o.",-0.7506
Ju8bN6JmGCo,2250.00,house,unrenovated,"okres Martin",Ľadoveň,"Reality ASTORIA, s.r.o.",0.7506
Jubw55XES_L,574.07,house,unrenovated,"okres Žilina",Rajec,"Realitná kancelária RED, s.r.o.",-0.5774
JuRB3GLBQlr,2142.86,house,unrenovated,"okres Žilina",Rajec,"TUreality s.r.o.",0.5774
JunoisVSjsE,2000.00,house,"partially renovated","okres Liptovský Mikuláš",Dúbrava,"RK SPIRIT s.r.o.",0.7748
JuKt4j2XFxX,253.81,house,"partially renovated","okres Liptovský Mikuláš",Dúbrava,"Reality Alpia",-0.7748
JuO6fvSVJ1V,218.26,house,unrenovated,"okres Čadca",Klokočov,"MG real, s.r.o.",-0.6290
Jubpxb0JsTj,464.29,house,unrenovated,"okres Čadca",Klokočov,"Trioreality, s.r.o.",-0.2109
Ju_VPyRRw8c,643.13,house,unrenovated,"okres Čadca",Klokočov,"Romantické Chalupy, s.r.o.",0.0931
Jucbi7PZEnm,1027.78,house,unrenovated,"okres Čadca",Klokočov,"1. Reality Rent, s.r.o.",0.7468
Ju_z9MMC1dy,2157.45,house,"new construction","okres Žilina",Strážov,"Effecting s.r.o.",0.0332
Ju7QPzGiQmY,2053.44,house,"new construction","okres Žilina",Strážov,"Realitná kancelária RED, s.r.o.",-0.0166
Ju6dKyzXet6,2053.44,house,"new construction","okres Žilina",Strážov,"ŽILINAREAL, s.r.o.",-0.0166
JuLCVpKj44A,377.12,house,"partially renovated","okres Turčianske Teplice",Čremošné,"BALAŽI REAL ESTATE s.r.o.",0.0000
JuSGs9I7N10c,377.12,house,"partially renovated","okres Turčianske Teplice",Čremošné,"BALAŽI REAL ESTATE s.r.o.",0.0000
JuQMRIcKumi,1545.88,house,"under construction","okres Liptovský Mikuláš",Ľubeľa,"ARBIZ real estate & finance s. r. o.",-0.0398
Juc14yxwCWy,1674.16,house,"under construction","okres Liptovský Mikuláš",Ľubeľa,"ARBIZ real estate & finance s. r. o.",0.0398
Ju1OQAznjJC,1277.78,house,unrenovated,"okres Ružomberok",Likavka,"AstonReal s.r.o.",0.1269
JuWFwDq9Hos,990.00,house,unrenovated,"okres Ružomberok",Likavka,"AstonReal s.r.o.",-0.1269
Jux8MtDRHBs,187.11,house,"fully renovated","okres Ružomberok",Ludrová,"Reality Alpia",-0.1034
JuFy8odNEYG,230.29,house,"fully renovated","okres Ružomberok",Ludrová,"Reality Alpia",0.1034
JunnDHXXyHF,266.54,house,"partially renovated","okres Martin","Kolónia Hviezda","TUreality s.r.o.",-0.6281
JuoeXyKL-xw,1166.67,house,"partially renovated","okres Martin","Kolónia Hviezda","TB Real, spol. s r.o.",0.6281
Jugcs0uLwc2,1659.09,house,"partially renovated","okres Ružomberok",Ivachnová,"RE/MAX Slovakia",0.7617
JuTtMGChCvj,224.40,house,"partially renovated","okres Ružomberok",Ivachnová,"TUreality s.r.o.",-0.7617
JuIgoGx2_v8,861.11,house,"partially renovated","okres Čadca",Rieka,"SLNOVRAT, s.r.o.",0.0000
Juh02qpId7f,861.11,house,"partially renovated","okres Čadca",Rieka,"HOLESTIAK.sk reality s.r.o.",0.0000
JuNuINWKCa2,1551.09,house,"fully renovated","okres Žilina","Staré mesto","DreamReality s.r.o.",-0.2342
JuZSCNK7v3l,2500.00,house,"fully renovated","okres Žilina","Staré mesto","RIEŠIME BÝVANIE",0.2342
JuK4J7tWBLU,1827.59,house,"new construction","okres Martin","Košťany nad Turcom","ALT REAL, s.r.o.",-0.1658
JuVQq2TIIOM,1908.40,house,"new construction","okres Martin","Košťany nad Turcom","ALT REAL, s.r.o.",-0.1289
JugRw5WlFvo,2651.52,house,"new construction","okres Martin","Košťany nad Turcom","CPM Real Estate",0.2103
JutUghljOFb,2657.96,house,"new construction","okres Martin","Košťany nad Turcom","TARGETreal s. r. o.",0.2133
JuxsRe4hFI1,1908.40,house,"new construction","okres Martin","Košťany nad Turcom","ALT REAL, s.r.o.",-0.1289
JusY0XVc742,2682.59,house,"new construction","okres Žilina",Varín,"R2 SK, s.r.o.",1.0000
JurPQrgAzVa,0.01,house,"new construction","okres Žilina",Varín,"ROMDOM, s. r. o",-1.0000
JumiXs0CTuk,1625.00,house,unrenovated,"okres Žilina",Bôrik,"RIEŠIME BÝVANIE",-0.2727
JuqQL7cMBce,2843.75,house,unrenovated,"okres Žilina",Bôrik,"WFG reality, s.r.o.",0.2727
Ju7tnCJHH6a,757.83,house,unrenovated,"okres Žilina","Lietavská Svinná-Babkov","TUreality s.r.o.",-0.4696
JubPnkGYuzd,2100.00,house,unrenovated,"okres Žilina","Lietavská Svinná-Babkov","Romantické Chalupy, s.r.o.",0.4696
Juyxeic3AFZ,933.33,house,"partially renovated","okres Čadca",Hlinené,"HOLESTIAK.sk reality s.r.o.",-0.1326
JuTlV6vu9KV,1218.75,house,"partially renovated","okres Čadca",Hlinené,"RK ANNA, s.r.o.",0.1326
Jub69pejgUi,1075.00,house,"partially renovated","okres Bytča","Veľké Rovné","Romantické Chalupy, s.r.o.",0.3130
JuWdOUuOqTq,562.47,house,"partially renovated","okres Bytča","Veľké Rovné","Realitná kancelária RED, s.r.o.",-0.3130
JuehhqekRE3,2956.99,house,"new construction","okres Martin",Sučany,"TARGETreal s. r. o.",0.3271
JuCZFv2-6ou,1499.44,house,"new construction","okres Martin",Sučany,"Reality AK, spol. s r.o.",-0.3271
JuZoVvDAQMx,558.82,house,unrenovated,"okres Čadca","Dlhá nad Kysucou","WFG reality, s.r.o.",-0.0355
JuZeXFkM1A9,600.00,house,unrenovated,"okres Čadca","Dlhá nad Kysucou","WFG reality, s.r.o.",0.0355
Ju9WjpqJLA4,1500.00,house,unrenovated,"okres Liptovský Mikuláš","Liptovský Trnovec",jabyvam.sk,0.8314
JuiNO66g3Yc,138.09,house,unrenovated,"okres Liptovský Mikuláš","Liptovský Trnovec","Reality Alpia",-0.8314
JudSeGPXKHG,1056.25,house,"fully renovated","okres Čadca","Vysoká nad Kysucou","Ing. Marcela Pišteková",0.0102
JuVYoseZcjb,1035.00,house,"fully renovated","okres Čadca","Vysoká nad Kysucou","Stanislav Slovák",-0.0102
JuNWUZoKon_,2961.54,house,"new construction","okres Žilina",Trnové,"Realitné kancelárie SR",0.2597
JuhhjX7seSg,1519.84,house,"new construction","okres Žilina",Trnové,"Reality IQ, s.r.o.",-0.3535
Ju-2ATFv9rv,2571.43,house,"new construction","okres Žilina",Trnové,"MGM reality",0.0938
Ju_rwk44XIO,1043.18,house,unrenovated,"okres Žilina",Závodie,"MGM reality",-0.1421
JuTYVNH1hyq,1388.89,house,unrenovated,"okres Žilina",Závodie,"Realitná kancelária RED, s.r.o.",0.1421
JuezaaUAQTl,178.57,house,unrenovated,"okres Liptovský Mikuláš","Vrbica - Nábrežie","RE/MAX Slovakia",-0.8990
JuIvAW7ErKL,3357.00,house,unrenovated,"okres Liptovský Mikuláš","Vrbica - Nábrežie",jabyvam.sk,0.8990
JuTIxLYmsaK,312.50,house,"partially renovated","okres Ružomberok",Hubová,"Reality Alpia",-0.6842
JuBhi6vWwWF,1666.67,house,"partially renovated","okres Ružomberok",Hubová,"RESIDENCE realitná kancelária",0.6842
Jugb1InFMah,2330.00,house,"partially renovated","okres Liptovský Mikuláš",Okoličné,jabyvam.sk,0.0567
Juk1Q-owy0o,2079.90,house,"partially renovated","okres Liptovský Mikuláš",Okoličné,jabyvam.sk,-0.0567
JuFvFbiV3nGH,1150.00,house,"partially renovated","okres Kysucké Nové Mesto","Kysucký Lieskovec","PRIVAT Reality spol.s.r.o",0.6190
JutHib1B1xR,270.59,house,"partially renovated","okres Kysucké Nové Mesto","Kysucký Lieskovec","TUreality s.r.o.",-0.6190
Ju9v343jGsQ,2237.50,house,unrenovated,"okres Liptovský Mikuláš","Svätý Kríž","Romantické Chalupy, s.r.o.",0.2464
JujzuFjr_sw,1352.94,house,unrenovated,"okres Liptovský Mikuláš","Svätý Kríž","RESIDENCE realitná kancelária",-0.2464
JuBLiYfiieE,1795.00,house,"new construction","okres Žilina",Turie,"Realitná kancelária RED, s.r.o.",-0.2667
JuKaa51rOO4,2354.33,house,"new construction","okres Žilina",Turie,"RES GROUP, s.r.o.",-0.0382
JuWdcFlgLA9,3194.17,house,"new construction","okres Žilina",Turie,"Realitná kancelária RED, s.r.o.",0.3049
JulGQ6sAAqR,460.99,house,unrenovated,"okres Ružomberok",Ludrová,"NajBývanie, s.r.o.",-0.4856
JuCaZmfJRdP,1215.69,house,unrenovated,"okres Ružomberok",Ludrová,"NajBývanie, s.r.o.",0.3565
JuQ3jpCSPOt,1011.90,house,unrenovated,"okres Ružomberok",Ludrová,"NajBývanie, s.r.o.",0.1291
JucU49przXp,2062.50,house,"partially renovated","okres Žilina",Bytčica,"Realitná kancelária RED, s.r.o.",0.3136
JuIGrD00dbC,1778.57,house,"partially renovated","okres Žilina",Bytčica,"TUreality s.r.o.",0.1327
Ju5nlLB7ljN,869.42,house,"partially renovated","okres Žilina",Bytčica,"Realitná kancelária RED, s.r.o.",-0.4463
JuHkAYV6JoA,1353.57,house,"partially renovated","okres Liptovský Mikuláš",Bobrovec,"GERT , s.r.o.",0.4799
JutFPWQnH3V,475.71,house,"partially renovated","okres Liptovský Mikuláš",Bobrovec,"Reality Alpia",-0.4799
Ju6B6hGeR8q,900.00,house,"partially renovated","okres Žilina",Rajec,"StorkReal s. r. o.",-0.0526
JuQ_edW4pqG,1000.00,house,"partially renovated","okres Žilina",Rajec,"StorkReal s. r. o.",0.0526
Jucdr_EmdH7,232.88,house,unrenovated,"okres Žilina","Teplička nad Váhom","DRR INVEST, s. r. o.",-0.8523
JuFh6vU7_2A,2920.21,house,unrenovated,"okres Žilina","Teplička nad Váhom","TARGETreal s. r. o.",0.8523
Ju93SZsV6kw,596.54,house,unrenovated,"okres Liptovský Mikuláš",Vlachy,"Reality Alpia",0.0000
JuRyz27itEW,596.54,house,unrenovated,"okres Liptovský Mikuláš",Vlachy,"Reality Alpia",0.0000
JurDwbnUMLP,596.54,house,unrenovated,"okres Liptovský Mikuláš",Vlachy,"Reality Alpia",0.0000
JuX-Od8Y1qK,1596.70,house,"fully renovated","okres Žilina","Malá Praha","ŽILINAREAL, s.r.o.",0.0002
JuIIElHC0cU,1596.00,house,"fully renovated","okres Žilina","Malá Praha","1. Reality Rent, s.r.o.",-0.0002
Ju9syh9ycRi,800.00,house,unrenovated,"okres Žilina",Terchová,"ALT REAL, s.r.o.",-0.0055
Jufy8CKURgq,813.33,house,unrenovated,"okres Žilina",Terchová,"TARGETreal s. r. o.",0.0110
Ju_f1P774-u,800.00,house,unrenovated,"okres Žilina",Terchová,"ALT REAL, s.r.o.",-0.0055
JutBfnbUyCO,754.46,house,"partially renovated","okres Čadca",Stred,"SLNOVRAT, s.r.o.",-0.1956
Jui5kD-W6hC,960.40,house,"partially renovated","okres Čadca",Stred,"HOLESTIAK.sk reality s.r.o.",0.0240
JugwkPLjiSd,1098.84,house,"partially renovated","okres Čadca",Stred,"KUBALA REALITY, s.r.o.",0.1716
JuDfYgIpdG6,621.43,house,"partially renovated","okres Turčianske Teplice",Turček,"REALITY FAIR",0.3112
JuR9KTBJMCB,326.46,house,"partially renovated","okres Turčianske Teplice",Turček,"Reality Alpia",-0.3112
JuK5t-4VCJ4,1875.54,house,"new construction","okres Žilina",Višňové,"MGM reality",0.0000
Jul6ieKbYlp,1875.54,house,"new construction","okres Žilina",Višňové,"MGM reality",0.0000
Ju95SyJKFz2,650.60,house,"fully renovated","okres Martin",Sučany,"R2 SK, s.r.o.",0.0000
Juo6oycVN3c,650.60,house,"fully renovated","okres Martin",Sučany,"R2 SK, s.r.o.",0.0000
Juqdw7QyPcz,1397.16,house,"fully renovated","okres Liptovský Mikuláš",Važec,"RK SPIRIT s.r.o.",0.5018
JupIfiIMuTQ,463.53,house,"fully renovated","okres Liptovský Mikuláš",Važec,"Reality Alpia",-0.5018
JuDwRiMatNB,120.00,land,NULL,"okres Martin",Sklabiňa,"ALT REAL, s.r.o.",0.0000
Jul095-F2H-,120.00,land,NULL,"okres Martin",Sklabiňa,"ALT REAL, s.r.o.",0.0000
Jur2iE4GKyv,120.00,land,NULL,"okres Martin",Sklabiňa,"ALT REAL, s.r.o.",0.0000
JuGjSvB2SWb,196.00,land,NULL,"okres Žilina",Višňové,"B10 Slovensko, a. s.",0.1609
JutBiDVPJVF,159.95,land,NULL,"okres Žilina",Višňové,"StorkReal s. r. o.",-0.0526
JuHEexV-ME8,172.25,land,NULL,"okres Žilina",Višňové,"Georgi Conev",0.0202
JukvtXQXqqN,188.47,land,NULL,"okres Žilina",Višňové,"Mgr. Nina Herčková, RSc.",0.1163
Ju2hmMFZQ4X,279.42,land,NULL,"okres Žilina",Višňové,NULL,0.6550
JutVFvRJpYd,169.20,land,NULL,"okres Žilina",Višňové,"Realitné kancelárie SR",0.0022
JugbHbksCr-,95.00,land,NULL,"okres Žilina",Višňové,"TeEq Reality",-0.4373
JuiFvyOCpZO,105.00,land,NULL,"okres Žilina",Višňové,"Realitné kancelárie SR",-0.3781
JuH12tFyQw2,200.00,land,NULL,"okres Žilina",Višňové,"AnoReal, s.r.o.",0.1846
JuHoLMOAPyD,276.03,land,NULL,"okres Žilina",Višňové,NULL,0.6349
JuQixUnoW4u,95.00,land,NULL,"okres Žilina",Višňové,"Realitné kancelárie SR",-0.4373
Ju5Ehcheq2v,89.68,land,NULL,"okres Žilina",Višňové,"RIEŠIME BÝVANIE",-0.4688
JuaG4dc-Ff7B,205.00,land,NULL,"okres Žilina",Hôrky,NULL,-0.0584
Juuidu63ceb,174.46,land,NULL,"okres Žilina",Hôrky,NULL,-0.1987
Ju120_vTrodT,254.83,land,NULL,"okres Žilina",Hôrky,"TARGETreal s. r. o.",0.1705
JuH2wdrPPMN,253.60,land,NULL,"okres Žilina",Hôrky,NULL,0.1649
JuUiQvR03zd,200.00,land,NULL,"okres Žilina",Hôrky,"Stanislav Motyčík - MK",-0.0813
JuhyQTsj1LU,218.36,land,NULL,"okres Žilina",Hôrky,"TARGETreal s. r. o.",0.0030
JulHoywVWzv,146.55,land,NULL,"okres Žilina",Trnové,"RS Mansory s.r.o.",-0.3119
Ju4f4j-Yy0S,200.00,land,NULL,"okres Žilina",Trnové,"WFG reality, s.r.o.",-0.0609
Ju21Xr2V_AF,77.87,land,NULL,"okres Žilina",Trnové,"RS Mansory s.r.o.",-0.6344
JurPtkmJGHM,430.33,land,NULL,"okres Žilina",Trnové,"StorkReal s. r. o.",1.0206
JuP8rlC8Xco,430.33,land,NULL,"okres Žilina",Trnové,"ATP stavby s.r.o.",1.0206
Ju7o2vN-Kj5,104.32,land,NULL,"okres Žilina",Trnové,"RES GROUP, s.r.o.",-0.5102
Ju051T1JZ-l,79.97,land,NULL,"okres Žilina",Trnové,"Realitné kancelárie SR",-0.6245
JuPNAYZ0O8w,250.00,land,NULL,"okres Žilina",Trnové,"RIEŠIME BÝVANIE",0.1739
JuvU5Bk6XNz,250.00,land,NULL,"okres Žilina",Trnové,NULL,0.1739
JuOd8JFAh_B,230.00,land,NULL,"okres Žilina",Trnové,"Piata Avenue",0.0799
JuG7n8qbXvU,281.82,land,NULL,"okres Žilina",Trnové,"WFG reality, s.r.o.",0.3233
JuhJeiPLlID,185.00,land,NULL,"okres Žilina",Trnové,"WFG reality, s.r.o.",-0.1313
Ju7_LrB_NNB,73.76,land,NULL,"okres Žilina",Trnové,"BeMi realitná kancelária",-0.6537
JuAINHKEpb9,241.67,land,NULL,"okres Žilina",Trnové,"Ing. Gerlinda Bérešová - Esti",0.1347
JuXhVixLVGG,241.80,land,NULL,"okres Žilina","Lietavská Svinná-Babkov","Real Estate Group4U",0.8707
JuUM9axhhyU,77.58,land,NULL,"okres Žilina","Lietavská Svinná-Babkov","Realitné kancelárie SR",-0.3998
JuZenYjsJ5j,82.01,land,NULL,"okres Žilina","Lietavská Svinná-Babkov","Safe reality s. r. o.",-0.3655
JuO__97iq4d,122.98,land,NULL,"okres Žilina","Lietavská Svinná-Babkov","RS Mansory s.r.o.",-0.0486
JuypdHR9V5h,120.00,land,NULL,"okres Žilina","Lietavská Svinná-Babkov","RS Mansory s.r.o.",-0.0716
JujU-NvkZd5,135.43,land,NULL,"okres Žilina","Lietavská Svinná-Babkov","BALAŽI REAL ESTATE s.r.o.",0.0478
JubBzZv3CZ4,125.00,land,NULL,"okres Žilina","Lietavská Svinná-Babkov","Realitné kancelárie SR",-0.0329
JuIGtLwLscT,62.30,land,NULL,"okres Liptovský Mikuláš",Stošice,Limaxreal,-0.4778
Ju55_tGfxfr,150.00,land,NULL,"okres Liptovský Mikuláš",Stošice,"KRUPPKY, s.r.o.",0.2573
JuWu8X5e0jn,145.60,land,NULL,"okres Liptovský Mikuláš",Stošice,"Direct Real, spol. s r.o.",0.2205
Ju4ms2VGYuHG,65.00,land,NULL,"okres Žilina",Terchová,"RS Mansory s.r.o.",-0.5739
Juv_OE5QhUq,196.72,land,NULL,"okres Žilina",Terchová,"EASY centrum bývania, s.r.o.",0.2897
Ju8TvPJCfAu,135.80,land,NULL,"okres Žilina",Terchová,"HOLESTIAK.sk reality s.r.o.",-0.1097
JuV3Yr0Tkt7,179.00,land,NULL,"okres Žilina",Terchová,"Realitné kancelárie SR",0.1735
JuiAYjSrynL,160.00,land,NULL,"okres Žilina",Terchová,"RS Mansory s.r.o.",0.0489
JusGZR37Rrf,170.00,land,NULL,"okres Žilina",Terchová,"AnoReal, s.r.o.",0.1145
JuSTrxbH01x,153.76,land,NULL,"okres Žilina",Terchová,"B10 Slovensko, a. s.",0.0080
Ju5paSEB6Nv,160.00,land,NULL,"okres Žilina",Terchová,"RS Mansory s.r.o.",0.0489
JuVnYv0MGhb,49.00,land,NULL,"okres Kysucké Nové Mesto","Horný Vadičov","TARGETreal s. r. o.",-0.0297
JuzcT2nMl5E,38.08,land,NULL,"okres Kysucké Nové Mesto","Horný Vadičov","Mamud Reality s. r. o.",-0.2460
JuUwHBfeaJH,65.00,land,NULL,"okres Kysucké Nové Mesto","Horný Vadičov","ROSA reality",0.2871
JuX4tTXYKir,35.21,land,NULL,"okres Kysucké Nové Mesto","Horný Vadičov","SLNOVRAT, s.r.o.",-0.3028
JuaCQD06zTh,65.22,land,NULL,"okres Kysucké Nové Mesto","Horný Vadičov","ROSA reality",0.2914
JuWr2D7Iu3W,109.84,land,NULL,"okres Námestovo",Zákamenné,"RE/MAX Slovakia",0.0535
JuKYxcrrEwh,98.69,land,NULL,"okres Námestovo",Zákamenné,NULL,-0.0535
JurcJ2k2neE,69.86,land,NULL,"okres Bytča",Súľov-Hradná,NULL,-0.2946
JuGEa5Szg2S,94.03,land,NULL,"okres Bytča",Súľov-Hradná,"ELITE reality",-0.0506
JuJYKVSAq2k,133.22,land,NULL,"okres Bytča",Súľov-Hradná,NULL,0.3452
JuJOjhQbYoo,71.00,land,NULL,"okres Turčianske Teplice","Turčiansky Michal","Ing.Zuzana Paverová",0.1591
JuuPBY6Ot9Q,69.01,land,NULL,"okres Turčianske Teplice","Turčiansky Michal","Reality Center, s.r.o.",0.1266
JudOJ7xWOxA,65.00,land,NULL,"okres Turčianske Teplice","Turčiansky Michal","Reality Alpia",0.0612
Juv5TkPsj9T,40.00,land,NULL,"okres Turčianske Teplice","Turčiansky Michal","Reality Center, s.r.o.",-0.3470
JuEGNHbH38e,120.90,land,NULL,"okres Žilina",Budatín,"WFG reality, s.r.o.",-0.5471
Ju-MIVcElKG,270.00,land,NULL,"okres Žilina",Budatín,NULL,0.0114
JuicyD7lpub,108.75,land,NULL,"okres Žilina",Budatín,"EASY centrum bývania, s.r.o.",-0.5926
Juod5b-P5x2,558.64,land,NULL,"okres Žilina",Budatín,"Real Estate Group4U",1.0927
Juvu6M7-uvD,140.00,land,NULL,"okres Žilina",Budatín,"WFG reality, s.r.o.",-0.4755
JupQ7ehcKIt,392.59,land,NULL,"okres Žilina",Budatín,"Real Estate Group4U",0.4707
JuuNE4PQz6D,231.40,land,NULL,"okres Žilina",Budatín,"RIEŠIME BÝVANIE",-0.1332
JumDim2HAtJ,189.80,land,NULL,"okres Žilina",Budatín,"X-REAL, s. r. o.",-0.2890
JuWllUMOah9,264.53,land,NULL,"okres Žilina",Budatín,"DRR INVEST, s. r. o.",-0.0090
Jur-h57QXWc,178.30,land,NULL,"okres Žilina",Budatín,"Georgi Conev",-0.3321
JuB6HhfZSPN,189.80,land,NULL,"okres Žilina",Budatín,"WFG reality, s.r.o.",-0.2890
JuRufzqYfTo,558.64,land,NULL,"okres Žilina",Budatín,"Real Estate Group4U",1.0927
JuFl-uxAAfA,500.00,land,NULL,"okres Žilina",Bôrik,NULL,0.0863
JuYIPkTCQff,125.00,land,NULL,"okres Žilina",Bôrik,"Realitné kancelárie SR",-0.7284
JuY9N1R47k4,776.05,land,NULL,"okres Žilina",Bôrik,NULL,0.6861
JuNztztwtJj,440.00,land,NULL,"okres Žilina",Bôrik,"ROMDOM, s. r. o",-0.0440
JuscZOsY1gt,55.56,land,NULL,"okres Čadca",Staškov,"Safe reality s. r. o.",0.3150
JuAgx4tBYzv,27.00,land,NULL,"okres Čadca",Staškov,"1. Reality Rent, s.r.o.",-0.3610
JuvZDfX9h0j,82.00,land,NULL,"okres Čadca",Staškov,"HOLESTIAK.sk reality s.r.o.",0.9408
Ju0UmYe9Px-,18.00,land,NULL,"okres Čadca",Staškov,"BeMi realitná kancelária",-0.5740
JuY9JBEYXXO,65.19,land,NULL,"okres Čadca",Staškov,"1. Reality Rent, s.r.o.",0.5429
JuC5HWpBoue,26.50,land,NULL,"okres Čadca",Staškov,"SLNOVRAT, s.r.o.",-0.3728
JuzowjqYdqV,17.00,land,NULL,"okres Čadca",Staškov,"SLNOVRAT, s.r.o.",-0.5976
JuzsaTgRy0A,32.69,land,NULL,"okres Čadca",Staškov,"1. Reality Rent, s.r.o.",-0.2263
JusbhL9UXOL,35.21,land,NULL,"okres Čadca",Staškov,"SLNOVRAT, s.r.o.",-0.1666
JuPITfSI3H0,18.21,land,NULL,"okres Čadca",Staškov,"SLNOVRAT, s.r.o.",-0.5690
JudgSom7ejT,87.40,land,NULL,"okres Čadca",Staškov,"Safe reality s. r. o.",1.0686
JufDqWof_NN,22.50,land,NULL,"okres Čadca",Olešná,"1. Reality Rent, s.r.o.",-0.3317
JuzydWNY1w-,49.00,land,NULL,"okres Čadca",Olešná,"1. Reality Rent, s.r.o.",0.4554
Ju98hXHMfyH,29.50,land,NULL,"okres Čadca",Olešná,"JPE. Reality - Jozef Pajer",-0.1238
Ju7IL3wpb9W,60.19,land,NULL,"okres Čadca",Raková,"RS Mansory s.r.o.",-0.0174
JuBBCee0nxo,26.00,land,NULL,"okres Čadca",Raková,"SLNOVRAT, s.r.o.",-0.5756
JuRt0myx8AI,99.90,land,NULL,"okres Čadca",Raková,"1. Reality Rent, s.r.o.",0.6309
JuxTRMglx-W,26.00,land,NULL,"okres Čadca",Raková,"BeMi realitná kancelária",-0.5756
JutxQo51THJ,60.00,land,NULL,"okres Čadca",Raková,"KUBALA REALITY, s.r.o.",-0.0205
Juk20aBZ0Ls,55.00,land,NULL,"okres Čadca",Raková,"SLNOVRAT, s.r.o.",-0.1021
JuIBgVzzEhH,51.72,land,NULL,"okres Čadca",Raková,"1. Reality Rent, s.r.o.",-0.1557
Jue9eL-lcIx,116.64,land,NULL,"okres Čadca",Raková,"SLNOVRAT, s.r.o.",0.9041
JuE8ApW_7eF,67.50,land,NULL,"okres Čadca",Raková,"TRI LIPY, s. r. o.",0.1019
JuC0KIbI5oB,75.00,land,NULL,"okres Čadca",Raková,"1. Reality Rent, s.r.o.",0.2244
Jug0yKTQ2pn,55.00,land,NULL,"okres Čadca",Raková,"SLNOVRAT, s.r.o.",-0.1021
Ju5OGHyG1_Y,61.59,land,NULL,"okres Čadca",Raková,"HOLESTIAK.sk reality s.r.o.",0.0055
Ju97QEdz5sX,62.93,land,NULL,"okres Čadca",Raková,"RS Mansory s.r.o.",0.0273
Ju4d7oCmzgt,60.00,land,NULL,"okres Čadca",Raková,"SLNOVRAT, s.r.o.",-0.0205
JuUooEhgJl4,68.88,land,NULL,"okres Čadca",Raková,"TRI LIPY, s. r. o.",0.1245
Jue_IKSyNYA,30.00,land,NULL,"okres Čadca",Raková,"JPE. Reality - Jozef Pajer",-0.5103
JuEJOqphXdZ,65.00,land,NULL,"okres Čadca",Raková,"ETHOS reality, s. r. o.",0.0611
JuGs0JNeT94,100.00,land,NULL,"okres Liptovský Mikuláš","Liptovská Anna","TARGETreal s. r. o.",0.0283
Ju22ZGBmO93,90.00,land,NULL,"okres Liptovský Mikuláš","Liptovská Anna",NULL,-0.0746
JuASY12odtk,100.00,land,NULL,"okres Liptovský Mikuláš","Liptovská Anna","Reality AK, spol. s r.o.",0.0283
JuPGYcuAlfl,99.00,land,NULL,"okres Liptovský Mikuláš","Liptovská Anna",NULL,0.0180
JugKtMa2KWc,60.81,land,NULL,"okres Žilina",Zbyňov,"AnoReal, s.r.o.",-0.3245
Ju7Ywnw6_Bk,65.00,land,NULL,"okres Žilina",Zbyňov,"WFG reality, s.r.o.",-0.2780
JudmThIv8pi,169.35,land,NULL,"okres Žilina",Zbyňov,"Realitné kancelárie SR",0.8811
Ju4g9YHwdlx,80.00,land,NULL,"okres Žilina",Zbyňov,"StorkReal s. r. o.",-0.1114
JuIesZUseBj,100.00,land,NULL,"okres Žilina",Zbyňov,"Realitné kancelárie SR",0.1108
Jus3WMnENIj,65.00,land,NULL,"okres Žilina",Zbyňov,"WFG reality, s.r.o.",-0.2780
JuMxwj9KkkZ,87.09,land,NULL,"okres Námestovo","Oravská Jasenica","RE/MAX Slovakia",-0.0027
JuLYYDsAsCoc,70.00,land,NULL,"okres Námestovo","Oravská Jasenica","RECLOUD Reality a.s.",-0.1984
Ju-hAf6SLZe,70.00,land,NULL,"okres Námestovo","Oravská Jasenica","RECLOUD Reality a.s.",-0.1984
JubNHDCg93x,119.06,land,NULL,"okres Námestovo","Oravská Jasenica","RE/MAX Slovakia",0.3634
Ju7mSPUl1TY3,113.00,land,NULL,"okres Námestovo","Oravská Jasenica","RE/MAX Slovakia",0.2940
JuWnFD5OAUU,64.79,land,NULL,"okres Námestovo","Oravská Jasenica","RE/MAX Slovakia",-0.2580
Juht1btctzZ,86.99,land,NULL,"okres Čadca",Predmier,"JPE. Reality - Jozef Pajer",0.5705
Jui1yUD8ZRT,91.67,land,NULL,"okres Čadca",Predmier,"SLNOVRAT, s.r.o.",0.6550
JuTN7hEMhfs,38.40,land,NULL,"okres Čadca",Predmier,"SLNOVRAT, s.r.o.",-0.3067
JuIlHogl4wQ,38.00,land,NULL,"okres Čadca",Predmier,"SLNOVRAT, s.r.o.",-0.3140
JuUi2C1CE8-,38.87,land,NULL,"okres Čadca",Predmier,"SLNOVRAT, s.r.o.",-0.2982
Ju-0W9ug2Ol,38.41,land,NULL,"okres Čadca",Predmier,"SLNOVRAT, s.r.o.",-0.3066
Juv3W5C4xtN_,100.00,land,NULL,"okres Ružomberok","Liptovské Sliače","Apollo House",0.0924
Ju7lkcp0j1X,123.00,land,NULL,"okres Ružomberok","Liptovské Sliače",NULL,0.3437
JuTkoqi-k1y,100.00,land,NULL,"okres Ružomberok","Liptovské Sliače","Apollo House",0.0924
Juo5DPi-NX1,100.00,land,NULL,"okres Ružomberok","Liptovské Sliače","Apollo House",0.0924
JuVIY0GAADR,99.00,land,NULL,"okres Ružomberok","Liptovské Sliače",NULL,0.0815
JuYB0zOc7gD,40.00,land,NULL,"okres Ružomberok","Liptovské Sliače",NULL,-0.5630
JueMz2TcIL-I,100.00,land,NULL,"okres Ružomberok","Liptovské Sliače","Apollo House",0.0924
Jubn_BmVZq4,61.86,land,NULL,"okres Ružomberok","Liptovské Sliače","TUreality s.r.o.",-0.3242
JuizzObcJTE,100.00,land,NULL,"okres Ružomberok","Liptovské Sliače","Apollo House",0.0924
JuPbTvxxFti,164.15,land,NULL,"okres Žilina",Krasňany,NULL,0.0466
Ju6jOmyHOzk,165.00,land,NULL,"okres Žilina",Krasňany,"ŽILINAREAL, s.r.o.",0.0520
JuUCvHHqEXR,160.00,land,NULL,"okres Žilina",Krasňany,"ŽILINAREAL, s.r.o.",0.0201
Ju7kkzPHIc1,62.00,land,NULL,"okres Žilina",Krasňany,"Reality Alpia",-0.6047
JuLSvBwv_I5,250.00,land,NULL,"okres Žilina",Krasňany,"RS Mansory s.r.o.",0.5939
Jud1n40d-dn,123.36,land,NULL,"okres Žilina",Krasňany,"B10 Slovensko, a. s.",-0.2135
JugrI7ZBfpT,173.40,land,NULL,"okres Žilina",Krasňany,"1. Reality Rent, s.r.o.",0.1056
JuUul__8DQL,68.00,land,NULL,"okres Martin",Laskár,"Realitné kancelárie SR",0.0000
JuiwS-gpQB1,68.00,land,NULL,"okres Martin",Laskár,"B10 Slovensko, a. s.",0.0000
Ju3m-dUNJYI,15.17,land,NULL,"okres Liptovský Mikuláš","Liptovské Beharovce","bezmaklérov, s.r.o.",-0.6633
Ju1V4Qfns7o,50.00,land,NULL,"okres Liptovský Mikuláš","Liptovské Beharovce","OVERENÉ REALITY",0.1097
JujdYIr-c-p,70.00,land,NULL,"okres Liptovský Mikuláš","Liptovské Beharovce",NULL,0.5536
JuMkkypcseP,117.65,land,NULL,"okres Kysucké Nové Mesto",Suľkov,"Pro Real, s. r. o. realitná kancelária",0.1897
Ju9cyC56Bl4,79.00,land,NULL,"okres Kysucké Nové Mesto",Suľkov,"1. Reality Rent, s.r.o.",-0.2012
JuLGf5aS3L1,120.82,land,NULL,"okres Kysucké Nové Mesto",Suľkov,"1. Reality Rent, s.r.o.",0.2217
JutgQ5gFNVe,79.00,land,NULL,"okres Kysucké Nové Mesto",Suľkov,"1. Reality Rent, s.r.o.",-0.2012
Jux6EDO87ml,98.00,land,NULL,"okres Kysucké Nové Mesto",Suľkov,"HOLESTIAK.sk reality s.r.o.",-0.0090
JudYr0kY49Z,117.24,land,NULL,"okres Martin",Blatnica,"ALT REAL, s.r.o.",0.0355
JuR5ionId5V,117.24,land,NULL,"okres Martin",Blatnica,"ALT REAL, s.r.o.",0.0355
Judk1z1b1Nd,105.18,land,NULL,"okres Martin",Blatnica,"RECLOUD Reality a.s.",-0.0710
JuNiupBfJ_W,110.00,land,NULL,"okres Čadca",Oščadnica,"Trioreality, s.r.o.",0.6117
Juye6i7s5GK,135.24,land,NULL,"okres Čadca",Oščadnica,"RS Mansory s.r.o.",0.9815
JutLp8axckym,8.00,land,NULL,"okres Čadca",Oščadnica,"Realitné kancelárie SR",-0.8828
JujKWinPkki,102.09,land,NULL,"okres Čadca",Oščadnica,"TRI LIPY, s. r. o.",0.4958
Ju-SZF8QBN4,56.10,land,NULL,"okres Čadca",Oščadnica,"SLNOVRAT, s.r.o.",-0.1781
Ju5LTX3e1H6,126.55,land,NULL,"okres Čadca",Oščadnica,"BeMi realitná kancelária",0.8541
JuVP0HZPxQP,85.63,land,NULL,"okres Čadca",Oščadnica,"SLNOVRAT, s.r.o.",0.2546
JutSxfNRIvL,66.97,land,NULL,"okres Čadca",Oščadnica,"TARGETreal s. r. o.",-0.0188
JuiaMHS2a8S,67.53,land,NULL,"okres Čadca",Oščadnica,"SLNOVRAT, s.r.o.",-0.0106
JuDgMZQaDeJ,48.50,land,NULL,"okres Čadca",Oščadnica,"1. Reality Rent, s.r.o.",-0.2894
JuiJEU2gvVS,48.00,land,NULL,"okres Čadca",Oščadnica,"1. Reality Rent, s.r.o.",-0.2967
JuPGBZu28Sz,53.53,land,NULL,"okres Čadca",Oščadnica,"RE/MAX Slovakia",-0.2157
Ju4lACVtBvB,79.30,land,NULL,"okres Čadca",Oščadnica,"TRI LIPY, s. r. o.",0.1619
Ju2UzK1gp3R,27.00,land,NULL,"okres Čadca",Oščadnica,"1. Reality Rent, s.r.o.",-0.6044
JuGKRtmsaxJ,22.15,land,NULL,"okres Čadca",Oščadnica,"1. Reality Rent, s.r.o.",-0.6755
JuYxVfR__Nx,55.45,land,NULL,"okres Čadca",Oščadnica,"HOLESTIAK.sk reality s.r.o.",-0.1876
JuWpmO3Yrkb,148.00,land,NULL,"okres Martin",Sučany,"Reality D.P.A.",0.2379
JuVQc2LdTTG,95.02,land,NULL,"okres Martin",Sučany,"FINREA - ak vám záleží na výsledku",-0.2052
Ju7VNOVgGEX,120.00,land,NULL,"okres Martin",Sučany,NULL,0.0037
JuIwevgorag,120.00,land,NULL,"okres Martin",Sučany,"Reality D.P.A.",0.0037
JuvLnr4RMW3,140.00,land,NULL,"okres Martin",Sučany,NULL,0.1710
JuM_aepmWiE,96.35,land,NULL,"okres Martin",Sučany,"Svoboda&Williams Slovakia s.r.o.",-0.1941
JulD1JVCqAd,113.86,land,NULL,"okres Martin",Sučany,"RECLOUD Reality a.s.",-0.0476
JuxusjEdK8z,123.19,land,NULL,"okres Martin",Sučany,"LAWIS s.r.o.",0.0304
Ju_fnU9p20E,22.35,land,NULL,"okres Žilina",Ovčiarsko,"Realitka pre každého",-0.8145
Ju8BkkuvGLX,392.55,land,NULL,"okres Žilina",Ovčiarsko,"Real Estate Group4U",2.2578
JuxrV_XvqkB,60.19,land,NULL,"okres Žilina",Ovčiarsko,"House Real Žilina",-0.5005
JuQE6iaf57k,94.88,land,NULL,"okres Žilina",Ovčiarsko,"RS Mansory s.r.o.",-0.2126
JubU6tCkKGs,126.11,land,NULL,"okres Žilina",Ovčiarsko,"Kristína Čanády",0.0466
JuUpsFDNSQ5,60.00,land,NULL,"okres Žilina",Ovčiarsko,"Reality Now",-0.5021
JuXoUVcEWR0,170.04,land,NULL,"okres Žilina",Ovčiarsko,"BeMi realitná kancelária",0.4112
Juh_NFZPlxN,179.00,land,NULL,"okres Žilina",Ovčiarsko,"PRIMA reality s.r.o.",0.4855
Ju6XcncfywZ,43.64,land,NULL,"okres Žilina",Ovčiarsko,"RS Mansory s.r.o.",-0.6378
Jukt7sZSrva,158.71,land,NULL,"okres Žilina",Ovčiarsko,"TARGETreal s. r. o.",0.3171
JuMFxRcxLzj,90.41,land,NULL,"okres Žilina",Ovčiarsko,"RIEŠIME BÝVANIE",-0.2497
JuqxH07lW-i,44.26,land,NULL,"okres Žilina",Ovčiarsko,"RS Mansory s.r.o.",-0.6327
JumG3BQ732C,90.41,land,NULL,"okres Žilina",Ovčiarsko,"RIEŠIME BÝVANIE",-0.2497
JuWpZopSoYC,185.00,land,NULL,"okres Žilina",Ovčiarsko,"TARGETreal s. r. o.",0.5353
Ju_nFFJjAlC,182.59,land,NULL,"okres Žilina",Ovčiarsko,"R2 SK, s.r.o.",0.5153
JuQ2QYedCFa,80.00,land,NULL,"okres Žilina",Ovčiarsko,"Reality Now",-0.3361
JuAewW0gIjM,102.34,land,NULL,"okres Žilina",Ovčiarsko,"RS Mansory s.r.o.",-0.1507
JuKcCOH5Bgu,68.98,land,NULL,"okres Žilina",Ovčiarsko,"Realitné kancelárie SR",-0.4275
Ju9rSU4gBpn,151.36,land,NULL,"okres Žilina",Ovčiarsko,"DRR INVEST, s. r. o.",0.2561
Juisb1V01uC,107.09,land,NULL,"okres Žilina",Ovčiarsko,"RS Mansory s.r.o.",-0.1113
JuHjqfxC4fX,88.00,land,NULL,"okres Žilina",Bitarová,"Mamud Reality s. r. o.",-0.3950
Ju_1W8VjrZV,125.54,land,NULL,"okres Žilina",Bitarová,"BeMi realitná kancelária",-0.1369
Juvwo3yus2z,125.54,land,NULL,"okres Žilina",Bitarová,"RS Mansory s.r.o.",-0.1369
JulYy4ldFQa1,130.00,land,NULL,"okres Žilina",Bitarová,"Safe reality s. r. o.",-0.1063
JuscYJe7Tsp,134.40,land,NULL,"okres Žilina",Bitarová,"Realitné kancelárie SR",-0.0760
Ju0xrW-pJiv,127.75,land,NULL,"okres Žilina",Bitarová,"Safe reality s. r. o.",-0.1217
JuFMSKsdInV,155.83,land,NULL,"okres Žilina",Bitarová,"Realitná kancelária",0.0713
Ju5AeA4FaTa,99.00,land,NULL,"okres Žilina",Bitarová,"Mamud Reality s. r. o.",-0.3194
JuKVQligYhM,179.43,land,NULL,"okres Žilina",Bitarová,"RS Mansory s.r.o.",0.2336
Jurn7Tjk47J,289.09,land,NULL,"okres Žilina",Bitarová,"Real Estate Group4U",0.9874
JuW8aAxjxNx,18.70,land,NULL,"okres Liptovský Mikuláš",Prosiek,liptoreal,-0.0144
JumOEZa9NyW,19.52,land,NULL,"okres Liptovský Mikuláš",Prosiek,"Direct Real, spol. s r.o.",0.0288
JuFdP62I-_O,18.70,land,NULL,"okres Liptovský Mikuláš",Prosiek,NULL,-0.0144
Juvdw9xd7yr,149.63,land,NULL,"okres Žilina",Varín,"Realitné kancelárie SR",0.4018
JuYP7ILQfhI,45.89,land,NULL,"okres Žilina",Varín,"Reality Alpia",-0.5701
JueC24ZQ1o3,15.25,land,NULL,"okres Žilina",Varín,"MGM reality",-0.8571
JuVv2XDLd9H,173.19,land,NULL,"okres Žilina",Varín,"TUreality s.r.o.",0.6225
JugjLuDjRtG,149.75,land,NULL,"okres Žilina",Varín,"R2 SK, s.r.o.",0.4029
Jus2h_zTLaE,44.22,land,NULL,"okres Liptovský Mikuláš","Svätý Kríž","Vivid House s. r. o.",-0.3404
JuDHH4NlCyqo,112.68,land,NULL,"okres Liptovský Mikuláš","Svätý Kríž","AstonReal s.r.o.",0.6808
JuEOlFJy7eI,44.22,land,NULL,"okres Liptovský Mikuláš","Svätý Kríž","Realitná kancelária",-0.3404
JunsxT9D57Y,67.39,land,NULL,"okres Čadca",Svrčinovec,"SLNOVRAT, s.r.o.",0.0741
JuhCsanvxln,62.70,land,NULL,"okres Čadca",Svrčinovec,"SLNOVRAT, s.r.o.",-0.0007
JuaHyO1MbDH,67.51,land,NULL,"okres Čadca",Svrčinovec,"BeMi realitná kancelária",0.0760
JuCdo9RybP_,53.37,land,NULL,"okres Čadca",Svrčinovec,"BeMi realitná kancelária",-0.1494
Ju2nlxPJxWn,26.00,land,NULL,"okres Turčianske Teplice","Horná Štubňa","PROXAM reality s.r.o.",-0.1929
Ju5YLNtCIvp,26.92,land,NULL,"okres Turčianske Teplice","Horná Štubňa","BALAŽI REAL ESTATE s.r.o.",-0.1644
Ju9SYtrH9Xk,49.02,land,NULL,"okres Turčianske Teplice","Horná Štubňa","Realitná kancelária",0.5217
JuQqb1Uylo_,26.92,land,NULL,"okres Turčianske Teplice","Horná Štubňa","BALAŽI REAL ESTATE s.r.o.",-0.1644
JuiwnKuifVR,50.00,land,NULL,"okres Žilina",Svederník,"RIEŠIME BÝVANIE",-0.5333
Juo_LCQm7Zx,127.19,land,NULL,"okres Žilina",Svederník,"YFE, s.r.o.",0.1871
JuMA67ZT6Dj,97.93,land,NULL,"okres Žilina",Svederník,"Realitné kancelárie SR",-0.0860
JuqKis-FMaT,153.45,land,NULL,"okres Žilina",Svederník,NULL,0.4322
JuD1-Yw-h6R,163.45,land,NULL,"okres Žilina","Dolná Tižina",NULL,0.4094
Ju68Dykgvdc,0.03,land,NULL,"okres Žilina","Dolná Tižina","TUreality s.r.o.",-0.9997
JuUUpLR6AWM,116.95,land,NULL,"okres Žilina","Dolná Tižina",NULL,0.0084
Ju26ASiELkU,162.32,land,NULL,"okres Žilina","Dolná Tižina","Mamud Reality s. r. o.",0.3996
JufJ-j5ky3T,149.80,land,NULL,"okres Žilina","Dolná Tižina","Safe reality s. r. o.",0.2917
Jumx1pcB1EA,103.29,land,NULL,"okres Žilina","Dolná Tižina","Realitka pre každého",-0.1094
JuowzNUzni4,140.22,land,NULL,"okres Dolný Kubín",Veličná,donidDevelop,0.0971
Ju3PLVbW63-,85.00,land,NULL,"okres Dolný Kubín",Veličná,"FINREA - ak vám záleží na výsledku",-0.3349
JuTu2EKoaZM,125.00,land,NULL,"okres Dolný Kubín",Veličná,donidDevelop,-0.0219
JuoEkan0OM3,120.00,land,NULL,"okres Dolný Kubín",Veličná,"OREA, s.r.o.",-0.0611
JuXDdV7DuGH,151.52,land,NULL,"okres Dolný Kubín",Veličná,"bezmaklérov, s.r.o.",0.1856
JuuLvwvMnqi,120.00,land,NULL,"okres Dolný Kubín",Veličná,"RK Dalmia s. r. o.",-0.0611
JuDFkgbrvLz,152.89,land,NULL,"okres Dolný Kubín",Veličná,"RK Dalmia s. r. o.",0.1963
JujQDiA2uup,38.24,land,NULL,"okres Čadca",Podzávoz,NULL,-0.3960
JueBhRnur92,49.86,land,NULL,"okres Čadca",Podzávoz,"1. Reality Rent, s.r.o.",-0.2125
Ju6EZukLTos,66.00,land,NULL,"okres Čadca",Podzávoz,"SLNOVRAT, s.r.o.",0.0424
Ju0KCQtbTTW,66.02,land,NULL,"okres Čadca",Podzávoz,"BeMi realitná kancelária",0.0427
JuWNBUmtL8H,96.46,land,NULL,"okres Čadca",Podzávoz,"Realitka pre každého",0.5235
Ju7tRkb4O1-,59.22,land,NULL,"okres Kysucké Nové Mesto",Povina,"DreamReality s.r.o.",-0.1566
JuhDFgB8Eya,90.00,land,NULL,"okres Kysucké Nové Mesto",Povina,"1. Reality Rent, s.r.o.",0.2818
JutHLS-i8Kk,59.22,land,NULL,"okres Kysucké Nové Mesto",Povina,"DreamReality s.r.o.",-0.1566
JuB1sJQkopm,53.63,land,NULL,"okres Kysucké Nové Mesto",Povina,"RS Mansory s.r.o.",-0.2362
Ju6_q9iLcH2,59.22,land,NULL,"okres Kysucké Nové Mesto",Povina,"DreamReality s.r.o.",-0.1566
JuI3WIo1gnr,100.00,land,NULL,"okres Kysucké Nové Mesto",Povina,Envire,0.4242
JuIvQC1jBvw,53.11,land,NULL,"okres Turčianske Teplice",Turček,"Ing.Tomáš Hudák",0.4730
JuHPdbSyfw3,19.00,land,NULL,"okres Turčianske Teplice",Turček,"XEMAR realitná spoločnosť s.r.o.",-0.4730
JuJ2_wybbaK,100.00,land,NULL,"okres Žilina","Žilinská Lehota","ETHOS reality, s. r. o.",-0.5080
Ju3DHGm3SX3,385.38,land,NULL,"okres Žilina","Žilinská Lehota","Real Estate Group4U",0.8962
JummK5hE8Lr,124.33,land,NULL,"okres Žilina","Žilinská Lehota","DRR INVEST, s. r. o.",-0.3883
JuG7FW7c5Gb,208.33,land,NULL,"okres Martin","Karvaša a Bláhovca","TARGETreal s. r. o.",0.4430
JuwpErO1oQo,187.05,land,NULL,"okres Martin","Karvaša a Bláhovca","TARGETreal s. r. o.",0.2956
JuCdelRdGA1,148.00,land,NULL,"okres Martin","Karvaša a Bláhovca","Reality D.P.A.",0.0251
JuSvmhJEqG1,60.00,land,NULL,"okres Martin","Karvaša a Bláhovca","FINREA - ak vám záleží na výsledku",-0.5844
JuXs9XHVo90,131.43,land,NULL,"okres Martin","Karvaša a Bláhovca","Realitná kancelária",-0.0897
Jufp6SmYJxs,131.43,land,NULL,"okres Martin","Karvaša a Bláhovca","LIF REAL",-0.0897
JutcLxhDE3o,61.41,land,NULL,"okres Žilina",Kunerad,"StorkReal s. r. o.",-0.3248
JunNzT26gJt,135.53,land,NULL,"okres Žilina",Kunerad,"Realitka pre každého",0.4901
JupQvlRFk0k,49.00,land,NULL,"okres Žilina",Kunerad,"StorkReal s. r. o.",-0.4613
JufCqQz59Ij,114.11,land,NULL,"okres Žilina",Kunerad,"ŽILINAREAL, s.r.o.",0.2546
Ju_bN-ewyhS,125.67,land,NULL,"okres Žilina",Kunerad,"AnReal s. r. o.",0.3817
JuQXoAMiC5M,60.00,land,NULL,"okres Žilina",Kunerad,NULL,-0.3403
JuyZQBxrqQr,120.00,land,NULL,"okres Kysucké Nové Mesto",Snežnica,"Realitná kancelária",0.7027
Judikv0pXVX,133.33,land,NULL,"okres Kysucké Nové Mesto",Snežnica,"RK4 REALITY",0.8919
Ju-TgYUkwq0,9.00,land,NULL,"okres Kysucké Nové Mesto",Snežnica,NULL,-0.8723
JuvqrgrxLUT,26.00,land,NULL,"okres Kysucké Nové Mesto",Snežnica,"WFG reality, s.r.o.",-0.6311
JuCzxidULuR,21.02,land,NULL,"okres Kysucké Nové Mesto",Snežnica,"Safe reality s. r. o.",-0.7017
Jua_BRtxi_0,120.00,land,NULL,"okres Kysucké Nové Mesto",Snežnica,"Realitné kancelárie SR",0.7027
JuqQ2VY6uD-,130.15,land,NULL,"okres Kysucké Nové Mesto",Snežnica,"RS Mansory s.r.o.",0.8467
JuNaGXxLOzZ,9.00,land,NULL,"okres Kysucké Nové Mesto",Snežnica,"WFG reality, s.r.o.",-0.8723
JuJGNURQ8kY,37.53,land,NULL,"okres Kysucké Nové Mesto",Snežnica,"Realitné kancelárie SR",-0.4675
JuU1wLvylPv,129.75,land,NULL,"okres Kysucké Nové Mesto",Snežnica,"Realitné kancelárie SR",0.8411
JuY_o0Hq1ua,39.45,land,NULL,"okres Kysucké Nové Mesto",Snežnica,"Reality IQ, s.r.o.",-0.4402
Juz8n3k63O_,30.00,land,NULL,"okres Liptovský Mikuláš",Beňadiková,"Direct Real, spol. s r.o.",-0.6676
Jul88RI0614,167.00,land,NULL,"okres Liptovský Mikuláš",Beňadiková,"Direct Real, spol. s r.o.",0.8504
JuMAMHXJq7S,25.00,land,NULL,"okres Liptovský Mikuláš",Beňadiková,"RESIDENCE realitná kancelária",-0.7230
Ju9DTwAgiHG,139.00,land,NULL,"okres Liptovský Mikuláš",Beňadiková,"RE/MAX Slovakia",0.5402
JuD52DaFWEx,115.00,land,NULL,"okres Liptovský Mikuláš",Jamník,"Realitné kancelárie SR",0.0400
JuRDGTVaaYE,147.12,land,NULL,"okres Liptovský Mikuláš",Jamník,"RESIDENCE realitná kancelária",0.3305
JuafO7D1C5y,119.00,land,NULL,"okres Liptovský Mikuláš",Jamník,"BEŇO REALITY",0.0762
JuvBlvKpVOg,96.61,land,NULL,"okres Liptovský Mikuláš",Jamník,jabyvam.sk,-0.1263
JuoKzORdNaI,97.00,land,NULL,"okres Liptovský Mikuláš",Jamník,NULL,-0.1228
JuCWsWXxn1N,91.32,land,NULL,"okres Liptovský Mikuláš",Jamník,"Delta Property s.r.o.",-0.1742
JuARnh9cPNq,108.00,land,NULL,"okres Liptovský Mikuláš",Jamník,"Realitné kancelárie SR",-0.0233
JubO9HcP4C7,123.00,land,NULL,"okres Liptovský Mikuláš",Podtureň,Limaxreal,0.0000
JufStanr4w4,123.00,land,NULL,"okres Liptovský Mikuláš",Podtureň,"Direct Real, spol. s r.o.",0.0000
JuCc2IAocam,123.00,land,NULL,"okres Liptovský Mikuláš",Podtureň,"Realitné kancelárie SR",0.0000
JuPmyuLY0AU,123.00,land,NULL,"okres Liptovský Mikuláš",Podtureň,"Q REAL s.r.o.",0.0000
Juxlwl0cqfI,123.00,land,NULL,"okres Liptovský Mikuláš",Podtureň,"BEŇO REALITY",0.0000
Juidgw39ied,123.00,land,NULL,"okres Liptovský Mikuláš",Podtureň,"TUreality s.r.o.",0.0000
Ju_Khlvp1_L,123.00,land,NULL,"okres Liptovský Mikuláš",Podtureň,"NFA Group, s.r.o.",0.0000
JuPzrcI9eBw,37.75,land,NULL,"okres Martin",Turany,"Realitné kancelárie SR",-0.4953
JuI1xGqBjgz,104.90,land,NULL,"okres Martin",Turany,"FINREA - ak vám záleží na výsledku",0.4024
JumyeY6xnwq,111.36,land,NULL,"okres Martin",Turany,"MS Alpex, k.s.",0.4888
JupsaGq4wbB,46.84,land,NULL,"okres Martin",Turany,"MartinTham s. r. o.",-0.3738
JuVeKcRGSvF,73.14,land,NULL,"okres Martin",Turany,"BALAŽI REAL ESTATE s.r.o.",-0.0222
JuoYPByad-u,35.00,land,NULL,"okres Dolný Kubín",Malatiná,"RAI COMPANY s.r.o.",-0.3043
JuriEZGWaqe,41.00,land,NULL,"okres Dolný Kubín",Malatiná,"OVERENÉ REALITY",-0.1851
JuUUj1AEgQf,74.93,land,NULL,"okres Dolný Kubín",Malatiná,"RK Dalmia s. r. o.",0.4894
JupMjKkwPeV,69.00,land,NULL,"okres Liptovský Mikuláš",Kvačany,"Realitná kancelária",-0.1673
JuY_kixqoQW,90.00,land,NULL,"okres Liptovský Mikuláš",Kvačany,"agreal.sk, spol. s r.o.",0.0862
JuCX6DjrhAx,99.00,land,NULL,"okres Liptovský Mikuláš",Kvačany,"Realitná kancelária",0.1948
Ju0Wth3fmJb,109.15,land,NULL,"okres Liptovský Mikuláš",Kvačany,liptoreal,0.3173
JuxLDdGxofv,65.00,land,NULL,"okres Liptovský Mikuláš",Kvačany,NULL,-0.2155
Ju2DkJ0tL0r,65.00,land,NULL,"okres Liptovský Mikuláš",Kvačany,"RK SPIRIT s.r.o.",-0.2155
Ju67f0ZUF6a,53.00,land,NULL,"okres Žilina","Dlhé Pole","Realitné kancelárie SR",-0.2374
JusNOhzmA1cV,86.00,land,NULL,"okres Žilina","Dlhé Pole","BeMi realitná kancelária",0.2374
JuxYYBPBmey,50.19,land,NULL,"okres Martin",Vrícko,"BALAŽI REAL ESTATE s.r.o.",-0.4171
Ju9noiJ3M5h,50.19,land,NULL,"okres Martin",Vrícko,"BALAŽI REAL ESTATE s.r.o.",-0.4171
Julm5UqUwbF,157.91,land,NULL,"okres Martin",Vrícko,"RADO Reality",0.8341
JucXLuegzy5,61.42,land,NULL,"okres Bytča",Štiavnik,"TUreality s.r.o.",-0.2542
JuOx6alhDY_,44.93,land,NULL,"okres Bytča",Štiavnik,"TUreality s.r.o.",-0.4544
Ju8tqbpzEho,134.12,land,NULL,"okres Bytča",Štiavnik,"TUreality s.r.o.",0.6286
Ju7-tv2yvGe,88.95,land,NULL,"okres Bytča",Štiavnik,"Romantické Chalupy, s.r.o.",0.0801
Ju0Lru91bls8,50.00,land,NULL,"okres Martin","Turčianske Jaseno","MAX PROFI REALITY",-0.3671
Juzs-YHkwHj,82.00,land,NULL,"okres Martin","Turčianske Jaseno","LIF REAL",0.0380
Ju5G02PfLPf,105.00,land,NULL,"okres Martin","Turčianske Jaseno","ALT REAL, s.r.o.",0.3291
Ju4xxL085OL,46.53,land,NULL,"okres Dolný Kubín",Zázrivá,"RE/MAX Slovakia",-0.3525
Juhz-iIvfOR,187.50,land,NULL,"okres Dolný Kubín",Zázrivá,NULL,1.6091
JuMg-KktE1Q,18.00,land,NULL,"okres Dolný Kubín",Zázrivá,"RE/MAX Slovakia",-0.7495
Ju3pFJiSu2s,35.43,land,NULL,"okres Dolný Kubín",Zázrivá,"RK Dalmia s. r. o.",-0.5070
Ju2dDwgittj,92.54,land,NULL,"okres Žilina",Stránske,"Ing. Gerlinda Bérešová - Esti",-0.1250
JuJ6A83KPJ2,132.81,land,NULL,"okres Žilina",Stránske,"Renovo Reality",0.2558
Jul34-9Uznd,106.63,land,NULL,"okres Žilina",Stránske,"Realitné kancelárie SR",0.0083
JusMGCS4uqf,91.04,land,NULL,"okres Žilina",Stránske,"Ing. Gerlinda Bérešová - Esti",-0.1391
JuTLgLBu59j,79.00,land,NULL,"okres Čadca",Skalité,"BeMi realitná kancelária",0.0452
JuR6b65HC4k,79.00,land,NULL,"okres Čadca",Skalité,"1. Reality Rent, s.r.o.",0.0452
Ju2vqxn_y5h,49.90,land,NULL,"okres Čadca",Skalité,"1. Reality Rent, s.r.o.",-0.3398
JuyhzX_H2M6,57.85,land,NULL,"okres Čadca",Skalité,"Realitná kancelária",-0.2346
JuSojlAQh6I,79.00,land,NULL,"okres Čadca",Skalité,"BeMi realitná kancelária",0.0452
JuaTUWSOToW,79.00,land,NULL,"okres Čadca",Skalité,"BeMi realitná kancelária",0.0452
Jukxm6yZ0hf6,79.00,land,NULL,"okres Čadca",Skalité,"BeMi realitná kancelária",0.0452
JurzykGoa8Y,79.00,land,NULL,"okres Čadca",Skalité,"BeMi realitná kancelária",0.0452
Jug8evCrAgI,79.00,land,NULL,"okres Čadca",Skalité,"BeMi realitná kancelária",0.0452
JuEjJSCiW8Ze,79.00,land,NULL,"okres Čadca",Skalité,"JPE. Reality - Jozef Pajer",0.0452
JuW5XYXfIA2,79.00,land,NULL,"okres Čadca",Skalité,"BeMi realitná kancelária",0.0452
JufmowlUURT,78.00,land,NULL,"okres Čadca",Skalité,"HOLESTIAK.sk reality s.r.o.",0.0320
JunD1SrFXPT,79.00,land,NULL,"okres Čadca",Skalité,"BeMi realitná kancelária",0.0452
JuYMxTrMThn,79.00,land,NULL,"okres Čadca",Skalité,"BeMi realitná kancelária",0.0452
Jus70LjxyN8,79.00,land,NULL,"okres Čadca",Skalité,"BeMi realitná kancelária",0.0452
JuUxR9kCtc9,38.00,land,NULL,"okres Dolný Kubín","Horná Lehota",NULL,0.0000
JuZjAAYPCXKg,38.00,land,NULL,"okres Dolný Kubín","Horná Lehota","OREA, s.r.o.",0.0000
Ju8fJuQfeqw,100.00,land,NULL,"okres Martin","Dolný Kalník","ALT REAL, s.r.o.",-0.1047
JuApbqYiTwl,82.00,land,NULL,"okres Martin","Dolný Kalník","Realitná kancelária",-0.2659
JukIKAnSuKC,150.00,land,NULL,"okres Martin","Dolný Kalník","Reality Alpia",0.3429
JuRVHpRHSGQ,114.78,land,NULL,"okres Martin","Dolný Kalník","Like Reality s.r.o.",0.0276
Ju5vA5Uv4Dw,254.36,land,NULL,"okres Žilina",Rosina,"TARGETreal s. r. o.",0.1073
JutdkjPNxRS,253.62,land,NULL,"okres Žilina",Rosina,"TARGETreal s. r. o.",0.1040
JuOwj2nckB1,183.67,land,NULL,"okres Žilina",Rosina,"X-REAL, s. r. o.",-0.2005
Juml9ZbpWBM,169.07,land,NULL,"okres Žilina",Rosina,"MGM reality",-0.2640
Jut0tUa88wB,247.59,land,NULL,"okres Žilina",Rosina,"BeMi realitná kancelária",0.0778
JuyrQlq623r,270.00,land,NULL,"okres Žilina",Rosina,"Realitné kancelárie SR",0.1754
JuIxEHS21qj,89.23,land,NULL,"okres Ružomberok","Liptovský Michal","REALITY SPOLU",0.1208
JuHPJ-p52W2,70.00,land,NULL,"okres Ružomberok","Liptovský Michal","OVERENÉ REALITY",-0.1208
JuoqzBB_9Ic,98.87,land,NULL,"okres Dolný Kubín",Párnica,donidDevelop,0.0383
Ju4HZvYxEQL,69.00,land,NULL,"okres Dolný Kubín",Párnica,NULL,-0.2754
JuH2DC2P8Ud,49.00,land,NULL,"okres Dolný Kubín",Párnica,"OREA, s.r.o.",-0.4854
Ju2_HPkQ8s2,164.04,land,NULL,"okres Dolný Kubín",Párnica,"RE/MAX Slovakia",0.7226
JubUi5eOFbH,89.39,land,NULL,"okres Ružomberok","Liptovská Štiavnica","RE/MAX Slovakia",0.4374
Jug6QXb2mr0,13.00,land,NULL,"okres Ružomberok","Liptovská Štiavnica","bezmaklérov, s.r.o.",-0.7910
JuXGG7E_fDg,84.18,land,NULL,"okres Ružomberok","Liptovská Štiavnica","AstonReal s.r.o.",0.3536
JubLSsddj46,59.41,land,NULL,"okres Liptovský Mikuláš","Staré mesto","1.BCR REAL ESTATE SLOVAKIA",0.4888
JuWNTIbPUJS,20.40,land,NULL,"okres Liptovský Mikuláš","Staré mesto","Reality Alpia",-0.4888
JuSx0xp8txp,47.89,land,NULL,"okres Martin","Turčianske Kľačany","Realitná kancelária",0.2792
JuFVNjbiRLu,64.42,land,NULL,"okres Martin","Turčianske Kľačany","Reality Alpia",0.7208
Jue_9ALQet2b,0.00,land,NULL,"okres Martin","Turčianske Kľačany","B10 Slovensko, a. s.",-1.0000
JulIpxSm_gw,96.00,land,NULL,"okres Dolný Kubín","Vyšný Kubín","RES GROUP, s.r.o.",-0.3146
JubvMgx0Xlu,118.00,land,NULL,"okres Dolný Kubín","Vyšný Kubín","OREA, s.r.o.",-0.1576
JuErvfknoQB,228.29,land,NULL,"okres Dolný Kubín","Vyšný Kubín","RK VILLEA, s. r. o.",0.6298
JujRK5xYV79,118.00,land,NULL,"okres Dolný Kubín","Vyšný Kubín","RK Dalmia s. r. o.",-0.1576
Ju3Z449GlG4T,111.56,land,NULL,"okres Ružomberok","Liptovská Osada","Romantické Chalupy, s.r.o.",-0.0207
JueuBN1Nu8x,116.28,land,NULL,"okres Ružomberok","Liptovská Osada","XEMAR realitná spoločnosť s.r.o.",0.0207
Juo_OtW5DNn,95.00,land,NULL,"okres Žilina",Turie,"RES GROUP, s.r.o.",-0.0557
JuzjY-k3id9,73.00,land,NULL,"okres Žilina",Turie,"Realitná kancelária",-0.2744
Ju6v5X2xr8N,85.00,land,NULL,"okres Žilina",Turie,"Ing. Gerlinda Bérešová - Esti",-0.1551
JuMiM4qhAck,160.00,land,NULL,"okres Žilina",Turie,"RES GROUP, s.r.o.",0.5905
JudQL3RTdOS,90.00,land,NULL,"okres Žilina",Turie,"Realitné kancelárie SR",-0.1054
JuAZ6fgfjuZ,54.00,land,NULL,"okres Čadca",Čierne,"AnReal s. r. o.",-0.2113
JuNitLYneeA,73.99,land,NULL,"okres Čadca",Čierne,"TRI LIPY, s. r. o.",0.0807
JunDvn09Q9U,54.00,land,NULL,"okres Čadca",Čierne,"AnReal s. r. o.",-0.2113
JuhckkiisBJp,91.88,land,NULL,"okres Čadca",Čierne,"BeMi realitná kancelária",0.3420
JujNQV7OCek,45.00,land,NULL,"okres Žilina",Lysica,"YFE, s.r.o.",-0.4242
JuyewzTZPFk,130.32,land,NULL,"okres Žilina",Lysica,"Renovo Reality",0.6676
Ju9e7LtrfAt,59.12,land,NULL,"okres Žilina",Lysica,"DOBRÉ REALITY s.r.o.",-0.2435
JuGjdMCF3ve,180.18,land,NULL,"okres Žilina",Bytčica,"DreamReality s.r.o.",0.5414
Ju0yTvWbSXD,53.60,land,NULL,"okres Žilina",Bytčica,"BALAŽI REAL ESTATE s.r.o.",-0.5414
Jul0O76BpGg,201.95,land,NULL,"okres Martin",Stráne,"TARGETreal s. r. o.",0.0442
Ju8TQv-MjJF,0.00,land,NULL,"okres Martin",Stráne,"B10 Slovensko, a. s.",-1.0000
Julifs4IZ1R,250.00,land,NULL,"okres Martin",Stráne,"Reality AK, spol. s r.o.",0.2926
JuMmLaRBnk-,238.46,land,NULL,"okres Martin",Stráne,"Real Reality Development s.r.o.",0.2330
Ju3Lr4SqXpm,250.00,land,NULL,"okres Martin",Stráne,"Reality AK, spol. s r.o.",0.2926
Ju6g_Z5mX7e,220.00,land,NULL,"okres Martin",Stráne,"RE/MAX Slovakia",0.1375
Ju48Cz332dR,139.90,land,NULL,"okres Bytča","Bytča - sever",NULL,-0.0572
JubcbkupV-K,146.56,land,NULL,"okres Bytča","Bytča - sever","Reality IQ, s.r.o.",-0.0123
JuO_8tOz9vO,182.54,land,NULL,"okres Bytča","Bytča - sever","ADH-REAL s.r.o. Hirjaková Adriana",0.2302
JuDeXKjjRHY,124.52,land,NULL,"okres Bytča","Bytča - sever","Realitné kancelárie SR",-0.1608
JutWL9k4SH-,149.11,land,NULL,"okres Dolný Kubín","Malý Bysterec","RK Dalmia s. r. o.",0.0113
JuGnc9OXHGX,202.70,land,NULL,"okres Dolný Kubín","Malý Bysterec","RES GROUP, s.r.o.",0.3747
JuJrQI4ug9X,90.54,land,NULL,"okres Dolný Kubín","Malý Bysterec","RK Dalmia s. r. o.",-0.3860
JuzRwokuDbj,74.94,land,NULL,"okres Liptovský Mikuláš",Vlachy,"BeMi realitná kancelária",0.0663
JuWsp-GzHhf,80.56,land,NULL,"okres Liptovský Mikuláš",Vlachy,"RESIDENCE realitná kancelária",0.1462
Jus9HjYi9K6,74.86,land,NULL,"okres Liptovský Mikuláš",Vlachy,"Nové bývanie",0.0651
JuWy3Av11B2,40.70,land,NULL,"okres Liptovský Mikuláš",Vlachy,"BeMi realitná kancelária",-0.4209
Juc0JQaKZWu,75.32,land,NULL,"okres Liptovský Mikuláš",Vlachy,"BeMi realitná kancelária",0.0717
JudrqxfcGTR,75.32,land,NULL,"okres Liptovský Mikuláš",Vlachy,"Nové bývanie",0.0717
Juu-qpDOYIv,135.00,land,NULL,"okres Žilina",Mojš,"Mamud Reality s. r. o.",-0.1359
JuPvieB5wD8,105.00,land,NULL,"okres Žilina",Mojš,"AnReal s. r. o.",-0.3279
Ju_QlVk-YXH,228.71,land,NULL,"okres Žilina",Mojš,"RS Mansory s.r.o.",0.4639
JuJf2fmgFtM,62.42,land,NULL,"okres Martin",Valča,"REALITY SPOLU",-0.3522
JuMK_ZB-5jG,100.00,land,NULL,"okres Martin",Valča,"Reality MT s.r.o.",0.0378
JuzpdzmMNmY,148.00,land,NULL,"okres Martin",Valča,"Piata Avenue",0.5360
JuVff9I-9I0,75.00,land,NULL,"okres Martin",Valča,"Reality D.P.A.",-0.2216
Julqx-OsWd4,23.67,land,NULL,"okres Bytča","Hlboké nad Váhom","TOCA, s.r.o. Realitná činnosť",-0.0595
Ju6amfxFDHs,25.44,land,NULL,"okres Bytča","Hlboké nad Váhom","TUreality s.r.o.",0.0109
Ju5eolzpNXf,33.00,land,NULL,"okres Bytča","Hlboké nad Váhom","ŽILINAREAL, s.r.o.",0.3113
JusxvqCVQpI,23.67,land,NULL,"okres Bytča","Hlboké nad Váhom","TOCA, s.r.o. Realitná činnosť",-0.0595
Ju3KUswXUz_,12.22,land,NULL,"okres Bytča","Hlboké nad Váhom","RADO Reality",-0.5144
JuBnZj34L44,33.00,land,NULL,"okres Bytča","Hlboké nad Váhom","DRR INVEST, s. r. o.",0.3113
JuHjoC-ETw9,105.00,land,NULL,"okres Ružomberok",Likavka,"OVERENÉ REALITY",-0.1477
Juo26F3NF2G,141.40,land,NULL,"okres Ružomberok",Likavka,"Reality Alpia",0.1477
JuArm-RO0qx,100.00,land,NULL,"okres Liptovský Mikuláš","Liptovská Ondrašová","RESIDENCE realitná kancelária",-0.0909
JuI4QwFHXkB,120.00,land,NULL,"okres Liptovský Mikuláš","Liptovská Ondrašová","RESIDENCE realitná kancelária",0.0909
JuVQ4EF1fqG,110.00,land,NULL,"okres Liptovský Mikuláš","Liptovská Ondrašová",NULL,0.0000
JuIZ-_6smXF,99.00,land,NULL,"okres Čadca",Makov,"1. Reality Rent, s.r.o.",1.2763
JusslN-MwRD,48.03,land,NULL,"okres Čadca",Makov,"1. Reality Rent, s.r.o.",0.1043
JuDFS7ZcUKC,29.00,land,NULL,"okres Čadca",Makov,"AP REAL, s.r.o.",-0.3332
JuSuQFG8xu1,21.97,land,NULL,"okres Čadca",Makov,"1. Reality Rent, s.r.o.",-0.4949
JuTnhisKw2A,26.00,land,NULL,"okres Čadca",Makov,"AP REAL, s.r.o.",-0.4022
JuawfvC1dso,29.00,land,NULL,"okres Čadca",Makov,"AP REAL, s.r.o.",-0.3332
JuP4Qge949G,26.00,land,NULL,"okres Čadca",Makov,"AP REAL, s.r.o.",-0.4022
JunWOzEcRHK,62.43,land,NULL,"okres Čadca",Makov,"1. Reality Rent, s.r.o.",0.4354
JuJTvvQyvPv,50.00,land,NULL,"okres Čadca",Makov,"TRI LIPY, s. r. o.",0.1496
JunMP_jTjvX,89.21,land,NULL,"okres Kysucké Nové Mesto",Rudina,"WFG reality, s.r.o.",0.0115
JuwL0eI__3n8,115.62,land,NULL,"okres Kysucké Nové Mesto",Rudina,"WFG reality, s.r.o.",0.3110
Juz77F3qzjt,73.97,land,NULL,"okres Kysucké Nové Mesto",Rudina,"DreamReality s.r.o.",-0.1613
Jua5wAoApR5,73.97,land,NULL,"okres Kysucké Nové Mesto",Rudina,"DreamReality s.r.o.",-0.1613
Juq3D1w-q7E,60.00,land,NULL,"okres Martin",Belá-Dulice,"Reality ASTORIA, s.r.o.",-0.1012
JuW_12z2Y4f,60.02,land,NULL,"okres Martin",Belá-Dulice,"Reality Turiec s.r o.",-0.1009
Ju192g79OHm,62.00,land,NULL,"okres Martin",Belá-Dulice,"Reality Center, s.r.o.",-0.0712
JuTZg0TY8JC,85.00,land,NULL,"okres Martin",Belá-Dulice,"OVERENÉ REALITY",0.2733
JukIBS7GOVs,66.00,land,NULL,"okres Martin",Priekopa,"Buby reality, s.r.o.",-0.3651
Ju2-GQn0P3G,76.56,land,NULL,"okres Martin",Priekopa,"MAX PROFI REALITY",-0.2636
JuGN-E0XFUo,169.32,land,NULL,"okres Martin",Priekopa,"RE/MAX Slovakia",0.6287
JuJs7LAy2Ca,38.35,land,NULL,"okres Čadca",Klokočov,"TRI LIPY, s. r. o.",0.1452
JumgYXab6nd,41.00,land,NULL,"okres Čadca",Klokočov,"SLNOVRAT, s.r.o.",0.2244
JulK1E26g9e,21.11,land,NULL,"okres Čadca",Klokočov,"HOLESTIAK.sk reality s.r.o.",-0.3696
JuLRr4cyAPf,54.95,land,NULL,"okres Námestovo","Oravská Lesná","Reality IQ, s.r.o.",-0.0132
Ju2owwvd0Ks,52.65,land,NULL,"okres Námestovo","Oravská Lesná",NULL,-0.0545
Ju9bTv_8--p,59.46,land,NULL,"okres Námestovo","Oravská Lesná","ZAJO Reality, s.r.o.",0.0678
Ju_mTTZVoJx,98.28,land,NULL,"okres Žilina","Kotrčiná Lúčka","DreamReality s.r.o.",0.1870
Junb65_vEvr,53.27,land,NULL,"okres Žilina","Kotrčiná Lúčka","Safe reality s. r. o.",-0.3566
JueabChri5n,100.00,land,NULL,"okres Žilina","Kotrčiná Lúčka","TARGETreal s. r. o.",0.2078
Ju78oHKGop9R,61.93,land,NULL,"okres Žilina","Kotrčiná Lúčka","RS Mansory s.r.o.",-0.2520
JuUn4gk-elR,91.16,land,NULL,"okres Žilina","Kotrčiná Lúčka","R2 SK, s.r.o.",0.1010
Ju6BOs5U974,81.48,land,NULL,"okres Žilina","Kotrčiná Lúčka","WFG reality, s.r.o.",-0.0159
JuEl39vdmi7,93.44,land,NULL,"okres Žilina","Kotrčiná Lúčka","Gro & Partners",0.1286
Ju3gbFnsxzj,105.00,land,NULL,"okres Žilina",Divina,"TARGETreal s. r. o.",-0.3635
JuGRHQWEm6t,259.56,land,NULL,"okres Žilina",Divina,"Real Estate Group4U",0.5733
Ju9T9motLi6,130.37,land,NULL,"okres Žilina",Divina,"Mamud Reality s. r. o.",-0.2098
Julb8CQS_U3,60.88,land,NULL,"okres Turčianske Teplice",Sklené,"Realitná kancelária",0.5764
JuD0_PFG0ni,27.82,land,NULL,"okres Turčianske Teplice",Sklené,"BV REAL PD, s.r.o.",-0.2796
JunJu6IyBiX,37.50,land,NULL,"okres Turčianske Teplice",Sklené,"TARGETreal s. r. o.",-0.0290
JubzyQhnL5j,19.09,land,NULL,"okres Turčianske Teplice",Sklené,"RIEŠIME BÝVANIE",-0.5057
JupRRfszbzs,41.50,land,NULL,"okres Turčianske Teplice",Sklené,"Reality D.P.A.",0.0746
Ju9IFe2gRus,44.93,land,NULL,"okres Turčianske Teplice",Sklené,"BeMi realitná kancelária",0.1634
JudMigoHhfK,90.00,land,NULL,"okres Liptovský Mikuláš","Liptovská Sielnica","TUreality s.r.o.",0.1582
JuSc9mnlTNp,90.00,land,NULL,"okres Liptovský Mikuláš","Liptovská Sielnica","Q REAL s.r.o.",0.1582
Ju2_2a_gc9I,96.00,land,NULL,"okres Liptovský Mikuláš","Liptovská Sielnica",Limaxreal,0.2354
JuqT9jZ4Nn0,90.00,land,NULL,"okres Liptovský Mikuláš","Liptovská Sielnica","Direct Real, spol. s r.o.",0.1582
JuEX_l_3Eqg,100.00,land,NULL,"okres Liptovský Mikuláš","Liptovská Sielnica","BEŇO REALITY",0.2868
JueE0RaoId9,0.26,land,NULL,"okres Liptovský Mikuláš","Liptovská Sielnica","NFA Group, s.r.o.",-0.9967
JuwNxJhCDfg,134.82,land,NULL,"okres Bytča","Hliník nad Váhom","TOCA, s.r.o. Realitná činnosť",0.1790
JuuH6wyOTi6,99.78,land,NULL,"okres Bytča","Hliník nad Váhom","TOCA, s.r.o. Realitná činnosť",-0.1274
Juu2KYnLJH8,108.46,land,NULL,"okres Bytča","Hliník nad Váhom","TOCA, s.r.o. Realitná činnosť",-0.0515
JuCxQUnpNN5,25.00,land,NULL,"okres Turčianske Teplice",Diviaky,NULL,-0.6000
JuHSEHdVoIU,100.00,land,NULL,"okres Turčianske Teplice",Diviaky,"Reality MT s.r.o.",0.6000
JuOPdmvhEwO,108.48,land,NULL,"okres Martin",Necpaly,"B10 Slovensko, a. s.",0.2561
JuYtpUq3Ljt,92.82,land,NULL,"okres Martin",Necpaly,"ALT REAL, s.r.o.",0.0747
Ju4ExXlTo3S,50.00,land,NULL,"okres Martin",Necpaly,"Ing.Zuzana Paverová",-0.4211
JuqRYP4Ii_m,95.24,land,NULL,"okres Martin",Necpaly,"ALT REAL, s.r.o.",0.1028
Juuliwtz_LA,58.82,land,NULL,"okres Martin",Necpaly,"Realitné kancelárie SR",-0.3189
JuMHyeDGK2f,93.56,land,NULL,"okres Martin",Necpaly,"Realitné kancelárie SR",0.0833
JueyWGcCtCo,90.00,land,NULL,"okres Martin",Necpaly,"R2 SK, s.r.o.",0.0421
JurXAjyEx4Y,102.00,land,NULL,"okres Martin",Necpaly,"Reality Center, s.r.o.",0.1810
Jujch7drC6q,125.00,land,NULL,"okres Liptovský Mikuláš","Liptovský Ján","RE/MAX Slovakia",0.2821
JuAYbMU687z,70.00,land,NULL,"okres Liptovský Mikuláš","Liptovský Ján","bezmaklérov, s.r.o.",-0.2821
Ju_KMqj7vmd,99.00,land,NULL,"okres Martin",Rakovo,"Reality Center, s.r.o.",0.0681
JuLOTbilQnB,86.38,land,NULL,"okres Martin",Rakovo,"B10 Slovensko, a. s.",-0.0681
Juy-u_8MLhRu,105.00,land,NULL,"okres Martin",Trebostovo,"Reality D.P.A.",0.0000
Ju2i2SZUYUh,105.00,land,NULL,"okres Martin",Trebostovo,"Reality D.P.A.",0.0000
JuBfaxcwUwF,64.00,land,NULL,"okres Martin",Karlová,"MAX PROFI REALITY",-0.1404
JuS3utLekJS,79.35,land,NULL,"okres Martin",Karlová,"ATP stavby s.r.o.",0.0658
JujWzeAd4Mq,80.00,land,NULL,"okres Martin",Karlová,"Piata Avenue",0.0745
JuJBQYv5uVc,85.00,land,NULL,"okres Martin",Záturčie,"BALAŽI REAL ESTATE s.r.o.",0.0049
JuVqVOpkjj1,65.00,land,NULL,"okres Martin",Záturčie,"BALAŽI REAL ESTATE s.r.o.",-0.2316
JuQ9QuExnST,65.00,land,NULL,"okres Martin",Záturčie,"BALAŽI REAL ESTATE s.r.o.",-0.2316
JuMUzvKUv9i,65.00,land,NULL,"okres Martin",Záturčie,"BALAŽI REAL ESTATE s.r.o.",-0.2316
JufVWTW_WTc,65.00,land,NULL,"okres Martin",Záturčie,"BALAŽI REAL ESTATE s.r.o.",-0.2316
Jur27j-ejmc,65.00,land,NULL,"okres Martin",Záturčie,"BALAŽI REAL ESTATE s.r.o.",-0.2316
JuJIq68G1za,65.00,land,NULL,"okres Martin",Záturčie,"BALAŽI REAL ESTATE s.r.o.",-0.2316
JuR1Vqvk3FA,185.87,land,NULL,"okres Martin",Záturčie,"TARGETreal s. r. o.",1.1974
Jul7ugPXcvQ,100.00,land,NULL,"okres Martin",Záturčie,"ALT REAL, s.r.o.",0.1822
JuhYAT13Gs1,85.00,land,NULL,"okres Martin",Záturčie,"BALAŽI REAL ESTATE s.r.o.",0.0049
Jup9VNie0hE,43.29,land,NULL,"okres Čadca",Dunajov,"ŽILINAREAL, s.r.o.",0.1019
JuRn13yIVnF,39.11,land,NULL,"okres Čadca",Dunajov,"ŽILINAREAL, s.r.o.",-0.0045
JuCmj-PgWTq,26.81,land,NULL,"okres Čadca",Dunajov,"WFG reality, s.r.o.",-0.3176
JuvDIHl7nu4,47.93,land,NULL,"okres Čadca",Dunajov,"RES GROUP, s.r.o.",0.2201
JuJ9RlquSBH,100.00,land,NULL,"okres Dolný Kubín",Mokraď,"RK Dalmia s. r. o.",-0.0263
JuPab66wdox,100.00,land,NULL,"okres Dolný Kubín",Mokraď,"RK Dalmia s. r. o.",-0.0263
JuOZEwkJjt3,120.82,land,NULL,"okres Dolný Kubín",Mokraď,"RK Dalmia s. r. o.",0.1764
Ju16HqVho2l,90.00,land,NULL,"okres Dolný Kubín",Mokraď,"RK Dalmia s. r. o.",-0.1237
JuaWAXYq8CN,30.00,land,NULL,"okres Kysucké Nové Mesto","Dolný Vadičov","B10 Slovensko, a. s.",-0.2370
Ju266Dr49Ba,52.00,land,NULL,"okres Kysucké Nové Mesto","Dolný Vadičov","BeMi realitná kancelária",0.3226
JuvwILxsaLE,35.95,land,NULL,"okres Kysucké Nové Mesto","Dolný Vadičov","Realitné kancelárie SR",-0.0856
JuUl164inch,126.96,land,NULL,"okres Liptovský Mikuláš",Ižipovce,"RECLOUD Reality a.s.",0.0281
Ju-_lgQgjvC,120.02,land,NULL,"okres Liptovský Mikuláš",Ižipovce,"Direct Real, spol. s r.o.",-0.0281
JuCeJvEPD_0,361.50,land,NULL,"okres Žilina",Lietava,"Real Estate Group4U",1.6072
Ju7iSwFbAaJ,38.79,land,NULL,"okres Žilina",Lietava,"RE/MAX Slovakia",-0.7202
Juw-BV-BqJp,130.00,land,NULL,"okres Žilina",Lietava,"Realitné kancelárie SR",-0.0624
JuqfHhV7H4_,95.65,land,NULL,"okres Žilina",Lietava,"Georgi Conev",-0.3101
Ju0UqyDriGS,67.32,land,NULL,"okres Žilina",Lietava,NULL,-0.5145
Ju0fo_oieoh,24.91,land,NULL,"okres Čadca",Korňa,"RECLOUD Reality a.s.",-0.1280
JuaD2PNZ2ay,24.00,land,NULL,"okres Čadca",Korňa,"1. Reality Rent, s.r.o.",-0.1598
Ju7pU7Ouw32,25.06,land,NULL,"okres Čadca",Korňa,"RECLOUD Reality a.s.",-0.1227
Ju3PrO2eSPN,40.00,land,NULL,"okres Čadca",Korňa,"ETHOS reality, s. r. o.",0.4003
JusTHrdS9S-,33.08,land,NULL,"okres Čadca",Korňa,"TRI LIPY, s. r. o.",0.1581
JufBIzJWZ0T,24.34,land,NULL,"okres Čadca",Korňa,"RIEŠIME BÝVANIE",-0.1479
JumZm9PSyYH,87.30,land,NULL,"okres Bytča",Pšurnovice,"TOCA, s.r.o. Realitná činnosť",0.1346
JuzXf_udfUb,77.00,land,NULL,"okres Bytča",Pšurnovice,NULL,0.0007
Jutyprw4Nso,71.74,land,NULL,"okres Bytča",Pšurnovice,"TOCA, s.r.o. Realitná činnosť",-0.0676
JuxIvOImC9j,71.74,land,NULL,"okres Bytča",Pšurnovice,"TOCA, s.r.o. Realitná činnosť",-0.0676
JuyY6pWleh8,124.25,land,NULL,"okres Martin","Košťany nad Turcom","BALAŽI REAL ESTATE s.r.o.",0.2064
JushtsOsA5D,81.74,land,NULL,"okres Martin","Košťany nad Turcom","Reality MT s.r.o.",-0.2064
JuGICOuIWEi,50.44,land,NULL,"okres Námestovo",Krušetnica,"BeMi realitná kancelária",-0.2279
JuzolLKcQyU,80.21,land,NULL,"okres Námestovo",Krušetnica,donidDevelop,0.2279
JuNDmq9QqWV,173.41,land,NULL,"okres Liptovský Mikuláš",Východná,"HALO reality, s.r.o.",1.6073
JuFPPvDcbTI,13.06,land,NULL,"okres Liptovský Mikuláš",Východná,liptoreal,-0.8036
Ju3oEfAZYzP,13.06,land,NULL,"okres Liptovský Mikuláš",Východná,NULL,-0.8036
JupHBupprCN,30.27,land,NULL,"okres Bytča","Veľké Rovné","Vianema s.r.o.",-0.7490
Ju9A78TekYt,61.82,land,NULL,"okres Bytča","Veľké Rovné","IDEÁLNE BÝVANIE, s.r.o.",-0.4875
JuSMDjKsDMw,37.87,land,NULL,"okres Bytča","Veľké Rovné","TARGETreal s. r. o.",-0.6860
JuldPobEyqZ,42.17,land,NULL,"okres Bytča","Veľké Rovné","TARGETreal s. r. o.",-0.6504
Ju6R4Oxuhvk,41.77,land,NULL,"okres Bytča","Veľké Rovné","1. Reality Rent, s.r.o.",-0.6537
JusK3lTtUjZ,55.00,land,NULL,"okres Bytča","Veľké Rovné","Realitné kancelárie SR",-0.5440
JuMvZKQOSvd,575.45,land,NULL,"okres Bytča","Veľké Rovné","SLNOVRAT, s.r.o.",3.7707
JuvJszhFBaP,45.19,land,NULL,"okres Turčianske Teplice",Mošovce,"Real Reality Development s.r.o.",-0.1790
JusCy__yyRZ,83.00,land,NULL,"okres Turčianske Teplice",Mošovce,"Reality D.P.A.",0.5079
JuLeQIMuEoJ,61.99,land,NULL,"okres Turčianske Teplice",Mošovce,"Vianema s.r.o.",0.1262
JuXRWhaK2fl,30.00,land,NULL,"okres Turčianske Teplice",Mošovce,"Realitná kancelária",-0.4550
Ju9tw1vQmR0,10.09,land,NULL,"okres Martin",Šútovo,"BALAŽI REAL ESTATE s.r.o.",0.0000
JuzOGUk6m--,10.09,land,NULL,"okres Martin",Šútovo,"BALAŽI REAL ESTATE s.r.o.",0.0000
JuhB5IsnAP3,10.09,land,NULL,"okres Martin",Šútovo,"BALAŽI REAL ESTATE s.r.o.",0.0000
JuNxdVDCwxP,60.00,land,NULL,"okres Námestovo",Novoť,"RIEŠIME BÝVANIE",0.2000
JuD-E2E_yvf,40.00,land,NULL,"okres Námestovo",Novoť,"RIEŠIME BÝVANIE",-0.2000
JuLF3n8V0u0,66.95,land,NULL,"okres Turčianske Teplice","Slovenské Pravno","DOBRÉ REALITY s.r.o.",0.0361
JuYSlKjn22V2,62.28,land,NULL,"okres Turčianske Teplice","Slovenské Pravno",Urbanista,-0.0361
Juy9B79A4J4,73.41,land,NULL,"okres Turčianske Teplice",Jazernica,"Realitné kancelárie SR",0.1088
JucfeqPEDUI,59.00,land,NULL,"okres Turčianske Teplice",Jazernica,"TARGETreal s. r. o.",-0.1088
JuY7QZv_rvd,159.79,land,NULL,"okres Liptovský Mikuláš","Liptovský Trnovec","TUreality s.r.o.",0.3720
JueoLey_u82,160.00,land,NULL,"okres Liptovský Mikuláš","Liptovský Trnovec","Eden Real estate, s.r.o.",0.3738
Ju2u6VZSsgd,75.00,land,NULL,"okres Liptovský Mikuláš","Liptovský Trnovec","Realitné kancelárie SR",-0.3560
JumBIzQEPOK,99.00,land,NULL,"okres Liptovský Mikuláš","Liptovský Trnovec","Reality Turiec s.r o.",-0.1500
JuVy8PAIz5F,75.00,land,NULL,"okres Liptovský Mikuláš","Liptovský Trnovec","Realitné kancelárie SR",-0.3560
JuGtn_qttBC,130.00,land,NULL,"okres Liptovský Mikuláš","Liptovský Trnovec","Direct Real, spol. s r.o.",0.1162
JuvLJIIUOfY,100.67,land,NULL,"okres Liptovský Mikuláš",Lazisko,"Direct Real, spol. s r.o.",-0.1272
Ju1YLWtdCP4,130.00,land,NULL,"okres Liptovský Mikuláš",Lazisko,"RESIDENCE realitná kancelária",0.1272
JuL88g5odPF,99.00,land,NULL,"okres Čadca",Rieka,"1. Reality Rent, s.r.o.",0.3525
Jur2dnOd-h4,25.00,land,NULL,"okres Čadca",Rieka,"SLNOVRAT, s.r.o.",-0.6585
Ju3lYLQgij-,104.00,land,NULL,"okres Čadca",Rieka,"HOLESTIAK.sk reality s.r.o.",0.4208
Ju_utm8DAV9,99.00,land,NULL,"okres Čadca",Rieka,NULL,0.3525
JuWIabvMs8m,39.00,land,NULL,"okres Čadca",Rieka,"1. Reality Rent, s.r.o.",-0.4672
JufNsLwTyrG,57.40,land,NULL,"okres Martin",Tomčany,"Piata Avenue",-0.4679
JutmSdgoB8o,206.25,land,NULL,"okres Martin",Tomčany,"TARGETreal s. r. o.",0.9118
Ju6FhwnbvkK,60.00,land,NULL,"okres Martin",Tomčany,"ŽILINAREAL, s.r.o.",-0.4438
Ju2DjUagLIB,106.41,land,NULL,"okres Liptovský Mikuláš","Pavčina Lehota","RK SPIRIT s.r.o.",-0.0600
Ju9G8aO6wQl,120.00,land,NULL,"okres Liptovský Mikuláš","Pavčina Lehota","RE/MAX Slovakia",0.0600
Ju_yHqt6C9a,198.14,land,NULL,"okres Liptovský Mikuláš",Podbreziny,"BEŇO REALITY",0.0606
JuN4Ko5MTcJ,159.43,land,NULL,"okres Liptovský Mikuláš",Podbreziny,"Direct Real, spol. s r.o.",-0.1466
JuiHO4ziDsX,222.00,land,NULL,"okres Liptovský Mikuláš",Podbreziny,"RESIDENCE realitná kancelária",0.1884
JufImX742Ut,184.31,land,NULL,"okres Liptovský Mikuláš",Podbreziny,"AstonReal s.r.o.",-0.0134
JumXY6voBY_,170.53,land,NULL,"okres Liptovský Mikuláš",Podbreziny,"Eden Real estate, s.r.o.",-0.0872
JuuQurqTomT,186.46,land,NULL,"okres Liptovský Mikuláš",Podbreziny,"AstonReal s.r.o.",-0.0019
Ju6ppfqXAjT,243.89,land,NULL,"okres Žilina","Rajecké Teplice","Realitné kancelárie SR",0.4276
JuaF9UiM3uR1,97.80,land,NULL,"okres Žilina","Rajecké Teplice","BeMi realitná kancelária",-0.4276
JuS4rgPD6x3,20.00,land,NULL,"okres Kysucké Nové Mesto",Nesluša,"ROMDOM, s. r. o",-0.4343
JuaoRgRgfTM,0.00,land,NULL,"okres Kysucké Nové Mesto",Nesluša,"B10 Slovensko, a. s.",-1.0000
JujjYxzg2zO,86.06,land,NULL,"okres Kysucké Nové Mesto",Nesluša,"Realitka pre každého",1.4343
JuhqDcjNAJB,64.77,land,NULL,"okres Dolný Kubín",Žaškov,"Reality Alpia",-0.1180
JuQX408bw8H,67.18,land,NULL,"okres Dolný Kubín",Žaškov,"Bosen Group s.r.o.",-0.0851
Juvljk31CAz,86.76,land,NULL,"okres Dolný Kubín",Žaškov,"RK Dalmia s. r. o.",0.1815
JuveNCiurSC,75.02,land,NULL,"okres Dolný Kubín",Žaškov,"RK VILLEA, s. r. o.",0.0216
JuTNX1DN12b,50.00,land,NULL,"okres Žilina",Kľače,"1. Reality Rent, s.r.o.",-0.3151
JuK4j_sbxpH,70.04,land,NULL,"okres Žilina",Kľače,"StorkReal s. r. o.",-0.0407
Ju4Q_gSlKhh,85.00,land,NULL,"okres Žilina",Kľače,"Realitné kancelárie SR",0.1643
JukIX3v-4aJ,50.00,land,NULL,"okres Žilina",Kľače,NULL,-0.3151
JuAEEafI2yh,110.00,land,NULL,"okres Žilina",Kľače,"AnoReal, s.r.o.",0.5067
Ju5EqGDbrv9,38.20,land,NULL,"okres Čadca",Podvysoká,NULL,-0.1338
Ju5L-boRlBV,50.00,land,NULL,"okres Čadca",Podvysoká,"HALO reality, s.r.o.",0.1338
JulrIqN4RR6,86.35,land,NULL,"okres Liptovský Mikuláš",Hybe,"RESIDENCE realitná kancelária",-0.1194
Juxv4BCWFjN,109.76,land,NULL,"okres Liptovský Mikuláš",Hybe,"Realitné kancelárie SR",0.1194
Ju0N6saLXmx,34.85,land,NULL,"okres Bytča",Petrovice,"Slovak Estate s.r.o.",0.0314
JuXWDVHuKu7,32.73,land,NULL,"okres Bytča",Petrovice,"B10 Slovensko, a. s.",-0.0314
Juk7ESYVk3r,37.25,land,NULL,"okres Námestovo",Vasiľov,"RK Dalmia s. r. o.",-0.1924
JuIyQ6FpRLK,55.00,land,NULL,"okres Námestovo",Vasiľov,"RK Dalmia s. r. o.",0.1924
JuWW4q9AnNy,187.06,land,NULL,"okres Liptovský Mikuláš",Vitálišovce,"RESIDENCE realitná kancelária",-0.0551
JufFFiGUtxN,164.84,land,NULL,"okres Liptovský Mikuláš",Vitálišovce,"RESIDENCE realitná kancelária",-0.1674
Ju-yASPSDbI,220.00,land,NULL,"okres Liptovský Mikuláš",Vitálišovce,"BIZNIS REALITY, s.r.o.",0.1113
JuCafss2FQP,220.00,land,NULL,"okres Liptovský Mikuláš",Vitálišovce,"BIZNIS REALITY, s.r.o.",0.1113
Ju4W-q9O29Z,75.00,land,NULL,"okres Bytča",Predmier,"Vianema s.r.o.",0.1739
JuCAQgOYAnl,81.50,land,NULL,"okres Bytča",Predmier,"BeMi realitná kancelária",0.2756
Jup8u-k4Epi,35.17,land,NULL,"okres Bytča",Predmier,"bezmaklérov, s.r.o.",-0.4495
Ju_fVXnqYH3,38.17,land,NULL,"okres Čadca","Dlhá nad Kysucou","WFG reality, s.r.o.",-0.0478
JuMd2LfAtcs,42.00,land,NULL,"okres Čadca","Dlhá nad Kysucou","1. Reality Rent, s.r.o.",0.0478
Ju_1RuhBfmB,55.00,land,NULL,"okres Turčianske Teplice",Budiš,"Reality AK, spol. s r.o.",0.0000
JulxtEGlU-r,55.00,land,NULL,"okres Turčianske Teplice",Budiš,"Reality AK, spol. s r.o.",0.0000
JuRGpe_vleW,100.00,land,NULL,"okres Ružomberok",Bešeňová,"Apollo House",0.2658
Jujfy0BeWOa,58.00,land,NULL,"okres Ružomberok",Bešeňová,"Reality Alpia",-0.2658
Jur4zTPDBjU,105.00,land,NULL,"okres Žilina",Stráňavy,"TARGETreal s. r. o.",-0.0059
JuR03LYWket,106.25,land,NULL,"okres Žilina",Stráňavy,NULL,0.0059
JutZ9u4w49X,0.05,land,NULL,"okres Námestovo","Oravské Veselé","BeMi realitná kancelária",-0.9993
JuCYY9E7vm0,100.00,land,NULL,"okres Námestovo","Oravské Veselé",NULL,0.4996
Juv0pBqllQb,100.00,land,NULL,"okres Námestovo","Oravské Veselé","TL Agentura s.r.o",0.4996
Ju81LTbk2gV,381.82,land,NULL,"okres Bytča",Jablonové,"Real Estate Group4U",0.6293
Ju-AMIyF1en,163.64,land,NULL,"okres Bytča",Jablonové,"Nové bývanie",-0.3017
JuI63s8eiN7,157.58,land,NULL,"okres Bytča",Jablonové,"RS Mansory s.r.o.",-0.3276
JuUy9icWXXx,60.77,land,NULL,"okres Liptovský Mikuláš",Gôtovany,"Direct Real, spol. s r.o.",-0.1225
Juf2tcjNcp8,98.00,land,NULL,"okres Liptovský Mikuláš",Gôtovany,"OVERENÉ REALITY",0.4150
JuVw0hmTAno,49.00,land,NULL,"okres Liptovský Mikuláš",Gôtovany,"HALO reality, s.r.o.",-0.2925
JutIg8nIDtY,81.46,land,NULL,"okres Martin","Kláštor pod Znievom","B10 Slovensko, a. s.",-0.0924
JuEWO1OepoK,85.00,land,NULL,"okres Martin","Kláštor pod Znievom","Reality AK, spol. s r.o.",-0.0529
JuOs44Ibx4E,102.79,land,NULL,"okres Martin","Kláštor pod Znievom","RE/MAX Slovakia",0.1453
JuUJvcqmSGz,88.24,land,NULL,"okres Martin",Príbovce,"Realitná kancelária",0.0872
JuixgWiuI-g,28.00,land,NULL,"okres Martin",Príbovce,"RE/MAX Slovakia",-0.6550
JuB8mFJnVT3,120.16,land,NULL,"okres Martin",Príbovce,"Reality ASTORIA, s.r.o.",0.4805
JuNwfzXAT-U,88.24,land,NULL,"okres Martin",Príbovce,"LIF REAL",0.0872
JugG3vyzxv0,24.03,land,NULL,"okres Martin","Turčianska Štiavnička","Reality Center, s.r.o.",-0.5748
JuCe3m72ocp,89.00,land,NULL,"okres Martin","Turčianska Štiavnička","ALT REAL, s.r.o.",0.5748
JuKY6m4zwWy,267.18,land,NULL,"okres Žilina","Teplička nad Váhom","ROMDOM, s. r. o",0.1858
JuOBPA2nCGL,45.00,land,NULL,"okres Žilina","Teplička nad Váhom","Realitná kancelária SYMPATIA REAL s. r. o.",-0.8003
JuPr2yDWLko,363.76,land,NULL,"okres Žilina","Teplička nad Váhom","Realitné kancelárie SR",0.6145
JutbpFV_5ly,100.00,land,NULL,"okres Martin",Lipovec,"Reality AK, spol. s r.o.",0.1017
JuWPMQs-4VM,163.01,land,NULL,"okres Martin",Lipovec,"Real Reality Development s.r.o.",0.7959
JulcGjr0HkD,100.00,land,NULL,"okres Martin",Lipovec,"Piata Avenue",0.1017
JuE953fYUaJ,0.07,land,NULL,"okres Martin",Lipovec,"Realitná kancelária",-0.9992
JuDPVSkdjbb,123.07,land,NULL,"okres Bytča",Kotešová,"Safe reality s. r. o.",0.2361
JubkW3740OB,112.33,land,NULL,"okres Bytča",Kotešová,"RIEŠIME BÝVANIE",0.1282
JunoJZqtPKv,63.29,land,NULL,"okres Bytča",Kotešová,"RIEŠIME BÝVANIE",-0.3643
Ju059DbP17Y,55.00,land,NULL,"okres Čadca",Kalinov,"1. Reality Rent, s.r.o.",0.0577
JuCZD2XgLKU,49.00,land,NULL,"okres Čadca",Kalinov,NULL,-0.0577
JuNyZWoxw0A,106.27,land,NULL,"okres Martin","Turčiansky Peter","TARGETreal s. r. o.",0.0060
JuvOhFg_IIq,105.00,land,NULL,"okres Martin","Turčiansky Peter","Reality D.P.A.",-0.0060
Ju9EWCUTpfs,67.00,land,NULL,"okres Liptovský Mikuláš","Uhorská Ves","KRUPPKY, s.r.o.",-0.5341
Jufbp419kLn,220.64,land,NULL,"okres Liptovský Mikuláš","Uhorská Ves",NULL,0.5341
JuaAqZtT-Nl,113.00,land,NULL,"okres Martin","Dolné Vrútky","Reality ASTORIA, s.r.o.",0.0434
JugiMieeEs_,103.59,land,NULL,"okres Martin","Dolné Vrútky","RECLOUD Reality a.s.",-0.0434
JuDEvr7ONsp,85.00,land,NULL,"okres Žilina","Dolný Hričov","RS Mansory s.r.o.",0.0668
JujdKV83oGm,75.00,land,NULL,"okres Žilina","Dolný Hričov","Realitné kancelárie SR",-0.0587
JuxqXS7gyRr,86.24,land,NULL,"okres Žilina","Dolný Hričov","RS Mansory s.r.o.",0.0824
JuEpEk6fWjH,87.09,land,NULL,"okres Žilina","Dolný Hričov","RS Mansory s.r.o.",0.0931
JugYDWGaYrW,94.72,land,NULL,"okres Žilina","Dolný Hričov","RS Mansory s.r.o.",0.1888
JunYVarhNpk,50.00,land,NULL,"okres Žilina","Dolný Hričov","Mgr. Renáta Kolenčíková",-0.3725
JucgwdqxbsLG,20.13,land,NULL,"okres Žilina",Strážov,"bezmaklérov, s.r.o.",-0.4259
JuxeTnNf4SA,50.00,land,NULL,"okres Žilina",Strážov,"MGM reality",0.4259
Ju3qLGqmZKr,61.42,land,NULL,"okres Žilina","Kamenná Poruba","RES GROUP, s.r.o.",-0.7873
JuYoMQAxiBt,516.05,land,NULL,"okres Žilina","Kamenná Poruba","Real Estate Group4U",0.7873
JuVPG71X4Wz,85.00,land,NULL,"okres Ružomberok",Baničné,"FISCHER & PARTNERS, s.r.o.",-0.1707
Ju40F3aMhkE,120.00,land,NULL,"okres Ružomberok",Baničné,"FISCHER & PARTNERS, s.r.o.",0.1707
Ju0yrLUSkjq,140.24,land,NULL,"okres Žilina","Nezbudská Lúčka","HALO reality, s.r.o.",-0.0605
JuoouzvegJf,158.31,land,NULL,"okres Žilina","Nezbudská Lúčka","TARGETreal s. r. o.",0.0605
JuIrw7O-EJl,90.00,land,NULL,"okres Liptovský Mikuláš",Malatíny,"HALO reality, s.r.o.",-0.1748
JuuuoTcUpiv,128.12,land,NULL,"okres Liptovský Mikuláš",Malatíny,NULL,0.1748
