offer_id,offer_type,property_type,area,condition,agency,office_city
JuLecgRv95A,sale,"3-room apartment",107,"fully renovated","RES GROUP, s.r.o.",Žilina
JuzjcjA88fI,rent,"2-room apartment",62,"fully renovated","Fortio Popper s.r.o.",Bytča
JuR9IQwr1DX,rent,"3-room apartment",68,"new construction","MGM reality",Žilina
JueQeTeryjC,rent,"4-room apartment",90,"fully renovated",NULL,NULL
JufbBHYx-coz,sale,"1-room apartment",60,"new construction","AstonReal s.r.o.","Banská Bystrica"
JusEglMU0v8,sale,"3-room apartment",69,unrenovated,"HD reality group s.r.o","Banská Bystrica"
JuHU9WStTAs,sale,"3-room apartment",80,"fully renovated","B10 Slovensko, a. s.",Žilina
Ju-48631_aJ,sale,"3-room apartment",63,unrenovated,"RK Dalmia s. r. o.","Dolný Kubín"
JujzGN4k6bn,rent,"2-room apartment",65,"fully renovated","Reality Alpia",Martin
JuyUZh4v08L,rent,"2-room apartment",49,"new construction",NULL,NULL
Ju9d7v-lee8,sale,"3-room apartment",106,"new construction","OREA, s.r.o.","Dolný Kubín"
JuvALHP6cN9,sale,"2-room apartment",56,"partially renovated","Safe reality s. r. o.",Žilina
Ju8a3kcGYvG,rent,"2-room apartment",50,"new construction","FINREA - ak vám záleží na výsledku","Dolný Kubín"
Jue47kLBSm8,sale,"3-room apartment",202,"new construction","Vianema s.r.o.",Bratislava
JucquL8E-bM,rent,"3-room apartment",NULL,"fully renovated",NULL,NULL
Jui14FUG-ZO,sale,"3-room apartment",76,"partially renovated","TUreality s.r.o.",Žilina
JuTiIF5zkxo3,rent,"2-room apartment",65,"fully renovated","VAŠA REALITKA s.r.o.",Ružomberok
JuFpZug_t62,sale,"1-room apartment",31,"new construction","TRI LIPY, s. r. o.",Čadca
JuUnWH-g8Yz,sale,"3-room apartment",109,"new construction","Realitné kancelárie SR",Bratislava
JuUCL8fPL9h,rent,"studio apartment",36,"fully renovated","FINREA - ak vám záleží na výsledku","Dolný Kubín"
JuV8a82JG_s,sale,"4-room apartment",101,"new construction",NULL,NULL
JuvjDSTvTKy,sale,"2-room apartment",45,"fully renovated","GAMA Reality, s.r.o.",Bytča
Ju3gs_noUEz,rent,"2-room apartment",45,"new construction",NULL,NULL
JuXcyij9eMf_,sale,"3-room apartment",67,"new construction","Financial Hotels Management, s.r.o.",Žilina
JufYiP4E7Es,sale,"3-room apartment",75,"partially renovated","ROMDOM, s. r. o",Žilina
JuKkjtqN4VW,sale,"2-room apartment",56,"fully renovated","RE/MAX Slovakia",Bratislava
JuH-SEIASle,sale,"3-room apartment",69,"under construction","ODEKO manažment s.r.o.",Žilina
Ju_IBACCGzT,rent,"2-room apartment",66,"partially renovated","Vianema s.r.o.",Bratislava
Ju_7fjs1rDI,sale,"2-room apartment",28,"new construction","RK SPIRIT s.r.o.","Liptovský Mikuláš"
JuO3IQpQk2Q,sale,"2-room apartment",57,"fully renovated","SLNOVRAT, s.r.o.",Olešná
JukCOBdi-HG,sale,"3-room apartment",83,"fully renovated","RIEŠIME BÝVANIE",Bratislava
JuatrleUyRX,rent,"3-room apartment",78,"partially renovated","AstonReal s.r.o.","Banská Bystrica"
JuqBZCEixbC,rent,"2-room apartment",52,"new construction","Reality Alpia",Martin
JuCuiefKh4P,sale,"4-room apartment",83,unrenovated,Reality+,Žilina
JucFUY5N5xW,sale,"3-room apartment",80,"partially renovated","TARGETreal s. r. o.",Žilina
JuSPwAqNDjb,sale,"2-room apartment",44,"new construction","OREA, s.r.o.","Dolný Kubín"
JujrtOK9Ltj,sale,"3-room apartment",82,unrenovated,"Safe reality s. r. o.",Žilina
Ju2TzdFfXkg,sale,"2-room apartment",60,"partially renovated","Renovo Reality",Žilina
JuVO5WLrTZ3,sale,"2-room apartment",60,"partially renovated","Safe reality s. r. o.",Žilina
JuC08OMa82u,sale,"4-room apartment",163,"new construction","RIEŠIME BÝVANIE",Bratislava
Jupw1bQT1Jh,sale,"3-room apartment",89,"new construction","Reinoo a.s.",Žilina
JuFqSi2fYOk,sale,"2-room apartment",53,"fully renovated","HOLESTIAK.sk reality s.r.o.",Čadca
JunnFbGwfA5,rent,"2-room apartment",60,"partially renovated","Wealth Group, s.r.o.","Nová Dedinka"
JuFv7NTgqug,sale,"holiday apartment",46,"fully renovated","Ing. Gerlinda Bérešová - Esti",Žilina
JuxZgQdKO7u,sale,"2-room apartment",45,"new construction","PRIMA reality s.r.o.",Žilina
Ju0iFsZ1mnv,sale,"2-room apartment",38,"new construction","Bosen Group s.r.o.",Bratislava
JuN4KXjUyk-,sale,"4-room apartment",105,"new construction","JPE. Reality - Jozef Pajer",Čadca
JuWV1dgtiBd,sale,"holiday apartment",22,"new construction","Reality Alpia",Martin
Judmv08qh2A,sale,"4-room apartment",120,unrenovated,"RIEŠIME BÝVANIE",Bratislava
JugXYWqkt4N,rent,"1-room apartment",30,"partially renovated","Reality ASTORIA, s.r.o.",Martin
JuqvNgpYqrd,rent,"1-room apartment",40,"fully renovated","OREA, s.r.o.","Dolný Kubín"
Ju_Lr-2Vc09,sale,"1-room apartment",51,"partially renovated","TUreality s.r.o.",Žilina
JubDtFpPZPz,sale,"holiday apartment",37,"under construction","Reality MT s.r.o.",Martin
Ju46Wlvz4BP,sale,"2-room apartment",63,"new construction","Trioreality, s.r.o.",Čadca
Jus8fVVapj9,sale,"3-room apartment",97,"under construction","CANGURU s.r.o.","Rajecké Teplice"
JurldwLKNhM,sale,"1-room apartment",36,"fully renovated","A-Byt Consult, s.r.o.",Ružomberok
JulollxgJp5,sale,"2-room apartment",71,"under construction","CANGURU s.r.o.","Rajecké Teplice"
JupBjnV0coU,sale,"3-room apartment",85,"fully renovated","1. Reality Rent, s.r.o.",Žilina
JuqAM-ZO9ir,sale,"2-room apartment",55,"new construction",NULL,NULL
Ju5VjRRX_4J,sale,"3-room apartment",NULL,"partially renovated",NULL,NULL
Juarr5O2upK,sale,"1-room apartment",94,"under construction","Istrofinal, s. r. o.",Žilina
JuXRtZdfweI,sale,"4-room apartment",85,"partially renovated","Reality Center, s.r.o.",Martin
JuNZupA7Ru4,sale,"2-room apartment",52,"new construction","ŽILINAREAL, s.r.o.",Žilina
JuA8-pf41pn,rent,"3-room apartment",83,"fully renovated","Reality Alpia",Martin
JumbMyGo4iI,sale,"2-room apartment",58,"fully renovated","RESIDENCE realitná kancelária","Liptovský Mikuláš"
JuaCjfZIx81,sale,"2-room apartment",48,"under construction","ODEKO manažment s.r.o.",Žilina
JuUnD0myJmK,sale,"2-room apartment",62,"partially renovated","Piata Avenue",Žilina
JuIP59md355,sale,"4-room apartment",102,"under construction","ODEKO manažment s.r.o.",Žilina
JuIh9K2txJ3,sale,"3-room apartment",144,"new construction","BeMi realitná kancelária",Nitra
Jub5nNi4yTF,sale,"2-room apartment",62,"partially renovated","RIEŠIME BÝVANIE",Bratislava
Juqj8-BDIgQ,sale,"3-room apartment",122,"new construction","OREA, s.r.o.","Dolný Kubín"
JuQfQh_4sSF,sale,"2-room apartment",84,"new construction","MGM reality",Žilina
JujYXXx5gXi,sale,"3-room apartment",169,"new construction",NULL,NULL
JuxBkaifl6df,rent,"holiday apartment",42,"new construction","Reality Alpia",Martin
JugTLMsHTVi,sale,"2-room apartment",52,unrenovated,"B10 Slovensko, a. s.",Žilina
Jul7be3Lkz5,sale,"holiday apartment",26,"new construction","RK SPIRIT s.r.o.","Liptovský Mikuláš"
JuPT1z2mBzV,sale,"1-room apartment",36,"partially renovated","R2 SK, s.r.o.",Žilina
Ju4hZgzLszu,sale,"2-room apartment",62,"partially renovated",NULL,NULL
JuKlHRPhAEF,sale,"2-room apartment",57,"fully renovated","HALO reality, s.r.o.",Prievidza
JuvFESSKGWN,sale,"3-room apartment",86,"partially renovated","Reality D.P.A.",Martin
JusgW9odCAS,sale,"4-room apartment",107,unrenovated,Time4dreams,Nitra
Juvk9S_5ltU,sale,"2-room apartment",54,unrenovated,NULL,NULL
JunBqR0DBP9,rent,"2-room apartment",50,"new construction",NULL,NULL
JuDCMQupxo0,sale,"2-room apartment",59,"partially renovated","TUreality s.r.o.",Žilina
JufAeKZk5m-,sale,"2-room apartment",55,"partially renovated","Direct Real, spol. s r.o.",Bratislava
JuNguQDV0Zn,sale,"2-room apartment",52,"fully renovated","Direct Real, spol. s r.o.",Bratislava
JuKOtZwcbir-,sale,"holiday apartment",28,"fully renovated","Reality Alpia",Martin
JuMm4AW_gBf,sale,"5+ room apartment",150,"partially renovated","Reality IQ, s.r.o.",Žilina
JuSYwKOlQ-6,sale,"3-room apartment",NULL,"new construction","Nové bývanie",Nitra
JuZqtWo-t_S,sale,"holiday apartment",29,"new construction","Prvá Realitná Kancelária, s.r.o.",Bratislava
JuJCzmrTicR,sale,"2-room apartment",40,"new construction",NULL,NULL
JumsfvMXhg-,sale,"3-room apartment",67,unrenovated,"Direct Real, spol. s r.o.",Bratislava
JuymkoAFG_6,sale,"2-room apartment",60,unrenovated,"HOLESTIAK.sk reality s.r.o.",Čadca
JucOec67NRR,sale,"1-room apartment",33,unrenovated,"Vianema s.r.o.",Bratislava
JuyOHLJxsdS,sale,"3-room apartment",64,"fully renovated","Local reality s. r. o.",Malinovo
Ju_yl2A922o,sale,"2-room apartment",57,unrenovated,NULL,NULL
JuDoLB83xqT,sale,"3-room apartment",78,unrenovated,"HALO reality, s.r.o.",Prievidza
JuQvJ7BykSU,sale,"2-room apartment",49,unrenovated,"WFG reality, s.r.o.",Žilina
JucOhPXEpxa,rent,"2-room apartment",71,"partially renovated",NULL,NULL
JuFqVxR2Rua,rent,"2-room apartment",48,"new construction","RESIDENCE realitná kancelária","Liptovský Mikuláš"
JuLEeBcqSvN,rent,"2-room apartment",50,"fully renovated","Fortio Popper s.r.o.",Bytča
JuHLqjLk9w7,sale,"2-room apartment",63,"fully renovated","1. Reality Rent, s.r.o.",Žilina
Juhlf1Su_tu,sale,"studio apartment",34,"partially renovated","RIEŠIME BÝVANIE",Bratislava
Ju4aGAgIjVo,sale,"3-room apartment",80,"partially renovated","LIF REAL",Martin
JuHC3L7PHAo,rent,"studio apartment",15,"partially renovated","RE/MAX Slovakia",Bratislava
Ju4nG9JDEKF,sale,"3-room apartment",70,"partially renovated","TUreality s.r.o.",Žilina
JuxsO06uVZG,rent,"1-room apartment",43,unrenovated,"Realitná kancelária SYMPATIA REAL s. r. o.",Žilina
JuxQsJlXHSK,rent,"3-room apartment",74,"fully renovated","Fortio Popper s.r.o.",Bytča
JuJrBHwvfXe,sale,"holiday apartment",23,"new construction","AstonReal s.r.o.","Banská Bystrica"
JuVk3AeemQd,sale,"3-room apartment",65,"under construction","Istrofinal, s. r. o.",Žilina
JucIMMNEosV,sale,"3-room apartment",67,"partially renovated","A-Byt Consult, s.r.o.",Ružomberok
Ju2EMTkOn53,sale,"2-room apartment",61,"new construction","Reinoo a.s.",Žilina
JuYbhGZmbC7,sale,"2-room apartment",49,unrenovated,"Obec Liptovská Lúžna","Liptovská Lúžna"
JucmUHZL9fQ,rent,"2-room apartment",57,"new construction",NULL,NULL
Ju59v0S7Gi9,sale,"3-room apartment",77,unrenovated,"RK SPIRIT s.r.o.","Liptovský Mikuláš"
Ju4SvmwHoAg,sale,"3-room apartment",72,"new construction","FINREA - ak vám záleží na výsledku","Dolný Kubín"
JuJBn5ZeVAm,rent,"2-room apartment",51,"partially renovated","Realitná kancelária",Bratislava
Juk9u-rNEqG,rent,"2-room apartment",46,"fully renovated","Fortio Popper s.r.o.",Bytča
JuNRFKe9B5N6,sale,"4-room apartment",140,"new construction","TARGETreal s. r. o.",Žilina
JuG99-vnL8U,sale,"4-room apartment",212,"new construction","Reality Alpia",Martin
JuvzAFSDr4x,sale,"3-room apartment",110,"new construction","Realitná kancelária",Bratislava
JuDorfwK08d,rent,"2-room apartment",85,"partially renovated","FINREA - ak vám záleží na výsledku","Dolný Kubín"
Jul_OGhX8QT,sale,"3-room apartment",60,"partially renovated","Piešťany Reality",Piešťany
Ju7UFzA6VtL,sale,"2-room apartment",53,"new construction","WFG reality, s.r.o.",Žilina
Ju9qrQrSqzm,rent,"studio apartment",25,"new construction",NULL,NULL
Ju4Vd5pUjXm,sale,"3-room apartment",65,"partially renovated","Direct Real, spol. s r.o.",Bratislava
JuA1jb9HH8o,sale,"2-room apartment",56,"partially renovated","Reality Alpia",Martin
JuVp8M6bnwG,rent,"3-room apartment",80,"partially renovated","ŠIRINY, s.r.o.",Zvolen
JuKJT8WJuFF,rent,"1-room apartment",37,"new construction","HOLESTIAK.sk reality s.r.o.",Čadca
Ju8mh8KzH4f,rent,"2-room apartment",60,"fully renovated","Realitná kancelária Peter Hubka","Liptovský Mikuláš"
Ju9k2e7JWOr,sale,"1-room apartment",38,"partially renovated","Like Reality s.r.o.","Považská Bystrica"
JuXNm9NwSwi,sale,"3-room apartment",75,"new construction","MGM reality",Žilina
JuOnQ9rym-h,sale,"4-room apartment",87,"partially renovated","RIEŠIME BÝVANIE",Bratislava
JuFNpzHutiG,sale,"3-room apartment",65,"partially renovated","TUreality s.r.o.",Žilina
JuZ8UmPHnMd,sale,"2-room apartment",59,"fully renovated","SLNOVRAT, s.r.o.",Olešná
JuWLCChouGh,sale,"3-room apartment",102,"new construction","TARGETreal s. r. o.",Žilina
JuS6qI_HXQ_,sale,"4-room apartment",88,"partially renovated","1. Reality Rent, s.r.o.",Žilina
JuvIFSCKDaN,sale,"2-room apartment",63,"fully renovated","TUreality s.r.o.",Žilina
JuJITXm9Zsf,sale,"3-room apartment",66,"fully renovated","ARBIZ real estate & finance s. r. o.",Ružomberok
JueaFakyLvY,sale,"3-room apartment",83,"development project","KORSO Project, s.r.o.",Žilina
Ju1F-eiNHx4,sale,"3-room apartment",85,"fully renovated","RIEŠIME BÝVANIE",Bratislava
JuL3MT7o1WL,sale,"2-room apartment",60,"fully renovated","Realitná kancelária",Bratislava
Ju_qGSnLBzz,rent,"2-room apartment",59,"new construction",NULL,NULL
JuhigkHR5x2,sale,"4-room apartment",320,"new construction","Occam New Home",Bratislava
Ju5eub1EsyB,sale,"3-room apartment",100,"new construction","Gro & Partners",Žilina
JuDetN4gLGy,sale,"holiday apartment",43,"new construction","Tatra Invest",Podtureň
JuxJN0jj6xv,sale,"1-room apartment",34,"new construction","Reality AK, spol. s r.o.",Martin
JuQY1ZnmE4m,rent,"studio apartment",25,"fully renovated","OREA, s.r.o.","Dolný Kubín"
Ju9zHP-4dng,sale,"3-room apartment",61,"partially renovated","HALO reality, s.r.o.",Prievidza
JuTy8iCXD6j,sale,"2-room apartment",51,"new construction","Reality AK, spol. s r.o.",Martin
JuMhyPasgwl,rent,"1-room apartment",41,"fully renovated","B10 Slovensko, a. s.",Žilina
JuPet_Ep-JW,rent,"studio apartment",70,"fully renovated","TUreality s.r.o.",Žilina
JuGJ3bcseaG,sale,"1-room apartment",41,"partially renovated","Renovo Reality",Žilina
JuI3iwt9MRR,sale,"studio apartment",25,"new construction","OREA, s.r.o.","Dolný Kubín"
JumSU3uP1r7,sale,"holiday apartment",49,"partially renovated",NULL,NULL
JuCyeszuCeF,sale,"3-room apartment",65,unrenovated,NULL,NULL
JuDZ3hA20uQ,sale,"4-room apartment",100,"partially renovated","TUreality s.r.o.",Žilina
Ju1Cm4LoVXM,sale,"studio apartment",123,"new construction",NULL,NULL
JuOOVFGvzwX,sale,"2-room apartment",62,"new construction",Limaxreal,"Liptovský Mikuláš"
JuuuYAHYGX8,sale,"2-room apartment",60,"development project",NULL,NULL
Juw69usHNF6,rent,"3-room apartment",86,"fully renovated","R2 SK, s.r.o.",Žilina
Jup6mGYDCrv,rent,"2-room apartment",57,"fully renovated","Reality Center, s.r.o.",Martin
Ju5R24o6GQR,sale,"3-room apartment",74,unrenovated,"RK Dalmia s. r. o.","Dolný Kubín"
Ju8_AnIgnrX,sale,"2-room apartment",57,"partially renovated","MENÍME BÝVANIE",Čadca
JuY4e0DxXsH,rent,"2-room apartment",45,"new construction","OREA, s.r.o.","Dolný Kubín"
Jue5OG4Sl5k,rent,"2-room apartment",50,"fully renovated",NULL,NULL
Juo19uqWHqv,sale,"3-room apartment",85,"fully renovated","Reality MT s.r.o.",Martin
JumQaXesU-y,rent,"studio apartment",28,"new construction","Realitné kancelárie SR",Bratislava
JuEVg7e9gge,sale,"3-room apartment",72,unrenovated,"R2 SK, s.r.o.",Žilina
JuXIzNjmik_,rent,"3-room apartment",104,"fully renovated","Realitné kancelárie SR",Bratislava
Juv94EKwgh6,sale,"3-room apartment",73,"new construction","AstonReal s.r.o.","Banská Bystrica"
JukKH41KaWr,rent,"3-room apartment",121,"fully renovated","TUreality s.r.o.",Žilina
JuhxRDKuEfi,sale,"2-room apartment",58,"new construction",donidDevelop,"Dolný Kubín"
JuRJykTdszG,sale,"4-room apartment",150,"fully renovated","JKV REAL",Prievidza
JuDJ_hnDscM,sale,"2-room apartment",60,"fully renovated","Realitná kancelária",Bratislava
JulzEF1iR1R,sale,"2-room apartment",70,"fully renovated","ŽILINAREAL, s.r.o.",Žilina
Jus2f1I5Shb,sale,"3-room apartment",68,"partially renovated","MGM reality",Žilina
JuWzCETm2y0,rent,"3-room apartment",70,"fully renovated","SLNOVRAT, s.r.o.",Olešná
Ju12shpSBga,sale,"3-room apartment",62,"new construction","RESIDENCE realitná kancelária","Liptovský Mikuláš"
JuXnw8EKWYI,sale,"3-room apartment",93,"new construction","RS Mansory s.r.o.",Bratislava
JuJM07aUO0O,sale,"5+ room apartment",100,"partially renovated","RIEŠIME BÝVANIE",Bratislava
JuVtdEgquxp,sale,"3-room apartment",74,"new construction","OREA, s.r.o.","Dolný Kubín"
JuP6qyzD4rb,sale,"holiday apartment",40,"new construction","RK SPIRIT s.r.o.","Liptovský Mikuláš"
JuP-xJVwuxh,sale,"3-room apartment",77,"new construction","B10 Slovensko, a. s.",Žilina
Ju2skZ_XIuH,rent,"3-room apartment",90,"partially renovated",NULL,NULL
JuxYMJGR4NW,sale,"1-room apartment",45,"partially renovated","OVERENÉ REALITY","Banská Bystrica"
JuWx4I1iGWR,rent,"2-room apartment",80,"new construction","BeMi realitná kancelária",Nitra
Jubx4f_wHQY,sale,"3-room apartment",87,unrenovated,"RK4 REALITY",Bratislava
JuBjT8MmAiR,sale,"3-room apartment",65,"under construction","Istrofinal, s. r. o.",Žilina
Ju8qAJxGCh0,sale,"3-room apartment",64,"partially renovated","Mgr. Silvia Lukáčová - RealPoint",Martin
Ju-DovddXIY,sale,"2-room apartment",71,unrenovated,"RE/MAX Slovakia",Bratislava
Ju6ap4Twr5W,rent,"3-room apartment",NULL,"partially renovated",NULL,NULL
JuVlvDHUEHV,rent,"2-room apartment",50,"fully renovated","OREA, s.r.o.","Dolný Kubín"
JukzS9fkGsH,rent,"3-room apartment",84,"fully renovated","Safe reality s. r. o.",Žilina
Jum2zoM9dK0,sale,"2-room apartment",60,"new construction","Reinoo a.s.",Žilina
JuwxWNhZHvq,rent,"2-room apartment",44,"fully renovated","DreamReality s.r.o.",Žilina
JuNh7AtADFs,rent,"2-room apartment",44,"new construction","MGM reality",Žilina
JuoVEcjPg5o,rent,"3-room apartment",70,"new construction","RE/MAX Slovakia",Bratislava
JuyUHlMcv_Q,rent,"3-room apartment",73,"fully renovated","Realitná kancelária RED, s.r.o.",Žilina
JuXQxA2vSe6,sale,"2-room apartment",42,"fully renovated","EASY centrum bývania, s.r.o.",Žilina
Jufd89QZCSO,sale,"holiday apartment",NULL,"new construction","PASS Reality, s.r.o.",Bratislava
Ju2hVjHchsA,sale,"2-room apartment",47,"new construction","Buby reality, s.r.o.",Žilina
Ju9Zm5FKDvx,sale,"2-room apartment",58,"fully renovated","Realitná kancelária RED, s.r.o.",Žilina
Ju_q6RS-fKo,sale,"3-room apartment",118,"new construction","OREA, s.r.o.","Dolný Kubín"
Jutomv1SERc,rent,"2-room apartment",57,"fully renovated","Reality Alpia",Martin
Jukc07qMxPz,sale,"2-room apartment",55,"new construction","Realitná kancelária RED, s.r.o.",Žilina
JuZPdvGyLq9,sale,"3-room apartment",92,"fully renovated","TUreality s.r.o.",Žilina
Ju8xVwtKo3R,sale,"1-room apartment",NULL,unrenovated,"BeMi realitná kancelária",Nitra
JuIK5SS5weX,rent,"2-room apartment",55,"partially renovated","Like Reality s.r.o.","Považská Bystrica"
JuzzHVLtL7p,sale,"3-room apartment",69,"fully renovated","Vianema s.r.o.",Bratislava
Ju7J-Smt48P,sale,"2-room apartment",42,"new construction","RK SPIRIT s.r.o.","Liptovský Mikuláš"
JuvxR6XXHxE,rent,"3-room apartment",74,"fully renovated","Fortio Popper s.r.o.",Bytča
JuRuuJuhfW8,sale,"3-room apartment",85,"partially renovated","Like Reality s.r.o.","Považská Bystrica"
JuZK70yldNu,sale,"1-room apartment",39,"new construction","OVERENÉ REALITY","Banská Bystrica"
JuzSqFzglhO,sale,"3-room apartment",73,"new construction",Reality+,Žilina
JuT8ujDpM1g,rent,"1-room apartment",60,"partially renovated","WFG reality, s.r.o.",Žilina
JuzmSjYalDj,sale,"3-room apartment",87,"partially renovated","Like Reality s.r.o.","Považská Bystrica"
Ju6pkdVbtRp,sale,"3-room apartment",71,"fully renovated","NajBývanie, s.r.o.",Ružomberok
JudnXUbr0fH,sale,"2-room apartment",48,"under construction","REALITY TATRY",Levoča
JuBIZmW7FwQ,sale,"3-room apartment",71,"new construction",NULL,NULL
JuPDRHaKHGy,sale,"2-room apartment",59,"fully renovated","ŽILINAREAL, s.r.o.",Žilina
JuD8hcoEgT4,sale,"2-room apartment",74,"new construction","Realitná kancelária RED, s.r.o.",Žilina
JukBZSTP0a5,sale,"2-room apartment",55,"new construction","TARGETreal s. r. o.",Žilina
Ju1AcChzPhX,sale,"3-room apartment",62,"new construction","REALITY SPOLU",Bratislava
JuE-VhHgCax,sale,"1-room apartment",22,"fully renovated","Bonjour real",Bučany
JuBAitX8aRy,rent,"2-room apartment",55,"partially renovated","FINREA - ak vám záleží na výsledku","Dolný Kubín"
JuYm2hUT2pj,rent,"3-room apartment",92,"fully renovated","ALT REAL, s.r.o.",Martin
Ju6opeOUPUx,sale,"2-room apartment",88,unrenovated,"Realitné kancelárie SR",Bratislava
JuvmTUfehMc,rent,"2-room apartment",66,"fully renovated",Reality+,Žilina
JuaMkijSYs-,rent,"studio apartment",25,"partially renovated","FINREA - ak vám záleží na výsledku","Dolný Kubín"
JuZL3wORd4j,rent,"1-room apartment",35,"new construction","DVOŘÁK & PARTNERS s. r. o.","Banská Bystrica"
JunBxeMXtVv,sale,"3-room apartment",73,"partially renovated","RIEŠIME BÝVANIE",Bratislava
JufXt9veplf,sale,"2-room apartment",45,"new construction","B10 Slovensko, a. s.",Žilina
Ju1v-rz6S-g,sale,"3-room apartment",64,unrenovated,"TUreality s.r.o.",Žilina
JuK8NkfUxDo,sale,"3-room apartment",68,unrenovated,"LICITOR group, a.s.",Žilina
JuhvRDg8Y4C,rent,"2-room apartment",58,unrenovated,"RIEŠIME BÝVANIE",Bratislava
JuqqisVRKbE,sale,"3-room apartment",65,"partially renovated","GERT , s.r.o.","Liptovský Mikuláš"
JupIznadChw,sale,"3-room apartment",66,unrenovated,"B10 Slovensko, a. s.",Žilina
JuCtiU-W9oK,sale,"3-room apartment",72,"fully renovated","BEEVAM, s.r.o.","Banská Bystrica"
JuQUQOdCbAJ,sale,"4-room apartment",105,unrenovated,"Reality IQ, s.r.o.",Žilina
JuEGUe9TZYw,rent,"3-room apartment",72,"partially renovated","WFG reality, s.r.o.",Žilina
JuJTUgZNUdL,sale,"3-room apartment",72,unrenovated,"Reality D.P.A.",Martin
JugdzCpEbZl,sale,"2-room apartment",55,"partially renovated","KES - RV s.r.o.",Rožňava
JuJ1fx159Ms,sale,"3-room apartment",65,unrenovated,OPENREALITY,Brno
JuUWRcxAAYr,sale,"2-room apartment",67,"fully renovated","KA Real","Banská Bystrica"
JucFSMwZ-YV,sale,"3-room apartment",83,"new construction","Reality Center, s.r.o.",Martin
JuHBGisy5-E,sale,"2-room apartment",68,"partially renovated","NajBývanie, s.r.o.",Ružomberok
JuInv_n4G9P,sale,"2-room apartment",39,"development project","Teraz, a.s.",Žilina
JuUFq9Wci3W,rent,"studio apartment",25,"partially renovated","Reality Alpia",Martin
JuBnUuJa9ic,sale,"2-room apartment",56,"new construction","Financial Hotels Management, s.r.o.",Žilina
Ju2txZynSMnS,sale,"4-room apartment",88,"fully renovated","TUreality s.r.o.",Žilina
Jucm4yaaOJ2,sale,"3-room apartment",77,"fully renovated","RK Dalmia s. r. o.","Dolný Kubín"
JuT9LmGMkpW,sale,"holiday apartment",22,"new construction",jabyvam.sk,"Liptovský Mikuláš"
JuuOQAIf3eQ,sale,"2-room apartment",64,"new construction","WFG reality, s.r.o.",Žilina
JuhSIJae8jB,sale,"holiday apartment",48,"new construction","Porto Real Group",Bratislava
Ju20KERTu8I,sale,"2-room apartment",59,unrenovated,"RESIDENCE realitná kancelária","Liptovský Mikuláš"
JuGfHZevCsA,rent,"3-room apartment",66,"fully renovated","Realitná kancelária DR, s.r.o.",Martin
JufXjo0g1k9,rent,"2-room apartment",59,"new construction","RESIDENCE realitná kancelária","Liptovský Mikuláš"
JuPNe1hyDeq,rent,"2-room apartment",57,"fully renovated","Fortio Popper s.r.o.",Bytča
Jumt5qe1Qm47,sale,"2-room apartment",50,"partially renovated","AstonReal s.r.o.","Banská Bystrica"
JuI6MQ6tc2T,sale,"2-room apartment",59,unrenovated,"BeMi realitná kancelária",Nitra
Ju4eeNbxgyr,rent,"2-room apartment",50,"fully renovated","Realitná kancelária RED, s.r.o.",Žilina
JuN3wzC2QtN,rent,"1-room apartment",36,"partially renovated","Like Reality s.r.o.","Považská Bystrica"
JuZdOmvD2ic,sale,"4-room apartment",77,"under construction","Istrofinal, s. r. o.",Žilina
JuQG3Tg2HJV,sale,"holiday apartment",50,"new construction","RESIDENCE realitná kancelária","Liptovský Mikuláš"
Ju7i7kUX31N,rent,"2-room apartment",58,"new construction","RE/MAX Slovakia",Bratislava
JuT7xzp7Ax-,sale,"2-room apartment",61,"fully renovated",AZUR.RE,Bratislava
JuTL4AQg4bH,rent,"2-room apartment",55,"fully renovated","Reality ASTORIA, s.r.o.",Martin
JuYNcMLobvd,rent,"4-room apartment",102,"new construction",NULL,NULL
JuCgojI4KWH,sale,"3-room apartment",74,unrenovated,"Trioreality, s.r.o.",Čadca
JukjSccuSX6,sale,"2-room apartment",55,"fully renovated","TUreality s.r.o.",Žilina
JuvuB2q_3M4,sale,"holiday apartment",50,"under construction","Tatry mountain resorts, a.s.","Liptovský Mikuláš"
Jum788VaVl8,sale,"1-room apartment",33,"new construction","WFG reality, s.r.o.",Žilina
JuRDv8rOGAN,rent,"2-room apartment",46,"fully renovated","Fortio Popper s.r.o.",Bytča
JuguMiG6Pot,sale,"other apartment type",40,"new construction","Euro Bauer s.r.o.",Žilina
JunSqXxyUya,sale,"1-room apartment",33,"new construction","WFG reality, s.r.o.",Žilina
Juzl0Ycup_I,sale,"holiday apartment",56,"fully renovated",donidDevelop,"Dolný Kubín"
JuMrpN3u-gh,sale,"2-room apartment",47,"under construction","Reality Alpia",Martin
JuG-jkKlogR,rent,"2-room apartment",50,"fully renovated","Reality Alpia",Martin
Ju-seNslb4u,sale,"2-room apartment",55,"partially renovated","Realitná kancelária RED, s.r.o.",Žilina
JuKxd6XdpfQ,rent,"3-room apartment",70,"fully renovated",NULL,NULL
JuddoVYZYie,sale,"1-room apartment",27,"new construction",Limaxreal,"Liptovský Mikuláš"
Ju4lN_U1N_8,sale,"3-room apartment",91,"new construction","ARBIZ real estate & finance s. r. o.",Ružomberok
JuNQHesGhEl,sale,"3-room apartment",65,"under construction","Istrofinal, s. r. o.",Žilina
Juv6SZd0pv9,sale,"3-room apartment",61,"fully renovated","Reality AK, spol. s r.o.",Martin
Ju01CyxoHbS,sale,"holiday apartment",47,"development project","KORSO Project, s.r.o.",Žilina
JuQxdKNuhGj,sale,"3-room apartment",85,"partially renovated","Piata Avenue",Žilina
JuMc4nt1NbY,sale,maisonette,119,"new construction","RK SPIRIT s.r.o.","Liptovský Mikuláš"
JuykyParod3,rent,"3-room apartment",70,"new construction","RENOME REAL",Žilina
Ju4N6fIAndO,sale,"3-room apartment",68,"new construction","TUreality s.r.o.",Žilina
JuiNHN3K-2n,sale,"2-room apartment",41,"fully renovated","SLNOVRAT, s.r.o.",Olešná
JucceUznreI,sale,"2-room apartment",54,"partially renovated","BEŇO REALITY","Liptovský Mikuláš"
JuzGrB3SDsa,rent,"studio apartment",25,"fully renovated","Felicita Real s. r. o.",Martin
JuCJs2os-i-x,sale,"1-room apartment",39,"new construction","Buby reality, s.r.o.",Žilina
Ju3z3M9TPDa,sale,"2-room apartment",52,"new construction","GAMA Reality, s.r.o.",Bytča
JuDxBcaveH8,sale,"3-room apartment",85,unrenovated,"Reality Center, s.r.o.",Martin
Ju_5trjiiyY,sale,"2-room apartment",49,"partially renovated","Piata Avenue",Žilina
Juo9yc6U_zm,sale,"3-room apartment",69,"partially renovated","BeMi realitná kancelária",Nitra
JueZYUzuLYA,sale,"1-room apartment",30,"fully renovated","OREA, s.r.o.","Dolný Kubín"
Juqo1hWp_Zj,sale,"3-room apartment",78,"partially renovated","TUreality s.r.o.",Žilina
Ju3pgjh4OY7,rent,"2-room apartment",43,"new construction","WFG reality, s.r.o.",Žilina
JueVCjlarhT,sale,"3-room apartment",77,unrenovated,"HD reality group s.r.o","Banská Bystrica"
JuX7LFsuKfI,sale,"2-room apartment",53,"partially renovated","ROSA reality","Kysucké Nové Mesto"
JuV0WpoDBe_,rent,"1-room apartment",37,"new construction",NULL,NULL
Ju2PTXS03nR,sale,"3-room apartment",73,"partially renovated","RIEŠIME BÝVANIE",Bratislava
Ju1Fw0u3Cah,sale,"3-room apartment",71,unrenovated,"Direct Real, spol. s r.o.",Bratislava
JuckFfec6yi,sale,"3-room apartment",86,"fully renovated","Reality Alpia",Martin
JuiYPO6c35-,sale,"4-room apartment",112,"partially renovated","Reality Center, s.r.o.",Martin
Jup8gJ48Fqt,sale,"2-room apartment",53,"new construction","KORSO Project, s.r.o.",Žilina
JuQ3YUuwUTb,rent,"4-room apartment",92,"new construction","RIEŠIME BÝVANIE",Bratislava
JutqtoD-x5N,rent,"2-room apartment",62,unrenovated,"Realitné kancelárie SR",Bratislava
Juu8kqRVDip,rent,"3-room apartment",61,"fully renovated","Direct Real, spol. s r.o.",Bratislava
Jub6sy4N9gp,sale,"2-room apartment",39,"under construction","TATRA CITY RESIDENCE s. r. o.",Zvolen
JuL2muHqM6p,rent,"3-room apartment",70,"fully renovated","PRIMA reality s.r.o.",Žilina
Ju28AQVsAqz,sale,"3-room apartment",NULL,"partially renovated","RECLOUD Reality a.s.",Bratislava
JuuVvHxxC-m,sale,"3-room apartment",66,"partially renovated","HALO reality, s.r.o.",Prievidza
JuzUlNr7U_e,rent,"3-room apartment",60,"partially renovated","Wealth Group, s.r.o.","Nová Dedinka"
Jumr_ISbK0Z,sale,"3-room apartment",75,"under construction","Reality Alpia",Martin
JuxXBGk_4Zo,sale,"1-room apartment",35,"partially renovated","Ing. Marcela Pišteková",Turzovka
JuZK9MB7o6G,rent,"4-room apartment",84,"fully renovated",NULL,NULL
JuSreilLACi,rent,"3-room apartment",62,"new construction","Realitná kancelária RED, s.r.o.",Žilina
JudTaFLI7V1,sale,"1-room apartment",30,"fully renovated","Reality AK, spol. s r.o.",Martin
JulUy_Gy-T7,sale,"1-room apartment",36,"fully renovated","XEMAR realitná spoločnosť s.r.o.","Banská Bystrica"
JuTgtQtwGXl,sale,"2-room apartment",60,"fully renovated","RE/MAX Slovakia",Bratislava
JuAoUEm3GbZ,sale,"3-room apartment",74,unrenovated,"ALT REAL, s.r.o.",Martin
JuZFiZ0fwgL,sale,"2-room apartment",54,"fully renovated","AstonReal s.r.o.","Banská Bystrica"
JuZLDF7L6J1,rent,"3-room apartment",90,"fully renovated","PRIMA reality s.r.o.",Žilina
JuH6sKr2JgO,sale,"holiday apartment",28,"new construction","MK-CORP s.r.o.",Malacky
Ju34-Gac91u,sale,"2-room apartment",49,"fully renovated","BEDES | Realitná kancelária",Prievidza
Ju7lDmg4T0n,sale,"holiday apartment",41,"new construction","KRUPPKY, s.r.o.","Liptovský Mikuláš"
JuR7qWw7H0C,sale,"3-room apartment",82,"fully renovated",NULL,NULL
JuKOidVb0W7,rent,"3-room apartment",80,unrenovated,"Reality Alpia",Martin
JuIDpA00OUN,rent,"2-room apartment",44,"new construction","ML realitný& finančny servis s.r.o. , BrokerSoft s.r.o. , Monika Launerová - SZČO","Banská Bystrica"
Ju6FesX3XoQ,sale,"3-room apartment",65,unrenovated,"Realitná kancelária",Bratislava
JuTBls071FE,sale,"holiday apartment",19,"new construction","B10 Slovensko, a. s.",Žilina
JukANoj_iFm,sale,"1-room apartment",25,"fully renovated","RESIDENCE realitná kancelária","Liptovský Mikuláš"
Juj0AUCC2FC,sale,"3-room apartment",55,"new construction","DLUGO reality",Poprad
JuEg-jxdD7t,rent,"3-room apartment",65,"new construction","ML realitný& finančny servis s.r.o. , BrokerSoft s.r.o. , Monika Launerová - SZČO","Banská Bystrica"
JuBSH-C3TAe,rent,"2-room apartment",56,"new construction",NULL,NULL
Juh1ylk55iy,sale,"1-room apartment",28,"under construction","RK SPIRIT s.r.o.","Liptovský Mikuláš"
JupjDJ9XYhE,sale,"holiday apartment",97,"fully renovated","REALITY SPOLU",Bratislava
JuDV2pnh02W,rent,"2-room apartment",58,"fully renovated","Realitná kancelária",Bratislava
JuN-Pnp6KBM,sale,"3-room apartment",65,unrenovated,"Safe reality s. r. o.",Žilina
JuPcc0iMceY,sale,"holiday apartment",39,"new construction","ARCHEUS Partners a.s.",Bratislava
JudyIRiA8kq,sale,"holiday apartment",52,"new construction",ZEIRA,Bratislava
JuUZC8aojHf,sale,"4-room apartment",163,"new construction","Arvin & Benet",Bratislava
JuMZVzeIVRp,sale,"holiday apartment",35,"fully renovated",NULL,NULL
Ju892FRo72v,sale,"4-room apartment",61,"fully renovated",NULL,NULL
JuODe5tlbwG,sale,"4-room apartment",98,"partially renovated","FINREA - ak vám záleží na výsledku","Dolný Kubín"
JuBpZ_BskLa,rent,"2-room apartment",51,"new construction",NULL,NULL
JulQn0N46Be,sale,"2-room apartment",49,"development project","ATP stavby s.r.o.","Teplička nad Váhom"
JuFuOGe_LXE,rent,"3-room apartment",60,"fully renovated",NULL,NULL
Ju1BpgSKaaX,sale,"2-room apartment",63,"partially renovated","MGM reality",Žilina
JuVTyDRO6Fo,sale,"4-room apartment",80,"fully renovated",NULL,NULL
JuKXwzVXskc,rent,"4-room apartment",162,"fully renovated","Realitná kancelária RED, s.r.o.",Žilina
JueuOSIj-04,sale,"3-room apartment",74,"partially renovated","Realitná kancelária",Bratislava
JutPVr1bWDy,sale,"3-room apartment",67,"partially renovated","OVERENÉ REALITY","Banská Bystrica"
JuuAb4gfi_M,sale,"holiday apartment",45,"partially renovated",NULL,NULL
Ju90gNOpUS1,sale,"3-room apartment",102,"under construction","CANGURU s.r.o.","Rajecké Teplice"
JuaoWKxAUyW,rent,"3-room apartment",65,"fully renovated","WFG reality, s.r.o.",Žilina
Ju1vHkMA9-i,sale,"3-room apartment",92,"new construction","RE/MAX Slovakia",Bratislava
Ju-a60L4yJH,sale,"2-room apartment",52,"new construction","FINREA - ak vám záleží na výsledku","Dolný Kubín"
JuWACwgZ0JW,sale,"3-room apartment",84,"partially renovated","Reality Alpia",Martin
JuhldTbf0YC,sale,"3-room apartment",65,"under construction","Constario REALTY s.r.o.",Žilina
Ju-zlCEP8xA,sale,"holiday apartment",46,"new construction","Nové bývanie",Nitra
JuyMZex0bdp,sale,"2-room apartment",56,"new construction","Renovo Reality",Žilina
Jux3XqE2ppP,sale,"holiday apartment",43,"new construction","XEMAR realitná spoločnosť s.r.o.","Banská Bystrica"
Juwu97tpKpb,rent,"2-room apartment",68,"fully renovated","MAX PROFI REALITY",Martin
JuCx6JHdbha,sale,"2-room apartment",65,"new construction","Reinoo a.s.",Žilina
JuNAef2PSXl,rent,"4-room apartment",83,"fully renovated",NULL,NULL
Jul4B6HJsMz,sale,"holiday apartment",34,"new construction","MK-CORP s.r.o.",Malacky
JuITiNm8gMP,sale,"2-room apartment",64,"new construction",NULL,NULL
JuZyhdrORR4,sale,"2-room apartment",70,"under construction","CANGURU s.r.o.","Rajecké Teplice"
JunvsP3a8hf,rent,"holiday apartment",NULL,"fully renovated",liptoreal,"Liptovský Mikuláš"
Jun_e5pu1kO,sale,"3-room apartment",85,"new construction","Reinoo a.s.",Žilina
JuD2CR5HuKc,sale,"1-room apartment",45,"fully renovated","A-Byt Consult, s.r.o.",Ružomberok
Ju4j49rCz8N,sale,"3-room apartment",92,"partially renovated",NULL,NULL
Ju5mXWZ29s_,sale,"2-room apartment",54,"fully renovated","Reality Alpia",Martin
Jurvv0ZHBuR,sale,"1-room apartment",NULL,"new construction","PSynchro RK32",Žilina
JuAxXn7nLOP,sale,"2-room apartment",181,"new construction","ŽILINAREAL, s.r.o.",Žilina
JuHpUtcCNg-,sale,"3-room apartment",73,"new construction","Financie a reality od A po Z",Martin
JuQIDFd_kHU,sale,"holiday apartment",48,"development project","KORSO Project, s.r.o.",Žilina
JudmgOWhHLZ1,sale,"2-room apartment",61,"fully renovated","SLNOVRAT, s.r.o.",Olešná
Ju0hF7AM_5h,sale,"3-room apartment",65,"partially renovated",NULL,NULL
JuEeA2GuHj3,sale,"3-room apartment",97,"partially renovated","A-Byt Consult, s.r.o.",Ružomberok
JuDDQHUehhw,sale,"1-room apartment",52,"partially renovated","TARGETreal s. r. o.",Žilina
Ju0xJVhINu5,sale,"2-room apartment",55,"partially renovated","1. Reality Rent, s.r.o.",Žilina
JuTiMVE781u,sale,"3-room apartment",75,"partially renovated","AstonReal s.r.o.","Banská Bystrica"
JuV9QF4vC1L,sale,"3-room apartment",69,"partially renovated","Reality AK, spol. s r.o.",Martin
JumNtvscU-s,sale,"holiday apartment",43,"new construction","CreeX Reality s.r.o.",Trnava
JuSTl0QkI_h,sale,"holiday apartment",68,"partially renovated","NajBývanie, s.r.o.",Ružomberok
JuJZPVcldrZ,sale,"4-room apartment",103,"new construction","HMS Services, a. s.",Žilina
JuSSppam0PC,sale,"1-room apartment",34,"new construction","TATRA CITY RESIDENCE s. r. o.",Zvolen
JucYBy-FPZ5,sale,"2-room apartment",62,"new construction","Reinoo a.s.",Žilina
JuuJ1uhMrN8,rent,"2-room apartment",64,"fully renovated","BeMi realitná kancelária",Nitra
JuTc88Wux9w,sale,"2-room apartment",56,"fully renovated","GARANT REALITY",Ružomberok
Ju-cD3Eglt7,sale,"2-room apartment",48,"under construction","REALITY TATRY",Levoča
JuTbC9RkGly,rent,"4-room apartment",162,"fully renovated","Realitná kancelária RED, s.r.o.",Žilina
JuKzHgnrtuZ,rent,"2-room apartment",65,"new construction","Realitné kancelárie SR",Bratislava
Jua8nBfq4pP,sale,"4-room apartment",91,"fully renovated","Realitná kancelária RED, s.r.o.",Žilina
JupAkSKIIBk,rent,"4-room apartment",88,"partially renovated","Reality Alpia",Martin
JuYUZodjDKp,sale,house,91,"under construction","BAU holding - rodinné domy, s. r. o.",Bratislava
Ju5Yoj_C-t-,sale,"2-room apartment",56,"new construction",NULL,NULL
Ju0FWK0oDmX,sale,"1-room apartment",36,"under construction","Reality Alpia",Martin
JucrRlUBTDv,sale,"3-room apartment",75,"fully renovated","SLNOVRAT, s.r.o.",Olešná
JunvOdNMl-j,rent,"2-room apartment",50,"fully renovated","Reality MT s.r.o.",Martin
JuXll0okDmg,sale,"2-room apartment",52,"new construction","Realitná kancelária RED, s.r.o.",Žilina
Ju5MSxaC_U4,rent,"studio apartment",26,"partially renovated","KUBALA REALITY, s.r.o.",Čadca
Ju0sE49cmdc,rent,"3-room apartment",65,"fully renovated",liptoreal,"Liptovský Mikuláš"
Ju8oShU9enl,sale,"4-room apartment",84,"partially renovated","HALO reality, s.r.o.",Prievidza
JuOobPaFHGD,sale,"2-room apartment",47,"new construction","JKV REAL",Prievidza
Ju9wHsIIJEO,rent,"4-room apartment",100,"fully renovated","Realitné kancelárie SR",Bratislava
Ju6hdfe5kDA,sale,"holiday apartment",51,"under construction","Tatry mountain resorts, a.s.","Liptovský Mikuláš"
JukheJ1B1aD,sale,"2-room apartment",76,"new construction","RESIDENCE realitná kancelária","Liptovský Mikuláš"
JuXvJNkXrX-,sale,"holiday apartment",44,"new construction","Reality Now",Bratislava
JuARmayf-nL,sale,"2-room apartment",62,"partially renovated","Reality Alpia",Martin
JueWH91Qt062,sale,"holiday apartment",32,"new construction","DOMUM realitná spoločnosť s. r. o.","Nové Mesto nad Váhom"
JuaBQ-omPcs,sale,"studio apartment",25,unrenovated,"Realitná kancelária",Bratislava
JuKfjwtr3uv,sale,"3-room apartment",43,"fully renovated","FINREA - ak vám záleží na výsledku","Dolný Kubín"
JuBgCxlwRO1,sale,"3-room apartment",78,unrenovated,"Pro Real, s. r. o. realitná kancelária",Žilina
JupJ5OCoIez,rent,"2-room apartment",50,"partially renovated",NULL,NULL
Juq8SVDOmLX,sale,"2-room apartment",48,"partially renovated",NULL,NULL
JuqvAhg9dB7,rent,"3-room apartment",60,"fully renovated","KUBALA REALITY, s.r.o.",Čadca
JudvlSKcuB3,rent,"2-room apartment",50,"partially renovated","Realitná kancelária DR, s.r.o.",Martin
Ju71Or7iIz1,rent,"2-room apartment",65,unrenovated,"Realitné kancelárie SR",Bratislava
Ju8f4W9RYX2,sale,"holiday apartment",41,"new construction","Tatra Invest",Podtureň
JupbJt5OZmn,rent,"3-room apartment",75,"partially renovated",NULL,NULL
JuUrbdc3pDN,sale,"2-room apartment",69,"new construction","RK SPIRIT s.r.o.","Liptovský Mikuláš"
Ju-XczSJwZk,rent,"3-room apartment",74,"fully renovated","Fortio Popper s.r.o.",Bytča
JucfuBBHTMn,sale,"1-room apartment",36,"fully renovated","KA Real","Banská Bystrica"
JuoQ5zgqUF8,rent,"3-room apartment",90,"fully renovated","STAREA, s. r. o.",Žilina
JuDyAq3LxaR,sale,"2-room apartment",56,unrenovated,"Realitná kancelária RED, s.r.o.",Žilina
JuPoZE57z5D,sale,"4-room apartment",123,"fully renovated","RK4 REALITY",Bratislava
JuQ010q_mPp,sale,"studio apartment",25,"fully renovated","House Real Žilina",Žilina
Ju6NM6rUyuq,rent,"1-room apartment",55,"partially renovated","BEŇO REALITY","Liptovský Mikuláš"
Ju2W2fwASSP,sale,"3-room apartment",87,"new construction","TUreality s.r.o.",Žilina
Jun4cFPr-JJ,sale,"2-room apartment",52,"new construction","R2 SK, s.r.o.",Žilina
JuU41-eIe2m,sale,"4-room apartment",77,"under construction","Istrofinal, s. r. o.",Žilina
JuC7FB5n3i0,sale,"1-room apartment",32,"new construction","RK SPIRIT s.r.o.","Liptovský Mikuláš"
JuYWEki50At,rent,"studio apartment",14,"new construction","1. Reality Rent, s.r.o.",Žilina
Julagh5blsT,rent,"2-room apartment",85,"fully renovated","FINREA - ak vám záleží na výsledku","Dolný Kubín"
JuL2CqQ6bTm,sale,"2-room apartment",55,"partially renovated","BeMi realitná kancelária",Nitra
JuaDMLn46eO,rent,"2-room apartment",54,"fully renovated","FINREA - ak vám záleží na výsledku","Dolný Kubín"
JudWcaYczoj,sale,"studio apartment",25,unrenovated,"RESIDENCE realitná kancelária","Liptovský Mikuláš"
JuTaGlgOIm6,sale,"4-room apartment",120,"new construction","Occam New Home",Bratislava
JuzwzT16anT,rent,"4-room apartment",92,"new construction","Realitná kancelária RED, s.r.o.",Žilina
JuF5BDGmyHN,sale,"2-room apartment",69,"under construction","CANGURU s.r.o.","Rajecké Teplice"
Ju-q6Oh2szF,sale,"3-room apartment",60,"new construction","Realitná kancelária DOM",Žilina
Ju4T4al4Vz1,sale,"2-room apartment",70,"under construction","CANGURU s.r.o.","Rajecké Teplice"
JuU5AQijDSV,sale,"2-room apartment",44,"new construction",G-REAL,"Liptovský Mikuláš"
JuMBGx19jQm,sale,"2-room apartment",55,"fully renovated","RE/MAX Slovakia",Bratislava
JuK1t12r-oH,rent,"2-room apartment",55,"fully renovated","TUreality s.r.o.",Žilina
JuhxKlECA3G,sale,"4-room apartment",86,"under construction","ODEKO manažment s.r.o.",Žilina
Ju9BdsvYTHj,sale,"4-room apartment",100,"development project","Teraz, a.s.",Žilina
Ju6Co8ebtz8,sale,"4-room apartment",131,"new construction","B10 Slovensko, a. s.",Žilina
Ju7WBBedEh6,rent,"3-room apartment",102,"new construction",NULL,NULL
Ju0fvkzNIT_,sale,"3-room apartment",212,"partially renovated","RESIDENCE realitná kancelária","Liptovský Mikuláš"
Ju4lV1--VGV,sale,"3-room apartment",93,"fully renovated","Realitka pre každého",Žilina
JuFVUTYq75r,rent,"2-room apartment",53,"fully renovated","OREA, s.r.o.","Dolný Kubín"
JuktUK0BQQK,rent,"2-room apartment",67,"new construction",NULL,NULL
JuuN3hIqf_p,sale,"2-room apartment",61,unrenovated,"OVERENÉ REALITY","Banská Bystrica"
Jug3tmEab8dn,sale,"3-room apartment",65,"fully renovated","TUreality s.r.o.",Žilina
Ju0wXtJ_miO,sale,"3-room apartment",82,"new construction","Prvá Realitná Kancelária, s.r.o.",Bratislava
JuGN2-1NoX2,sale,"2-room apartment",52,"new construction","Reinoo a.s.",Žilina
JuSqYMaXIJ4,rent,"3-room apartment",52,"partially renovated","RESIDENCE realitná kancelária","Liptovský Mikuláš"
Ju_mj9AejcW,sale,"3-room apartment",82,"partially renovated","RECLOUD Reality a.s.",Bratislava
Jul4sW3x805,sale,"other apartment type",172,unrenovated,"WFG reality, s.r.o.",Žilina
Juty1iBq1Em,rent,"3-room apartment",70,"fully renovated","ŽILINAREAL, s.r.o.",Žilina
Ju-1tp0yEDG,sale,"3-room apartment",72,"partially renovated","FINREA - ak vám záleží na výsledku","Dolný Kubín"
JuDeBuW3pN0,sale,"3-room apartment",74,"new construction","Buby reality, s.r.o.",Žilina
JuDjC6lbUrb,sale,"2-room apartment",54,"development project","ODEKO manažment s.r.o.",Žilina
JukiyEnJ5hw,sale,"4-room apartment",115,"fully renovated","Realitná kancelária RED, s.r.o.",Žilina
Ju35wiOj2hS,sale,"3-room apartment",88,"new construction","Reinoo a.s.",Žilina
JuIYGEaJFQ7,sale,"2-room apartment",42,"new construction",G-REAL,"Liptovský Mikuláš"
Ju4n_bUHLJ9,rent,"2-room apartment",65,unrenovated,"FINREA - ak vám záleží na výsledku","Dolný Kubín"
JuDt4JSbLor,rent,"2-room apartment",55,"fully renovated","FINREA - ak vám záleží na výsledku","Dolný Kubín"
JuK5fZIIPNG,sale,"3-room apartment",80,unrenovated,NULL,NULL
Jui1mJgPtv9,rent,"3-room apartment",80,"fully renovated","FINREA - ak vám záleží na výsledku","Dolný Kubín"
JuFG7fBeyGR,sale,"3-room apartment",69,"fully renovated","B10 Slovensko, a. s.",Žilina
JuKfm2wXtCP,sale,"2-room apartment",41,"new construction","B10 Slovensko, a. s.",Žilina
JufWdbgp6A3,sale,"3-room apartment",102,"new construction","TARGETreal s. r. o.",Žilina
Jud1TyzIUXK,rent,"2-room apartment",65,"new construction","Loviu, s.r.o.","Liptovský Mikuláš"
Ju5fikmM7T5,sale,"3-room apartment",75,"fully renovated","RK SPIRIT s.r.o.","Liptovský Mikuláš"
JuewVCwJvGy,rent,"holiday apartment",NULL,"fully renovated","MK CAR, s.r.o.",Bitarová
JuGV5aus1Gq,sale,"3-room apartment",72,unrenovated,"WFG reality, s.r.o.",Žilina
JuTVD1EJqzO,sale,"2-room apartment",44,"under construction","BENCONT DEVELOPMENT, a.s.",Bratislava
JuH7sCfx0Xw,sale,"2-room apartment",53,"fully renovated","SLNOVRAT, s.r.o.",Olešná
Jux9NoUYkfu,sale,"3-room apartment",89,"development project","ODEKO manažment s.r.o.",Žilina
JuEE_KosY1x,sale,"2-room apartment",86,"new construction","Realitné kancelárie SR",Bratislava
JuYp1Zctty0,sale,"2-room apartment",56,"partially renovated","Reality Alpia",Martin
JuoZ1J6Es1y,rent,"2-room apartment",50,"fully renovated","bezmaklérov, s.r.o.",Žilina
JuWQ2JltmXN,rent,"3-room apartment",78,"new construction","WFG reality, s.r.o.",Žilina
Juwpt8fo8iw,sale,"3-room apartment",64,unrenovated,"KARIN & PARTNERS, s.r.o.",Bratislava
Ju4MMsyYZ5L,rent,"studio apartment",25,"fully renovated","DRR INVEST, s. r. o.","Horný Hričov"
JuzbyOpl5Xf,rent,"3-room apartment",84,"fully renovated","Fortio Popper s.r.o.",Bytča
JuFU83JdcqO,rent,"3-room apartment",66,"partially renovated","FINREA - ak vám záleží na výsledku","Dolný Kubín"
Jut7vhqlQ5I,sale,"2-room apartment",57,unrenovated,"Like Reality s.r.o.","Považská Bystrica"
JubDyUATEXA,sale,"4-room apartment",85,"partially renovated","Reality D.P.A.",Martin
JuqdVslmKGx,sale,"2-room apartment",55,"under construction","Realitné kancelárie SR",Bratislava
JucGgWWz-uF,rent,"1-room apartment",42,unrenovated,"Realitné kancelárie SR",Bratislava
JueR5kVH0gB,rent,"2-room apartment",56,"new construction",NULL,NULL
Jugl5WLVOis,rent,"2-room apartment",50,unrenovated,NULL,NULL
Ju1AWDIaxaK,sale,"3-room apartment",85,"under construction","RK SPIRIT s.r.o.","Liptovský Mikuláš"
JuVx84ohOxh,rent,"1-room apartment",20,"partially renovated","FINREA - ak vám záleží na výsledku","Dolný Kubín"
JuFQj_B37XO,sale,"2-room apartment",45,"partially renovated","ROMDOM, s. r. o",Žilina
JuRxO-wu66d,sale,"4-room apartment",83,"fully renovated","LAVENTURA s.r.o.",Žilina
Juq924pqMXb,sale,"3-room apartment",86,"partially renovated","Buby reality, s.r.o.",Žilina
JuEVkw9ddDA,sale,"3-room apartment",76,"partially renovated","Reality ASTORIA, s.r.o.",Martin
JumX8n0CV3C,sale,"1-room apartment",39,"under construction","Realitná kancelária",Bratislava
JuHfT6EkWLg,sale,"2-room apartment",53,"fully renovated","J.M.H. s.r.o.","Liptovský Hrádok"
JucNvh6xi3X,sale,"4-room apartment",113,"development project","KORSO Project, s.r.o.",Žilina
Jujveqa78vA,sale,"3-room apartment",78,"fully renovated","ŽILINAREAL, s.r.o.",Žilina
JuSTaf-asxr,sale,"3-room apartment",61,unrenovated,"HALO reality, s.r.o.",Prievidza
Ju65cZ1we6J,rent,"1-room apartment",37,"new construction",NULL,NULL
Ju-XTfWbu4x,rent,"2-room apartment",65,"new construction","SLNOVRAT, s.r.o.",Olešná
JujKiw_LZU1,sale,"3-room apartment",78,unrenovated,"RK4 REALITY",Bratislava
JueIY5hIK7c,sale,"3-room apartment",74,"new construction","Reinoo a.s.",Žilina
JuqmFIXrbkG,rent,"studio apartment",22,"new construction","FINREA - ak vám záleží na výsledku","Dolný Kubín"
JubxOFYENrS,sale,"holiday apartment",57,"new construction","Pegas real s.r.o.",Bratislava
Julrxc4m4jW,sale,"2-room apartment",50,"fully renovated","MGM reality",Žilina
JuNbGbpkzSB,rent,"4-room apartment",110,"new construction","Piata Avenue",Žilina
JuOHl43if-S,rent,"2-room apartment",38,"fully renovated","OREA, s.r.o.","Dolný Kubín"
Jugmk_Ze8Rz,sale,"3-room apartment",75,"fully renovated","OVERENÉ REALITY","Banská Bystrica"
Ju3RyhBnxqn,sale,"3-room apartment",77,"new construction","DLUGO reality",Poprad
Juv-PlaXTBH,rent,"3-room apartment",60,"fully renovated","Reality Alpia",Martin
Ju7JTdVZY88,sale,"4-room apartment",77,"under construction","Istrofinal, s. r. o.",Žilina
JuiXqsf4YYv,rent,"4-room apartment",99,"fully renovated",NULL,NULL
Juacbmz9XNp,sale,"2-room apartment",68,"fully renovated","Reality Alpia",Martin
Juuc5eYfRcY,rent,"2-room apartment",49,"fully renovated","RE/MAX Slovakia",Bratislava
JuWeCQ_05jp,sale,"holiday apartment",175,"new construction","RESIDENCE realitná kancelária","Liptovský Mikuláš"
Ju7dMBplPsC,sale,"2-room apartment",54,"under construction","Istrofinal, s. r. o.",Žilina
JuEJsd-IFWc,sale,"2-room apartment",51,"under construction","TATRA CITY RESIDENCE s. r. o.",Zvolen
JuvU6HPzzl0,rent,"2-room apartment",42,"fully renovated","OVERENÉ REALITY","Banská Bystrica"
Jus-41FaUT-,sale,"2-room apartment",48,"fully renovated","Safe reality s. r. o.",Žilina
Jugd0CIH9AR,sale,"3-room apartment",123,"new construction","MGM reality",Žilina
JuULfuWRHXy,sale,"2-room apartment",74,unrenovated,"Reality D.P.A.",Martin
JuG0SlTwzlu,sale,"4-room apartment",138,"new construction","MGM reality",Žilina
JuzhJPXxvIr,sale,"2-room apartment",665,"new construction","Reality AK, spol. s r.o.",Martin
Ju67d-dUTmu,rent,"3-room apartment",81,"fully renovated","JKV REAL",Prievidza
Ju3GPN81c0G6,sale,"5+ room apartment",180,unrenovated,"Realitná kancelária DOM",Žilina
JupEyEEjkVM,sale,"3-room apartment",69,"fully renovated","Jacek reality s. r. o.","Považská Bystrica"
Juo3yMu_z5E,sale,"5+ room apartment",140,unrenovated,"RS Mansory s.r.o.",Bratislava
JutGSTAuW2R,rent,"2-room apartment",72,"fully renovated","Reality Alpia",Martin
JueaMJQ3i3k,sale,"3-room apartment",67,"partially renovated","TUreality s.r.o.",Žilina
JuZCBswYwaN1,rent,"holiday apartment",40,"new construction",NULL,NULL
Ju4LJ_g_D6K,rent,"3-room apartment",73,"fully renovated","Fortio Popper s.r.o.",Bytča
JukApNg-M8K,sale,"3-room apartment",83,"fully renovated",NULL,NULL
Ju9y0Y4mbAj,sale,"3-room apartment",85,"fully renovated","GRAVITAS a. s.",Bratislava
JuLuLPY-Qsq,sale,"2-room apartment",71,"new construction","Buby reality, s.r.o.",Žilina
JudMJ6hNCSy,rent,"2-room apartment",60,"fully renovated",NULL,NULL
JuMLTI5Qk7o,sale,"holiday apartment",72,"new construction","MK-CORP s.r.o.",Malacky
JuRdtZI3MuC,sale,"2-room apartment",50,"new construction",G-REAL,"Liptovský Mikuláš"
Ju6MmU5y4t_,rent,"4-room apartment",260,"new construction","Realitné kancelárie SR",Bratislava
Juq_j6YQYsV,rent,"2-room apartment",56,"fully renovated","Reality ASTORIA, s.r.o.",Martin
JuoJ3kkyC7Y,rent,"2-room apartment",60,"fully renovated","FINREA - ak vám záleží na výsledku","Dolný Kubín"
JuVvUzJnXTu,rent,"2-room apartment",70,"new construction","Realitné kancelárie SR",Bratislava
Ju5ImCNB76o,sale,"4-room apartment",78,"partially renovated","MGM reality",Žilina
JuNw9r8KaEc,rent,"studio apartment",38,"fully renovated","FINREA - ak vám záleží na výsledku","Dolný Kubín"
Juxpt8YRG2_,sale,"3-room apartment",73,"partially renovated","Reality Alpia",Martin
Ju_V7mSpqiT,rent,"1-room apartment",25,"fully renovated","TARGETreal s. r. o.",Žilina
Ju4y_fscQPu,sale,"3-room apartment",85,"fully renovated","FINREA - ak vám záleží na výsledku","Dolný Kubín"
Juso4TLY6UW,sale,"2-room apartment",50,"fully renovated","FINREA - ak vám záleží na výsledku","Dolný Kubín"
JukGyJ3rkzi,sale,"3-room apartment",73,"partially renovated","Realitná kancelária",Bratislava
JueH_k99MSI,sale,"3-room apartment",71,"partially renovated","RESIDENCE realitná kancelária","Liptovský Mikuláš"
JuVD_m1Cal89,sale,"2-room apartment",55,"partially renovated","FINREA - ak vám záleží na výsledku","Dolný Kubín"
Juh1ajbcNdb,sale,"3-room apartment",68,unrenovated,"Realitná kancelária",Bratislava
JulVwlSvctK,sale,"2-room apartment",60,"new construction","Prvá Realitná Kancelária, s.r.o.",Bratislava
JuZMRwuUCim,rent,"3-room apartment",65,"fully renovated","Reality IQ, s.r.o.",Žilina
JuSBcLlOavm,sale,"2-room apartment",50,"new construction","RIEŠIME BÝVANIE",Bratislava
JufTJtipeK4,sale,"3-room apartment",65,"fully renovated","Felicita Real s. r. o.",Martin
JuauRurLCyp,sale,"2-room apartment",49,"partially renovated","Realitné kancelárie SR",Bratislava
Ju3sbzAOfWW,sale,"4-room apartment",81,"partially renovated","B10 Slovensko, a. s.",Žilina
JuyXVDLxEni,rent,"2-room apartment",NULL,"new construction",NULL,NULL
Ju9DwSC6oJu,sale,"2-room apartment",70,"fully renovated","RK Dalmia s. r. o.","Dolný Kubín"
Ju1eGXbZzUb,sale,"3-room apartment",60,unrenovated,"Wealth Group, s.r.o.","Nová Dedinka"
JuU7r63X4wA,sale,"3-room apartment",70,"fully renovated","AstonReal s.r.o.","Banská Bystrica"
JuwIRVaQL-Z,sale,"2-room apartment",46,"new construction","Realitné kancelárie SR",Bratislava
JuZIrRq5Yby,sale,"4-room apartment",85,unrenovated,"BeMi realitná kancelária",Nitra
Juzc7VOLXGcb,sale,"3-room apartment",NULL,"fully renovated","RECLOUD Reality a.s.",Bratislava
Juh069sIM8t,sale,"4-room apartment",99,"new construction","TUreality s.r.o.",Žilina
Juq7qf85SJ_x,rent,"2-room apartment",48,unrenovated,"Realitné kancelárie SR",Bratislava
JuHNiSC8Wtj,sale,"holiday apartment",41,"new construction","J.M.H. s.r.o.","Liptovský Hrádok"
JuW48-9PwOZ,rent,"1-room apartment",50,"new construction","JPE. Reality - Jozef Pajer",Čadca
JuMvD_EgmbK,sale,"3-room apartment",60,"fully renovated","RIEŠIME BÝVANIE",Bratislava
Ju6MXg-E6En,sale,"1-room apartment",38,"new construction","Buby reality, s.r.o.",Žilina
Ju9pwW3rFN2,rent,"1-room apartment",NULL,"fully renovated","HOLESTIAK.sk reality s.r.o.",Čadca
Ju5kidrwmrO2,rent,"2-room apartment",50,"new construction","Safe reality s. r. o.",Žilina
JukVrVsK1ht,sale,"3-room apartment",75,"new construction","Realitná kancelária RED, s.r.o.",Žilina
Jufdn1ln-Ke,sale,"2-room apartment",65,"partially renovated","bezmaklérov, s.r.o.",Žilina
JuzAfAnhSmB,sale,"4-room apartment",93,"partially renovated","NajBývanie, s.r.o.",Ružomberok
JuokG910TrR,rent,"1-room apartment",30,"fully renovated","FINREA - ak vám záleží na výsledku","Dolný Kubín"
JuJqHGEd9oq,rent,"holiday apartment",25,"fully renovated","AnoReal, s.r.o.",Stráňavy
Ju9itHE-Ye8,rent,"2-room apartment",55,"fully renovated","Reality Alpia",Martin
JuE1GXKIL78,rent,"1-room apartment",38,"fully renovated",NULL,NULL
JuIlrGNiow6,sale,"3-room apartment",80,"new construction","Q REAL s.r.o.",Bratislava
JuIpF-cJ7Wj,sale,"2-room apartment",64,"fully renovated","BR ACADEMY, s. r. o.","Kysucké Nové Mesto"
Ju0lQAOkvtE,sale,"1-room apartment",38,"new construction","WFG reality, s.r.o.",Žilina
Ju7XXF2jsra,sale,"3-room apartment",66,"new construction","Realitná kancelária RED, s.r.o.",Žilina
Juhxp3dqjhf,rent,"1-room apartment",30,"fully renovated","Realitné kancelárie SR",Bratislava
JuqDc5JA0z2,sale,"4-room apartment",84,"fully renovated","OREA, s.r.o.","Dolný Kubín"
JufwsWkzi_8,rent,"1-room apartment",30,"fully renovated","Realitná kancelária",Bratislava
Ju3mlopyrCW,sale,"2-room apartment",53,"new construction","TARGETreal s. r. o.",Žilina
JuW-h1lHUAf,sale,"2-room apartment",39,"under construction","TATRA CITY RESIDENCE s. r. o.",Zvolen
JuuIsQ7Faa3,sale,"3-room apartment",128,"new construction",NULL,NULL
JucaEIsV4JC,sale,"3-room apartment",57,"new construction","NajBývanie, s.r.o.",Ružomberok
Ju3Edwy5E9k,sale,"4-room apartment",101,"fully renovated","Realitné kancelárie SR",Bratislava
JuOF4HNBZNF,sale,"3-room apartment",75,"partially renovated","TUreality s.r.o.",Žilina
Jubt5q54oGG,sale,"2-room apartment",39,unrenovated,"Realitné kancelárie SR",Bratislava
Juq2JDI17SL,rent,"1-room apartment",37,"new construction",NULL,NULL
JufIcrH5ACA,rent,"2-room apartment",70,"fully renovated","Piata Avenue",Žilina
Ju9Ws1QPS3n,rent,"4-room apartment",80,"fully renovated","MGM reality",Žilina
Ju-rzMotwKF,sale,"1-room apartment",30,"new construction","ARCHEUS Partners a.s.",Bratislava
JuxMPXZzAel,sale,"2-room apartment",58,"partially renovated","BeMi realitná kancelária",Nitra
JuEHAn3LwGR,sale,"2-room apartment",70,"fully renovated",NULL,NULL
JuazplczVyT,rent,"1-room apartment",25,"partially renovated","KA Real","Banská Bystrica"
Ju_TGzIFNk3,sale,"holiday apartment",79,"new construction",NULL,NULL
JuuM-q0SgiK,rent,"4-room apartment",84,unrenovated,"Direct Real, spol. s r.o.",Bratislava
Ju-lRWjvao3,sale,"2-room apartment",87,"partially renovated","RESIDENCE realitná kancelária","Liptovský Mikuláš"
JunWCB0DrwG,sale,"3-room apartment",62,unrenovated,"1. Reality Rent, s.r.o.",Žilina
JuxyNbJ2-r9,sale,"holiday apartment",71,"partially renovated","Reality Alpia",Martin
JuUW30jCiXY,sale,"3-room apartment",74,"fully renovated","sunnyreal s.r.o.",Senec
JuKqTd0J1IQ,sale,"2-room apartment",60,"new construction","RESIDENCE realitná kancelária","Liptovský Mikuláš"
Juz-nuV7qfY,sale,"4-room apartment",151,"new construction","DreamReality s.r.o.",Žilina
Juvr_afUfgc,sale,"4-room apartment",520,"fully renovated","Realitná kancelária RED, s.r.o.",Žilina
JuSB5VX7uLX,sale,"3-room apartment",77,"new construction","TUreality s.r.o.",Žilina
JuA0NKQExXq,sale,"3-room apartment",66,unrenovated,"Pro Real, s. r. o. realitná kancelária",Žilina
Ju_JHpt6_hD,sale,"studio apartment",32,"new construction",G-REAL,"Liptovský Mikuláš"
Juo05IpENrn,sale,"3-room apartment",72,"new construction","Svoboda&Williams Slovakia s.r.o.",Bratislava
JuZG0VM_IM4,sale,"3-room apartment",71,"partially renovated","R2 SK, s.r.o.",Žilina
JuUOO-LXy23,rent,"3-room apartment",63,"fully renovated",jabyvam.sk,"Liptovský Mikuláš"
JucyrM14fby,rent,"4-room apartment",89,"fully renovated","Realitné kancelárie SR",Bratislava
JuYEF2k-qam,sale,"3-room apartment",70,unrenovated,"RESIDENCE realitná kancelária","Liptovský Mikuláš"
JuLJzHZSfxX,sale,"2-room apartment",70,unrenovated,"RIEŠIME BÝVANIE",Bratislava
JuxE6cxjVt5,rent,"3-room apartment",72,"fully renovated","Reality Center, s.r.o.",Martin
JuSt-eGDLO6,sale,"studio apartment",123,"partially renovated",NULL,NULL
JuaEFYi_BYt,sale,"2-room apartment",55,"new construction","Realitné kancelárie SR",Bratislava
Ju8vp_eBF_v,sale,"3-room apartment",65,"under construction","Istrofinal, s. r. o.",Žilina
JuRTwACBCKF,sale,"3-room apartment",NULL,"new construction","Nové bývanie",Nitra
JubsYNuv_gH,sale,"2-room apartment",NULL,"development project",NULL,NULL
Jubm9fi-mY2v,sale,"2-room apartment",47,"new construction",NULL,NULL
JudLF_FsgcX,sale,"4-room apartment",81,"partially renovated","Reality Alpia",Martin
JuS9mzdfL46,rent,"2-room apartment",80,"new construction",NULL,NULL
Juopd9f8gHL,rent,"2-room apartment",53,"fully renovated","Realitné kancelárie SR",Bratislava
Ju2UJpNwB9y,sale,"2-room apartment",55,"fully renovated","SLNOVRAT, s.r.o.",Olešná
JuUmF3RUVmb,sale,"studio apartment",25,unrenovated,"Realitná kancelária",Bratislava
JudlhMNjWfy,sale,"3-room apartment",59,"new construction","Realitné kancelárie SR",Bratislava
JuKXKn_6Mq6,sale,"2-room apartment",50,unrenovated,"Realitná kancelária RED, s.r.o.",Žilina
JuKVuQz4tJM,rent,"2-room apartment",43,"fully renovated","OREA, s.r.o.","Dolný Kubín"
JuFvtb1f76m,sale,"3-room apartment",72,"fully renovated",NULL,NULL
JufchRWgj96,sale,"1-room apartment",39,"new construction","WFG reality, s.r.o.",Žilina
JuXqaBy1YwX,sale,"2-room apartment",54,"partially renovated","Realitné kancelárie SR",Bratislava
JuMU6JiyoDi,sale,"3-room apartment",63,"fully renovated","TUreality s.r.o.",Žilina
JuFIplbJnri,sale,"4-room apartment",142,"new construction","MGM reality",Žilina
JuXU3OM1vfY,rent,"3-room apartment",65,"fully renovated",NULL,NULL
Ju7W5q5NyuP,rent,"holiday apartment",40,"new construction","Fine Living",Nitra
Ju1cXQ08ziY,sale,"2-room apartment",70,"new construction","RK Dalmia s. r. o.","Dolný Kubín"
Ju4Mn0S0K8V,sale,"1-room apartment",50,"new construction","Reality AK, spol. s r.o.",Martin
JuyiYLCVsIz,sale,"2-room apartment",55,"partially renovated","NajBývanie, s.r.o.",Ružomberok
JupinWd8ZQVD,sale,"2-room apartment",60,"fully renovated","TARGETreal s. r. o.",Žilina
Ju-7v4T1AY6H,rent,"2-room apartment",59,"partially renovated","Reality Alpia",Martin
Juqwj6nqGVe,rent,"3-room apartment",73,"new construction",Reality+,Žilina
JueZM646cTy,sale,"holiday apartment",40,"new construction","OREA, s.r.o.","Dolný Kubín"
JufIYFnXqFe,rent,"3-room apartment",70,"fully renovated","RE/MAX Slovakia",Bratislava
JuhmvsftjdY,sale,"3-room apartment",96,"new construction","Buby reality, s.r.o.",Žilina
JuUk6PkKhU1,rent,"2-room apartment",65,"fully renovated","JKV REAL",Prievidza
JumYoLK7UqZ,rent,"1-room apartment",40,"fully renovated",NULL,NULL
Jub_GkQafv9,sale,"2-room apartment",59,"fully renovated","B10 Slovensko, a. s.",Žilina
JuCMuZyrXT9,sale,"3-room apartment",72,"fully renovated","1. Reality Rent, s.r.o.",Žilina
JuGtWZEOQoM,sale,"2-room apartment",53,"fully renovated","TUreality s.r.o.",Žilina
JuJZH5W0xc8,rent,"2-room apartment",70,"fully renovated","RESIDENCE realitná kancelária","Liptovský Mikuláš"
JursQitkieS,sale,"studio apartment",29,"fully renovated","PRIMA reality s.r.o.",Žilina
JuhY6PtUUUQ,sale,"4-room apartment",77,"under construction","Istrofinal, s. r. o.",Žilina
JuwolRsTXje,sale,"3-room apartment",65,"partially renovated","OVERENÉ REALITY","Banská Bystrica"
JulmjMPVf2y,sale,"4-room apartment",120,"fully renovated","Constario REALTY s.r.o.",Žilina
JuXYI9YrjoJ,sale,"3-room apartment",83,"new construction","ODEKO manažment s.r.o.",Žilina
Juluyhlg8Mb,rent,"studio apartment",19,"partially renovated","Realitná kancelária",Bratislava
JumN63g2ReF,sale,"3-room apartment",70,"fully renovated",Maxareality,Prievidza
JuF-0hmTSgb,sale,"holiday apartment",35,"new construction","MK-CORP s.r.o.",Malacky
JuiYcneQxM0,sale,"3-room apartment",62,unrenovated,"Realitná kancelária",Bratislava
JuJrPj7p6LA,sale,"holiday apartment",27,"new construction",NULL,NULL
Ju-S5IE7Y0K,sale,"holiday apartment",23,"under construction",NULL,NULL
JutAxM54sI9,sale,"2-room apartment",74,"partially renovated","Realitná kancelária",Bratislava
JuBT9IU3F1g,sale,"3-room apartment",101,"new construction","KORSO Project, s.r.o.",Žilina
Ju-j_zRPy7a,sale,"2-room apartment",59,"new construction","Real Reality Development s.r.o.",Martin
Jub-qUAwi4z,sale,"3-room apartment",64,"fully renovated",NULL,NULL
JuluCbW3ZHE,sale,"3-room apartment",79,"new construction","HMS Services, a. s.",Žilina
JunIK4vBJDk,sale,"4-room apartment",120,"new construction","Buby reality, s.r.o.",Žilina
JuNrqMazgdo,sale,"3-room apartment",90,"fully renovated","ALT REAL, s.r.o.",Martin
Ju9yeRQLBJd,sale,"2-room apartment",47,"new construction","OREA, s.r.o.","Dolný Kubín"
JuE57rFMsYf,rent,"2-room apartment",60,"new construction",NULL,NULL
Ju6xkslUZo-,rent,"2-room apartment",75,"development project","Renovo Reality",Žilina
JujUQv7hvyj,sale,"3-room apartment",96,"fully renovated","DRR INVEST, s. r. o.","Horný Hričov"
Ju_noeKeCn0,sale,"holiday apartment",30,"new construction","Reality Alpia",Martin
JuFKoH6piMc,sale,"3-room apartment",78,unrenovated,"Reality Alpia",Martin
JuwbdEJILXn,rent,"2-room apartment",50,"partially renovated",NULL,NULL
JuoCz53ml38,sale,"holiday apartment",53,"new construction","RESIDENCE realitná kancelária","Liptovský Mikuláš"
JuvOvL67CnW,rent,"4-room apartment",75,"fully renovated","VAŠA REALITKA s.r.o.",Ružomberok
Ju6NLOs0FvZ,sale,"3-room apartment",76,unrenovated,"Reality Center, s.r.o.",Martin
Jum6U0_5m9N,rent,"2-room apartment",59,"fully renovated",NULL,NULL
Ju79Oyn1X3B,sale,"holiday apartment",40,"new construction",Limaxreal,"Liptovský Mikuláš"
JuQVA2vA49W,sale,"1-room apartment",30,unrenovated,"Like Reality s.r.o.","Považská Bystrica"
JuoiWz-kUDq,rent,"2-room apartment",50,"new construction","OVERENÉ REALITY","Banská Bystrica"
JueA04xvA0H,sale,"3-room apartment",66,"fully renovated","RIEŠIME BÝVANIE",Bratislava
JuD4zRss3yP,sale,"3-room apartment",72,"fully renovated",NULL,NULL
JuCYzVbHujF,sale,"3-room apartment",87,"fully renovated","Like Reality s.r.o.","Považská Bystrica"
JuGDxnx-MGv,sale,"3-room apartment",72,"partially renovated",NULL,NULL
JuuYTb7aXin,sale,"3-room apartment",73,"new construction","bezmaklérov, s.r.o.",Žilina
JuZdV5jCSUO,sale,"3-room apartment",89,"partially renovated","TUreality s.r.o.",Žilina
JuKVTIO-aDH,sale,"3-room apartment",74,"new construction","TUreality s.r.o.",Žilina
JuNgEGp-EQa,sale,"holiday apartment",29,"fully renovated","Reality Alpia",Martin
JuxN0XX5d2L,rent,"3-room apartment",74,"fully renovated","Fortio Popper s.r.o.",Bytča
Judr92_ylzz,sale,"2-room apartment",60,"partially renovated","TUreality s.r.o.",Žilina
JuXHjhU272A,sale,"3-room apartment",64,unrenovated,"Reality IQ, s.r.o.",Žilina
Ju_ePT-_LMH,sale,"2-room apartment",66,"fully renovated","EVER SK, s.r.o.",NULL
JuzuxPMP-Xr,sale,"3-room apartment",60,"new construction","Realitná kancelária DOM",Žilina
JuDXnrUS-p1,sale,"holiday apartment",37,unrenovated,"Reality Alpia",Martin
JuQfDarw60S,rent,"2-room apartment",64,"fully renovated","ALT REAL, s.r.o.",Martin
Jux_7MHZ0xE,sale,"1-room apartment",35,"new construction","DVOŘÁK & PARTNERS s. r. o.","Banská Bystrica"
JuUTD1Lj0lr,sale,"3-room apartment",80,"fully renovated","Realitná kancelária RED, s.r.o.",Žilina
JuPs0jZ4Upm,rent,"3-room apartment",60,"fully renovated","Realitné kancelárie SR",Bratislava
JuZ2eoxoyai,rent,"3-room apartment",80,"new construction",NULL,NULL
JuuvbPIMl4t,sale,"4-room apartment",84,"partially renovated","ACTIVE - Reality, s. r. o.",Žilina
Ju7DJIriKhh,sale,"4-room apartment",118,"fully renovated","Safe reality s. r. o.",Žilina
Ju2ogwd19a4,sale,"3-room apartment",68,"partially renovated","Like Reality s.r.o.","Považská Bystrica"
JuVooxZWg4s,sale,"4-room apartment",128,unrenovated,"ŽILINAREAL, s.r.o.",Žilina
JuuvunHgeuI,sale,"2-room apartment",52,"partially renovated","RE/MAX Slovakia",Bratislava
JuhpxD8Q4V6,sale,"3-room apartment",97,"under construction","CANGURU s.r.o.","Rajecké Teplice"
Jun8Wp9H-1m,sale,"3-room apartment",83,"new construction","RK SPIRIT s.r.o.","Liptovský Mikuláš"
JuKMOepiUjn,sale,"1-room apartment",40,unrenovated,"Safe reality s. r. o.",Žilina
JuyIru5Z-bn,sale,"2-room apartment",55,"fully renovated","KA Real","Banská Bystrica"
JurHWDFucoi,sale,"2-room apartment",47,"new construction","HALO reality, s.r.o.",Prievidza
JuuLiOVYceV,sale,"3-room apartment",100,"fully renovated","Realitná kancelária",Bratislava
Ju6KRY_ibJj,rent,"3-room apartment",70,"fully renovated",NULL,NULL
JuuS6FA8WTM,rent,"1-room apartment",38,"fully renovated","JPE. Reality - Jozef Pajer",Čadca
JuGqA0i3EO8,sale,"3-room apartment",80,"partially renovated","DreamReality s.r.o.",Žilina
JuFxU-EPo7k,sale,"3-room apartment",84,"partially renovated","HALO reality, s.r.o.",Prievidza
JuJDcaBGFgv,sale,"3-room apartment",80,"new construction","Realitné kancelárie SR",Bratislava
JuwDKSHdYOM,rent,"3-room apartment",57,"fully renovated","SLNOVRAT, s.r.o.",Olešná
JuKE1haIfBQ,rent,"1-room apartment",36,"new construction",NULL,NULL
Juf3UQk266Q,sale,"1-room apartment",36,"under construction","Constario REALTY s.r.o.",Žilina
JuiUg7kx_Xo,sale,"4-room apartment",79,"under construction","Istrofinal, s. r. o.",Žilina
JuX_Y10XQMs,sale,"holiday apartment",54,"new construction","Juraj Hegyi Reality & Development s.r.o.",Bratislava
JuhdlIDH7jm,sale,"1-room apartment",30,"partially renovated","Piata Avenue",Žilina
JukH94BLOrl,rent,"1-room apartment",38,"partially renovated","Like Reality s.r.o.","Považská Bystrica"
JuiXegD6ESI,sale,"3-room apartment",63,unrenovated,"AstonReal s.r.o.","Banská Bystrica"
Ju-U6VvTf4d,sale,"3-room apartment",65,unrenovated,"B10 Slovensko, a. s.",Žilina
Ju_P4weQ1yi,rent,"3-room apartment",72,"partially renovated","RESIDENCE realitná kancelária","Liptovský Mikuláš"
Ju4jUNHrCaa,rent,"2-room apartment",37,"fully renovated","EASY centrum bývania, s.r.o.",Žilina
JuRDmAO0N5y,sale,"2-room apartment",48,"under construction","ODEKO manažment s.r.o.",Žilina
JuOLPMJrkFk,sale,"3-room apartment",93,"partially renovated","TUreality s.r.o.",Žilina
JueFBhJMkEL,rent,"studio apartment",26,"fully renovated","KUBALA REALITY, s.r.o.",Čadca
JuiowNIBmX1,rent,"3-room apartment",74,"partially renovated",NULL,NULL
Ju1swh97q_w,sale,"2-room apartment",62,"new construction","RE/MAX Slovakia",Bratislava
JuJjSbvP3y1,sale,"2-room apartment",54,"under construction","Istrofinal, s. r. o.",Žilina
JueVg_uFAEX,sale,"3-room apartment",68,"partially renovated","Like Reality s.r.o.","Považská Bystrica"
JubLUnnldKg,sale,"2-room apartment",70,"new construction","B10 Slovensko, a. s.",Žilina
JuNlpRocmfd,sale,"3-room apartment",82,"partially renovated","Reality Turiec s.r o.",Martin
JujxzbLeFDf,sale,"2-room apartment",52,"new construction","STAREA, s. r. o.",Žilina
Jut2p_8fnwk,sale,"3-room apartment",76,"fully renovated","AstonReal s.r.o.","Banská Bystrica"
JuZUmgJDVA2,sale,"4-room apartment",118,"new construction",NULL,NULL
JuIVoMRmHSz,sale,"1-room apartment",30,"partially renovated","TUreality s.r.o.",Žilina
Ju7NnD-cxZu,sale,"4-room apartment",89,"partially renovated","OVERENÉ REALITY","Banská Bystrica"
JuLyRXzb7sF,sale,"holiday apartment",42,"fully renovated","Reality Alpia",Martin
JuFzCj_c-LQ,sale,"2-room apartment",65,"fully renovated","MENS s. r. o.",Žilina
JuuDv2Zd85o,sale,"3-room apartment",103,"new construction","TUreality s.r.o.",Žilina
Ju5JJVitOH3,sale,"3-room apartment",60,"new construction","RK SPIRIT s.r.o.","Liptovský Mikuláš"
Jue8OEdDtFX,sale,"2-room apartment",55,"development project","ODEKO manažment s.r.o.",Žilina
JusujBj0j9H,rent,"3-room apartment",80,"fully renovated",NULL,NULL
JuwJKqBh04b,sale,"2-room apartment",50,"fully renovated","AstonReal s.r.o.","Banská Bystrica"
JuMDiaehTE4,sale,"holiday apartment",71,"new construction",NULL,NULL
JuGTmonCdFp,sale,"2-room apartment",65,"fully renovated","Realitné kancelárie SR",Bratislava
JucNmI_DO7B,sale,"holiday apartment",78,"fully renovated","NIKO-REAL, s.r.o.",Bratislava
JultM3IWcXG,sale,"2-room apartment",98,"new construction","REINVEST s.r.o.",Bratislava
JuZGQrt1Ff6m,sale,"2-room apartment",55,"fully renovated","NajBývanie, s.r.o.",Ružomberok
Juwy9k5pZPS,sale,"holiday apartment",22,"new construction","Realitné kancelárie SR",Bratislava
Jux-AEYjDab,sale,"2-room apartment",52,"fully renovated",NULL,NULL
JuuQ3yxLaqS,sale,"2-room apartment",66,"new construction","AstonReal s.r.o.","Banská Bystrica"
JuXUHfW6DDJ,sale,"2-room apartment",50,"partially renovated","HALO reality, s.r.o.",Prievidza
Jup1HeEGFtW,sale,"1-room apartment",39,"new construction","ODEKO manažment s.r.o.",Žilina
JuCX2-0gKW3,sale,"4-room apartment",118,"fully renovated","RK SPIRIT s.r.o.","Liptovský Mikuláš"
Ju1sYuOumZf,rent,"3-room apartment",NULL,"fully renovated",NULL,NULL
JuAtADtbyIN,sale,"3-room apartment",78,"new construction","B10 Slovensko, a. s.",Žilina
JupXiFdQKs1,rent,"3-room apartment",70,"partially renovated","PRIVAT Reality spol.s.r.o",Bratislava
Jux885vgQgO,sale,"holiday apartment",44,"new construction","Tatra Invest",Podtureň
JuIZkq9C4-v,sale,"2-room apartment",71,"under construction","CANGURU s.r.o.","Rajecké Teplice"
Jus-du7SK4F,sale,"3-room apartment",67,"new construction","Realitná kancelária RED, s.r.o.",Žilina
JuqmAmZk9jG,sale,"1-room apartment",37,unrenovated,"MGM reality",Žilina
JuJF4572cY0,sale,"2-room apartment",56,"fully renovated","Reality Center, s.r.o.",Martin
JufKPFE3Y2M,sale,"2-room apartment",49,unrenovated,"Obec Liptovská Lúžna","Liptovská Lúžna"
JuQPXllO6ks,sale,"2-room apartment",47,"new construction","ODEKO manažment s.r.o.",Žilina
JuFnOWI1i1c,sale,"3-room apartment",500,"partially renovated","Reality AK, spol. s r.o.",Martin
JufGDO__GbO,sale,"4-room apartment",128,"new construction","KORSO Project, s.r.o.",Žilina
Jut7GOvY7Cs,rent,"3-room apartment",118,"new construction","OREA, s.r.o.","Dolný Kubín"
JuUusk-Q8GE,sale,"2-room apartment",43,"new construction","Realitná kancelária RED, s.r.o.",Žilina
JuucDO18CeY,rent,"3-room apartment",NULL,"fully renovated",NULL,NULL
JuBD3ecZzdA,sale,"2-room apartment",48,"new construction","Realitná kancelária RED, s.r.o.",Žilina
Juga_SyTI4R,sale,"2-room apartment",35,"new construction","RE/MAX Slovakia",Bratislava
Ju7kGUvVlwS,sale,"3-room apartment",80,unrenovated,"OVERENÉ REALITY","Banská Bystrica"
JuCKdo4C-vu,sale,"3-room apartment",88,"new construction","Reinoo a.s.",Žilina
JuD_7kPVbjf,sale,"3-room apartment",74,"partially renovated","Effecting s.r.o.",Bratislava
JuxM7Oxk3ZF,sale,"3-room apartment",33,"new construction","TUreality s.r.o.",Žilina
JujtAMfUep-,sale,"4-room apartment",93,"fully renovated",NULL,NULL
JubYzTZOLz1,sale,"3-room apartment",90,"new construction","TUreality s.r.o.",Žilina
JuhBW328SAS,sale,"3-room apartment",67,"fully renovated",NULL,NULL
JuOr71wM3AE,sale,"2-room apartment",60,"fully renovated","B10 Slovensko, a. s.",Žilina
Juiqajk1kjr,sale,"2-room apartment",43,"new construction",NULL,NULL
Ju_N2iy5JWS,rent,"studio apartment",18,"fully renovated","Reality ASTORIA, s.r.o.",Martin
JuYWFp89fWK,sale,"3-room apartment",68,"partially renovated","Like Reality s.r.o.","Považská Bystrica"
JuVCZnRxN5m,sale,"4-room apartment",121,"new construction","RK SPIRIT s.r.o.","Liptovský Mikuláš"
JukxcpBCVX8,rent,"1-room apartment",29,"new construction",NULL,NULL
Ju-cA70OjPb,sale,"2-room apartment",35,"new construction","TUreality s.r.o.",Žilina
Junbds6mBD4,sale,"3-room apartment",97,"under construction","CANGURU s.r.o.","Rajecké Teplice"
JuIhf4tExMf,sale,"3-room apartment",69,"partially renovated","NajBývanie, s.r.o.",Ružomberok
JuupBH8LvJz,sale,"2-room apartment",53,"new construction",G-REAL,"Liptovský Mikuláš"
JuuqMAsXTsE,sale,"2-room apartment",46,"under construction","Constario REALTY s.r.o.",Žilina
JuqDuiRmYdZ,sale,"1-room apartment",37,unrenovated,NULL,NULL
Ju-fM3SCXjma,sale,"3-room apartment",91,"new construction",G-REAL,"Liptovský Mikuláš"
JuRhJZ24FBr,sale,"3-room apartment",78,"partially renovated",NULL,NULL
JuH66opZMTi,sale,"3-room apartment",65,"partially renovated","TUreality s.r.o.",Žilina
Jujvvp196-y,sale,"2-room apartment",52,"partially renovated","TUreality s.r.o.",Žilina
JurBk73cOr3,sale,"holiday apartment",150,"new construction","RESIDENCE realitná kancelária","Liptovský Mikuláš"
Ju42s8vNbRj,sale,"2-room apartment",62,"partially renovated","Real Reality Development s.r.o.",Martin
JuyD0Z9BTN-,rent,"2-room apartment",62,"fully renovated","Fortio Popper s.r.o.",Bytča
Ju9LPOOoAn-,rent,"3-room apartment",92,"fully renovated","Financie a reality od A po Z",Martin
Ju1uEl1Mf6f,sale,"holiday apartment",37,unrenovated,"Romantické Chalupy, s.r.o.",Bratislava
Juq3cdm2VSm,rent,"2-room apartment",51,"fully renovated","Fortio Popper s.r.o.",Bytča
JuoeNbuLPVP,sale,"holiday apartment",94,"new construction","RK SPIRIT s.r.o.","Liptovský Mikuláš"
Ju7EPTNZ0Hy,sale,"3-room apartment",70,"partially renovated","Like Reality s.r.o.","Považská Bystrica"
JuR8QLXp0Yx,sale,"3-room apartment",72,"partially renovated","Direct Real, spol. s r.o.",Bratislava
Ju_cu57wiSa,sale,"1-room apartment",35,unrenovated,"TUreality s.r.o.",Žilina
JuQKd8tqljP,sale,"3-room apartment",80,unrenovated,"LIF REAL",Martin
Jum7aZZZlIy,rent,"1-room apartment",27,"fully renovated","Vianema s.r.o.",Bratislava
JujQYigyRBf,rent,"2-room apartment",63,"partially renovated","Reality ASTORIA, s.r.o.",Martin
Ju6nNzmPk_9,rent,"2-room apartment",53,"fully renovated","Fortio Popper s.r.o.",Bytča
JuVihEbzRbP,sale,"holiday apartment",66,"new construction",NULL,NULL
Ju6oJmE8oWf,rent,"2-room apartment",56,"new construction","SLNOVRAT, s.r.o.",Olešná
JuKUZKmUiwu,sale,"4-room apartment",86,"under construction","Constario REALTY s.r.o.",Žilina
JunzJsFHg6A,sale,"4-room apartment",147,unrenovated,"BeMi realitná kancelária",Nitra
JuyxsUVgHii,sale,"4-room apartment",89,"fully renovated","RK Dalmia s. r. o.","Dolný Kubín"
JuLIL3RkWDn,sale,"3-room apartment",90,"fully renovated","ALT REAL, s.r.o.",Martin
JuUPsPRqomX,sale,"1-room apartment",39,unrenovated,"BeMi realitná kancelária",Nitra
JuXmK-edCSR,rent,"3-room apartment",74,"fully renovated","Fortio Popper s.r.o.",Bytča
JuURItmx0gz,rent,"2-room apartment",52,"new construction","WFG reality, s.r.o.",Žilina
Ju3ft9crnfA,sale,"3-room apartment",78,"fully renovated","TUreality s.r.o.",Žilina
JuUveEvLKHX,sale,"studio apartment",20,"partially renovated","FINREA - ak vám záleží na výsledku","Dolný Kubín"
JuBNi2HSNwg,rent,"3-room apartment",90,"fully renovated","FINREA - ak vám záleží na výsledku","Dolný Kubín"
Ju9HXOkK5Vc,sale,"2-room apartment",67,"new construction","MGM reality",Žilina
JuWN3KhPvB7,sale,"2-room apartment",60,"partially renovated","Safe reality s. r. o.",Žilina
JuJGytVBKhB,rent,"2-room apartment",57,"fully renovated","Like Reality s.r.o.","Považská Bystrica"
JunoLrzCTv8,sale,"3-room apartment",85,"fully renovated","MGM reality",Žilina
JuxK_a_NiWB,sale,"2-room apartment",69,"fully renovated","NajBývanie, s.r.o.",Ružomberok
JuvOboUvobu,sale,"3-room apartment",56,"new construction",NULL,NULL
Ju5YBv9ykGI,sale,"4-room apartment",87,"under construction","Istrofinal, s. r. o.",Žilina
JuUwCeqXqPl,sale,"3-room apartment",74,"new construction","Buby reality, s.r.o.",Žilina
JuaIL0ybcDR,rent,"3-room apartment",81,"fully renovated","1. Reality Rent, s.r.o.",Žilina
JuHMn6qkBSk,sale,"holiday apartment",93,"new construction","RESIDENCE realitná kancelária","Liptovský Mikuláš"
JubGyQoKm-F,rent,"2-room apartment",55,"partially renovated",NULL,NULL
JuZFqxjae7G,sale,"holiday apartment",37,"new construction","ML realitný& finančny servis s.r.o. , BrokerSoft s.r.o. , Monika Launerová - SZČO","Banská Bystrica"
JueQ0ot5J2r,sale,"3-room apartment",71,"partially renovated","RIEŠIME BÝVANIE",Bratislava
Ju-sWIMoFGT,sale,"1-room apartment",NULL,unrenovated,"BeMi realitná kancelária",Nitra
JuMlNRioczT,rent,"3-room apartment",212,"partially renovated","RESIDENCE realitná kancelária","Liptovský Mikuláš"
Ju7yQFu2G0Z,sale,"3-room apartment",67,"fully renovated","Realitná kancelária",Bratislava
JudVZxPODEn,sale,"3-room apartment",70,"fully renovated","Realitná kancelária RED, s.r.o.",Žilina
JuNPxF24aaA,sale,"4-room apartment",90,"fully renovated","Realitná kancelária RED, s.r.o.",Žilina
Juy6Dr8MOeS,sale,"4-room apartment",106,"fully renovated",NULL,NULL
Ju4RLACJEuN,sale,"4-room apartment",156,"fully renovated","MGM reality",Žilina
JuIQ6bOnZsGz,sale,"3-room apartment",121,"fully renovated","Realitná kancelária RED, s.r.o.",Žilina
JuIZo2BnWQa,sale,"holiday apartment",40,"new construction","RESIDENCE realitná kancelária","Liptovský Mikuláš"
JusjmbO9Bnp,sale,"2-room apartment",52,"new construction","AnReal s. r. o.",Mojš
Ju3_oCKPJ8H,sale,"3-room apartment",67,"partially renovated","OVERENÉ REALITY","Banská Bystrica"
JuKy-dL9Ryo,rent,"2-room apartment",62,"new construction","WFG reality, s.r.o.",Žilina
JuR0t0CZHt8,rent,"2-room apartment",66,"partially renovated","Loviu, s.r.o.","Liptovský Mikuláš"
JuhcvPxM513,sale,"4-room apartment",78,"fully renovated","TUreality s.r.o.",Žilina
JunH7oZsc9z,sale,"1-room apartment",47,"new construction","HMS Services, a. s.",Žilina
JuyBFHxJEo2F,rent,"2-room apartment",36,"partially renovated","B10 Slovensko, a. s.",Žilina
JuUknu_3A4k,sale,"2-room apartment",54,"partially renovated",NULL,NULL
Ju7faBpvibU,sale,"3-room apartment",61,"fully renovated","Realitná kancelária",Bratislava
JuUS8gVE7MB,sale,"2-room apartment",67,"partially renovated","JPE. Reality - Jozef Pajer",Čadca
JuS8GjjsXwr,sale,"holiday apartment",23,"fully renovated","RIGHT POWER DEVELOPMENT, s.r.o.",Žilina
JuLlR3SdY11,sale,"2-room apartment",49,unrenovated,"Obec Liptovská Lúžna","Liptovská Lúžna"
Ju3xvc6aD2Y,sale,"holiday apartment",32,"new construction","RESIDENCE realitná kancelária","Liptovský Mikuláš"
Jus0-bkZHge,rent,"3-room apartment",68,"partially renovated","Realitná kancelária",Bratislava
Jul8pXByFOl,sale,"3-room apartment",92,"new construction",NULL,NULL
JuEK28Decyb,sale,"2-room apartment",44,"new construction","WFG reality, s.r.o.",Žilina
JujBEFh3fPq,sale,"3-room apartment",70,unrenovated,"Like Reality s.r.o.","Považská Bystrica"
Jubh8FOR_C9,rent,"studio apartment",22,"fully renovated",NULL,NULL
Jultmw18Gne,sale,"holiday apartment",97,"new construction","Occam New Home",Bratislava
JuDmcjiRx8S,sale,"4-room apartment",84,"partially renovated","ACTIVE - Reality, s. r. o.",Žilina
Junnm3hR6W5,sale,"2-room apartment",71,"partially renovated","Reality Alpia",Martin
JurzQ4OXOH_,rent,"studio apartment",30,"new construction","Reality Alpia",Martin
Ju88ayVM-YP5,rent,"4-room apartment",161,unrenovated,"OVERENÉ REALITY","Banská Bystrica"
Jui1Zkf_kg-,sale,"1-room apartment",35,"fully renovated","1. Reality Rent, s.r.o.",Žilina
Jun79Tn_Ep0,sale,"3-room apartment",67,"fully renovated","KRALIKOVA reality","Považská Bystrica"
JuR1WqY3g_N,sale,"2-room apartment",55,"fully renovated","Georgi Conev",Žilina
JuITWn48g9Q,sale,"1-room apartment",28,"new construction","LuxReality, s.r.o.","Nové Mesto nad Váhom"
JuiQqoYVioM,sale,"2-room apartment",50,"under construction",G-REAL,"Liptovský Mikuláš"
JuE40RXyw1_,sale,"2-room apartment",50,"new construction","Realitná kancelária RED, s.r.o.",Žilina
JuvTw1ebtHj,sale,"2-room apartment",54,"under construction","Istrofinal, s. r. o.",Žilina
Ju27eP_ig4Z,rent,"2-room apartment",51,"new construction","Safe reality s. r. o.",Žilina
JuwdgQhbLJx,sale,"3-room apartment",73,"partially renovated","Realitná kancelária",Bratislava
JuYwrDdapt0,sale,"3-room apartment",68,unrenovated,"Trioreality, s.r.o.",Čadca
JuQhVUDoHMr,sale,"2-room apartment",58,"fully renovated","Felicita Real s. r. o.",Martin
JuzIKTQ0UvK,sale,"4-room apartment",84,"partially renovated","HALO reality, s.r.o.",Prievidza
JuTnsSFnlFI,sale,"3-room apartment",58,"fully renovated","B10 Slovensko, a. s.",Žilina
JuY5BHrBXS_,rent,"4-room apartment",86,"fully renovated","AstonReal s.r.o.","Banská Bystrica"
JuDGw-se-Mg,rent,"1-room apartment",38,"new construction","Safe reality s. r. o.",Žilina
JuOMOLcEq4z,sale,"3-room apartment",68,"partially renovated","SLNOVRAT, s.r.o.",Olešná
JuQ4Jf_xqij,rent,"2-room apartment",70,"fully renovated","BeMi realitná kancelária",Nitra
Ju8GQ26KaaT,sale,"2-room apartment",50,"under construction","RK SPIRIT s.r.o.","Liptovský Mikuláš"
JuCMZI1bT6r,sale,"3-room apartment",65,unrenovated,"RS Mansory s.r.o.",Bratislava
Ju9csMkjbyN,rent,"3-room apartment",71,"partially renovated","B10 Slovensko, a. s.",Žilina
JuXGzvpMBBm,sale,"2-room apartment",60,"partially renovated","HALO reality, s.r.o.",Prievidza
Ju52lG6Waej,sale,"studio apartment",25,"new construction","RIEŠIME BÝVANIE",Bratislava
JuTQd4u0n33,sale,"2-room apartment",51,"fully renovated","RK SPIRIT s.r.o.","Liptovský Mikuláš"
JuwMlHIuC26,rent,"2-room apartment",31,"new construction","LEVEL REAL, s.r.o.",Trnava
Juuarx0CWmR,sale,"2-room apartment",47,"new construction","Estate Invest",Bratislava
Juh7IlKkDn_,sale,"4-room apartment",105,"partially renovated","Direct Real, spol. s r.o.",Bratislava
JuN8mAtD42x,rent,"3-room apartment",60,"fully renovated","Trioreality, s.r.o.",Čadca
JujdOeJ69tb,sale,"3-room apartment",76,unrenovated,"Realitná kancelária",Bratislava
Jun8HaIrjPB,rent,"3-room apartment",72,"fully renovated","OREA, s.r.o.","Dolný Kubín"
JuuKYbAy2In,sale,"3-room apartment",74,"partially renovated","B10 Slovensko, a. s.",Žilina
JuZ6EDDylkC,rent,"3-room apartment",85,"fully renovated",NULL,NULL
JuuQTLwI4_c,sale,"1-room apartment",37,"new construction","WFG reality, s.r.o.",Žilina
JuKXwWNmxYg,sale,"2-room apartment",62,"fully renovated","DRR INVEST, s. r. o.","Horný Hričov"
JutKizwTOP3,sale,"3-room apartment",86,"fully renovated","Reality IQ, s.r.o.",Žilina
Juki5wHUVn2,sale,"4-room apartment",76,"new construction","Bosen Group s.r.o.",Bratislava
Ju_PmXVPtoo,sale,"2-room apartment",55,unrenovated,"Crystin reality, s.r.o.",Žilina
JuaWfCrgS3s,sale,"4-room apartment",101,"under construction","Istrofinal, s. r. o.",Žilina
Ju1cdYuex4G,sale,"3-room apartment",79,"new construction","RE/MAX Slovakia",Bratislava
Ju6cRlkmMC_,rent,"1-room apartment",28,"fully renovated","FINREA - ak vám záleží na výsledku","Dolný Kubín"
JuFBiuRLpoy,rent,"2-room apartment",55,"new construction","Direct Real, spol. s r.o.",Bratislava
JuJEoP397IJ,sale,"3-room apartment",73,"new construction","AstonReal s.r.o.","Banská Bystrica"
JuCISBa6iwp,sale,"2-room apartment",68,unrenovated,"NajBývanie, s.r.o.",Ružomberok
JuQZcPPu9nd,sale,maisonette,175,"new construction","MGM reality",Žilina
JuYHImgOHO_,sale,"3-room apartment",105,"under construction","TATRA CITY RESIDENCE s. r. o.",Zvolen
JuIgM2fUqeh,rent,"2-room apartment",54,"fully renovated","Reality Simply",Martin
JuQydtvhuaC,sale,"3-room apartment",70,"fully renovated","TUreality s.r.o.",Žilina
Ju6JFF73eZc,sale,"4-room apartment",84,"partially renovated","ACTIVE - Reality, s. r. o.",Žilina
JupURRP8axF,sale,"4-room apartment",105,"new construction","WFG reality, s.r.o.",Žilina
Ju5Pax6FaXd,sale,"2-room apartment",65,unrenovated,"TUreality s.r.o.",Žilina
Juh13qbi4yL,sale,"2-room apartment",63,"new construction","ODEKO manažment s.r.o.",Žilina
JurbbuyjxWx,rent,"3-room apartment",132,"new construction","Realitná kancelária RED, s.r.o.",Žilina
JuPkeS3sVco,sale,"2-room apartment",56,"fully renovated","Direct Real, spol. s r.o.",Bratislava
JuqmZcqjzL5,sale,"2-room apartment",45,"development project","Teraz, a.s.",Žilina
JuRJMz106O3,sale,"holiday apartment",37,"under construction","RK SPIRIT s.r.o.","Liptovský Mikuláš"
Junr7vOGfgp,sale,"holiday apartment",46,"new construction","MK-CORP s.r.o.",Malacky
JuhrMWK4tz6,sale,"3-room apartment",120,"fully renovated","RESIDENCE realitná kancelária","Liptovský Mikuláš"
Jug-_AT8Wmt,sale,"3-room apartment",72,"partially renovated","Pro Real, s. r. o. realitná kancelária",Žilina
JuT4OhvaBo8,sale,"4-room apartment",140,"new construction",NULL,NULL
JuXxgiFzaw2,sale,"holiday apartment",36,"development project","KORSO Project, s.r.o.",Žilina
Juta8FGg1ms,sale,"4-room apartment",130,"new construction","Bosen Group s.r.o.",Bratislava
JutRcPoSw48,sale,"3-room apartment",76,"partially renovated","DRR INVEST, s. r. o.","Horný Hričov"
JunhLdbpvMU,sale,"3-room apartment",74,"new construction","Buby reality, s.r.o.",Žilina
JuAo_CCFbGo,sale,"1-room apartment",38,"new construction","TARGETreal s. r. o.",Žilina
JuIcnUNxIlt,sale,"2-room apartment",57,unrenovated,"ALFA SALUTO REAL s.r.o",Bratislava
JuroNkYo0Ud,sale,"3-room apartment",74,"partially renovated","LIF REAL",Martin
JuSS030a7te,rent,"1-room apartment",41,"fully renovated","Realitka pre každého",Žilina
JuoB7gmYVp_,sale,"2-room apartment",73,"fully renovated","RK SPIRIT s.r.o.","Liptovský Mikuláš"
Juw2GAhwVDz,sale,"3-room apartment",76,"fully renovated","TUreality s.r.o.",Žilina
JuNxbiZtMJl,sale,"2-room apartment",62,"partially renovated","StorkReal s. r. o.","Rajecká Lesná"
Ju93xLSe03c,rent,"1-room apartment",30,"partially renovated","MGM reality",Žilina
Ju8y_HCffnI,sale,"studio apartment",26,"partially renovated","Reality Alpia",Martin
JuDpUKm1R87,sale,"3-room apartment",102,"under construction","CANGURU s.r.o.","Rajecké Teplice"
JuyticuaW7A,sale,"3-room apartment",64,"under construction","ODEKO manažment s.r.o.",Žilina
JutwTj3bM_v,sale,"2-room apartment",51,"fully renovated","TUreality s.r.o.",Žilina
JuRvQ8h5ljK,rent,"3-room apartment",72,"fully renovated",NULL,NULL
Ju-D0j5Tx8q,sale,"3-room apartment",63,"partially renovated","Realitná kancelária",Bratislava
JuqL8yAiSJt,rent,"2-room apartment",43,"new construction","ETHOS reality, s. r. o.","Krásno nad Kysucou"
Juaqewf1vyV,sale,"3-room apartment",73,"new construction","B10 Slovensko, a. s.",Žilina
JufCUUh8n1P,sale,"3-room apartment",60,"partially renovated","LOYAL REALITY s.r.o.","Dolný Kubín"
JuEOy8Ch_fK,sale,"4-room apartment",128,"new construction","Reinoo a.s.",Žilina
JuAjD-DNY5d,sale,"studio apartment",21,"fully renovated","Gro & Partners",Žilina
JuXBeof4cBw,sale,"3-room apartment",123,"development project","ODEKO manažment s.r.o.",Žilina
JuCHpapFKG8,rent,"2-room apartment",48,"new construction","Reality ASTORIA, s.r.o.",Martin
JufBWbzCmcn,sale,"4-room apartment",100,"partially renovated","Cooper Real s.r.o",Bratislava
JuN-wthtGNF,sale,"3-room apartment",143,"under construction","Realitná kancelária",Bratislava
Ju54zsovXgd,rent,"3-room apartment",63,"partially renovated","EASY centrum bývania, s.r.o.",Žilina
JuZqmgmus3f,sale,"3-room apartment",70,"partially renovated","Realitná kancelária",Bratislava
JuUygteSgA9,rent,"2-room apartment",50,"partially renovated","Safe reality s. r. o.",Žilina
JuEhBGLGdyB,sale,"3-room apartment",65,"partially renovated","RE/MAX Slovakia",Bratislava
Juhy56IDgaZ,sale,"2-room apartment",55,"fully renovated","Reality Center, s.r.o.",Martin
Ju8yXfa5xfL,sale,"3-room apartment",61,"partially renovated","TUreality s.r.o.",Žilina
Jul5uPR1of1,sale,"2-room apartment",42,"new construction","RESIDENCE realitná kancelária","Liptovský Mikuláš"
JuySZhvO7pX,sale,"3-room apartment",81,"new construction",NULL,NULL
Ju4YZRhAzaf,sale,"studio apartment",32,"fully renovated","RIEŠIME BÝVANIE",Bratislava
JuvxnqGhrvB,rent,"3-room apartment",75,"partially renovated","Realitné kancelárie SR",Bratislava
JudF4Y5NRYO,rent,"2-room apartment",39,"new construction","RESIDENCE realitná kancelária","Liptovský Mikuláš"
JuAyS5TfUDQ,sale,"3-room apartment",79,unrenovated,"Direct Real, spol. s r.o.",Bratislava
JuWSXBSHA4W,rent,"studio apartment",27,"fully renovated","1. Reality Rent, s.r.o.",Žilina
JuSwv58uXFj,rent,"studio apartment",23,"fully renovated","FINREA - ak vám záleží na výsledku","Dolný Kubín"
JuSEGf_jb32,rent,"2-room apartment",58,"new construction","BeMi realitná kancelária",Nitra
JuiTYBIhgYl,sale,"3-room apartment",62,"fully renovated","DRR INVEST, s. r. o.","Horný Hričov"
JuHOcENm8Ia,sale,"2-room apartment",50,"partially renovated","AstonReal s.r.o.","Banská Bystrica"
Juf0d9bgzD3,sale,"4-room apartment",103,"fully renovated","MGM reality",Žilina
JucQo5vONzU,sale,"3-room apartment",70,"partially renovated","MGM reality",Žilina
JugZvx-B3PM,sale,"1-room apartment",34,"partially renovated","TUreality s.r.o.",Žilina
Ju6YQzBpIXw,sale,"4-room apartment",79,"under construction","Istrofinal, s. r. o.",Žilina
JuFfQA7zSPP,sale,"3-room apartment",56,"partially renovated","RECLOUD Reality a.s.",Bratislava
JuTapZ_iKYW,sale,"3-room apartment",95,"fully renovated","Mamud Reality s. r. o.",Žilina
JudSBCw12x9,sale,"2-room apartment",58,"partially renovated","TUreality s.r.o.",Žilina
JujwaDNeJ1i,rent,"2-room apartment",60,"partially renovated","BR ACADEMY, s. r. o.","Kysucké Nové Mesto"
Jugv6VHMojr,sale,"3-room apartment",76,"partially renovated","Safe reality s. r. o.",Žilina
Jud2teyAuDu,sale,"1-room apartment",41,"new construction","RESIDENCE realitná kancelária","Liptovský Mikuláš"
Jusrma_M5xf,rent,"3-room apartment",72,"fully renovated",NULL,NULL
Ju2WQT7unmV,sale,"4-room apartment",85,"fully renovated","RE/MAX Slovakia",Bratislava
JuJvNTKAcv8,sale,"1-room apartment",35,"new construction","MG real, s.r.o.",Topoľčany
Ju8f-wmtjXf,sale,"3-room apartment",52,"fully renovated","FINREA - ak vám záleží na výsledku","Dolný Kubín"
JuqcGRiE3sH,sale,"2-room apartment",69,"fully renovated","OVERENÉ REALITY","Banská Bystrica"
Jue9scT0OOX,sale,"2-room apartment",70,"under construction","CANGURU s.r.o.","Rajecké Teplice"
JuauSxK_Grt,sale,"3-room apartment",65,unrenovated,"TUreality s.r.o.",Žilina
JuETFY0yocs,rent,"3-room apartment",52,"fully renovated","Realitné kancelárie SR",Bratislava
JucHYWmAD9T,sale,"2-room apartment",53,"partially renovated","TUreality s.r.o.",Žilina
Juh6SSze_tY,sale,"3-room apartment",71,"fully renovated","SLNOVRAT, s.r.o.",Olešná
Ju5yq04Fo6g,sale,"holiday apartment",37,"new construction","REALITY SPOLU",Bratislava
JuUEgGZy7bV,sale,"holiday apartment",54,"development project","KORSO Project, s.r.o.",Žilina
Juo8y036wNc,rent,"2-room apartment",57,"fully renovated","Fortio Popper s.r.o.",Bytča
JuPeIRhvo6g,rent,"2-room apartment",52,"new construction","BRATISLAVA REAL s.r.o.",Senec
Juq3ES8kVdO,rent,"2-room apartment",74,"fully renovated","B10 Slovensko, a. s.",Žilina
Ju6GKonKAZ1,sale,"holiday apartment",42,"new construction","RESIDENCE realitná kancelária","Liptovský Mikuláš"
JupL8ZjnO78,rent,"1-room apartment",39,"fully renovated",NULL,NULL
JuzI-cY3VGB,rent,"2-room apartment",60,"partially renovated","WFG reality, s.r.o.",Žilina
Jurvisl8PBq,rent,"2-room apartment",75,"new construction","Buby reality, s.r.o.",Žilina
JuaFgvo5Zms,sale,"3-room apartment",91,unrenovated,"B10 Slovensko, a. s.",Žilina
JuZWfK8jXMU,sale,"2-room apartment",72,"fully renovated","YFE, s.r.o.",Žilina
Ju-TqbMGsYQ,sale,"1-room apartment",30,"partially renovated","TUreality s.r.o.",Žilina
JuV4el-7B8H,sale,"3-room apartment",90,"new construction","Financial Hotels Management, s.r.o.",Žilina
JuC3qFxZRHA,rent,"2-room apartment",63,"fully renovated","TARGETreal s. r. o.",Žilina
JuMvMAnJyAh,sale,"2-room apartment",49,"new construction","Reality Center, s.r.o.",Martin
JuOtmAhAnN-,rent,"3-room apartment",80,"fully renovated","LAVENTURA s.r.o.",Žilina
Ju2vUj8wFP4,sale,"2-room apartment",45,"new construction",NULL,NULL
Ju3mlVUzkyZ,sale,"2-room apartment",62,"new construction","TARGETreal s. r. o.",Žilina
JuogofXpdYk,sale,"holiday apartment",26,"new construction",liptoreal,"Liptovský Mikuláš"
Ju6MtpU11Ir,sale,"3-room apartment",66,"fully renovated","B10 Slovensko, a. s.",Žilina
Ju7oSLy3Fih,sale,"holiday apartment",63,"new construction","All 4 Life, s.r.o.",Piešťany
JuuGHfugsJe,rent,"2-room apartment",41,"new construction","WFG reality, s.r.o.",Žilina
JuK1Ou62x1-,rent,"2-room apartment",NULL,"fully renovated","RECLOUD Reality a.s.",Bratislava
JubVv2aiyY0,sale,"4-room apartment",67,"new construction","PROMINENT REAL s.r.o.",Bratislava
JuhBe2gFJxv,sale,"4-room apartment",NULL,"new construction",NULL,NULL
Juw-fZcag7r,sale,"3-room apartment",138,"new construction","ODEKO manažment s.r.o.",Žilina
JuTBd7ApfBa,sale,"1-room apartment",38,"new construction","Eli real realitná kancelária",Košice
JuUG1bLiAAp,sale,"2-room apartment",45,"new construction",NULL,NULL
JudWP4utpDg,sale,"1-room apartment",30,"partially renovated","TARGETreal s. r. o.",Žilina
JuajpkZsNxA,sale,"4-room apartment",80,"partially renovated","A-Byt Consult, s.r.o.",Ružomberok
Jum1UMzjJKg,sale,"2-room apartment",43,"fully renovated","SLNOVRAT, s.r.o.",Olešná
Ju4BxKT1MU9,sale,"holiday apartment",31,"new construction","Realitné kancelárie SR",Bratislava
JuQ9TAROpsL,sale,"3-room apartment",74,"fully renovated","PhDr. Miloš Kocúr - BKM Consulting",Skalité
JuTSuAfPUaV,sale,"holiday apartment",73,"under construction","Tatry mountain resorts, a.s.","Liptovský Mikuláš"
Juqt_RyaYSM,sale,"4-room apartment",79,"under construction","Istrofinal, s. r. o.",Žilina
JuxOi4dlZ8Z,rent,"2-room apartment",58,"partially renovated","Reality Alpia",Martin
JuPxUBuwHJ4,sale,"4-room apartment",272,"new construction","RIEŠIME BÝVANIE",Bratislava
JuWJdu9GaUY,sale,"2-room apartment",47,"new construction",NULL,NULL
JuxSKEPCvI9,rent,"1-room apartment",40,"new construction","JPE. Reality - Jozef Pajer",Čadca
Juk34S4WJno,sale,"3-room apartment",115,unrenovated,"MGM reality",Žilina
JuBHdW0whmB,sale,"3-room apartment",66,"partially renovated","B10 Slovensko, a. s.",Žilina
Ju0roQQA2MK,sale,"holiday apartment",37,"new construction","ML realitný& finančny servis s.r.o. , BrokerSoft s.r.o. , Monika Launerová - SZČO","Banská Bystrica"
JugFcThrxWKY,sale,"3-room apartment",60,"new construction",G-REAL,"Liptovský Mikuláš"
JumIry3ptkT,rent,"2-room apartment",63,"new construction","BeMi realitná kancelária",Nitra
JuJkIhlhMxu,rent,"3-room apartment",71,"partially renovated","1. Reality Rent, s.r.o.",Žilina
JuJvkR7cHC5,sale,"3-room apartment",90,"partially renovated","Realitná kancelária",Bratislava
JuPAGeZeFHi,sale,"2-room apartment",50,unrenovated,"FINREA - ak vám záleží na výsledku","Dolný Kubín"
JuFc31jRHf3,sale,"2-room apartment",65,"fully renovated",NULL,NULL
Jux8wTB74lK,sale,"3-room apartment",68,unrenovated,"AstonReal s.r.o.","Banská Bystrica"
JuHzNQ7Qr-d,sale,"3-room apartment",76,unrenovated,"Realitná kancelária",Bratislava
JuWNJll5MyrA,sale,"3-room apartment",88,"new construction","Reinoo a.s.",Žilina
JunnDIKOU8H,rent,"2-room apartment",64,"new construction",NULL,NULL
JuvSfTkJipf,sale,"2-room apartment",58,"development project","ODEKO manažment s.r.o.",Žilina
Ju1CJs1XMWM,rent,"2-room apartment",49,"new construction",NULL,NULL
Ju52OxQfZ-e,rent,"3-room apartment",73,"fully renovated","FINREA - ak vám záleží na výsledku","Dolný Kubín"
JulIgw-I980,sale,"studio apartment",27,"new construction","Direct Real, spol. s r.o.",Bratislava
JutKisdKgjR,sale,"2-room apartment",57,"new construction","RESIDENCE realitná kancelária","Liptovský Mikuláš"
JulDE6qv7sX,sale,"4-room apartment",180,unrenovated,"Realitná kancelária DOM",Žilina
Ju_WUvCjVPC,sale,"holiday apartment",41,"fully renovated","Reality Alpia",Martin
JuI7RPoOfX3,sale,"3-room apartment",70,"partially renovated","Reality IQ, s.r.o.",Žilina
Jug8bqAUxzc,sale,"2-room apartment",50,"partially renovated","HD reality group s.r.o","Banská Bystrica"
JuNYFhhNxB9,sale,"holiday apartment",44,"new construction","Buby reality, s.r.o.",Žilina
JuTJKH0pdjPh,sale,"4-room apartment",91,"fully renovated","TUreality s.r.o.",Žilina
JuyttBliR9C,sale,"3-room apartment",70,"fully renovated","B10 Slovensko, a. s.",Žilina
JuMi-Tt27An,sale,"2-room apartment",48,"new construction","STRATEGIC REALITY","Liptovský Mikuláš"
JuWmtnyPS8K,sale,"3-room apartment",110,"fully renovated","B10 Slovensko, a. s.",Žilina
Juv5BxkBnXj,sale,"4-room apartment",172,"under construction","Realitná kancelária",Bratislava
Juhppb1YIBH,sale,"2-room apartment",54,"fully renovated","FISCHER & PARTNERS, s.r.o.",Ružomberok
Juug2Jz1Pse,rent,"1-room apartment",28,"fully renovated","KA Real","Banská Bystrica"
JuUcmtKJgcX,sale,"2-room apartment",45,"fully renovated","HD reality group s.r.o","Banská Bystrica"
JuZrguawZAO,sale,"2-room apartment",64,"fully renovated",NULL,NULL
JuR_XmdYxiI,rent,"1-room apartment",43,"new construction","Reality Alpia",Martin
JugHDSXoGA9,sale,"3-room apartment",76,"partially renovated","bezmaklérov, s.r.o.",Žilina
Ju7QL5RGfkF,sale,"studio apartment",32,"new construction","Reality Alpia",Martin
JuKdeWhe2o7,sale,"holiday apartment",38,"new construction",Limaxreal,"Liptovský Mikuláš"
JuN5ogzbwb6,sale,"studio apartment",21,"fully renovated","MGM reality",Žilina
JukyEz3oR2iD,sale,"2-room apartment",57,"partially renovated","Direct Real, spol. s r.o.",Bratislava
JuUrOuQWCVS,sale,"3-room apartment",83,"new construction","TUreality s.r.o.",Žilina
JuOrA9qwl7f,sale,"3-room apartment",85,"partially renovated","TUreality s.r.o.",Žilina
JuwL1ope4JQ,rent,"2-room apartment",56,"fully renovated",NULL,NULL
JuGLEI81NEj,sale,"3-room apartment",82,unrenovated,"MGM reality",Žilina
Jur94HxnWLm,rent,"studio apartment",24,"fully renovated","JPE. Reality - Jozef Pajer",Čadca
Ju3hr4RXLjv,sale,maisonette,NULL,"fully renovated","RECLOUD Reality a.s.",Bratislava
JugZ1tAn0SZ,rent,"1-room apartment",37,"fully renovated",NULL,NULL
Juc_BdIYUe1,rent,"3-room apartment",68,"fully renovated",NULL,NULL
JuOs2hhR_fq,sale,"1-room apartment",56,"fully renovated","HALO reality, s.r.o.",Prievidza
JuWjsR8x7Sv,rent,"2-room apartment",61,"partially renovated","FINREA - ak vám záleží na výsledku","Dolný Kubín"
Ju89eBckNJI,sale,"2-room apartment",69,"under construction","CANGURU s.r.o.","Rajecké Teplice"
JuUeGi9MZcI,sale,"holiday apartment",79,"new construction","RESIDENCE realitná kancelária","Liptovský Mikuláš"
JuztOys4YDo,sale,"holiday apartment",65,"new construction","J.M.H. s.r.o.","Liptovský Hrádok"
JuBe2LSvIsNx,sale,"2-room apartment",66,"new construction","AstonReal s.r.o.","Banská Bystrica"
JuX5UJf-pU4,sale,"holiday apartment",43,"new construction","RESIDENCE realitná kancelária","Liptovský Mikuláš"
Juh8S_7FwJj,sale,"1-room apartment",47,unrenovated,"Vianema s.r.o.",Bratislava
JukRhMNGZ-C,sale,"2-room apartment",47,"new construction",NULL,NULL
JunH90jZGku,sale,"1-room apartment",31,"development project","Effecting s.r.o.",Bratislava
JuzxsN9HYse,sale,"2-room apartment",38,"new construction","OVERENÉ REALITY","Banská Bystrica"
JulRM1RZW6m,rent,"4-room apartment",136,"new construction","Realitná kancelária RED, s.r.o.",Žilina
JuIVEdX9aqM,sale,"2-room apartment",66,"partially renovated","FINREA - ak vám záleží na výsledku","Dolný Kubín"
Ju23LHSYosl,sale,"1-room apartment",29,"new construction",G-REAL,"Liptovský Mikuláš"
JuNnPRzxLFf,rent,"2-room apartment",NULL,"fully renovated",NULL,NULL
JuMfaZM03jX,sale,"3-room apartment",64,"fully renovated","TUreality s.r.o.",Žilina
Ju1KgFqJaOR,sale,"2-room apartment",43,"new construction","REALITY FAIR","Banská Bystrica"
Ju4lgcUtMo2,rent,"2-room apartment",68,unrenovated,"X-REAL, s. r. o.",Žilina
Ju2DPhpZEXH,sale,"4-room apartment",127,"development project","KORSO Project, s.r.o.",Žilina
JuqFaXjCOjj,sale,"1-room apartment",30,"fully renovated","Reality ASTORIA, s.r.o.",Martin
JuoHqPCC27P,sale,"holiday apartment",97,"fully renovated","REALITY SPOLU",Bratislava
Ju8yXTZyQ0c,sale,"3-room apartment",89,"partially renovated","TUreality s.r.o.",Žilina
Juh0xQ8lAwr,sale,"holiday apartment",46,"new construction","MK-CORP s.r.o.",Malacky
JuFMzwDkckH,rent,"3-room apartment",86,"fully renovated",NULL,NULL
JuB3Z9PEAiq,rent,"3-room apartment",74,"fully renovated","Safe reality s. r. o.",Žilina
JuolQI_qYfx,sale,"holiday apartment",44,"new construction","RESIDENCE realitná kancelária","Liptovský Mikuláš"
JujVD_-rIKd,sale,"2-room apartment",40,"new construction",NULL,NULL
JuGX51SpwM8,rent,"3-room apartment",80,unrenovated,"OREA, s.r.o.","Dolný Kubín"
Ju8MQ6z2y19,sale,"1-room apartment",38,"new construction","WFG reality, s.r.o.",Žilina
JudIm98MNcc,sale,"3-room apartment",69,"fully renovated","Realitná kancelária RED, s.r.o.",Žilina
JuEn89TLzyn,rent,"2-room apartment",59,"partially renovated",NULL,NULL
JuDVCgxcWoV,rent,"1-room apartment",30,"partially renovated","KES - RV s.r.o.",Rožňava
JurCt3kGKjX,sale,"3-room apartment",80,"partially renovated","ROSA reality","Kysucké Nové Mesto"
Ju4rzPnW6--,rent,"1-room apartment",44,"new construction",NULL,NULL
JudLFAAMGyd,sale,"3-room apartment",72,unrenovated,"RESIDENCE realitná kancelária","Liptovský Mikuláš"
JuAF6zTk4aw,sale,"3-room apartment",86,"new construction","ODEKO manažment s.r.o.",Žilina
JurXcD9fbrUY,sale,"4-room apartment",162,"fully renovated","Realitná kancelária RED, s.r.o.",Žilina
JuPIcosPUIK,rent,"2-room apartment",54,"fully renovated",NULL,NULL
JuviN4c9fMi,sale,"2-room apartment",63,"new construction",G-REAL,"Liptovský Mikuláš"
Jux3fZyBY08,sale,"2-room apartment",67,"fully renovated","HD reality group s.r.o","Banská Bystrica"
JuzYHHeYN5Y,sale,"3-room apartment",82,unrenovated,"Safe reality s. r. o.",Žilina
JulrtoBvNUl,sale,"4-room apartment",102,"fully renovated","MGM reality",Žilina
JunJQlPuUZ5,sale,"3-room apartment",74,"new construction",NULL,NULL
Ju7Y_BuXfpd,sale,"3-room apartment",66,unrenovated,"Reality Center, s.r.o.",Martin
JuIQRanSNHE,sale,"holiday apartment",35,"new construction","MK-CORP s.r.o.",Malacky
Ju-oy7KMPvG,sale,"2-room apartment",42,"new construction","CANGURU s.r.o.","Rajecké Teplice"
JuGK6bfHjeP,sale,"1-room apartment",30,"partially renovated","Reality ELIÁŠ",Nitra
Juow0UUu95a,sale,"holiday apartment",26,"new construction","RIEŠIME BÝVANIE",Bratislava
Jua2VQSxknR,rent,"2-room apartment",65,"fully renovated","Safe reality s. r. o.",Žilina
Jute43unDDv,rent,"2-room apartment",53,"fully renovated","FINREA - ak vám záleží na výsledku","Dolný Kubín"
JuhboaiL4kD,sale,"holiday apartment",1200,"partially renovated","Apollo House",Bratislava
JuvEgSpY9yR,sale,"3-room apartment",75,"partially renovated",NULL,NULL
JunTVXk3Mti,sale,"3-room apartment",82,"fully renovated","Real Reality Development s.r.o.",Martin
JuuSRj_dS1E,sale,"1-room apartment",30,"fully renovated",NULL,NULL
Ju4H966Coro,sale,"1-room apartment",40,"fully renovated","OREA, s.r.o.","Dolný Kubín"
Ju6-B7-KyuQ,sale,"2-room apartment",44,"new construction","WFG reality, s.r.o.",Žilina
JuhnGApypwY,sale,"3-room apartment",92,"new construction",NULL,NULL
Ju7xovoPDxC,sale,"2-room apartment",67,"partially renovated","RE/MAX Slovakia",Bratislava
Ju_EiSHONLK,sale,"2-room apartment",46,"fully renovated","Realitná kancelária",Bratislava
JuNbmfaprZN,rent,"2-room apartment",56,"fully renovated","Reality Alpia",Martin
JukTLg0JPLo,sale,"2-room apartment",75,"fully renovated","ŽILINAREAL, s.r.o.",Žilina
Ju5nlrwa9YA,sale,"3-room apartment",204,"fully renovated","Vianema s.r.o.",Bratislava
JuxqWwCd3Bc,sale,"holiday apartment",42,"new construction","Reality Alpia",Martin
Ju-lEoc2XSC,sale,"3-room apartment",118,"new construction","ODEKO manažment s.r.o.",Žilina
JuPFzcSTrpI,sale,"2-room apartment",50,"fully renovated","MGM reality",Žilina
JuBGOlYijOs,sale,"3-room apartment",41,"fully renovated","FINREA - ak vám záleží na výsledku","Dolný Kubín"
JuzSVrg19-5,sale,"3-room apartment",79,"new construction","OREA, s.r.o.","Dolný Kubín"
Ju4DmwiiW-b,sale,"4-room apartment",80,"under construction","Istrofinal, s. r. o.",Žilina
JuqfZpnefqB,rent,"3-room apartment",NULL,"fully renovated",NULL,NULL
Juu9JOj3Rtxf,sale,"3-room apartment",43,"fully renovated","FINREA - ak vám záleží na výsledku","Dolný Kubín"
JuqrzDEx4zp,sale,"3-room apartment",96,"partially renovated","DRR INVEST, s. r. o.","Horný Hričov"
JuMDbkTFIEs,rent,"studio apartment",23,unrenovated,"Reality ASTORIA, s.r.o.",Martin
JuKOSky-gaQ,rent,"2-room apartment",55,"fully renovated","Fortio Popper s.r.o.",Bytča
Ju6HxyuWwow,sale,"3-room apartment",226,unrenovated,"RENOME REAL",Žilina
Jug-3hxWFLu,rent,"3-room apartment",53,"fully renovated","Realitné kancelárie SR",Bratislava
Ju7k48dIljM,sale,"2-room apartment",65,"fully renovated","HALO reality, s.r.o.",Prievidza
Jumh9UnxAYr,rent,"2-room apartment",59,"fully renovated","ROMDOM, s. r. o",Žilina
JuN_WBxnd6g,sale,"2-room apartment",45,"new construction",NULL,NULL
JujoQo2VGUJ,rent,"1-room apartment",47,"new construction","PRIMA reality s.r.o.",Žilina
JuVrf5-P_w2,sale,"2-room apartment",66,"partially renovated","Reality AK, spol. s r.o.",Martin
JuhprznFXvm,sale,"1-room apartment",42,"under construction","4FIN s.r.o.",Beluša
JubdDMCwkS-,sale,"2-room apartment",51,"fully renovated","Realitná kancelária DR, s.r.o.",Martin
Jur10DDDefn,rent,"2-room apartment",45,"fully renovated","Fortio Popper s.r.o.",Bytča
JuAFSeapxAr,sale,"4-room apartment",102,"new construction","ODEKO manažment s.r.o.",Žilina
JunM5Oyfta7,sale,"4-room apartment",84,"fully renovated","Direct Real, spol. s r.o.",Bratislava
JulljNn3BQ6,rent,"3-room apartment",76,"fully renovated","JKV REAL",Prievidza
Ju-DQSmNMMQ,sale,"4-room apartment",120,"fully renovated","Realitná kancelária RED, s.r.o.",Žilina
Juzy2CD4C3Q,sale,"3-room apartment",76,"under construction",NULL,NULL
JuyFJFlxmNe,sale,"holiday apartment",40,unrenovated,"Reality Alpia",Martin
JudFUrfv3xN,sale,"2-room apartment",73,"new construction","OREA, s.r.o.","Dolný Kubín"
JuTZyCvuUzR,sale,"3-room apartment",65,unrenovated,"Reality ASTORIA, s.r.o.",Martin
Juip-IYlQVA,sale,"3-room apartment",80,unrenovated,"Realitná kancelária",Bratislava
JuRjoCvdqrS,rent,"3-room apartment",68,"fully renovated","Realitná kancelária",Bratislava
Jubh97mv2uS,sale,"2-room apartment",72,"fully renovated","RE/MAX Slovakia",Bratislava
JuX28I09sjk,rent,"3-room apartment",72,"fully renovated","TUreality s.r.o.",Žilina
JuC150gf4x0,rent,"3-room apartment",64,"new construction","Reality ASTORIA, s.r.o.",Martin
JuWE0lIaFPD,sale,"3-room apartment",91,unrenovated,"TUreality s.r.o.",Žilina
JuOHtDh4ssx,rent,"3-room apartment",81,"fully renovated","JKV REAL",Prievidza
JucmQgleApT,sale,"4-room apartment",127,"new construction","KORSO Project, s.r.o.",Žilina
Juwx2mgp7mc,sale,"3-room apartment",64,"partially renovated","Reality AK, spol. s r.o.",Martin
Juefy0T6TSp,sale,"4-room apartment",113,"partially renovated","Safe reality s. r. o.",Žilina
JuOlH8L9nB_,sale,"2-room apartment",49,"new construction","Reinoo a.s.",Žilina
JuP6ftsrJ5D,sale,"2-room apartment",71,"new construction",NULL,NULL
JuXhj_2xCZd,sale,"3-room apartment",84,"fully renovated","B10 Slovensko, a. s.",Žilina
JuFDFkP8ndy,sale,"1-room apartment",38,"new construction","WFG reality, s.r.o.",Žilina
Ju99QRQeIB6,rent,"1-room apartment",32,"fully renovated","Reality Alpia",Martin
Ju0vPaBxKXU,sale,"2-room apartment",66,"fully renovated","RESIDENCE realitná kancelária","Liptovský Mikuláš"
JuY5LGMMCXw,rent,"commercial space",2000,"new construction","iO Partners Slovakia s.r.o.",Bratislava
Jul_zSmXyuk,sale,"3-room apartment",74,"new construction","Realitná kancelária RED, s.r.o.",Žilina
Juc13_FCZgH,rent,maisonette,100,unrenovated,"GERT , s.r.o.","Liptovský Mikuláš"
JuTx27ZW8X8,sale,"holiday apartment",40,"under construction","RK SPIRIT s.r.o.","Liptovský Mikuláš"
Jun0m0ZrnOH,sale,"holiday apartment",74,"under construction","Tatry mountain resorts, a.s.","Liptovský Mikuláš"
JuIW7C6rFGH,sale,"3-room apartment",70,"partially renovated","LIF REAL",Martin
JupsSzyT0cr,rent,"2-room apartment",32,"fully renovated","Reality AK, spol. s r.o.",Martin
JuL2iQbOhc4,sale,"holiday apartment",64,"new construction","KUBALA REALITY, s.r.o.",Čadca
JuDUhZhbscW,rent,"3-room apartment",59,"new construction",NULL,NULL
JuU_yP2Leq5,sale,"2-room apartment",70,"partially renovated","ROMDOM, s. r. o",Žilina
JudTzF1WzhJ,rent,"2-room apartment",58,"partially renovated",NULL,NULL
JuZZDPtR2IXg,rent,"1-room apartment",65,"new construction","PRIMA reality s.r.o.",Žilina
Ju6CbHXXMaR,rent,"2-room apartment",48,"new construction","RESIDENCE realitná kancelária","Liptovský Mikuláš"
JuJyLb9uZkF,rent,"2-room apartment",63,"fully renovated","FINREA - ak vám záleží na výsledku","Dolný Kubín"
JuZsnFqHRPo,sale,"4-room apartment",111,unrenovated,"MGM reality",Žilina
JubcX2eX1Ec,rent,"2-room apartment",42,"new construction",NULL,NULL
JuHVIRVpUCc,sale,"holiday apartment",75,"fully renovated","RK SPIRIT s.r.o.","Liptovský Mikuláš"
JuTmTC_fKnC,sale,"holiday apartment",57,"new construction","YNI reality",Žilina
Ju43Fk0eYYh,rent,"3-room apartment",72,"fully renovated","1. Reality Rent, s.r.o.",Žilina
JuN7uIfPm4u,rent,"3-room apartment",57,"new construction","AnoReal, s.r.o.",Stráňavy
JuunJga2z_k,sale,"2-room apartment",81,"new construction","RE/MAX Slovakia",Bratislava
JuAChQKUc2K,rent,"3-room apartment",80,"fully renovated","Reality Center, s.r.o.",Martin
Ju0haPUlmUa,sale,"3-room apartment",NULL,"new construction",NULL,NULL
JuMd5Se4xMY,sale,"3-room apartment",65,"fully renovated","Realitná kancelária",Bratislava
JusbD5cQ3a4,sale,"3-room apartment",69,"partially renovated","B10 Slovensko, a. s.",Žilina
JuM34gAq3oh,rent,"3-room apartment",90,"new construction","SLNOVRAT, s.r.o.",Olešná
JuMB3dfOXp8,sale,"3-room apartment",82,"fully renovated","AstonReal s.r.o.","Banská Bystrica"
JubzWbhcDfO,sale,"3-room apartment",60,unrenovated,"TUreality s.r.o.",Žilina
JuVAMiylcZs,sale,"holiday apartment",59,"new construction","RK SPIRIT s.r.o.","Liptovský Mikuláš"
JunEHNrbeFP,sale,"holiday apartment",42,"fully renovated","GERT , s.r.o.","Liptovský Mikuláš"
JuUPtRtKqg1,rent,"holiday apartment",27,unrenovated,"Realitné kancelárie SR",Bratislava
Juqo7TnYgwu,sale,"3-room apartment",87,"new construction","Direct Real, spol. s r.o.",Bratislava
JuS-j-NozyD,rent,"3-room apartment",85,"new construction","Realitná kancelária RED, s.r.o.",Žilina
Ju6448VMXkm,rent,"2-room apartment",62,"fully renovated","TUreality s.r.o.",Žilina
Ju1i5P66bxL,sale,"4-room apartment",84,"fully renovated","Realitná kancelária",Bratislava
JuYIUYhGIcc,sale,"3-room apartment",69,"partially renovated","Realitné kancelárie SR",Bratislava
JuNO1HdGb3E,sale,"2-room apartment",55,"fully renovated","Buby reality, s.r.o.",Žilina
JuR_dv_w6nb,rent,"3-room apartment",68,"fully renovated","Reality Turiec s.r o.",Martin
JulFrto6Z8R,sale,"holiday apartment",34,"new construction","Tatra Invest",Podtureň
Ju3o-SF0dKF,sale,"1-room apartment",38,"new construction","WFG reality, s.r.o.",Žilina
Juena3XeNrr,sale,"2-room apartment",50,"new construction","Direct Real, spol. s r.o.",Bratislava
JuvUgr_LkF7,sale,"3-room apartment",62,"new construction","Bosen Group s.r.o.",Bratislava
Ju-oP3i-Pkz,sale,"3-room apartment",73,"new construction","Reality ASTORIA, s.r.o.",Martin
JuEWaQqDH0I,sale,"2-room apartment",37,"fully renovated","Reality Center, s.r.o.",Martin
JuqQMoNXFYc,sale,"3-room apartment",114,"partially renovated","Reality Center, s.r.o.",Martin
Ju6LKRO0_U9,sale,"2-room apartment",54,"fully renovated","Realitná kancelária RED, s.r.o.",Žilina
Ju_TYGvbGhv,sale,"holiday apartment",76,"new construction","RESIDENCE realitná kancelária","Liptovský Mikuláš"
Juq7WGTR85M,sale,"2-room apartment",63,"partially renovated","HD reality group s.r.o","Banská Bystrica"
JuOvpv4GR0X,sale,"2-room apartment",79,"fully renovated","BeMi realitná kancelária",Nitra
Ju65g8tl_o6,rent,"2-room apartment",55,"fully renovated","Fortio Popper s.r.o.",Bytča
Ju7s-G2xWRrv,sale,"2-room apartment",28,"new construction","OREA, s.r.o.","Dolný Kubín"
Jur9DmBKE6k,rent,"3-room apartment",65,"partially renovated",NULL,NULL
Juethr02QAh,rent,"3-room apartment",55,"fully renovated","OREA, s.r.o.","Dolný Kubín"
JuRPpAPhQaY,rent,"3-room apartment",82,"fully renovated","Realitná kancelária RED, s.r.o.",Žilina
JuXIhW2sDRX,sale,"4-room apartment",87,"partially renovated","Direct Real, spol. s r.o.",Bratislava
JukVWGCXzBK,rent,"3-room apartment",86,"fully renovated","MGM reality",Žilina
JuA1hP6Bd3t,sale,"4-room apartment",118,"fully renovated",G-REAL,"Liptovský Mikuláš"
JunJ76UrnXo,sale,"2-room apartment",54,"partially renovated","FINREA - ak vám záleží na výsledku","Dolný Kubín"
Juy4b8nUUh5,sale,"3-room apartment",72,"partially renovated","TARGETreal s. r. o.",Žilina
JuoKym-eugj,sale,"holiday apartment",47,"fully renovated","Reality Alpia",Martin
JuxugnKSQZO,sale,"2-room apartment",45,"new construction","RE/MAX Slovakia",Bratislava
Ju0Ee02A6Iy,sale,"2-room apartment",60,"new construction","HMS Services, a. s.",Žilina
JuZUv2TX6Jz,sale,"holiday apartment",31,"fully renovated","Reality Alpia",Martin
Ju-GH82Bvcv,sale,"3-room apartment",80,"partially renovated","ŠIRINY, s.r.o.",Zvolen
JumwKAHAQZ-,sale,"holiday apartment",147,"new construction","RIEŠIME BÝVANIE",Bratislava
Ju36lkCzKpS,sale,"2-room apartment",50,"fully renovated","NajBývanie, s.r.o.",Ružomberok
JuVL9EcWc2t,rent,"2-room apartment",55,"fully renovated","Fortio Popper s.r.o.",Bytča
JuXRr8c0-gp,sale,"holiday apartment",25,"new construction","KRUPPKY, s.r.o.","Liptovský Mikuláš"
JuUYkSiI3DC,sale,"holiday apartment",NULL,"new construction","ARCHEUS Partners a.s.",Bratislava
JuqLWeKD7Wh,sale,"2-room apartment",50,unrenovated,liptoreal,"Liptovský Mikuláš"
Juq8LRZ6yKQ,sale,"3-room apartment",68,unrenovated,"AstonReal s.r.o.","Banská Bystrica"
Ju_IKpLJHsv,sale,"holiday apartment",31,"fully renovated","OREA, s.r.o.","Dolný Kubín"
JugAp1u_qk1,rent,"studio apartment",22,"fully renovated","EASY centrum bývania, s.r.o.",Žilina
JuJPy3KQ41X,rent,"2-room apartment",52,"new construction","Reality Alpia",Martin
Ju_bbWxDvZ7,rent,"1-room apartment",38,"fully renovated","RESIDENCE realitná kancelária","Liptovský Mikuláš"
JuuKGKckyxy,sale,"3-room apartment",68,"partially renovated","Reality MT s.r.o.",Martin
Ju7lyYOfLaW,sale,"1-room apartment",43,unrenovated,"RIEŠIME BÝVANIE",Bratislava
Ju7UlN5liG9,sale,"3-room apartment",96,"new construction","Buby reality, s.r.o.",Žilina
JuVUnBR3tKh,sale,"2-room apartment",74,"new construction","Realitná kancelária RED, s.r.o.",Žilina
JuQBqq7Pwpu,rent,"2-room apartment",85,"fully renovated","Realitná kancelária RED, s.r.o.",Žilina
Jux-89v_b-H,sale,"3-room apartment",75,"partially renovated","MGM reality",Žilina
JuRirU25uGC,sale,"4-room apartment",162,"fully renovated","Realitná kancelária RED, s.r.o.",Žilina
JuH61G00WWP,sale,"3-room apartment",73,"partially renovated","HALO reality, s.r.o.",Prievidza
JuzhlHJjU2y,sale,"3-room apartment",84,"new construction","Renovo Reality",Žilina
JuTPBH57dwB,sale,"4-room apartment",156,"development project","TATRA CITY RESIDENCE s. r. o.",Zvolen
JuA6AvNGWkt,sale,"2-room apartment",55,"fully renovated","XEMAR realitná spoločnosť s.r.o.","Banská Bystrica"
JuV3Qm6Wkc0,sale,"4-room apartment",84,"fully renovated","Buby reality, s.r.o.",Žilina
JuzpWPdpylQ,sale,"3-room apartment",88,"new construction","Reinoo a.s.",Žilina
JukmrMnXO9z,sale,"2-room apartment",57,unrenovated,"ALFA SALUTO REAL s.r.o",Bratislava
JuYVsYrHNhK,sale,"3-room apartment",70,"partially renovated","Ing.Zuzana Paverová","Turčianske Teplice"
JulaIQCE-Uz,rent,"2-room apartment",51,"new construction","RESIDENCE realitná kancelária","Liptovský Mikuláš"
JuVfkYvfV4D,sale,"holiday apartment",84,"new construction","Financial Hotels Management, s.r.o.",Žilina
JuXClsCim_Y,rent,"3-room apartment",85,"partially renovated",NULL,NULL
JufDkMDnCvm,rent,"3-room apartment",79,"fully renovated","Stanislav Motyčík - MK",Žilina
JukJYQ0D3dC,sale,"3-room apartment",93,"partially renovated","TUreality s.r.o.",Žilina
JuF1TjEV1Ru,sale,"3-room apartment",63,"new construction","B10 Slovensko, a. s.",Žilina
JuNLjCrLJ47,sale,"other apartment type",200,unrenovated,"Reality MT s.r.o.",Martin
JuVvtE4iYcW,sale,"holiday apartment",39,"new construction","RK SPIRIT s.r.o.","Liptovský Mikuláš"
Ju8ym9e1pKJ,sale,"1-room apartment",40,"partially renovated","1. Reality Rent, s.r.o.",Žilina
JugsT-r1Fjq,sale,"studio apartment",25,unrenovated,"RECLOUD Reality a.s.",Bratislava
JuRvKY-BDAM,sale,"studio apartment",33,"partially renovated","HALO reality, s.r.o.",Prievidza
JuXB6L99RjI,rent,"2-room apartment",55,"new construction","MGM reality",Žilina
Ju6Fxzj1aPV,sale,"3-room apartment",72,"fully renovated","TARGETreal s. r. o.",Žilina
JuvyqEQLT9W,rent,"4-room apartment",100,unrenovated,"Reality Alpia",Martin
Ju8nwr--d8J,sale,"holiday apartment",87,"under construction","Tatry mountain resorts, a.s.","Liptovský Mikuláš"
JuB0hydoQt_,sale,"2-room apartment",79,"partially renovated","ADOMOS REAL s.r.o.",Košice
JuM_6zn3dEU,sale,"4-room apartment",89,"fully renovated","TARGETreal s. r. o.",Žilina
JuCSthEMyi8,sale,"4-room apartment",118,"partially renovated","R2 SK, s.r.o.",Žilina
JuUgt1O2AUN,sale,"2-room apartment",42,"new construction",NULL,NULL
JuNZ8PQ1HeL,sale,"3-room apartment",76,"partially renovated","AstonReal s.r.o.","Banská Bystrica"
JubK5ISUXOm,sale,"4-room apartment",77,"under construction","Istrofinal, s. r. o.",Žilina
JuktNGvsiwv,sale,"1-room apartment",38,"new construction","WFG reality, s.r.o.",Žilina
Ju5B5pSVvke,rent,"3-room apartment",72,"fully renovated","RIEŠIME BÝVANIE",Bratislava
JugR8pX-gZX,sale,"3-room apartment",69,"partially renovated","TUreality s.r.o.",Žilina
JumTQJJZB7H,sale,"3-room apartment",155,"partially renovated","TUreality s.r.o.",Žilina
JuaFAuw30OV,sale,loft,28,"partially renovated","Renovo Reality",Žilina
Ju-FXGTnvER,sale,"4-room apartment",83,unrenovated,"Reality Alpia",Martin
JuHXoN0ryfa,sale,"3-room apartment",86,unrenovated,"MGM reality",Žilina
JuYsJLbvRpN,sale,"2-room apartment",56,"fully renovated","1. Reality Rent, s.r.o.",Žilina
JuRYP3Oa6YZ,sale,"4-room apartment",150,"new construction","RK Dalmia s. r. o.","Dolný Kubín"
JuKfypJ44Pi,rent,"2-room apartment",50,"fully renovated","Trioreality, s.r.o.",Čadca
JuB63TyYdjm,sale,loft,60,"under construction","TATRA CITY RESIDENCE s. r. o.",Zvolen
JuwdDOrpGK5,sale,"4-room apartment",84,"fully renovated","Buby reality, s.r.o.",Žilina
JuQLJpNFPOX,rent,"1-room apartment",35,"partially renovated","FINREA - ak vám záleží na výsledku","Dolný Kubín"
JupfL7Qxmcc,rent,"3-room apartment",115,"new construction","STAREA, s. r. o.",Žilina
JuF5xNSQO5x,sale,"1-room apartment",38,"partially renovated","BeMi realitná kancelária",Nitra
Juk3yNZ7Eva,rent,"2-room apartment",60,"new construction","Realitná kancelária",Bratislava
JuiS9BjPEIo,sale,"2-room apartment",38,"new construction","HD reality group s.r.o","Banská Bystrica"
Jug3a9-mziM,sale,"2-room apartment",77,"new construction","RK SPIRIT s.r.o.","Liptovský Mikuláš"
JuZzvx283W0,rent,"1-room apartment",30,"fully renovated",NULL,NULL
Ju8DPYGWH3G,sale,"2-room apartment",39,"new construction","RK SPIRIT s.r.o.","Liptovský Mikuláš"
JuP5uFTNe1Q,rent,"3-room apartment",87,"new construction","KVArent, s.r.o.",Žilina
JuALKaJfivV,rent,"3-room apartment",70,unrenovated,"B10 Slovensko, a. s.",Žilina
Juns9vrGm9z,sale,"holiday apartment",61,"new construction","Occam New Home",Bratislava
JuviBInVrFn,rent,"1-room apartment",37,"fully renovated",NULL,NULL
JuqUuNNcs6x,rent,"2-room apartment",48,"new construction","RESIDENCE realitná kancelária","Liptovský Mikuláš"
Juy-j07S1W7,sale,"holiday apartment",69,"new construction","TARGETreal s. r. o.",Žilina
JuIG-Ap8rLX,sale,"3-room apartment",85,"new construction","OREA, s.r.o.","Dolný Kubín"
Ju3G8jSFFI9,rent,"2-room apartment",52,"new construction","JPE. Reality - Jozef Pajer",Čadca
JuQKqXinTqJ,sale,"3-room apartment",75,"new construction","ODEKO manažment s.r.o.",Žilina
Ju7FBuvMeEz,sale,"3-room apartment",63,"partially renovated","RIEŠIME BÝVANIE",Bratislava
Jus3m-rZi5G,rent,"2-room apartment",53,"fully renovated","Fortio Popper s.r.o.",Bytča
JuIV5E-BtYf,sale,"3-room apartment",99,"new construction","IDEÁLNE BÝVANIE, s.r.o.",Žilina
JuoJ6B-WiVu,sale,"2-room apartment",59,"new construction","RE/MAX Slovakia",Bratislava
JuCUhlSV9_h,sale,"4-room apartment",90,"partially renovated","YNI reality",Žilina
Juk5yDVhn6R,sale,"3-room apartment",73,unrenovated,NULL,NULL
Julv6O2K4io,rent,"2-room apartment",58,"partially renovated","B10 Slovensko, a. s.",Žilina
Ju1Hfz04CkU,sale,"3-room apartment",130,"new construction","RENOME REAL",Žilina
JuT66Fppd38,sale,"studio apartment",14,"fully renovated","RE/MAX Slovakia",Bratislava
Ju75IN_Zjx0,sale,"2-room apartment",55,"partially renovated","SLNOVRAT, s.r.o.",Olešná
JupU33o9uCP,sale,"1-room apartment",43,"new construction","RK SPIRIT s.r.o.","Liptovský Mikuláš"
JuxRPO2xwZZ,rent,"2-room apartment",54,"new construction","DreamReality s.r.o.",Žilina
Jugu2Y2-InX,rent,"2-room apartment",67,"partially renovated","Buby reality, s.r.o.",Žilina
JuxFFLySNPg,sale,"3-room apartment",71,"under construction","ODEKO manažment s.r.o.",Žilina
Ju7ymmOZXTG,sale,"1-room apartment",37,"new construction","WFG reality, s.r.o.",Žilina
JuPbmK8oIXM,sale,"2-room apartment",53,"new construction","STRATEGIC REALITY","Liptovský Mikuláš"
JuFA8PJP0f8,rent,"2-room apartment",59,"fully renovated","RE/MAX Slovakia",Bratislava
Juwwl8fsexY,sale,"holiday apartment",57,"fully renovated","Top Real Košice s.r.o.",Košice
JuziSU1LhLt,rent,"studio apartment",37,"new construction",NULL,NULL
JucVDDFBRT8,rent,"4-room apartment",93,"fully renovated","Fortio Popper s.r.o.",Bytča
JuANNBb14Ku,rent,"1-room apartment",28,"partially renovated","FINREA - ak vám záleží na výsledku","Dolný Kubín"
JuKXYAqOf2e,sale,"holiday apartment",26,"new construction","RK SPIRIT s.r.o.","Liptovský Mikuláš"
Ju9bVHvcqcL,sale,"holiday apartment",62,"new construction","RIEŠIME BÝVANIE",Bratislava
Ju8feO0vuod,sale,"4-room apartment",86,"new construction","Realitná kancelária RED, s.r.o.",Žilina
JuIFK1fc6FD,rent,"3-room apartment",80,"partially renovated","FINREA - ak vám záleží na výsledku","Dolný Kubín"
Juea9VaEEz4,sale,"2-room apartment",45,"new construction","STAREA, s. r. o.",Žilina
Jueq_fze_5r,rent,"2-room apartment",NULL,"new construction",NULL,NULL
Ju3RCMQs9vo,rent,"2-room apartment",60,"new construction","KRUPPKY, s.r.o.","Liptovský Mikuláš"
JuXdiDoNNIv,sale,"2-room apartment",63,unrenovated,"AstonReal s.r.o.","Banská Bystrica"
Ju0lAAcuMC-,sale,"3-room apartment",100,"partially renovated","B10 Slovensko, a. s.",Žilina
Ju-yDJSlQCf,sale,"4-room apartment",109,unrenovated,"TUreality s.r.o.",Žilina
JuSCw29I996,rent,"3-room apartment",72,"fully renovated","Reality Alpia",Martin
Ju34bdWwwrW,sale,"3-room apartment",91,"partially renovated","TUreality s.r.o.",Žilina
JuSL8akIpnl,sale,"2-room apartment",70,unrenovated,"Bosen Group s.r.o.",Bratislava
JunNE3gm3lK,sale,"holiday apartment",34,"new construction","RK SPIRIT s.r.o.","Liptovský Mikuláš"
JubD2pJKl5g,sale,"3-room apartment",100,"new construction","Financial Hotels Management, s.r.o.",Žilina
JuLSY56QzCa,sale,"3-room apartment",85,"partially renovated","Reality ASTORIA, s.r.o.",Martin
JuiHekkzZ0E,sale,"3-room apartment",NULL,"fully renovated",NULL,NULL
JuLjftxvY7o,sale,"4-room apartment",89,"partially renovated","FINREA - ak vám záleží na výsledku","Dolný Kubín"
JuOipBrhKGg,sale,"2-room apartment",55,unrenovated,"BeMi realitná kancelária",Nitra
JulLkJwhVa1,sale,"3-room apartment",67,unrenovated,"Realitná kancelária",Bratislava
JuYmnqxfCfU,rent,"2-room apartment",52,"fully renovated","Fortio Popper s.r.o.",Bytča
Ju8j-hPnALY,sale,"holiday apartment",43,"new construction","RESIDENCE realitná kancelária","Liptovský Mikuláš"
Ju2RLrI1kcS,rent,"2-room apartment",71,"new construction","DreamReality s.r.o.",Žilina
JunCOKnq7PY,sale,"3-room apartment",72,"partially renovated","SLNOVRAT, s.r.o.",Olešná
JuPViaCTmSo,sale,"3-room apartment",70,"under construction","REALITY TATRY",Levoča
JuniaoRdvqE,sale,"2-room apartment",44,"new construction",G-REAL,"Liptovský Mikuláš"
JueF3dmbicv,sale,"3-room apartment",80,"partially renovated","MENÍME BÝVANIE",Čadca
JuLfK4N9KuJ,rent,"4-room apartment",90,"fully renovated","PRIMA reality s.r.o.",Žilina
JuKI6_CGWPh,sale,"holiday apartment",25,"new construction",jabyvam.sk,"Liptovský Mikuláš"
JuwROzF7MPz,sale,"1-room apartment",34,"partially renovated","LOYAL REALITY s.r.o.","Dolný Kubín"
JuVxrPNOwNZ,sale,"3-room apartment",112,"new construction",donidDevelop,"Dolný Kubín"
JusbqvfGHuD,sale,"studio apartment",38,"fully renovated","NajBývanie, s.r.o.",Ružomberok
Juf6pNtbqh1,sale,"3-room apartment",72,"partially renovated","RE/MAX Slovakia",Bratislava
JuXFWi9ToVv,rent,"1-room apartment",43,"fully renovated","HD reality group s.r.o","Banská Bystrica"
Juc4p__s1-a,sale,"2-room apartment",70,"fully renovated","Realitné kancelárie SR",Bratislava
JubH8PB1O7h,sale,"3-room apartment",80,"fully renovated","Constario REALTY s.r.o.",Žilina
JuIAvskne5z,rent,"2-room apartment",60,"fully renovated","GERT , s.r.o.","Liptovský Mikuláš"
JuPKK388ZCm,sale,"2-room apartment",42,"fully renovated","SLNOVRAT, s.r.o.",Olešná
JumrPKthwP7,rent,"2-room apartment",64,"new construction","ŽILINAREAL, s.r.o.",Žilina
JuewRpsuNGh,rent,"1-room apartment",NULL,"fully renovated",NULL,NULL
JuOCwlB4zqX,rent,"2-room apartment",67,"new construction",NULL,NULL
Juaxt90u-z9,sale,"4-room apartment",103,"fully renovated","House Real Žilina",Žilina
JuU9JEZLTwi,sale,"3-room apartment",90,"partially renovated","HALO reality, s.r.o.",Prievidza
Ju6c9z03WhY,rent,"2-room apartment",63,"fully renovated","Reality Center, s.r.o.",Martin
JunIIQTPa44,sale,"4-room apartment",110,"under construction","TATRA CITY RESIDENCE s. r. o.",Zvolen
Juz4W9SDfoY,sale,"2-room apartment",50,"partially renovated","RENOME REAL",Žilina
Ju5NSmHtePH,sale,"3-room apartment",89,"fully renovated","TARGETreal s. r. o.",Žilina
JuUaKO5dYge,sale,"3-room apartment",83,"new construction","OREA, s.r.o.","Dolný Kubín"
Ju6w7wQRZXw,sale,"holiday apartment",86,unrenovated,"PhDr. Miloš Kocúr - BKM Consulting",Skalité
JupVQ9BHiZG,sale,"2-room apartment",52,unrenovated,"Realitná kancelária RED, s.r.o.",Žilina
JueYWDVVrdd,rent,"2-room apartment",80,"new construction","BeMi realitná kancelária",Nitra
Ju9hEcnte9-,rent,"3-room apartment",73,"partially renovated",NULL,NULL
JuYML_WMLmL,sale,"2-room apartment",67,"fully renovated","AstonReal s.r.o.","Banská Bystrica"
JuInvssV5eE,sale,"1-room apartment",32,"under construction","ODEKO manažment s.r.o.",Žilina
JuZ68DUQRpn,sale,"3-room apartment",58,"new construction",NULL,NULL
JupACoTE9Yo,sale,"3-room apartment",69,"fully renovated","B10 Slovensko, a. s.",Žilina
Ju5bhE-1H2z,sale,"1-room apartment",32,"new construction","DOMUM realitná spoločnosť s. r. o.","Nové Mesto nad Váhom"
Jukzit6pFoZ,sale,"2-room apartment",66,"fully renovated","Constario REALTY s.r.o.",Žilina
JuipAuQVd0x,sale,"1-room apartment",35,"partially renovated","Reality Center, s.r.o.",Martin
Ju12bwYQ7nT,rent,"3-room apartment",63,"new construction","Reality ASTORIA, s.r.o.",Martin
JudGtDjR-sv,sale,"2-room apartment",79,"fully renovated","HALO reality, s.r.o.",Prievidza
JuMuHR9ALAx,sale,"2-room apartment",54,"new construction",NULL,NULL
JubXkgOc5Vf,sale,"holiday apartment",34,"new construction","Reality Alpia",Martin
JuykdgfJYfL,sale,"2-room apartment",56,"new construction","Realitná kancelária RED, s.r.o.",Žilina
JutR_NlarhR,rent,"2-room apartment",69,"new construction","DreamReality s.r.o.",Žilina
JuGMS7Q7AS7,sale,"3-room apartment",76,"under construction","TATRA CITY RESIDENCE s. r. o.",Zvolen
Juuzq73KdvI,sale,"2-room apartment",68,"partially renovated","ROMDOM, s. r. o",Žilina
JuSGqC8nbbl,rent,"3-room apartment",60,"fully renovated",NULL,NULL
Ju6fwBTV6P6,rent,"2-room apartment",54,unrenovated,"MGM reality",Žilina
JuPaHBO-gez,sale,"2-room apartment",71,unrenovated,"NajBývanie, s.r.o.",Ružomberok
JupFlDUtQOE,rent,"2-room apartment",46,"new construction",NULL,NULL
JuoVsoGKe3I,sale,"3-room apartment",68,unrenovated,"NajBývanie, s.r.o.",Ružomberok
JuYypAB3WNO,rent,"studio apartment",29,"new construction","Mgr. Nina Herčková, RSc.",Žilina
JuZJo0wlRRU,sale,"1-room apartment",29,"new construction",donidDevelop,"Dolný Kubín"
JuakfUC89nT,sale,"studio apartment",22,"partially renovated","Safe reality s. r. o.",Žilina
JuwiNiRwZ-G,rent,"3-room apartment",74,"fully renovated","Fortio Popper s.r.o.",Bytča
JuOFc-qmQAu,rent,"2-room apartment",67,"new construction",NULL,NULL
JuVMUFYMKhd,sale,"1-room apartment",25,"partially renovated","Realitka pre každého",Žilina
JuWtaJ8gYmY,sale,"3-room apartment",81,"partially renovated","Bosen Group s.r.o.",Bratislava
Judqch1ikzy,sale,"1-room apartment",39,"fully renovated","RIEŠIME BÝVANIE",Bratislava
JumDGD_wH9E,sale,"4-room apartment",130,"new construction","Bosen Group s.r.o.",Bratislava
JuV9NY1IIlj,sale,"1-room apartment",24,"under construction","ODEKO manažment s.r.o.",Žilina
Jutms5kvMoG,sale,"4-room apartment",91,"fully renovated","TUreality s.r.o.",Žilina
JuTcLcPMeUX,rent,"2-room apartment",56,"new construction","ALT REAL, s.r.o.",Martin
Ju3fRh58rlQ,rent,"2-room apartment",51,"partially renovated","OVERENÉ REALITY","Banská Bystrica"
JuvBgKU_KI7,sale,"4-room apartment",101,"fully renovated","Realitná kancelária RED, s.r.o.",Žilina
Jueqkk2FQTK,sale,"3-room apartment",95,"new construction","DreamReality s.r.o.",Žilina
JuMqUg0JlP-,sale,"4-room apartment",130,"new construction","BB - REALITY,  s.r.o.","Banská Bystrica"
Jujum4J4wb2,rent,"2-room apartment",60,"fully renovated","Reality ASTORIA, s.r.o.",Martin
JuMQiZOnaxz,sale,"2-room apartment",60,"new construction","Svoboda&Williams Slovakia s.r.o.",Bratislava
JuhS38paEh6,sale,"4-room apartment",113,"development project","KORSO Project, s.r.o.",Žilina
Ju_1ltAlD0n,sale,"1-room apartment",31,"new construction","XEMAR realitná spoločnosť s.r.o.","Banská Bystrica"
Ju6oo_vEaT-,sale,"holiday apartment",34,"new construction","MK-CORP s.r.o.",Malacky
JuLxu_TUApX,sale,"2-room apartment",55,"new construction","ODEKO manažment s.r.o.",Žilina
Ju72GUoSgLH,sale,"2-room apartment",62,"new construction","Reinoo a.s.",Žilina
Ju3VAHb4p44,sale,"2-room apartment",50,"fully renovated","TUreality s.r.o.",Žilina
JuEI53pWqzW,rent,"3-room apartment",90,"new construction","Reality Alpia",Martin
JuxCreRo0qw,sale,"1-room apartment",33,"new construction","Financial Hotels Management, s.r.o.",Žilina
JuzOH2MtpxX,sale,"2-room apartment",64,"fully renovated","NajBývanie, s.r.o.",Ružomberok
JuEDjVYN-JT,sale,"2-room apartment",53,"new construction","Realitná kancelária RED, s.r.o.",Žilina
JusqNW2Fg5o,rent,"1-room apartment",27,"fully renovated","Direct Real, spol. s r.o.",Bratislava
JucJbLC42bG,sale,"5+ room apartment",145,"partially renovated","TARGETreal s. r. o.",Žilina
JupibY8fOsV,sale,"3-room apartment",78,unrenovated,"RK4 REALITY",Bratislava
JuoszPD854T,sale,"3-room apartment",81,"new construction","TUreality s.r.o.",Žilina
JumaaMybJmZ,sale,"3-room apartment",72,"partially renovated","TARGETreal s. r. o.",Žilina
JuOxbo4pSSp,rent,"3-room apartment",75,"fully renovated","TARGETreal s. r. o.",Žilina
JudrbteyWzE,sale,"1-room apartment",33,"new construction",NULL,NULL
JuoS3WYoWLk,sale,"holiday apartment",40,unrenovated,"RK 38- Miroslav Antoška",Poprad
Ju9t-oEiYBZ,rent,"3-room apartment",84,"new construction",NULL,NULL
JubfQKHfr_c,sale,"1-room apartment",23,"fully renovated","Vianema s.r.o.",Bratislava
JuOC5yzde-c,sale,"2-room apartment",53,"new construction","ŽILINAREAL, s.r.o.",Žilina
JueYB6GvrEe,rent,"3-room apartment",72,"fully renovated","Realitné kancelárie SR",Bratislava
JuinVbJn01k,sale,"4-room apartment",85,"under construction","Reality Alpia",Martin
JurI-U1p2qQ,sale,"1-room apartment",53,"fully renovated","XEMAR realitná spoločnosť s.r.o.","Banská Bystrica"
JuhS9MQTC4v,sale,"2-room apartment",69,"fully renovated","Realitná kancelária RED, s.r.o.",Žilina
JuPLeekzh_5,sale,"1-room apartment",40,"fully renovated","A-Byt Consult, s.r.o.",Ružomberok
JuG0JmIY6PQ,rent,"2-room apartment",76,"fully renovated",NULL,NULL
JuTcgjCG15n,sale,"2-room apartment",50,"partially renovated","B10 Slovensko, a. s.",Žilina
JucZiE4o7Os,sale,"2-room apartment",61,"fully renovated","SLNOVRAT, s.r.o.",Olešná
JuudHQ4gWHh,sale,"2-room apartment",44,"fully renovated","EASY centrum bývania, s.r.o.",Žilina
Ju1HQtU3BUR,sale,"3-room apartment",54,"fully renovated","AstonReal s.r.o.","Banská Bystrica"
JuhRFtZO6yy,sale,"2-room apartment",65,"fully renovated","Realitná kancelária RED, s.r.o.",Žilina
Ju300FaVEg0,sale,"holiday apartment",79,"fully renovated","Ing. Gerlinda Bérešová - Esti",Žilina
JugoHMXehPQ,sale,"2-room apartment",60,unrenovated,"HD reality group s.r.o","Banská Bystrica"
JuOLK-0T1Mn,rent,"2-room apartment",40,"fully renovated","RIEŠIME BÝVANIE",Bratislava
Ju5-9cSZw35,rent,"3-room apartment",85,"new construction","ALT REAL, s.r.o.",Martin
Ju75jE-v_Ti,sale,"3-room apartment",90,"fully renovated","ALT REAL, s.r.o.",Martin
JuDoM_pyCOY,sale,"3-room apartment",68,"fully renovated","Reality ASTORIA, s.r.o.",Martin
JujnVWbv0Ea,sale,"3-room apartment",85,unrenovated,"Reality Simply",Martin
Ju0XKwDGI6a,sale,"2-room apartment",97,"fully renovated","STAREA, s. r. o.",Žilina
Juu0CU0P8i0,sale,"3-room apartment",94,"partially renovated","RE/MAX Slovakia",Bratislava
JuykAcnsUj0,rent,"3-room apartment",85,"new construction","MGM reality",Žilina
JuaeBjYnlrd,sale,"1-room apartment",36,"new construction","WFG reality, s.r.o.",Žilina
JuoaEOkD_KF,rent,"3-room apartment",90,"new construction",NULL,NULL
Jug2x-YuHAi,sale,"1-room apartment",33,"new construction","WFG reality, s.r.o.",Žilina
JuFDFNeJqxq,sale,"3-room apartment",69,"fully renovated","Reality D.P.A.",Martin
Ju-CieQQxUN,rent,"2-room apartment",51,"new construction","RESIDENCE realitná kancelária","Liptovský Mikuláš"
JuL6Lg1QL2c,sale,"2-room apartment",58,"partially renovated","Realitná kancelária",Bratislava
JutjYOCC9EK,rent,"2-room apartment",40,"new construction","DreamReality s.r.o.",Žilina
JuawIhGVyvh,rent,"3-room apartment",79,"fully renovated","BeMi realitná kancelária",Nitra
JuE8s31Sl55,sale,"3-room apartment",94,"new construction","TOCA, s.r.o. Realitná činnosť",Bytča
JuJeYUPavsEk,sale,"holiday apartment",41,"new construction","RESIDENCE realitná kancelária","Liptovský Mikuláš"
JuzuJS1LpbR,sale,"2-room apartment",56,unrenovated,"Reality Alpia",Martin
JuQ4A208KjZ,sale,"holiday apartment",41,"new construction","RESIDENCE realitná kancelária","Liptovský Mikuláš"
JuKlYZCt0j5,sale,"studio apartment",77,"new construction",NULL,NULL
JuFzBbUk-Xv,sale,"holiday apartment",82,"new construction","RESIDENCE realitná kancelária","Liptovský Mikuláš"
JuGfQvKSzkr,sale,"3-room apartment",76,unrenovated,"Reality Center, s.r.o.",Martin
JuMq5sG1YBG,rent,"2-room apartment",56,"fully renovated","MTS Reality, s.r.o.",Martin
JuzW5XpNDH7,rent,"holiday apartment",40,"new construction",liptoreal,"Liptovský Mikuláš"
Ju5SD8mmuUt,sale,"2-room apartment",68,"new construction","Financial Hotels Management, s.r.o.",Žilina
JuL4Of85hI-,sale,"holiday apartment",41,unrenovated,"Reality Alpia",Martin
JuSWGTnCZur,sale,"3-room apartment",65,"partially renovated","MAX PROFI REALITY",Martin
JuWKKdSpysj,sale,"4-room apartment",110,unrenovated,"RE/MAX Slovakia",Bratislava
JulmO4nyPV1,sale,"4-room apartment",82,"fully renovated","Financie a reality od A po Z",Martin
JuqHgAmAWwG,sale,"3-room apartment",63,"under construction","Istrofinal, s. r. o.",Žilina
JuSXCvc_TgO,sale,"2-room apartment",57,"under construction","Realitná kancelária",Bratislava
Ju-aCcpkFTl,sale,"3-room apartment",63,"under construction","Istrofinal, s. r. o.",Žilina
JukgHXnk_FH,sale,"2-room apartment",55,unrenovated,"Realitná kancelária",Bratislava
JuppkYCT654,sale,"1-room apartment",40,"fully renovated","TUreality s.r.o.",Žilina
JuEvHi31Kuc,sale,"3-room apartment",120,"new construction","Realitná kancelária RED, s.r.o.",Žilina
Julb0pINzt_,sale,"4-room apartment",110,"new construction","Piata Avenue",Žilina
JuQtjXuvBCs,sale,"studio apartment",30,"fully renovated","JPE. Reality - Jozef Pajer",Čadca
Ju0bNiistMRJ,rent,"1-room apartment",30,"new construction","Realitná kancelária RED, s.r.o.",Žilina
JueB0gAOmwn,sale,"2-room apartment",64,"partially renovated","B10 Slovensko, a. s.",Žilina
Ju9UkKAGv88,sale,"4-room apartment",110,"new construction","Realitná kancelária RED, s.r.o.",Žilina
JujO1vhWS9Y,rent,"3-room apartment",59,"new construction",NULL,NULL
Ju28v4oyz1R,rent,"1-room apartment",44,"new construction",NULL,NULL
JuemfCeEc7H,sale,"2-room apartment",49,"fully renovated","ŽILINAREAL, s.r.o.",Žilina
Ju4uaW2Y4yL,sale,"holiday apartment",55,"new construction","DLUGO reality",Poprad
JuOBBX6-RMz,sale,"2-room apartment",62,"new construction","TARGETreal s. r. o.",Žilina
JuWIHesej0g,sale,"2-room apartment",70,"fully renovated","MGM reality",Žilina
JuKnGrQfPf8P,sale,"2-room apartment",54,"new construction","Realitná kancelária RED, s.r.o.",Žilina
JuocwBv9B8E,sale,"3-room apartment",96,"partially renovated","Realitná kancelária",Bratislava
JuTk10X0x-i,sale,"holiday apartment",78,"new construction",Limaxreal,"Liptovský Mikuláš"
JuP28alhfCi,sale,"3-room apartment",67,"fully renovated","B10 Slovensko, a. s.",Žilina
JuwnuvEmJ5E,sale,"3-room apartment",51,"new construction","RK Dalmia s. r. o.","Dolný Kubín"
JuFa19Ow0Dt,sale,"3-room apartment",114,"partially renovated","Felicita Real s. r. o.",Martin
JuCqI77KeMc,sale,"2-room apartment",56,"partially renovated","Reality MT s.r.o.",Martin
JueW1n9AoIx,sale,"3-room apartment",92,"new construction","RENOME REAL",Žilina
JuH32c8NNad,rent,"2-room apartment",45,"new construction","AstonReal s.r.o.","Banská Bystrica"
JujhD3lGKSF,sale,"2-room apartment",67,"fully renovated","JKV REAL",Prievidza
JuwdAcDikt2,sale,"2-room apartment",59,"partially renovated","Reality IQ, s.r.o.",Žilina
JuNwRfCAG1O,sale,"2-room apartment",70,"under construction","CANGURU s.r.o.","Rajecké Teplice"
JuUgOGFJBDF,sale,"4-room apartment",88,"fully renovated",NULL,NULL
JuQwMUprpPT,sale,"3-room apartment",60,"new construction","Realitná kancelária DOM",Žilina
JucEibGbMaV,sale,"holiday apartment",79,"new construction","RK SPIRIT s.r.o.","Liptovský Mikuláš"
JuB4nMTbdT2,rent,"3-room apartment",83,unrenovated,"bezmaklérov, s.r.o.",Žilina
Juc7SyZSucw0,sale,"holiday apartment",72,"new construction","United Professionals s.r.o.",Bratislava
JuktwYpm4CV,rent,"2-room apartment",49,"partially renovated","Buby reality, s.r.o.",Žilina
Juszi7YaqvT,sale,"3-room apartment",71,"partially renovated","A-Byt Consult, s.r.o.",Ružomberok
Ju8T6cE3M46O,sale,"2-room apartment",39,"new construction","ARCHEUS Partners a.s.",Bratislava
JujjF4h9vha,rent,"2-room apartment",72,"fully renovated",NULL,NULL
Ju6ic7zNy9_,sale,"3-room apartment",NULL,"under construction","Safe reality s. r. o.",Žilina
JuMCWySZsct,sale,"4-room apartment",104,"new construction","Reinoo a.s.",Žilina
JuRdV1LIJPu,rent,"1-room apartment",37,"fully renovated","AstonReal s.r.o.","Banská Bystrica"
Ju0_qpYyImE,sale,"1-room apartment",23,"fully renovated","KA Real","Banská Bystrica"
JuQo0PP1022,sale,"2-room apartment",61,"new construction","Reinoo a.s.",Žilina
Ju8w7xSU6tn,sale,"2-room apartment",56,"fully renovated","MENS s. r. o.",Žilina
JuUPYByvH-3,sale,"4-room apartment",113,"new construction","KORSO Project, s.r.o.",Žilina
Ju8gkOV9Ua-,sale,"holiday apartment",30,"new construction","RK SPIRIT s.r.o.","Liptovský Mikuláš"
JudjVeywOJE,sale,"2-room apartment",57,unrenovated,"AstonReal s.r.o.","Banská Bystrica"
JuMOG3S1mHU,sale,"2-room apartment",90,"new construction","Reality AK, spol. s r.o.",Martin
JuGHqD4k0Bi,sale,"3-room apartment",65,"fully renovated","B10 Slovensko, a. s.",Žilina
JuirbsBqAtw,sale,"5+ room apartment",130,"partially renovated","Realitná kancelária",Bratislava
JuX6bDcbxKm,sale,"3-room apartment",63,"new construction","Reality ASTORIA, s.r.o.",Martin
JuO5mITkYRm,sale,"1-room apartment",29,"fully renovated","Direct Real, spol. s r.o.",Bratislava
JuT8T2mhbPp,rent,"2-room apartment",47,"new construction","RE/MAX Slovakia",Bratislava
JuRBfIzNbvG,sale,"holiday apartment",71,"new construction","RESIDENCE realitná kancelária","Liptovský Mikuláš"
Juvh354emFK,rent,"3-room apartment",81,"fully renovated","Safe reality s. r. o.",Žilina
JugK_iVZsVR,sale,"2-room apartment",54,"partially renovated","OVERENÉ REALITY","Banská Bystrica"
JuCzDBx82gn,sale,"2-room apartment",56,"partially renovated","BeMi realitná kancelária",Nitra
JuwR10kFsHB,rent,"2-room apartment",62,"fully renovated","Renovo Reality",Žilina
Juo-BgN_Y9D,sale,maisonette,107,"new construction","Bosen Group s.r.o.",Bratislava
JuzTIfdr-oi,sale,"4-room apartment",116,"fully renovated","Realitná kancelária RED, s.r.o.",Žilina
JuY2fWI7qOb,sale,"1-room apartment",42,"new construction","CANGURU s.r.o.","Rajecké Teplice"
JukBksFoVDN,sale,"holiday apartment",42,"new construction","Domovia s. r. o.",Bratislava
JuZiQf_R1fN,sale,"3-room apartment",80,"new construction","Realitná kancelária RED, s.r.o.",Žilina
JuarCLPx8dZ,rent,"2-room apartment",50,"fully renovated","RESIDENCE realitná kancelária","Liptovský Mikuláš"
JuyhufYl9nJ,sale,"4-room apartment",118,"under construction","StorkReal s. r. o.","Rajecká Lesná"
JuICDmblLAV,sale,"3-room apartment",72,"partially renovated","AstonReal s.r.o.","Banská Bystrica"
JulVRQnK87Q,sale,"3-room apartment",70,"partially renovated","BeMi realitná kancelária",Nitra
JugCrJ6aqt6,sale,"2-room apartment",56,"new construction",G-REAL,"Liptovský Mikuláš"
Juq3lnZLMdJ,sale,"studio apartment",28,"new construction","REALITY SPOLU",Bratislava
JuNgKsGWJb_,sale,"3-room apartment",82,"fully renovated","MENS s. r. o.",Žilina
JuFOaiRGATh,sale,"3-room apartment",63,"under construction","ODEKO manažment s.r.o.",Žilina
Juqh8kAz6Ws,sale,"2-room apartment",56,"partially renovated","HALO reality, s.r.o.",Prievidza
JuIgXokL5hc,sale,"4-room apartment",84,"fully renovated","Like Reality s.r.o.","Považská Bystrica"
JuD6R0F6XVX,sale,"3-room apartment",120,"partially renovated","TUreality s.r.o.",Žilina
JuG8ggFzvSj,rent,"3-room apartment",100,"partially renovated","R2 SK, s.r.o.",Žilina
JuSh4rLdnzP,sale,"1-room apartment",38,"new construction","WFG reality, s.r.o.",Žilina
JuiOse4gKiU,sale,"2-room apartment",81,"new construction","RK SPIRIT s.r.o.","Liptovský Mikuláš"
JuRMVAMTIbE,sale,"2-room apartment",75,"new construction","RexDeco s.r.o.",Přerov
JuxasD7Z9Ys,rent,"2-room apartment",55,"fully renovated","ALT REAL, s.r.o.",Martin
Ju0CrnhCGrs,sale,"4-room apartment",161,"partially renovated","MGM reality",Žilina
JuwgpofL0aK,sale,"2-room apartment",NULL,"partially renovated",NULL,NULL
JudY9Gw22hd,sale,"2-room apartment",56,"development project","ODEKO manažment s.r.o.",Žilina
JuKkQSr7yLI,sale,"3-room apartment",67,"partially renovated","TUreality s.r.o.",Žilina
JumCrfhYhfV,sale,"holiday apartment",52,"new construction","RESIDENCE realitná kancelária","Liptovský Mikuláš"
Ju5L8AAHtJp,sale,"1-room apartment",30,"partially renovated","TUreality s.r.o.",Žilina
Ju46o5YnbQR,sale,"2-room apartment",52,"new construction","XEMAR realitná spoločnosť s.r.o.","Banská Bystrica"
JuAZvxGvcMl,sale,"2-room apartment",70,"fully renovated","Realitné kancelárie SR",Bratislava
JuU-rP3IJ1-,rent,"2-room apartment",68,"new construction","WFG reality, s.r.o.",Žilina
Juo8hsv1xWR,sale,"holiday apartment",76,"new construction","Realitné kancelárie SR",Bratislava
JukVF1PHUJU,sale,"3-room apartment",61,"partially renovated","Reality Center, s.r.o.",Martin
JuaD4qSzRhl,sale,"4-room apartment",108,"new construction",NULL,NULL
JuVuoYcJToJ,sale,"studio apartment",22,"partially renovated","B10 Slovensko, a. s.",Žilina
JuXBGzjsqRS,rent,"3-room apartment",77,"new construction",NULL,NULL
JuqRHR8iBLi,sale,"3-room apartment",68,"partially renovated","Reality IQ, s.r.o.",Žilina
JuDHzNZw0-F,rent,"3-room apartment",87,"fully renovated","Reality Alpia",Martin
Jugh-H3CM-c,rent,"2-room apartment",69,"new construction","BeMi realitná kancelária",Nitra
Ju_mO5F1KAW,sale,"4-room apartment",101,"new construction",NULL,NULL
JuRHCARxbUa,sale,"3-room apartment",99,"new construction","Buby reality, s.r.o.",Žilina
JuY6ZkaPSRF,sale,"1-room apartment",42,"new construction","OREA, s.r.o.","Dolný Kubín"
JuG5b3bSJJl,sale,"2-room apartment",53,"fully renovated","LIF REAL",Martin
Juatx6SLjDH,sale,"3-room apartment",72,"fully renovated","FINREA - ak vám záleží na výsledku","Dolný Kubín"
Ju3IaCCie7D,rent,"4-room apartment",83,"partially renovated","Reality Alpia",Martin
Ju7pt9GBh0f,sale,"4-room apartment",83,"partially renovated","Reality Alpia",Martin
JuYxNvuFp4O,sale,"1-room apartment",35,"partially renovated","RE/MAX Slovakia",Bratislava
Ju2F2PEA16h,sale,"2-room apartment",40,"fully renovated","RESIDENCE realitná kancelária","Liptovský Mikuláš"
JugymUldnU-,sale,house,792,"fully renovated","Realitná kancelária",Bratislava
Justu1hySer,sale,house,111,"new construction","Realitná kancelária DOM",Žilina
JurZTuUssP0,sale,house,124,"new construction","TOCA, s.r.o. Realitná činnosť",Bytča
JutFw8pKjMj,sale,house,130,unrenovated,"WFG reality, s.r.o.",Žilina
JuKW3SQ8Df4,sale,house,307,"partially renovated","1. Reality Rent, s.r.o.",Žilina
JulChkHGviO,sale,house,240,unrenovated,"Realitná sieť UPgreat",Šamorín
Ju4fcPQtwwm,sale,house,195,unrenovated,"Realitné kancelárie SR",Bratislava
JuODbu2kNkQ,sale,house,106,"under construction","RES GROUP, s.r.o.",Žilina
JuLJB10v5yK,sale,house,130,"fully renovated","TUreality s.r.o.",Žilina
Ju2gistO4oo,sale,house,130,unrenovated,"Realitná kancelária",Bratislava
JuDeBj46p9m,sale,house,225,unrenovated,"TARGETreal s. r. o.",Žilina
JubUhU28foO,sale,house,833,unrenovated,"Reality Alpia",Martin
JuSsCe7WLb6P,sale,house,734,"partially renovated","Reality Alpia",Martin
JuB2SVYi89D,sale,house,150,"partially renovated","1. Reality Rent, s.r.o.",Žilina
JuO8b3FD9Ii,sale,house,210,"fully renovated","RECLOUD Reality a.s.",Bratislava
Ju30CSFlSqq,sale,house,300,"new construction","Realitné kancelárie SR",Bratislava
JuLk2inqSKl,sale,house,97,"fully renovated","REALITY SPOLU",Bratislava
JuYNloJYOdw,sale,house,140,unrenovated,"Reality MT s.r.o.",Martin
JuzM9_Wad8Q,sale,house,220,unrenovated,"Realitná kancelária",Bratislava
JurM0RjMVTd,sale,house,NULL,unrenovated,NULL,NULL
Jus9K8u_7WI,sale,house,100,unrenovated,"VICTORY REALITY Residence s. r. o.","Banská Bystrica"
JulZg30zNO8,sale,house,250,"partially renovated","AstonReal s.r.o.","Banská Bystrica"
JuJjPVMhkUw,sale,house,250,"new construction","Georgi Conev",Žilina
JudQy8A1FLU,sale,house,230,"partially renovated","Pro Real, s. r. o. realitná kancelária",Žilina
Ju1eOtgzhMF,sale,house,80,"new construction","TARGETreal s. r. o.",Žilina
Jui4dVLb9Ci,sale,house,110,"new construction","Reality AK, spol. s r.o.",Martin
JuC8my3kfcD,sale,house,90,unrenovated,"Romantické Chalupy, s.r.o.",Bratislava
JultKoQUF1n,sale,house,378,"fully renovated","Reality Alpia",Martin
JuSbYhRyin-,sale,house,240,"fully renovated","Mamud Reality s. r. o.",Žilina
JucbDZIqH5K,sale,house,378,"fully renovated","OREA, s.r.o.","Dolný Kubín"
JuTe9xTBEze,sale,house,148,unrenovated,"EASY centrum bývania, s.r.o.",Žilina
Ju9jNRRDueP,sale,house,35,"new construction","TUreality s.r.o.",Žilina
Ju7QtyDiguT,sale,house,1,"fully renovated","KRUPPKY, s.r.o.","Liptovský Mikuláš"
Ju8LEFRICza,sale,house,177,"under construction",donidDevelop,"Dolný Kubín"
JuCFEhTrJgF,sale,house,107,"new construction","Real Estate Group4U","Považská Bystrica"
Juec1wGmCc3,sale,house,184,"partially renovated","RIEŠIME BÝVANIE",Bratislava
JucEPDkzxLE,sale,house,NULL,"partially renovated","HALO reality, s.r.o.",Prievidza
JuLVnnHvRdJ,sale,house,140,"partially renovated","Reality IQ, s.r.o.",Žilina
JuxpGt9B3Fh,sale,house,150,unrenovated,"CreeX Reality s.r.o.",Trnava
Ju3Q6cuW_-I,sale,house,120,unrenovated,"RE/MAX Slovakia",Bratislava
Jul9YtuXJRu,sale,house,180,"new construction","FISCHER & PARTNERS, s.r.o.",Ružomberok
Jukf6G0DA_c,sale,house,240,"partially renovated","B10 Slovensko, a. s.",Žilina
JurJNQloNhD,sale,house,90,unrenovated,"BR ACADEMY, s. r. o.","Kysucké Nové Mesto"
JuDIjw5Cu2m,sale,house,90,"partially renovated","FINREA - ak vám záleží na výsledku","Dolný Kubín"
Jula1jRu3yY,rent,house,120,"partially renovated","Realitná kancelária RED, s.r.o.",Žilina
Ju_HmYYnmau,sale,house,132,"new construction","ALT REAL, s.r.o.",Martin
Juoe47l29P7,sale,house,160,"under construction","R2 SK, s.r.o.",Žilina
Ju00Y-txNcF,sale,house,339,"partially renovated","TUreality s.r.o.",Žilina
Ju9Co1t0hDa,sale,house,290,unrenovated,"Direct Real, spol. s r.o.",Bratislava
Ju4LWhuX-Wj,sale,house,524,"fully renovated","TUreality s.r.o.",Žilina
Ju6imjQhc-A,sale,house,100,"partially renovated","Realitná kancelária",Bratislava
Ju8NNuGE6Yk,sale,house,100,"new construction","Reality MT s.r.o.",Martin
Jubn7zHTz__,sale,house,240,"partially renovated","RK Dalmia s. r. o.","Dolný Kubín"
JuqnxCpkC06,sale,house,146,"new construction","Georgi Conev",Žilina
Juic0vZirTi,sale,house,563,"fully renovated","Reality Alpia",Martin
Ju1Ow9ypb4x,sale,house,195,"new construction",NULL,NULL
JuS8ciWyKMi,sale,house,200,unrenovated,"RE/MAX Slovakia",Bratislava
JubTPdj-awZ,sale,house,117,"under construction","Reality MT s.r.o.",Martin
JuwyMSYxoql,sale,house,125,unrenovated,"Buby reality, s.r.o.",Žilina
JuGIhhHbPqD,sale,house,754,"new construction","TUreality s.r.o.",Žilina
JuxiHYI3lEP,sale,house,112,"new construction","Realitná kancelária RED, s.r.o.",Žilina
JuS_u3LjF53,sale,house,200,"partially renovated","TARGETreal s. r. o.",Žilina
JuIAC6P7EYu,sale,house,447,"new construction","TUreality s.r.o.",Žilina
JubCxmg2ZUA,sale,house,207,"fully renovated",RealityOne,Bratislava
JuSi1nzOb00,sale,house,180,"new construction","DRR INVEST, s. r. o.","Horný Hričov"
JuwBtG9o2r1,sale,house,133,"new construction","SLNOVRAT, s.r.o.",Olešná
JuN_zFqT9wt,sale,house,90,"fully renovated","Reality MT s.r.o.",Martin
JuR8Ev-aWaZ,sale,house,150,"partially renovated","Like Reality s.r.o.","Považská Bystrica"
JuJogxACsrH,sale,house,119,"new construction","BeMi realitná kancelária",Nitra
JuZBjxQ80zt,sale,house,60,"new construction","FISCHER & PARTNERS, s.r.o.",Ružomberok
JuGyarQH5Tu,sale,house,244,"fully renovated","Reality Center, s.r.o.",Martin
JusX_sL1pCY,sale,house,624,unrenovated,"Reality Alpia",Martin
JuMReNzFrmm,sale,house,114,unrenovated,"KOSIBA reality s.r.o.",Bernolákovo
JufUCJs2WIN,sale,house,120,"partially renovated","ŽILINAREAL, s.r.o.",Žilina
JuApxJ94ky1,sale,house,388,"fully renovated","Prom Real",Pezinok
JuViiwQVAc8,sale,house,125,"new construction","TUreality s.r.o.",Žilina
Ju7iLKVUgMi,sale,house,205,"new construction","Reality AK, spol. s r.o.",Martin
Ju_j96JYJ3R,sale,house,107,"fully renovated","B10 Slovensko, a. s.",Žilina
JuacBqltuem,sale,house,565,"partially renovated","Reality Alpia",Martin
Ju5jLRFNJLG,sale,house,131,"new construction","Realitná kancelária RED, s.r.o.",Žilina
JuzhCWgXTbr,sale,house,836,"partially renovated","TUreality s.r.o.",Žilina
Ju7pOpcYmHI,sale,house,145,"new construction","TARGETreal s. r. o.",Žilina
Jueg5nyRwtD,sale,house,637,"partially renovated","Reality Alpia",Martin
Jua2IIfvhoU,sale,house,1500,"new construction","Reality Alpia",Martin
Juq1uzcK3Zo,sale,house,70,unrenovated,"Reality MT s.r.o.",Martin
JuwSpmc62PT,sale,house,260,unrenovated,"RE/MAX Slovakia",Bratislava
Jue8D9Iu4Hk,sale,house,NULL,unrenovated,"U9, a.s.",Bratislava
JuPi43juw_9,sale,house,150,"partially renovated","Trioreality, s.r.o.",Čadca
JuIasSYB1E7,sale,house,90,"new construction","Reality MT s.r.o.",Martin
JuE3k8ViQWV,sale,house,150,unrenovated,"Reality IQ, s.r.o.",Žilina
JurU1U7jogn,sale,house,100,unrenovated,"LIF REAL",Martin
Ju_X-eauvqo,sale,house,106,"new construction","RES GROUP, s.r.o.",Žilina
Ju3rTqNsM-F,sale,house,NULL,"partially renovated","GERT , s.r.o.","Liptovský Mikuláš"
JuOWl6BKLUg,sale,house,280,unrenovated,"Direct Real, spol. s r.o.",Bratislava
JuJKCTa_I_C,sale,house,150,unrenovated,"B10 Slovensko, a. s.",Žilina
JuV4X4JdJ77,sale,house,160,"new construction","Reality MT s.r.o.",Martin
JujjP_MAirA,sale,house,80,"partially renovated","FINREA - ak vám záleží na výsledku","Dolný Kubín"
JueY97MJhb3,sale,house,120,unrenovated,"TOP Living s.r.o.","Banská Bystrica"
JuEYMzmIY0N,sale,house,160,"partially renovated","Romantické Chalupy, s.r.o.",Bratislava
JubZoYrfSp9,sale,house,162,"new construction","Ing. Gerlinda Bérešová - Esti",Žilina
JuNCU6i77yo,sale,house,80,"partially renovated","Reality MT s.r.o.",Martin
Jui2H8Mq_jX,sale,house,125,"new construction","RECLOUD Reality a.s.",Bratislava
JuhR8_uiRxX,sale,house,280,"partially renovated","VAŠA REALITKA s.r.o.",Ružomberok
JuOitn_WAgJ,sale,house,1204,"fully renovated","OVERENÉ REALITY","Banská Bystrica"
JueomUxUD_x,sale,house,110,"under construction","BeMi realitná kancelária",Nitra
JuIa9S8sGpG,sale,house,121,"development project","RIEŠIME BÝVANIE",Bratislava
JuhybejcNce,sale,house,160,unrenovated,"TUreality s.r.o.",Žilina
JudjXQh6SyX,sale,house,280,"partially renovated","BeMi realitná kancelária",Nitra
JujhU5M-jAg,sale,house,210,unrenovated,"Realitné kancelárie SR",Bratislava
JudzDOvNunu,sale,house,1481,unrenovated,"Reality Alpia",Martin
JuqIXurDwQ_,sale,house,80,"fully renovated","RES GROUP, s.r.o.",Žilina
Ju-2w5wgukg,sale,house,NULL,unrenovated,"HALO reality, s.r.o.",Prievidza
Ju4X02ZQGPa,sale,house,105,"fully renovated","BeMi realitná kancelária",Nitra
JuPdbj_I7Hc,sale,house,736,unrenovated,NULL,NULL
JuEHqE5JgWy,sale,house,NULL,"new construction",NULL,NULL
Ju88y75X0Gs,sale,house,30,"new construction","IVANING, s. r. o.",Ružomberok
JukLj5VG39M,sale,house,58,"new construction","Real Estate Group4U","Považská Bystrica"
Ju3I_NXNtd2,sale,house,NULL,unrenovated,NULL,NULL
Ju0TAHkXz3F,sale,house,190,"new construction","Realitná kancelária RED, s.r.o.",Žilina
JujeHqSaOD9,sale,house,177,"fully renovated","MGM reality",Žilina
JumkXTsGPeO,sale,house,97,"under construction","RES GROUP, s.r.o.",Žilina
JuhK758b38X,sale,house,140,"new construction","Real Estate Group4U","Považská Bystrica"
Ju2mmFeZCca,rent,house,85,"fully renovated","Realitná kancelária RED, s.r.o.",Žilina
Ju_D1IbOI5l,sale,house,318,"new construction","RK SPIRIT s.r.o.","Liptovský Mikuláš"
JucYnfxB91V,sale,house,55,"new construction","Good Reality s.r.o.",Rovinka
JufRC9onHuL,sale,house,295,"new construction","Arvin & Benet",Bratislava
JuvbAAJAVQ8,sale,house,650,unrenovated,"TARGETreal s. r. o.",Žilina
Ju5R8pDPeWZ,sale,house,264,"fully renovated","ALT REAL, s.r.o.",Martin
Ju6HLriDjfB,sale,house,135,"new construction","ALT REAL, s.r.o.",Martin
Ju7mrdPR_cn,sale,house,305,"fully renovated","RIEŠIME BÝVANIE",Bratislava
Ju-2YZ37zxt,sale,house,95,"partially renovated",liptoreal,"Liptovský Mikuláš"
Ju1cp4Zdad9,sale,house,134,"new construction",donidDevelop,"Dolný Kubín"
JuImZsLhUXIL,sale,house,110,"under construction","BeMi realitná kancelária",Nitra
JulXcIcccXx,sale,house,200,"new construction","Wealth Group, s.r.o.","Nová Dedinka"
Ju2sBY5BIo1,sale,house,250,"fully renovated","RIEŠIME BÝVANIE",Bratislava
JuE7_yY48hp,sale,house,150,unrenovated,"Romantické Chalupy, s.r.o.",Bratislava
JutBfeFBhgA,sale,house,340,"fully renovated","Winners Reality Slovakia, s.r.o.",Bratislava
JuZhO-rErgT,sale,house,170,"partially renovated","SLNOVRAT, s.r.o.",Olešná
JuDTlIGxbmz,sale,house,190,"new construction","PRIMA reality s.r.o.",Žilina
JuOha8XJ-eZ,sale,house,100,unrenovated,"Reality ASTORIA, s.r.o.",Martin
Ju2EG21S4h4,sale,house,29,"new construction","RK SPIRIT s.r.o.","Liptovský Mikuláš"
Jum5hTEjQIq,sale,house,1200,unrenovated,"Reality Alpia",Martin
JuG-bGr9or0,sale,house,680,"new construction","Reality Alpia",Martin
JumII_lj6i4,sale,house,84,"new construction","TARGETreal s. r. o.",Žilina
JunpOFmuQsM,sale,house,300,"fully renovated","1. Reality Rent, s.r.o.",Žilina
JuPk491VBKN,sale,house,NULL,"partially renovated","TARGETreal s. r. o.",Žilina
JuaDU5eWN9y,sale,house,119,"under construction","ADH-REAL s.r.o. Hirjaková Adriana",Ovčiarsko
JumPsboVI0c,sale,house,118,"partially renovated","Vianema s.r.o.",Bratislava
JucsRg9RieN,sale,house,248,"partially renovated","Reality ASTORIA, s.r.o.",Martin
JuM4P4vy0RV,sale,house,131,"new construction","IDEÁLNE BÝVANIE, s.r.o.",Žilina
JufSen-CtV2,sale,house,1,"fully renovated","Realitná kancelária",Bratislava
Ju2TFOMHJIO,sale,house,171,"fully renovated","Piata Avenue",Žilina
JuUMimgiwBf,sale,house,130,unrenovated,"HALO reality, s.r.o.",Prievidza
Jukz4cqoQIH,sale,house,156,"new construction","SIERA realitná kancelária s.r.o.",Trnava
JuKIg369MuS,sale,house,2850,"partially renovated","TUreality s.r.o.",Žilina
JuBqrsBTBJs,sale,house,140,"new construction","ALT REAL, s.r.o.",Martin
JuVsKCgx10t,sale,house,126,"new construction","Realitná kancelária",Bratislava
Ju39WLkWIa0,sale,house,100,"new construction","Piata Avenue",Žilina
JuYakCSM7Er,sale,house,100,"partially renovated","RES GROUP, s.r.o.",Žilina
JuNQro8eb1w,sale,house,160,unrenovated,"BV REAL PD, s.r.o.",Prievidza
Ju9aPEa8o9x,rent,house,594,unrenovated,"Direct Real, spol. s r.o.",Bratislava
Jusa_KVAuJ7,sale,house,70,"fully renovated","JPE. Reality - Jozef Pajer",Čadca
Jupd__eIrfW,sale,house,110,"partially renovated","Romantické Chalupy, s.r.o.",Bratislava
Ju419iKir6V,rent,house,160,"new construction","AstonReal s.r.o.","Banská Bystrica"
JuVNXqUSw6h,sale,house,400,"partially renovated","FatraReal s. r. o.",Ružomberok
Ju0JlS9gfjG,sale,house,50,"new construction","RES GROUP, s.r.o.",Žilina
JuV0_j6OG4Q,sale,house,80,unrenovated,"RES GROUP, s.r.o.",Žilina
JuE4imxVWwa,sale,house,107,"new construction","Real Estate Group4U","Považská Bystrica"
Juoa-Iz2VRV,sale,house,140,unrenovated,"1. Reality Rent, s.r.o.",Žilina
JuNQtFNCOxb,sale,house,718,unrenovated,"Direct Real, spol. s r.o.",Bratislava
JuEW0eTR9MG,rent,house,165,"partially renovated","RENOME REAL",Žilina
Ju7atSyCG1P,sale,house,100,unrenovated,"ADH-REAL s.r.o. Hirjaková Adriana",Ovčiarsko
JuvIyu9zHe0,sale,house,131,"new construction","TOCA, s.r.o. Realitná činnosť",Bytča
Ju23oRXuRNw,sale,house,230,unrenovated,"HOLESTIAK.sk reality s.r.o.",Čadca
JudhN1eg-Z1,sale,house,135,"partially renovated","TUreality s.r.o.",Žilina
Ju9kLci6QHU,sale,house,910,"partially renovated","TUreality s.r.o.",Žilina
JuUeAjh6h4i,sale,house,186,"under construction","REALITY SPOLU",Bratislava
JuddrVo_6K8,sale,house,190,unrenovated,"TUreality s.r.o.",Žilina
JuiyJgEkcp7,sale,house,187,unrenovated,NULL,NULL
JuP7ORLd_oZ,sale,house,115,"new construction","Realitné kancelárie SR",Bratislava
JubSXyHD9FS,sale,house,125,"new construction","MGM reality",Žilina
Ju2bFduldFu,sale,house,150,unrenovated,"MGM reality",Žilina
JueNBBfFeD4,sale,house,187,"partially renovated","TARGETreal s. r. o.",Žilina
Ju9gt_dtFmu,sale,house,100,"new construction","Piata Avenue",Žilina
JuCx5OqxogO,sale,house,270,unrenovated,"AnoReal, s.r.o.",Stráňavy
JugBNFAg1HA,sale,house,96,"new construction","NajBývanie, s.r.o.",Ružomberok
JuE1L7QIb5r,sale,house,250,unrenovated,"Reality Simply",Martin
Ju0MsknUaYA,sale,house,250,"fully renovated","Realitná kancelária RED, s.r.o.",Žilina
Ju-iigXRX-E,sale,house,102,"under construction","ROMDOM, s. r. o",Žilina
JuP-ssdj9MS,sale,house,180,"partially renovated",NULL,NULL
Ju8trZQFbnP,sale,house,266,unrenovated,"Direct Real, spol. s r.o.",Bratislava
Ju2H7rNABro,sale,house,172,unrenovated,"FINREA - ak vám záleží na výsledku","Dolný Kubín"
Ju1GDbbrB55,sale,house,240,unrenovated,"1. Reality Rent, s.r.o.",Žilina
JueseIeLY2v,sale,house,205,"partially renovated","Realitné kancelárie SR",Bratislava
JuYd_ySpDkY,sale,house,NULL,"partially renovated",NULL,NULL
JuaMaWInHEa,sale,house,431,"new construction","DreamReality s.r.o.",Žilina
JujFiU7wF23,sale,house,160,"fully renovated","RIEŠIME BÝVANIE",Bratislava
Jun5lwMOykP,sale,house,72,"partially renovated","FINREA - ak vám záleží na výsledku","Dolný Kubín"
JuxEotSi75n,sale,house,110,"new construction","Ing. Marcela Pišteková",Turzovka
JugeXc96z-v,sale,house,NULL,"new construction",NULL,NULL
Ju5GSMP-mjz,sale,house,210,unrenovated,"HOLESTIAK.sk reality s.r.o.",Čadca
JujtVzSs6Xp,sale,house,280,"partially renovated","RIEŠIME BÝVANIE",Bratislava
JuHDbG3yLMb,sale,house,90,"partially renovated","NajBývanie, s.r.o.",Ružomberok
Jug4SIOybnO,sale,house,490,"fully renovated","Reality Alpia",Martin
Ju1tsUeFhRS,sale,house,103,"fully renovated","TUreality s.r.o.",Žilina
Juws22--sLM,sale,house,150,"partially renovated","GERT , s.r.o.","Liptovský Mikuláš"
Ju3gJr9Nl-f,sale,house,110,"partially renovated","RES GROUP, s.r.o.",Žilina
JuiKlGUbKmU,sale,house,300,"partially renovated","OREA, s.r.o.","Dolný Kubín"
JuvemPDdxob,sale,house,119,"new construction","ŽILINAREAL, s.r.o.",Žilina
Juv-ZyHYN0s,sale,house,145,"new construction","TOCA, s.r.o. Realitná činnosť",Bytča
Ju9NWPjsyPl,sale,house,186,unrenovated,"HOLESTIAK.sk reality s.r.o.",Čadca
JuFzDxVJ2q6,sale,house,110,unrenovated,"Romantické Chalupy, s.r.o.",Bratislava
JumvGr4WHDN,sale,house,234,unrenovated,"MGM reality",Žilina
JumL89VNCQA,sale,house,120,"partially renovated","NajBývanie, s.r.o.",Ružomberok
Juxt1OSVKJl,sale,house,250,"partially renovated","Realitné kancelárie SR",Bratislava
JuE93RTyEY1k,sale,house,200,unrenovated,"Romantické Chalupy, s.r.o.",Bratislava
JuKa1Trlsqb,sale,house,120,"partially renovated","RENOME REAL",Žilina
JuO1xdQLtDm,sale,house,240,"fully renovated","SLNOVRAT, s.r.o.",Olešná
JuatbTPjpIq,sale,house,165,"partially renovated","Piata Avenue",Žilina
JucPea4Ivtx,sale,house,86,"fully renovated","Realitná kancelária RED, s.r.o.",Žilina
JufqC5RH_Te,sale,house,200,"partially renovated","Ing.Zuzana Paverová","Turčianske Teplice"
JuFqa8ebzxy,sale,house,146,"new construction","Georgi Conev",Žilina
Ju9Mn4e894N,sale,house,400,"partially renovated",NULL,NULL
JuWeOewD3Gg,sale,house,336,"fully renovated","FatraReal s. r. o.",Ružomberok
JuuJvOruCyE,sale,house,200,"new construction","Buby reality, s.r.o.",Žilina
Ju1Fv2ySoaS,sale,house,130,unrenovated,"Realitná kancelária Kľúč",Trnava
JuFC-aJuKRa,sale,house,672,unrenovated,"Reality Alpia",Martin
JuM2ROndAws,sale,house,240,unrenovated,"Piata Avenue",Žilina
JuSs3N5i3rL,sale,house,110,"new construction","TUreality s.r.o.",Žilina
JuKx19d2RCd,sale,house,255,"fully renovated","Reality ASTORIA, s.r.o.",Martin
JuY-SPBwd8P,sale,house,113,"new construction",mojaRK,Bratislava
JuLWBKzZeJE,sale,house,130,"new construction","Reality MT s.r.o.",Martin
JuD8rezKquD,sale,house,200,"fully renovated","AstonReal s.r.o.","Banská Bystrica"
Ju6NukP0wBz,sale,house,150,"partially renovated","REALITY SPOLU",Bratislava
JubU0eKdiVr,sale,house,131,"new construction","TOCA, s.r.o. Realitná činnosť",Bytča
Jupwy58HyS3,sale,house,120,"new construction","HD reality group s.r.o","Banská Bystrica"
JuIbHiaSfl0,rent,house,75,"new construction",NULL,NULL
Ju-h4ZgFDNR,sale,house,NULL,unrenovated,"U9, a.s.",Bratislava
Jux_9WVvE-Q,sale,house,100,unrenovated,"Romantické Chalupy, s.r.o.",Bratislava
JupBKdvb5-A,sale,house,582,"partially renovated","TUreality s.r.o.",Žilina
JuCoSlVNCl5,sale,house,120,"fully renovated","Realitná kancelária",Bratislava
JugvlRDwxML,sale,house,127,"new construction","Real Estate Group4U","Považská Bystrica"
JuqOiX2gk_s,sale,house,105,"fully renovated","Realitné kancelárie SR",Bratislava
JusOQ86lFSqV,sale,house,180,unrenovated,"Realitná kancelária",Bratislava
JuDOSPT3oT9,sale,house,110,unrenovated,"Piata Avenue",Žilina
JuoQ_50mfjv,sale,house,300,unrenovated,"Safe reality s. r. o.",Žilina
JuOCwLlVc6x,sale,house,138,"partially renovated",NULL,NULL
JuHnEHB35K0,sale,house,NULL,unrenovated,"HALO reality, s.r.o.",Prievidza
JuiW01vp_No,sale,house,220,"new construction","MENÍME BÝVANIE",Čadca
JugGPssQETW,sale,house,547,"fully renovated","Reality Alpia",Martin
JuVBGZswzO8,sale,house,865,unrenovated,"Reality Alpia",Martin
Ju6igj_0jNC,sale,house,120,"fully renovated","RK Dalmia s. r. o.","Dolný Kubín"
Jun0rUiHHId,sale,house,200,"new construction","ALT REAL, s.r.o.",Martin
JubExmFeQF5H,sale,house,280,unrenovated,"Direct Real, spol. s r.o.",Bratislava
JuRC_sngF0m,sale,house,178,"fully renovated","1. Reality Rent, s.r.o.",Žilina
JumabMEntjy,sale,house,75,unrenovated,"Nové bývanie",Nitra
Jupi9oHSOxK,sale,house,154,unrenovated,"Reality férovo, s. r. o.",Šaľa
JuhlHrJa9hV,sale,house,280,"fully renovated","ALT REAL, s.r.o.",Martin
Jufj_0Gj-0k,sale,house,140,"partially renovated","OVERENÉ REALITY","Banská Bystrica"
JuqStupTj78,sale,house,111,"partially renovated","WFG reality, s.r.o.",Žilina
Juk3KAL7-tq,sale,house,250,unrenovated,"Realitná kancelária DR, s.r.o.",Martin
JudpEUux9d7,sale,house,120,unrenovated,Limaxreal,"Liptovský Mikuláš"
Ju3LCu23qXh,sale,house,133,"fully renovated","NajBývanie, s.r.o.",Ružomberok
JutKedpOXQk,sale,house,245,unrenovated,NULL,NULL
Juwr4hT_Hw4,sale,house,250,"partially renovated","Reality AK, spol. s r.o.",Martin
JuLejb12kjD,sale,house,170,unrenovated,"Pro Real, s. r. o. realitná kancelária",Žilina
JuGgpJ73Uj2,sale,house,160,"new construction","OREA, s.r.o.","Dolný Kubín"
JuT41GyTcye,sale,house,276,"fully renovated",NULL,NULL
Ju3CARY9OXA,sale,house,210,"partially renovated","HOLESTIAK.sk reality s.r.o.",Čadca
JujozXo5nt1,sale,house,97,"new construction","RES GROUP, s.r.o.",Žilina
JuuOm3BAvYEs,sale,house,810,"partially renovated","1. Reality Rent, s.r.o.",Žilina
JuiyrWA4fnU,sale,house,200,"partially renovated","B10 Slovensko, a. s.",Žilina
JuT3DyFpT5w,sale,house,241,unrenovated,"Direct Real, spol. s r.o.",Bratislava
JuwmzGWznze,sale,house,95,"under construction","HALO reality, s.r.o.",Prievidza
JuZLXRA74dF,sale,house,455,"partially renovated","B10 Slovensko, a. s.",Žilina
JuuVW7D3CC4,rent,house,180,"new construction","AstonReal s.r.o.","Banská Bystrica"
JuEHT7VVEBz,sale,house,56,unrenovated,"Nové bývanie",Nitra
Ju9dPAZvZDN,sale,house,117,"fully renovated",NULL,NULL
JucFteCcorV,sale,house,233,"partially renovated","1. Reality Rent, s.r.o.",Žilina
JutrNWqo1mF,sale,house,86,"new construction","Real Reality Development s.r.o.",Martin
JuINrC73hf2,sale,house,267,"partially renovated","Realitné kancelárie SR",Bratislava
Ju91riyeIY0,sale,house,140,"new construction","RESIDENCE realitná kancelária","Liptovský Mikuláš"
JuJVlSLNzUp,sale,house,370,"fully renovated","TARGETreal s. r. o.",Žilina
Jugx_wMlZ3E,sale,house,95,"new construction","Vianema s.r.o.",Bratislava
JuDis4x18zz,sale,house,180,"new construction","PT-com s. r. o.","Banská Bystrica"
JuDZksNmp-x,sale,house,1000,"partially renovated","OVERENÉ REALITY","Banská Bystrica"
Ju-NcnxkRbA,sale,house,72,"partially renovated","ARBIZ real estate & finance s. r. o.",Ružomberok
JuT8DWNBWjF,sale,house,NULL,unrenovated,"ŽILINAREAL, s.r.o.",Žilina
JuGbXL5nuWt,sale,house,192,"new construction","VAŠE REALITY s.r.o.",Trenčín
JuCQvl5wSHc,sale,house,130,"partially renovated","Ing. Marcela Pišteková",Turzovka
JuMul7PwvM2d,sale,house,126,"new construction","Realitná kancelária RED, s.r.o.",Žilina
Ju8Q97pjRsq,sale,house,280,"fully renovated","OVERENÉ REALITY","Banská Bystrica"
Ju2NkOjuxZI,sale,house,130,"new construction","MGM reality",Žilina
JuIaBwHCjWo,sale,house,150,"partially renovated","Realitná kancelária",Bratislava
JuJ5uCQt9op,sale,house,230,"partially renovated","RIEŠIME BÝVANIE",Bratislava
JuXSgDSAhl3,sale,house,120,"partially renovated","Pegas real s.r.o.",Bratislava
JuI7pHVr8cE,sale,house,150,"partially renovated","Realitná kancelária",Bratislava
JuCwuVypfFN,sale,house,105,"fully renovated","Realitná kancelária RED, s.r.o.",Žilina
Ju8E81QIHh9,sale,house,131,"new construction","Realitné kancelárie SR",Bratislava
JurLHZvtaEy,sale,house,97,"fully renovated","AstonReal s.r.o.","Banská Bystrica"
JuhczzRboRF,sale,house,232,unrenovated,NULL,NULL
Juxivp9KfQ0,sale,house,123,"new construction","IDEÁLNE BÝVANIE, s.r.o.",Žilina
Jud93oHCOHE,sale,house,155,"fully renovated","Reality Alpia",Martin
JuJsyjovPfc,sale,house,90,"partially renovated","HOLESTIAK.sk reality s.r.o.",Čadca
JuOaEJ-u0ZG,sale,house,60,unrenovated,"1. Reality Rent, s.r.o.",Žilina
Ju02FWXcSxg,sale,house,150,unrenovated,"ALT REAL, s.r.o.",Martin
JuNBS73Ff1Z,sale,house,212000,"fully renovated","Reality ASTORIA, s.r.o.",Martin
Juet0DuhtSi,sale,house,65,"under construction",liptoreal,"Liptovský Mikuláš"
JutC2YgCUCh,sale,house,138,"fully renovated","MAX PROFI REALITY",Martin
JuxTlJngqfx,sale,house,184,"new construction","Realitná kancelária RED, s.r.o.",Žilina
JuTG5fkPlv9,sale,house,228,"under construction","B10 Slovensko, a. s.",Žilina
JuzPTiI9dEx,sale,house,110,unrenovated,"ŽILINAREAL, s.r.o.",Žilina
JunogbuFikZ,sale,house,175,"partially renovated","OVERENÉ REALITY","Banská Bystrica"
JuQYvnGYftR,sale,house,181,"partially renovated","TUreality s.r.o.",Žilina
JuE2xdPeLMB,sale,house,350,"partially renovated","Realitné kancelárie SR",Bratislava
JuQBGbl9GCs,sale,house,180,"partially renovated","1. Reality Rent, s.r.o.",Žilina
JuuYuhMI403,sale,house,NULL,"partially renovated","HALO reality, s.r.o.",Prievidza
Ju_uHTH2LKy,sale,house,160,unrenovated,"RIEŠIME BÝVANIE",Bratislava
JucgDISpkFu,sale,house,112,"new construction","NajBývanie, s.r.o.",Ružomberok
Juf5RoOgfBW,sale,house,160,"partially renovated","TOCA, s.r.o. Realitná činnosť",Bytča
JuZFa40Foop,sale,house,100,"partially renovated","ROSA reality","Kysucké Nové Mesto"
JuJib1snd7W,sale,house,180,"fully renovated","Realitné kancelárie SR",Bratislava
Juako0agoSO,sale,house,367,"fully renovated","ADH-REAL s.r.o. Hirjaková Adriana",Ovčiarsko
JuoV-wTSH0S,sale,house,250,"partially renovated","RES GROUP, s.r.o.",Žilina
Jubj0GQo0yb,sale,house,220,"fully renovated","RK Finanz Real, s.r.o.",Trnava
JuCh945YdSl,sale,house,160,unrenovated,"BeMi realitná kancelária",Nitra
JuDwCbbbd6Z,sale,house,112,unrenovated,"Realitné kancelárie SR",Bratislava
Juv33DUvv0m,sale,house,291,"fully renovated","Realitná kancelária RED, s.r.o.",Žilina
JuP5LbmRSZ8,sale,house,128,"new construction","REALITY SPOLU",Bratislava
JufilbyD1c1,sale,house,160,"partially renovated","Romantické Chalupy, s.r.o.",Bratislava
JutjBXS2rky,sale,house,180,"new construction",NULL,NULL
Juii36MitpD,sale,house,122,"new construction","Direct Real, spol. s r.o.",Bratislava
JutiSbVRe_4,sale,house,270,"partially renovated","TUreality s.r.o.",Žilina
JuNs-c1_Jug,sale,house,130,"fully renovated","PROFI INVEST družstvo",Košice
JuQ8RNQVTuL,sale,house,90,unrenovated,"BeMi realitná kancelária",Nitra
JunPSVDxWEH,sale,house,1481,unrenovated,"Reality Alpia",Martin
Jut7J495GN0,sale,house,251,"partially renovated","LICITOR group, a.s.",Žilina
Jujj9R6pdLi,sale,house,150,"partially renovated","Reality IQ, s.r.o.",Žilina
JuCuq9xsJt1,sale,house,118,"new construction",NULL,NULL
JuX1WyelwxA,sale,house,650,unrenovated,"Reality Alpia",Martin
JuuA60psrH_,sale,house,100,"partially renovated","Realitné kancelárie SR",Bratislava
JuiwpIv6ZO8n,sale,house,200,"new construction","Realitné kancelárie SR",Bratislava
JuzAGRifcCv,sale,house,200,"new construction","GAMA Reality, s.r.o.",Bytča
JuWLq7Wh8lf,sale,house,170,"fully renovated","Reality AK, spol. s r.o.",Martin
Ju9fCSXKuI8,sale,house,200,unrenovated,"HALO reality, s.r.o.",Prievidza
JuVnevlBgml,sale,house,108,"fully renovated",NULL,NULL
JuzfaiaPF1e,sale,house,95,"fully renovated","DOBRÉ REALITY s.r.o.",Prievidza
Ju_jNWgq4Ah,sale,house,200,unrenovated,"RIEŠIME BÝVANIE",Bratislava
JuWqGCp2oW6,sale,house,210,unrenovated,"HOLESTIAK.sk reality s.r.o.",Čadca
JukqbzsVg5j,sale,house,227,"partially renovated","Reality Center, s.r.o.",Martin
Ju7p-ibu19t,sale,house,285,"partially renovated","RIEŠIME BÝVANIE",Bratislava
JuhM9MWOU0h,sale,house,371,unrenovated,"Nové bývanie",Nitra
JuHbG5bC-AQ,sale,house,240,"fully renovated","Reality AK, spol. s r.o.",Martin
JuMpX9TQAHl,sale,house,250,"new construction","OREA, s.r.o.","Dolný Kubín"
Ju2L-GyOw3O,sale,house,34,unrenovated,"Direct Real, spol. s r.o.",Bratislava
JuTNxy0mSKf,sale,house,200,"fully renovated","BR ACADEMY, s. r. o.","Kysucké Nové Mesto"
Juwnal8LZ_c,sale,house,200,"new construction","DRR INVEST, s. r. o.","Horný Hričov"
JukKOW5g8ic,sale,house,100,"fully renovated","NajBývanie, s.r.o.",Ružomberok
JufvMyqhmxo,sale,house,238,unrenovated,"Reality Alpia",Martin
JufcWIOgVI-,sale,house,102,"new construction","RS Mansory s.r.o.",Bratislava
JuUuFP8LBad,sale,house,130,"partially renovated","RK Dalmia s. r. o.","Dolný Kubín"
JuGlgzti-Xv,sale,house,150,unrenovated,"Trioreality, s.r.o.",Čadca
Ju-fppxOVlc,sale,house,170,unrenovated,"Direct Real, spol. s r.o.",Bratislava
JuLLKbrzsGT,sale,house,200,"partially renovated","Allrisk Slovakia Reality & Financie, s.r.o.",Bratislava
JuHzzpFEcq7,sale,house,450,"partially renovated","Briliant Reality, s.r.o.",Senec
JuMN3BXlr1V,sale,house,200,unrenovated,"BeMi realitná kancelária",Nitra
JuZv0Yfgbp2,sale,house,120,"fully renovated","Realitné kancelárie SR",Bratislava
JuAHn1RYaaM,sale,house,120,"new construction","SLNOVRAT, s.r.o.",Olešná
Jub_f4tKd7Q,sale,house,190,"partially renovated","ROMDOM, s. r. o",Žilina
JuUyDXLqSR7,sale,house,280,"partially renovated","RK Dalmia s. r. o.","Dolný Kubín"
Ju9mMuon122,sale,house,315,"fully renovated","Realitné kancelárie SR",Bratislava
JuxqHjwv5kQ,sale,house,130,"under construction","Reality ASTORIA, s.r.o.",Martin
JuNBVjN_DWw_,sale,house,NULL,"new construction","Real Estate Group4U","Považská Bystrica"
JukjLL6Pznq,sale,house,200,"fully renovated","1. Reality Rent, s.r.o.",Žilina
JuEdQgaYA3w,sale,house,203,"fully renovated","Reality BL, s.r.o.","Kysucké Nové Mesto"
JucVvBL8mQZ,sale,house,84,"new construction","ŽILINAREAL, s.r.o.",Žilina
Juzanri8hki,sale,house,160,"partially renovated","TOCA, s.r.o. Realitná činnosť",Bytča
JubVEhZEHQu,sale,house,102,"new construction","FINREA - ak vám záleží na výsledku","Dolný Kubín"
JuNKxzZQlzf,sale,house,200,"partially renovated","Ing. Gerlinda Bérešová - Esti",Žilina
JuLre6AewXY,sale,house,90,"new construction","Romantické Chalupy, s.r.o.",Bratislava
JuJF0aEq48e,sale,house,664,unrenovated,"Safe reality s. r. o.",Žilina
JuepuA7Tiw0,sale,house,143,"new construction","RESIDENCE realitná kancelária","Liptovský Mikuláš"
JuHgJ7Vnt5C,sale,house,131,"under construction","Romantické Chalupy, s.r.o.",Bratislava
Ju2bCMkIGvc,sale,house,100,unrenovated,"Romantické Chalupy, s.r.o.",Bratislava
JuHinPus21r,sale,house,120,unrenovated,"RK Dalmia s. r. o.","Dolný Kubín"
Ju3sdsvW1qf,sale,house,250,"new construction","bezmaklérov, s.r.o.",Žilina
JuyMjKXoFpJ,sale,house,123,"new construction",NULL,NULL
Ju-HjJmEJ0m,sale,house,137,"partially renovated","Reality ASTORIA, s.r.o.",Martin
JuS7vOeFGIN,sale,house,180,"under construction","Nové bývanie",Nitra
JujgFHysqby,sale,house,70,"partially renovated","AstonReal s.r.o.","Banská Bystrica"
Juec3rJbHzE,sale,house,126,"new construction","HALO reality, s.r.o.",Prievidza
JuVTTY5wrme,sale,house,100,unrenovated,"Reality MT s.r.o.",Martin
Ju-Gmi7_Mm7,sale,house,150,"fully renovated","Realitná kancelária",Bratislava
JuDuqsttF6H,sale,house,300,"partially renovated",NULL,NULL
Ju002dUmryq,rent,house,90,"fully renovated","Buby reality, s.r.o.",Žilina
JufEAKik-mc,sale,house,138,"fully renovated","B10 Slovensko, a. s.",Žilina
Ju8UQkGga6F,sale,house,1252,unrenovated,"RK VILLEA, s. r. o.","Dolný Kubín"
JuMmB0vZcwg,sale,house,160,unrenovated,"Realitná kancelária RED, s.r.o.",Žilina
Juu4bOArZvB,sale,house,90,unrenovated,"Romantické Chalupy, s.r.o.",Bratislava
JuG-JRPmhAG,sale,house,100,"new construction","Realitná kancelária DOM",Žilina
Ju6-BxY4Q9v,sale,house,80,"new construction","Romantické Chalupy, s.r.o.",Bratislava
Ju4_CW18xww,sale,house,150,unrenovated,"WFG reality, s.r.o.",Žilina
JujfdD-5RPO,sale,house,147,"new construction","AstonReal s.r.o.","Banská Bystrica"
JuJ5z8J0t7V,sale,house,175,"new construction","MGM reality",Žilina
JuLlnmGgMKV,sale,house,181,"partially renovated","REAL21 Invest-consult, s.r.o.","Považská Bystrica"
Ju7pKhqP4zK,sale,house,464,"partially renovated","Like Reality s.r.o.","Považská Bystrica"
Juq12PkyNpf,sale,house,275,"partially renovated","RES GROUP, s.r.o.",Žilina
JuRty8qQQ_7,sale,house,220,unrenovated,"AstonReal s.r.o.","Banská Bystrica"
Jut7Cik7fcS,sale,house,80,"new construction","RS Mansory s.r.o.",Bratislava
Juv0ePbKA7G,sale,house,100,unrenovated,"AstonReal s.r.o.","Banská Bystrica"
JuKz9mvEvI_,sale,house,200,"partially renovated","REALITY TATRY",Levoča
JulKhf0qSVY,sale,house,100,"new construction","Real Estate Group4U","Považská Bystrica"
JunAaEjMO5H,sale,house,260,"partially renovated","DRAŽOBNÍK, s.r.o.",Košice
JuYo9zvFOwy,sale,house,180,unrenovated,"TARGETreal s. r. o.",Žilina
JuVJGPaHJOp,sale,house,386,unrenovated,"Realitná kancelária RED, s.r.o.",Žilina
JuqydMjWuh4,sale,house,100,unrenovated,"TARGETreal s. r. o.",Žilina
JunkMQWQbHn,sale,house,683,"partially renovated","TUreality s.r.o.",Žilina
JuoBv0wotbR,sale,house,497,"new construction","Realitné kancelárie SR",Bratislava
JuM-6ImZqgg,sale,house,165,unrenovated,"HOLESTIAK.sk reality s.r.o.",Čadca
Jup9Yn-xSxK,sale,house,125,"new construction","MGM reality",Žilina
Juu1RPAQAYx,sale,house,200,"partially renovated","ADOMOS REAL s.r.o.",Košice
JuB8tqpRaSl,sale,house,110,unrenovated,"RE/MAX Slovakia",Bratislava
Ju4OltTKR0f,sale,house,260,"fully renovated","Realitné kancelárie SR",Bratislava
Juu2Y87Z-DK,sale,house,220,"partially renovated","TUreality s.r.o.",Žilina
JupTefFT3SIq,sale,house,180,"partially renovated","Romantické Chalupy, s.r.o.",Bratislava
JuAxm4BTAPE,sale,house,240,unrenovated,"BeMi realitná kancelária",Nitra
JukEQsAHFmW,sale,house,100,"partially renovated","B10 Slovensko, a. s.",Žilina
JuIfd2KOAqJ,rent,house,260,"new construction","Realitné kancelárie SR",Bratislava
Juq41p0QoVh,sale,house,160,"partially renovated","Realitná kancelária",Bratislava
JuE5s_J_0mm,sale,house,300,"partially renovated","BeMi realitná kancelária",Nitra
JuI2CpNT1P5,sale,house,190,"fully renovated","Vianema s.r.o.",Bratislava
JumgmN6Y0Rr,sale,house,150,unrenovated,"Realitná kancelária",Bratislava
Ju9JGGI9iqn,sale,house,190,"new construction","RS Mansory s.r.o.",Bratislava
JuMiWG_Bjr-,sale,house,160,unrenovated,"Safe reality s. r. o.",Žilina
JuoozgHS-2r,sale,house,160,unrenovated,"B10 Slovensko, a. s.",Žilina
Juzaery-uaM,sale,house,139,"new construction","Buby reality, s.r.o.",Žilina
JuJSekEM4oc,sale,house,102,"new construction","Apollo House",Bratislava
Jub5SX0zXuB,sale,house,33,"new construction","Realitné kancelárie SR",Bratislava
JubJO0qS-zH,sale,house,140,"partially renovated",jabyvam.sk,"Liptovský Mikuláš"
JueA1N-Ntfj,sale,house,96,"fully renovated","RK SPIRIT s.r.o.","Liptovský Mikuláš"
JuHtgn-PdTN,sale,house,106,"new construction","TUreality s.r.o.",Žilina
Jub25_ejcJA,sale,house,153,"fully renovated","Nestor Capital s.r.o.",Bratislava
JuvMlRWqyJoo,sale,house,240,unrenovated,"MGM reality",Žilina
JuImMdEmrRE,sale,house,765,unrenovated,"BV REAL PD, s.r.o.",Prievidza
JuzSO8DcIjL,sale,house,150,"fully renovated","Reality Simply",Martin
JuT-mCUWMWu,sale,house,120,"new construction",liptoreal,"Liptovský Mikuláš"
Ju14mSBpDUx,sale,house,200,"partially renovated","HOLESTIAK.sk reality s.r.o.",Čadca
Ju9vhNLIhpv,sale,house,550,"new construction","Realitná kancelária DOM",Žilina
Ju07wpce3-e,sale,house,50,unrenovated,"Romantické Chalupy, s.r.o.",Bratislava
JuiIP6qTDBs,sale,house,100,"partially renovated","OVERENÉ REALITY","Banská Bystrica"
JuWA9aOrYrn,sale,house,120,"partially renovated","ALT REAL, s.r.o.",Martin
JuTaKGvu-_W,sale,house,100,unrenovated,"Romantické Chalupy, s.r.o.",Bratislava
Juolbg2gxyQ,sale,house,300,"new construction","RE/MAX Slovakia",Bratislava
JuOzMZP3NXD,sale,house,70,"partially renovated","1. Reality Rent, s.r.o.",Žilina
Ju0_zNn7daF,sale,house,300,unrenovated,"Direct Real, spol. s r.o.",Bratislava
JuhiXx9KEAl,sale,house,612,"partially renovated","Reality BL, s.r.o.","Kysucké Nové Mesto"
JuXifi6XaeN,sale,house,168,unrenovated,NULL,NULL
JuD_VuWF7qU,sale,house,94,"new construction","RK Dalmia s. r. o.","Dolný Kubín"
Ju7FT7K1T9V,sale,house,156,unrenovated,"Reality IQ, s.r.o.",Žilina
Ju1tEs_gT7e,sale,house,140,"new construction","1. Reality Rent, s.r.o.",Žilina
JufiwULhgJw,sale,house,120,unrenovated,"Real Reality Development s.r.o.",Martin
JujDi-L-0hf,sale,house,126,"new construction","RE/MAX Slovakia",Bratislava
JuWVZLxkLMK,sale,house,1375,"partially renovated","Reality Alpia",Martin
JuUrENnUrd4,sale,house,120,unrenovated,"Reality Center, s.r.o.",Martin
JuKIEskdsEp,sale,house,104,"new construction","Real Estate Group4U","Považská Bystrica"
JuRBO1iDcGe,sale,house,240,"partially renovated","Felicita Real s. r. o.",Martin
JuMud2YGw9_,sale,house,125,"fully renovated",NULL,NULL
JuipKl1rZoI,sale,house,140,"fully renovated",NULL,NULL
JuzawK4H-li,sale,house,70,unrenovated,"BR ACADEMY, s. r. o.","Kysucké Nové Mesto"
Ju6l6A2iskM,sale,house,104,"new construction","BeMi realitná kancelária",Nitra
JuiNBbsX-1P,rent,house,150,"new construction","RIEŠIME BÝVANIE",Bratislava
JuIGCsa_wh0,sale,house,200,"new construction","Buby reality, s.r.o.",Žilina
JunwM7MkcDW,sale,house,220,unrenovated,"Realitné kancelárie SR",Bratislava
JuCbUaiZ-t8,sale,house,180,unrenovated,"HOLESTIAK.sk reality s.r.o.",Čadca
JuPBoWiotP6,sale,house,86,"new construction","RIEŠIME BÝVANIE",Bratislava
Ju39TpZdQum,sale,house,145,"new construction",NULL,NULL
Juc86BqO6w7,sale,house,60,"fully renovated","FINREA - ak vám záleží na výsledku","Dolný Kubín"
JuGKJDezGKy,sale,house,160,unrenovated,"RS Mansory s.r.o.",Bratislava
JuyVW5GYHzb,sale,house,100,"development project","YFE, s.r.o.",Žilina
JufXd7f876u,sale,house,130,"under construction","RIEŠIME BÝVANIE",Bratislava
JuvDMV343M4,sale,house,100,"new construction","TOCA, s.r.o. Realitná činnosť",Bytča
JuGGmyAKTE2V,sale,house,180,"partially renovated","Realitné kancelárie SR",Bratislava
JunqWaLvLjb,sale,house,140,"new construction","NajBývanie, s.r.o.",Ružomberok
JufxA_4siD5,sale,house,180,unrenovated,"GRAVITAS a. s.",Bratislava
JuNEJj6Bobe,sale,house,278,unrenovated,"New Ways Reality&Financie",Poprad
Ju7GkmUpk7w,sale,house,84,"partially renovated","NajBývanie, s.r.o.",Ružomberok
JueqFSdFlNV,sale,house,280,unrenovated,"OREA, s.r.o.","Dolný Kubín"
Ju5uqi4FeNX,sale,house,NULL,"fully renovated","HALO reality, s.r.o.",Prievidza
JuugYuyjxCy,sale,house,461,unrenovated,NajlepšíMakléri.sk,Bratislava
JuENmSVbf52,sale,house,773,"new construction","Reality Alpia",Martin
JuSDor_pBw9,sale,house,106,"new construction","Buby reality, s.r.o.",Žilina
JuEl9XITon-,sale,house,100,unrenovated,"Romantické Chalupy, s.r.o.",Bratislava
JuQ4i8mNwlL,sale,house,65,unrenovated,"TARGETreal s. r. o.",Žilina
Ju3IlwS0uHk,sale,house,300,"partially renovated","DreamReality s.r.o.",Žilina
JurqmynKY4o,sale,house,240,"new construction","RE/MAX Slovakia",Bratislava
JuhsSA9jVzs,sale,house,250,unrenovated,"B10 Slovensko, a. s.",Žilina
JuvA9DjdPST,sale,house,140,"new construction","ALT REAL, s.r.o.",Martin
JuXVSVVWVLI,sale,house,60,"fully renovated","Romantické Chalupy, s.r.o.",Bratislava
JuETUDXgsIk,sale,house,105,"partially renovated","Piata Avenue",Žilina
JuYGxQztZEP,sale,house,103,"new construction",NULL,NULL
Juv2ewXXJKK,sale,house,300,"fully renovated","TARGETreal s. r. o.",Žilina
Juy6D0BMpPr,sale,house,35,"new construction","Reality Center, s.r.o.",Martin
JuRvLvEuC6c,sale,house,300,"partially renovated","SLNOVRAT, s.r.o.",Olešná
JuwhHVVh05e,sale,house,192,unrenovated,"Direct Real, spol. s r.o.",Bratislava
JubBBZpieJ3,sale,house,100,unrenovated,"Romantické Chalupy, s.r.o.",Bratislava
JupqlbF43-v,sale,house,150,unrenovated,"StorkReal s. r. o.","Rajecká Lesná"
JuqhO5GsZ4W,sale,house,180,"new construction","Realitné kancelárie SR",Bratislava
Juc74a1hN-t,sale,house,NULL,unrenovated,NULL,NULL
JuZgj6k1S7C,sale,house,348,"partially renovated","TARGETreal s. r. o.",Žilina
JuvbGiTBrMG,sale,house,168,"new construction","New Ways Reality&Financie",Poprad
JutexiRTg9m,sale,house,300,unrenovated,"RS Mansory s.r.o.",Bratislava
Ju6pNzkI7kN,sale,house,882,unrenovated,"Reality Alpia",Martin
JuIyY_wrQVH,sale,house,81,"new construction","WFG reality, s.r.o.",Žilina
JuhQKNPNiRq,sale,house,210,"fully renovated","AnoReal, s.r.o.",Stráňavy
JuSh2BSeYCy,sale,house,317,"fully renovated","BeMi realitná kancelária",Nitra
Jua80WPKb_h,sale,house,133,unrenovated,"LICITOR group, a.s.",Žilina
JuWDHMTcRk5,sale,house,456,"partially renovated","Nové bývanie",Nitra
JuXLOLWve3w,sale,house,348,"partially renovated","Realitná kancelária",Bratislava
JuQ6y__HQN4,sale,house,1,"fully renovated","LIF REAL",Martin
JuXlTElDSTb,sale,house,700,"new construction","DreamReality s.r.o.",Žilina
JuL5-OdofNk,sale,house,300,"new construction","RAJA, spol. s r.o.","Svätý Jur"
JudAAa45gzT,sale,house,140,unrenovated,"B10 Slovensko, a. s.",Žilina
JuptIY7K5YK,sale,house,828,"partially renovated","Reality Alpia",Martin
JuMof2f50da,sale,house,60,"partially renovated","Reality IQ, s.r.o.",Žilina
JunBZ5UZ987,sale,house,170,"partially renovated","Realitné kancelárie SR",Bratislava
JuZgBXj7DfA,sale,house,160,unrenovated,"RE/MAX Slovakia",Bratislava
Ju5BwjQ6s7y,sale,house,165,"partially renovated","SLNOVRAT, s.r.o.",Olešná
JuQab_JUcgQ,rent,house,162,"new construction","Reality ASTORIA, s.r.o.",Martin
JuEB6osELcj,sale,house,100,"partially renovated","Romantické Chalupy, s.r.o.",Bratislava
Ju34HqZzlYZ,sale,house,220,"fully renovated","Realitná kancelária RED, s.r.o.",Žilina
Ju_JIspGy8j,sale,house,42,"fully renovated",jabyvam.sk,"Liptovský Mikuláš"
JuwY9aBM81x,sale,house,300,"partially renovated","Like Reality s.r.o.","Považská Bystrica"
Ju6FkAOvz_r,sale,house,79,unrenovated,"AstonReal s.r.o.","Banská Bystrica"
Ju8bN6JmGCo,sale,house,120,unrenovated,"Reality ASTORIA, s.r.o.",Martin
Juq7eJIJyLK,sale,house,310,"partially renovated",NULL,NULL
JuF5wwqoPt-,sale,house,90,unrenovated,"Romantické Chalupy, s.r.o.",Bratislava
JuXBeZX2j2W,sale,house,150,"fully renovated","JKV REAL",Prievidza
JuRB3GLBQlr,sale,house,140,unrenovated,"TUreality s.r.o.",Žilina
JulDvECm5wW,sale,house,175,"new construction","RIEŠIME BÝVANIE",Bratislava
JuWpbcAmhWj,sale,house,180,"new construction","Realitné kancelárie SR",Bratislava
JutdauUbuYB,sale,house,178,"new construction","OREA, s.r.o.","Dolný Kubín"
JuKt4j2XFxX,sale,house,788,"partially renovated","Reality Alpia",Martin
JuTM2PfA7TL,sale,house,172,"partially renovated","TUreality s.r.o.",Žilina
JuHuCArgKgQ,sale,house,90,"new construction","RE/MAX Slovakia",Bratislava
JuLlb3Y20Mb,sale,house,158,"new construction","BeMi realitná kancelária",Nitra
Jusa__2WO0Z,sale,house,101,"partially renovated","XEMAR realitná spoločnosť s.r.o.","Banská Bystrica"
JujyaTVjwhA,sale,house,116,"new construction",NULL,NULL
Jucbi7PZEnm,sale,house,90,unrenovated,"1. Reality Rent, s.r.o.",Žilina
JuM1C8fcu8K,sale,house,847,"fully renovated","TUreality s.r.o.",Žilina
Ju-vY43kOSm,sale,house,120,"fully renovated","1. Reality Rent, s.r.o.",Žilina
Ju6dKyzXet6,sale,house,131,"new construction","ŽILINAREAL, s.r.o.",Žilina
JudnXD8m-sc,sale,house,102,"under construction","ROMDOM, s. r. o",Žilina
Ju6vI9Ongqb,sale,house,270,"partially renovated","YNI reality",Žilina
JuSGs9I7N10c,sale,house,236,"partially renovated","BALAŽI REAL ESTATE s.r.o.",Topoľčany
JuQQeemtPlQ,sale,house,445,"partially renovated","TUreality s.r.o.",Žilina
JuN0fpmLbue,sale,house,400,"fully renovated","Pegas real s.r.o.",Bratislava
Juc14yxwCWy,sale,house,209,"under construction","ARBIZ real estate & finance s. r. o.",Ružomberok
JuA6unfH09z,sale,house,250,"partially renovated","Reality ASTORIA, s.r.o.",Martin
JuRRi65QQer,rent,house,240,unrenovated,"Realitné kancelárie SR",Bratislava
JuoL9EBWGdw,sale,house,84,unrenovated,"WFG reality, s.r.o.",Žilina
Jus49Ig9CXx,sale,house,100,"partially renovated","JPE. Reality - Jozef Pajer",Čadca
JuT-lYDfSlr,sale,house,120,"new construction","Apollo House",Bratislava
JuTsKQYVo81,sale,house,318,"fully renovated","bezmaklérov, s.r.o.",Žilina
JuvJClErKby,sale,house,75,unrenovated,"WFG reality, s.r.o.",Žilina
JuImgMwAlae,sale,house,125,"new construction","MGM reality",Žilina
Junjv5ltBRp,sale,house,100,"under construction","Realitná kancelária",Bratislava
JuJRg0E5VNn,sale,house,140,"new construction","ALT REAL, s.r.o.",Martin
Ju_7upNwBrj,sale,house,110,unrenovated,"RK Dalmia s. r. o.","Dolný Kubín"
Juyma4ypNNK,sale,house,240,"new construction","Reality MT s.r.o.",Martin
Ju21sNa5df6,sale,house,250,"partially renovated","Buby reality, s.r.o.",Žilina
JueQzTcIDeQ,sale,house,42,"new construction","FISCHER & PARTNERS, s.r.o.",Ružomberok
JuWFwDq9Hos,sale,house,100,unrenovated,"AstonReal s.r.o.","Banská Bystrica"
Juw-gEYpFG_,sale,house,135,"new construction","SLNOVRAT, s.r.o.",Olešná
Ju3_GjYaBPA,sale,house,1056,unrenovated,"MENÍME BÝVANIE",Čadca
JufgKb9FR3J,sale,house,60,"partially renovated","Romantické Chalupy, s.r.o.",Bratislava
JunNJzhFnyu,sale,house,270,"fully renovated",Reality+,Žilina
Juk_6IbuVg4,sale,house,240,unrenovated,"MGM reality",Žilina
JuzURL47734,sale,house,1,unrenovated,"Direct Real, spol. s r.o.",Bratislava
Juhv-0ib6ND,sale,house,1,unrenovated,"TOCA, s.r.o. Realitná činnosť",Bytča
JulUfy26PQZ,sale,house,205,unrenovated,"Direct Real, spol. s r.o.",Bratislava
JuFy8odNEYG,sale,house,1281,"fully renovated","Reality Alpia",Martin
JuzPTGI_Ub6,sale,house,120,"new construction","Realitná kancelária DOM",Žilina
JubVNOBehQJp,sale,house,260,"fully renovated","ŽILINAREAL, s.r.o.",Žilina
JujihkczWnc,sale,house,NULL,"partially renovated","Wealth Group, s.r.o.","Nová Dedinka"
Ju5HL9HCWYK,sale,house,806,"partially renovated","TUreality s.r.o.",Žilina
JuTAR5A7Hvk,sale,house,209,"new construction","TOCA, s.r.o. Realitná činnosť",Bytča
Juk8YxA4P9Q,sale,house,128,"partially renovated","VICTORY REALITY Residence s. r. o.","Banská Bystrica"
JuH7gFUPY7f,sale,house,280,"fully renovated","RIEŠIME BÝVANIE",Bratislava
JuVQBJSx5aQ,sale,house,100,unrenovated,"FINREA - ak vám záleží na výsledku","Dolný Kubín"
JuHEeYDAKYc,sale,house,200,unrenovated,"Ing. Marcela Pišteková",Turzovka
Ju4LHbtx5iy,sale,house,49,unrenovated,"U9, a.s.",Bratislava
Ju818YWB7Et,sale,house,195,"partially renovated","Reality AK, spol. s r.o.",Martin
JuvprX5EDq1,sale,house,88,"fully renovated","OREA, s.r.o.","Dolný Kubín"
Ju769ToQ74D,sale,house,200,"new construction","DRR INVEST, s. r. o.","Horný Hričov"
JuOV-FJAPLW,sale,house,100,"new construction","Piata Avenue",Žilina
Ju4ivccKHTO,sale,house,200,unrenovated,"BeMi realitná kancelária",Nitra
Juygw_dFMSa,sale,house,400,"fully renovated","RES GROUP, s.r.o.",Žilina
Ju_VPyRRw8c,sale,house,160,unrenovated,"Romantické Chalupy, s.r.o.",Bratislava
JuD_agZTj5g,sale,house,1028,unrenovated,"Nové bývanie",Nitra
JuEyQXVJHfz,sale,house,143,"new construction","JKV REAL",Prievidza
Juady9vqBv8,sale,house,350,"new construction","Ing. Marcela Pišteková",Turzovka
Juj0QibLMWk,sale,house,186,"new construction","JPE. Reality - Jozef Pajer",Čadca
Ju3T5ymjwHh,sale,house,105,unrenovated,"Realitná kancelária",Bratislava
Ju-s0a69uoP,sale,house,NULL,"fully renovated",NULL,NULL
Jua9bDzVCPy,sale,house,110,unrenovated,"RE/MAX Slovakia",Bratislava
Ju4sn1YIbXo,sale,house,NULL,"new construction",NULL,NULL
JuUAzZ1DM53h,sale,house,97,"fully renovated","FINREA - ak vám záleží na výsledku","Dolný Kubín"
JuVWSdPVacq,sale,house,160,unrenovated,"RE/MAX Slovakia",Bratislava
JuoeXyKL-xw,sale,house,240,"partially renovated","TB Real, spol. s r.o.",Košice
JuU-CdEC7dE,sale,house,140,unrenovated,"1. Reality Rent, s.r.o.",Žilina
JuyjJhU57Ie,sale,house,280,"fully renovated","B10 Slovensko, a. s.",Žilina
JuUOF1Y8GRc,sale,house,800,"partially renovated","TUreality s.r.o.",Žilina
JuS_jt578hW,sale,house,266,"partially renovated","FINREA - ak vám záleží na výsledku","Dolný Kubín"
JuTtMGChCvj,sale,house,664,"partially renovated","TUreality s.r.o.",Žilina
JubSMkcIUwQ,sale,house,450,"fully renovated","Piata Avenue",Žilina
JuUPsxDPB3P,sale,house,226,unrenovated,"LICITOR group, a.s.",Žilina
JuNSm4v7OPl,sale,house,58,"new construction","BeMi realitná kancelária",Nitra
Ju85rN2RkNp,sale,house,320,"partially renovated","ŽILINAREAL, s.r.o.",Žilina
JuGV2Mc53Dd,sale,house,121,"new construction","RE/MAX Slovakia",Bratislava
Ju_8_vlnZwY,sale,house,18,"new construction","IVANING, s. r. o.",Ružomberok
JulClHeflP9,sale,house,180,"fully renovated","Babony TRE s.r.o.",Bratislava
JuQiG2ih2SK,sale,house,NULL,unrenovated,"HALO reality, s.r.o.",Prievidza
JugmUi1YrCL,sale,house,NULL,"partially renovated",NULL,NULL
JuAUegGsDW_,sale,house,96,"fully renovated","TARGETreal s. r. o.",Žilina
JuLc8gW9OHd,sale,house,220,unrenovated,"RS Mansory s.r.o.",Bratislava
JuD5IEP-_uU,sale,house,728,"new construction","TUreality s.r.o.",Žilina
Juh02qpId7f,sale,house,180,"partially renovated","HOLESTIAK.sk reality s.r.o.",Čadca
JudW0vCLa-q,sale,house,220,"partially renovated","ŽILINAREAL, s.r.o.",Žilina
JuZSCNK7v3l,sale,house,300,"fully renovated","RIEŠIME BÝVANIE",Bratislava
JuNXUaLV7F5,sale,house,117,"new construction","HOLESTIAK.sk reality s.r.o.",Čadca
Jubpxb0JsTj,sale,house,140,unrenovated,"Trioreality, s.r.o.",Čadca
Ju4kDIYSKlj,sale,house,210,unrenovated,"RIEŠIME BÝVANIE",Bratislava
Jua9FHHUfWA,sale,house,150,"partially renovated","Realitné kancelárie SR",Bratislava
JufVXI6GuhC,sale,house,520,"partially renovated","BV REAL PD, s.r.o.",Prievidza
Juevnd4jsoA,sale,house,100,"partially renovated","ROMDOM, s. r. o",Žilina
JuY6OUpbXjU,sale,house,159,"new construction","Realitná kancelária RED, s.r.o.",Žilina
Jug6zZpbgms,sale,house,125,"fully renovated","RIEŠIME BÝVANIE",Bratislava
JuP0XzI2a8X,sale,house,160,unrenovated,"RE/MAX Slovakia",Bratislava
JuQ_I0ff1WB,sale,house,NULL,"partially renovated","TOCA, s.r.o. Realitná činnosť",Bytča
JuxsRe4hFI1,sale,house,131,"new construction","ALT REAL, s.r.o.",Martin
JurFmDveVmQ,sale,house,178,"partially renovated",NULL,NULL
JuqBCTYKWBNV,sale,house,143,"new construction","Nové bývanie",Nitra
JuOH45yXH5x,sale,house,160,"partially renovated","Wealth Group, s.r.o.","Nová Dedinka"
JuNAkKLTuvU,sale,house,103,"under construction","TARGETreal s. r. o.",Žilina
JubXfE9326q,sale,house,125,"partially renovated","RESIDENCE realitná kancelária","Liptovský Mikuláš"
JurPQrgAzVa,sale,house,180,"new construction","ROMDOM, s. r. o",Žilina
JuO0hdGmTXM,sale,house,150,unrenovated,"Reality AK, spol. s r.o.",Martin
Ju99F1V9-a5,rent,house,100,"new construction","Reality Alpia",Martin
JuGAfyDq6Le,sale,house,140,unrenovated,"BeMi realitná kancelária",Nitra
Jud-pgAdAnR,sale,house,355,"partially renovated","Realitné kancelárie SR",Bratislava
JunMD2_PHX1,sale,house,392,"new construction","R2 SK, s.r.o.",Žilina
Jut9hBMvkj1,sale,house,145,"new construction","Realitná kancelária RED, s.r.o.",Žilina
JuNkZt-5-PV,sale,house,72,"partially renovated","Vianema s.r.o.",Bratislava
JuMIjDzPJlV,sale,house,170,"partially renovated","Realitná kancelária RED, s.r.o.",Žilina
Ju08TjjVb3y,sale,house,98,"new construction","TUreality s.r.o.",Žilina
Juove7AkwvT,sale,house,160,"new construction","ALT REAL, s.r.o.",Martin
JuqQL7cMBce,sale,house,160,unrenovated,"WFG reality, s.r.o.",Žilina
JuoK79RAO1k,sale,house,110,unrenovated,"HOLESTIAK.sk reality s.r.o.",Čadca
JuyE1SKm9MG,sale,house,305,"new construction","RE/MAX Slovakia",Bratislava
JugZv3txcdX,sale,house,100,"partially renovated","REALITY SPOLU",Bratislava
JuAUIyCgthV,sale,house,330,"fully renovated","Ing.Zuzana Paverová","Turčianske Teplice"
Ju2CLffbgDO,sale,house,240,unrenovated,"Realitné kancelárie SR",Bratislava
JulOKuOiom0,sale,house,348,unrenovated,"Reality AK, spol. s r.o.",Martin
JuV6m-uCHri,sale,house,192,"partially renovated","NajBývanie, s.r.o.",Ružomberok
Ju1ofqUKnGJ,rent,house,120,"new construction",NULL,NULL
JuPf2GxFke-,sale,house,190,"fully renovated","Realitné kancelárie SR",Bratislava
JuBb5_6WbFx,sale,house,NULL,"under construction",liptoreal,"Liptovský Mikuláš"
JuBFSGXIbQg,sale,house,97,"fully renovated","Reality D.P.A.",Martin
JuSEx_tCHgm,sale,house,155,"partially renovated","Reality ASTORIA, s.r.o.",Martin
Ju8D90dPeWn,sale,house,115,"under construction","TRI LIPY, s. r. o.",Čadca
JuSIu9gfLrM,sale,house,500,"new construction","Reality Alpia",Martin
JuZZAG3gZ4P,sale,house,160,"fully renovated","Realitné kancelárie SR",Bratislava
Jubw55XES_L,sale,house,270,unrenovated,"Realitná kancelária RED, s.r.o.",Žilina
Ju4qLAERlSe,sale,house,336,"new construction","HERRYS s.r.o.",Bratislava
Ju7bwTEg95z,sale,house,136,"under construction","RES GROUP, s.r.o.",Žilina
JuyVs7iUVpH,sale,house,238,"new construction","Real Estate Group4U","Považská Bystrica"
JuQLhnk0fIJ,sale,house,208,"partially renovated","RK Dalmia s. r. o.","Dolný Kubín"
JuTHsp0WSDj,sale,house,200,"new construction","B10 Slovensko, a. s.",Žilina
Juq9xnQNQkn,sale,house,110,"new construction",donidDevelop,"Dolný Kubín"
JuyzhTATpQT,sale,house,180,unrenovated,"RS Mansory s.r.o.",Bratislava
Ju201YVcPl9,sale,house,1608,"partially renovated","Reality Alpia",Martin
JuEkXTiy4W0,sale,house,110,"fully renovated","Ing. Marcela Pišteková",Turzovka
JuRCZxG-Ooz,sale,house,85,unrenovated,"Romantické Chalupy, s.r.o.",Bratislava
Ju2g9qDY7C2,sale,house,144,unrenovated,"LAVENTURA s.r.o.",Žilina
JuiurmGxqdw,sale,house,110,"partially renovated",jabyvam.sk,"Liptovský Mikuláš"
Ju5l4eqQWuo,sale,house,132,"new construction",NULL,NULL
JubPnkGYuzd,sale,house,50,unrenovated,"Romantické Chalupy, s.r.o.",Bratislava
JutUghljOFb,sale,house,132,"new construction","TARGETreal s. r. o.",Žilina
JuOcMarFG9f,sale,house,300,"partially renovated","B10 Slovensko, a. s.",Žilina
Ju1nsnm6Thh,sale,house,140,"fully renovated","Realitné kancelárie SR",Bratislava
JueL_62vkzy,sale,house,370,"new construction","Arvin & Benet",Bratislava
JuZ5Od87-Gum,sale,house,103,"new construction","Real Estate Group4U","Považská Bystrica"
JuVjafOp1qo,sale,house,200,unrenovated,"RESIDENCE realitná kancelária","Liptovský Mikuláš"
Ju83GL9bzob,sale,house,285,"partially renovated","Reality Alpia",Martin
JuOWTKqdph-,sale,house,113,"new construction","TARGETreal s. r. o.",Žilina
JuJ_aSROqsa,sale,house,160,unrenovated,"Realitná kancelária RED, s.r.o.",Žilina
JuZb8UCK_rZ,sale,house,70,NULL,"Romantické Chalupy, s.r.o.",Bratislava
JuTlV6vu9KV,sale,house,160,"partially renovated","RK ANNA, s.r.o.",Bratislava
Ju50VIWT3Qq,sale,house,140,unrenovated,NULL,NULL
JuHMOf4_aEt,sale,house,340,"fully renovated","OVERENÉ REALITY","Banská Bystrica"
JuExQtw6qVs,sale,house,97,"new construction","TOCA, s.r.o. Realitná činnosť",Bytča
JuWdOUuOqTq,sale,house,320,"partially renovated","Realitná kancelária RED, s.r.o.",Žilina
JuCQquJMobX,sale,house,290,"fully renovated",jabyvam.sk,"Liptovský Mikuláš"
JueH30MBugi,sale,house,167,unrenovated,"FINREA - ak vám záleží na výsledku","Dolný Kubín"
JuCZFv2-6ou,sale,house,180,"new construction","Reality AK, spol. s r.o.",Martin
Juy0vY_LraB,sale,house,109,unrenovated,NULL,NULL
JuRmVJrYF51,sale,house,NULL,"partially renovated","HALO reality, s.r.o.",Prievidza
JuZeXFkM1A9,sale,house,200,unrenovated,"WFG reality, s.r.o.",Žilina
JuiNO66g3Yc,sale,house,1738,unrenovated,"Reality Alpia",Martin
Ju3B-41JURa,sale,house,186,"new construction","ŽILINAREAL, s.r.o.",Žilina
JuVYoseZcjb,sale,house,140,"fully renovated","Stanislav Slovák",Příbor
JuOrdDmjklk,sale,house,165,"partially renovated","Nové bývanie",Nitra
Juqo9ur2oSk,sale,house,233,"partially renovated","1. Reality Rent, s.r.o.",Žilina
JuUtFPHm2FJ,sale,house,80,unrenovated,"HOLESTIAK.sk reality s.r.o.",Čadca
JuRXV1iFSPA,sale,house,85,unrenovated,"B10 Slovensko, a. s.",Žilina
JuvFd0GqZEL,sale,house,70,unrenovated,"Romantické Chalupy, s.r.o.",Bratislava
JuYLfbh2sq3,sale,house,125,"partially renovated","Joyel s.r.o.",Galanta
JurXt03mBLY,sale,house,186,"new construction","ŽILINAREAL, s.r.o.",Žilina
JuMWbh-aIKq,sale,house,1118,unrenovated,"MGM reality",Žilina
Ju6T3Ft89-v,rent,house,551,"new construction","Buby reality, s.r.o.",Žilina
JupleqZX_5c,sale,house,180,unrenovated,"HALO reality, s.r.o.",Prievidza
JuFiX3Sq3vG,sale,house,135,"partially renovated","HALO reality, s.r.o.",Prievidza
JuHzPHOV8gk,sale,house,222,unrenovated,NULL,NULL
JugTUA5gS8g,sale,house,130,unrenovated,"JPE. Reality - Jozef Pajer",Čadca
Ju-2ATFv9rv,sale,house,109,"new construction","MGM reality",Žilina
Ju-DaLUFFrZO,sale,house,72,unrenovated,"1. Reality Rent, s.r.o.",Žilina
JulhD_NcT3W,sale,house,120,"partially renovated","JPE. Reality - Jozef Pajer",Čadca
JuR8MtfJ_hy,sale,house,290,"partially renovated",jabyvam.sk,"Liptovský Mikuláš"
JuTYVNH1hyq,sale,house,180,unrenovated,"Realitná kancelária RED, s.r.o.",Žilina
JueXmDjP7zd,sale,house,350,"partially renovated","Realitné kancelárie SR",Bratislava
JuNLZwMInNc,sale,house,278,"new construction","Realitné kancelárie SR",Bratislava
JuHhaEPAecH,sale,house,107,unrenovated,"Realitná kancelária RED, s.r.o.",Žilina
JuybIukKsI-,sale,house,190,"partially renovated",NULL,NULL
JuJ_XP7nrRJ,sale,house,3,"partially renovated","Piata Avenue",Žilina
JuFneDQjvVa,sale,house,248,"fully renovated","Realitné kancelárie SR",Bratislava
JuUd1zO7Wmq,sale,house,190,"partially renovated","RK SPIRIT s.r.o.","Liptovský Mikuláš"
JuWTFerinZc,sale,house,270,"partially renovated",NULL,NULL
Ju65DXWDqfO,sale,house,1759,unrenovated,"Reality Alpia",Martin
JuUTEYZS5iH,sale,house,715,unrenovated,"Realitné kancelárie SR",Bratislava
JulIOnbqCxs,sale,house,72,"new construction","MK-CORP s.r.o.",Malacky
JuJpcjTfX3t,sale,house,190,"partially renovated","ROMDOM, s. r. o",Žilina
JunoisVSjsE,sale,house,90,"partially renovated","RK SPIRIT s.r.o.","Liptovský Mikuláš"
JuX0rjtWptr,sale,house,653,"fully renovated","VAŠA REALITKA s.r.o.",Ružomberok
JuzqOH1xdi0,sale,house,100,"fully renovated","BeMi realitná kancelária",Nitra
JuUrORAsIzH,sale,house,145,unrenovated,"KARIN & PARTNERS, s.r.o.",Bratislava
Ju0jlVjeum2,sale,house,80,"fully renovated","Safe reality s. r. o.",Žilina
Ju-n3HBlCLs,sale,house,106,"new construction","HALO reality, s.r.o.",Prievidza
JuFjizTs4O6,sale,house,160,"new construction",NULL,NULL
Juay0YLi6eq,sale,house,NULL,"partially renovated","HALO reality, s.r.o.",Prievidza
JumqzlfG1o5,sale,house,150,"fully renovated","OVERENÉ REALITY","Banská Bystrica"
JuUVlQMhocg,sale,house,52,"partially renovated","Reality Center, s.r.o.",Martin
JuIvAW7ErKL,sale,house,70,unrenovated,jabyvam.sk,"Liptovský Mikuláš"
Juomcnw1rQn,sale,house,265,"new construction","Realitná kancelária Peter Hubka","Liptovský Mikuláš"
JuRDPYuJ-Ru,sale,house,144,"new construction","BeMi realitná kancelária",Nitra
JuVmgN9tviU,sale,house,183,"new construction","Real Estate Group4U","Považská Bystrica"
JuHZ1_tqsoJ,sale,house,160,"partially renovated","TARGETreal s. r. o.",Žilina
JuRsx7ULgvE,sale,house,505,"new construction","TUreality s.r.o.",Žilina
Juu-17oAoC1,sale,house,180,"partially renovated","R2 SK, s.r.o.",Žilina
JuHTrpBIwLH,sale,house,50,unrenovated,"HOLESTIAK.sk reality s.r.o.",Čadca
JuXRdny6i_s,sale,house,95,unrenovated,"RS Mansory s.r.o.",Bratislava
JugRw5WlFvo,sale,house,132,"new construction","CPM Real Estate",Bratislava
JufGT_MaCUz,sale,house,260,unrenovated,"BR ACADEMY, s. r. o.","Kysucké Nové Mesto"
Juoz04a647Q,sale,house,160,"partially renovated","ŽILINAREAL, s.r.o.",Žilina
Jul4_uLItfd,sale,house,80,"new construction","BeMi realitná kancelária",Nitra
Ju1Kl-Z5Rmy,sale,house,80,unrenovated,"1. Reality Rent, s.r.o.",Žilina
JuyNnLnMYyC,sale,house,180,"partially renovated","SLNOVRAT, s.r.o.",Olešná
JuF46fUq-Yw,sale,house,90,unrenovated,"YNI reality",Žilina
JuKQcfqPzaF,sale,house,112,unrenovated,"IVANING, s. r. o.",Ružomberok
Jum6j-Ej2-f,sale,house,NULL,"fully renovated","Mgr. Silvia Lukáčová - RealPoint",Martin
JuytovsywXn,sale,house,91,"new construction","Bosen Group s.r.o.",Bratislava
JucRk_dUu__,sale,house,170,"new construction","PT-com s. r. o.","Banská Bystrica"
JuWBhReJsOQ,sale,house,460,"fully renovated","Reality Alpia",Martin
Jub5AmyEEcs,sale,house,NULL,"new construction","BeMi realitná kancelária",Nitra
JuobJik_lQu,sale,house,240,"partially renovated","FINREA - ak vám záleží na výsledku","Dolný Kubín"
JupxniZ3HTo,sale,house,85,"partially renovated","B10 Slovensko, a. s.",Žilina
JuT8nBQBdJW,sale,house,200,"partially renovated","RES GROUP, s.r.o.",Žilina
JuX6zPqRWEF,sale,house,200,unrenovated,"Reality Center, s.r.o.",Martin
JuMM6zZvZxw,sale,house,1,"partially renovated","TOCA, s.r.o. Realitná činnosť",Bytča
JuBhi6vWwWF,sale,house,135,"partially renovated","RESIDENCE realitná kancelária","Liptovský Mikuláš"
Jud1nB5cUDA,sale,house,215,"new construction","BeMi realitná kancelária",Nitra
JusY0XVc742,sale,house,116,"new construction","R2 SK, s.r.o.",Žilina
Ju0x3Q-Isx2,sale,house,462,"partially renovated","Reality Alpia",Martin
JusBzzX4MYn,sale,house,240,unrenovated,"Financie a reality od A po Z",Martin
JuTbyPBzXmh,sale,house,NULL,unrenovated,"Wealth Group, s.r.o.","Nová Dedinka"
JuyGuuau4bp,sale,house,140,"new construction","HOLESTIAK.sk reality s.r.o.",Čadca
JuZg89p6Hy7,sale,house,230,"fully renovated","TARGETreal s. r. o.",Žilina
JuEnivfsQqG,sale,house,NULL,"partially renovated","HALO reality, s.r.o.",Prievidza
Ju90ROUj5tm,sale,house,115,"fully renovated","OVERENÉ REALITY","Banská Bystrica"
JuIgiXtxn7E,sale,house,280,"partially renovated","Realitné kancelárie SR",Bratislava
JufpZ_mPYDs,sale,house,683,"fully renovated","ARBIZ real estate & finance s. r. o.",Ružomberok
Ju1ty2ZUYgk,sale,house,NULL,"new construction","RECLOUD Reality a.s.",Bratislava
JuGmzsgn_AA,sale,house,500,unrenovated,"WFG reality, s.r.o.",Žilina
Ju_5Xv4V0EB,sale,house,NULL,"fully renovated","RECLOUD Reality a.s.",Bratislava
JuQuGs-1s6D,sale,house,194,"partially renovated","REALITY SPOLU",Bratislava
JuZvI3pSm0g,sale,house,230,"partially renovated","RIEŠIME BÝVANIE",Bratislava
Ju4QNdSEtTJo,sale,house,104,"under construction","ADH-REAL s.r.o. Hirjaková Adriana",Ovčiarsko
JuhaIw0usS1,sale,house,165,"partially renovated","Piata Avenue",Žilina
JuTyI-EzXJs,sale,house,100,unrenovated,"BR ACADEMY, s. r. o.","Kysucké Nové Mesto"
Ju6Y8lDrPPx,sale,house,138,"new construction",NULL,NULL
JuRjgYMudUi,sale,house,300,"partially renovated","TARGETreal s. r. o.",Žilina
JuQMRIcKumi,sale,house,194,"under construction","ARBIZ real estate & finance s. r. o.",Ružomberok
JuemrlNxbW5,sale,house,360,unrenovated,"Reality Alpia",Martin
JueAKgCSgAy,sale,house,490,"fully renovated","RES GROUP, s.r.o.",Žilina
Ju73dWwYIf4,sale,house,300,"fully renovated","AstonReal s.r.o.","Banská Bystrica"
JuL77Ktof8v,sale,house,1236,"new construction","Reality Alpia",Martin
Juwx2kMBKdR,sale,house,75,unrenovated,"BeMi realitná kancelária",Nitra
Ju11dVJkRkl,sale,house,461,unrenovated,NajlepšíMakléri.sk,Bratislava
Ju6OXC5e_2f,sale,house,186,"partially renovated","Reality Alpia",Martin
JuAWKeHNgzP,sale,house,258,unrenovated,"Direct Real, spol. s r.o.",Bratislava
JufFtzCmoZI,sale,house,103,"fully renovated","MGM reality",Žilina
JuT75QcQxxP,sale,house,250,"fully renovated","OREA, s.r.o.","Dolný Kubín"
JunaNl4t7YD,sale,house,411,unrenovated,"Piata Avenue",Žilina
Ju_rwk44XIO,sale,house,220,unrenovated,"MGM reality",Žilina
JuDlx9y21vs,sale,house,NULL,unrenovated,"RECLOUD Reality a.s.",Bratislava
JuaEOE3NvBE,sale,house,160,"new construction","Reality MT s.r.o.",Martin
Juidd703LOU,sale,house,200,unrenovated,"Realitná kancelária RED, s.r.o.",Žilina
Ju-OE670leB,sale,house,1,unrenovated,"TOCA, s.r.o. Realitná činnosť",Bytča
JukIEPbTzbs,sale,house,105,unrenovated,"K&B Partners, s.r.o.",Trenčín
JuRG-vEhd9B,sale,house,185,"partially renovated","Piata Avenue",Žilina
Ju9pzA6kp29,sale,house,200,"partially renovated","B10 Slovensko, a. s.",Žilina
Juf5JJugsJj,sale,house,96,"fully renovated","Romantické Chalupy, s.r.o.",Bratislava
JulEUnG0Jam,sale,house,170,unrenovated,"Realitné kancelárie SR",Bratislava
Ju0Bq6SU1wr,sale,house,81,"new construction","Real Estate Group4U","Považská Bystrica"
Juk1Q-owy0o,sale,house,100,"partially renovated",jabyvam.sk,"Liptovský Mikuláš"
Ju9iqAyYgBP,sale,house,200,"partially renovated","Like Reality s.r.o.","Považská Bystrica"
JuRU-kTFsF-J,sale,house,100,unrenovated,"Romantické Chalupy, s.r.o.",Bratislava
JuO6fvSVJ1V,sale,house,420,unrenovated,"MG real, s.r.o.",Topoľčany
JuGR3fH9qik,sale,house,97,"new construction","TOCA, s.r.o. Realitná činnosť",Bytča
Jun_xJ64Vjc,sale,house,NULL,unrenovated,"TARGETreal s. r. o.",Žilina
JuH_zZRV3ue,sale,house,200,unrenovated,"REALITY SPOLU",Bratislava
Juo44m6iiNj,sale,house,250,unrenovated,"RIEŠIME BÝVANIE",Bratislava
JuTTJWsaBgO,sale,house,240,"partially renovated","ETHOS reality, s. r. o.","Krásno nad Kysucou"
Ju56OOXxa00,sale,house,151,"under construction","FINREA - ak vám záleží na výsledku","Dolný Kubín"
JusG-CBmKRn,sale,house,103,unrenovated,"WFG reality, s.r.o.",Žilina
Ju-ovwkHGP4,sale,house,150,unrenovated,"Realitné kancelárie SR",Bratislava
Ju7tj2F-ptw,sale,house,NULL,unrenovated,"Reality ASTORIA, s.r.o.",Martin
JuWpJ-Sbi1l,sale,house,200,unrenovated,"1. Reality Rent, s.r.o.",Žilina
Ju9ruJn5dvg,sale,house,106,"new construction","Buby reality, s.r.o.",Žilina
Ju2peJN838G,sale,house,126,unrenovated,"Reality IQ, s.r.o.",Žilina
JuKxAN_EaMu,sale,house,290,"partially renovated","MGM reality",Žilina
Juc0OLvyRFq,sale,house,124,"new construction","TOCA, s.r.o. Realitná činnosť",Bytča
Ju3paQMk-CF,sale,house,180,unrenovated,"Realitné kancelárie SR",Bratislava
Ju1ogGmfwSn,sale,house,215,"new construction",NULL,NULL
JuG7o38qa_3q,sale,house,140,unrenovated,"Realitná kancelária DR, s.r.o.",Martin
JumEIr24W_g,sale,house,100,unrenovated,"Ing.Zuzana Paverová","Turčianske Teplice"
Juq9Pjjnp8z,sale,house,135,"new construction","ALT REAL, s.r.o.",Martin
JuXqO07RrTD,sale,house,70,"under construction","Reality MT s.r.o.",Martin
JuYcAohEk_m,sale,house,150,unrenovated,"PhDr. Miloš Kocúr - BKM Consulting",Skalité
JuT5ppNKCia,sale,house,270,unrenovated,"TRI LIPY, s. r. o.",Čadca
Ju-75DBwgfk,sale,house,90,unrenovated,"Reality D.P.A.",Martin
JureCrsruRg,sale,house,536,"partially renovated","TUreality s.r.o.",Žilina
JutHib1B1xR,sale,house,850,"partially renovated","TUreality s.r.o.",Žilina
JuB8NSIuUep,sale,house,190,unrenovated,"Realitná kancelária",Bratislava
Juw8ClGcgML,sale,house,280,"partially renovated","NajBývanie, s.r.o.",Ružomberok
Juue_okjXNw,sale,house,104,"new construction","ADH-REAL s.r.o. Hirjaková Adriana",Ovčiarsko
JugpipVmZe_,sale,house,110,unrenovated,"1. Reality Rent, s.r.o.",Žilina
JujzuFjr_sw,sale,house,170,unrenovated,"RESIDENCE realitná kancelária","Liptovský Mikuláš"
JuXTh3yHj3W,sale,house,200,unrenovated,"Reality MT s.r.o.",Martin
JuucJQK8h5P,sale,house,150,"partially renovated","HALO reality, s.r.o.",Prievidza
JupsrE6Y27i,sale,house,711,unrenovated,"Reality Alpia",Martin
Juf1-SHsN6y,sale,house,130,"new construction","OVERENÉ REALITY","Banská Bystrica"
JuEljZtEPoT,sale,house,84,"new construction","RS Mansory s.r.o.",Bratislava
Juxato9q4rN,sale,house,460,"new construction","Realitná kancelária RED, s.r.o.",Žilina
JuDQ5AS8LzC,sale,house,80,"new construction","Romantické Chalupy, s.r.o.",Bratislava
JusAHp2VimF,sale,house,180,"partially renovated","RESIDENCE realitná kancelária","Liptovský Mikuláš"
JuWdcFlgLA9,sale,house,103,"new construction","Realitná kancelária RED, s.r.o.",Žilina
JuSSMtgR56t,sale,house,238,"new construction","Real Estate Group4U","Považská Bystrica"
JuirYeDybOq,sale,house,NULL,"partially renovated",NULL,NULL
JuQ3jpCSPOt,sale,house,84,unrenovated,"NajBývanie, s.r.o.",Ružomberok
JuVHwGe_6K2,sale,house,177,"fully renovated","RES GROUP, s.r.o.",Žilina
Juyxeic3AFZ,sale,house,75,"partially renovated","HOLESTIAK.sk reality s.r.o.",Čadca
Ju5nlLB7ljN,sale,house,291,"partially renovated","Realitná kancelária RED, s.r.o.",Žilina
JuLfF3NK-DH,rent,house,104,"fully renovated","MGM reality",Žilina
Jup1g8TJ1Ud,sale,house,116,unrenovated,NULL,NULL
JuHXcrjjNm5,sale,house,238,unrenovated,"KARIN & PARTNERS, s.r.o.",Bratislava
JudSeGPXKHG,sale,house,160,"fully renovated","Ing. Marcela Pišteková",Turzovka
JuU3IYp6uhY,sale,house,87,unrenovated,"Ing.Zuzana Paverová","Turčianske Teplice"
JuobOWSlbyq,sale,house,563,"fully renovated","Realitná kancelária RED, s.r.o.",Žilina
Jup4EgHcPTP,sale,house,NULL,"partially renovated",NULL,NULL
Ju8g_PgmzSw,sale,house,60,unrenovated,"JPE. Reality - Jozef Pajer",Čadca
JuWoB6KY-Fv,sale,house,178,"under construction","TARGETreal s. r. o.",Žilina
Jujja8Oem9Ja,sale,house,400,"partially renovated","MGM reality",Žilina
JutFPWQnH3V,sale,house,494,"partially renovated","Reality Alpia",Martin
JuTPpgXbJM9,sale,house,166,"fully renovated","ŽILINAREAL, s.r.o.",Žilina
JuwlU3wQsXG,sale,house,134,"new construction","Realitné kancelárie SR",Bratislava
Ju_GJzZVy3l,sale,house,90,"fully renovated","1. Reality Rent, s.r.o.",Žilina
Ju2MLh38AzW,sale,house,340,"partially renovated","OVERENÉ REALITY","Banská Bystrica"
JujrHGAONfL,sale,house,200,"new construction","Buby reality, s.r.o.",Žilina
JuiBk9pN0nv,sale,house,220,"partially renovated","HOLESTIAK.sk reality s.r.o.",Čadca
JuqlrZXWQYv,sale,house,240,"partially renovated","Real Global",Bratislava
JuLD_F55WFh,sale,house,130,"partially renovated","JPE. Reality - Jozef Pajer",Čadca
JuQ_edW4pqG,sale,house,190,"partially renovated","StorkReal s. r. o.","Rajecká Lesná"
JuLIxD4sKGK,sale,house,80,unrenovated,"BeMi realitná kancelária",Nitra
JuFh6vU7_2A,sale,house,188,unrenovated,"TARGETreal s. r. o.",Žilina
JuLNoFvHJ5G,rent,house,143,"new construction","RESIDENCE realitná kancelária","Liptovský Mikuláš"
Juhkwp9VTaS,sale,house,190,"partially renovated","TUreality s.r.o.",Žilina
JusD2Dor1mJ,sale,house,280,"fully renovated","RK SPIRIT s.r.o.","Liptovský Mikuláš"
JuH3sZu4pdG,rent,house,100,"new construction","Reality ASTORIA, s.r.o.",Martin
Ju6xP8_FpVZ,sale,house,100,"fully renovated","BeMi realitná kancelária",Nitra
JuBfL7XLVQ9,sale,house,200,unrenovated,"Realitná kancelária DR, s.r.o.",Martin
JuKrQbUiYIO,sale,house,313,unrenovated,"RIEŠIME BÝVANIE",Bratislava
JudHzue4NhQ,sale,house,755,"partially renovated","TUreality s.r.o.",Žilina
JuHkAYV6JoA,sale,house,280,"partially renovated","GERT , s.r.o.","Liptovský Mikuláš"
JurDwbnUMLP,sale,house,347,unrenovated,"Reality Alpia",Martin
Ju3lxuv_5ktW,rent,house,80,"new construction","BeMi realitná kancelária",Nitra
Jugf4rDrfFo,sale,house,564,"partially renovated","MGM reality",Žilina
JuZoVvDAQMx,sale,house,170,unrenovated,"WFG reality, s.r.o.",Žilina
JujkenW1_dD,sale,house,85,"partially renovated","DOBRÉ REALITY s.r.o.",Prievidza
JulOG-brCZ9,sale,house,NULL,"new construction","HALO reality, s.r.o.",Prievidza
JuIIElHC0cU,sale,house,250,"fully renovated","1. Reality Rent, s.r.o.",Žilina
JuOwPTDIr94,sale,house,200,"partially renovated","RE/MAX Slovakia",Bratislava
Jug496eX3Gs,sale,house,240,unrenovated,"Real Reality Development s.r.o.",Martin
JuvykS9-KBJ0,sale,house,150,"under construction","DreamReality s.r.o.",Žilina
JuTIxLYmsaK,sale,house,400,"partially renovated","Reality Alpia",Martin
JuOddvSg_iO,sale,house,66,"new construction","1. Reality Rent, s.r.o.",Žilina
Ju_f1P774-u,sale,house,100,unrenovated,"ALT REAL, s.r.o.",Martin
JuLULBR692w,sale,house,70,unrenovated,"RS Mansory s.r.o.",Bratislava
Ju0LSKjfViu,sale,house,150,"fully renovated","B10 Slovensko, a. s.",Žilina
JuFJihogKZr,sale,house,134,"new construction","Reality Turiec s.r o.",Martin
Juw-GSUdmIG,sale,house,90,unrenovated,"Mgr. Nina Herčková, RSc.",Žilina
JujV2EHmiVM,sale,house,166,"fully renovated","Wealth Group, s.r.o.","Nová Dedinka"
Ju-hUCgY0a1,sale,house,190,"partially renovated","ROMDOM, s. r. o",Žilina
JuAF4QcTzrfs,sale,house,130,"partially renovated","Realitné kancelárie SR",Bratislava
Ju_WEW0Dt4l,sale,house,123,"new construction","RESIDENCE realitná kancelária","Liptovský Mikuláš"
Jucdr_EmdH7,sale,house,365,unrenovated,"DRR INVEST, s. r. o.","Horný Hričov"
Ju5C1H5Abo0,sale,house,134,unrenovated,"NajBývanie, s.r.o.",Ružomberok
Ju-cAw3rC7V,sale,house,40,unrenovated,"Romantické Chalupy, s.r.o.",Bratislava
JuRyz27itEW,sale,house,347,unrenovated,"Reality Alpia",Martin
JuPc1_kIcTs,sale,house,100,unrenovated,"RE/MAX Slovakia",Bratislava
JuJvW8l5-15,sale,house,220,"partially renovated","BeMi realitná kancelária",Nitra
Ju0Eh3sKXhb,sale,house,NULL,"fully renovated","Mgr. Silvia Lukáčová - RealPoint",Martin
JuwEY-XQ--d,sale,house,1141,"fully renovated","Reality Alpia",Martin
JujgHpJn1F3,rent,house,200,"partially renovated","REALITY TATRY",Levoča
JuCDqPuA034,sale,house,150,unrenovated,"RE/MAX Slovakia",Bratislava
JuhhjX7seSg,sale,house,181,"new construction","Reality IQ, s.r.o.",Žilina
Ju9MyQ5uKi3,sale,house,173,"new construction","AnoReal, s.r.o.",Stráňavy
JuOzT9FClFp,sale,house,300,unrenovated,"Like Reality s.r.o.","Považská Bystrica"
Ju1tXdldNyS,sale,house,115,"partially renovated",liptoreal,"Liptovský Mikuláš"
JuQ2hrgTY7r,sale,house,100,"fully renovated","Realitná kancelária RED, s.r.o.",Žilina
JuqU9D7znCx,sale,house,86,"new construction","RIEŠIME BÝVANIE",Bratislava
JuL3EMccaWT,sale,house,120,"new construction","Apollo House",Bratislava
Juo6QlN-W6H,sale,house,250,unrenovated,"1. Reality Rent, s.r.o.",Žilina
JuXXQno7cBY,sale,house,806,"partially renovated","TUreality s.r.o.",Žilina
Ju3zQ1Nh4jQ,sale,house,102,"new construction","Apollo House",Bratislava
Junzj9FwgBR,sale,house,110,"partially renovated",jabyvam.sk,"Liptovský Mikuláš"
JukPbMQp4vL,sale,house,55,"new construction","VAŠA REALITKA s.r.o.",Ružomberok
JukD8xcsDDl,sale,house,181,"partially renovated","REAL21 Invest-consult, s.r.o.","Považská Bystrica"
JurZyKShYtB,sale,house,240,"partially renovated","TUreality s.r.o.",Žilina
JuIgoGx2_v8,sale,house,180,"partially renovated","SLNOVRAT, s.r.o.",Olešná
JuwqZ5PtbUb,sale,house,180,"partially renovated","RE/MAX Slovakia",Bratislava
JuxW1O4IZfX,sale,house,100,unrenovated,"AstonReal s.r.o.","Banská Bystrica"
JuZCH4Z4GtW,rent,house,125,"fully renovated","Reality ASTORIA, s.r.o.",Martin
JuZfxEunNEv,sale,house,193,"under construction","Realitná kancelária",Bratislava
JudwE3rIvVz,sale,house,89,"under construction","SLNOVRAT, s.r.o.",Olešná
Ju7kXMAX0QT,sale,house,150,unrenovated,NULL,NULL
JupYywFi6D_,sale,house,102,"new construction","Real Estate Group4U","Považská Bystrica"
JuIGrD00dbC,sale,house,140,"partially renovated","TUreality s.r.o.",Žilina
JuV6E0eOThi,sale,house,NULL,unrenovated,"RECLOUD Reality a.s.",Bratislava
Jul4Dd3O9uR,sale,house,NULL,"partially renovated","LIF REAL",Martin
JuFvFbiV3nGH,sale,house,200,"partially renovated","PRIVAT Reality spol.s.r.o",Bratislava
JulkobtfeMA,sale,house,140,"fully renovated","RK SPIRIT s.r.o.","Liptovský Mikuláš"
JuILcPMYY3I,sale,house,320,unrenovated,"Reality IQ, s.r.o.",Žilina
Ju9prTXn5Xw,sale,house,NULL,unrenovated,"B10 Slovensko, a. s.",Žilina
JuOXuzHr_5v,sale,house,430,"partially renovated","1. Reality Rent, s.r.o.",Žilina
JugA13oDi48,sale,house,384,"under construction","Tribeca Group s. r. o",Žilina
JuboTIFLqNK,sale,house,106,"new construction","Buby reality, s.r.o.",Žilina
JuDKS0g6D3f,sale,house,125,"new construction","MGM reality",Žilina
JuJU1QTMNeE,sale,house,500,"partially renovated","Reality AK, spol. s r.o.",Martin
Ju4eYX0tWAV,sale,house,150,unrenovated,"PhDr. Miloš Kocúr - BKM Consulting",Skalité
Jud5gsaD9sR,sale,house,166,"partially renovated","HALO reality, s.r.o.",Prievidza
JuYDxLuRjG3,sale,house,328,"fully renovated","VAŠE REALITY s.r.o.",Trenčín
Juaq4WwW9vx,sale,house,130,"new construction","Reality ASTORIA, s.r.o.",Martin
JuOJxRj9DKw,sale,house,90,"under construction","TARGETreal s. r. o.",Žilina
JuMfU94cmO0,sale,house,NULL,unrenovated,"RECLOUD Reality a.s.",Bratislava
JuwiSGum6al,sale,house,143,unrenovated,"RS Mansory s.r.o.",Bratislava
JuDnu0rzPNR,sale,house,213,"partially renovated","RESIDENCE realitná kancelária","Liptovský Mikuláš"
JuJ4xyA2Mvr,sale,land,700,"partially renovated","RE/MAX Slovakia",Bratislava
JudYTXBsh4Y,sale,house,180,"new construction","RES GROUP, s.r.o.",Žilina
JupYVGV2PGl,sale,house,196,"fully renovated","Reality Alpia",Martin
JuDwofoMvZp,sale,house,1000,"partially renovated","TUreality s.r.o.",Žilina
JuqvJh14Wgu,sale,house,524,"partially renovated","Reality Alpia",Martin
JuF72cqi1ME,sale,house,359,unrenovated,"RIEŠIME BÝVANIE",Bratislava
JuT__REr8vI,sale,house,781,"partially renovated","Reality Alpia",Martin
JuORrTudHFM,sale,house,75,unrenovated,"REALITY SPOLU",Bratislava
Ju4BYb2OXbI,sale,house,967,"new construction","Reality Alpia",Martin
JuWoCIVD5v7,sale,house,163,unrenovated,"LICITOR group, a.s.",Žilina
JuP68rfpcZn,sale,house,551,"new construction","Buby reality, s.r.o.",Žilina
JuiBTU_jIjf,sale,house,166,"new construction","RES GROUP, s.r.o.",Žilina
JuEM42o9KEz,sale,house,195,"partially renovated","Mamud Reality s. r. o.",Žilina
JuBBhpjm8uU,sale,house,221,"new construction","MGM reality",Žilina
JuB-eq5YpsZ,sale,house,280,"partially renovated","RIEŠIME BÝVANIE",Bratislava
JugwkPLjiSd,sale,house,172,"partially renovated","KUBALA REALITY, s.r.o.",Čadca
JuWZZxteQ48,sale,house,290,"fully renovated","Vianema s.r.o.",Bratislava
JuvSq281jGh,sale,house,1969,"new construction","Reality Alpia",Martin
JuNOgX2BOnQ,sale,house,160,unrenovated,"Mgr. Renáta Kolenčíková",Nitra
Jui_ZoBED_0,sale,house,150,"partially renovated","WFG reality, s.r.o.",Žilina
JuJYdMwBoGD,sale,house,200,unrenovated,"GERT , s.r.o.","Liptovský Mikuláš"
Ju8_creUM11,sale,house,250,unrenovated,"Realitná kancelária",Bratislava
JuRsdZ8Jr2V,sale,house,101,"partially renovated","NajBývanie, s.r.o.",Ružomberok
JuCaZmfJRdP,sale,house,153,unrenovated,"NajBývanie, s.r.o.",Ružomberok
Ju4MXYA6Wg9,sale,house,106,"new construction","Real Estate Group4U","Považská Bystrica"
JuE3pQZRo1O,sale,house,150,"fully renovated","MGM reality",Žilina
JuAxDS1KQP8,sale,house,120,unrenovated,"Babony TRE s.r.o.",Bratislava
JuKYmK8mVw6,sale,house,230,"fully renovated","RIEŠIME BÝVANIE",Bratislava
Juvh3BjYac_,sale,house,97,"new construction","Realitné kancelárie SR",Bratislava
Ju5k47Z1Q5X,sale,house,232,"fully renovated",NULL,NULL
JunvCN2R0KwV,sale,house,698,unrenovated,"TUreality s.r.o.",Žilina
Jurd_8tAg0w,sale,house,84,"new construction","RS Mansory s.r.o.",Bratislava
Jugb1InFMah,sale,house,300,"partially renovated",jabyvam.sk,"Liptovský Mikuláš"
JuaFi1HiKe0,sale,house,130,"new construction","Bosen Group s.r.o.",Bratislava
JuMFo7ruEBZ,sale,house,186,unrenovated,"B10 Slovensko, a. s.",Žilina
JuX-ONSG7MW,sale,house,700,unrenovated,"TUreality s.r.o.",Žilina
Ju0kW7lOKRF,sale,house,306,"new construction",NULL,NULL
JuOaESnNFiy,sale,house,418,"new construction","R2 SK, s.r.o.",Žilina
JuYD8Gn0PV5,sale,house,NULL,"partially renovated","OVERENÉ REALITY","Banská Bystrica"
JuhLO-Heh52,sale,house,205,"under construction","MGM reality",Žilina
JuF7UnEWPwr,sale,house,100,unrenovated,"BeMi realitná kancelária",Nitra
JuWoA-3_Vhw,sale,house,1000,"partially renovated","TUreality s.r.o.",Žilina
JuagtPiMN9S,sale,house,400,"fully renovated","B10 Slovensko, a. s.",Žilina
JuG6_2wmBUe_,sale,house,270,"fully renovated","Realitné kancelárie SR",Bratislava
JuTJoEU1yhL,sale,house,500,"new construction","OVERENÉ REALITY","Banská Bystrica"
Jux1LioPBDR,sale,house,161,"fully renovated","B10 Slovensko, a. s.",Žilina
Ju1Zyt94p9m,sale,house,230,unrenovated,"RIEŠIME BÝVANIE",Bratislava
JuSFm2ck_qD,sale,house,200,unrenovated,"NajBývanie, s.r.o.",Ružomberok
JuRFzODyKkv,sale,house,90,unrenovated,"SLNOVRAT, s.r.o.",Olešná
Ju0haqvRmrK,sale,house,106,"new construction",NULL,NULL
JuR9KTBJMCB,sale,house,291,"partially renovated","Reality Alpia",Martin
Ju2Dvk7KVfE,sale,house,792,"fully renovated","Realitná kancelária",Bratislava
JuvNL72ZHI4,sale,house,70,"partially renovated","Bosen Group s.r.o.",Bratislava
JuUyJggM4z1,sale,house,110,"new construction","Realitná kancelária",Bratislava
JuR4pf3ePqS,sale,house,260,unrenovated,"1. Reality Rent, s.r.o.",Žilina
Jufy8CKURgq,sale,house,300,unrenovated,"TARGETreal s. r. o.",Žilina
Jul6ieKbYlp,sale,house,126,"new construction","MGM reality",Žilina
JuRRdB5MPo6,sale,house,95,"partially renovated","REALITY SPOLU",Bratislava
Juo6oycVN3c,sale,house,415,"fully renovated","R2 SK, s.r.o.",Žilina
Ju2VjIyIlVx,sale,house,120,"partially renovated","SLNOVRAT, s.r.o.",Olešná
Ju95SyJKFz2,sale,house,415,"fully renovated","R2 SK, s.r.o.",Žilina
JuxzSRLNzXu,sale,house,130,unrenovated,"REALITY SPOLU",Bratislava
JuLzQl1X89Z,sale,house,250,unrenovated,"ALT REAL, s.r.o.",Martin
JuKWyVNMM2k,sale,house,443,"partially renovated","Like Reality s.r.o.","Považská Bystrica"
Ju-Ov-V98je,sale,house,96,"new construction",NULL,NULL
JuGmc6FHo9t,sale,house,101,"new construction","Stanislav Motyčík - MK",Žilina
JuuHc7n3_6p,sale,house,1694,"partially renovated","Reality Alpia",Martin
JuAHK-zDu1n,sale,house,243,"new construction","Like Reality s.r.o.","Považská Bystrica"
JuNzCNAc9Wz,sale,house,68,"new construction","FINREA - ak vám záleží na výsledku","Dolný Kubín"
JupJ40WhVz4,sale,house,1,"partially renovated","TOCA, s.r.o. Realitná činnosť",Bytča
JuCH2kzzbIV,sale,house,360,unrenovated,"REAL21 Invest-consult, s.r.o.","Považská Bystrica"
JudaRDHzHMh,sale,house,100,unrenovated,"FINREA - ak vám záleží na výsledku","Dolný Kubín"
JuGJrcpb-9J,sale,house,40,unrenovated,"Wealth Group, s.r.o.","Nová Dedinka"
JuJ545cqJWH,sale,house,346,unrenovated,NULL,NULL
JuH4UL-NFsu,sale,house,276,"fully renovated","Reality ASTORIA, s.r.o.",Martin
JuPRgX9VgXE,sale,house,350,unrenovated,"Realitné kancelárie SR",Bratislava
Juk7YsiM63G,sale,house,170,"under construction","A-Byt Consult, s.r.o.",Ružomberok
Ju9WjpqJLA4,sale,house,70,unrenovated,jabyvam.sk,"Liptovský Mikuláš"
Ju7QPzGiQmY,sale,house,131,"new construction","Realitná kancelária RED, s.r.o.",Žilina
Jubs_Rgnyxf,sale,house,153,"partially renovated","AnReal s. r. o.",Mojš
JukbTdt_vUz,sale,house,105,unrenovated,"NajBývanie, s.r.o.",Ružomberok
Jul8ny-uWFg,sale,house,140,"partially renovated","TUreality s.r.o.",Žilina
JuPpsgs77n2,sale,house,115,"development project","Bosen Group s.r.o.",Bratislava
JuhnPs38z4P,sale,house,230,unrenovated,NULL,NULL
JuoVr-cpqoy,rent,house,72,"fully renovated","Reality Alpia",Martin
Jub4mmrjTfE,sale,house,85,"new construction","FINREA - ak vám záleží na výsledku","Dolný Kubín"
JuzY7TnxlPO,sale,house,160,"fully renovated","TUreality s.r.o.",Žilina
JuHri8JYCPm,sale,house,445,"partially renovated","TUreality s.r.o.",Žilina
Ju87PUjUkTd,rent,house,150,"new construction","Mamud Reality s. r. o.",Žilina
JupIfiIMuTQ,sale,house,425,"fully renovated","Reality Alpia",Martin
Juesp2zf3lY,rent,house,80,"new construction","SLNOVRAT, s.r.o.",Olešná
Ju43uV08_mz,sale,house,110,"new construction","Gro & Partners",Žilina
JumvXW6cFIn,sale,house,110,unrenovated,NULL,NULL
Juulf_xdqDW,sale,house,230,"fully renovated","RIEŠIME BÝVANIE",Bratislava
JupwP8lNDDm,sale,house,126,"under construction","ATP stavby s.r.o.","Teplička nad Váhom"
JuVzLEYHq9B,sale,house,300,"partially renovated","Nové bývanie",Nitra
JuSe-G6QpFq,sale,house,190,"fully renovated","AnoReal, s.r.o.",Stráňavy
JuIWDdc4brD,sale,house,723,unrenovated,"Direct Real, spol. s r.o.",Bratislava
Jui5kD-W6hC,sale,house,101,"partially renovated","HOLESTIAK.sk reality s.r.o.",Čadca
JuP8WIuTbXh,sale,house,150,"partially renovated","OREA, s.r.o.","Dolný Kubín"
Junzbld49fm,sale,house,92,"new construction","WFG reality, s.r.o.",Žilina
Ju0Cnj5HUET,sale,house,193,"under construction","Realitná kancelária",Bratislava
Jurqon-UYJo,sale,house,131,"fully renovated","HD reality group s.r.o","Banská Bystrica"
JuJo8q5h32F,sale,house,209,"new construction","TOCA, s.r.o. Realitná činnosť",Bytča
JuZJcyLSBEx,sale,house,90,"new construction","Piata Avenue",Žilina
JuyniXzYO6f,sale,house,300,"fully renovated",NULL,NULL
JuHn9lViGyf,sale,house,1,"partially renovated","LIF REAL",Martin
JuJuIHXfekH,sale,house,80,unrenovated,"Romantické Chalupy, s.r.o.",Bratislava
JulGQ6sAAqR,sale,house,141,unrenovated,"NajBývanie, s.r.o.",Ružomberok
JuaNEutdar9,sale,house,97,unrenovated,"TUreality s.r.o.",Žilina
Jum9sBowvy-,sale,house,130,unrenovated,"Reality Center, s.r.o.",Martin
Ju3IEZxl8sI,sale,house,207,"new construction","CPM Real Estate",Bratislava
Juz7ZSlTDXe,sale,house,270,"fully renovated","Realitné kancelárie SR",Bratislava
Ju6zOlWlIEn,sale,house,675,"partially renovated","TUreality s.r.o.",Žilina
JumYwG9N16J,rent,house,240,"new construction","Realitná kancelária RED, s.r.o.",Žilina
JumqO7twJWm,sale,house,734,"fully renovated","Reality Alpia",Martin
JuUDQggiASV,sale,house,125,"new construction","XEMAR realitná spoločnosť s.r.o.","Banská Bystrica"
JuWd2pCrRH_,sale,house,97,"fully renovated","Vianema s.r.o.",Bratislava
JuRSkMGH43Z,sale,house,792,"partially renovated","AstonReal s.r.o.","Banská Bystrica"
JuPV9PU2Pc2,sale,house,NULL,unrenovated,NULL,NULL
JuvpwpffhEi,sale,house,100,unrenovated,"Reality AK, spol. s r.o.",Martin
JuPH-vU7UCa,sale,house,168,"new construction","RK SPIRIT s.r.o.","Liptovský Mikuláš"
Ju4t5QuZmxI,sale,house,125,"new construction","MGM reality",Žilina
JuWqe9aFJtO,sale,house,120,"fully renovated","SLNOVRAT, s.r.o.",Olešná
Ju1u_LxXjv_,sale,house,204,unrenovated,"RK Dalmia s. r. o.","Dolný Kubín"
JuZH2c0UQaC,sale,house,120,unrenovated,"AstonReal s.r.o.","Banská Bystrica"
JuyMQUBcXpS,sale,house,450,"fully renovated","Piata Avenue",Žilina
JugYdPbrkJ-,sale,house,197,unrenovated,"Direct Real, spol. s r.o.",Bratislava
JuifoQkrLih,sale,house,192,"new construction","TARGETreal s. r. o.",Žilina
JueXjluFXOP,rent,house,177,"fully renovated","BeMi realitná kancelária",Nitra
JuZODJoLhj5,sale,house,NULL,"partially renovated","Wealth Group, s.r.o.","Nová Dedinka"
JuT_Z-uedyr,sale,house,312,"new construction","Reality ASTORIA, s.r.o.",Martin
JuVUBQ_BboU,sale,house,415,"partially renovated","Mamud Reality s. r. o.",Žilina
Juc6GgFARDk,sale,house,400,"partially renovated","Reality AK, spol. s r.o.",Martin
Ju99kiZ5_Lw,sale,house,120,"partially renovated","Realitná kancelária",Bratislava
Ju3g9Tmxsx0,sale,house,240,"partially renovated","TUreality s.r.o.",Žilina
Ju9bxb0AsZ-,rent,house,360,"partially renovated",NULL,NULL
Ju5WlUoNnF_,sale,house,150,unrenovated,"OVERENÉ REALITY","Banská Bystrica"
JuD5uzQaJoc,sale,house,164,"under construction","SLNOVRAT, s.r.o.",Olešná
Ju7YL1bOSxr,sale,house,122,"new construction","TARGETreal s. r. o.",Žilina
JuHIlnFxXM_,rent,house,152,"new construction","MGM reality",Žilina
Juq4naEVRo8,sale,house,200,"partially renovated","Romantické Chalupy, s.r.o.",Bratislava
Juucm8blLMb,sale,house,90,"partially renovated","FINREA - ak vám záleží na výsledku","Dolný Kubín"
JuLldceaNDG,sale,house,250,"partially renovated","AstonReal s.r.o.","Banská Bystrica"
JuUtmIZFvND,sale,house,160,unrenovated,"StorkReal s. r. o.","Rajecká Lesná"
Jux8MtDRHBs,sale,house,1272,"fully renovated","Reality Alpia",Martin
JutC-Cu36o8,sale,house,82,unrenovated,donidDevelop,"Dolný Kubín"
JuXWfmmUD8x,sale,house,NULL,unrenovated,"HALO reality, s.r.o.",Prievidza
Juv8BFemkVy,sale,house,97,"fully renovated","REALITY SPOLU",Bratislava
Jus17nMd2mT,sale,house,188,"new construction","Realitné kancelárie SR",Bratislava
JuDfYgIpdG6,sale,house,140,"partially renovated","REALITY FAIR","Banská Bystrica"
Jut1FKOGHsr,sale,house,406,unrenovated,"bezmaklérov, s.r.o.",Žilina
JuzL3Tg4FHZ,sale,house,142,"new construction","TARGETreal s. r. o.",Žilina
JuNjxGvR8-8K,sale,house,400,"new construction","Reality Center, s.r.o.",Martin
Ju03oBXaeQc,sale,house,130,"new construction","Bosen Group s.r.o.",Bratislava
JufhG56lKjf,sale,house,300,"partially renovated","DreamReality s.r.o.",Žilina
JuKqDyif0fX,sale,house,180,"new construction","PT-com s. r. o.","Banská Bystrica"
JuzDr69odLH,sale,house,301,"under construction","Realitné kancelárie SR",Bratislava
JuiqUvi14Ah,sale,house,170,"new construction","RK Dalmia s. r. o.","Dolný Kubín"
Jut7QcdjJY5,sale,house,200,unrenovated,"FISCHER & PARTNERS, s.r.o.",Ružomberok
JuwZ6NJ-dUG,sale,house,260,"new construction","Realitná kancelária",Bratislava
JuhPLsUvGvt,sale,house,50,"partially renovated","Reality IQ, s.r.o.",Žilina
JutBfnbUyCO,sale,house,224,"partially renovated","SLNOVRAT, s.r.o.",Olešná
Jui278_mFqV,sale,house,89,"under construction","Reality MT s.r.o.",Martin
Ju7H01GL5VL,sale,house,35,"new construction","TUreality s.r.o.",Žilina
JuGDOocgqAc,sale,house,536,"partially renovated","TUreality s.r.o.",Žilina
Ju93SZsV6kw,sale,house,347,unrenovated,"Reality Alpia",Martin
Jus8h9w72dE,sale,house,314,unrenovated,"YNI reality",Žilina
JumiXs0CTuk,sale,house,240,unrenovated,"RIEŠIME BÝVANIE",Bratislava
JudhYxOMjs-,sale,house,100,"partially renovated","B10 Slovensko, a. s.",Žilina
JuBupKbsyvd,sale,house,200,"fully renovated","AstonReal s.r.o.","Banská Bystrica"
JuRpz_IH6YR,sale,house,168,"new construction","Realitná kancelária",Bratislava
JuGOUcoOOnY,sale,house,602,"new construction","Realitné kancelárie SR",Bratislava
JuwFC0un5b_,sale,house,115,"under construction","Realitné kancelárie SR",Bratislava
JuZdGf3bWpL,sale,house,400,"fully renovated","B10 Slovensko, a. s.",Žilina
JuD3uZlGgpH,sale,house,284,"fully renovated","Reality Center, s.r.o.",Martin
JuudsKv8ZzL,sale,house,1280,"under construction","Reality Alpia",Martin
Ju6-QSVU-qk,sale,house,120,unrenovated,"ALT REAL, s.r.o.",Martin
JuHNF3pBoBi,sale,house,100,"under construction","TOCA, s.r.o. Realitná činnosť",Bytča
Jugcs0uLwc2,sale,house,220,"partially renovated","RE/MAX Slovakia",Bratislava
JuO9hxI47lb,sale,house,300,"partially renovated",Limaxreal,"Liptovský Mikuláš"
Juyo-JecQoZ,sale,house,800,unrenovated,"Reality Simply",Martin
JuvA5APODGz,sale,house,200,"partially renovated","FINREA - ak vám záleží na výsledku","Dolný Kubín"
JuNaVEIvSqO,sale,house,415,"new construction",NULL,NULL
JuC0hqQ5K-3,sale,house,500,"partially renovated","Reality Turiec s.r o.",Martin
JuNWUZoKon_,sale,house,182,"new construction","Realitné kancelárie SR",Bratislava
JuNIAiX-3DT,sale,house,100,"new construction","Realitná kancelária",Bratislava
JuKdkYrCkFc,sale,house,150,unrenovated,"Realitná kancelária RED, s.r.o.",Žilina
Ju1n1rQGodR,sale,house,220,"new construction","Reality Simply",Martin
Juv2G90qWzS,sale,house,400,"new construction","Reality Kopanice",Krajné
Ju5rRr5_rO4,sale,house,153,"new construction","Realitná kancelária RED, s.r.o.",Žilina
Ju9Ur37Ixsd,sale,house,240,"fully renovated","RIEŠIME BÝVANIE",Bratislava
JuQOZ5dK_ne,sale,house,195,"fully renovated","Reality BL, s.r.o.","Kysucké Nové Mesto"
Judy6S4RLDv,sale,house,300,"new construction","LIF REAL",Martin
Ju8hKWbYUWy,sale,house,210,"new construction","R2 SK, s.r.o.",Žilina
JuCptOdcKVJ,sale,house,240,"partially renovated",NULL,NULL
Ju7tnCJHH6a,sale,house,479,unrenovated,"TUreality s.r.o.",Žilina
JuqGAjkW2wB,sale,house,168,"under construction","RK SPIRIT s.r.o.","Liptovský Mikuláš"
Ju67L89jvFA,sale,house,190,"fully renovated",NULL,NULL
JuX-Od8Y1qK,sale,house,250,"fully renovated","ŽILINAREAL, s.r.o.",Žilina
JuFs-_Bf_af,sale,house,1,unrenovated,"TOCA, s.r.o. Realitná činnosť",Bytča
Ju4PmqrQDXe,sale,house,842,unrenovated,"Reality Alpia",Martin
JumZ3KaibB-,sale,house,250,unrenovated,"OREA, s.r.o.","Dolný Kubín"
JuNJQwnH7BK,sale,house,190,"under construction","NajBývanie, s.r.o.",Ružomberok
JuOxQMLskud,sale,house,112,"new construction","ETHOS reality, s. r. o.","Krásno nad Kysucou"
Juo53M0tI-p,sale,house,444,"fully renovated","B10 Slovensko, a. s.",Žilina
JuptDHkjOFq,sale,house,792,"partially renovated","AstonReal s.r.o.","Banská Bystrica"
Ju3J0qgjHl5,sale,house,55,"new construction","TUreality s.r.o.",Žilina
Ju2Gi9KH9b9,sale,house,428,"partially renovated","Reality Alpia",Martin
Juyu3gyyoUE,sale,house,215,"new construction","Realitná kancelária RED, s.r.o.",Žilina
Juci-VafLS1,sale,house,100,"fully renovated","B10 Slovensko, a. s.",Žilina
JulGanHAPf5,sale,house,734,"partially renovated","Reality Alpia",Martin
JuzJzITWl1v,sale,house,1,"partially renovated","TOCA, s.r.o. Realitná činnosť",Bytča
JuA5lCAmCxy,rent,house,140,"fully renovated","Piata Avenue",Žilina
JulcRSD3gjg,sale,house,1,unrenovated,"TOCA, s.r.o. Realitná činnosť",Bytča
JubBq7UdImI,sale,house,200,"fully renovated","BeMi realitná kancelária",Nitra
JuwqK7Dudy6,sale,house,NULL,"new construction",NULL,NULL
JuVDUmXCC0b,sale,house,NULL,"partially renovated","Ing. Jaroslav Minár JAVAS",Nitra
JuEGZyoSAd7,sale,house,300,"new construction","KRUPPKY, s.r.o.","Liptovský Mikuláš"
JuRPbrRONba,sale,house,168,"under construction",jabyvam.sk,"Liptovský Mikuláš"
Ju9IkfFOfMa,sale,house,120,"partially renovated","Realitná kancelária",Bratislava
JuFISMLdmc8,rent,house,90,"new construction",NULL,NULL
Ju9Oh18pKW-,sale,house,200,"new construction","Wealth Group, s.r.o.","Nová Dedinka"
Jul-5SUTLOW,sale,house,344,"partially renovated","Realitná kancelária",Bratislava
JuPKcjp9xEd,sale,house,200,"new construction","Financie a reality od A po Z",Martin
Ju1hmKLqP8g,sale,house,82,unrenovated,"OREA, s.r.o.","Dolný Kubín"
JunsD4FQ9fg,sale,house,371,"partially renovated","REALITY SPOLU",Bratislava
JunEHVtE89L,sale,house,348,"partially renovated","Reality ASTORIA, s.r.o.",Martin
JupOom9u70b,sale,house,592,unrenovated,"Reality Alpia",Martin
JuYzFawuXq5,sale,house,150,"fully renovated","Realitná kancelária RED, s.r.o.",Žilina
Ju0rAUqUjgL,sale,house,170,"partially renovated","RIEŠIME BÝVANIE",Bratislava
Ju30Zqi5n0z,sale,house,130,"under construction","Reality ASTORIA, s.r.o.",Martin
JuCHMAziUOL,sale,house,80,unrenovated,"Romantické Chalupy, s.r.o.",Bratislava
Ju9q0Byrbad,sale,house,177,"new construction","RE/MAX Slovakia",Bratislava
JudaUInUE_Q,rent,house,263,"new construction","OREA, s.r.o.","Dolný Kubín"
JuSpQ8TslIA,rent,house,1114,"new construction","Realitná kancelária RED, s.r.o.",Žilina
Juw56vbFeXZ,sale,house,290,"fully renovated",NULL,NULL
JudexsMMWLq,sale,house,1,"new construction","TOCA, s.r.o. Realitná činnosť",Bytča
JupsJLU23Ow,sale,house,80,unrenovated,"RE/MAX Slovakia",Bratislava
JuD0RMwirEa,sale,house,242,"fully renovated","RK SPIRIT s.r.o.","Liptovský Mikuláš"
JumwW8ylM2r,sale,house,110,"new construction","Real Estate Group4U","Považská Bystrica"
JuxTgYg_YqW,sale,house,370,"partially renovated","Vianema s.r.o.",Bratislava
Jui7jyAQtCR,sale,house,80,"new construction","Q REAL s.r.o.",Bratislava
JuU0HWFwzX3,sale,house,180,unrenovated,"Gro & Partners",Žilina
JuQnmh9T2iX,sale,house,132,unrenovated,"Vianema s.r.o.",Bratislava
JuVQq2TIIOM,sale,house,131,"new construction","ALT REAL, s.r.o.",Martin
JuHoYrf0eK_,sale,house,123,"fully renovated","TARGETreal s. r. o.",Žilina
Ju6--Y2X6T3,sale,house,260,"new construction","Realitná kancelária",Bratislava
JuOgzsSfPxy,sale,house,140,"partially renovated","LAWIS s.r.o.",Žilina
JuwkeSmHDEB,sale,house,110,"new construction","Real Reality Development s.r.o.",Martin
JuK5t-4VCJ4,sale,house,126,"new construction","MGM reality",Žilina
Ju6vaHOHcqi,sale,house,152,"fully renovated","TUreality s.r.o.",Žilina
JuR54DrWWfx,sale,land,1400,unrenovated,"RE/MAX Slovakia",Bratislava
Ju33SFzO_eU,sale,house,109,"partially renovated","Realitná kancelária RED, s.r.o.",Žilina
Ju9syh9ycRi,sale,house,100,unrenovated,"ALT REAL, s.r.o.",Martin
JudspgTQPox,sale,house,60,unrenovated,"Romantické Chalupy, s.r.o.",Bratislava
JuWRJBDqxZU,sale,house,86,"new construction","RIEŠIME BÝVANIE",Bratislava
JucU49przXp,sale,house,80,"partially renovated","Realitná kancelária RED, s.r.o.",Žilina
JuHloqFiiMy,sale,house,109,"new construction","IDEÁLNE BÝVANIE, s.r.o.",Žilina
JuMF2TBH415,sale,house,240,"fully renovated","1. Reality Rent, s.r.o.",Žilina
Juj5mPJZurA,sale,house,190,"partially renovated","OVERENÉ REALITY","Banská Bystrica"
Ju0MEaj2qZ5,sale,house,500,"new construction","TUreality s.r.o.",Žilina
JukV9h68kmJ,sale,house,879,"partially renovated","TUreality s.r.o.",Žilina
JurmJUyDt1Y,sale,house,250,unrenovated,"KRUPPKY, s.r.o.","Liptovský Mikuláš"
JuIUgSVHd_-,sale,house,797,"partially renovated","TUreality s.r.o.",Žilina
JuSpPsKRXfN,sale,house,150,"partially renovated","BeMi realitná kancelária",Nitra
JuNuINWKCa2,sale,house,274,"fully renovated","DreamReality s.r.o.",Žilina
JuElQR6VJXT,sale,house,221,"new construction","MGM reality",Žilina
JugpfnfthRi,sale,house,180,"fully renovated","ALT REAL, s.r.o.",Martin
Ju7u3ZsxEKq,rent,house,250,"fully renovated","Effecting s.r.o.",Bratislava
JuXgUKUYl2D,sale,house,200,"new construction","Wealth Group, s.r.o.","Nová Dedinka"
JunQKWe1VdC,sale,house,185,"new construction",NULL,NULL
JuBRCEsLH8a,sale,house,170,"partially renovated","JMB REALITY s.r.o.",Ľubietová
JunnoZAS6r4,sale,house,684,"fully renovated","TUreality s.r.o.",Žilina
JubDt8HjaHe,sale,house,160,unrenovated,"Safe reality s. r. o.",Žilina
JuezaaUAQTl,sale,house,700,unrenovated,"RE/MAX Slovakia",Bratislava
JuQDs3mKg8t,sale,house,173,"fully renovated","Reality Center, s.r.o.",Martin
JuLMYErMTc7,sale,house,232,"fully renovated","KORIJKOV & AGENTS",Košice
JucjxVVq04h,sale,house,150,"fully renovated","OVERENÉ REALITY","Banská Bystrica"
Juu8tQQ6S3G,sale,house,150,"new construction","Realitná kancelária DOM",Žilina
JumTdoXdYLm,sale,house,556,"new construction","TUreality s.r.o.",Žilina
JurRSzjWlL8,sale,house,431,"new construction","ALT REAL, s.r.o.",Martin
JuriX67hMEI,sale,house,150,"new construction","TARGETreal s. r. o.",Žilina
JuxO5mp6Vad,sale,house,240,"new construction","REALITY SPOLU",Bratislava
JuO-ay8jwWD,sale,house,200,"new construction","ALT REAL, s.r.o.",Martin
JuJID0tPHnq,sale,house,148,"new construction","Bosen Group s.r.o.",Bratislava
JuLBQXVqbdX,sale,house,80,"new construction","LEGEND realitná spoločnosť  s. r. o.","Nové Mesto nad Váhom"
Ju7eOmn6zgP,sale,house,260,"fully renovated","KING REAL s. r. o.",Prešov
JuZ8oOwqQdG,sale,house,250,"fully renovated","Realitná kancelária",Bratislava
Juw93jw-f31,sale,house,NULL,unrenovated,"U9, a.s.",Bratislava
JuARm8MK_Jy,sale,house,250,unrenovated,"RENOME REAL",Žilina
Jus9h_TYBDi,sale,house,808,unrenovated,"TUreality s.r.o.",Žilina
JuUZocInHXW,rent,house,90,"new construction",NULL,NULL
JuNTZT4Nroa,sale,house,250,"new construction","Realitná kancelária RED, s.r.o.",Žilina
JurxVAeUfVk,sale,house,200,unrenovated,"Realitné kancelárie SR",Bratislava
JuAaa-osCgW,sale,house,84,"partially renovated",NULL,NULL
Ju2kIhSkruG,sale,house,310,"partially renovated","HOLESTIAK.sk reality s.r.o.",Čadca
Ju4FJGWuX8K,sale,house,NULL,unrenovated,"BeMi realitná kancelária",Nitra
JuuW_lWTRhF,sale,house,102,"new construction","RESIDENCE realitná kancelária","Liptovský Mikuláš"
JuZWywKzXos,sale,house,105,"fully renovated","Safe reality s. r. o.",Žilina
JunnDHXXyHF,sale,house,1557,"partially renovated","TUreality s.r.o.",Žilina
JuehhqekRE3,sale,house,93,"new construction","TARGETreal s. r. o.",Žilina
JuUIjP7PegI,sale,house,87,"new construction","Realitné kancelárie SR",Bratislava
JueF3aQCPcy,sale,house,200,"new construction","OREA, s.r.o.","Dolný Kubín"
Jux6Z04Xzh-,sale,house,409,unrenovated,"RIEŠIME BÝVANIE",Bratislava
JudcWud0S5R,sale,house,429,"new construction","RE/MAX Slovakia",Bratislava
JuWsjVyvGYF,sale,house,515,"fully renovated","MGM reality",Žilina
Ju2Af8_9s5q,sale,house,148,"partially renovated","StorkReal s. r. o.","Rajecká Lesná"
JuXODWR0O8-,sale,house,300,unrenovated,"RE/MAX Slovakia",Bratislava
JuZIWdD4tzb,sale,house,200,"new construction","Wealth Group, s.r.o.","Nová Dedinka"
JuOZyO98HPQT,sale,house,90,unrenovated,NULL,NULL
JuPaAE99_20,sale,house,NULL,"new construction","RECLOUD Reality a.s.",Bratislava
JuRjiZLlPKY,sale,house,207,"new construction","Realitné kancelárie SR",Bratislava
JueEpOsUCTO,sale,house,100,unrenovated,"Reality ASTORIA, s.r.o.",Martin
JugQaDVNZYB,sale,house,110,unrenovated,"HOLESTIAK.sk reality s.r.o.",Čadca
Ju6B6hGeR8q,sale,house,200,"partially renovated","StorkReal s. r. o.","Rajecká Lesná"
JuLCVpKj44A,sale,house,236,"partially renovated","BALAŽI REAL ESTATE s.r.o.",Topoľčany
JuKaa51rOO4,sale,house,127,"new construction","RES GROUP, s.r.o.",Žilina
JuEn5otkiFX,sale,house,250,unrenovated,"ALT REAL, s.r.o.",Martin
JuzvCto22Um,sale,house,211,"partially renovated","HOLESTIAK.sk reality s.r.o.",Čadca
JuTP76BJSu5,sale,house,200,"partially renovated","B10 Slovensko, a. s.",Žilina
Juc0qnwekhj,sale,house,75,unrenovated,"R2 SK, s.r.o.",Žilina
JuaiG-4_MyI,sale,house,119,"fully renovated","DreamReality s.r.o.",Žilina
JuZHoBEOwFW,sale,house,250,"partially renovated","Safe reality s. r. o.",Žilina
JuPQ4qxicEp,sale,house,186,"new construction","REALITY SPOLU",Bratislava
Ju_z9MMC1dy,sale,house,123,"new construction","Effecting s.r.o.",Bratislava
Juqdw7QyPcz,sale,house,141,"fully renovated","RK SPIRIT s.r.o.","Liptovský Mikuláš"
JuDgbTTsbUm,sale,house,153,"fully renovated","Nestor Capital s.r.o.",Bratislava
JujrEA5_sFt,sale,house,230,unrenovated,"BeMi realitná kancelária",Nitra
JuN1DWMcWPA,sale,house,90,"new construction","Like Reality s.r.o.","Považská Bystrica"
Ju6pyYBIZG6,sale,house,100,"under construction","Ing. Jaroslav Minár JAVAS",Nitra
JuFMkd6Ft4u,sale,house,279,"new construction","Buby reality, s.r.o.",Žilina
Juq8C9WZ_ld,sale,house,40,"new construction","Vianema s.r.o.",Bratislava
JuBQnHxf835,sale,house,525,"partially renovated","RESIDENCE realitná kancelária","Liptovský Mikuláš"
JuUGbhQf4wL,sale,house,143,"new construction","Realitná kancelária RED, s.r.o.",Žilina
Ju9v343jGsQ,sale,house,80,unrenovated,"Romantické Chalupy, s.r.o.",Bratislava
JuLFmLF8PRr,sale,house,220,"partially renovated","JKV REAL",Prievidza
JuvaiQpricT,sale,house,178,"new construction","RS Mansory s.r.o.",Bratislava
JuBLiYfiieE,sale,house,200,"new construction","Realitná kancelária RED, s.r.o.",Žilina
Ju6JqIt-z8V,sale,house,70,unrenovated,"Realitná kancelária RED, s.r.o.",Žilina
Jub69pejgUi,sale,house,160,"partially renovated","Romantické Chalupy, s.r.o.",Bratislava
Ju6USQNI4A_,sale,house,200,"new construction","Realitná kancelária",Bratislava
Ju8oUNOWXin,sale,house,180,unrenovated,"X-REAL, s. r. o.",Žilina
JuK4J7tWBLU,sale,house,145,"new construction","ALT REAL, s.r.o.",Martin
Ju1OQAznjJC,sale,house,90,unrenovated,"AstonReal s.r.o.","Banská Bystrica"
JuXGC09hAid,sale,house,360,"new construction","RE/MAX Slovakia",Bratislava
Ju7Rv9aLBbf,sale,house,NULL,"under construction","RECLOUD Reality a.s.",Bratislava
Jur2iE4GKyv,sale,land,1134,NULL,"ALT REAL, s.r.o.",Martin
Ju5Ehcheq2v,sale,land,1550,NULL,"RIEŠIME BÝVANIE",Bratislava
JuhyQTsj1LU,sale,land,1122,NULL,"TARGETreal s. r. o.",Žilina
JuPp6sukGjm,sale,land,NULL,unrenovated,"MGM reality",Žilina
JuAINHKEpb9,sale,land,600,NULL,"Ing. Gerlinda Bérešová - Esti",Žilina
JubBzZv3CZ4,sale,land,628,NULL,"Realitné kancelárie SR",Bratislava
Jubyz8KHpaA,sale,land,500,NULL,donidDevelop,"Dolný Kubín"
JuWu8X5e0jn,sale,land,609,unrenovated,"Direct Real, spol. s r.o.",Bratislava
Ju5paSEB6Nv,sale,land,701,"new construction","RS Mansory s.r.o.",Bratislava
JuaCQD06zTh,sale,land,690,NULL,"ROSA reality","Kysucké Nové Mesto"
JuKYxcrrEwh,sale,land,995,NULL,NULL,NULL
JuJYKVSAq2k,sale,land,900,NULL,NULL,NULL
JusCOC7JYu5,sale,land,558,NULL,"NajBývanie, s.r.o.",Ružomberok
Juv5TkPsj9T,sale,land,2142,NULL,"Reality Center, s.r.o.",Martin
JuRufzqYfTo,sale,land,810,NULL,"Real Estate Group4U","Považská Bystrica"
JuB6HhfZSPN,sale,land,922,NULL,"WFG reality, s.r.o.",Žilina
JuNR7iOAWOb,sale,land,375,unrenovated,"AstonReal s.r.o.","Banská Bystrica"
JuNztztwtJj,sale,land,696,NULL,"ROMDOM, s. r. o",Žilina
JudgSom7ejT,sale,land,389,unrenovated,"Safe reality s. r. o.",Žilina
Ju98hXHMfyH,sale,land,398,NULL,"JPE. Reality - Jozef Pajer",Čadca
JuEJOqphXdZ,sale,land,1362,NULL,"ETHOS reality, s. r. o.","Krásno nad Kysucou"
Jul095-F2H-,sale,land,567,NULL,"ALT REAL, s.r.o.",Martin
JuPGYcuAlfl,sale,land,858,NULL,NULL,NULL
JuLNhT-3oNA,sale,land,454,NULL,"ADH-REAL s.r.o. Hirjaková Adriana",Ovčiarsko
Jus3WMnENIj,sale,land,583,NULL,"WFG reality, s.r.o.",Žilina
JuWnFD5OAUU,sale,land,1852,NULL,"RE/MAX Slovakia",Bratislava
Ju-0W9ug2Ol,sale,land,880,NULL,"SLNOVRAT, s.r.o.",Olešná
JuizzObcJTE,sale,land,1330,NULL,"Apollo House",Bratislava
JugrI7ZBfpT,sale,land,865,unrenovated,"1. Reality Rent, s.r.o.",Žilina
JuiwS-gpQB1,sale,land,2722,NULL,"B10 Slovensko, a. s.",Žilina
JujdYIr-c-p,sale,land,1283,NULL,NULL,NULL
JusoxTNDyJI,sale,land,407,NULL,NULL,NULL
Ju7_LrB_NNB,sale,land,1193,NULL,"BeMi realitná kancelária",Nitra
JufLDox5EGX,sale,land,1007,NULL,"GAMA Reality, s.r.o.",Bytča
Jux6EDO87ml,sale,land,1895,NULL,"HOLESTIAK.sk reality s.r.o.",Čadca
Judk1z1b1Nd,sale,land,656,unrenovated,"RECLOUD Reality a.s.",Bratislava
JuUiQvR03zd,sale,land,1800,NULL,"Stanislav Motyčík - MK",Žilina
JuYxVfR__Nx,sale,land,523,NULL,"HOLESTIAK.sk reality s.r.o.",Čadca
JuxusjEdK8z,sale,land,966,NULL,"LAWIS s.r.o.",Žilina
Juisb1V01uC,sale,land,733,"new construction","RS Mansory s.r.o.",Bratislava
Jur-h57QXWc,sale,land,830,NULL,"Georgi Conev",Žilina
Ju9rSU4gBpn,sale,land,471,NULL,"DRR INVEST, s. r. o.","Horný Hričov"
JuGKRtmsaxJ,sale,land,2618,unrenovated,"1. Reality Rent, s.r.o.",Žilina
Jurn7Tjk47J,sale,land,1100,NULL,"Real Estate Group4U","Považská Bystrica"
JuFdP62I-_O,sale,land,1872,NULL,NULL,NULL
JugjLuDjRtG,sale,land,808,NULL,"R2 SK, s.r.o.",Žilina
Ju9yYyvLM4S,sale,land,720,unrenovated,"AstonReal s.r.o.","Banská Bystrica"
JuEOlFJy7eI,sale,land,2714,NULL,"Realitná kancelária",Bratislava
Ju_3Vu8GkBj,sale,land,922,NULL,"YNI reality",Žilina
JuCdo9RybP_,sale,land,1783,NULL,"BeMi realitná kancelária",Nitra
JuQqb1Uylo_,sale,land,1003,NULL,"BALAŽI REAL ESTATE s.r.o.",Topoľčany
Juo4-ERrO5Y,sale,land,898,NULL,"BALAŽI REAL ESTATE s.r.o.",Topoľčany
JuqKis-FMaT,sale,land,580,NULL,NULL,NULL
Ju11TbSO8Lx,sale,land,NULL,"new construction","MGM reality",Žilina
Jumx1pcB1EA,sale,land,850,NULL,"Realitka pre každého",Žilina
Ju_om9GbVZa,sale,land,509,NULL,"ROMDOM, s. r. o",Žilina
JuDFkgbrvLz,sale,land,883,NULL,"RK Dalmia s. r. o.","Dolný Kubín"
JuWNBUmtL8H,sale,land,819,NULL,"Realitka pre každého",Žilina
JuI3WIo1gnr,sale,land,744,NULL,Envire,Bratislava
JuHPdbSyfw3,sale,land,4700,unrenovated,"XEMAR realitná spoločnosť s.r.o.","Banská Bystrica"
JummK5hE8Lr,sale,land,522,NULL,"DRR INVEST, s. r. o.","Horný Hričov"
Jue_IKSyNYA,sale,land,551,NULL,"JPE. Reality - Jozef Pajer",Čadca
Jufp6SmYJxs,sale,land,913,NULL,"LIF REAL",Martin
JuKcCOH5Bgu,sale,land,2160,NULL,"Realitné kancelárie SR",Bratislava
JuQXoAMiC5M,sale,land,3948,NULL,NULL,NULL
JujYYo9Qtpi,sale,land,3099,NULL,"TOCA, s.r.o. Realitná činnosť",Bytča
JuY_o0Hq1ua,sale,land,758,unrenovated,"Reality IQ, s.r.o.",Žilina
Ju9DTwAgiHG,sale,land,879,NULL,"RE/MAX Slovakia",Bratislava
JuARnh9cPNq,sale,land,930,NULL,"Realitné kancelárie SR",Bratislava
Ju_Khlvp1_L,sale,land,507,NULL,"NFA Group, s.r.o.","Žiar nad Hronom"
JuwYiWFslPL,sale,land,1090,NULL,"JMB REALITY s.r.o.",Ľubietová
Ju6_q9iLcH2,sale,land,2955,NULL,"DreamReality s.r.o.",Žilina
JuVeKcRGSvF,sale,land,793,NULL,"BALAŽI REAL ESTATE s.r.o.",Topoľčany
JuUUj1AEgQf,sale,land,1121,NULL,"RK Dalmia s. r. o.","Dolný Kubín"
JuAewW0gIjM,sale,land,640,"new construction","RS Mansory s.r.o.",Bratislava
JutgQ5gFNVe,sale,land,3598,unrenovated,"1. Reality Rent, s.r.o.",Žilina
Ju2DkJ0tL0r,sale,land,3500,NULL,"RK SPIRIT s.r.o.","Liptovský Mikuláš"
JusNOhzmA1cV,sale,land,500,NULL,"BeMi realitná kancelária",Nitra
Julm5UqUwbF,sale,land,297,unrenovated,"RADO Reality",Trenčín
JuoWIuSbW9f,sale,land,898,NULL,"BALAŽI REAL ESTATE s.r.o.",Topoľčany
Ju3DHGm3SX3,sale,land,650,NULL,"Real Estate Group4U","Považská Bystrica"
JujU-NvkZd5,sale,land,731,NULL,"BALAŽI REAL ESTATE s.r.o.",Topoľčany
JuuLvwvMnqi,sale,land,1072,NULL,"RK Dalmia s. r. o.","Dolný Kubín"
Ju7-tv2yvGe,sale,land,697,NULL,"Romantické Chalupy, s.r.o.",Bratislava
Ju2XjdxAKiA,sale,land,3225,NULL,"RE/MAX Slovakia",Bratislava
JuMA67ZT6Dj,sale,land,1205,NULL,"Realitné kancelárie SR",Bratislava
Ju5G02PfLPf,sale,land,1095,NULL,"ALT REAL, s.r.o.",Martin
Jurrvwf7__Y,sale,land,9735,unrenovated,"Reality AK, spol. s r.o.",Martin
JuxqyTwKPA7,sale,land,NULL,unrenovated,"MGM reality",Žilina
Ju3pFJiSu2s,sale,land,4234,NULL,"RK Dalmia s. r. o.","Dolný Kubín"
JupsaGq4wbB,sale,land,1537,NULL,"MartinTham s. r. o.",Bratislava
JusMGCS4uqf,sale,land,692,NULL,"Ing. Gerlinda Bérešová - Esti",Žilina
JuCWsWXxn1N,sale,land,645,NULL,"Delta Property s.r.o.",Poprad
Jus70LjxyN8,sale,land,679,NULL,"BeMi realitná kancelária",Nitra
JuWllUMOah9,sale,land,567,NULL,"DRR INVEST, s. r. o.","Horný Hričov"
JuZjAAYPCXKg,sale,land,1415,NULL,"OREA, s.r.o.","Dolný Kubín"
JulXTVjCmG0,sale,land,25000,unrenovated,"Reality AK, spol. s r.o.",Martin
JuRVHpRHSGQ,sale,land,636,NULL,"Like Reality s.r.o.","Považská Bystrica"
JumCABBKmrv,sale,land,1095,NULL,"Buby reality, s.r.o.",Žilina
JuyrQlq623r,sale,land,836,NULL,"Realitné kancelárie SR",Bratislava
JuHPJ-p52W2,sale,land,1665,NULL,"OVERENÉ REALITY","Banská Bystrica"
Ju7mSPUl1TY3,sale,land,1045,NULL,"RE/MAX Slovakia",Bratislava
Juarq9_UTUn,sale,land,746,"partially renovated","TUreality s.r.o.",Žilina
Jud1n40d-dn,sale,land,381,NULL,"B10 Slovensko, a. s.",Žilina
Ju2_HPkQ8s2,sale,land,762,NULL,"RE/MAX Slovakia",Bratislava
JuXDdV7DuGH,sale,land,883,NULL,"bezmaklérov, s.r.o.",Žilina
JuXGG7E_fDg,sale,land,1176,unrenovated,"AstonReal s.r.o.","Banská Bystrica"
Ju9QSsEf9gw,sale,land,800,unrenovated,"GRAVITAS a. s.",Bratislava
JuWNTIbPUJS,sale,land,27773,NULL,"Reality Alpia",Martin
Jue_9ALQet2b,sale,land,900,NULL,"B10 Slovensko, a. s.",Žilina
Jut36Rci3LJ,sale,land,NULL,unrenovated,"MGM reality",Žilina
JumDim2HAtJ,sale,land,922,NULL,"X-REAL, s. r. o.",Žilina
JuhJeiPLlID,sale,land,1468,NULL,"WFG reality, s.r.o.",Žilina
JuWSeZfgL-Y,sale,land,4525,NULL,"SCHNEIDER Real",Bratislava
Jub-7EwQ_Rho,sale,land,947,unrenovated,"AstonReal s.r.o.","Banská Bystrica"
Ju5nXGRiNlM,sale,land,5260,NULL,"BALAŽI REAL ESTATE s.r.o.",Topoľčany
Ju_bN-ewyhS,sale,land,1114,NULL,"AnReal s. r. o.",Mojš
JujRK5xYV79,sale,land,933,NULL,"RK Dalmia s. r. o.","Dolný Kubín"
JueuBN1Nu8x,sale,land,946,unrenovated,"XEMAR realitná spoločnosť s.r.o.","Banská Bystrica"
JudQL3RTdOS,sale,land,2836,NULL,"Realitné kancelárie SR",Bratislava
JuhckkiisBJp,sale,land,1502,NULL,"BeMi realitná kancelária",Nitra
Ju9e7LtrfAt,sale,land,1607,NULL,"DOBRÉ REALITY s.r.o.",Prievidza
Ju0yTvWbSXD,sale,land,1903,NULL,"BALAŽI REAL ESTATE s.r.o.",Topoľčany
JuhEf6udQZD,sale,land,NULL,NULL,"RES GROUP, s.r.o.",Žilina
JuaHyO1MbDH,sale,land,871,NULL,"BeMi realitná kancelária",Nitra
Ju6g_Z5mX7e,sale,land,1020,NULL,"RE/MAX Slovakia",Bratislava
JuLljn1aubH,sale,land,600,"new construction","Buby reality, s.r.o.",Žilina
JuU1wLvylPv,sale,land,400,NULL,"Realitné kancelárie SR",Bratislava
JunDvn09Q9U,sale,land,685,NULL,"AnReal s. r. o.",Mojš
JuDeXKjjRHY,sale,land,522,NULL,"Realitné kancelárie SR",Bratislava
JuDIbuwkSMQ,sale,land,1250,NULL,"Hulka REAL Plus s.r.o.",Bratislava
JuuPfKXcC_S,sale,land,1336,NULL,"SLNOVRAT, s.r.o.",Olešná
JulD1JVCqAd,sale,land,966,unrenovated,"RECLOUD Reality a.s.",Bratislava
JuQ2QYedCFa,sale,land,621,NULL,"Reality Now",Bratislava
JuMiM4qhAck,sale,land,600,NULL,"RES GROUP, s.r.o.",Žilina
JuJrQI4ug9X,sale,land,497,NULL,"RK Dalmia s. r. o.","Dolný Kubín"
JuriEZGWaqe,sale,land,3762,NULL,"OVERENÉ REALITY","Banská Bystrica"
JudrqxfcGTR,sale,land,863,NULL,"Nové bývanie",Nitra
JuJ6HTdPmEs,sale,land,NULL,"partially renovated","TUreality s.r.o.",Žilina
Ju_QlVk-YXH,sale,land,599,"new construction","RS Mansory s.r.o.",Bratislava
JuVff9I-9I0,sale,land,1014,NULL,"Reality D.P.A.",Martin
JuLjH4Ztr0P,sale,land,1657,NULL,"BeMi realitná kancelária",Nitra
JuBnZj34L44,sale,land,2873,NULL,"DRR INVEST, s. r. o.","Horný Hričov"
JuYMxTrMThn,sale,land,655,NULL,"BeMi realitná kancelária",Nitra
Juo26F3NF2G,sale,land,587,NULL,"Reality Alpia",Martin
Juc0JQaKZWu,sale,land,863,NULL,"BeMi realitná kancelária",Nitra
JuH2DC2P8Ud,sale,land,5473,NULL,"OREA, s.r.o.","Dolný Kubín"
JuVQ4EF1fqG,sale,land,560,NULL,NULL,NULL
Ju3Lr4SqXpm,sale,land,4377,unrenovated,"Reality AK, spol. s r.o.",Martin
JumOEZa9NyW,sale,land,819,unrenovated,"Direct Real, spol. s r.o.",Bratislava
JuoKzORdNaI,sale,land,1006,NULL,NULL,NULL
JuaXdatuUjs,sale,land,701,NULL,NULL,NULL
JudOJ7xWOxA,sale,land,1201,NULL,"Reality Alpia",Martin
Ju2UzK1gp3R,sale,land,1817,unrenovated,"1. Reality Rent, s.r.o.",Žilina
JunD1SrFXPT,sale,land,583,NULL,"BeMi realitná kancelária",Nitra
JuJTvvQyvPv,sale,land,1937,NULL,"TRI LIPY, s. r. o.",Čadca
JuUi2C1CE8-,sale,land,939,NULL,"SLNOVRAT, s.r.o.",Olešná
Jua5wAoApR5,sale,land,1487,NULL,"DreamReality s.r.o.",Žilina
Ju1rBpBDljg,sale,land,2270,NULL,"MAX PROFI REALITY",Martin
JuTZg0TY8JC,sale,land,2070,NULL,"OVERENÉ REALITY","Banská Bystrica"
JuzydWNY1w-,sale,land,1785,unrenovated,"1. Reality Rent, s.r.o.",Žilina
Jup4_5dTntt,sale,land,829,unrenovated,"Reality AK, spol. s r.o.",Martin
JucXhJ-7RIW,sale,land,2220,NULL,"RE/MAX Slovakia",Bratislava
JuPITfSI3H0,sale,land,2306,NULL,"SLNOVRAT, s.r.o.",Olešná
JuKVQligYhM,sale,land,418,"new construction","RS Mansory s.r.o.",Bratislava
Ju_nFFJjAlC,sale,land,471,NULL,"R2 SK, s.r.o.",Žilina
Juz77F3qzjt,sale,land,1487,NULL,"DreamReality s.r.o.",Žilina
JuGN-E0XFUo,sale,land,880,NULL,"RE/MAX Slovakia",Bratislava
JuNKPbY78gy,sale,land,1089,NULL,"AnoReal, s.r.o.",Stráňavy
Ju8tqbpzEho,sale,land,850,"partially renovated","TUreality s.r.o.",Žilina
JuWy3Av11B2,sale,land,2086,NULL,"BeMi realitná kancelária",Nitra
JuWpZopSoYC,sale,land,471,NULL,"TARGETreal s. r. o.",Žilina
JuI9ai4mRCA,sale,land,13790,NULL,"MAX PROFI REALITY",Martin
JuG7n8qbXvU,sale,land,550,NULL,"WFG reality, s.r.o.",Žilina
JulK1E26g9e,sale,land,1573,NULL,"HOLESTIAK.sk reality s.r.o.",Čadca
JunWOzEcRHK,sale,land,881,unrenovated,"1. Reality Rent, s.r.o.",Žilina
Ju9bTv_8--p,sale,land,1061,NULL,"ZAJO Reality, s.r.o.",Trenčín
JuEl39vdmi7,sale,land,642,NULL,"Gro & Partners",Žilina
Ju9T9motLi6,sale,land,652,NULL,"Mamud Reality s. r. o.",Žilina
Ju9IFe2gRus,sale,land,612,NULL,"BeMi realitná kancelária",Nitra
JulC2goTuDK,sale,land,416,NULL,"WFG reality, s.r.o.",Žilina
JufmowlUURT,sale,land,560,NULL,"HOLESTIAK.sk reality s.r.o.",Čadca
JujO5TgvXtG,sale,land,12000,NULL,NULL,NULL
Juidgw39ied,sale,land,NULL,"partially renovated","TUreality s.r.o.",Žilina
JueE0RaoId9,sale,land,350,NULL,"NFA Group, s.r.o.","Žiar nad Hronom"
JuOd8JFAh_B,sale,land,754,NULL,"Piata Avenue",Žilina
Ju8z5R1jfB3,sale,land,NULL,"partially renovated","TUreality s.r.o.",Žilina
Juu2KYnLJH8,sale,land,866,NULL,"TOCA, s.r.o. Realitná činnosť",Bytča
Jug6QXb2mr0,sale,land,5120,NULL,"bezmaklérov, s.r.o.",Žilina
JuUooEhgJl4,sale,land,1234,NULL,"TRI LIPY, s. r. o.",Čadca
Ju4d7oCmzgt,sale,land,1350,NULL,"SLNOVRAT, s.r.o.",Olešná
JuHSEHdVoIU,sale,land,500,NULL,"Reality MT s.r.o.",Martin
JurXAjyEx4Y,sale,land,2838,NULL,"Reality Center, s.r.o.",Martin
Jubn_BmVZq4,sale,land,679,"partially renovated","TUreality s.r.o.",Žilina
JuAYbMU687z,sale,land,1753,NULL,"bezmaklérov, s.r.o.",Žilina
Ju5AeA4FaTa,sale,land,736,NULL,"Mamud Reality s. r. o.",Žilina
Ju6BOs5U974,sale,land,1226,NULL,"WFG reality, s.r.o.",Žilina
JuLOTbilQnB,sale,land,925,NULL,"B10 Slovensko, a. s.",Žilina
JuQixUnoW4u,sale,land,3750,NULL,"Realitné kancelárie SR",Bratislava
JuIlHogl4wQ,sale,land,1900,NULL,"SLNOVRAT, s.r.o.",Olešná
Ju2i2SZUYUh,sale,land,448,NULL,"Reality D.P.A.",Martin
JuuE0IH089Q,sale,land,5260,NULL,"BALAŽI REAL ESTATE s.r.o.",Topoľčany
JuP4Qge949G,sale,land,2891,NULL,"AP REAL, s.r.o.",Bratislava
JuCxQUnpNN5,sale,land,18139,NULL,NULL,NULL
JuOoDP05xJ-,sale,land,969,NULL,"RE/MAX Slovakia",Bratislava
JujWzeAd4Mq,sale,land,600,NULL,"Piata Avenue",Žilina
JuhYAT13Gs1,sale,land,3653,NULL,"BALAŽI REAL ESTATE s.r.o.",Topoľčany
JuHoLMOAPyD,sale,land,634,NULL,NULL,NULL
JuvDIHl7nu4,sale,land,1039,NULL,"RES GROUP, s.r.o.",Žilina
JuW5XYXfIA2,sale,land,542,NULL,"BeMi realitná kancelária",Nitra
JufKEzTwdq8,sale,land,2367,NULL,"TRI LIPY, s. r. o.",Čadca
JuZ7zgc43wy,sale,land,586,NULL,"Reality Center, s.r.o.",Martin
JuG8w7lDdu46,sale,land,898,NULL,"BALAŽI REAL ESTATE s.r.o.",Topoľčany
JunGp6hRXR2,sale,land,963,unrenovated,"Reality IQ, s.r.o.",Žilina
JumKl3xs_Yl,sale,land,821,NULL,"Reality Center, s.r.o.",Martin
JuHRetqPaNB,sale,land,809,NULL,"OREA, s.r.o.","Dolný Kubín"
Judf0zzhq5f,sale,land,28826,NULL,"Realitné kancelárie SR",Bratislava
JuFovldbtlH,sale,land,1161,NULL,"bezmaklérov, s.r.o.",Žilina
JueyWGcCtCo,sale,land,857,NULL,"R2 SK, s.r.o.",Žilina
Ju16HqVho2l,sale,land,894,NULL,"RK Dalmia s. r. o.","Dolný Kubín"
Juxlwl0cqfI,sale,land,508,NULL,"BEŇO REALITY","Liptovský Mikuláš"
JuvwILxsaLE,sale,land,1666,NULL,"Realitné kancelárie SR",Bratislava
JuoEkan0OM3,sale,land,685,NULL,"OREA, s.r.o.","Dolný Kubín"
JuEX_l_3Eqg,sale,land,450,NULL,"BEŇO REALITY","Liptovský Mikuláš"
JuCmj-PgWTq,sale,land,1119,NULL,"WFG reality, s.r.o.",Žilina
JuASY12odtk,sale,land,3049,unrenovated,"Reality AK, spol. s r.o.",Martin
Ju-_lgQgjvC,sale,land,497,unrenovated,"Direct Real, spol. s r.o.",Bratislava
JueMz2TcIL-I,sale,land,1330,NULL,"Apollo House",Bratislava
JuIw5kl0QB9,sale,land,5514,unrenovated,"REALITY SPOLU",Bratislava
Ju0UqyDriGS,sale,land,1218,unrenovated,NULL,NULL
Jul7ugPXcvQ,sale,land,1498,NULL,"ALT REAL, s.r.o.",Martin
Ju4lACVtBvB,sale,land,1179,NULL,"TRI LIPY, s. r. o.",Čadca
JufBIzJWZ0T,sale,land,1027,NULL,"RIEŠIME BÝVANIE",Bratislava
JuJ0YMlVen2,sale,land,931,NULL,"OREA, s.r.o.","Dolný Kubín"
JuxIvOImC9j,sale,land,1394,NULL,"TOCA, s.r.o. Realitná činnosť",Bytča
JufCqQz59Ij,sale,land,815,NULL,"ŽILINAREAL, s.r.o.",Žilina
JuJGNURQ8kY,sale,land,850,NULL,"Realitné kancelárie SR",Bratislava
JuS3utLekJS,sale,land,1046,NULL,"ATP stavby s.r.o.","Teplička nad Váhom"
JushtsOsA5D,sale,land,1101,NULL,"Reality MT s.r.o.",Martin
JuPmsU7zgrG,sale,land,1039,unrenovated,"AstonReal s.r.o.","Banská Bystrica"
JumG3BQ732C,sale,land,542,NULL,"RIEŠIME BÝVANIE",Bratislava
JuY5ba5W_4i,sale,land,1600,NULL,"JMB REALITY s.r.o.",Ľubietová
JuzolLKcQyU,sale,land,667,NULL,donidDevelop,"Dolný Kubín"
JuLfvRq95qS,sale,land,NULL,NULL,"M&G, s.r.o.",Bratislava
JuBfaxcwUwF,sale,land,2091,NULL,"MAX PROFI REALITY",Martin
JuVv2XDLd9H,sale,land,866,"partially renovated","TUreality s.r.o.",Žilina
Ju3oEfAZYzP,sale,land,3062,NULL,NULL,NULL
JuMAMHXJq7S,sale,land,3759,NULL,"RESIDENCE realitná kancelária","Liptovský Mikuláš"
JuNaGXxLOzZ,sale,land,7699,NULL,"WFG reality, s.r.o.",Žilina
JuCjQgzupuY,sale,land,28826,NULL,NULL,NULL
JuhCsanvxln,sale,land,1783,NULL,"SLNOVRAT, s.r.o.",Olešná
JuqxH07lW-i,sale,land,2031,"new construction","RS Mansory s.r.o.",Bratislava
JuH12tFyQw2,sale,land,917,NULL,"AnoReal, s.r.o.",Stráňavy
JuEjJSCiW8Ze,sale,land,600,NULL,"JPE. Reality - Jozef Pajer",Čadca
JupXbR8DGJn,sale,land,629,NULL,"OREA, s.r.o.","Dolný Kubín"
JuMvZKQOSvd,sale,land,391,NULL,"SLNOVRAT, s.r.o.",Olešná
Ju1CjLHLW69,sale,land,7631,unrenovated,"Bosen Group s.r.o.",Bratislava
Ju22ZGBmO93,sale,land,2580,NULL,NULL,NULL
JuwTH_LMEMX,sale,land,473,NULL,"GERT , s.r.o.","Liptovský Mikuláš"
JufJ-j5ky3T,sale,land,500,unrenovated,"Safe reality s. r. o.",Žilina
JuPGBZu28Sz,sale,land,1401,NULL,"RE/MAX Slovakia",Bratislava
JuXRWhaK2fl,sale,land,25681,NULL,"Realitná kancelária",Bratislava
Jutyprw4Nso,sale,land,1394,NULL,"TOCA, s.r.o. Realitná činnosť",Bytča
JutjPZbTZEK,sale,land,2000,NULL,donidDevelop,"Dolný Kubín"
Juzs-YHkwHj,sale,land,1500,NULL,"LIF REAL",Martin
JupRRfszbzs,sale,land,1800,NULL,"Reality D.P.A.",Martin
JuiFvyOCpZO,sale,land,4637,NULL,"Realitné kancelárie SR",Bratislava
JuqfHhV7H4_,sale,land,558,NULL,"Georgi Conev",Žilina
JuhB5IsnAP3,sale,land,6047,NULL,"BALAŽI REAL ESTATE s.r.o.",Topoľčany
Ju4HZvYxEQL,sale,land,5473,NULL,NULL,NULL
JuR1Vqvk3FA,sale,land,807,NULL,"TARGETreal s. r. o.",Žilina
JuD-E2E_yvf,sale,land,846,NULL,"RIEŠIME BÝVANIE",Bratislava
JujqHk5Nsu-,sale,land,1011,NULL,"ETHOS reality, s. r. o.","Krásno nad Kysucou"
JumHegVgatu,sale,land,1108,NULL,"Real Reality Development s.r.o.",Martin
JuYSlKjn22V2,sale,land,16054,unrenovated,Urbanista,Bratislava
JuTN7hEMhfs,sale,land,961,NULL,"SLNOVRAT, s.r.o.",Olešná
Juo_LCQm7Zx,sale,land,1140,NULL,"YFE, s.r.o.",Žilina
JucfeqPEDUI,sale,land,1327,NULL,"TARGETreal s. r. o.",Žilina
JuyewzTZPFk,sale,land,917,NULL,"Renovo Reality",Žilina
Jug8evCrAgI,sale,land,561,NULL,"BeMi realitná kancelária",Nitra
JubfWlbtgdy,sale,land,1889,NULL,"RK4 REALITY",Bratislava
JuY9N1R47k4,sale,land,643,NULL,NULL,NULL
JuGtn_qttBC,sale,land,803,unrenovated,"Direct Real, spol. s r.o.",Bratislava
Ju26ASiELkU,sale,land,499,NULL,"Mamud Reality s. r. o.",Žilina
JuoYPByad-u,sale,land,1401,NULL,"RAI COMPANY s.r.o.","Banská Bystrica"
JueDQ4t8F1t,sale,land,NULL,unrenovated,"MGM reality",Žilina
JuJBjXorHPL,sale,land,NULL,"partially renovated","TUreality s.r.o.",Žilina
JugbHbksCr-,sale,land,3767,NULL,"TeEq Reality",Bratislava
JuRn13yIVnF,sale,land,895,NULL,"ŽILINAREAL, s.r.o.",Žilina
Ju67f0ZUF6a,sale,land,1339,NULL,"Realitné kancelárie SR",Bratislava
Jus7PkExcYQ,sale,land,1734,NULL,"AnoReal, s.r.o.",Stráňavy
JuuNE4PQz6D,sale,land,860,NULL,"RIEŠIME BÝVANIE",Bratislava
Ju1YLWtdCP4,sale,land,569,NULL,"RESIDENCE realitná kancelária","Liptovský Mikuláš"
Jul88RI0614,sale,land,947,unrenovated,"Direct Real, spol. s r.o.",Bratislava
Ju192g79OHm,sale,land,1984,NULL,"Reality Center, s.r.o.",Martin
JusbhL9UXOL,sale,land,1193,NULL,"SLNOVRAT, s.r.o.",Olešná
JuWIabvMs8m,sale,land,250,unrenovated,"1. Reality Rent, s.r.o.",Žilina
JukIKAnSuKC,sale,land,580,NULL,"Reality Alpia",Martin
JubUi5eOFbH,sale,land,660,NULL,"RE/MAX Slovakia",Bratislava
JupQ7ehcKIt,sale,land,810,NULL,"Real Estate Group4U","Považská Bystrica"
JuUn4gk-elR,sale,land,1097,NULL,"R2 SK, s.r.o.",Žilina
Ju7lj_P0z5e,sale,land,NULL,unrenovated,"MGM reality",Žilina
JufEhhRezN-,sale,land,1462,NULL,"RK VILLEA, s. r. o.","Dolný Kubín"
JuqQ2VY6uD-,sale,land,607,"new construction","RS Mansory s.r.o.",Bratislava
Ju97QEdz5sX,sale,land,1311,"new construction","RS Mansory s.r.o.",Bratislava
JubAI3EWquo,sale,land,2150,NULL,"M&G, s.r.o.",Bratislava
JutVFvRJpYd,sale,land,2364,NULL,"Realitné kancelárie SR",Bratislava
JutuKcNv2OP,sale,land,284,NULL,"Realitná kancelária",Bratislava
JuErvfknoQB,sale,land,898,NULL,"RK VILLEA, s. r. o.","Dolný Kubín"
JurzykGoa8Y,sale,land,507,NULL,"BeMi realitná kancelária",Nitra
JuTu2EKoaZM,sale,land,721,NULL,donidDevelop,"Dolný Kubín"
JuB1sJQkopm,sale,land,1005,"new construction","RS Mansory s.r.o.",Bratislava
JusK3lTtUjZ,sale,land,5861,NULL,"Realitné kancelárie SR",Bratislava
Ju6FhwnbvkK,sale,land,4181,NULL,"ŽILINAREAL, s.r.o.",Žilina
JuMHyeDGK2f,sale,land,481,NULL,"Realitné kancelárie SR",Bratislava
JubNHDCg93x,sale,land,1663,NULL,"RE/MAX Slovakia",Bratislava
JubzyQhnL5j,sale,land,10426,NULL,"RIEŠIME BÝVANIE",Bratislava
JuMFxRcxLzj,sale,land,542,NULL,"RIEŠIME BÝVANIE",Bratislava
JuMg-KktE1Q,sale,land,5893,NULL,"RE/MAX Slovakia",Bratislava
Jukt7sZSrva,sale,land,775,NULL,"TARGETreal s. r. o.",Žilina
JuLGf5aS3L1,sale,land,807,unrenovated,"1. Reality Rent, s.r.o.",Žilina
JuTUUGHEQpu,sale,land,11129,NULL,"BALAŽI REAL ESTATE s.r.o.",Topoľčany
JubI61zDvAA,sale,land,NULL,"development project","MGM reality",Žilina
JupXyVwksGj,sale,land,1500,NULL,"Reality BL, s.r.o.","Kysucké Nové Mesto"
JuzsaTgRy0A,sale,land,1193,unrenovated,"1. Reality Rent, s.r.o.",Žilina
JuqT9jZ4Nn0,sale,land,NULL,unrenovated,"Direct Real, spol. s r.o.",Bratislava
JuzowjqYdqV,sale,land,3590,NULL,"SLNOVRAT, s.r.o.",Olešná
Juw-BV-BqJp,sale,land,1222,NULL,"Realitné kancelárie SR",Bratislava
Ju2_2a_gc9I,sale,land,600,NULL,Limaxreal,"Liptovský Mikuláš"
Jus9HjYi9K6,sale,land,867,NULL,"Nové bývanie",Nitra
Ju-Vs-ZZEsP,sale,land,1906,NULL,"SLNOVRAT, s.r.o.",Olešná
JuypdHR9V5h,sale,land,1236,"new construction","RS Mansory s.r.o.",Bratislava
JuC5HWpBoue,sale,land,1670,NULL,"SLNOVRAT, s.r.o.",Olešná
JuTMeTjk733,sale,land,NULL,unrenovated,"MGM reality",Žilina
JuvBlvKpVOg,sale,land,828,NULL,jabyvam.sk,"Liptovský Mikuláš"
JuLSvBwv_I5,sale,land,759,"new construction","RS Mansory s.r.o.",Bratislava
Ju0KCQtbTTW,sale,land,6881,NULL,"BeMi realitná kancelária",Nitra
JuaPQ_8Etfd,sale,land,807,NULL,"Realitné kancelárie SR",Bratislava
Ju9G8aO6wQl,sale,land,4117,NULL,"RE/MAX Slovakia",Bratislava
JuY9JBEYXXO,sale,land,675,unrenovated,"1. Reality Rent, s.r.o.",Žilina
JuEr-eDWZ62,sale,land,334,NULL,"Reality Center, s.r.o.",Martin
JuuQurqTomT,sale,land,429,unrenovated,"AstonReal s.r.o.","Banská Bystrica"
JuXLA7wyDLl,sale,land,544,NULL,"Vianema s.r.o.",Bratislava
Ju1OJ87gVSa,sale,land,NULL,NULL,"X-REAL, s. r. o.",Žilina
JuaF9UiM3uR1,sale,land,501,NULL,"BeMi realitná kancelária",Nitra
Jui0b4gHHzV,sale,land,26420,unrenovated,"1. Reality Rent, s.r.o.",Žilina
Jua_BRtxi_0,sale,land,850,NULL,"Realitné kancelárie SR",Bratislava
Jud4Z0QIxb1B,sale,land,922,NULL,NULL,NULL
JumHCt0Er1_,sale,land,434,NULL,NULL,NULL
Ju6XcncfywZ,sale,land,1372,"new construction","RS Mansory s.r.o.",Bratislava
Ju6R4Oxuhvk,sale,land,1410,unrenovated,"1. Reality Rent, s.r.o.",Žilina
JuiJEU2gvVS,sale,land,1229,unrenovated,"1. Reality Rent, s.r.o.",Žilina
JuJIq68G1za,sale,land,11672,NULL,"BALAŽI REAL ESTATE s.r.o.",Topoľčany
Ju5OGHyG1_Y,sale,land,617,NULL,"HOLESTIAK.sk reality s.r.o.",Čadca
JupQvlRFk0k,sale,land,553,NULL,"StorkReal s. r. o.","Rajecká Lesná"
Ju2hmMFZQ4X,sale,land,447,NULL,NULL,NULL
Ju1-_Cu9mID,sale,land,NULL,NULL,"Reality Alpia",Martin
JuX4tTXYKir,sale,land,994,NULL,"SLNOVRAT, s.r.o.",Olešná
JuI4QwFHXkB,sale,land,2645,NULL,"RESIDENCE realitná kancelária","Liptovský Mikuláš"
Juw3LRApeaS,sale,land,812,NULL,"RES GROUP, s.r.o.",Žilina
JueC24ZQ1o3,sale,land,8000,unrenovated,"MGM reality",Žilina
Juh_NFZPlxN,sale,land,500,NULL,"PRIMA reality s.r.o.",Žilina
Ju_KMqj7vmd,sale,land,832,NULL,"Reality Center, s.r.o.",Martin
JujjYxzg2zO,sale,land,495,NULL,"Realitka pre každého",Žilina
JudcG-iBr32,sale,land,744,unrenovated,"Safe reality s. r. o.",Žilina
Jug0yKTQ2pn,sale,land,1350,NULL,"SLNOVRAT, s.r.o.",Olešná
JuveNCiurSC,sale,land,1173,NULL,"RK VILLEA, s. r. o.","Dolný Kubín"
JuMmLaRBnk-,sale,land,520,NULL,"Real Reality Development s.r.o.",Martin
JuAEEafI2yh,sale,land,682,NULL,"AnoReal, s.r.o.",Stráňavy
JuGEa5Szg2S,sale,land,904,NULL,"ELITE reality","Považská Bystrica"
JuldPobEyqZ,sale,land,664,NULL,"TARGETreal s. r. o.",Žilina
JuxUrTWen36,sale,land,NULL,unrenovated,"MGM reality",Žilina
JutHLS-i8Kk,sale,land,2955,NULL,"DreamReality s.r.o.",Žilina
JuFMSKsdInV,sale,land,1123,NULL,"Realitná kancelária",Bratislava
Ju266Dr49Ba,sale,land,1666,NULL,"BeMi realitná kancelária",Nitra
JubyLcoXkeA,sale,land,905,NULL,"bezmaklérov, s.r.o.",Žilina
JuDgMZQaDeJ,sale,land,1292,unrenovated,"1. Reality Rent, s.r.o.",Žilina
Juv8WDTsSPy,sale,land,707,unrenovated,"1. Reality Rent, s.r.o.",Žilina
Ju9noiJ3M5h,sale,land,1036,NULL,"BALAŽI REAL ESTATE s.r.o.",Topoľčany
JuPmyuLY0AU,sale,land,508,NULL,"Q REAL s.r.o.",Bratislava
JunJu6IyBiX,sale,land,2965,NULL,"TARGETreal s. r. o.",Žilina
JuhDFgB8Eya,sale,land,2061,unrenovated,"1. Reality Rent, s.r.o.",Žilina
Jukxm6yZ0hf6,sale,land,586,NULL,"BeMi realitná kancelária",Nitra
JuQnOzH4Mve,sale,land,NULL,unrenovated,"MGM reality",Žilina
JuO__97iq4d,sale,land,618,"new construction","RS Mansory s.r.o.",Bratislava
JukIX3v-4aJ,sale,land,859,unrenovated,NULL,NULL
Ju5L-boRlBV,sale,land,3800,NULL,"HALO reality, s.r.o.",Prievidza
JuxLDdGxofv,sale,land,3500,NULL,NULL,NULL
Jur27j-ejmc,sale,land,2850,NULL,"BALAŽI REAL ESTATE s.r.o.",Topoľčany
Juxv4BCWFjN,sale,land,574,NULL,"Realitné kancelárie SR",Bratislava
JuH2wdrPPMN,sale,land,903,NULL,NULL,NULL
JuoLQW0Li8l,sale,land,1023,NULL,"Realitka pre každého",Žilina
JuI-7Aiqe6M,sale,land,575,unrenovated,"Ing. Marcela Pišteková",Turzovka
Ju1V4Qfns7o,sale,land,2862,NULL,"OVERENÉ REALITY","Banská Bystrica"
JuApbqYiTwl,sale,land,1500,NULL,"Realitná kancelária",Bratislava
JuXs9XHVo90,sale,land,913,NULL,"Realitná kancelária",Bratislava
JuSvmhJEqG1,sale,land,1000,NULL,"FINREA - ak vám záleží na výsledku","Dolný Kubín"
JuYB0zOc7gD,sale,land,NULL,NULL,NULL,NULL
JuXWDVHuKu7,sale,land,1375,NULL,"B10 Slovensko, a. s.",Žilina
Jui1yUD8ZRT,sale,land,600,NULL,"SLNOVRAT, s.r.o.",Olešná
Ju8HOtKyMF8,sale,land,733,unrenovated,"Safe reality s. r. o.",Žilina
JuOZEwkJjt3,sale,land,538,NULL,"RK Dalmia s. r. o.","Dolný Kubín"
JukvtXQXqqN,sale,land,451,NULL,"Mgr. Nina Herčková, RSc.",Žilina
JuIyQ6FpRLK,sale,land,1156,NULL,"RK Dalmia s. r. o.","Dolný Kubín"
Ju1cmZVZL9p,sale,land,11129,NULL,"BALAŽI REAL ESTATE s.r.o.",Topoľčany
JuFjy1TVvsF,sale,land,2777,NULL,"B10 Slovensko, a. s.",Žilina
Ju_utm8DAV9,sale,land,1700,unrenovated,NULL,NULL
JuaoRgRgfTM,sale,land,2140,NULL,"B10 Slovensko, a. s.",Žilina
JuVIY0GAADR,sale,land,NULL,NULL,NULL,NULL
JuC0KIbI5oB,sale,land,1801,unrenovated,"1. Reality Rent, s.r.o.",Žilina
JuSc9mnlTNp,sale,land,350,NULL,"Q REAL s.r.o.",Bratislava
JuE8ApW_7eF,sale,land,960,NULL,"TRI LIPY, s. r. o.",Čadca
JuM_aepmWiE,sale,land,37067,NULL,"Svoboda&Williams Slovakia s.r.o.",Bratislava
JubvMgx0Xlu,sale,land,1122,NULL,"OREA, s.r.o.","Dolný Kubín"
JuCafss2FQP,sale,land,1729,NULL,"BIZNIS REALITY, s.r.o.",Bratislava
Ju3KUswXUz_,sale,land,2857,unrenovated,"RADO Reality",Trenčín
Jup8u-k4Epi,sale,land,2504,NULL,"bezmaklérov, s.r.o.",Žilina
JuMCxXCgucb,sale,land,11823,NULL,"RK SPIRIT s.r.o.","Liptovský Mikuláš"
Ju6EZukLTos,sale,land,6881,NULL,"SLNOVRAT, s.r.o.",Olešná
JufB0mJ4fBT,sale,land,723,unrenovated,"REALITY SPOLU",Bratislava
Ju0PCzCiNgB,sale,land,3860,NULL,"Buby reality, s.r.o.",Žilina
JuuPBY6Ot9Q,sale,land,710,NULL,"Reality Center, s.r.o.",Martin
Jut0tUa88wB,sale,land,727,NULL,"BeMi realitná kancelária",Nitra
JuXoUVcEWR0,sale,land,1235,NULL,"BeMi realitná kancelária",Nitra
Juz3m4uVQID,sale,land,1540,NULL,"FINREA - ak vám záleží na výsledku","Dolný Kubín"
JuD0_PFG0ni,sale,land,1186,NULL,"BV REAL PD, s.r.o.",Prievidza
JuNxdVDCwxP,sale,land,800,NULL,"RIEŠIME BÝVANIE",Bratislava
JuMd2LfAtcs,sale,land,2676,unrenovated,"1. Reality Rent, s.r.o.",Žilina
JurUF8OlH6u,sale,land,7000,NULL,"SLNOVRAT, s.r.o.",Olešná
JuKqcvokzbp,sale,land,1565,NULL,"Buby reality, s.r.o.",Žilina
Jufivg-_9rM,sale,land,888,NULL,"OREA, s.r.o.","Dolný Kubín"
JuT8srAbvDd,sale,land,NULL,"under construction","MGM reality",Žilina
JuiaMHS2a8S,sale,land,385,NULL,"SLNOVRAT, s.r.o.",Olešná
Juuliwtz_LA,sale,land,680,NULL,"Realitné kancelárie SR",Bratislava
Ju7kkzPHIc1,sale,land,1524,NULL,"Reality Alpia",Martin
Ju78oHKGop9R,sale,land,1437,"new construction","RS Mansory s.r.o.",Bratislava
JuFPPvDcbTI,sale,land,3062,NULL,liptoreal,"Liptovský Mikuláš"
Juhz-iIvfOR,sale,land,480,NULL,NULL,NULL
Jul34-9Uznd,sale,land,694,NULL,"Realitné kancelárie SR",Bratislava
Juz8n3k63O_,sale,land,13033,unrenovated,"Direct Real, spol. s r.o.",Bratislava
JuBCn0k3F8q,sale,land,1180,NULL,"RK SPIRIT s.r.o.","Liptovský Mikuláš"
JuPab66wdox,sale,land,1084,NULL,"RK Dalmia s. r. o.","Dolný Kubín"
JulxtEGlU-r,sale,land,800,unrenovated,"Reality AK, spol. s r.o.",Martin
JuGjdMCF3ve,sale,land,1443,NULL,"DreamReality s.r.o.",Žilina
JuywSKYexoR,sale,land,1559,NULL,NULL,NULL
Jujfy0BeWOa,sale,land,802,NULL,"Reality Alpia",Martin
JumyeY6xnwq,sale,land,440,NULL,"MS Alpex, k.s.",Bratislava
JulrIqN4RR6,sale,land,996,NULL,"RESIDENCE realitná kancelária","Liptovský Mikuláš"
JuLNEujfvDD,sale,land,649,NULL,"TARGETreal s. r. o.",Žilina
JuIvQC1jBvw,sale,land,546,NULL,"Ing.Tomáš Hudák",Šamorín
JuuH6wyOTi6,sale,land,451,NULL,"TOCA, s.r.o. Realitná činnosť",Bytča
JuR03LYWket,sale,land,2353,NULL,NULL,NULL
JujNQV7OCek,sale,land,500,NULL,"YFE, s.r.o.",Žilina
Jup9VNie0hE,sale,land,2518,NULL,"ŽILINAREAL, s.r.o.",Žilina
Juv0pBqllQb,sale,land,350,NULL,"TL Agentura s.r.o",Senec
JuUpsFDNSQ5,sale,land,550,NULL,"Reality Now",Bratislava
Ju_1RuhBfmB,sale,land,800,unrenovated,"Reality AK, spol. s r.o.",Martin
JuPvBOIDHAu,sale,land,25145,NULL,"OVERENÉ REALITY","Banská Bystrica"
JuI63s8eiN7,sale,land,660,"new construction","RS Mansory s.r.o.",Bratislava
JuO_8tOz9vO,sale,land,630,NULL,"ADH-REAL s.r.o. Hirjaková Adriana",Ovčiarsko
Ju_rYNBo_cl,sale,land,NULL,NULL,"Reality Alpia",Martin
JuCzxidULuR,sale,land,1118,unrenovated,"Safe reality s. r. o.",Žilina
JuCAQgOYAnl,sale,land,1000,NULL,"BeMi realitná kancelária",Nitra
JumgYXab6nd,sale,land,1000,NULL,"SLNOVRAT, s.r.o.",Olešná
Ju4qZolzI7i,sale,land,602,NULL,"Reality D.P.A.",Martin
JuMcJmeaUcO,sale,land,881,NULL,"OREA, s.r.o.","Dolný Kubín"
JuNitLYneeA,sale,land,669,NULL,"TRI LIPY, s. r. o.",Čadca
JuVw0hmTAno,sale,land,4906,NULL,"HALO reality, s.r.o.",Prievidza
JuFVNjbiRLu,sale,land,1599,NULL,"Reality Alpia",Martin
JuSTrxbH01x,sale,land,878,NULL,"B10 Slovensko, a. s.",Žilina
JuGnc9OXHGX,sale,land,888,NULL,"RES GROUP, s.r.o.",Žilina
Jus89N19pVi,sale,land,806,NULL,donidDevelop,"Dolný Kubín"
JuUCvHHqEXR,sale,land,1021,NULL,"ŽILINAREAL, s.r.o.",Žilina
JutSxfNRIvL,sale,land,1193,NULL,"TARGETreal s. r. o.",Žilina
Jugj8_j4hFt,sale,land,NULL,unrenovated,"MGM reality",Žilina
JuVy8PAIz5F,sale,land,4100,NULL,"Realitné kancelárie SR",Bratislava
Juy-u_8MLhRu,sale,land,657,NULL,"Reality D.P.A.",Martin
Ju-hAf6SLZe,sale,land,856,unrenovated,"RECLOUD Reality a.s.",Bratislava
Ju0xrW-pJiv,sale,land,1409,unrenovated,"Safe reality s. r. o.",Žilina
JuHEexV-ME8,sale,land,865,NULL,"Georgi Conev",Žilina
JuvqrgrxLUT,sale,land,1500,NULL,"WFG reality, s.r.o.",Žilina
JuvU5Bk6XNz,sale,land,500,NULL,NULL,NULL
JuawfvC1dso,sale,land,1940,NULL,"AP REAL, s.r.o.",Bratislava
JuujbPaHD-l,sale,land,1144,NULL,NULL,NULL
Ju2DjUagLIB,sale,land,2058,NULL,"RK SPIRIT s.r.o.","Liptovský Mikuláš"
Jud80emJ1h-,sale,land,1651,unrenovated,Maxareality,Prievidza
JuscYJe7Tsp,sale,land,625,NULL,"Realitné kancelárie SR",Bratislava
JuRN7oIh-bh,sale,land,12,"new construction","RS Mansory s.r.o.",Bratislava
JuYlSKGJKl6,sale,land,1500,NULL,donidDevelop,"Dolný Kubín"
JuueVyS2YYG,sale,land,2492,NULL,"Realitné kancelárie SR",Bratislava
JuPNAYZ0O8w,sale,land,622,NULL,"RIEŠIME BÝVANIE",Bratislava
Ju051T1JZ-l,sale,land,799,NULL,"Realitné kancelárie SR",Bratislava
JufVWTW_WTc,sale,land,3310,NULL,"BALAŽI REAL ESTATE s.r.o.",Topoľčany
JubU6tCkKGs,sale,land,674,NULL,"Kristína Čanády",Bratislava
JusGZR37Rrf,sale,land,493,NULL,"AnoReal, s.r.o.",Stráňavy
JuZCt8qZhH9,sale,land,1153,unrenovated,"1. Reality Rent, s.r.o.",Žilina
JumXY6voBY_,sale,land,431,NULL,"Eden Real estate, s.r.o.",Hlohovec
JuaTUWSOToW,sale,land,726,NULL,"BeMi realitná kancelária",Nitra
JuhsDIhlQ5j,sale,land,1268,NULL,"ŽILINAREAL, s.r.o.",Žilina
JumBIzQEPOK,sale,land,1095,NULL,"Reality Turiec s.r o.",Martin
JuJ6A83KPJ2,sale,land,640,NULL,"Renovo Reality",Žilina
Ju0Wth3fmJb,sale,land,481,NULL,liptoreal,"Liptovský Mikuláš"
Ju-yASPSDbI,sale,land,1283,NULL,"BIZNIS REALITY, s.r.o.",Bratislava
Ju7bdNS7Wbu,sale,land,1014,unrenovated,"RECLOUD Reality a.s.",Bratislava
JuFbQAoDlAy,sale,land,NULL,NULL,"Realitné kancelárie SR",Bratislava
JutmSdgoB8o,sale,land,800,NULL,"TARGETreal s. r. o.",Žilina
Ju-TgYUkwq0,sale,land,7699,NULL,NULL,NULL
JuzpdzmMNmY,sale,land,500,NULL,"Piata Avenue",Žilina
JuR5ionId5V,sale,land,1015,NULL,"ALT REAL, s.r.o.",Martin
JuSojlAQh6I,sale,land,518,NULL,"BeMi realitná kancelária",Nitra
JuJs7LAy2Ca,sale,land,1043,NULL,"TRI LIPY, s. r. o.",Čadca
JunsxT9D57Y,sale,land,871,NULL,"SLNOVRAT, s.r.o.",Olešná
JuyhzX_H2M6,sale,land,1383,NULL,"Realitná kancelária",Bratislava
JuFDWrhfI93,sale,land,NULL,NULL,"Reality Alpia",Martin
JuRGpe_vleW,sale,land,686,NULL,"Apollo House",Bratislava
JuOtIHsfVL7r,sale,land,5263,NULL,"Buby reality, s.r.o.",Žilina
JuIk-JMXLCM,sale,land,NULL,NULL,"Reality Alpia",Martin
JutkRgdiYBy,sale,land,1518,NULL,"OVERENÉ REALITY","Banská Bystrica"
Ju2owwvd0Ks,sale,land,1130,NULL,NULL,NULL
JuCvtDrSDpm,sale,land,554,NULL,"Effecting s.r.o.",Bratislava
Ju120_vTrodT,sale,land,518,NULL,"TARGETreal s. r. o.",Žilina
Juf2tcjNcp8,sale,land,723,NULL,"OVERENÉ REALITY","Banská Bystrica"
Juvljk31CAz,sale,land,2017,NULL,"RK Dalmia s. r. o.","Dolný Kubín"
JuzXf_udfUb,sale,land,344,NULL,NULL,NULL
JuTnhisKw2A,sale,land,2163,NULL,"AP REAL, s.r.o.",Bratislava
JuOs44Ibx4E,sale,land,856,NULL,"RE/MAX Slovakia",Bratislava
JuArm-RO0qx,sale,land,1648,NULL,"RESIDENCE realitná kancelária","Liptovský Mikuláš"
JuNwfzXAT-U,sale,land,1190,NULL,"LIF REAL",Martin
JuI1xGqBjgz,sale,land,572,NULL,"FINREA - ak vám záleží na výsledku","Dolný Kubín"
Jue9eL-lcIx,sale,land,703,NULL,"SLNOVRAT, s.r.o.",Olešná
JuaLB21Fxl_,sale,land,1608,NULL,"RK SPIRIT s.r.o.","Liptovský Mikuláš"
Ju2-GQn0P3G,sale,land,849,NULL,"MAX PROFI REALITY",Martin
JuIBgVzzEhH,sale,land,406,unrenovated,"1. Reality Rent, s.r.o.",Žilina
JuCe3m72ocp,sale,land,636,NULL,"ALT REAL, s.r.o.",Martin
Julifs4IZ1R,sale,land,550,unrenovated,"Reality AK, spol. s r.o.",Martin
JuIesZUseBj,sale,land,779,NULL,"Realitné kancelárie SR",Bratislava
JuPr2yDWLko,sale,land,676,NULL,"Realitné kancelárie SR",Bratislava
JuX4O4UZ7BH_,sale,land,2725,"partially renovated","TUreality s.r.o.",Žilina
JutBiDVPJVF,sale,land,437,NULL,"StorkReal s. r. o.","Rajecká Lesná"
Juo5DPi-NX1,sale,land,1330,NULL,"Apollo House",Bratislava
Juvu6M7-uvD,sale,land,1654,NULL,"WFG reality, s.r.o.",Žilina
JuePvBO4qUqh,sale,land,332,unrenovated,"MGM reality",Žilina
JuPJNYaejL9,sale,land,695,NULL,"WFG reality, s.r.o.",Žilina
JuqAOfMLMS5,sale,land,4444,NULL,"PSynchro RK31",Ružomberok
JusxvqCVQpI,sale,land,2873,NULL,"TOCA, s.r.o. Realitná činnosť",Bytča
JuvLnr4RMW3,sale,land,723,NULL,NULL,NULL
JuoQejBMBhm,sale,land,525,NULL,"FINREA - ak vám záleží na výsledku","Dolný Kubín"
JuOx6alhDY_,sale,land,1489,"partially renovated","TUreality s.r.o.",Žilina
JuIwevgorag,sale,land,642,NULL,"Reality D.P.A.",Martin
JuTkoqi-k1y,sale,land,686,NULL,"Apollo House",Bratislava
JuJ_jH0Ka-F,sale,land,1183,NULL,"RES GROUP, s.r.o.",Žilina
JuiAYjSrynL,sale,land,706,"new construction","RS Mansory s.r.o.",Bratislava
JuQX408bw8H,sale,land,655,unrenovated,"Bosen Group s.r.o.",Bratislava
Ju3teAVBtOxF,sale,land,20000,NULL,"GERT , s.r.o.","Liptovský Mikuláš"
JurgCKxDYu4,sale,land,NULL,unrenovated,"MGM reality",Žilina
JufImX742Ut,sale,land,434,unrenovated,"AstonReal s.r.o.","Banská Bystrica"
JuLYYDsAsCoc,sale,land,1181,unrenovated,"RECLOUD Reality a.s.",Bratislava
JuCdelRdGA1,sale,land,629,NULL,"Reality D.P.A.",Martin
Ju6jOmyHOzk,sale,land,NULL,NULL,"ŽILINAREAL, s.r.o.",Žilina
JuLQGD34QeZ,sale,land,NULL,NULL,"Reality Alpia",Martin
JuJ9RlquSBH,sale,land,637,NULL,"RK Dalmia s. r. o.","Dolný Kubín"
JuiHO4ziDsX,sale,land,491,NULL,"RESIDENCE realitná kancelária","Liptovský Mikuláš"
JuWsp-GzHhf,sale,land,993,NULL,"RESIDENCE realitná kancelária","Liptovský Mikuláš"
JunNzT26gJt,sale,land,760,NULL,"Realitka pre každého",Žilina
JuqRYP4Ii_m,sale,land,840,NULL,"ALT REAL, s.r.o.",Martin
JureB0xysPE,sale,land,454,NULL,"B10 Slovensko, a. s.",Žilina
JueabChri5n,sale,land,804,NULL,"TARGETreal s. r. o.",Žilina
JuO_g9A6a9wi,sale,land,700,NULL,NULL,NULL
Ju4ExXlTo3S,sale,land,2400,NULL,"Ing.Zuzana Paverová","Turčianske Teplice"
Ju5eolzpNXf,sale,land,2873,NULL,"ŽILINAREAL, s.r.o.",Žilina
Juovk415JFh,sale,land,1389,NULL,"Reality Alpia",Martin
Ju6amfxFDHs,sale,land,2870,"partially renovated","TUreality s.r.o.",Žilina
JuPvieB5wD8,sale,land,520,NULL,"AnReal s. r. o.",Mojš
JuE953fYUaJ,sale,land,1500,NULL,"Realitná kancelária",Bratislava
JuUwHBfeaJH,sale,land,1556,NULL,"ROSA reality","Kysucké Nové Mesto"
JulnuV6b4dq,sale,land,1795,NULL,"Real Reality Development s.r.o.",Martin
Julb8CQS_U3,sale,land,409,NULL,"Realitná kancelária",Bratislava
JuSuQFG8xu1,sale,land,1138,unrenovated,"1. Reality Rent, s.r.o.",Žilina
JuwNYa-6iOH,sale,land,2536,NULL,"BeMi realitná kancelária",Nitra
JuUlwzFbYFD,sale,land,NULL,NULL,NULL,NULL
JuJOjhQbYoo,sale,land,686,NULL,"Ing.Zuzana Paverová","Turčianske Teplice"
JuRzGNU0BD2,sale,land,19,unrenovated,"Direct Real, spol. s r.o.",Bratislava
Juk20aBZ0Ls,sale,land,859,NULL,"SLNOVRAT, s.r.o.",Olešná
Ju00kypR_p_,sale,land,851,NULL,"AnoReal, s.r.o.",Stráňavy
JuEWO1OepoK,sale,land,850,unrenovated,"Reality AK, spol. s r.o.",Martin
JutWL9k4SH-,sale,land,898,NULL,"RK Dalmia s. r. o.","Dolný Kubín"
JuwL0eI__3n8,sale,land,1037,NULL,"WFG reality, s.r.o.",Žilina
Ju7PRPwxRRPQ,sale,land,519,NULL,"BeMi realitná kancelária",Nitra
Ju7VNOVgGEX,sale,land,642,NULL,NULL,NULL
JuzcT2nMl5E,sale,land,1195,NULL,"Mamud Reality s. r. o.",Žilina
JutEPw1J-xD,sale,land,1586,NULL,"BeMi realitná kancelária",Nitra
JubLSsddj46,sale,land,9257,NULL,"1.BCR REAL ESTATE SLOVAKIA",Bratislava
JuMUzvKUv9i,sale,land,11672,NULL,"BALAŽI REAL ESTATE s.r.o.",Topoľčany
Ju2dDwgittj,sale,land,670,NULL,"Ing. Gerlinda Bérešová - Esti",Žilina
JuYCEnwkjLX,sale,land,1392,NULL,"TOCA, s.r.o. Realitná činnosť",Bytča
JulcGjr0HkD,sale,land,1700,NULL,"Piata Avenue",Žilina
JuVP0HZPxQP,sale,land,467,NULL,"SLNOVRAT, s.r.o.",Olešná
JuDxiaz2nPZ,sale,land,900,NULL,"M&G, s.r.o.",Bratislava
JuV3Yr0Tkt7,sale,land,1000,NULL,"Realitné kancelárie SR",Bratislava
Ju3lYLQgij-,sale,land,850,NULL,"HOLESTIAK.sk reality s.r.o.",Čadca
Ju7o2vN-Kj5,sale,land,949,NULL,"RES GROUP, s.r.o.",Žilina
JuYtpUq3Ljt,sale,land,710,NULL,"ALT REAL, s.r.o.",Martin
JuLF3n8V0u0,sale,land,1077,NULL,"DOBRÉ REALITY s.r.o.",Prievidza
Jua-87P0brZ,sale,land,5547,NULL,"M&G, s.r.o.",Bratislava
Judikv0pXVX,sale,land,600,NULL,"RK4 REALITY",Bratislava
JuQE6iaf57k,sale,land,859,"new construction","RS Mansory s.r.o.",Bratislava
JuZenYjsJ5j,sale,land,951,unrenovated,"Safe reality s. r. o.",Žilina
JunoJZqtPKv,sale,land,1027,NULL,"RIEŠIME BÝVANIE",Bratislava
JuFDHnuYFxT,sale,land,622,NULL,"RECOM, s.r.o.",Martin
JuCZD2XgLKU,sale,land,2414,unrenovated,NULL,NULL
JuB4oTBd8tj,sale,land,NULL,"new construction","MGM reality",Žilina
Ju6v5X2xr8N,sale,land,1139,NULL,"Ing. Gerlinda Bérešová - Esti",Žilina
JumpjkKxSdz,sale,land,3566,NULL,donidDevelop,"Dolný Kubín"
JuQ7vhVLfEg,sale,land,969,NULL,"RK Dalmia s. r. o.","Dolný Kubín"
JuvOhFg_IIq,sale,land,617,NULL,"Reality D.P.A.",Martin
JubkW3740OB,sale,land,1306,NULL,"RIEŠIME BÝVANIE",Bratislava
Ju8TvPJCfAu,sale,land,729,NULL,"HOLESTIAK.sk reality s.r.o.",Čadca
Jue0k_6k3BC,sale,land,1000,NULL,"Reality Turiec s.r o.",Martin
Juy9B79A4J4,sale,land,851,NULL,"Realitné kancelárie SR",Bratislava
Jufbp419kLn,sale,land,838,NULL,NULL,NULL
JuoM1a2vfjr,sale,land,961,unrenovated,"1. Reality Rent, s.r.o.",Žilina
JuCX6DjrhAx,sale,land,486,NULL,"Realitná kancelária",Bratislava
Ju3m-dUNJYI,sale,land,12891,NULL,"bezmaklérov, s.r.o.",Žilina
JuaWAXYq8CN,sale,land,7321,NULL,"B10 Slovensko, a. s.",Žilina
JuAOp73hEtJ,sale,land,5691,NULL,"TARGETreal s. r. o.",Žilina
Juml9ZbpWBM,sale,land,886,unrenovated,"MGM reality",Žilina
JuoqzBB_9Ic,sale,land,708,NULL,donidDevelop,"Dolný Kubín"
JuLeQIMuEoJ,sale,land,1460,NULL,"Vianema s.r.o.",Bratislava
JuvLJIIUOfY,sale,land,596,unrenovated,"Direct Real, spol. s r.o.",Bratislava
Ju3PLVbW63-,sale,land,1501,NULL,"FINREA - ak vám záleží na výsledku","Dolný Kubín"
Jup1kPgQpEa,sale,land,825,NULL,"BeMi realitná kancelária",Nitra
JuVYqJ0JX1k,sale,land,NULL,NULL,"Reality Alpia",Martin
JuOOdwBZpnq,sale,land,1132,NULL,"OREA, s.r.o.","Dolný Kubín"
JuFHiiWQjoz,sale,land,803,NULL,"StorkReal s. r. o.","Rajecká Lesná"
JuxCQhpzaPp,sale,land,823,NULL,"JMB REALITY s.r.o.",Ľubietová
Ju2vqxn_y5h,sale,land,3256,unrenovated,"1. Reality Rent, s.r.o.",Žilina
JuVQc2LdTTG,sale,land,1625,NULL,"FINREA - ak vám záleží na výsledku","Dolný Kubín"
JuUUpLR6AWM,sale,land,761,NULL,NULL,NULL
Juod5b-P5x2,sale,land,810,NULL,"Real Estate Group4U","Považská Bystrica"
Julqx-OsWd4,sale,land,2873,NULL,"TOCA, s.r.o. Realitná činnosť",Bytča
JuNDmq9QqWV,sale,land,628,NULL,"HALO reality, s.r.o.",Prievidza
JuAW0SJGZe9,sale,land,968,"new construction","RS Mansory s.r.o.",Bratislava
JuL1tbUXhpj,sale,land,889,NULL,"WFG reality, s.r.o.",Žilina
Ju55_tGfxfr,sale,land,1022,NULL,"KRUPPKY, s.r.o.","Liptovský Mikuláš"
Juv_OE5QhUq,sale,land,609,NULL,"EASY centrum bývania, s.r.o.",Žilina
Ju68Dykgvdc,sale,land,3095,"partially renovated","TUreality s.r.o.",Žilina
Ju8oY2HaCv1,sale,land,NULL,NULL,"Reality Alpia",Martin
JuRanZisa5Z,sale,land,NULL,unrenovated,"MGM reality",Žilina
Juu_JI3IbCE,rent,land,3300,"under construction","MGM reality",Žilina
Juz-5oPyoQW,sale,land,NULL,"development project","MGM reality",Žilina
Ju0UmYe9Px-,sale,land,3590,NULL,"BeMi realitná kancelária",Nitra
JuDwRiMatNB,sale,land,2269,NULL,"ALT REAL, s.r.o.",Martin
JugG3vyzxv0,sale,land,2285,NULL,"Reality Center, s.r.o.",Martin
Ju5LTX3e1H6,sale,land,403,NULL,"BeMi realitná kancelária",Nitra
JuMxwj9KkkZ,sale,land,11368,"new construction","RE/MAX Slovakia",Bratislava
JuicyD7lpub,sale,land,823,NULL,"EASY centrum bývania, s.r.o.",Žilina
JubcbkupV-K,sale,land,614,unrenovated,"Reality IQ, s.r.o.",Žilina
Ju4Q_gSlKhh,sale,land,NULL,NULL,"Realitné kancelárie SR",Bratislava
JuQ9QuExnST,sale,land,2884,NULL,"BALAŽI REAL ESTATE s.r.o.",Topoľčany
JuSwT_XLgPV,sale,land,20000,NULL,"PhDr. Miloš Kocúr - BKM Consulting",Skalité
JuD1-Yw-h6R,sale,land,550,NULL,NULL,NULL
JuDFS7ZcUKC,sale,land,781,NULL,"AP REAL, s.r.o.",Bratislava
JugiMieeEs_,sale,land,724,unrenovated,"RECLOUD Reality a.s.",Bratislava
JunYVarhNpk,sale,land,NULL,NULL,"Mgr. Renáta Kolenčíková",Nitra
JuOBPA2nCGL,sale,land,2268,NULL,"Realitná kancelária SYMPATIA REAL s. r. o.",Žilina
JuwNxJhCDfg,sale,land,1795,NULL,"TOCA, s.r.o. Realitná činnosť",Bytča
JuvQg4wxWiM,sale,land,1023,NULL,"Realitka pre každého",Žilina
JuVBbGfUDf1,sale,land,1364,NULL,"New Ways Reality&Financie",Poprad
JuOwj2nckB1,sale,land,490,NULL,"X-REAL, s. r. o.",Žilina
JulYy4ldFQa1,sale,land,500,unrenovated,"Safe reality s. r. o.",Žilina
JuflONHQOiV,sale,land,800,NULL,"ZRUBY RAJEC, s.r.o.",Rajec
JuvkGcZpCKL,sale,land,NULL,NULL,"BeMi realitná kancelária",Nitra
JutxQo51THJ,sale,land,828,NULL,"KUBALA REALITY, s.r.o.",Čadca
JuY_kixqoQW,sale,land,1595,NULL,"agreal.sk, spol. s r.o.",Bratislava
JuafO7D1C5y,sale,land,700,NULL,"BEŇO REALITY","Liptovský Mikuláš"
JuojulIxoMm,sale,land,1,unrenovated,"Direct Real, spol. s r.o.",Bratislava
Juk7ESYVk3r,sale,land,1208,NULL,"RK Dalmia s. r. o.","Dolný Kubín"
JuDPVSkdjbb,sale,land,1192,unrenovated,"Safe reality s. r. o.",Žilina
JuSMDjKsDMw,sale,land,1056,NULL,"TARGETreal s. r. o.",Žilina
JuK4j_sbxpH,sale,land,821,NULL,"StorkReal s. r. o.","Rajecká Lesná"
JuDu2MlXcTn,sale,land,NULL,unrenovated,"Direct Real, spol. s r.o.",Bratislava
JuvZDfX9h0j,sale,land,920,NULL,"HOLESTIAK.sk reality s.r.o.",Čadca
JufxtZp_N5P,sale,land,771,NULL,"HALO reality, s.r.o.",Prievidza
JuB8mFJnVT3,sale,land,516,NULL,"Reality ASTORIA, s.r.o.",Martin
JuNyZWoxw0A,sale,land,941,NULL,"TARGETreal s. r. o.",Žilina
Juu-qpDOYIv,sale,land,884,NULL,"Mamud Reality s. r. o.",Žilina
JuOPdmvhEwO,sale,land,507,NULL,"B10 Slovensko, a. s.",Žilina
JuJ2_wybbaK,sale,land,1000,NULL,"ETHOS reality, s. r. o.","Krásno nad Kysucou"
JueBhRnur92,sale,land,353,unrenovated,"1. Reality Rent, s.r.o.",Žilina
JuvVzNYO2xk,sale,land,376,unrenovated,"AstonReal s.r.o.","Banská Bystrica"
Ju_fVXnqYH3,sale,land,917,NULL,"WFG reality, s.r.o.",Žilina
Ju-SZF8QBN4,sale,land,533,NULL,"SLNOVRAT, s.r.o.",Olešná
JufBtLiGIPk,sale,land,2807,NULL,"BR ACADEMY, s. r. o.","Kysucké Nové Mesto"
JudMigoHhfK,sale,land,350,"partially renovated","TUreality s.r.o.",Žilina
JuWPMQs-4VM,sale,land,638,NULL,"Real Reality Development s.r.o.",Martin
JuR6b65HC4k,sale,land,507,unrenovated,"1. Reality Rent, s.r.o.",Žilina
JuzOGUk6m--,sale,land,6047,NULL,"BALAŽI REAL ESTATE s.r.o.",Topoľčany
JuGRHQWEm6t,sale,land,963,NULL,"Real Estate Group4U","Považská Bystrica"
JuxeTnNf4SA,sale,land,NULL,unrenovated,"MGM reality",Žilina
JuvbiaDUOpH,sale,land,738,"new construction","RS Mansory s.r.o.",Bratislava
JusTHrdS9S-,sale,land,913,NULL,"TRI LIPY, s. r. o.",Čadca
JuZHBvu_y5k,sale,land,1326,NULL,"T.S.reality, s.r.o.",Brno
JuFCukJYH3o,sale,land,8469,NULL,"OREA, s.r.o.","Dolný Kubín"
JufaT9ciPca,sale,land,590,unrenovated,G-REAL,"Liptovský Mikuláš"
JupbvvbWZFWc,sale,land,674,NULL,"RECOM, s.r.o.",Martin
JugYDWGaYrW,sale,land,834,"new construction","RS Mansory s.r.o.",Bratislava
JuTbm-HYgXk,sale,land,143,NULL,"SLNOVRAT, s.r.o.",Olešná
JujaAjDinmCV,sale,land,425,NULL,Limaxreal,"Liptovský Mikuláš"
JuwpErO1oQo,sale,land,695,NULL,"TARGETreal s. r. o.",Žilina
JuXyzVvMfD0,sale,land,13624,NULL,"OREA, s.r.o.","Dolný Kubín"
Jur2dnOd-h4,sale,land,2308,NULL,"SLNOVRAT, s.r.o.",Olešná
JuL88g5odPF,sale,land,1700,unrenovated,"1. Reality Rent, s.r.o.",Žilina
Ju9K2ce3tAr,sale,land,1562,NULL,"FINREA - ak vám záleží na výsledku","Dolný Kubín"
Ju-NDMj5LtQ,sale,land,959,NULL,NULL,NULL
JuUM9axhhyU,sale,land,1998,NULL,"Realitné kancelárie SR",Bratislava
JuAZ6fgfjuZ,sale,land,2778,NULL,"AnReal s. r. o.",Mojš
JucTCCPlXaR,sale,land,5469,NULL,"ŽILINAREAL, s.r.o.",Žilina
JuhoPxrS652,sale,land,26664,unrenovated,"REALITY SPOLU",Bratislava
Juvwo3yus2z,sale,land,693,"new construction","RS Mansory s.r.o.",Bratislava
Ju-MIVcElKG,sale,land,600,NULL,NULL,NULL
Ju_1W8VjrZV,sale,land,693,NULL,"BeMi realitná kancelária",Nitra
Ju4W-q9O29Z,sale,land,1199,NULL,"Vianema s.r.o.",Bratislava
Juw8Xkyweh9,sale,land,NULL,unrenovated,"MGM reality",Žilina
JuQ6qmIjohw,sale,land,937,NULL,"BeMi realitná kancelária",Nitra
JuN4Ko5MTcJ,sale,land,439,unrenovated,"Direct Real, spol. s r.o.",Bratislava
JusslN-MwRD,sale,land,864,unrenovated,"1. Reality Rent, s.r.o.",Žilina
JupMjKkwPeV,sale,land,1000,NULL,"Realitná kancelária",Bratislava
JutcLxhDE3o,sale,land,1301,NULL,"StorkReal s. r. o.","Rajecká Lesná"
JukIBS7GOVs,sale,land,7400,NULL,"Buby reality, s.r.o.",Žilina
JuAgx4tBYzv,sale,land,1784,unrenovated,"1. Reality Rent, s.r.o.",Žilina
JuDHH4NlCyqo,sale,land,568,unrenovated,"AstonReal s.r.o.","Banská Bystrica"
Jujch7drC6q,sale,land,510,NULL,"RE/MAX Slovakia",Bratislava
JusCy__yyRZ,sale,land,940,NULL,"Reality D.P.A.",Martin
JuW8aAxjxNx,sale,land,1872,NULL,liptoreal,"Liptovský Mikuláš"
JutdkjPNxRS,sale,land,690,NULL,"TARGETreal s. r. o.",Žilina
JuW_12z2Y4f,sale,land,933,NULL,"Reality Turiec s.r o.",Martin
Ju4g9YHwdlx,sale,land,1008,NULL,"StorkReal s. r. o.","Rajecká Lesná"
Ju4ms2VGYuHG,sale,land,3635,"new construction","RS Mansory s.r.o.",Bratislava
JuEpEk6fWjH,sale,land,573,"new construction","RS Mansory s.r.o.",Bratislava
JuxTRMglx-W,sale,land,2800,NULL,"BeMi realitná kancelária",Nitra
JuvJszhFBaP,sale,land,1881,NULL,"Real Reality Development s.r.o.",Martin
JuixgWiuI-g,sale,land,5183,NULL,"RE/MAX Slovakia",Bratislava
Judc1EdBcup,sale,land,NULL,NULL,"Reality Alpia",Martin
JudYr0kY49Z,sale,land,1015,NULL,"ALT REAL, s.r.o.",Martin
JuPbTvxxFti,sale,land,968,NULL,NULL,NULL
JutjlsqdjlN,sale,land,1005,NULL,"B10 Slovensko, a. s.",Žilina
Ju3PrO2eSPN,sale,land,3515,NULL,"ETHOS reality, s. r. o.","Krásno nad Kysucou"
Ju2NQev2SId,sale,land,22889,NULL,NULL,NULL
JuxYYBPBmey,sale,land,1036,NULL,"BALAŽI REAL ESTATE s.r.o.",Topoľčany
JutnFvbh17V,sale,land,1681,NULL,"RE/MAX Slovakia",Bratislava
JutbpFV_5ly,sale,land,800,unrenovated,"Reality AK, spol. s r.o.",Martin
JuscZOsY1gt,sale,land,648,unrenovated,"Safe reality s. r. o.",Žilina
JuDU5D47va2,sale,land,4014,NULL,"FINREA - ak vám záleží na výsledku","Dolný Kubín"
JuXhVixLVGG,sale,land,988,NULL,"Real Estate Group4U","Považská Bystrica"
JuLRr4cyAPf,sale,land,2091,unrenovated,"Reality IQ, s.r.o.",Žilina
Ju9cyC56Bl4,sale,land,3598,unrenovated,"1. Reality Rent, s.r.o.",Žilina
Ju7pU7Ouw32,sale,land,1193,unrenovated,"RECLOUD Reality a.s.",Bratislava
Ju9SYtrH9Xk,sale,land,510,NULL,"Realitná kancelária",Bratislava
Ju9A78TekYt,sale,land,628,NULL,"IDEÁLNE BÝVANIE, s.r.o.",Žilina
JuMK_ZB-5jG,sale,land,793,NULL,"Reality MT s.r.o.",Martin
Jutfm6VQ_-o,sale,land,NULL,"development project","MGM reality",Žilina
JuZeBBGEyyq,sale,land,721,NULL,"Reality D.P.A.",Martin
JuYoMQAxiBt,sale,land,405,NULL,"Real Estate Group4U","Považská Bystrica"
JuzTBHETb5G,sale,land,375,NULL,"Romantické Chalupy, s.r.o.",Bratislava
Ju_Srz9D_6-,sale,land,412,NULL,"Romantické Chalupy, s.r.o.",Bratislava
Ju7lkcp0j1X,sale,land,750,NULL,NULL,NULL
JuxrV_XvqkB,sale,land,2326,NULL,"House Real Žilina",Žilina
JuP8rlC8Xco,sale,land,488,NULL,"ATP stavby s.r.o.","Teplička nad Váhom"
Ju9EWCUTpfs,sale,land,2015,NULL,"KRUPPKY, s.r.o.","Liptovský Mikuláš"
JuEl_5mhIIG,sale,land,NULL,NULL,"Reality Alpia",Martin
JuYP7ILQfhI,sale,land,608,NULL,"Reality Alpia",Martin
JuGjSvB2SWb,sale,land,500,NULL,"B10 Slovensko, a. s.",Žilina
JufDqWof_NN,sale,land,1209,unrenovated,"1. Reality Rent, s.r.o.",Žilina
Juv3W5C4xtN_,sale,land,686,NULL,"Apollo House",Bratislava
JuYP_MCF9yI,sale,land,776,unrenovated,"1. Reality Rent, s.r.o.",Žilina
Ju2u6VZSsgd,sale,land,4100,NULL,"Realitné kancelárie SR",Bratislava
Juvdw9xd7yr,sale,land,808,NULL,"Realitné kancelárie SR",Bratislava
JufFFiGUtxN,sale,land,1729,NULL,"RESIDENCE realitná kancelária","Liptovský Mikuláš"
JuWpmO3Yrkb,sale,land,1010,NULL,"Reality D.P.A.",Martin
JuowzNUzni4,sale,land,1012,NULL,donidDevelop,"Dolný Kubín"
JuIGtLwLscT,sale,land,610,NULL,Limaxreal,"Liptovský Mikuláš"
JuPzrcI9eBw,sale,land,1322,NULL,"Realitné kancelárie SR",Bratislava
Ju40F3aMhkE,sale,land,500,NULL,"FISCHER & PARTNERS, s.r.o.",Ružomberok
Ju6ppfqXAjT,sale,land,778,NULL,"Realitné kancelárie SR",Bratislava
Ju3Z449GlG4T,sale,land,986,NULL,"Romantické Chalupy, s.r.o.",Bratislava
JurmiShq5P1,sale,land,5668,NULL,"BeMi realitná kancelária",Nitra
Ju4gSJihj6x,sale,land,789,NULL,"RE/MAX Slovakia",Bratislava
Ju059DbP17Y,sale,land,2414,unrenovated,"1. Reality Rent, s.r.o.",Žilina
Ju5Yf4qkhg3,sale,land,1041,NULL,"Like Reality s.r.o.","Považská Bystrica"
Ju_yHqt6C9a,sale,land,429,NULL,"BEŇO REALITY","Liptovský Mikuláš"
JuF30aynSVM,sale,land,NULL,unrenovated,"MGM reality",Žilina
JufsgjSWfFu,sale,land,NULL,NULL,"Reality Alpia",Martin
Junb65_vEvr,sale,land,1500,unrenovated,"Safe reality s. r. o.",Žilina
JupHBupprCN,sale,land,5203,NULL,"Vianema s.r.o.",Bratislava
JuiwnKuifVR,sale,land,9400,NULL,"RIEŠIME BÝVANIE",Bratislava
JuoouzvegJf,sale,land,758,NULL,"TARGETreal s. r. o.",Žilina
Ju8BkkuvGLX,sale,land,1235,NULL,"Real Estate Group4U","Považská Bystrica"
Ju4xxL085OL,sale,land,1612,NULL,"RE/MAX Slovakia",Bratislava
JuHjoC-ETw9,sale,land,658,NULL,"OVERENÉ REALITY","Banská Bystrica"
JucXLuegzy5,sale,land,635,"partially renovated","TUreality s.r.o.",Žilina
JuaD2PNZ2ay,sale,land,1830,unrenovated,"1. Reality Rent, s.r.o.",Žilina
JujKWinPkki,sale,land,431,NULL,"TRI LIPY, s. r. o.",Čadca
JueoLey_u82,sale,land,2069,NULL,"Eden Real estate, s.r.o.",Hlohovec
Ju_mTTZVoJx,sale,land,641,NULL,"DreamReality s.r.o.",Žilina
JuRt0myx8AI,sale,land,1037,unrenovated,"1. Reality Rent, s.r.o.",Žilina
JuxqXS7gyRr,sale,land,683,"new construction","RS Mansory s.r.o.",Bratislava
Juht1btctzZ,sale,land,730,NULL,"JPE. Reality - Jozef Pajer",Čadca
JuJf2fmgFtM,sale,land,1200,NULL,"REALITY SPOLU",Bratislava
JuVqVOpkjj1,sale,land,4662,NULL,"BALAŽI REAL ESTATE s.r.o.",Topoľčany
JuUl164inch,sale,land,827,unrenovated,"RECLOUD Reality a.s.",Bratislava
JuYIPkTCQff,sale,land,7154,NULL,"Realitné kancelárie SR",Bratislava
JuBBCee0nxo,sale,land,2828,NULL,"SLNOVRAT, s.r.o.",Olešná
JuuuoTcUpiv,sale,land,754,NULL,NULL,NULL
JuYADQBEJQK,sale,land,NULL,unrenovated,"MGM reality",Žilina
Ju0fo_oieoh,sale,land,1441,unrenovated,"RECLOUD Reality a.s.",Bratislava
JuPHlOJ8jWO,sale,land,618,NULL,"OREA, s.r.o.","Dolný Kubín"
JudmThIv8pi,sale,land,186,NULL,"Realitné kancelárie SR",Bratislava
JuWbfEDE4eQ,sale,land,971,NULL,"Reality ASTORIA, s.r.o.",Martin
JuSx0xp8txp,sale,land,2610,NULL,"Realitná kancelária",Bratislava
JuUy9icWXXx,sale,land,1473,unrenovated,"Direct Real, spol. s r.o.",Bratislava
Ju7Ywnw6_Bk,sale,land,488,NULL,"WFG reality, s.r.o.",Žilina
JurPtkmJGHM,sale,land,488,NULL,"StorkReal s. r. o.","Rajecká Lesná"
JutIg8nIDtY,sale,land,890,NULL,"B10 Slovensko, a. s.",Žilina
JuCc2IAocam,sale,land,NULL,NULL,"Realitné kancelárie SR",Bratislava
Ju7iSwFbAaJ,sale,land,1160,NULL,"RE/MAX Slovakia",Bratislava
JuUJvcqmSGz,sale,land,1190,NULL,"Realitná kancelária",Bratislava
JuHRIMSYVCE4,sale,land,3000,NULL,"HALO reality, s.r.o.",Prievidza
Ju93D7kxk57,sale,land,760,NULL,"HOLESTIAK.sk reality s.r.o.",Čadca
JurcJ2k2neE,sale,land,2419,NULL,NULL,NULL
JuiSfM5MiE3,sale,land,509,NULL,"Buby reality, s.r.o.",Žilina
JutLp8axckym,sale,land,2147,NULL,"Realitné kancelárie SR",Bratislava
JuCYY9E7vm0,sale,land,350,NULL,NULL,NULL
Jur4zTPDBjU,sale,land,968,NULL,"TARGETreal s. r. o.",Žilina
JuKoA0CHMAn,sale,land,NULL,unrenovated,"MGM reality",Žilina
JuHjqfxC4fX,sale,land,1409,NULL,"Mamud Reality s. r. o.",Žilina
Ju0N6saLXmx,sale,land,3400,NULL,"Slovak Estate s.r.o.",Bratislava
Ju8TQv-MjJF,sale,land,1158,NULL,"B10 Slovensko, a. s.",Žilina
JuaSPQ-WWc2,sale,land,747,NULL,"RIEŠIME BÝVANIE",Bratislava
Ju48Cz332dR,sale,land,1000,NULL,NULL,NULL
JuzjY-k3id9,sale,land,554,NULL,"Realitná kancelária",Bratislava
Ju7IL3wpb9W,sale,land,859,"new construction","RS Mansory s.r.o.",Bratislava
Ju5vA5Uv4Dw,sale,land,688,NULL,"TARGETreal s. r. o.",Žilina
JuKY6m4zwWy,sale,land,844,NULL,"ROMDOM, s. r. o",Žilina
Jul0O76BpGg,sale,land,1535,NULL,"TARGETreal s. r. o.",Žilina
Ju5YLNtCIvp,sale,land,1003,NULL,"BALAŽI REAL ESTATE s.r.o.",Topoľčany
JuGs0JNeT94,sale,land,3049,NULL,"TARGETreal s. r. o.",Žilina
JuJBQYv5uVc,sale,land,3653,NULL,"BALAŽI REAL ESTATE s.r.o.",Topoľčany
Ju0Lru91bls8,sale,land,5966,NULL,"MAX PROFI REALITY",Martin
JuJNd1CrfWJ,sale,land,2500,NULL,NULL,NULL
Ju3X3Wu7oZN,sale,land,500,unrenovated,"AstonReal s.r.o.","Banská Bystrica"
JufStanr4w4,sale,land,508,unrenovated,"Direct Real, spol. s r.o.",Bratislava
JuWr2D7Iu3W,sale,land,1748,NULL,"RE/MAX Slovakia",Bratislava
JujdKV83oGm,sale,land,1942,NULL,"Realitné kancelárie SR",Bratislava
JuTNX1DN12b,sale,land,859,unrenovated,"1. Reality Rent, s.r.o.",Žilina
JuEGNHbH38e,sale,land,823,NULL,"WFG reality, s.r.o.",Žilina
JuUul__8DQL,sale,land,2722,NULL,"Realitné kancelárie SR",Bratislava
Ju21Xr2V_AF,sale,land,809,"new construction","RS Mansory s.r.o.",Bratislava
JuWW4q9AnNy,sale,land,1283,NULL,"RESIDENCE realitná kancelária","Liptovský Mikuláš"
JuUxR9kCtc9,sale,land,1415,NULL,NULL,NULL
JuzEmUFhicY,sale,land,1052,"partially renovated","TUreality s.r.o.",Žilina
JucgwdqxbsLG,sale,land,2310,NULL,"bezmaklérov, s.r.o.",Žilina
Juo_OtW5DNn,sale,land,NULL,NULL,"RES GROUP, s.r.o.",Žilina
JuIxEHS21qj,sale,land,1031,NULL,"REALITY SPOLU",Bratislava
JudwIpu1_KR,sale,land,1000,NULL,"Real Reality Development s.r.o.",Martin
JutZ9u4w49X,sale,land,1481,NULL,"BeMi realitná kancelária",Nitra
Ju3gbFnsxzj,sale,land,1600,NULL,"TARGETreal s. r. o.",Žilina
Ju-AMIyF1en,sale,land,660,NULL,"Nové bývanie",Nitra
Juilp9keLdt,sale,land,1060,NULL,"BeMi realitná kancelária",Nitra
Ju5EqGDbrv9,sale,land,521,NULL,NULL,NULL
JuVnYv0MGhb,sale,land,917,NULL,"TARGETreal s. r. o.",Žilina
Ju0A5SWcXU0,sale,land,670,NULL,"Bosen Group s.r.o.",Bratislava
JunK6YyRJzr,sale,land,NULL,NULL,"Reality Alpia",Martin
Jus2h_zTLaE,sale,land,2714,NULL,"Vivid House s. r. o.",Bratislava
JuRDGTVaaYE,sale,land,2712,NULL,"RESIDENCE realitná kancelária","Liptovský Mikuláš"
JuaAqZtT-Nl,sale,land,1143,NULL,"Reality ASTORIA, s.r.o.",Martin
JuIZ-_6smXF,sale,land,863,unrenovated,"1. Reality Rent, s.r.o.",Žilina
Juuidu63ceb,sale,land,1026,NULL,NULL,NULL
Ju8fJuQfeqw,sale,land,4410,NULL,"ALT REAL, s.r.o.",Martin
JugKtMa2KWc,sale,land,2631,NULL,"AnoReal, s.r.o.",Stráňavy
JunMP_jTjvX,sale,land,1289,NULL,"WFG reality, s.r.o.",Žilina
JuMkkypcseP,sale,land,799,NULL,"Pro Real, s. r. o. realitná kancelária",Žilina
JuyZQBxrqQr,sale,land,600,NULL,"Realitná kancelária",Bratislava
JuhqDcjNAJB,sale,land,1930,NULL,"Reality Alpia",Martin
JuD52DaFWEx,sale,land,626,NULL,"Realitné kancelárie SR",Bratislava
JuwmLXW6GAr,sale,land,946,"partially renovated","TUreality s.r.o.",Žilina
JunZs7mX2Hr,sale,land,2700,NULL,"Realitné kancelárie SR",Bratislava
Jur0-m7ixLR,sale,land,1960,NULL,"GAMA Reality, s.r.o.",Bytča
JuIrw7O-EJl,sale,land,606,NULL,"HALO reality, s.r.o.",Prievidza
Ju4f4j-Yy0S,sale,land,633,NULL,"WFG reality, s.r.o.",Žilina
JuFl-uxAAfA,sale,land,1083,NULL,NULL,NULL
JujQDiA2uup,sale,land,353,unrenovated,NULL,NULL
JuaG4dc-Ff7B,sale,land,1635,NULL,NULL,NULL
Ju8Esr41W6Y,sale,land,466,NULL,"SLNOVRAT, s.r.o.",Olešná
Jud5jOQlY3b,sale,land,1355,NULL,"BeMi realitná kancelária",Nitra
JuY7QZv_rvd,sale,land,582,"partially renovated","TUreality s.r.o.",Žilina
JuS4rgPD6x3,sale,land,2458,NULL,"ROMDOM, s. r. o",Žilina
JufNsLwTyrG,sale,land,4181,NULL,"Piata Avenue",Žilina
JuCeJvEPD_0,sale,land,686,NULL,"Real Estate Group4U","Považská Bystrica"
JuDEvr7ONsp,sale,land,1593,"new construction","RS Mansory s.r.o.",Bratislava
JuGICOuIWEi,sale,land,1368,NULL,"BeMi realitná kancelária",Nitra
JuZOnWEYPFE,sale,land,12000,NULL,"OREA, s.r.o.","Dolný Kubín"
Juq3D1w-q7E,sale,land,1984,NULL,"Reality ASTORIA, s.r.o.",Martin
Juye6i7s5GK,sale,land,403,"new construction","RS Mansory s.r.o.",Bratislava
Ju_fnU9p20E,sale,land,6130,NULL,"Realitka pre každého",Žilina
JuWJNL9j7v1,sale,land,2176,NULL,"WFG reality, s.r.o.",Žilina
Ju0yrLUSkjq,sale,land,579,NULL,"HALO reality, s.r.o.",Prievidza
JubO9HcP4C7,sale,land,508,NULL,Limaxreal,"Liptovský Mikuláš"
JuyY6pWleh8,sale,land,668,NULL,"BALAŽI REAL ESTATE s.r.o.",Topoľčany
Ju2nlxPJxWn,sale,land,NULL,NULL,"PROXAM reality s.r.o.",Lučenec
JuTLgLBu59j,sale,land,669,NULL,"BeMi realitná kancelária",Nitra
JuzRwokuDbj,sale,land,866,NULL,"BeMi realitná kancelária",Nitra
JuWrE_LeVuk,sale,land,700,NULL,"Reality D.P.A.",Martin
JumZm9PSyYH,sale,land,630,NULL,"TOCA, s.r.o. Realitná činnosť",Bytča
JuG7FW7c5Gb,sale,land,1201,NULL,"TARGETreal s. r. o.",Žilina
JulIpxSm_gw,sale,land,750,NULL,"RES GROUP, s.r.o.",Žilina
Ju7tRkb4O1-,sale,land,2955,NULL,"DreamReality s.r.o.",Žilina
Ju9tw1vQmR0,sale,land,6047,NULL,"BALAŽI REAL ESTATE s.r.o.",Topoľčany
JuDqwwocInw,rent,land,860,NULL,"Reality MT s.r.o.",Martin
JuVPG71X4Wz,sale,land,679,NULL,"FISCHER & PARTNERS, s.r.o.",Ružomberok
Ju3qLGqmZKr,sale,land,4331,NULL,"RES GROUP, s.r.o.",Žilina
JuNiupBfJ_W,sale,land,1199,NULL,"Trioreality, s.r.o.",Čadca
JulHoywVWzv,sale,land,464,"new construction","RS Mansory s.r.o.",Bratislava
Ju81LTbk2gV,sale,land,660,NULL,"Real Estate Group4U","Považská Bystrica"
JuSu12c9sEn,sale,land,NULL,NULL,"Wealth Group, s.r.o.","Nová Dedinka"
