offer_id,agency,property_type,property_category,condition,location_district,location_area,agency_listings,district_listings,agency_price_m2,district_avg_price,price_index,area_price_index,area_category
JuSSppam0PC,"TATRA CITY RESIDENCE s. r. o.","1-room apartment",apartment,"new construction","okres Liptovský Mikuláš","Staré mesto",1,2,3949.04,3332.855000,0.1848820306,0.0192597764,average
JufbBHYx-coz,"AstonReal s.r.o.","1-room apartment",apartment,"new construction","okres Liptovský Mikuláš","Staré mesto",1,2,2716.67,3332.855000,-0.1848820306,0.0192597764,average
JusEglMU0v8,"HD reality group s.r.o","3-room apartment",apartment,unrenovated,"okres Martin",Jahodníky,1,3,2013.04,1887.360000,0.0665903696,0.0967590975,average
Ju-48631_aJ,"RK Dalmia s. r. o.","3-room apartment",apartment,unrenovated,"okres Dolný Kubín","Veľký Bysterec",1,2,2037.91,2057.415000,-0.0094803431,-0.0414252883,average
JuFpZug_t62,"TRI LIPY, s. r. o.","1-room apartment",apartment,"new construction","okres Kysucké Nové Mesto",Kamence,1,2,3770.97,3728.340000,0.0114340430,-0.0370425050,average
JuXnw8EKWYI,"RS Mansory s.r.o.","3-room apartment",apartment,"new construction","okres Žilina","Staré mesto",1,9,3376.34,3410.800000,-0.0101032016,0.2523570386,expensive
JuXcyij9eMf_,"Financial Hotels Management, s.r.o.","3-room apartment",apartment,"new construction","okres Žilina","Staré mesto",3,9,4302.34,3410.800000,0.2613873578,0.2523570386,expensive
JuV4el-7B8H,"Financial Hotels Management, s.r.o.","3-room apartment",apartment,"new construction","okres Žilina","Staré mesto",3,9,3463.69,3410.800000,0.0155066260,0.2523570386,expensive
JubD2pJKl5g,"Financial Hotels Management, s.r.o.","3-room apartment",apartment,"new construction","okres Žilina","Staré mesto",3,9,4979.18,3410.800000,0.4598276064,0.2523570386,expensive
JuUnWH-g8Yz,"Realitné kancelárie SR","3-room apartment",apartment,"new construction","okres Žilina","Staré mesto",1,9,2461.12,3410.800000,-0.2784332121,0.2523570386,expensive
Jus2f1I5Shb,"MGM reality","3-room apartment",apartment,"partially renovated","okres Žilina",Hliny,1,3,2426.47,2420.343333,0.0025313215,0.1148469549,expensive
JuFNpzHutiG,"TUreality s.r.o.","3-room apartment",apartment,"partially renovated","okres Žilina",Hliny,1,3,2569.23,2420.343333,0.0615146888,0.1148469549,expensive
JufYiP4E7Es,"ROMDOM, s. r. o","3-room apartment",apartment,"partially renovated","okres Žilina",Hliny,1,3,2265.33,2420.343333,-0.0640460099,0.1148469549,expensive
JuT7xzp7Ax-,AZUR.RE,"2-room apartment",apartment,"fully renovated","okres Martin",Stred,1,8,2313.88,2590.823750,-0.1068940911,0.1938109699,expensive
JuL3MT7o1WL,"Realitná kancelária","2-room apartment",apartment,"fully renovated","okres Martin",Stred,2,8,2331.67,2590.823750,-0.1000275492,0.1938109699,expensive
JuDJ_hnDscM,"Realitná kancelária","2-room apartment",apartment,"fully renovated","okres Martin",Stred,2,8,2331.67,2590.823750,-0.1000275492,0.1938109699,expensive
JuKkjtqN4VW,"RE/MAX Slovakia","2-room apartment",apartment,"fully renovated","okres Martin",Stred,3,8,3035.54,2590.823750,0.1716505223,0.1938109699,expensive
JuMBGx19jQm,"RE/MAX Slovakia","2-room apartment",apartment,"fully renovated","okres Martin",Stred,3,8,2727.09,2590.823750,0.0525957237,0.1938109699,expensive
Jubh97mv2uS,"RE/MAX Slovakia","2-room apartment",apartment,"fully renovated","okres Martin",Stred,3,8,2220.83,2590.823750,-0.1428093092,0.1938109699,expensive
JukCOBdi-HG,"RIEŠIME BÝVANIE","3-room apartment",apartment,"fully renovated","okres Žilina",Vlčince,1,5,2769.88,2883.514000,-0.0394081666,0.3903450643,expensive
JuSPwAqNDjb,"OREA, s.r.o.","2-room apartment",apartment,"new construction","okres Ružomberok",Hrabovo,1,3,4137.93,3702.066667,0.1177351388,-0.0751349586,average
JuC08OMa82u,"RIEŠIME BÝVANIE","4-room apartment",apartment,"new construction","okres Žilina",Hájik,1,3,2263.80,2623.350000,-0.1370575790,0.0543141680,average
Jupw1bQT1Jh,"Reinoo a.s.","3-room apartment",apartment,"new construction","okres Žilina",Vlčince,7,11,2946.01,3177.283636,-0.0727897357,0.3903450643,expensive
Jun_e5pu1kO,"Reinoo a.s.","3-room apartment",apartment,"new construction","okres Žilina",Vlčince,7,11,2928.24,3177.283636,-0.0783825634,0.3903450643,expensive
Ju35wiOj2hS,"Reinoo a.s.","3-room apartment",apartment,"new construction","okres Žilina",Vlčince,7,11,2872.24,3177.283636,-0.0960076817,0.3903450643,expensive
JueIY5hIK7c,"Reinoo a.s.","3-room apartment",apartment,"new construction","okres Žilina",Vlčince,7,11,3631.29,3177.283636,0.1428913550,0.3903450643,expensive
JuCKdo4C-vu,"Reinoo a.s.","3-room apartment",apartment,"new construction","okres Žilina",Vlčince,7,11,2951.36,3177.283636,-0.0711059074,0.3903450643,expensive
JuWNJll5MyrA,"Reinoo a.s.","3-room apartment",apartment,"new construction","okres Žilina",Vlčince,7,11,3210.29,3177.283636,0.0103882334,0.3903450643,expensive
JuzpWPdpylQ,"Reinoo a.s.","3-room apartment",apartment,"new construction","okres Žilina",Vlčince,7,11,2883.48,3177.283636,-0.0924700687,0.3903450643,expensive
JuT9LmGMkpW,jabyvam.sk,"holiday apartment",apartment,"new construction","okres Liptovský Mikuláš",Demänová,2,11,4540.91,4467.148182,0.0165120598,0.3687411694,expensive
JuKI6_CGWPh,jabyvam.sk,"holiday apartment",apartment,"new construction","okres Liptovský Mikuláš",Demänová,2,11,3996.00,4467.148182,-0.1054695664,0.3687411694,expensive
Jul7be3Lkz5,"RK SPIRIT s.r.o.","holiday apartment",apartment,"new construction","okres Liptovský Mikuláš",Demänová,3,11,4230.77,4467.148182,-0.0529147842,0.3687411694,expensive
JuP6qyzD4rb,"RK SPIRIT s.r.o.","holiday apartment",apartment,"new construction","okres Liptovský Mikuláš",Demänová,3,11,3997.50,4467.148182,-0.1051337817,0.3687411694,expensive
JuWV1dgtiBd,"Reality Alpia","holiday apartment",apartment,"new construction","okres Liptovský Mikuláš",Demänová,1,11,4841.63,4467.148182,0.0838301759,0.3687411694,expensive
JuQUQOdCbAJ,"Reality IQ, s.r.o.","4-room apartment",apartment,unrenovated,"okres Žilina","Staré mesto",1,4,1904.75,1740.945000,0.0940897042,0.2523570386,expensive
Judmv08qh2A,"RIEŠIME BÝVANIE","4-room apartment",apartment,unrenovated,"okres Žilina","Staré mesto",1,4,1416.67,1740.945000,-0.1862637820,0.2523570386,expensive
JuXRtZdfweI,"Reality Center, s.r.o.","4-room apartment",apartment,"partially renovated","okres Martin",Ľadoveň,1,2,2189.35,2269.375000,-0.0352630129,-0.0500191564,average
JuNZupA7Ru4,"ŽILINAREAL, s.r.o.","2-room apartment",apartment,"new construction","okres Žilina","Rajecké Teplice",2,5,3082.34,3298.330000,-0.0654846544,0.0507869344,average
JuOC5yzde-c,"ŽILINAREAL, s.r.o.","2-room apartment",apartment,"new construction","okres Žilina","Rajecké Teplice",2,5,3267.24,3298.330000,-0.0094259822,0.0507869344,average
JuUnD0myJmK,"Piata Avenue","2-room apartment",apartment,"partially renovated","okres Žilina",Hájik,1,3,2576.57,2900.353333,-0.1116358236,0.0543141680,average
JuIh9K2txJ3,"BeMi realitná kancelária","3-room apartment",apartment,"new construction","okres Námestovo",Zubrohlava,1,2,1455.00,2012.825000,-0.2771353694,-0.4719670082,cheap
Jub5nNi4yTF,"RIEŠIME BÝVANIE","2-room apartment",apartment,"partially renovated","okres Žilina",Vlčince,1,2,2887.10,2753.810000,0.0484020321,0.3903450643,expensive
JuRuuJuhfW8,"Like Reality s.r.o.","3-room apartment",apartment,"partially renovated","okres Martin","Horné Vrútky",2,6,1610.59,1730.700000,-0.0693996649,-0.1079089088,average
JuzmSjYalDj,"Like Reality s.r.o.","3-room apartment",apartment,"partially renovated","okres Martin","Horné Vrútky",2,6,1608.05,1730.700000,-0.0708672791,-0.1079089088,average
JuvFESSKGWN,"Reality D.P.A.","3-room apartment",apartment,"partially renovated","okres Martin","Horné Vrútky",1,6,1779.07,1730.700000,0.0279482290,-0.1079089088,average
JuKOtZwcbir-,"Reality Alpia","holiday apartment",apartment,"fully renovated","okres Ružomberok",Hrabovo,2,4,3357.40,3120.340000,0.0759724902,-0.0751349586,average
JuoKym-eugj,"Reality Alpia","holiday apartment",apartment,"fully renovated","okres Ružomberok",Hrabovo,2,4,2564.10,3120.340000,-0.1782626252,-0.0751349586,average
JuDyAq3LxaR,"Realitná kancelária RED, s.r.o.","2-room apartment",apartment,unrenovated,"okres Kysucké Nové Mesto",Sídlisko,1,2,2053.57,2111.785000,-0.0275667267,-0.0357310142,average
JuymkoAFG_6,"HOLESTIAK.sk reality s.r.o.","2-room apartment",apartment,unrenovated,"okres Kysucké Nové Mesto",Sídlisko,1,2,2170.00,2111.785000,0.0275667267,-0.0357310142,average
JuZPdvGyLq9,"TUreality s.r.o.","3-room apartment",apartment,"fully renovated","okres Žilina","Staré mesto",1,9,1956.41,2757.621111,-0.2905443057,0.2523570386,expensive
Ju1F-eiNHx4,"RIEŠIME BÝVANIE","3-room apartment",apartment,"fully renovated","okres Žilina","Staré mesto",1,9,2694.12,2757.621111,-0.0230274967,0.2523570386,expensive
JuyOHLJxsdS,"Local reality s. r. o.","3-room apartment",apartment,"fully renovated","okres Žilina","Staré mesto",1,9,3031.25,2757.621111,0.0992264267,0.2523570386,expensive
JuQvJ7BykSU,"WFG reality, s.r.o.","2-room apartment",apartment,unrenovated,"okres Martin",Sever,1,3,2222.00,1981.350000,0.1214575920,-0.0770857584,average
JuXvJNkXrX-,"Reality Now","holiday apartment",apartment,"new construction","okres Liptovský Mikuláš","Demänovská Dolina",1,36,4291.85,5609.228333,-0.2348591027,0.8422820105,premium
JumNtvscU-s,"CreeX Reality s.r.o.","holiday apartment",apartment,"new construction","okres Liptovský Mikuláš","Demänovská Dolina",1,36,6910.14,5609.228333,0.2319234643,0.8422820105,premium
Jux3XqE2ppP,"XEMAR realitná spoločnosť s.r.o.","holiday apartment",apartment,"new construction","okres Liptovský Mikuláš","Demänovská Dolina",1,36,6910.14,5609.228333,0.2319234643,0.8422820105,premium
Ju-zlCEP8xA,"Nové bývanie","holiday apartment",apartment,"new construction","okres Liptovský Mikuláš","Demänovská Dolina",1,36,7521.74,5609.228333,0.3409580701,0.8422820105,premium
JudyIRiA8kq,ZEIRA,"holiday apartment",apartment,"new construction","okres Liptovský Mikuláš","Demänovská Dolina",1,36,6730.77,5609.228333,0.1999458037,0.8422820105,premium
JuH6sKr2JgO,"MK-CORP s.r.o.","holiday apartment",apartment,"new construction","okres Liptovský Mikuláš","Demänovská Dolina",5,36,3892.86,5609.228333,-0.3059900990,0.8422820105,premium
JuMLTI5Qk7o,"MK-CORP s.r.o.","holiday apartment",apartment,"new construction","okres Liptovský Mikuláš","Demänovská Dolina",5,36,3180.56,5609.228333,-0.4329772633,0.8422820105,premium
Juh0xQ8lAwr,"MK-CORP s.r.o.","holiday apartment",apartment,"new construction","okres Liptovský Mikuláš","Demänovská Dolina",5,36,3021.74,5609.228333,-0.4612913184,0.8422820105,premium
JuIQRanSNHE,"MK-CORP s.r.o.","holiday apartment",apartment,"new construction","okres Liptovský Mikuláš","Demänovská Dolina",5,36,3971.43,5609.228333,-0.2919828247,0.8422820105,premium
Ju6oo_vEaT-,"MK-CORP s.r.o.","holiday apartment",apartment,"new construction","okres Liptovský Mikuláš","Demänovská Dolina",5,36,2791.18,5609.228333,-0.5023950115,0.8422820105,premium
JuQG3Tg2HJV,"RESIDENCE realitná kancelária","holiday apartment",apartment,"new construction","okres Liptovský Mikuláš","Demänovská Dolina",14,36,6900.00,5609.228333,0.2301157290,0.8422820105,premium
JuoCz53ml38,"RESIDENCE realitná kancelária","holiday apartment",apartment,"new construction","okres Liptovský Mikuláš","Demänovská Dolina",14,36,6415.09,5609.228333,0.1436671177,0.8422820105,premium
JurBk73cOr3,"RESIDENCE realitná kancelária","holiday apartment",apartment,"new construction","okres Liptovský Mikuláš","Demänovská Dolina",14,36,6000.00,5609.228333,0.0696658513,0.8422820105,premium
JuHMn6qkBSk,"RESIDENCE realitná kancelária","holiday apartment",apartment,"new construction","okres Liptovský Mikuláš","Demänovská Dolina",14,36,3494.62,5609.228333,-0.3769873871,0.8422820105,premium
JuIZo2BnWQa,"RESIDENCE realitná kancelária","holiday apartment",apartment,"new construction","okres Liptovský Mikuláš","Demänovská Dolina",14,36,6313.13,5609.228333,0.1254899293,0.8422820105,premium
JuUeGi9MZcI,"RESIDENCE realitná kancelária","holiday apartment",apartment,"new construction","okres Liptovský Mikuláš","Demänovská Dolina",14,36,6202.53,5609.228333,0.1057724221,0.8422820105,premium
JuolQI_qYfx,"RESIDENCE realitná kancelária","holiday apartment",apartment,"new construction","okres Liptovský Mikuláš","Demänovská Dolina",14,36,6531.53,5609.228333,0.1644257663,0.8422820105,premium
Ju_TYGvbGhv,"RESIDENCE realitná kancelária","holiday apartment",apartment,"new construction","okres Liptovský Mikuláš","Demänovská Dolina",14,36,6973.68,5609.228333,0.2432512257,0.8422820105,premium
Ju8j-hPnALY,"RESIDENCE realitná kancelária","holiday apartment",apartment,"new construction","okres Liptovský Mikuláš","Demänovská Dolina",14,36,6682.03,5609.228333,0.1912565514,0.8422820105,premium
JuDetN4gLGy,"Tatra Invest","holiday apartment",apartment,"new construction","okres Liptovský Mikuláš","Demänovská Dolina",3,36,5232.56,5609.228333,-0.0671515422,0.8422820105,premium
Ju8f4W9RYX2,"Tatra Invest","holiday apartment",apartment,"new construction","okres Liptovský Mikuláš","Demänovská Dolina",3,36,5634.15,5609.228333,0.0044429760,0.8422820105,premium
JulFrto6Z8R,"Tatra Invest","holiday apartment",apartment,"new construction","okres Liptovský Mikuláš","Demänovská Dolina",3,36,5294.12,5609.228333,-0.0561767705,0.8422820105,premium
JuJrBHwvfXe,"AstonReal s.r.o.","holiday apartment",apartment,"new construction","okres Liptovský Mikuláš","Demänovská Dolina",1,36,5217.39,5609.228333,-0.0698560140,0.8422820105,premium
JucIMMNEosV,"A-Byt Consult, s.r.o.","3-room apartment",apartment,"partially renovated","okres Ružomberok",Baničné,1,3,1932.84,1888.773333,0.0233308392,-0.1701205562,average
JuD8hcoEgT4,"Realitná kancelária RED, s.r.o.","2-room apartment",apartment,"new construction","okres Žilina",Vlčince,1,10,3229.73,3595.462000,-0.1017204465,0.3903450643,expensive
Juv94EKwgh6,"AstonReal s.r.o.","3-room apartment",apartment,"new construction","okres Ružomberok","Liptovská Teplá",2,3,2730.50,2647.816667,0.0312269856,-0.1923099166,average
JuJEoP397IJ,"AstonReal s.r.o.","3-room apartment",apartment,"new construction","okres Ružomberok","Liptovská Teplá",2,3,2738.36,2647.816667,0.0341954691,-0.1923099166,average
Ju4SvmwHoAg,"FINREA - ak vám záleží na výsledku","3-room apartment",apartment,"new construction","okres Ružomberok","Liptovská Teplá",1,3,2474.59,2647.816667,-0.0654224551,-0.1923099166,average
Jup8gJ48Fqt,"KORSO Project, s.r.o.","2-room apartment",apartment,"new construction","okres Žilina","Staré mesto",1,8,4489.50,3751.466250,0.1967320778,0.2523570386,expensive
JuBnUuJa9ic,"Financial Hotels Management, s.r.o.","2-room apartment",apartment,"new construction","okres Žilina","Staré mesto",2,8,3894.16,3751.466250,0.0380367943,0.2523570386,expensive
Ju7UFzA6VtL,"WFG reality, s.r.o.","2-room apartment",apartment,"new construction","okres Žilina","Staré mesto",4,8,3903.77,3751.466250,0.0405984593,0.2523570386,expensive
JuuOQAIf3eQ,"WFG reality, s.r.o.","2-room apartment",apartment,"new construction","okres Žilina","Staré mesto",4,8,3398.44,3751.466250,-0.0941035388,0.2523570386,expensive
JuEK28Decyb,"WFG reality, s.r.o.","2-room apartment",apartment,"new construction","okres Žilina","Staré mesto",4,8,3793.18,3751.466250,0.0111193190,0.2523570386,expensive
Ju6-B7-KyuQ,"WFG reality, s.r.o.","2-room apartment",apartment,"new construction","okres Žilina","Staré mesto",4,8,3793.18,3751.466250,0.0111193190,0.2523570386,expensive
Ju4Vd5pUjXm,"Direct Real, spol. s r.o.","3-room apartment",apartment,"partially renovated","okres Liptovský Mikuláš","Staré mesto",1,2,2307.68,2050.065000,0.1256618693,0.0192597764,average
JuA1jb9HH8o,"Reality Alpia","2-room apartment",apartment,"partially renovated","okres Ružomberok","Staré mesto",1,2,2259.79,2154.175000,0.0490280502,-0.1477842693,average
Ju9k2e7JWOr,"Like Reality s.r.o.","1-room apartment",apartment,"partially renovated","okres Martin",Turany,1,2,2236.84,2418.420000,-0.0750820784,-0.3267598337,cheap
JuXNm9NwSwi,"MGM reality","3-room apartment",apartment,"new construction","okres Žilina",Hájik,1,7,2932.00,2949.562857,-0.0059543932,0.0543141680,average
JuOnQ9rym-h,"RIEŠIME BÝVANIE","4-room apartment",apartment,"partially renovated","okres Žilina","Staré mesto",1,3,2517.24,2360.743333,0.0662912672,0.2523570386,expensive
JuGJ3bcseaG,"Renovo Reality","1-room apartment",apartment,"partially renovated","okres Čadca",Žarec,1,3,2341.22,2431.283333,-0.0370435365,-0.0922307487,average
JuhxRDKuEfi,donidDevelop,"2-room apartment",apartment,"new construction","okres Ružomberok","Liptovská Teplá",1,4,2620.69,2613.040000,0.0029276245,-0.1923099166,average
JuOOVFGvzwX,Limaxreal,"2-room apartment",apartment,"new construction","okres Ružomberok","Liptovská Teplá",1,4,2731.71,2613.040000,0.0454145363,-0.1923099166,average
Ju5R24o6GQR,"RK Dalmia s. r. o.","3-room apartment",apartment,unrenovated,"okres Dolný Kubín",Brezovec,1,2,2094.10,2484.550000,-0.1571511944,-0.0133200384,average
Ju1BpgSKaaX,"MGM reality","2-room apartment",apartment,"partially renovated","okres Čadca",Žarec,1,4,1960.16,2030.935000,-0.0348484811,-0.0922307487,average
Ju8_AnIgnrX,"MENÍME BÝVANIE","2-room apartment",apartment,"partially renovated","okres Čadca",Žarec,1,4,2092.05,2030.935000,0.0300920512,-0.0922307487,average
Juo19uqWHqv,"Reality MT s.r.o.","3-room apartment",apartment,"fully renovated","okres Martin","Horné Vrútky",1,4,2088.24,2079.015000,0.0044371974,-0.1079089088,average
JuEVg7e9gge,"R2 SK, s.r.o.","3-room apartment",apartment,unrenovated,"okres Martin",Záturčie,1,4,2070.11,1655.357500,0.2505516180,-0.1261345316,average
JulzEF1iR1R,"ŽILINAREAL, s.r.o.","2-room apartment",apartment,"fully renovated","okres Žilina","Staré mesto",2,12,2234.96,2789.291667,-0.1987356409,0.2523570386,expensive
JukTLg0JPLo,"ŽILINAREAL, s.r.o.","2-room apartment",apartment,"fully renovated","okres Žilina","Staré mesto",2,12,2613.33,2789.291667,-0.0630847140,0.2523570386,expensive
Ju12shpSBga,"RESIDENCE realitná kancelária","3-room apartment",apartment,"new construction","okres Liptovský Mikuláš",Demänová,1,2,4369.64,5448.710000,-0.1980413713,0.3687411694,expensive
Ju2W2fwASSP,"TUreality s.r.o.","3-room apartment",apartment,"new construction","okres Dolný Kubín",Brezovec,1,2,3049.48,2558.525000,0.1918898584,-0.0133200384,average
JuVtdEgquxp,"OREA, s.r.o.","3-room apartment",apartment,"new construction","okres Dolný Kubín",Brezovec,1,2,2067.57,2558.525000,-0.1918898584,-0.0133200384,average
JuXQxA2vSe6,"EASY centrum bývania, s.r.o.","2-room apartment",apartment,"fully renovated","okres Žilina",Vlčince,1,4,3785.71,2931.480000,0.2913988838,0.3903450643,expensive
Ju2hVjHchsA,"Buby reality, s.r.o.","2-room apartment",apartment,"new construction","okres Martin",Stred,2,6,2902.19,2769.700000,0.0478355057,0.1938109699,expensive
JuLuLPY-Qsq,"Buby reality, s.r.o.","2-room apartment",apartment,"new construction","okres Martin",Stred,2,6,2309.43,2769.700000,-0.1661804528,0.1938109699,expensive
JuPDRHaKHGy,"ŽILINAREAL, s.r.o.","2-room apartment",apartment,"fully renovated","okres Žilina",Hliny,1,3,2830.51,2889.576667,-0.0204412874,0.1148469549,expensive
Ju9Zm5FKDvx,"Realitná kancelária RED, s.r.o.","2-room apartment",apartment,"fully renovated","okres Žilina",Hliny,1,3,2929.31,2889.576667,0.0137505723,0.1148469549,expensive
JuzzHVLtL7p,"Vianema s.r.o.","3-room apartment",apartment,"fully renovated","okres Tvrdošín",Medvedzie,1,2,2246.36,2216.035000,0.0136843507,-0.0960272336,average
JuZK70yldNu,"OVERENÉ REALITY","1-room apartment",apartment,"new construction","okres Liptovský Mikuláš","Liptovská Mara - Tatralandia",1,2,3461.54,3314.105000,0.0444871240,0.2562966035,expensive
JukBZSTP0a5,"TARGETreal s. r. o.","2-room apartment",apartment,"new construction","okres Turčianske Teplice",Stred,1,2,3180.00,4070.915000,-0.2188488337,-0.1660077457,average
JuWACwgZ0JW,"Reality Alpia","3-room apartment",apartment,"partially renovated","okres Bytča","Veľké Rovné",1,3,1784.52,1772.920000,0.0065428784,-0.0994985255,average
JunBxeMXtVv,"RIEŠIME BÝVANIE","3-room apartment",apartment,"partially renovated","okres Bytča","Veľké Rovné",2,3,1767.12,1772.920000,-0.0032714392,-0.0994985255,average
Ju2PTXS03nR,"RIEŠIME BÝVANIE","3-room apartment",apartment,"partially renovated","okres Bytča","Veľké Rovné",2,3,1767.12,1772.920000,-0.0032714392,-0.0994985255,average
Ju1v-rz6S-g,"TUreality s.r.o.","3-room apartment",apartment,unrenovated,"okres Žilina",Rajec,1,2,2187.50,2017.800000,0.0841014967,-0.1128676591,average
JuCtiU-W9oK,"BEEVAM, s.r.o.","3-room apartment",apartment,"fully renovated","okres Ružomberok",Klačno,1,2,1897.08,1968.275000,-0.0361712667,-0.1823801441,average
Ju6FesX3XoQ,"Realitná kancelária","3-room apartment",apartment,unrenovated,"okres Martin",Turany,1,2,1523.08,1442.095000,0.0561578814,-0.3267598337,cheap
JuJTUgZNUdL,"Reality D.P.A.","3-room apartment",apartment,unrenovated,"okres Martin",Turany,1,2,1361.11,1442.095000,-0.0561578814,-0.3267598337,cheap
JugdzCpEbZl,"KES - RV s.r.o.","2-room apartment",apartment,"partially renovated","okres Žilina",Hliny,1,5,2543.42,2605.696000,-0.0238999484,0.1148469549,expensive
JuN-Pnp6KBM,"Safe reality s. r. o.","3-room apartment",apartment,unrenovated,"okres Čadca",Stred,1,2,1613.85,1606.925000,0.0043094731,-0.1367068093,average
JuJ1fx159Ms,OPENREALITY,"3-room apartment",apartment,unrenovated,"okres Čadca",Stred,1,2,1600.00,1606.925000,-0.0043094731,-0.1367068093,average
JuUWRcxAAYr,"KA Real","2-room apartment",apartment,"fully renovated","okres Liptovský Mikuláš","Staré mesto",2,9,1314.80,2172.504444,-0.3947998571,0.0192597764,average
JuyIru5Z-bn,"KA Real","2-room apartment",apartment,"fully renovated","okres Liptovský Mikuláš","Staré mesto",2,9,2227.27,2172.504444,0.0252084897,0.0192597764,average
JuhSIJae8jB,"Porto Real Group","holiday apartment",apartment,"new construction","okres Liptovský Mikuláš",Smrečany,1,2,3229.17,2983.845000,0.0822177425,0.1918808670,expensive
Ju20KERTu8I,"RESIDENCE realitná kancelária","2-room apartment",apartment,unrenovated,"okres Liptovský Mikuláš",Podbreziny,1,3,2118.64,2122.606667,-0.0018687716,0.1311195283,expensive
JuMrpN3u-gh,"Reality Alpia","2-room apartment",apartment,"under construction","okres Žilina",Hájik,1,2,3547.72,3414.465000,0.0390266118,0.0543141680,average
Ju-seNslb4u,"Realitná kancelária RED, s.r.o.","2-room apartment",apartment,"partially renovated","okres Martin",Priekopa,1,3,1818.18,1915.433333,-0.0507735411,0.5581583932,premium
JuddoVYZYie,Limaxreal,"1-room apartment",apartment,"new construction","okres Ružomberok","Liptovská Teplá",1,2,2780.22,2853.905000,-0.0258190094,-0.1923099166,average
JuQxdKNuhGj,"Piata Avenue","3-room apartment",apartment,"partially renovated","okres Žilina","Staré mesto",1,5,2117.53,2835.822000,-0.2532923435,0.2523570386,expensive
Ju4N6fIAndO,"TUreality s.r.o.","3-room apartment",apartment,"new construction","okres Liptovský Mikuláš","Liptovská Ondrašová",1,2,2454.41,2990.960000,-0.1793905636,0.1723179955,expensive
JucceUznreI,"BEŇO REALITY","2-room apartment",apartment,"partially renovated","okres Liptovský Mikuláš","Staré mesto",1,4,2327.75,2345.485000,-0.0075613359,0.0192597764,average
Ju3z3M9TPDa,"GAMA Reality, s.r.o.","2-room apartment",apartment,"new construction","okres Žilina",Závodie,1,3,3019.23,3181.266667,-0.0509346383,0.1524054311,expensive
JuDxBcaveH8,"Reality Center, s.r.o.","3-room apartment",apartment,unrenovated,"okres Martin","Horné Vrútky",1,2,1763.53,1640.590000,0.0749364558,-0.1079089088,average
Ju_5trjiiyY,"Piata Avenue","2-room apartment",apartment,"partially renovated","okres Žilina",Solinky,1,3,3326.53,3171.620000,0.0488425473,0.2478511254,expensive
Ju1Fw0u3Cah,"Direct Real, spol. s r.o.","3-room apartment",apartment,unrenovated,"okres Liptovský Mikuláš","Vrbica - Nábrežie",1,3,2042.25,2054.363333,-0.0058963927,0.0183786455,average
Jumr_ISbK0Z,"Reality Alpia","3-room apartment",apartment,"under construction","okres Žilina",Hájik,1,2,3344.87,2686.740000,0.2449548523,0.0543141680,average
JucfuBBHTMn,"KA Real","1-room apartment",apartment,"fully renovated","okres Liptovský Mikuláš","Staré mesto",2,4,2277.78,2357.472500,-0.0338042119,0.0192597764,average
JulUy_Gy-T7,"XEMAR realitná spoločnosť s.r.o.","1-room apartment",apartment,"fully renovated","okres Liptovský Mikuláš","Staré mesto",2,4,2284.76,2357.472500,-0.0308434139,0.0192597764,average
JurI-U1p2qQ,"XEMAR realitná spoločnosť s.r.o.","1-room apartment",apartment,"fully renovated","okres Liptovský Mikuláš","Staré mesto",2,4,1638.73,2357.472500,-0.3048784238,0.0192597764,average
JuTgtQtwGXl,"RE/MAX Slovakia","2-room apartment",apartment,"fully renovated","okres Martin",Sever,1,3,2431.67,2186.276667,0.1122425797,-0.0770857584,average
JuAoUEm3GbZ,"ALT REAL, s.r.o.","3-room apartment",apartment,unrenovated,"okres Martin",Ľadoveň,1,2,1486.49,1643.980000,-0.0957980024,-0.0500191564,average
JuTBls071FE,"B10 Slovensko, a. s.","holiday apartment",apartment,"new construction","okres Martin",Valča,1,3,3815.79,3121.503333,0.2224206073,-0.1600821041,average
JupjDJ9XYhE,"REALITY SPOLU","holiday apartment",apartment,"fully renovated","okres Ružomberok",Bešeňová,2,6,3804.12,3848.946667,-0.0116464765,0.1639579970,expensive
JuoHqPCC27P,"REALITY SPOLU","holiday apartment",apartment,"fully renovated","okres Ružomberok",Bešeňová,2,6,3804.12,3848.946667,-0.0116464765,0.1639579970,expensive
JueWH91Qt062,"DOMUM realitná spoločnosť s. r. o.","holiday apartment",apartment,"new construction","okres Ružomberok",Hrabovo,1,5,3093.75,3345.338000,-0.0752055547,-0.0751349586,average
JuPcc0iMceY,"ARCHEUS Partners a.s.","holiday apartment",apartment,"new construction","okres Ružomberok",Hrabovo,1,5,3330.77,3345.338000,-0.0043547169,-0.0751349586,average
JuODe5tlbwG,"FINREA - ak vám záleží na výsledku","4-room apartment",apartment,"partially renovated","okres Martin",Priekopa,1,2,2244.90,1848.255000,0.2146051275,0.5581583932,premium
Ju1vHkMA9-i,"RE/MAX Slovakia","3-room apartment",apartment,"new construction","okres Dolný Kubín",Stred,2,4,2716.30,2949.377500,-0.0790259979,-0.0526228776,average
Ju1cdYuex4G,"RE/MAX Slovakia","3-room apartment",apartment,"new construction","okres Dolný Kubín",Stred,2,4,2910.13,2949.377500,-0.0133070453,-0.0526228776,average
Ju-a60L4yJH,"FINREA - ak vám záleží na výsledku","2-room apartment",apartment,"new construction","okres Dolný Kubín",Brezovec,1,2,4278.07,3431.890000,0.2465638467,-0.0133200384,average
JuXll0okDmg,"Realitná kancelária RED, s.r.o.","2-room apartment",apartment,"new construction","okres Žilina",Bôrik,2,4,4653.85,3397.175000,0.3699176522,0.6153654994,premium
JuVUnBR3tKh,"Realitná kancelária RED, s.r.o.","2-room apartment",apartment,"new construction","okres Žilina",Bôrik,2,4,3229.73,3397.175000,-0.0492894832,0.6153654994,premium
JuAxXn7nLOP,"ŽILINAREAL, s.r.o.","2-room apartment",apartment,"new construction","okres Žilina",Bôrik,1,4,1240.83,3397.175000,-0.6347465173,0.6153654994,premium
JuyMZex0bdp,"Renovo Reality","2-room apartment",apartment,"new construction","okres Žilina",Bôrik,1,4,4464.29,3397.175000,0.3141183483,0.6153654994,premium
Jul4B6HJsMz,"MK-CORP s.r.o.","holiday apartment",apartment,"new construction","okres Ružomberok",Bešeňová,3,7,2791.18,3519.351429,-0.2069050061,0.1639579970,expensive
JuF-0hmTSgb,"MK-CORP s.r.o.","holiday apartment",apartment,"new construction","okres Ružomberok",Bešeňová,3,7,3971.43,3519.351429,0.1284550805,0.1639579970,expensive
Junr7vOGfgp,"MK-CORP s.r.o.","holiday apartment",apartment,"new construction","okres Ružomberok",Bešeňová,3,7,3021.74,3519.351429,-0.1413929353,0.1639579970,expensive
JuEeA2GuHj3,"A-Byt Consult, s.r.o.","3-room apartment",apartment,"partially renovated","okres Ružomberok",Roveň,1,2,1387.46,1700.675000,-0.1841709909,-0.1214065324,average
JuV9QF4vC1L,"Reality AK, spol. s r.o.","3-room apartment",apartment,"partially renovated","okres Martin",Stred,1,6,2246.38,1915.233333,0.1729014744,0.1938109699,expensive
JuSTl0QkI_h,"NajBývanie, s.r.o.","holiday apartment",apartment,"partially renovated","okres Ružomberok",Hrabovo,1,2,2338.24,2507.150000,-0.0673713180,-0.0751349586,average
JuJZPVcldrZ,"HMS Services, a. s.","4-room apartment",apartment,"new construction","okres Žilina",Vlčince,1,6,3143.08,3105.326667,0.0121576044,0.3903450643,expensive
JuTc88Wux9w,"GARANT REALITY","2-room apartment",apartment,"fully renovated","okres Ružomberok",Polík,1,2,2017.86,2080.360000,-0.0300428772,-0.3827579123,cheap
Ju0FWK0oDmX,"Reality Alpia","1-room apartment",apartment,"under construction","okres Žilina",Hájik,1,2,3931.19,3771.195000,0.0424255442,0.0543141680,average
JukheJ1B1aD,"RESIDENCE realitná kancelária","2-room apartment",apartment,"new construction","okres Liptovský Mikuláš","Demänovská Dolina",1,6,5986.84,5274.893333,0.1349689220,0.8422820105,premium
JuaBQ-omPcs,"Realitná kancelária","studio apartment",apartment,unrenovated,"okres Martin",Sever,1,2,3080.00,3080.000000,0.0000000000,-0.0770857584,average
JuBgCxlwRO1,"Pro Real, s. r. o. realitná kancelária","3-room apartment",apartment,unrenovated,"okres Kysucké Nové Mesto",Kamence,1,2,2397.44,2170.250000,0.1046837922,-0.0370425050,average
JuPoZE57z5D,"RK4 REALITY","4-room apartment",apartment,"fully renovated","okres Žilina",Vlčince,1,4,2430.89,2507.260000,-0.0304595455,0.3903450643,expensive
JujdOeJ69tb,"Realitná kancelária","3-room apartment",apartment,unrenovated,"okres Martin",Jahodníky,2,3,1828.95,1887.360000,-0.0309479908,0.0967590975,average
JuHzNQ7Qr-d,"Realitná kancelária","3-room apartment",apartment,unrenovated,"okres Martin",Jahodníky,2,3,1820.09,1887.360000,-0.0356423788,0.0967590975,average
JuauSxK_Grt,"TUreality s.r.o.","3-room apartment",apartment,unrenovated,"okres Dolný Kubín","Veľký Bysterec",1,2,2076.92,2057.415000,0.0094803431,-0.0414252883,average
JuJvNTKAcv8,"MG real, s.r.o.","1-room apartment",apartment,"new construction","okres Kysucké Nové Mesto",Kamence,1,2,3685.71,3728.340000,-0.0114340430,-0.0370425050,average
JuBT9IU3F1g,"KORSO Project, s.r.o.","3-room apartment",apartment,"new construction","okres Žilina","Staré mesto",1,9,3682.75,3410.800000,0.0797320277,0.2523570386,expensive
JupURRP8axF,"WFG reality, s.r.o.","4-room apartment",apartment,"new construction","okres Žilina","Staré mesto",1,7,3323.81,3508.330000,-0.0525948243,0.2523570386,expensive
JufGDO__GbO,"KORSO Project, s.r.o.","4-room apartment",apartment,"new construction","okres Žilina","Staré mesto",3,7,3629.54,3508.330000,0.0345492015,0.2523570386,expensive
JucmQgleApT,"KORSO Project, s.r.o.","4-room apartment",apartment,"new construction","okres Žilina","Staré mesto",3,7,3518.45,3508.330000,0.0028845633,0.2523570386,expensive
Jun79Tn_Ep0,"KRALIKOVA reality","3-room apartment",apartment,"fully renovated","okres Žilina",Vlčince,1,5,3507.46,2883.514000,0.2163838983,0.3903450643,expensive
JupEyEEjkVM,"Jacek reality s. r. o.","3-room apartment",apartment,"fully renovated","okres Žilina",Vlčince,1,5,2549.28,2883.514000,-0.1159120434,0.3903450643,expensive
Ju6Co8ebtz8,"B10 Slovensko, a. s.","4-room apartment",apartment,"new construction","okres Žilina",Hájik,1,3,2557.25,2623.350000,-0.0251967904,0.0543141680,average
JuluCbW3ZHE,"HMS Services, a. s.","3-room apartment",apartment,"new construction","okres Žilina",Vlčince,1,11,3357.08,3177.283636,0.0565880748,0.3903450643,expensive
Ju7XXF2jsra,"Realitná kancelária RED, s.r.o.","3-room apartment",apartment,"new construction","okres Žilina",Vlčince,1,11,3621.21,3177.283636,0.1397188337,0.3903450643,expensive
JuogofXpdYk,liptoreal,"holiday apartment",apartment,"new construction","okres Liptovský Mikuláš",Demänová,1,11,5192.31,4467.148182,0.1623321610,0.3687411694,expensive
Ju6GKonKAZ1,"RESIDENCE realitná kancelária","holiday apartment",apartment,"new construction","okres Liptovský Mikuláš",Demänová,2,11,4764.18,4467.148182,0.0664924927,0.3687411694,expensive
JuX5UJf-pU4,"RESIDENCE realitná kancelária","holiday apartment",apartment,"new construction","okres Liptovský Mikuláš",Demänová,2,11,5325.58,4467.148182,0.1921655121,0.3687411694,expensive
Ju5yq04Fo6g,"REALITY SPOLU","holiday apartment",apartment,"new construction","okres Liptovský Mikuláš",Demänová,1,11,4756.76,4467.148182,0.0648314778,0.3687411694,expensive
JuZFqxjae7G,"ML realitný& finančny servis s.r.o. , BrokerSoft s.r.o. , Monika Launerová - SZČO","holiday apartment",apartment,"new construction","okres Liptovský Mikuláš",Demänová,1,11,4189.19,4467.148182,-0.0622227360,0.3687411694,expensive
JulDE6qv7sX,"Realitná kancelária DOM","4-room apartment",apartment,unrenovated,"okres Žilina","Staré mesto",1,4,1611.11,1740.945000,-0.0745773129,0.2523570386,expensive
JuVooxZWg4s,"ŽILINAREAL, s.r.o.","4-room apartment",apartment,unrenovated,"okres Žilina","Staré mesto",1,4,2031.25,1740.945000,0.1667513908,0.2523570386,expensive
JujxzbLeFDf,"STAREA, s. r. o.","2-room apartment",apartment,"new construction","okres Žilina","Rajecké Teplice",2,5,3058.63,3298.330000,-0.0726731406,0.0507869344,average
Juea9VaEEz4,"STAREA, s. r. o.","2-room apartment",apartment,"new construction","okres Žilina","Rajecké Teplice",2,5,3033.44,3298.330000,-0.0803103389,0.0507869344,average
JuKfm2wXtCP,"B10 Slovensko, a. s.","2-room apartment",apartment,"new construction","okres Žilina","Rajecké Teplice",1,5,4050.00,3298.330000,0.2278941161,0.0507869344,average
JuauRurLCyp,"Realitné kancelárie SR","2-room apartment",apartment,"partially renovated","okres Žilina",Hájik,1,3,2924.49,2900.353333,0.0083219747,0.0543141680,average
JudSBCw12x9,"TUreality s.r.o.","2-room apartment",apartment,"partially renovated","okres Žilina",Vlčince,1,2,2620.52,2753.810000,-0.0484020321,0.3903450643,expensive
JuIhf4tExMf,"NajBývanie, s.r.o.","3-room apartment",apartment,"partially renovated","okres Martin","Horné Vrútky",1,6,1710.14,1730.700000,-0.0118795863,-0.1079089088,average
Ju5Pax6FaXd,"TUreality s.r.o.","2-room apartment",apartment,unrenovated,"okres Žilina",Hliny,1,4,2307.69,2579.510000,-0.1053766025,0.1148469549,expensive
Ju_PmXVPtoo,"Crystin reality, s.r.o.","2-room apartment",apartment,unrenovated,"okres Žilina",Hliny,1,4,2725.45,2579.510000,0.0565766366,0.1148469549,expensive
JuTapZ_iKYW,"Mamud Reality s. r. o.","3-room apartment",apartment,"fully renovated","okres Žilina","Staré mesto",1,9,3152.63,2757.621111,0.1432426258,0.2523570386,expensive
JutKizwTOP3,"Reality IQ, s.r.o.","3-room apartment",apartment,"fully renovated","okres Žilina","Staré mesto",1,9,2724.95,2757.621111,-0.0118475707,0.2523570386,expensive
JuUTD1Lj0lr,"Realitná kancelária RED, s.r.o.","3-room apartment",apartment,"fully renovated","okres Žilina","Staré mesto",2,9,2437.50,2757.621111,-0.1160859662,0.2523570386,expensive
JuIQ6bOnZsGz,"Realitná kancelária RED, s.r.o.","3-room apartment",apartment,"fully renovated","okres Žilina","Staré mesto",2,9,3049.59,2757.621111,0.1058770865,0.2523570386,expensive
Jujveqa78vA,"ŽILINAREAL, s.r.o.","3-room apartment",apartment,"fully renovated","okres Žilina","Staré mesto",1,9,2410.26,2757.621111,-0.1259640455,0.2523570386,expensive
Ju4lV1--VGV,"Realitka pre každého","3-room apartment",apartment,"fully renovated","okres Žilina","Staré mesto",1,9,3361.88,2757.621111,0.2191232460,0.2523570386,expensive
JuLJzHZSfxX,"RIEŠIME BÝVANIE","2-room apartment",apartment,unrenovated,"okres Martin",Sever,1,3,1757.14,1981.350000,-0.1131602190,-0.0770857584,average
Ju0roQQA2MK,"ML realitný& finančny servis s.r.o. , BrokerSoft s.r.o. , Monika Launerová - SZČO","holiday apartment",apartment,"new construction","okres Liptovský Mikuláš","Demänovská Dolina",1,36,4459.46,5609.228333,-0.2049779871,0.8422820105,premium
Jultmw18Gne,"Occam New Home","holiday apartment",apartment,"new construction","okres Liptovský Mikuláš","Demänovská Dolina",1,36,3498.45,5609.228333,-0.3763045837,0.8422820105,premium
JuX_Y10XQMs,"Juraj Hegyi Reality & Development s.r.o.","holiday apartment",apartment,"new construction","okres Liptovský Mikuláš","Demänovská Dolina",1,36,7407.22,5609.228333,0.3205417145,0.8422820105,premium
JuHNiSC8Wtj,"J.M.H. s.r.o.","holiday apartment",apartment,"new construction","okres Liptovský Mikuláš","Demänovská Dolina",2,36,3878.05,5609.228333,-0.3086303909,0.8422820105,premium
JuztOys4YDo,"J.M.H. s.r.o.","holiday apartment",apartment,"new construction","okres Liptovský Mikuláš","Demänovská Dolina",2,36,5300.00,5609.228333,-0.0551284980,0.8422820105,premium
Ju8yXfa5xfL,"TUreality s.r.o.","3-room apartment",apartment,"partially renovated","okres Ružomberok",Baničné,1,3,1879.08,1888.773333,-0.0051320785,-0.1701205562,average
Juxpt8YRG2_,"Reality Alpia","3-room apartment",apartment,"partially renovated","okres Ružomberok",Baničné,1,3,1854.40,1888.773333,-0.0181987602,-0.1701205562,average
JuEE_KosY1x,"Realitné kancelárie SR","2-room apartment",apartment,"new construction","okres Žilina","Staré mesto",1,8,2732.56,3751.466250,-0.2716021369,0.2523570386,expensive
Ju0fvkzNIT_,"RESIDENCE realitná kancelária","3-room apartment",apartment,"partially renovated","okres Liptovský Mikuláš","Staré mesto",1,2,1792.45,2050.065000,-0.1256618693,0.0192597764,average
JuIVoMRmHSz,"TUreality s.r.o.","1-room apartment",apartment,"partially renovated","okres Martin",Turany,1,2,2600.00,2418.420000,0.0750820784,-0.3267598337,cheap
JuXYI9YrjoJ,"ODEKO manažment s.r.o.","3-room apartment",apartment,"new construction","okres Žilina",Hájik,5,7,3119.67,2949.562857,0.0576719844,0.0543141680,average
Juw-fZcag7r,"ODEKO manažment s.r.o.","3-room apartment",apartment,"new construction","okres Žilina",Hájik,5,7,2403.85,2949.562857,-0.1850148254,0.0543141680,average
JuAF6zTk4aw,"ODEKO manažment s.r.o.","3-room apartment",apartment,"new construction","okres Žilina",Hájik,5,7,3110.78,2949.562857,0.0546579784,0.0543141680,average
Ju-lEoc2XSC,"ODEKO manažment s.r.o.","3-room apartment",apartment,"new construction","okres Žilina",Hájik,5,7,2687.82,2949.562857,-0.0887395420,0.0543141680,average
JuQKqXinTqJ,"ODEKO manažment s.r.o.","3-room apartment",apartment,"new construction","okres Žilina",Hájik,5,7,3460.82,2949.562857,0.1733331913,0.0543141680,average
JukVrVsK1ht,"Realitná kancelária RED, s.r.o.","3-room apartment",apartment,"new construction","okres Žilina",Hájik,1,7,2932.00,2949.562857,-0.0059543932,0.0543141680,average
JuwolRsTXje,"OVERENÉ REALITY","3-room apartment",apartment,"partially renovated","okres Liptovský Mikuláš",Podbreziny,1,4,2261.54,2326.605000,-0.0279656409,0.1311195283,expensive
JunWCB0DrwG,"1. Reality Rent, s.r.o.","3-room apartment",apartment,unrenovated,"okres Čadca","Sídlisko 3",1,2,1822.58,1772.830000,0.0280624764,-0.0670779181,average
JuuQ3yxLaqS,"AstonReal s.r.o.","2-room apartment",apartment,"new construction","okres Ružomberok","Liptovská Teplá",2,4,2549.88,2613.040000,-0.0241710804,-0.1923099166,average
JuBe2LSvIsNx,"AstonReal s.r.o.","2-room apartment",apartment,"new construction","okres Ružomberok","Liptovská Teplá",2,4,2549.88,2613.040000,-0.0241710804,-0.1923099166,average
JuUS8gVE7MB,"JPE. Reality - Jozef Pajer","2-room apartment",apartment,"partially renovated","okres Čadca",Žarec,1,4,1945.15,2030.935000,-0.0422391657,-0.0922307487,average
JuxMPXZzAel,"BeMi realitná kancelária","2-room apartment",apartment,"partially renovated","okres Čadca",Žarec,1,4,2126.38,2030.935000,0.0469955956,-0.0922307487,average
Ju7yQFu2G0Z,"Realitná kancelária","3-room apartment",apartment,"fully renovated","okres Martin","Horné Vrútky",1,4,2194.03,2079.015000,0.0553218712,-0.1079089088,average
Ju4y_fscQPu,"FINREA - ak vám záleží na výsledku","3-room apartment",apartment,"fully renovated","okres Martin","Horné Vrútky",1,4,1645.88,2079.015000,-0.2083366402,-0.1079089088,average
JuQKd8tqljP,"LIF REAL","3-room apartment",apartment,unrenovated,"okres Martin",Záturčie,1,4,1500.00,1655.357500,-0.0938513282,-0.1261345316,average
JuGtWZEOQoM,"TUreality s.r.o.","2-room apartment",apartment,"fully renovated","okres Žilina","Staré mesto",1,12,3000.00,2789.291667,0.0755418788,0.2523570386,expensive
JupinWd8ZQVD,"TARGETreal s. r. o.","2-room apartment",apartment,"fully renovated","okres Žilina","Staré mesto",1,12,2750.00,2789.291667,-0.0140866111,0.2523570386,expensive
Jus-41FaUT-,"Safe reality s. r. o.","2-room apartment",apartment,"fully renovated","okres Žilina","Staré mesto",1,12,2768.75,2789.291667,-0.0073644744,0.2523570386,expensive
Juo05IpENrn,"Svoboda&Williams Slovakia s.r.o.","3-room apartment",apartment,"new construction","okres Liptovský Mikuláš",Demänová,1,2,6527.78,5448.710000,0.1980413713,0.3687411694,expensive
JuMvMAnJyAh,"Reality Center, s.r.o.","2-room apartment",apartment,"new construction","okres Martin",Stred,1,6,3163.27,2769.700000,0.1420984222,0.1938109699,expensive
JuR1WqY3g_N,"Georgi Conev","2-room apartment",apartment,"fully renovated","okres Žilina",Hliny,1,3,2908.91,2889.576667,0.0066907147,0.1148469549,expensive
JuQydtvhuaC,"TUreality s.r.o.","3-room apartment",apartment,"fully renovated","okres Tvrdošín",Medvedzie,1,2,2185.71,2216.035000,-0.0136843507,-0.0960272336,average
Ju-rzMotwKF,"ARCHEUS Partners a.s.","1-room apartment",apartment,"new construction","okres Liptovský Mikuláš","Liptovská Mara - Tatralandia",1,2,3166.67,3314.105000,-0.0444871240,0.2562966035,expensive
Juuarx0CWmR,"Estate Invest","2-room apartment",apartment,"new construction","okres Turčianske Teplice",Stred,1,2,4961.83,4070.915000,0.2188488337,-0.1660077457,average
JuAyS5TfUDQ,"Direct Real, spol. s r.o.","3-room apartment",apartment,unrenovated,"okres Žilina",Rajec,1,2,1848.10,2017.800000,-0.0841014967,-0.1128676591,average
Jut2p_8fnwk,"AstonReal s.r.o.","3-room apartment",apartment,"fully renovated","okres Ružomberok",Klačno,1,2,2039.47,1968.275000,0.0361712667,-0.1823801441,average
JuNxbiZtMJl,"StorkReal s. r. o.","2-room apartment",apartment,"partially renovated","okres Žilina",Hliny,1,5,2983.87,2605.696000,0.1451335843,0.1148469549,expensive
JuqcGRiE3sH,"OVERENÉ REALITY","2-room apartment",apartment,"fully renovated","okres Liptovský Mikuláš","Staré mesto",1,9,2173.91,2172.504444,0.0006469750,0.0192597764,average
JuPkeS3sVco,"Direct Real, spol. s r.o.","2-room apartment",apartment,"fully renovated","okres Liptovský Mikuláš","Staré mesto",1,9,2794.64,2172.504444,0.2863679095,0.0192597764,average
JuGTmonCdFp,"Realitné kancelárie SR","2-room apartment",apartment,"fully renovated","okres Liptovský Mikuláš","Staré mesto",1,9,2071.24,2172.504444,-0.0466118467,0.0192597764,average
JuwJKqBh04b,"AstonReal s.r.o.","2-room apartment",apartment,"fully renovated","okres Liptovský Mikuláš","Staré mesto",1,9,2380.00,2172.504444,0.0955098419,0.0192597764,average
JubxOFYENrS,"Pegas real s.r.o.","holiday apartment",apartment,"new construction","okres Liptovský Mikuláš",Smrečany,1,2,2738.52,2983.845000,-0.0822177425,0.1918808670,expensive
JuuN3hIqf_p,"OVERENÉ REALITY","2-room apartment",apartment,unrenovated,"okres Liptovský Mikuláš",Podbreziny,1,3,2049.18,2122.606667,-0.0345926865,0.1311195283,expensive
Junnm3hR6W5,"Reality Alpia","2-room apartment",apartment,"partially renovated","okres Martin",Priekopa,1,3,1859.15,1915.433333,-0.0293841253,0.5581583932,premium
JuD_7kPVbjf,"Effecting s.r.o.","3-room apartment",apartment,"partially renovated","okres Žilina","Staré mesto",1,5,2972.84,2835.822000,0.0483168549,0.2523570386,expensive
JuOLPMJrkFk,"TUreality s.r.o.","3-room apartment",apartment,"partially renovated","okres Žilina","Staré mesto",1,5,3376.34,2835.822000,0.1906036416,0.2523570386,expensive
JuGqA0i3EO8,"DreamReality s.r.o.","3-room apartment",apartment,"partially renovated","okres Žilina","Staré mesto",1,5,2362.50,2835.822000,-0.1669082192,0.2523570386,expensive
Ju-lRWjvao3,"RESIDENCE realitná kancelária","2-room apartment",apartment,"partially renovated","okres Liptovský Mikuláš","Staré mesto",1,4,2862.07,2345.485000,0.2202465588,0.0192597764,average
JuBD3ecZzdA,"Realitná kancelária RED, s.r.o.","2-room apartment",apartment,"new construction","okres Žilina",Závodie,1,3,3312.50,3181.266667,0.0412519121,0.1524054311,expensive
Jun4cFPr-JJ,"R2 SK, s.r.o.","2-room apartment",apartment,"new construction","okres Žilina",Závodie,1,3,3212.07,3181.266667,0.0096827259,0.1524054311,expensive
JuYEF2k-qam,"RESIDENCE realitná kancelária","3-room apartment",apartment,unrenovated,"okres Liptovský Mikuláš","Vrbica - Nábrežie",2,3,2085.71,2054.363333,0.0152585799,0.0183786455,average
JudLFAAMGyd,"RESIDENCE realitná kancelária","3-room apartment",apartment,unrenovated,"okres Liptovský Mikuláš","Vrbica - Nábrežie",2,3,2035.13,2054.363333,-0.0093621867,0.0183786455,average
JuN-wthtGNF,"Realitná kancelária","3-room apartment",apartment,"under construction","okres Žilina",Hájik,1,2,2028.61,2686.740000,-0.2449548523,0.0543141680,average
JuQhVUDoHMr,"Felicita Real s. r. o.","2-room apartment",apartment,"fully renovated","okres Martin",Sever,1,3,2189.66,2186.276667,0.0015475320,-0.0770857584,average
Juh1ajbcNdb,"Realitná kancelária","3-room apartment",apartment,unrenovated,"okres Martin",Ľadoveň,1,2,1801.47,1643.980000,0.0957980024,-0.0500191564,average
JuhrMWK4tz6,"RESIDENCE realitná kancelária","3-room apartment",apartment,"fully renovated","okres Liptovský Mikuláš","Staré mesto",1,2,2913.03,3556.515000,-0.1809313331,0.0192597764,average
Juwy9k5pZPS,"Realitné kancelárie SR","holiday apartment",apartment,"new construction","okres Martin",Valča,2,3,3313.64,3121.503333,0.0615526067,-0.1600821041,average
JuLyRXzb7sF,"Reality Alpia","holiday apartment",apartment,"fully renovated","okres Ružomberok",Bešeňová,3,6,3547.62,3848.946667,-0.0782880858,0.1639579970,expensive
Ju_WUvCjVPC,"Reality Alpia","holiday apartment",apartment,"fully renovated","okres Ružomberok",Bešeňová,3,6,3562.65,3848.946667,-0.0743831213,0.1639579970,expensive
JuZUv2TX6Jz,"Reality Alpia","holiday apartment",apartment,"fully renovated","okres Ružomberok",Bešeňová,3,6,3697.75,3848.946667,-0.0392826090,0.1639579970,expensive
Ju7oSLy3Fih,"All 4 Life, s.r.o.","holiday apartment",apartment,"new construction","okres Ružomberok",Hrabovo,1,5,3490.48,3345.338000,0.0433863484,-0.0751349586,average
Ju3Edwy5E9k,"Realitné kancelárie SR","4-room apartment",apartment,"fully renovated","okres Žilina","Staré mesto",1,8,2663.37,2619.811250,0.0166266749,0.2523570386,expensive
JuzAfAnhSmB,"NajBývanie, s.r.o.","4-room apartment",apartment,"partially renovated","okres Martin",Priekopa,1,2,1451.61,1848.255000,-0.2146051275,0.5581583932,premium
Ju1cXQ08ziY,"RK Dalmia s. r. o.","2-room apartment",apartment,"new construction","okres Dolný Kubín",Brezovec,1,2,2585.71,3431.890000,-0.2465638467,-0.0133200384,average
JueZM646cTy,"OREA, s.r.o.","holiday apartment",apartment,"new construction","okres Ružomberok",Bešeňová,1,7,3872.50,3519.351429,0.1003447874,0.1639579970,expensive
JuR8QLXp0Yx,"Direct Real, spol. s r.o.","3-room apartment",apartment,"partially renovated","okres Ružomberok",Roveň,1,2,2013.89,1700.675000,0.1841709909,-0.1214065324,average
JuEVkw9ddDA,"Reality ASTORIA, s.r.o.","3-room apartment",apartment,"partially renovated","okres Martin",Stred,1,6,1820.32,1915.233333,-0.0495570599,0.1938109699,expensive
Ju-1tp0yEDG,"FINREA - ak vám záleží na výsledku","3-room apartment",apartment,"partially renovated","okres Martin",Stred,1,6,1527.78,1915.233333,-0.2023008509,0.1938109699,expensive
JuxyNbJ2-r9,"Reality Alpia","holiday apartment",apartment,"partially renovated","okres Ružomberok",Hrabovo,1,2,2676.06,2507.150000,0.0673713180,-0.0751349586,average
JuEOy8Ch_fK,"Reinoo a.s.","4-room apartment",apartment,"new construction","okres Žilina",Vlčince,2,6,2720.78,3105.326667,-0.1238345296,0.3903450643,expensive
Juz-nuV7qfY,"DreamReality s.r.o.","4-room apartment",apartment,"new construction","okres Žilina",Vlčince,1,6,2761.59,3105.326667,-0.1106925950,0.3903450643,expensive
Ju9DwSC6oJu,"RK Dalmia s. r. o.","2-room apartment",apartment,"fully renovated","okres Ružomberok",Polík,1,2,2142.86,2080.360000,0.0300428772,-0.3827579123,cheap
JumX8n0CV3C,"Realitná kancelária","1-room apartment",apartment,"under construction","okres Žilina",Hájik,1,2,3611.20,3771.195000,-0.0424255442,0.0543141680,average
JuIYGEaJFQ7,G-REAL,"2-room apartment",apartment,"new construction","okres Liptovský Mikuláš","Demänovská Dolina",2,6,4500.00,5274.893333,-0.1469021806,0.8422820105,premium
JuGV5aus1Gq,"WFG reality, s.r.o.","3-room apartment",apartment,unrenovated,"okres Kysucké Nové Mesto",Kamence,1,2,1943.06,2170.250000,-0.1046837922,-0.0370425050,average
JuNPxF24aaA,"Realitná kancelária RED, s.r.o.","4-room apartment",apartment,"fully renovated","okres Žilina",Vlčince,1,4,2388.89,2507.260000,-0.0472108995,0.3903450643,expensive
JuRxO-wu66d,"LAVENTURA s.r.o.","4-room apartment",apartment,"fully renovated","okres Žilina",Vlčince,1,4,2500.00,2507.260000,-0.0028955912,0.3903450643,expensive
JuaEFYi_BYt,"Realitné kancelárie SR","2-room apartment",apartment,"new construction","okres Liptovský Mikuláš","Staré mesto",1,6,2715.42,3192.753333,-0.1495052336,0.0192597764,average
JuKqTd0J1IQ,"RESIDENCE realitná kancelária","2-room apartment",apartment,"new construction","okres Liptovský Mikuláš","Staré mesto",3,6,2650.00,3192.753333,-0.1699953853,0.0192597764,average
Jul5uPR1of1,"RESIDENCE realitná kancelária","2-room apartment",apartment,"new construction","okres Liptovský Mikuláš","Staré mesto",3,6,3214.29,3192.753333,0.0067454841,0.0192597764,average
JutKisdKgjR,"RESIDENCE realitná kancelária","2-room apartment",apartment,"new construction","okres Liptovský Mikuláš","Staré mesto",3,6,2770.03,3192.753333,-0.1324008744,0.0192597764,average
JuU5AQijDSV,G-REAL,"2-room apartment",apartment,"new construction","okres Liptovský Mikuláš","Staré mesto",2,6,3937.73,3192.753333,0.2333336119,0.0192597764,average
JuniaoRdvqE,G-REAL,"2-room apartment",apartment,"new construction","okres Liptovský Mikuláš","Staré mesto",2,6,3869.05,3192.753333,0.2118223979,0.0192597764,average
Ju9BdsvYTHj,"Teraz, a.s.","4-room apartment",apartment,"development project","okres Žilina","Staré mesto",1,4,5654.99,4174.330000,0.3547060247,0.2523570386,expensive
JuUW30jCiXY,"sunnyreal s.r.o.","3-room apartment",apartment,"fully renovated","okres Liptovský Mikuláš",Podbreziny,1,3,2364.86,2351.180000,0.0058183550,0.1311195283,expensive
JuU7r63X4wA,"AstonReal s.r.o.","3-room apartment",apartment,"fully renovated","okres Liptovský Mikuláš",Podbreziny,1,3,2427.14,2351.180000,0.0323071819,0.1311195283,expensive
Jug3tmEab8dn,"TUreality s.r.o.","3-room apartment",apartment,"fully renovated","okres Liptovský Mikuláš",Podbreziny,1,3,2261.54,2351.180000,-0.0381255370,0.1311195283,expensive
JunhLdbpvMU,"Buby reality, s.r.o.","3-room apartment",apartment,"new construction","okres Martin",Stred,2,4,2669.46,2616.540000,0.0202251829,0.1938109699,expensive
JufWdbgp6A3,"TARGETreal s. r. o.","3-room apartment",apartment,"new construction","okres Martin",Stred,1,4,1960.78,2616.540000,-0.2506210492,0.1938109699,expensive
JuYp1Zctty0,"Reality Alpia","2-room apartment",apartment,"partially renovated","okres Martin",Turany,1,2,1875.00,1875.000000,0.0000000000,-0.3267598337,cheap
Juwpt8fo8iw,"KARIN & PARTNERS, s.r.o.","3-room apartment",apartment,unrenovated,"okres Martin",Sever,1,3,2062.50,2039.956667,0.0110508882,-0.0770857584,average
Jujvvp196-y,"TUreality s.r.o.","2-room apartment",apartment,"partially renovated","okres Žilina","Staré mesto",1,4,2980.77,2992.877500,-0.0040454379,0.2523570386,expensive
JuXqaBy1YwX,"Realitné kancelárie SR","2-room apartment",apartment,"partially renovated","okres Žilina","Staré mesto",1,4,3129.63,2992.877500,0.0456926486,0.2523570386,expensive
JuFQj_B37XO,"ROMDOM, s. r. o","2-room apartment",apartment,"partially renovated","okres Žilina","Staré mesto",1,4,3222.22,2992.877500,0.0766294310,0.2523570386,expensive
JuZWfK8jXMU,"YFE, s.r.o.","2-room apartment",apartment,"fully renovated","okres Liptovský Mikuláš","Vrbica - Nábrežie",1,3,2208.03,2879.096667,-0.2330823674,0.0183786455,average
JuHfT6EkWLg,"J.M.H. s.r.o.","2-room apartment",apartment,"fully renovated","okres Liptovský Mikuláš","Vrbica - Nábrežie",1,3,3737.83,2879.096667,0.2982648491,0.0183786455,average
Julrxc4m4jW,"MGM reality","2-room apartment",apartment,"fully renovated","okres Žilina",Solinky,1,2,3539.80,3519.900000,0.0056535697,0.2478511254,expensive
JuxK_a_NiWB,"NajBývanie, s.r.o.","2-room apartment",apartment,"fully renovated","okres Ružomberok",Roveň,1,2,2173.91,2049.920000,0.0604852872,-0.1214065324,average
Juacbmz9XNp,"Reality Alpia","2-room apartment",apartment,"fully renovated","okres Ružomberok",Roveň,1,2,1925.93,2049.920000,-0.0604852872,-0.1214065324,average
Juga_SyTI4R,"RE/MAX Slovakia","2-room apartment",apartment,"new construction","okres Liptovský Mikuláš","Liptovská Mara - Tatralandia",1,2,3428.57,3714.285000,-0.0769232840,0.2562966035,expensive
JulVwlSvctK,"Prvá Realitná Kancelária, s.r.o.","2-room apartment",apartment,"new construction","okres Liptovský Mikuláš","Liptovská Mara - Tatralandia",1,2,4000.00,3714.285000,0.0769232840,0.2562966035,expensive
JuE40RXyw1_,"Realitná kancelária RED, s.r.o.","2-room apartment",apartment,"new construction","okres Žilina",Hájik,1,5,3599.80,3481.932000,0.0338513216,0.0543141680,average
JuQPXllO6ks,"ODEKO manažment s.r.o.","2-room apartment",apartment,"new construction","okres Žilina",Hájik,3,5,3652.78,3481.932000,0.0490670122,0.0543141680,average
Juh13qbi4yL,"ODEKO manažment s.r.o.","2-room apartment",apartment,"new construction","okres Žilina",Hájik,3,5,3183.63,3481.932000,-0.0856714031,0.0543141680,average
JuLxu_TUApX,"ODEKO manažment s.r.o.","2-room apartment",apartment,"new construction","okres Žilina",Hájik,3,5,3373.47,3481.932000,-0.0311499478,0.0543141680,average
JuSBcLlOavm,"RIEŠIME BÝVANIE","2-room apartment",apartment,"new construction","okres Žilina",Hájik,1,5,3599.98,3481.932000,0.0339030171,0.0543141680,average
JufTJtipeK4,"Felicita Real s. r. o.","3-room apartment",apartment,"fully renovated","okres Martin",Ľadoveň,1,2,2510.77,2472.775000,0.0153653284,-0.0500191564,average
Ju1eGXbZzUb,"Wealth Group, s.r.o.","3-room apartment",apartment,unrenovated,"okres Žilina",Vlčince,1,3,2498.33,2566.063333,-0.0263958150,0.3903450643,expensive
JuMvD_EgmbK,"RIEŠIME BÝVANIE","3-room apartment",apartment,"fully renovated","okres Žilina",Hliny,2,3,4150.00,3489.726667,0.1892048851,0.1148469549,expensive
JueA04xvA0H,"RIEŠIME BÝVANIE","3-room apartment",apartment,"fully renovated","okres Žilina",Hliny,2,3,3484.85,3489.726667,-0.0013974352,0.1148469549,expensive
JuyxsUVgHii,"RK Dalmia s. r. o.","4-room apartment",apartment,"fully renovated","okres Dolný Kubín",Brezovec,1,2,2191.01,2287.120000,-0.0420222813,-0.0133200384,average
JuqDc5JA0z2,"OREA, s.r.o.","4-room apartment",apartment,"fully renovated","okres Dolný Kubín",Brezovec,1,2,2383.23,2287.120000,0.0420222813,-0.0133200384,average
JuOF4HNBZNF,"TUreality s.r.o.","3-room apartment",apartment,"partially renovated","okres Ružomberok",Ľubochňa,1,2,1666.53,1653.780000,0.0077096107,0.1896032118,expensive
Juk34S4WJno,"MGM reality","3-room apartment",apartment,unrenovated,"okres Žilina",Hliny,1,4,1843.47,2365.402500,-0.2206527219,0.1148469549,expensive
JuXHjhU272A,"Reality IQ, s.r.o.","3-room apartment",apartment,unrenovated,"okres Žilina",Hliny,1,4,2498.44,2365.402500,0.0562430707,0.1148469549,expensive
JuA0NKQExXq,"Pro Real, s. r. o. realitná kancelária","3-room apartment",apartment,unrenovated,"okres Žilina",Hliny,1,4,2119.70,2365.402500,-0.1038734423,0.1148469549,expensive
Jub_GkQafv9,"B10 Slovensko, a. s.","2-room apartment",apartment,"fully renovated","okres Martin",Podháj,1,2,2355.93,2291.175000,0.0282627909,-0.0565874862,average
JulmjMPVf2y,"Constario REALTY s.r.o.","4-room apartment",apartment,"fully renovated","okres Martin",Stred,1,3,2667.42,2389.036667,0.1165253497,0.1938109699,expensive
JutAxM54sI9,"Realitná kancelária","2-room apartment",apartment,"partially renovated","okres Martin",Sever,1,4,1756.76,1866.377500,-0.0587327590,-0.0770857584,average
JudVZxPODEn,"Realitná kancelária RED, s.r.o.","3-room apartment",apartment,"fully renovated","okres Žilina",Solinky,1,2,2685.71,2592.855000,0.0358118753,0.2478511254,expensive
JuNgEGp-EQa,"Reality Alpia","holiday apartment",apartment,"fully renovated","okres Liptovský Mikuláš","Liptovský Ján",1,2,3438.60,3384.775000,0.0159020910,0.0520721470,average
JuuvunHgeuI,"RE/MAX Slovakia","2-room apartment",apartment,"partially renovated","okres Tvrdošín",Medvedzie,1,2,2115.37,2015.185000,0.0497150386,-0.0960272336,average
Judr92_ylzz,"TUreality s.r.o.","2-room apartment",apartment,"partially renovated","okres Tvrdošín",Medvedzie,1,2,1915.00,2015.185000,-0.0497150386,-0.0960272336,average
Ju1uEl1Mf6f,"Romantické Chalupy, s.r.o.","holiday apartment",apartment,unrenovated,"okres Ružomberok",Hrabovo,1,3,3648.65,3371.286667,0.0822722481,-0.0751349586,average
JuDXnrUS-p1,"Reality Alpia","holiday apartment",apartment,unrenovated,"okres Ružomberok",Hrabovo,2,3,3450.13,3371.286667,0.0233867187,-0.0751349586,average
JuyFJFlxmNe,"Reality Alpia","holiday apartment",apartment,unrenovated,"okres Ružomberok",Hrabovo,2,3,3015.08,3371.286667,-0.1056589671,-0.0751349586,average
Ju-cA70OjPb,"TUreality s.r.o.","2-room apartment",apartment,"new construction","okres Liptovský Mikuláš","Liptovský Ján",1,2,3428.57,3399.770000,0.0084711613,0.0520721470,average
Ju1swh97q_w,"RE/MAX Slovakia","2-room apartment",apartment,"new construction","okres Liptovský Mikuláš","Liptovský Ján",1,2,3370.97,3399.770000,-0.0084711613,0.0520721470,average
JueVg_uFAEX,"Like Reality s.r.o.","3-room apartment",apartment,"partially renovated","okres Martin",Záturčie,1,2,1985.29,2024.875000,-0.0195493549,-0.1261345316,average
JuuDv2Zd85o,"TUreality s.r.o.","3-room apartment",apartment,"new construction","okres Žilina",Bôrik,1,2,3737.86,3711.035000,0.0072284417,0.6153654994,premium
JuCX2-0gKW3,"RK SPIRIT s.r.o.","4-room apartment",apartment,"fully renovated","okres Liptovský Mikuláš",Demänová,1,2,4101.69,3718.220000,0.1031326818,0.3687411694,expensive
JuupBH8LvJz,G-REAL,"2-room apartment",apartment,"new construction","okres Liptovský Mikuláš",Demänová,2,4,4018.87,4202.042500,-0.0435913011,0.3687411694,expensive
JuviN4c9fMi,G-REAL,"2-room apartment",apartment,"new construction","okres Liptovský Mikuláš",Demänová,2,4,3444.44,4202.042500,-0.1802938690,0.3687411694,expensive
Ju-D0j5Tx8q,"Realitná kancelária","3-room apartment",apartment,"partially renovated","okres Martin",Sever,1,3,2380.95,2178.613333,0.0928740607,-0.0770857584,average
JuH66opZMTi,"TUreality s.r.o.","3-room apartment",apartment,"partially renovated","okres Martin",Sever,1,3,2076.92,2178.613333,-0.0466780091,-0.0770857584,average
JuZqmgmus3f,"Realitná kancelária","3-room apartment",apartment,"partially renovated","okres Martin",Turany,1,3,1785.71,1826.186667,-0.0221645836,-0.3267598337,cheap
Ju7EPTNZ0Hy,"Like Reality s.r.o.","3-room apartment",apartment,"partially renovated","okres Martin",Turany,1,3,1907.14,1826.186667,0.0443291666,-0.3267598337,cheap
Ju3ft9crnfA,"TUreality s.r.o.","3-room apartment",apartment,"fully renovated","okres Dolný Kubín","Veľký Bysterec",2,3,2333.33,2567.266667,-0.0911228545,-0.0414252883,average
JuMfaZM03jX,"TUreality s.r.o.","3-room apartment",apartment,"fully renovated","okres Dolný Kubín","Veľký Bysterec",2,3,2578.13,2567.266667,0.0042314782,-0.0414252883,average
Ju7faBpvibU,"Realitná kancelária","3-room apartment",apartment,"fully renovated","okres Martin",Záturčie,1,2,2312.40,2026.985000,0.1408076527,-0.1261345316,average
Ju3xvc6aD2Y,"RESIDENCE realitná kancelária","holiday apartment",apartment,"new construction","okres Liptovský Mikuláš","Liptovský Ján",1,3,3390.37,4095.710000,-0.1722143413,0.0520721470,average
JuEhBGLGdyB,"RE/MAX Slovakia","3-room apartment",apartment,"partially renovated","okres Martin",Košúty,1,4,1844.62,1908.000000,-0.0332180294,-0.0359532987,average
JuwdgQhbLJx,"Realitná kancelária","3-room apartment",apartment,"partially renovated","okres Martin",Košúty,1,4,1917.81,1908.000000,0.0051415094,-0.0359532987,average
Juh7IlKkDn_,"Direct Real, spol. s r.o.","4-room apartment",apartment,"partially renovated","okres Liptovský Mikuláš",Belánska,1,2,1495.24,1758.930000,-0.1499150051,-0.1337610256,average
JuzIKTQ0UvK,"HALO reality, s.r.o.","4-room apartment",apartment,"partially renovated","okres Liptovský Mikuláš",Belánska,1,2,2022.62,1758.930000,0.1499150051,-0.1337610256,average
JuHOcENm8Ia,"AstonReal s.r.o.","2-room apartment",apartment,"partially renovated","okres Liptovský Mikuláš","Vrbica - Nábrežie",1,3,2660.00,2439.333333,0.0904618750,0.0183786455,average
JuXGzvpMBBm,"HALO reality, s.r.o.","2-room apartment",apartment,"partially renovated","okres Liptovský Mikuláš","Vrbica - Nábrežie",1,3,2000.00,2439.333333,-0.1801038534,0.0183786455,average
JutRcPoSw48,"DRR INVEST, s. r. o.","3-room apartment",apartment,"partially renovated","okres Žilina",Vlčince,1,2,2301.32,2454.285000,-0.0623256875,0.3903450643,expensive
JuTBd7ApfBa,"Eli real realitná kancelária","1-room apartment",apartment,"new construction","okres Martin",Priekopa,1,3,3059.88,3229.120000,-0.0524105639,0.5581583932,premium
JuAo_CCFbGo,"TARGETreal s. r. o.","1-room apartment",apartment,"new construction","okres Martin",Priekopa,1,3,3155.26,3229.120000,-0.0228731047,0.5581583932,premium
JuAjD-DNY5d,"Gro & Partners","studio apartment",apartment,"fully renovated","okres Žilina",Vlčince,1,2,5428.57,5452.265000,-0.0043459003,0.3903450643,expensive
Jud2teyAuDu,"RESIDENCE realitná kancelária","1-room apartment",apartment,"new construction","okres Liptovský Mikuláš","Demänovská Dolina",1,2,7394.63,6086.395000,0.2149441500,0.8422820105,premium
JuQ9TAROpsL,"PhDr. Miloš Kocúr - BKM Consulting","3-room apartment",apartment,"fully renovated","okres Čadca",Centrum,1,2,1797.30,1582.475000,0.1357525395,-0.1545623997,average
JuPAGeZeFHi,"FINREA - ak vám záleží na výsledku","2-room apartment",apartment,unrenovated,"okres Dolný Kubín",Brezovec,1,3,2181.18,2106.426667,0.0354882200,-0.0133200384,average
JuI7RPoOfX3,"Reality IQ, s.r.o.","3-room apartment",apartment,"partially renovated","okres Čadca",Stred,2,3,1798.42,1877.983333,-0.0423663680,-0.1367068093,average
JuEvHi31Kuc,"Realitná kancelária RED, s.r.o.","3-room apartment",apartment,"new construction","okres Žilina","Staré mesto",1,9,2708.33,3410.800000,-0.2059546148,0.2523570386,expensive
JuUPYByvH-3,"KORSO Project, s.r.o.","4-room apartment",apartment,"new construction","okres Žilina","Staré mesto",3,7,3828.28,3508.330000,0.0911972363,0.2523570386,expensive
Jukzit6pFoZ,"Constario REALTY s.r.o.","2-room apartment",apartment,"fully renovated","okres Martin",Stred,1,8,2711.36,2590.823750,0.0465242956,0.1938109699,expensive
JuNO1HdGb3E,"Buby reality, s.r.o.","2-room apartment",apartment,"fully renovated","okres Martin",Stred,1,8,3054.55,2590.823750,0.1789879570,0.1938109699,expensive
JudIm98MNcc,"Realitná kancelária RED, s.r.o.","3-room apartment",apartment,"fully renovated","okres Žilina",Vlčince,1,5,2549.28,2883.514000,-0.1159120434,0.3903450643,expensive
Ju8T6cE3M46O,"ARCHEUS Partners a.s.","2-room apartment",apartment,"new construction","okres Ružomberok",Hrabovo,1,3,3330.77,3702.066667,-0.1002944302,-0.0751349586,average
JuAFSeapxAr,"ODEKO manažment s.r.o.","4-room apartment",apartment,"new construction","okres Žilina",Hájik,1,3,3049.00,2623.350000,0.1622543694,0.0543141680,average
JucEibGbMaV,"RK SPIRIT s.r.o.","holiday apartment",apartment,"new construction","okres Liptovský Mikuláš",Demänová,3,11,3303.80,4467.148182,-0.2604230114,0.3687411694,expensive
Ju1KgFqJaOR,"REALITY FAIR","2-room apartment",apartment,"new construction","okres Liptovský Mikuláš","Malé Borové",1,7,2458.14,3233.665714,-0.2398286597,-0.2016382432,average
Ju7pt9GBh0f,"Reality Alpia","4-room apartment",apartment,"partially renovated","okres Martin",Ľadoveň,1,2,2349.40,2269.375000,0.0352630129,-0.0500191564,average
JuTcgjCG15n,"B10 Slovensko, a. s.","2-room apartment",apartment,"partially renovated","okres Žilina",Hájik,1,3,3200.00,2900.353333,0.1033138492,0.0543141680,average
JuwnuvEmJ5E,"RK Dalmia s. r. o.","3-room apartment",apartment,"new construction","okres Námestovo",Zubrohlava,1,2,2570.65,2012.825000,0.2771353694,-0.4719670082,cheap
Juq7WGTR85M,"HD reality group s.r.o","2-room apartment",apartment,"partially renovated","okres Tvrdošín",Trstená,1,2,1984.00,1992.000000,-0.0040160643,-0.1022729935,average
JuLSY56QzCa,"Reality ASTORIA, s.r.o.","3-room apartment",apartment,"partially renovated","okres Martin","Horné Vrútky",1,6,1764.59,1730.700000,0.0195816722,-0.1079089088,average
JuuKGKckyxy,"Reality MT s.r.o.","3-room apartment",apartment,"partially renovated","okres Martin","Horné Vrútky",1,6,1911.76,1730.700000,0.1046166291,-0.1079089088,average
JupVQ9BHiZG,"Realitná kancelária RED, s.r.o.","2-room apartment",apartment,unrenovated,"okres Žilina",Hliny,1,4,2692.31,2579.510000,0.0437292354,0.1148469549,expensive
Juwwl8fsexY,"Top Real Košice s.r.o.","holiday apartment",apartment,"fully renovated","okres Ružomberok",Hrabovo,1,4,3012.26,3120.340000,-0.0346372511,-0.0751349586,average
JudjVeywOJE,"AstonReal s.r.o.","2-room apartment",apartment,unrenovated,"okres Martin",Sever,1,3,1964.91,1981.350000,-0.0082973730,-0.0770857584,average
Juc7SyZSucw0,"United Professionals s.r.o.","holiday apartment",apartment,"new construction","okres Liptovský Mikuláš","Demänovská Dolina",1,36,5972.22,5609.228333,0.0647132984,0.8422820105,premium
Ju4uaW2Y4yL,"DLUGO reality","holiday apartment",apartment,"new construction","okres Liptovský Mikuláš","Demänovská Dolina",1,36,6725.45,5609.228333,0.1989973666,0.8422820105,premium
JuJeYUPavsEk,"RESIDENCE realitná kancelária","holiday apartment",apartment,"new construction","okres Liptovský Mikuláš","Demänovská Dolina",14,36,7804.88,5609.228333,0.3914356016,0.8422820105,premium
JuQ4A208KjZ,"RESIDENCE realitná kancelária","holiday apartment",apartment,"new construction","okres Liptovský Mikuláš","Demänovská Dolina",14,36,7160.49,5609.228333,0.2765552719,0.8422820105,premium
JuFzBbUk-Xv,"RESIDENCE realitná kancelária","holiday apartment",apartment,"new construction","okres Liptovský Mikuláš","Demänovská Dolina",14,36,6402.44,5609.228333,0.1414119055,0.8422820105,premium
JuRBfIzNbvG,"RESIDENCE realitná kancelária","holiday apartment",apartment,"new construction","okres Liptovský Mikuláš","Demänovská Dolina",14,36,6992.71,5609.228333,0.2466438492,0.8422820105,premium
JumCrfhYhfV,"RESIDENCE realitná kancelária","holiday apartment",apartment,"new construction","okres Liptovský Mikuláš","Demänovská Dolina",14,36,5480.77,5609.228333,-0.0229012487,0.8422820105,premium
JuKdeWhe2o7,Limaxreal,"holiday apartment",apartment,"new construction","okres Liptovský Mikuláš","Demänovská Dolina",1,36,4736.84,5609.228333,-0.1555273348,0.8422820105,premium
Ju0Ee02A6Iy,"HMS Services, a. s.","2-room apartment",apartment,"new construction","okres Žilina",Vlčince,1,10,3514.10,3595.462000,-0.0226290808,0.3903450643,expensive
Ju5SD8mmuUt,"Financial Hotels Management, s.r.o.","2-room apartment",apartment,"new construction","okres Žilina","Staré mesto",2,8,4006.94,3751.466250,0.0680997063,0.2523570386,expensive
JuCzDBx82gn,"BeMi realitná kancelária","2-room apartment",apartment,"partially renovated","okres Ružomberok","Staré mesto",1,2,2048.56,2154.175000,-0.0490280502,-0.1477842693,average
Ju0CrnhCGrs,"MGM reality","4-room apartment",apartment,"partially renovated","okres Žilina","Staré mesto",1,3,2076.88,2360.743333,-0.1202432001,0.2523570386,expensive
JuCSthEMyi8,"R2 SK, s.r.o.","4-room apartment",apartment,"partially renovated","okres Žilina","Staré mesto",1,3,2488.11,2360.743333,0.0539519334,0.2523570386,expensive
JuF5xNSQO5x,"BeMi realitná kancelária","1-room apartment",apartment,"partially renovated","okres Čadca",Žarec,1,3,2552.63,2431.283333,0.0499105412,-0.0922307487,average
Ju8ym9e1pKJ,"1. Reality Rent, s.r.o.","1-room apartment",apartment,"partially renovated","okres Čadca",Žarec,1,3,2400.00,2431.283333,-0.0128670043,-0.0922307487,average
JuGfQvKSzkr,"Reality Center, s.r.o.","3-room apartment",apartment,unrenovated,"okres Martin",Záturčie,1,4,1551.32,1655.357500,-0.0628489616,-0.1261345316,average
Juip-IYlQVA,"Realitná kancelária","3-room apartment",apartment,unrenovated,"okres Martin",Záturčie,1,4,1500.00,1655.357500,-0.0938513282,-0.1261345316,average
JuAZvxGvcMl,"Realitné kancelárie SR","2-room apartment",apartment,"fully renovated","okres Žilina","Staré mesto",2,12,2800.00,2789.291667,0.0038390869,0.2523570386,expensive
JuWIHesej0g,"MGM reality","2-room apartment",apartment,"fully renovated","okres Žilina","Staré mesto",1,12,2228.57,2789.291667,-0.2010265451,0.2523570386,expensive
Ju0XKwDGI6a,"STAREA, s. r. o.","2-room apartment",apartment,"fully renovated","okres Žilina","Staré mesto",1,12,2257.73,2789.291667,-0.1905722780,0.2523570386,expensive
JuudHQ4gWHh,"EASY centrum bývania, s.r.o.","2-room apartment",apartment,"fully renovated","okres Žilina","Staré mesto",1,12,3829.55,2789.291667,0.3729471340,0.2523570386,expensive
Juc4p__s1-a,"Realitné kancelárie SR","2-room apartment",apartment,"fully renovated","okres Žilina","Staré mesto",2,12,2800.00,2789.291667,0.0038390869,0.2523570386,expensive
Ju6LKRO0_U9,"Realitná kancelária RED, s.r.o.","2-room apartment",apartment,"fully renovated","okres Žilina","Staré mesto",2,12,3296.30,2789.291667,0.1817695650,0.2523570386,expensive
JuhRFtZO6yy,"Realitná kancelária RED, s.r.o.","2-room apartment",apartment,"fully renovated","okres Žilina","Staré mesto",2,12,2892.31,2789.291667,0.0369335105,0.2523570386,expensive
JujhD3lGKSF,"JKV REAL","2-room apartment",apartment,"fully renovated","okres Žilina",Vlčince,1,4,2544.78,2931.480000,-0.1319128904,0.3903450643,expensive
JuhS9MQTC4v,"Realitná kancelária RED, s.r.o.","2-room apartment",apartment,"fully renovated","okres Žilina",Vlčince,1,4,2549.28,2931.480000,-0.1303778296,0.3903450643,expensive
JuOBBX6-RMz,"TARGETreal s. r. o.","2-room apartment",apartment,"new construction","okres Martin",Stred,1,6,2500.00,2769.700000,-0.0973751670,0.1938109699,expensive
JueB0gAOmwn,"B10 Slovensko, a. s.","2-room apartment",apartment,"partially renovated","okres Žilina",Hliny,1,5,2734.38,2605.696000,0.0493856536,0.1148469549,expensive
JuU_yP2Leq5,"ROMDOM, s. r. o","2-room apartment",apartment,"partially renovated","okres Žilina",Hliny,2,5,2428.57,2605.696000,-0.0679764639,0.1148469549,expensive
Juuzq73KdvI,"ROMDOM, s. r. o","2-room apartment",apartment,"partially renovated","okres Žilina",Hliny,2,5,2338.24,2605.696000,-0.1026428256,0.1148469549,expensive
JuA6AvNGWkt,"XEMAR realitná spoločnosť s.r.o.","2-room apartment",apartment,"fully renovated","okres Liptovský Mikuláš","Staré mesto",1,9,2222.42,2172.504444,0.0229760432,0.0192597764,average
Ju7k48dIljM,"HALO reality, s.r.o.","2-room apartment",apartment,"fully renovated","okres Liptovský Mikuláš","Staré mesto",2,9,2292.31,2172.504444,0.0551462881,0.0192597764,average
JudGtDjR-sv,"HALO reality, s.r.o.","2-room apartment",apartment,"fully renovated","okres Liptovský Mikuláš","Staré mesto",2,9,2075.95,2172.504444,-0.0444438419,0.0192597764,average
JuqLWeKD7Wh,liptoreal,"2-room apartment",apartment,unrenovated,"okres Liptovský Mikuláš",Podbreziny,1,3,2200.00,2122.606667,0.0364614576,0.1311195283,expensive
JuxCreRo0qw,"Financial Hotels Management, s.r.o.","1-room apartment",apartment,"new construction","okres Žilina","Staré mesto",1,14,4359.09,4092.061429,0.0652552694,0.2523570386,expensive
JuSXCvc_TgO,"Realitná kancelária","2-room apartment",apartment,"under construction","okres Žilina",Hájik,1,2,3281.21,3414.465000,-0.0390266118,0.0543141680,average
JuL6Lg1QL2c,"Realitná kancelária","2-room apartment",apartment,"partially renovated","okres Martin",Priekopa,1,3,2068.97,1915.433333,0.0801576669,0.5581583932,premium
JuZJo0wlRRU,donidDevelop,"1-room apartment",apartment,"new construction","okres Ružomberok","Liptovská Teplá",1,2,2927.59,2853.905000,0.0258190094,-0.1923099166,average
Ju0lAAcuMC-,"B10 Slovensko, a. s.","3-room apartment",apartment,"partially renovated","okres Žilina","Staré mesto",1,5,3349.90,2835.822000,0.1812800662,0.2523570386,expensive
JuvUgr_LkF7,"Bosen Group s.r.o.","3-room apartment",apartment,"new construction","okres Liptovský Mikuláš","Liptovská Ondrašová",1,2,3527.51,2990.960000,0.1793905636,0.1723179955,expensive
JuB0hydoQt_,"ADOMOS REAL s.r.o.","2-room apartment",apartment,"partially renovated","okres Liptovský Mikuláš","Staré mesto",1,4,2088.61,2345.485000,-0.1095189268,0.0192597764,average
JukyEz3oR2iD,"Direct Real, spol. s r.o.","2-room apartment",apartment,"partially renovated","okres Liptovský Mikuláš","Staré mesto",1,4,2103.51,2345.485000,-0.1031662961,0.0192597764,average
JujnVWbv0Ea,"Reality Simply","3-room apartment",apartment,unrenovated,"okres Martin","Horné Vrútky",1,2,1517.65,1640.590000,-0.0749364558,-0.1079089088,average
Juz4W9SDfoY,"RENOME REAL","2-room apartment",apartment,"partially renovated","okres Žilina",Solinky,1,3,2980.00,3171.620000,-0.0604170739,0.2478511254,expensive
Ju0_qpYyImE,"KA Real","1-room apartment",apartment,"fully renovated","okres Liptovský Mikuláš","Staré mesto",2,4,3228.62,2357.472500,0.3695260496,0.0192597764,average
JuzOH2MtpxX,"NajBývanie, s.r.o.","2-room apartment",apartment,"fully renovated","okres Martin",Sever,1,3,1937.50,2186.276667,-0.1137901121,-0.0770857584,average
Juo8hsv1xWR,"Realitné kancelárie SR","holiday apartment",apartment,"new construction","okres Martin",Valča,2,3,2235.08,3121.503333,-0.2839732137,-0.1600821041,average
Ju_IKpLJHsv,"OREA, s.r.o.","holiday apartment",apartment,"fully renovated","okres Ružomberok",Bešeňová,1,6,4677.42,3848.946667,0.2152467687,0.1639579970,expensive
JukBksFoVDN,"Domovia s. r. o.","holiday apartment",apartment,"new construction","okres Ružomberok",Hrabovo,1,5,3023.81,3345.338000,-0.0961122613,-0.0751349586,average
JuzSVrg19-5,"OREA, s.r.o.","3-room apartment",apartment,"new construction","okres Dolný Kubín",Stred,2,4,3100.00,2949.377500,0.0510692511,-0.0526228776,average
JuUaKO5dYge,"OREA, s.r.o.","3-room apartment",apartment,"new construction","okres Dolný Kubín",Stred,2,4,3071.08,2949.377500,0.0412637921,-0.0526228776,average
Ju8gkOV9Ua-,"RK SPIRIT s.r.o.","holiday apartment",apartment,"new construction","okres Ružomberok",Bešeňová,2,7,3960.40,3519.351429,0.1253209803,0.1639579970,expensive
JunNE3gm3lK,"RK SPIRIT s.r.o.","holiday apartment",apartment,"new construction","okres Ružomberok",Bešeňová,2,7,3470.59,3519.351429,-0.0138552316,0.1639579970,expensive
JuxqWwCd3Bc,"Reality Alpia","holiday apartment",apartment,"new construction","okres Ružomberok",Bešeňová,1,7,3547.62,3519.351429,0.0080323240,0.1639579970,expensive
JulVRQnK87Q,"BeMi realitná kancelária","3-room apartment",apartment,"partially renovated","okres Čadca",Kyčerka,1,2,1837.50,2025.675000,-0.0928949609,-0.1622971331,average
JuFa19Ow0Dt,"Felicita Real s. r. o.","3-room apartment",apartment,"partially renovated","okres Martin",Stred,1,6,1885.96,1915.233333,-0.0152844734,0.1938109699,expensive
Juf6pNtbqh1,"RE/MAX Slovakia","3-room apartment",apartment,"partially renovated","okres Martin",Stred,1,6,2125.00,1915.233333,0.1095253844,0.1938109699,expensive
JuqQMoNXFYc,"Reality Center, s.r.o.","3-room apartment",apartment,"partially renovated","okres Martin",Stred,1,6,1885.96,1915.233333,-0.0152844734,0.1938109699,expensive
Ju9UkKAGv88,"Realitná kancelária RED, s.r.o.","4-room apartment",apartment,"new construction","okres Žilina",Vlčince,1,6,2863.64,3105.326667,-0.0778297078,0.3903450643,expensive
Julb0pINzt_,"Piata Avenue","4-room apartment",apartment,"new construction","okres Žilina",Vlčince,1,6,2863.64,3105.326667,-0.0778297078,0.3903450643,expensive
JuMCWySZsct,"Reinoo a.s.","4-room apartment",apartment,"new construction","okres Žilina",Vlčince,2,6,4279.23,3105.326667,0.3780289351,0.3903450643,expensive
JugCrJ6aqt6,G-REAL,"2-room apartment",apartment,"new construction","okres Liptovský Mikuláš","Demänovská Dolina",2,6,4698.58,5274.893333,-0.1092559217,0.8422820105,premium
JuRMVAMTIbE,"RexDeco s.r.o.","2-room apartment",apartment,"new construction","okres Liptovský Mikuláš","Demänovská Dolina",1,6,6066.67,5274.893333,0.1501028774,0.8422820105,premium
JuiS9BjPEIo,"HD reality group s.r.o","2-room apartment",apartment,"new construction","okres Liptovský Mikuláš","Demänovská Dolina",1,6,4841.71,5274.893333,-0.0821217237,0.8422820105,premium
JuunJga2z_k,"RE/MAX Slovakia","2-room apartment",apartment,"new construction","okres Liptovský Mikuláš","Demänovská Dolina",1,6,5555.56,5274.893333,0.0532080270,0.8422820105,premium
JugsT-r1Fjq,"RECLOUD Reality a.s.","studio apartment",apartment,unrenovated,"okres Martin",Sever,1,2,3080.00,3080.000000,0.0000000000,-0.0770857584,average
JulrtoBvNUl,"MGM reality","4-room apartment",apartment,"fully renovated","okres Žilina",Vlčince,1,4,2709.26,2507.260000,0.0805660362,0.3903450643,expensive
JuX6bDcbxKm,"Reality ASTORIA, s.r.o.","3-room apartment",apartment,"new construction","okres Martin",Stred,1,4,3173.02,2616.540000,0.2126778112,0.1938109699,expensive
JuRHCARxbUa,"Buby reality, s.r.o.","3-room apartment",apartment,"new construction","okres Martin",Stred,2,4,2662.90,2616.540000,0.0177180551,0.1938109699,expensive
JuCqI77KeMc,"Reality MT s.r.o.","2-room apartment",apartment,"partially renovated","okres Martin",Turany,1,2,1875.00,1875.000000,0.0000000000,-0.3267598337,cheap
JulLkJwhVa1,"Realitná kancelária","3-room apartment",apartment,unrenovated,"okres Martin",Sever,1,3,2013.43,2039.956667,-0.0130035444,-0.0770857584,average
Ju7Y_BuXfpd,"Reality Center, s.r.o.","3-room apartment",apartment,unrenovated,"okres Martin",Sever,1,3,2043.94,2039.956667,0.0019526557,-0.0770857584,average
Ju0vPaBxKXU,"RESIDENCE realitná kancelária","2-room apartment",apartment,"fully renovated","okres Liptovský Mikuláš","Vrbica - Nábrežie",1,3,2691.43,2879.096667,-0.0651824821,0.0183786455,average
JuFDFNeJqxq,"Reality D.P.A.","3-room apartment",apartment,"fully renovated","okres Martin",Ľadoveň,1,2,2434.78,2472.775000,-0.0153653284,-0.0500191564,average
JuHXoN0ryfa,"MGM reality","3-room apartment",apartment,unrenovated,"okres Žilina",Vlčince,1,3,3127.91,2566.063333,0.2189527670,0.3903450643,expensive
JuzYHHeYN5Y,"Safe reality s. r. o.","3-room apartment",apartment,unrenovated,"okres Žilina",Vlčince,1,3,2071.95,2566.063333,-0.1925569516,0.3903450643,expensive
JuP28alhfCi,"B10 Slovensko, a. s.","3-room apartment",apartment,"fully renovated","okres Žilina",Hliny,1,3,2834.33,3489.726667,-0.1878074501,0.1148469549,expensive
JuWE0lIaFPD,"TUreality s.r.o.","3-room apartment",apartment,unrenovated,"okres Žilina",Hliny,1,4,3000.00,2365.402500,0.2682830935,0.1148469549,expensive
JuG5b3bSJJl,"LIF REAL","2-room apartment",apartment,"fully renovated","okres Martin",Podháj,1,2,2226.42,2291.175000,-0.0282627909,-0.0565874862,average
Jutms5kvMoG,"TUreality s.r.o.","4-room apartment",apartment,"fully renovated","okres Martin",Stred,1,3,2285.71,2389.036667,-0.0432503479,0.1938109699,expensive
JuVrf5-P_w2,"Reality AK, spol. s r.o.","2-room apartment",apartment,"partially renovated","okres Martin",Sever,1,4,1696.97,1866.377500,-0.0907680788,-0.0770857584,average
JuIVEdX9aqM,"FINREA - ak vám záleží na výsledku","2-room apartment",apartment,"partially renovated","okres Martin",Sever,2,4,1696.97,1866.377500,-0.0907680788,-0.0770857584,average
JunJ76UrnXo,"FINREA - ak vám záleží na výsledku","2-room apartment",apartment,"partially renovated","okres Martin",Sever,2,4,2314.81,1866.377500,0.2402689167,-0.0770857584,average
JuMd5Se4xMY,"Realitná kancelária","3-room apartment",apartment,"fully renovated","okres Martin",Košúty,1,2,2000.00,2015.625000,-0.0077519380,-0.0359532987,average
JunEHNrbeFP,"GERT , s.r.o.","holiday apartment",apartment,"fully renovated","okres Liptovský Mikuláš","Liptovský Ján",1,2,3330.95,3384.775000,-0.0159020910,0.0520721470,average
JukVF1PHUJU,"Reality Center, s.r.o.","3-room apartment",apartment,"partially renovated","okres Martin",Záturčie,1,2,2064.46,2024.875000,0.0195493549,-0.1261345316,average
JuMqUg0JlP-,"BB - REALITY,  s.r.o.","4-room apartment",apartment,"new construction","okres Ružomberok","Staré mesto",1,2,2461.54,2482.890000,-0.0085988505,-0.1477842693,average
Jueqkk2FQTK,"DreamReality s.r.o.","3-room apartment",apartment,"new construction","okres Žilina",Bôrik,1,2,3684.21,3711.035000,-0.0072284417,0.6153654994,premium
JuA1hP6Bd3t,G-REAL,"4-room apartment",apartment,"fully renovated","okres Liptovský Mikuláš",Demänová,1,2,3334.75,3718.220000,-0.1031326818,0.3687411694,expensive
JuoJ6B-WiVu,"RE/MAX Slovakia","2-room apartment",apartment,"new construction","okres Liptovský Mikuláš",Demänová,1,4,4491.53,4202.042500,0.0688920924,0.3687411694,expensive
JuzxsN9HYse,"OVERENÉ REALITY","2-room apartment",apartment,"new construction","okres Liptovský Mikuláš",Demänová,1,4,4853.33,4202.042500,0.1549930778,0.3687411694,expensive
Juwx2mgp7mc,"Reality AK, spol. s r.o.","3-room apartment",apartment,"partially renovated","okres Martin",Sever,1,3,2077.97,2178.613333,-0.0461960512,-0.0770857584,average
JuIW7C6rFGH,"LIF REAL","3-room apartment",apartment,"partially renovated","okres Martin",Turany,1,3,1785.71,1826.186667,-0.0221645836,-0.3267598337,cheap
Juatx6SLjDH,"FINREA - ak vám záleží na výsledku","3-room apartment",apartment,"fully renovated","okres Dolný Kubín","Veľký Bysterec",1,3,2790.34,2567.266667,0.0868913759,-0.0414252883,average
Ju5NSmHtePH,"TARGETreal s. r. o.","3-room apartment",apartment,"fully renovated","okres Martin",Záturčie,1,2,1741.57,2026.985000,-0.1408076527,-0.1261345316,average
JuXRr8c0-gp,"KRUPPKY, s.r.o.","holiday apartment",apartment,"new construction","okres Liptovský Mikuláš","Liptovský Ján",1,3,4858.30,4095.710000,0.1861923818,0.0520721470,average
Juow0UUu95a,"RIEŠIME BÝVANIE","holiday apartment",apartment,"new construction","okres Liptovský Mikuláš","Liptovský Ján",1,3,4038.46,4095.710000,-0.0139780404,0.0520721470,average
JuSWGTnCZur,"MAX PROFI REALITY","3-room apartment",apartment,"partially renovated","okres Martin",Košúty,1,4,2000.00,1908.000000,0.0482180294,-0.0359532987,average
JusbD5cQ3a4,"B10 Slovensko, a. s.","3-room apartment",apartment,"partially renovated","okres Martin",Košúty,1,4,1869.57,1908.000000,-0.0201415094,-0.0359532987,average
Jug8bqAUxzc,"HD reality group s.r.o","2-room apartment",apartment,"partially renovated","okres Liptovský Mikuláš","Vrbica - Nábrežie",1,3,2658.00,2439.333333,0.0896419788,0.0183786455,average
JuYIUYhGIcc,"Realitné kancelárie SR","3-room apartment",apartment,"partially renovated","okres Žilina",Vlčince,1,2,2607.25,2454.285000,0.0623256875,0.3903450643,expensive
JuY2fWI7qOb,"CANGURU s.r.o.","1-room apartment",apartment,"new construction","okres Martin",Priekopa,1,3,3472.22,3229.120000,0.0752836686,0.5581583932,premium
JuN5ogzbwb6,"MGM reality","studio apartment",apartment,"fully renovated","okres Žilina",Vlčince,1,2,5475.96,5452.265000,0.0043459003,0.3903450643,expensive
Ju23LHSYosl,G-REAL,"1-room apartment",apartment,"new construction","okres Liptovský Mikuláš","Demänovská Dolina",1,2,4778.16,6086.395000,-0.2149441500,0.8422820105,premium
Ju5nlrwa9YA,"Vianema s.r.o.","3-room apartment",apartment,"fully renovated","okres Čadca",Centrum,1,2,1367.65,1582.475000,-0.1357525395,-0.1545623997,average
JugoHMXehPQ,"HD reality group s.r.o","2-room apartment",apartment,unrenovated,"okres Dolný Kubín",Brezovec,1,3,1566.67,2106.426667,-0.2562427999,-0.0133200384,average
JuSL8akIpnl,"Bosen Group s.r.o.","2-room apartment",apartment,unrenovated,"okres Dolný Kubín",Brezovec,1,3,2571.43,2106.426667,0.2207545794,-0.0133200384,average
JuqRHR8iBLi,"Reality IQ, s.r.o.","3-room apartment",apartment,"partially renovated","okres Čadca",Stred,2,3,2000.00,1877.983333,0.0649721778,-0.1367068093,average
JugHDSXoGA9,"bezmaklérov, s.r.o.","3-room apartment",apartment,"partially renovated","okres Čadca",Stred,1,3,1835.53,1877.983333,-0.0226058092,-0.1367068093,average
JuinVbJn01k,"Reality Alpia","4-room apartment",apartment,"under construction","okres Žilina",Hájik,1,2,3536.51,2691.570000,0.3139208715,0.0543141680,average
Juv5BxkBnXj,"Realitná kancelária","4-room apartment",apartment,"under construction","okres Žilina",Hájik,1,2,1846.63,2691.570000,-0.3139208715,0.0543141680,average
JuM_6zn3dEU,"TARGETreal s. r. o.","4-room apartment",apartment,"fully renovated","okres Martin",Ľadoveň,1,2,2415.73,2294.175000,0.0529841882,-0.0500191564,average
Ju1i5P66bxL,"Realitná kancelária","4-room apartment",apartment,"fully renovated","okres Martin",Ľadoveň,1,2,2172.62,2294.175000,-0.0529841882,-0.0500191564,average
JumTQJJZB7H,"TUreality s.r.o.","3-room apartment",apartment,"partially renovated","okres Žilina",Hájik,1,3,1929.03,2295.790000,-0.1597532875,0.0543141680,average
Juy4b8nUUh5,"TARGETreal s. r. o.","3-room apartment",apartment,"partially renovated","okres Žilina",Hájik,2,3,2527.78,2295.790000,0.1010501832,0.0543141680,average
JumaaMybJmZ,"TARGETreal s. r. o.","3-room apartment",apartment,"partially renovated","okres Žilina",Hájik,2,3,2430.56,2295.790000,0.0587031044,0.0543141680,average
JulmO4nyPV1,"Financie a reality od A po Z","4-room apartment",apartment,"fully renovated","okres Martin",Priekopa,1,4,1905.34,2244.190000,-0.1509898894,0.5581583932,premium
JuIgXokL5hc,"Like Reality s.r.o.","4-room apartment",apartment,"fully renovated","okres Martin",Priekopa,1,4,2357.14,2244.190000,0.0503299631,0.5581583932,premium
JuV3Qm6Wkc0,"Buby reality, s.r.o.","4-room apartment",apartment,"fully renovated","okres Martin",Priekopa,2,4,2357.14,2244.190000,0.0503299631,0.5581583932,premium
JuwdDOrpGK5,"Buby reality, s.r.o.","4-room apartment",apartment,"fully renovated","okres Martin",Priekopa,2,4,2357.14,2244.190000,0.0503299631,0.5581583932,premium
Ju3VAHb4p44,"TUreality s.r.o.","2-room apartment",apartment,"fully renovated","okres Kysucké Nové Mesto",Sídlisko,1,2,2659.80,2588.830000,0.0274139283,-0.0357310142,average
JuYsJLbvRpN,"1. Reality Rent, s.r.o.","2-room apartment",apartment,"fully renovated","okres Kysucké Nové Mesto",Sídlisko,1,2,2517.86,2588.830000,-0.0274139283,-0.0357310142,average
Ju9bVHvcqcL,"RIEŠIME BÝVANIE","holiday apartment",apartment,"new construction","okres Námestovo","Oravská Lesná",1,2,3401.36,3491.395000,-0.0257876866,-0.2020204441,average
Juns9vrGm9z,"Occam New Home","holiday apartment",apartment,"new construction","okres Námestovo","Oravská Lesná",1,2,3581.43,3491.395000,0.0257876866,-0.2020204441,average
JukgHXnk_FH,"Realitná kancelária","2-room apartment",apartment,unrenovated,"okres Martin",Stred,1,2,2300.00,2134.125000,0.0777250630,0.1938109699,expensive
JuXdiDoNNIv,"AstonReal s.r.o.","2-room apartment",apartment,unrenovated,"okres Martin",Stred,1,2,1968.25,2134.125000,-0.0777250630,0.1938109699,expensive
JuY6ZkaPSRF,"OREA, s.r.o.","1-room apartment",apartment,"new construction","okres Ružomberok",Bešeňová,1,2,3688.10,3691.735000,-0.0009846319,0.1639579970,expensive
Ju_1ltAlD0n,"XEMAR realitná spoločnosť s.r.o.","1-room apartment",apartment,"new construction","okres Ružomberok",Bešeňová,1,2,3695.37,3691.735000,0.0009846319,0.1639579970,expensive
Ju5jLRFNJLG,"Realitná kancelária RED, s.r.o.","standard house",house,"new construction","okres Bytča","Hliník nad Váhom",1,7,3511.45,2537.945714,0.3835796332,0.0687680208,average
JurZTuUssP0,"TOCA, s.r.o. Realitná činnosť","standard house",house,"new construction","okres Bytča","Hliník nad Váhom",5,7,1330.65,2537.945714,-0.4756980054,0.0687680208,average
JuvIyu9zHe0,"TOCA, s.r.o. Realitná činnosť","standard house",house,"new construction","okres Bytča","Hliník nad Váhom",5,7,3511.45,2537.945714,0.3835796332,0.0687680208,average
JubU0eKdiVr,"TOCA, s.r.o. Realitná činnosť","standard house",house,"new construction","okres Bytča","Hliník nad Váhom",5,7,3511.45,2537.945714,0.3835796332,0.0687680208,average
JuvDMV343M4,"TOCA, s.r.o. Realitná činnosť","standard house",house,"new construction","okres Bytča","Hliník nad Váhom",5,7,1999.00,2537.945714,-0.2123550993,0.0687680208,average
Juc0OLvyRFq,"TOCA, s.r.o. Realitná činnosť","standard house",house,"new construction","okres Bytča","Hliník nad Váhom",5,7,1330.65,2537.945714,-0.4756980054,0.0687680208,average
Jui4dVLb9Ci,"Reality AK, spol. s r.o.","standard house",house,"new construction","okres Martin","Kláštor pod Znievom",1,2,2318.18,2331.815000,-0.0058473764,-0.1227246646,average
JuSbYhRyin-,"Mamud Reality s. r. o.","large house",house,"fully renovated","okres Žilina","Teplička nad Váhom",1,2,1395.42,1395.420000,0.0000000000,0.4891075647,premium
Ju1Fv2ySoaS,"Realitná kancelária Kľúč","standard house",house,unrenovated,"okres Martin",Príbovce,1,2,1346.15,1256.410000,0.0714257289,-0.3239290168,cheap
JuxpGt9B3Fh,"CreeX Reality s.r.o.","standard house",house,unrenovated,"okres Martin",Príbovce,1,2,1166.67,1256.410000,-0.0714257289,-0.3239290168,cheap
JuFzDxVJ2q6,"Romantické Chalupy, s.r.o.","standard house",house,unrenovated,"okres Ružomberok","Liptovské Revúce",1,3,1236.36,894.296667,0.3824942501,-0.4277235228,cheap
JuMReNzFrmm,"KOSIBA reality s.r.o.","standard house",house,unrenovated,"okres Ružomberok","Liptovské Revúce",1,3,780.70,894.296667,-0.1270234713,-0.4277235228,cheap
Ju3Q6cuW_-I,"RE/MAX Slovakia","standard house",house,unrenovated,"okres Ružomberok","Liptovské Revúce",1,3,665.83,894.296667,-0.2554707799,-0.4277235228,cheap
JubSXyHD9FS,"MGM reality","standard house",house,"new construction","okres Žilina",Bitarová,4,8,2698.36,2370.061250,0.1385190995,0.0902103437,average
JuImgMwAlae,"MGM reality","standard house",house,"new construction","okres Žilina",Bitarová,4,8,2699.52,2370.061250,0.1390085383,0.0902103437,average
JuDKS0g6D3f,"MGM reality","standard house",house,"new construction","okres Žilina",Bitarová,4,8,2617.11,2370.061250,0.1042372850,0.0902103437,average
Ju4t5QuZmxI,"MGM reality","standard house",house,"new construction","okres Žilina",Bitarová,4,8,2860.15,2370.061250,0.2067831580,0.0902103437,average
JuxiHYI3lEP,"Realitná kancelária RED, s.r.o.","standard house",house,"new construction","okres Žilina",Bitarová,1,8,3651.79,2370.061250,0.5407998422,0.0902103437,average
JuSi1nzOb00,"DRR INVEST, s. r. o.","large house",house,"new construction","okres Kysucké Nové Mesto","Horný Vadičov",1,3,2050.00,1786.576667,0.1474458599,-0.0528494707,average
JuwSpmc62PT,"RE/MAX Slovakia","large house",house,unrenovated,"okres Žilina",Lysica,1,2,573.08,659.040000,-0.1304321437,-0.2224400340,average
JuiwpIv6ZO8n,"Realitné kancelárie SR","large house",house,"new construction","okres Turčianske Teplice","Turčiansky Michal",1,2,1650.00,1684.375000,-0.0204081633,-0.1108450076,average
JuV4X4JdJ77,"Reality MT s.r.o.","large house",house,"new construction","okres Turčianske Teplice","Turčiansky Michal",1,2,1718.75,1684.375000,0.0204081633,-0.1108450076,average
JuhR8_uiRxX,"VAŠA REALITKA s.r.o.","large house",house,"partially renovated","okres Ružomberok",Komjatná,1,2,428.57,755.950000,-0.4330709703,-0.5833518436,cheap
JuhybejcNce,"TUreality s.r.o.","large house",house,unrenovated,"okres Žilina","Staré mesto",1,2,4062.50,3211.250000,0.2650836902,0.2523570386,expensive
JucYnfxB91V,"Good Reality s.r.o.","small house",house,"new construction","okres Ružomberok","Liptovské Sliače",1,2,2090.91,2044.545000,0.0226774172,-0.0711715674,average
JucgDISpkFu,"NajBývanie, s.r.o.","standard house",house,"new construction","okres Ružomberok","Liptovská Štiavnica",1,3,2758.93,2840.630000,-0.0287612255,-0.1731106261,average
Ju6HLriDjfB,"ALT REAL, s.r.o.","standard house",house,"new construction","okres Ružomberok","Liptovská Štiavnica",2,3,2881.48,2840.630000,0.0143806128,-0.1731106261,average
Juq9Pjjnp8z,"ALT REAL, s.r.o.","standard house",house,"new construction","okres Ružomberok","Liptovská Štiavnica",2,3,2881.48,2840.630000,0.0143806128,-0.1731106261,average
Ju-2YZ37zxt,liptoreal,"standard house",house,"partially renovated","okres Liptovský Mikuláš",Važec,1,3,947.26,996.776667,-0.0496767918,-0.3574816230,cheap
JuJSekEM4oc,"Apollo House","standard house",house,"new construction","okres Ružomberok","Liptovské Sliače",2,4,2441.18,2288.365000,0.0667791196,-0.0711715674,average
Ju3zQ1Nh4jQ,"Apollo House","standard house",house,"new construction","okres Ružomberok","Liptovské Sliače",2,4,2441.18,2288.365000,0.0667791196,-0.0711715674,average
Ju1cp4Zdad9,donidDevelop,"standard house",house,"new construction","okres Ružomberok","Liptovské Sliače",2,4,2007.46,2288.365000,-0.1227535817,-0.0711715674,average
Juq9xnQNQkn,donidDevelop,"standard house",house,"new construction","okres Ružomberok","Liptovské Sliače",2,4,2263.64,2288.365000,-0.0108046575,-0.0711715674,average
JuaDU5eWN9y,"ADH-REAL s.r.o. Hirjaková Adriana","standard house",house,"under construction","okres Čadca","Stará Bystrica",1,2,1645.51,1961.000000,-0.1608822030,-0.0256631012,average
Juwr4hT_Hw4,"Reality AK, spol. s r.o.","large house",house,"partially renovated","okres Martin",Priekopa,1,4,956.00,1109.977500,-0.1387212804,0.5581583932,premium
JucsRg9RieN,"Reality ASTORIA, s.r.o.","large house",house,"partially renovated","okres Martin",Priekopa,1,4,1572.58,1109.977500,0.4167674570,0.5581583932,premium
JuUMimgiwBf,"HALO reality, s.r.o.","standard house",house,unrenovated,"okres Kysucké Nové Mesto","Budatínska Lehota",1,2,1230.00,1342.275000,-0.0836453037,0.1388267065,expensive
JuBqrsBTBJs,"ALT REAL, s.r.o.","standard house",house,"new construction","okres Ružomberok","Staré mesto",1,2,1607.14,1049.725000,0.5310105028,-0.1477842693,average
JuE1L7QIb5r,"Reality Simply","large house",house,unrenovated,"okres Martin",Priekopa,1,2,1020.00,1020.000000,0.0000000000,0.5581583932,premium
JuRC_sngF0m,"1. Reality Rent, s.r.o.","large house",house,"fully renovated","okres Žilina",Terchová,1,4,2010.67,1635.102500,0.2296904934,0.1729012605,expensive
Ju0MsknUaYA,"Realitná kancelária RED, s.r.o.","large house",house,"fully renovated","okres Žilina",Terchová,2,4,1512.00,1635.102500,-0.0752873291,0.1729012605,expensive
Ju34HqZzlYZ,"Realitná kancelária RED, s.r.o.","large house",house,"fully renovated","okres Žilina",Terchová,2,4,1409.09,1635.102500,-0.1382252795,0.1729012605,expensive
Ju1tsUeFhRS,"TUreality s.r.o.","standard house",house,"fully renovated","okres Žilina",Rosina,1,2,1552.43,1552.670000,-0.0001545724,0.2682717788,expensive
JuiKlGUbKmU,"OREA, s.r.o.","large house",house,"partially renovated","okres Tvrdošín",Vitanová,1,2,933.33,979.165000,-0.0468102924,-0.2855176272,cheap
JuHEeYDAKYc,"Ing. Marcela Pišteková","large house",house,unrenovated,"okres Čadca",Zákopčie,1,2,475.00,1217.875000,-0.6099763933,-0.1802043847,average
Ju9NWPjsyPl,"HOLESTIAK.sk reality s.r.o.","large house",house,unrenovated,"okres Čadca",Zákopčie,1,2,1960.75,1217.875000,0.6099763933,-0.1802043847,average
JuHbG5bC-AQ,"Reality AK, spol. s r.o.","large house",house,"fully renovated","okres Martin",Stráne,1,2,729.17,987.800000,-0.2618242559,-0.0089918347,average
JuhlHrJa9hV,"ALT REAL, s.r.o.","large house",house,"fully renovated","okres Martin",Stráne,1,2,1246.43,987.800000,0.2618242559,-0.0089918347,average
JubJO0qS-zH,jabyvam.sk,"standard house",house,"partially renovated","okres Liptovský Mikuláš",Ľubeľa,1,2,1374.29,1430.000000,-0.0389580420,-0.0759337989,average
Jufj_0Gj-0k,"OVERENÉ REALITY","standard house",house,"partially renovated","okres Liptovský Mikuláš",Ľubeľa,1,2,1485.71,1430.000000,0.0389580420,-0.0759337989,average
Juolbg2gxyQ,"RE/MAX Slovakia","large house",house,"new construction","okres Liptovský Mikuláš",Ižipovce,1,4,1200.00,1309.640000,-0.0837176629,-0.1234200963,average
Ju2NkOjuxZI,"MGM reality","standard house",house,"new construction","okres Žilina","Rajecké Teplice",1,3,2230.69,2420.486667,-0.0784126059,0.0507869344,average
JurLHZvtaEy,"AstonReal s.r.o.","standard house",house,"fully renovated","okres Martin",Stred,1,3,2926.58,2828.036667,0.0348451398,0.1938109699,expensive
Juxivp9KfQ0,"IDEÁLNE BÝVANIE, s.r.o.","standard house",house,"new construction","okres Žilina",Rosina,1,2,3250.73,3744.930000,-0.1319650835,0.2682717788,expensive
JuOaEJ-u0ZG,"1. Reality Rent, s.r.o.","small house",house,unrenovated,"okres Čadca",Svrčinovec,2,3,499.98,644.436667,-0.2241596023,-0.5161943179,cheap
Ju1Kl-Z5Rmy,"1. Reality Rent, s.r.o.","small house",house,unrenovated,"okres Čadca",Svrčinovec,2,3,900.00,644.436667,0.3965685786,-0.5161943179,cheap
Ju02FWXcSxg,"ALT REAL, s.r.o.","standard house",house,unrenovated,"okres Turčianske Teplice",Mošovce,1,2,866.67,943.335000,-0.0812701744,-0.2970508266,cheap
JuxTlJngqfx,"Realitná kancelária RED, s.r.o.","large house",house,"new construction","okres Žilina",Hôrky,1,2,2385.87,2688.105000,-0.1124342241,0.2436213332,expensive
JunogbuFikZ,"OVERENÉ REALITY","large house",house,"partially renovated","okres Ružomberok",Stankovany,1,2,314.29,780.365000,-0.5972525677,-0.4305790782,cheap
Juj0QibLMWk,"JPE. Reality - Jozef Pajer","large house",house,"new construction","okres Čadca",Stred,1,2,1983.87,1689.435000,0.1742801588,-0.1367068093,average
JuzAGRifcCv,"GAMA Reality, s.r.o.","large house",house,"new construction","okres Čadca",Stred,1,2,1395.00,1689.435000,-0.1742801588,-0.1367068093,average
JuWLq7Wh8lf,"Reality AK, spol. s r.o.","large house",house,"fully renovated","okres Martin","Kláštor pod Znievom",1,2,1205.29,1102.645000,0.0930897977,-0.1227246646,average
JuLLKbrzsGT,"Allrisk Slovakia Reality & Financie, s.r.o.","large house",house,"partially renovated","okres Žilina",Budatín,1,2,1245.00,1435.000000,-0.1324041812,0.5129449150,premium
JucVvBL8mQZ,"ŽILINAREAL, s.r.o.","standard house",house,"new construction","okres Žilina",Brezany,1,2,2726.19,2557.740000,0.0658589223,0.3073558222,expensive
Jua9bDzVCPy,"RE/MAX Slovakia","standard house",house,unrenovated,"okres Ružomberok",Lisková,1,2,1090.91,1003.790000,0.0867910619,-0.1977988756,average
JuHinPus21r,"RK Dalmia s. r. o.","standard house",house,unrenovated,"okres Ružomberok",Lisková,1,2,916.67,1003.790000,-0.0867910619,-0.1977988756,average
JunqWaLvLjb,"NajBývanie, s.r.o.","standard house",house,"new construction","okres Liptovský Mikuláš","Liptovská Sielnica",1,2,2285.71,2710.315000,-0.1566626019,-0.0351732627,average
Juec3rJbHzE,"HALO reality, s.r.o.","standard house",house,"new construction","okres Liptovský Mikuláš","Liptovská Sielnica",1,2,3134.92,2710.315000,0.1566626019,-0.0351732627,average
Juu4bOArZvB,"Romantické Chalupy, s.r.o.","standard house",house,unrenovated,"okres Ružomberok",Lúčky,1,3,1211.11,1386.670000,-0.1266054649,0.0515242288,average
Ju7pKhqP4zK,"Like Reality s.r.o.","extra large house",house,"partially renovated","okres Martin",Sučany,1,3,581.68,421.080000,0.3814002090,-0.1913181231,average
JunAaEjMO5H,"DRAŽOBNÍK, s.r.o.","large house",house,"partially renovated","okres Liptovský Mikuláš",Važec,1,2,296.50,435.750000,-0.3195639702,-0.3574816230,cheap
JuKz9mvEvI_,"REALITY TATRY","large house",house,"partially renovated","okres Liptovský Mikuláš",Važec,1,2,575.00,435.750000,0.3195639702,-0.3574816230,cheap
Juzaery-uaM,"Buby reality, s.r.o.","standard house",house,"new construction","okres Martin",Tomčany,1,3,3561.15,3295.246667,0.0806929981,0.0676942205,average
Jub25_ejcJA,"Nestor Capital s.r.o.","large house",house,"fully renovated","okres Čadca",Oščadnica,2,3,1895.42,1785.190000,0.0617469289,-0.2204248485,average
JuDgbTTsbUm,"Nestor Capital s.r.o.","large house",house,"fully renovated","okres Čadca",Oščadnica,2,3,1922.07,1785.190000,0.0766753119,-0.2204248485,average
Ju7FT7K1T9V,"Reality IQ, s.r.o.","large house",house,unrenovated,"okres Žilina",Svederník,1,2,961.47,1258.515000,-0.2360281761,0.2498052070,expensive
JuUrENnUrd4,"Reality Center, s.r.o.","standard house",house,unrenovated,"okres Martin","Turčiansky Peter",1,2,1625.00,1383.930000,0.1741923363,0.1415844401,expensive
JuVWSdPVacq,"RE/MAX Slovakia","large house",house,unrenovated,"okres Liptovský Mikuláš",Ľubeľa,1,2,931.25,767.785000,0.2129046543,-0.0759337989,average
JuNEJj6Bobe,"New Ways Reality&Financie","large house",house,unrenovated,"okres Liptovský Mikuláš",Ľubeľa,1,2,604.32,767.785000,-0.2129046543,-0.0759337989,average
JuSDor_pBw9,"Buby reality, s.r.o.","standard house",house,"new construction","okres Martin",Slovany,1,2,933.96,1620.825000,-0.4237749294,-0.1788322464,average
JuZgj6k1S7C,"TARGETreal s. r. o.","extra large house",house,"partially renovated","okres Martin",Stráne,1,2,718.10,596.790000,0.2032708323,-0.0089918347,average
Ju6pNzkI7kN,"Reality Alpia","extra large house",house,unrenovated,"okres Martin",Stráne,2,3,374.15,477.556667,-0.2165327680,-0.0089918347,average
JupsrE6Y27i,"Reality Alpia","extra large house",house,unrenovated,"okres Martin",Stráne,2,3,351.62,477.556667,-0.2637104153,-0.0089918347,average
JuEB6osELcj,"Romantické Chalupy, s.r.o.","standard house",house,"partially renovated","okres Turčianske Teplice",Sklené,1,2,1499.50,1543.280000,-0.0283681510,-0.1200984333,average
Jubpxb0JsTj,"Trioreality, s.r.o.","standard house",house,unrenovated,"okres Čadca",Klokočov,1,2,464.29,746.035000,-0.3776565443,-0.4236469874,cheap
Jucbi7PZEnm,"1. Reality Rent, s.r.o.","standard house",house,unrenovated,"okres Čadca",Klokočov,1,2,1027.78,746.035000,0.3776565443,-0.4236469874,cheap
Ju6dKyzXet6,"ŽILINAREAL, s.r.o.","standard house",house,"new construction","okres Žilina",Strážov,1,3,2053.44,2088.110000,-0.0166035314,0.0247320758,average
JuJRg0E5VNn,"ALT REAL, s.r.o.","standard house",house,"new construction","okres Martin",Valča,1,2,1857.14,2246.750000,-0.1734104818,-0.1600821041,average
JuU-CdEC7dE,"1. Reality Rent, s.r.o.","standard house",house,unrenovated,"okres Čadca",Svrčinovec,1,2,914.29,533.810000,0.7127629681,-0.5161943179,cheap
Juh02qpId7f,"HOLESTIAK.sk reality s.r.o.","large house",house,"partially renovated","okres Čadca",Rieka,1,2,861.11,861.110000,0.0000000000,-0.3545781653,cheap
JuZSCNK7v3l,"RIEŠIME BÝVANIE","large house",house,"fully renovated","okres Žilina","Staré mesto",1,2,2500.00,2025.545000,0.2342357242,0.2523570386,expensive
JuxsRe4hFI1,"ALT REAL, s.r.o.","standard house",house,"new construction","okres Martin","Košťany nad Turcom",3,5,1908.40,2190.774000,-0.1288923458,-0.0830285942,average
JuVQq2TIIOM,"ALT REAL, s.r.o.","standard house",house,"new construction","okres Martin","Košťany nad Turcom",3,5,1908.40,2190.774000,-0.1288923458,-0.0830285942,average
JuK4J7tWBLU,"ALT REAL, s.r.o.","standard house",house,"new construction","okres Martin","Košťany nad Turcom",3,5,1827.59,2190.774000,-0.1657788526,-0.0830285942,average
Ju08TjjVb3y,"TUreality s.r.o.","standard house",house,"new construction","okres Žilina",Mojš,1,2,4275.51,3008.290000,0.4212426329,0.0039380882,average
JuGmc6FHo9t,"Stanislav Motyčík - MK","standard house",house,"new construction","okres Bytča","Hliník nad Váhom",1,7,2570.97,2537.945714,0.0130122113,0.0687680208,average
JuUyJggM4z1,"Realitná kancelária","standard house",house,"new construction","okres Martin","Kláštor pod Znievom",1,2,2345.45,2331.815000,0.0058473764,-0.1227246646,average
Ju9Ur37Ixsd,"RIEŠIME BÝVANIE","large house",house,"fully renovated","okres Žilina","Teplička nad Váhom",1,2,1395.42,1395.420000,0.0000000000,0.4891075647,premium
JuytovsywXn,"Bosen Group s.r.o.","standard house",house,"new construction","okres Žilina",Bitarová,1,8,1546.96,2370.061250,-0.3472911301,0.0902103437,average
JuExQtw6qVs,"TOCA, s.r.o. Realitná činnosť","standard house",house,"new construction","okres Žilina",Bitarová,2,8,1443.30,2370.061250,-0.3910283964,0.0902103437,average
JuGR3fH9qik,"TOCA, s.r.o. Realitná činnosť","standard house",house,"new construction","okres Žilina",Bitarová,2,8,1443.30,2370.061250,-0.3910283964,0.0902103437,average
Ju8hKWbYUWy,"R2 SK, s.r.o.","large house",house,"new construction","okres Kysucké Nové Mesto","Horný Vadičov",1,3,1760.92,1786.576667,-0.0143607982,-0.0528494707,average
JuifoQkrLih,"TARGETreal s. r. o.","large house",house,"new construction","okres Kysucké Nové Mesto","Horný Vadičov",1,3,1548.81,1786.576667,-0.1330850623,-0.0528494707,average
Juidd703LOU,"Realitná kancelária RED, s.r.o.","large house",house,unrenovated,"okres Žilina",Lysica,1,2,745.00,659.040000,0.1304321437,-0.2224400340,average
JuV6m-uCHri,"NajBývanie, s.r.o.","large house",house,"partially renovated","okres Ružomberok",Komjatná,1,2,1083.33,755.950000,0.4330709703,-0.5833518436,cheap
Juo44m6iiNj,"RIEŠIME BÝVANIE","large house",house,unrenovated,"okres Žilina","Staré mesto",1,2,2360.00,3211.250000,-0.2650836902,0.2523570386,expensive
JukPbMQp4vL,"VAŠA REALITKA s.r.o.","small house",house,"new construction","okres Ružomberok","Liptovské Sliače",1,2,1998.18,2044.545000,-0.0226774172,-0.0711715674,average
Junzj9FwgBR,jabyvam.sk,"standard house",house,"partially renovated","okres Liptovský Mikuláš",Važec,1,3,1044.55,996.776667,0.0479278203,-0.3574816230,cheap
JuFiX3Sq3vG,"HALO reality, s.r.o.","standard house",house,"partially renovated","okres Liptovský Mikuláš",Važec,1,3,998.52,996.776667,0.0017489705,-0.3574816230,cheap
Juove7AkwvT,"ALT REAL, s.r.o.","large house",house,"new construction","okres Martin",Valča,1,5,1625.00,1201.000000,0.3530391341,-0.1600821041,average
Ju8D90dPeWn,"TRI LIPY, s. r. o.","standard house",house,"under construction","okres Čadca","Stará Bystrica",1,2,2276.49,1961.000000,0.1608822030,-0.0256631012,average
JuOwPTDIr94,"RE/MAX Slovakia","large house",house,"partially renovated","okres Martin",Priekopa,1,4,1065.00,1109.977500,-0.0405210916,0.5581583932,premium
JuOcMarFG9f,"B10 Slovensko, a. s.","large house",house,"partially renovated","okres Martin",Priekopa,1,4,846.33,1109.977500,-0.2375250850,0.5581583932,premium
JugpipVmZe_,"1. Reality Rent, s.r.o.","standard house",house,unrenovated,"okres Kysucké Nové Mesto","Budatínska Lehota",1,2,1454.55,1342.275000,0.0836453037,0.1388267065,expensive
Juf1-SHsN6y,"OVERENÉ REALITY","standard house",house,"new construction","okres Ružomberok","Staré mesto",1,2,492.31,1049.725000,-0.5310105028,-0.1477842693,average
JuLzQl1X89Z,"ALT REAL, s.r.o.","large house",house,unrenovated,"okres Martin",Priekopa,1,2,1020.00,1020.000000,0.0000000000,0.5581583932,premium
JuZg89p6Hy7,"TARGETreal s. r. o.","large house",house,"fully renovated","okres Žilina",Terchová,1,4,1608.65,1635.102500,-0.0161778849,0.1729012605,expensive
JufFtzCmoZI,"MGM reality","standard house",house,"fully renovated","okres Žilina",Rosina,1,2,1552.91,1552.670000,0.0001545724,0.2682717788,expensive
JuTP76BJSu5,"B10 Slovensko, a. s.","large house",house,"partially renovated","okres Tvrdošín",Vitanová,1,2,1025.00,979.165000,0.0468102924,-0.2855176272,cheap
JuaFi1HiKe0,"Bosen Group s.r.o.","standard house",house,"new construction","okres Žilina","Rajecké Teplice",2,3,2576.92,2420.486667,0.0646288761,0.0507869344,average
Ju03oBXaeQc,"Bosen Group s.r.o.","standard house",house,"new construction","okres Žilina","Rajecké Teplice",2,3,2453.85,2420.486667,0.0137837293,0.0507869344,average
Juci-VafLS1,"B10 Slovensko, a. s.","standard house",house,"fully renovated","okres Martin",Stred,1,3,2640.00,2828.036667,-0.0664901800,0.1938109699,expensive
JuBFSGXIbQg,"Reality D.P.A.","standard house",house,"fully renovated","okres Martin",Stred,1,3,2917.53,2828.036667,0.0316450398,0.1938109699,expensive
Junzbld49fm,"WFG reality, s.r.o.","standard house",house,"new construction","okres Žilina",Rosina,1,2,4239.13,3744.930000,0.1319650835,0.2682717788,expensive
Ju8g_PgmzSw,"JPE. Reality - Jozef Pajer","small house",house,unrenovated,"okres Čadca",Svrčinovec,1,3,533.33,644.436667,-0.1724089778,-0.5161943179,cheap
JuCDqPuA034,"RE/MAX Slovakia","standard house",house,unrenovated,"okres Turčianske Teplice",Mošovce,1,2,1020.00,943.335000,0.0812701744,-0.2970508266,cheap
Ju3IEZxl8sI,"CPM Real Estate","large house",house,"new construction","okres Žilina",Hôrky,1,2,2990.34,2688.105000,0.1124342241,0.2436213332,expensive
Juw8ClGcgML,"NajBývanie, s.r.o.","large house",house,"partially renovated","okres Ružomberok",Stankovany,1,2,1246.44,780.365000,0.5972525677,-0.4305790782,cheap
JugpfnfthRi,"ALT REAL, s.r.o.","large house",house,"fully renovated","okres Martin","Kláštor pod Znievom",1,2,1000.00,1102.645000,-0.0930897977,-0.1227246646,average
Juoz04a647Q,"ŽILINAREAL, s.r.o.","large house",house,"partially renovated","okres Žilina",Budatín,1,2,1625.00,1435.000000,0.1324041812,0.5129449150,premium
JuOWTKqdph-,"TARGETreal s. r. o.","standard house",house,"new construction","okres Žilina",Brezany,1,2,2389.29,2557.740000,-0.0658589223,0.3073558222,expensive
JutC-Cu36o8,donidDevelop,"standard house",house,unrenovated,"okres Ružomberok",Lúčky,1,3,853.66,1386.670000,-0.3843812875,0.0515242288,average
JukbTdt_vUz,"NajBývanie, s.r.o.","standard house",house,unrenovated,"okres Ružomberok",Lúčky,1,3,2095.24,1386.670000,0.5109867524,0.0515242288,average
JuRSkMGH43Z,"AstonReal s.r.o.","extra large house",house,"partially renovated","okres Martin",Sučany,2,3,340.78,421.080000,-0.1907001045,-0.1913181231,average
JuptDHkjOFq,"AstonReal s.r.o.","extra large house",house,"partially renovated","okres Martin",Sučany,2,3,340.78,421.080000,-0.1907001045,-0.1913181231,average
Ju7YL1bOSxr,"TARGETreal s. r. o.","standard house",house,"new construction","okres Martin",Tomčany,2,3,3024.59,3295.246667,-0.0821354801,0.0676942205,average
JuriX67hMEI,"TARGETreal s. r. o.","standard house",house,"new construction","okres Martin",Tomčany,2,3,3300.00,3295.246667,0.0014424817,0.0676942205,average
Ju7eOmn6zgP,"KING REAL s. r. o.","large house",house,"fully renovated","okres Čadca",Oščadnica,1,3,1538.08,1785.190000,-0.1384222408,-0.2204248485,average
Ju8oUNOWXin,"X-REAL, s. r. o.","large house",house,unrenovated,"okres Žilina",Svederník,1,2,1555.56,1258.515000,0.2360281761,0.2498052070,expensive
JuG7o38qa_3q,"Realitná kancelária DR, s.r.o.","standard house",house,unrenovated,"okres Martin","Turčiansky Peter",1,2,1142.86,1383.930000,-0.1741923363,0.1415844401,expensive
Juaq4WwW9vx,"Reality ASTORIA, s.r.o.","standard house",house,"new construction","okres Martin",Slovany,1,2,2307.69,1620.825000,0.4237749294,-0.1788322464,average
JulGanHAPf5,"Reality Alpia","extra large house",house,"partially renovated","okres Martin",Stráne,1,2,475.48,596.790000,-0.2032708323,-0.0089918347,average
JulOKuOiom0,"Reality AK, spol. s r.o.","extra large house",house,unrenovated,"okres Martin",Stráne,1,3,706.90,477.556667,0.4802431813,-0.0089918347,average
JujkenW1_dD,"DOBRÉ REALITY s.r.o.","standard house",house,"partially renovated","okres Turčianske Teplice",Sklené,1,2,1587.06,1543.280000,0.0283681510,-0.1200984333,average
Ju_z9MMC1dy,"Effecting s.r.o.","standard house",house,"new construction","okres Žilina",Strážov,1,3,2157.45,2088.110000,0.0332070628,0.0247320758,average
Ju7QPzGiQmY,"Realitná kancelária RED, s.r.o.","standard house",house,"new construction","okres Žilina",Strážov,1,3,2053.44,2088.110000,-0.0166035314,0.0247320758,average
JuwkeSmHDEB,"Real Reality Development s.r.o.","standard house",house,"new construction","okres Martin",Valča,1,2,2636.36,2246.750000,0.1734104818,-0.1600821041,average
JuYcAohEk_m,"PhDr. Miloš Kocúr - BKM Consulting","standard house",house,unrenovated,"okres Čadca",Svrčinovec,1,2,153.33,533.810000,-0.7127629681,-0.5161943179,cheap
JuIgoGx2_v8,"SLNOVRAT, s.r.o.","large house",house,"partially renovated","okres Čadca",Rieka,1,2,861.11,861.110000,0.0000000000,-0.3545781653,cheap
JuNuINWKCa2,"DreamReality s.r.o.","large house",house,"fully renovated","okres Žilina","Staré mesto",1,2,1551.09,2025.545000,-0.2342357242,0.2523570386,expensive
JugRw5WlFvo,"CPM Real Estate","standard house",house,"new construction","okres Martin","Košťany nad Turcom",1,5,2651.52,2190.774000,0.2103119719,-0.0830285942,average
JutUghljOFb,"TARGETreal s. r. o.","standard house",house,"new construction","okres Martin","Košťany nad Turcom",1,5,2657.96,2190.774000,0.2132515723,-0.0830285942,average
JuOxQMLskud,"ETHOS reality, s. r. o.","standard house",house,"new construction","okres Žilina",Mojš,1,2,1741.07,3008.290000,-0.4212426329,0.0039380882,average
JumiXs0CTuk,"RIEŠIME BÝVANIE","large house",house,unrenovated,"okres Žilina",Bôrik,1,2,1625.00,2234.375000,-0.2727272727,0.6153654994,premium
JuqQL7cMBce,"WFG reality, s.r.o.","large house",house,unrenovated,"okres Žilina",Bôrik,1,2,2843.75,2234.375000,0.2727272727,0.6153654994,premium
Ju5rRr5_rO4,"Realitná kancelária RED, s.r.o.","large house",house,"new construction","okres Žilina",Bitarová,1,3,1954.25,1898.290000,0.0294791628,0.0902103437,average
Ju3B-41JURa,"ŽILINAREAL, s.r.o.","large house",house,"new construction","okres Žilina",Bitarová,2,3,1870.31,1898.290000,-0.0147395814,0.0902103437,average
JurXt03mBLY,"ŽILINAREAL, s.r.o.","large house",house,"new construction","okres Žilina",Bitarová,2,3,1870.31,1898.290000,-0.0147395814,0.0902103437,average
Ju-DaLUFFrZO,"1. Reality Rent, s.r.o.","small house",house,unrenovated,"okres Čadca",Zákopčie,1,2,1013.89,931.945000,0.0879290087,-0.1802043847,average
JuvFd0GqZEL,"Romantické Chalupy, s.r.o.","small house",house,unrenovated,"okres Čadca",Zákopčie,1,2,850.00,931.945000,-0.0879290087,-0.1802043847,average
Ju_rwk44XIO,"MGM reality","large house",house,unrenovated,"okres Žilina",Závodie,1,2,1043.18,1216.035000,-0.1421464020,0.1524054311,expensive
JuTYVNH1hyq,"Realitná kancelária RED, s.r.o.","large house",house,unrenovated,"okres Žilina",Závodie,1,2,1388.89,1216.035000,0.1421464020,0.1524054311,expensive
JuEn5otkiFX,"ALT REAL, s.r.o.","large house",house,unrenovated,"okres Martin",Stráne,1,2,860.00,898.540000,-0.0428918023,-0.0089918347,average
JusBzzX4MYn,"Financie a reality od A po Z","large house",house,unrenovated,"okres Martin",Stráne,1,2,937.08,898.540000,0.0428918023,-0.0089918347,average
JuKaa51rOO4,"RES GROUP, s.r.o.","standard house",house,"new construction","okres Žilina",Turie,1,2,2354.33,2774.250000,-0.1513634316,0.4268231895,premium
JuWdcFlgLA9,"Realitná kancelária RED, s.r.o.","standard house",house,"new construction","okres Žilina",Turie,1,2,3194.17,2774.250000,0.1513634316,0.4268231895,premium
JuX-Od8Y1qK,"ŽILINAREAL, s.r.o.","large house",house,"fully renovated","okres Žilina","Malá Praha",1,2,1596.70,1596.350000,0.0002192502,0.7415410285,premium
JuIIElHC0cU,"1. Reality Rent, s.r.o.","large house",house,"fully renovated","okres Žilina","Malá Praha",1,2,1596.00,1596.350000,-0.0002192502,0.7415410285,premium
JuNWUZoKon_,"Realitné kancelárie SR","large house",house,"new construction","okres Žilina",Trnové,1,2,2961.54,2240.690000,0.3217089379,0.4033710286,premium
JuhhjX7seSg,"Reality IQ, s.r.o.","large house",house,"new construction","okres Žilina",Trnové,1,2,1519.84,2240.690000,-0.3217089379,0.4033710286,premium
JutBfnbUyCO,"SLNOVRAT, s.r.o.","large house",house,"partially renovated","okres Čadca",Stred,1,2,754.46,926.650000,-0.1858198888,-0.1367068093,average
JugwkPLjiSd,"KUBALA REALITY, s.r.o.","large house",house,"partially renovated","okres Čadca",Stred,1,2,1098.84,926.650000,0.1858198888,-0.1367068093,average
JuKdkYrCkFc,"Realitná kancelária RED, s.r.o.","standard house",house,unrenovated,"okres Žilina","Staré mesto",1,2,2233.33,2843.470000,-0.2145758527,0.2523570386,expensive
JuaNEutdar9,"TUreality s.r.o.","standard house",house,unrenovated,"okres Žilina","Staré mesto",1,2,3453.61,2843.470000,0.2145758527,0.2523570386,expensive
Ju2Gi9KH9b9,"Reality Alpia","extra large house",house,"partially renovated","okres Žilina",Varín,1,2,815.42,805.300000,0.0125667453,-0.0174866874,average
JuVUBQ_BboU,"Mamud Reality s. r. o.","extra large house",house,"partially renovated","okres Žilina",Varín,1,2,795.18,805.300000,-0.0125667453,-0.0174866874,average
JutVFvRJpYd,"Realitné kancelárie SR","large plot",land,NULL,"okres Žilina",Višňové,1,2,169.20,129.440000,0.3071693449,0.2264074791,expensive
Ju5Ehcheq2v,"RIEŠIME BÝVANIE","large plot",land,NULL,"okres Žilina",Višňové,1,2,89.68,129.440000,-0.3071693449,0.2264074791,expensive
JuG7n8qbXvU,"WFG reality, s.r.o.","small plot",land,NULL,"okres Žilina",Trnové,1,5,281.82,306.140000,-0.0794407787,0.4033710286,premium
JuAINHKEpb9,"Ing. Gerlinda Bérešová - Esti","small plot",land,NULL,"okres Žilina",Trnové,1,5,241.67,306.140000,-0.2105899262,0.4033710286,premium
JuZenYjsJ5j,"Safe reality s. r. o.","standard plot",land,NULL,"okres Žilina","Lietavská Svinná-Babkov",1,5,82.01,141.444000,-0.4201945646,0.0175395213,average
JuO__97iq4d,"RS Mansory s.r.o.","standard plot",land,NULL,"okres Žilina","Lietavská Svinná-Babkov",1,5,122.98,141.444000,-0.1305392947,0.0175395213,average
JujU-NvkZd5,"BALAŽI REAL ESTATE s.r.o.","standard plot",land,NULL,"okres Žilina","Lietavská Svinná-Babkov",1,5,135.43,141.444000,-0.0425185939,0.0175395213,average
JubBzZv3CZ4,"Realitné kancelárie SR","standard plot",land,NULL,"okres Žilina","Lietavská Svinná-Babkov",1,5,125.00,141.444000,-0.1162580244,0.0175395213,average
Ju55_tGfxfr,"KRUPPKY, s.r.o.","standard plot",land,NULL,"okres Liptovský Mikuláš",Stošice,1,3,150.00,119.300000,0.2573344510,-0.0247534358,average
JuWu8X5e0jn,"Direct Real, spol. s r.o.","standard plot",land,NULL,"okres Liptovský Mikuláš",Stošice,1,3,145.60,119.300000,0.2204526404,-0.0247534358,average
Juv_OE5QhUq,"EASY centrum bývania, s.r.o.","standard plot",land,NULL,"okres Žilina",Terchová,1,6,196.72,164.213333,0.1979538836,0.1729012605,expensive
Ju8TvPJCfAu,"HOLESTIAK.sk reality s.r.o.","standard plot",land,NULL,"okres Žilina",Terchová,1,6,135.80,164.213333,-0.1730269551,0.1729012605,expensive
JuV3Yr0Tkt7,"Realitné kancelárie SR","standard plot",land,NULL,"okres Žilina",Terchová,1,6,179.00,164.213333,0.0900454715,0.1729012605,expensive
JuSTrxbH01x,"B10 Slovensko, a. s.","standard plot",land,NULL,"okres Žilina",Terchová,1,6,153.76,164.213333,-0.0636570296,0.1729012605,expensive
Ju5paSEB6Nv,"RS Mansory s.r.o.","standard plot",land,NULL,"okres Žilina",Terchová,2,6,160.00,164.213333,-0.0256576791,0.1729012605,expensive
JuiAYjSrynL,"RS Mansory s.r.o.","standard plot",land,NULL,"okres Žilina",Terchová,2,6,160.00,164.213333,-0.0256576791,0.1729012605,expensive
JuzcT2nMl5E,"Mamud Reality s. r. o.","standard plot",land,NULL,"okres Kysucké Nové Mesto","Horný Vadičov",1,4,38.08,46.877500,-0.1876699909,-0.0528494707,average
JuX4tTXYKir,"SLNOVRAT, s.r.o.","standard plot",land,NULL,"okres Kysucké Nové Mesto","Horný Vadičov",1,4,35.21,46.877500,-0.2488933924,-0.0528494707,average
JuaCQD06zTh,"ROSA reality","standard plot",land,NULL,"okres Kysucké Nové Mesto","Horný Vadičov",1,4,65.22,46.877500,0.3912857981,-0.0528494707,average
JudOJ7xWOxA,"Reality Alpia","large plot",land,NULL,"okres Turčianske Teplice","Turčiansky Michal",1,2,65.00,52.500000,0.2380952381,-0.1108450076,average
Juv5TkPsj9T,"Reality Center, s.r.o.","large plot",land,NULL,"okres Turčianske Teplice","Turčiansky Michal",1,2,40.00,52.500000,-0.2380952381,-0.1108450076,average
JuicyD7lpub,"EASY centrum bývania, s.r.o.","standard plot",land,NULL,"okres Žilina",Budatín,1,9,108.75,280.980000,-0.6129617766,0.5129449150,premium
JuuNE4PQz6D,"RIEŠIME BÝVANIE","standard plot",land,NULL,"okres Žilina",Budatín,1,9,231.40,280.980000,-0.1764538401,0.5129449150,premium
JumDim2HAtJ,"X-REAL, s. r. o.","standard plot",land,NULL,"okres Žilina",Budatín,1,9,189.80,280.980000,-0.3245070824,0.5129449150,premium
Jur-h57QXWc,"Georgi Conev","standard plot",land,NULL,"okres Žilina",Budatín,1,9,178.30,280.980000,-0.3654352623,0.5129449150,premium
JuB6HhfZSPN,"WFG reality, s.r.o.","standard plot",land,NULL,"okres Žilina",Budatín,2,9,189.80,280.980000,-0.3245070824,0.5129449150,premium
JuEGNHbH38e,"WFG reality, s.r.o.","standard plot",land,NULL,"okres Žilina",Budatín,2,9,120.90,280.980000,-0.5697202648,0.5129449150,premium
JuRufzqYfTo,"Real Estate Group4U","standard plot",land,NULL,"okres Žilina",Budatín,3,9,558.64,280.980000,0.9881842124,0.5129449150,premium
JupQ7ehcKIt,"Real Estate Group4U","standard plot",land,NULL,"okres Žilina",Budatín,3,9,392.59,280.980000,0.3972168838,0.5129449150,premium
Juod5b-P5x2,"Real Estate Group4U","standard plot",land,NULL,"okres Žilina",Budatín,3,9,558.64,280.980000,0.9881842124,0.5129449150,premium
JuC0KIbI5oB,"1. Reality Rent, s.r.o.","large plot",land,NULL,"okres Čadca",Raková,1,8,75.00,54.851250,0.3673343816,-0.2205749760,average
Ju97QEdz5sX,"RS Mansory s.r.o.","large plot",land,NULL,"okres Čadca",Raková,1,8,62.93,54.851250,0.1472847018,-0.2205749760,average
Ju4d7oCmzgt,"SLNOVRAT, s.r.o.","large plot",land,NULL,"okres Čadca",Raková,3,8,60.00,54.851250,0.0938675053,-0.2205749760,average
Jug0yKTQ2pn,"SLNOVRAT, s.r.o.","large plot",land,NULL,"okres Čadca",Raková,3,8,55.00,54.851250,0.0027118799,-0.2205749760,average
JuBBCee0nxo,"SLNOVRAT, s.r.o.","large plot",land,NULL,"okres Čadca",Raková,3,8,26.00,54.851250,-0.5259907477,-0.2205749760,average
JuUooEhgJl4,"TRI LIPY, s. r. o.","large plot",land,NULL,"okres Čadca",Raková,1,8,68.88,54.851250,0.2557598961,-0.2205749760,average
JuEJOqphXdZ,"ETHOS reality, s. r. o.","large plot",land,NULL,"okres Čadca",Raková,1,8,65.00,54.851250,0.1850231307,-0.2205749760,average
Jus3WMnENIj,"WFG reality, s.r.o.","small plot",land,NULL,"okres Žilina",Zbyňov,2,3,65.00,99.783333,-0.3485886065,0.2098321937,expensive
Ju7Ywnw6_Bk,"WFG reality, s.r.o.","small plot",land,NULL,"okres Žilina",Zbyňov,2,3,65.00,99.783333,-0.3485886065,0.2098321937,expensive
JuUCvHHqEXR,"ŽILINAREAL, s.r.o.","standard plot",land,NULL,"okres Žilina",Krasňany,1,3,160.00,194.466667,-0.1772368886,0.2802335082,expensive
JuLSvBwv_I5,"RS Mansory s.r.o.","standard plot",land,NULL,"okres Žilina",Krasňany,1,3,250.00,194.466667,0.2855673615,0.2802335082,expensive
JugrI7ZBfpT,"1. Reality Rent, s.r.o.","standard plot",land,NULL,"okres Žilina",Krasňany,1,3,173.40,194.466667,-0.1083304780,0.2802335082,expensive
JuiwS-gpQB1,"B10 Slovensko, a. s.","large plot",land,NULL,"okres Martin",Laskár,1,2,68.00,68.000000,0.0000000000,-0.3342035163,cheap
Ju7o2vN-Kj5,"RES GROUP, s.r.o.","standard plot",land,NULL,"okres Žilina",Trnové,1,7,104.32,145.131429,-0.2812032465,0.4033710286,premium
Ju051T1JZ-l,"Realitné kancelárie SR","standard plot",land,NULL,"okres Žilina",Trnové,1,7,79.97,145.131429,-0.4489822050,0.4033710286,premium
JuPNAYZ0O8w,"RIEŠIME BÝVANIE","standard plot",land,NULL,"okres Žilina",Trnové,1,7,250.00,145.131429,0.7225765757,0.4033710286,premium
JuOd8JFAh_B,"Piata Avenue","standard plot",land,NULL,"okres Žilina",Trnové,1,7,230.00,145.131429,0.5847704497,0.4033710286,premium
Ju7_LrB_NNB,"BeMi realitná kancelária","standard plot",land,NULL,"okres Žilina",Trnové,1,7,73.76,145.131429,-0.4917710071,0.4033710286,premium
JuR5ionId5V,"ALT REAL, s.r.o.","standard plot",land,NULL,"okres Martin",Blatnica,2,3,117.24,113.220000,0.0355060943,-0.0280191227,average
JudYr0kY49Z,"ALT REAL, s.r.o.","standard plot",land,NULL,"okres Martin",Blatnica,2,3,117.24,113.220000,0.0355060943,-0.0280191227,average
Judk1z1b1Nd,"RECLOUD Reality a.s.","standard plot",land,NULL,"okres Martin",Blatnica,1,3,105.18,113.220000,-0.0710121887,-0.0280191227,average
Ju5LTX3e1H6,"BeMi realitná kancelária","small plot",land,NULL,"okres Čadca",Oščadnica,1,7,126.55,89.798571,0.4092651875,-0.2204248485,average
JuiaMHS2a8S,"SLNOVRAT, s.r.o.","small plot",land,NULL,"okres Čadca",Oščadnica,3,7,67.53,89.798571,-0.2479835787,-0.2204248485,average
JuVP0HZPxQP,"SLNOVRAT, s.r.o.","small plot",land,NULL,"okres Čadca",Oščadnica,3,7,85.63,89.798571,-0.0464213512,-0.2204248485,average
Ju-SZF8QBN4,"SLNOVRAT, s.r.o.","small plot",land,NULL,"okres Čadca",Oščadnica,3,7,56.10,89.798571,-0.3752684550,-0.2204248485,average
JuYxVfR__Nx,"HOLESTIAK.sk reality s.r.o.","small plot",land,NULL,"okres Čadca",Oščadnica,1,7,55.45,89.798571,-0.3825068775,-0.2204248485,average
JuIwevgorag,"Reality D.P.A.","standard plot",land,NULL,"okres Martin",Sučany,2,4,120.00,126.262500,-0.0495990496,-0.1913181231,average
JuWpmO3Yrkb,"Reality D.P.A.","standard plot",land,NULL,"okres Martin",Sučany,2,4,148.00,126.262500,0.1721611722,-0.1913181231,average
JulD1JVCqAd,"RECLOUD Reality a.s.","standard plot",land,NULL,"okres Martin",Sučany,1,4,113.86,126.262500,-0.0982278982,-0.1913181231,average
JuxusjEdK8z,"LAWIS s.r.o.","standard plot",land,NULL,"okres Martin",Sučany,1,4,123.19,126.262500,-0.0243342243,-0.1913181231,average
JubU6tCkKGs,"Kristína Čanády","standard plot",land,NULL,"okres Žilina",Ovčiarsko,1,6,126.11,111.521667,0.1308116476,-0.0235273024,average
Jukt7sZSrva,"TARGETreal s. r. o.","standard plot",land,NULL,"okres Žilina",Ovčiarsko,1,6,158.71,111.521667,0.4231315247,-0.0235273024,average
JuQ2QYedCFa,"Reality Now","standard plot",land,NULL,"okres Žilina",Ovčiarsko,1,6,80.00,111.521667,-0.2826506082,-0.0235273024,average
Juisb1V01uC,"RS Mansory s.r.o.","standard plot",land,NULL,"okres Žilina",Ovčiarsko,3,6,107.09,111.521667,-0.0397381703,-0.0235273024,average
JuAewW0gIjM,"RS Mansory s.r.o.","standard plot",land,NULL,"okres Žilina",Ovčiarsko,3,6,102.34,111.521667,-0.0823307905,-0.0235273024,average
JuQE6iaf57k,"RS Mansory s.r.o.","standard plot",land,NULL,"okres Žilina",Ovčiarsko,3,6,94.88,111.521667,-0.1492236213,-0.0235273024,average
JuUpsFDNSQ5,"Reality Now","small plot",land,NULL,"okres Žilina",Ovčiarsko,1,7,60.00,134.110000,-0.5526060696,-0.0235273024,average
Juh_NFZPlxN,"PRIMA reality s.r.o.","small plot",land,NULL,"okres Žilina",Ovčiarsko,1,7,179.00,134.110000,0.3347252256,-0.0235273024,average
JumG3BQ732C,"RIEŠIME BÝVANIE","small plot",land,NULL,"okres Žilina",Ovčiarsko,2,7,90.41,134.110000,-0.3258519126,-0.0235273024,average
JuMFxRcxLzj,"RIEŠIME BÝVANIE","small plot",land,NULL,"okres Žilina",Ovčiarsko,2,7,90.41,134.110000,-0.3258519126,-0.0235273024,average
JuWpZopSoYC,"TARGETreal s. r. o.","small plot",land,NULL,"okres Žilina",Ovčiarsko,1,7,185.00,134.110000,0.3794646186,-0.0235273024,average
Ju_nFFJjAlC,"R2 SK, s.r.o.","small plot",land,NULL,"okres Žilina",Ovčiarsko,1,7,182.59,134.110000,0.3614942957,-0.0235273024,average
Ju9rSU4gBpn,"DRR INVEST, s. r. o.","small plot",land,NULL,"okres Žilina",Ovčiarsko,1,7,151.36,134.110000,0.1286257550,-0.0235273024,average
JuPGBZu28Sz,"RE/MAX Slovakia","large plot",land,NULL,"okres Čadca",Oščadnica,1,6,53.53,34.530000,0.5502461628,-0.2204248485,average
JuGKRtmsaxJ,"1. Reality Rent, s.r.o.","large plot",land,NULL,"okres Čadca",Oščadnica,4,6,22.15,34.530000,-0.3585288155,-0.2204248485,average
Ju2UzK1gp3R,"1. Reality Rent, s.r.o.","large plot",land,NULL,"okres Čadca",Oščadnica,4,6,27.00,34.530000,-0.2180712424,-0.2204248485,average
JuiJEU2gvVS,"1. Reality Rent, s.r.o.","large plot",land,NULL,"okres Čadca",Oščadnica,4,6,48.00,34.530000,0.3900955691,-0.2204248485,average
JuDgMZQaDeJ,"1. Reality Rent, s.r.o.","large plot",land,NULL,"okres Čadca",Oščadnica,4,6,48.50,34.530000,0.4045757312,-0.2204248485,average
JuscYJe7Tsp,"Realitné kancelárie SR","standard plot",land,NULL,"okres Žilina",Bitarová,1,6,134.40,154.900000,-0.1323434474,0.0902103437,average
JuFMSKsdInV,"Realitná kancelária","standard plot",land,NULL,"okres Žilina",Bitarová,1,6,155.83,154.900000,0.0060038735,0.0902103437,average
Ju5AeA4FaTa,"Mamud Reality s. r. o.","standard plot",land,NULL,"okres Žilina",Bitarová,1,6,99.00,154.900000,-0.3608779858,0.0902103437,average
Jurn7Tjk47J,"Real Estate Group4U","standard plot",land,NULL,"okres Žilina",Bitarová,1,6,289.09,154.900000,0.8663008393,0.0902103437,average
JuVv2XDLd9H,"TUreality s.r.o.","standard plot",land,NULL,"okres Žilina",Varín,1,4,173.19,129.615000,0.3361879412,-0.0174866874,average
JugjLuDjRtG,"R2 SK, s.r.o.","standard plot",land,NULL,"okres Žilina",Varín,1,4,149.75,129.615000,0.1553446746,-0.0174866874,average
JuEOlFJy7eI,"Realitná kancelária","large plot",land,NULL,"okres Liptovský Mikuláš","Svätý Kríž",1,2,44.22,44.220000,0.0000000000,0.1101855587,expensive
JuhCsanvxln,"SLNOVRAT, s.r.o.","large plot",land,NULL,"okres Čadca",Svrčinovec,1,2,62.70,58.035000,0.0803825278,-0.5161943179,cheap
JuCdo9RybP_,"BeMi realitná kancelária","large plot",land,NULL,"okres Čadca",Svrčinovec,1,2,53.37,58.035000,-0.0803825278,-0.5161943179,cheap
JuTu2EKoaZM,donidDevelop,"standard plot",land,NULL,"okres Dolný Kubín",Veličná,2,6,125.00,134.938333,-0.0736509247,0.1420767098,expensive
JuowzNUzni4,donidDevelop,"standard plot",land,NULL,"okres Dolný Kubín",Veličná,2,6,140.22,134.938333,0.0391413387,0.1420767098,expensive
JuoEkan0OM3,"OREA, s.r.o.","standard plot",land,NULL,"okres Dolný Kubín",Veličná,1,6,120.00,134.938333,-0.1107048877,0.1420767098,expensive
JuXDdV7DuGH,"bezmaklérov, s.r.o.","standard plot",land,NULL,"okres Dolný Kubín",Veličná,1,6,151.52,134.938333,0.1228832951,0.1420767098,expensive
JuDFkgbrvLz,"RK Dalmia s. r. o.","standard plot",land,NULL,"okres Dolný Kubín",Veličná,2,6,152.89,134.938333,0.1330360810,0.1420767098,expensive
JuuLvwvMnqi,"RK Dalmia s. r. o.","standard plot",land,NULL,"okres Dolný Kubín",Veličná,2,6,120.00,134.938333,-0.1107048877,0.1420767098,expensive
JuB1sJQkopm,"RS Mansory s.r.o.","standard plot",land,NULL,"okres Kysucké Nové Mesto",Povina,1,2,53.63,76.815000,-0.3018290698,-0.1194309292,average
JuI3WIo1gnr,Envire,"standard plot",land,NULL,"okres Kysucké Nové Mesto",Povina,1,2,100.00,76.815000,0.3018290698,-0.1194309292,average
JuIBgVzzEhH,"1. Reality Rent, s.r.o.","small plot",land,NULL,"okres Čadca",Raková,1,2,51.72,40.860000,0.2657856094,-0.2205749760,average
Jue_IKSyNYA,"JPE. Reality - Jozef Pajer","small plot",land,NULL,"okres Čadca",Raková,1,2,30.00,40.860000,-0.2657856094,-0.2205749760,average
JuCdelRdGA1,"Reality D.P.A.","standard plot",land,NULL,"okres Martin","Karvaša a Bláhovca",1,5,148.00,131.582000,0.1247739052,-0.1199430995,average
JuSvmhJEqG1,"FINREA - ak vám záleží na výsledku","standard plot",land,NULL,"okres Martin","Karvaša a Bláhovca",1,5,60.00,131.582000,-0.5440105790,-0.1199430995,average
JuXs9XHVo90,"Realitná kancelária","standard plot",land,NULL,"okres Martin","Karvaša a Bláhovca",1,5,131.43,131.582000,-0.0011551732,-0.1199430995,average
Jufp6SmYJxs,"LIF REAL","standard plot",land,NULL,"okres Martin","Karvaša a Bláhovca",1,5,131.43,131.582000,-0.0011551732,-0.1199430995,average
JuXoUVcEWR0,"BeMi realitná kancelária","large plot",land,NULL,"okres Žilina",Ovčiarsko,1,6,170.04,129.943333,0.3085704058,-0.0235273024,average
JuqxH07lW-i,"RS Mansory s.r.o.","large plot",land,NULL,"okres Žilina",Ovčiarsko,2,6,44.26,129.943333,-0.6593899896,-0.0235273024,average
Ju6XcncfywZ,"RS Mansory s.r.o.","large plot",land,NULL,"okres Žilina",Ovčiarsko,2,6,43.64,129.943333,-0.6641613002,-0.0235273024,average
JuKcCOH5Bgu,"Realitné kancelárie SR","large plot",land,NULL,"okres Žilina",Ovčiarsko,1,6,68.98,129.943333,-0.4691532193,-0.0235273024,average
JuCzxidULuR,"Safe reality s. r. o.","standard plot",land,NULL,"okres Kysucké Nové Mesto",Snežnica,1,5,21.02,69.630000,-0.6981186270,0.0388107773,average
JuqQ2VY6uD-,"RS Mansory s.r.o.","standard plot",land,NULL,"okres Kysucké Nové Mesto",Snežnica,1,5,130.15,69.630000,0.8691655895,0.0388107773,average
JuJGNURQ8kY,"Realitné kancelárie SR","standard plot",land,NULL,"okres Kysucké Nové Mesto",Snežnica,2,5,37.53,69.630000,-0.4610081861,0.0388107773,average
Jua_BRtxi_0,"Realitné kancelárie SR","standard plot",land,NULL,"okres Kysucké Nové Mesto",Snežnica,2,5,120.00,69.630000,0.7233950883,0.0388107773,average
JuY_o0Hq1ua,"Reality IQ, s.r.o.","standard plot",land,NULL,"okres Kysucké Nové Mesto",Snežnica,1,5,39.45,69.630000,-0.4334338647,0.0388107773,average
Jul88RI0614,"Direct Real, spol. s r.o.","standard plot",land,NULL,"okres Liptovský Mikuláš",Beňadiková,1,2,167.00,153.000000,0.0915032680,-0.1163509904,average
Ju9DTwAgiHG,"RE/MAX Slovakia","standard plot",land,NULL,"okres Liptovský Mikuláš",Beňadiková,1,2,139.00,153.000000,-0.0915032680,-0.1163509904,average
JuvBlvKpVOg,jabyvam.sk,"standard plot",land,NULL,"okres Liptovský Mikuláš",Jamník,1,5,96.61,105.986000,-0.0884645142,-0.0462433293,average
JuCWsWXxn1N,"Delta Property s.r.o.","standard plot",land,NULL,"okres Liptovský Mikuláš",Jamník,1,5,91.32,105.986000,-0.1383767667,-0.0462433293,average
JuARnh9cPNq,"Realitné kancelárie SR","standard plot",land,NULL,"okres Liptovský Mikuláš",Jamník,2,5,108.00,105.986000,0.0190025098,-0.0462433293,average
JuD52DaFWEx,"Realitné kancelárie SR","standard plot",land,NULL,"okres Liptovský Mikuláš",Jamník,2,5,115.00,105.986000,0.0850489687,-0.0462433293,average
JuPmyuLY0AU,"Q REAL s.r.o.","small plot",land,NULL,"okres Liptovský Mikuláš",Podtureň,1,5,123.00,123.000000,0.0000000000,0.4129810808,premium
Juxlwl0cqfI,"BEŇO REALITY","small plot",land,NULL,"okres Liptovský Mikuláš",Podtureň,1,5,123.00,123.000000,0.0000000000,0.4129810808,premium
Ju_Khlvp1_L,"NFA Group, s.r.o.","small plot",land,NULL,"okres Liptovský Mikuláš",Podtureň,1,5,123.00,123.000000,0.0000000000,0.4129810808,premium
JuhDFgB8Eya,"1. Reality Rent, s.r.o.","large plot",land,NULL,"okres Kysucké Nové Mesto",Povina,1,4,90.00,66.915000,0.3449899126,-0.1194309292,average
Ju3DHGm3SX3,"Real Estate Group4U","standard plot",land,NULL,"okres Žilina","Žilinská Lehota",1,2,385.38,242.690000,0.5879517079,0.3631516130,expensive
Ju8tqbpzEho,"TUreality s.r.o.","standard plot",land,NULL,"okres Bytča",Štiavnik,2,3,134.12,94.830000,0.4143203628,-0.0925397061,average
JucXLuegzy5,"TUreality s.r.o.","standard plot",land,NULL,"okres Bytča",Štiavnik,2,3,61.42,94.830000,-0.3523146684,-0.0925397061,average
Ju7-tv2yvGe,"Romantické Chalupy, s.r.o.","standard plot",land,NULL,"okres Bytča",Štiavnik,1,3,88.95,94.830000,-0.0620056944,-0.0925397061,average
JuMg-KktE1Q,"RE/MAX Slovakia","extra large plot",land,NULL,"okres Dolný Kubín",Zázrivá,1,2,18.00,26.715000,-0.3262212240,-0.1311993948,average
Ju3pFJiSu2s,"RK Dalmia s. r. o.","extra large plot",land,NULL,"okres Dolný Kubín",Zázrivá,1,2,35.43,26.715000,0.3262212240,-0.1311993948,average
JupsaGq4wbB,"MartinTham s. r. o.","large plot",land,NULL,"okres Martin",Turany,1,2,46.84,42.295000,0.1074595106,-0.3267598337,cheap
JuJ6A83KPJ2,"Renovo Reality","standard plot",land,NULL,"okres Žilina",Stránske,1,4,132.81,105.755000,0.2558271477,0.1612251241,expensive
Jul34-9Uznd,"Realitné kancelárie SR","standard plot",land,NULL,"okres Žilina",Stránske,1,4,106.63,105.755000,0.0082738405,0.1612251241,expensive
JusMGCS4uqf,"Ing. Gerlinda Bérešová - Esti","standard plot",land,NULL,"okres Žilina",Stránske,2,4,91.04,105.755000,-0.1391423573,0.1612251241,expensive
Ju2dDwgittj,"Ing. Gerlinda Bérešová - Esti","standard plot",land,NULL,"okres Žilina",Stránske,2,4,92.54,105.755000,-0.1249586308,0.1612251241,expensive
Juml9ZbpWBM,"MGM reality","standard plot",land,NULL,"okres Žilina",Rosina,1,5,169.07,238.928000,-0.2923809683,0.2682717788,expensive
Jut0tUa88wB,"BeMi realitná kancelária","standard plot",land,NULL,"okres Žilina",Rosina,1,5,247.59,238.928000,0.0362535994,0.2682717788,expensive
JuyrQlq623r,"Realitné kancelárie SR","standard plot",land,NULL,"okres Žilina",Rosina,1,5,270.00,238.928000,0.1300475457,0.2682717788,expensive
Ju-hAf6SLZe,"RECLOUD Reality a.s.","standard plot",land,NULL,"okres Námestovo","Oravská Jasenica",2,3,70.00,84.333333,-0.1699604710,-0.1450063521,average
JuLYYDsAsCoc,"RECLOUD Reality a.s.","standard plot",land,NULL,"okres Námestovo","Oravská Jasenica",2,3,70.00,84.333333,-0.1699604710,-0.1450063521,average
Ju7mSPUl1TY3,"RE/MAX Slovakia","standard plot",land,NULL,"okres Námestovo","Oravská Jasenica",1,3,113.00,84.333333,0.3399209539,-0.1450063521,average
JuoqzBB_9Ic,donidDevelop,"standard plot",land,NULL,"okres Dolný Kubín",Párnica,1,2,98.87,131.455000,-0.2478795025,-0.1470570937,average
Ju2_HPkQ8s2,"RE/MAX Slovakia","standard plot",land,NULL,"okres Dolný Kubín",Párnica,1,2,164.04,131.455000,0.2478795025,-0.1470570937,average
JubUi5eOFbH,"RE/MAX Slovakia","standard plot",land,NULL,"okres Ružomberok","Liptovská Štiavnica",1,2,89.39,86.785000,0.0300167080,-0.1731106261,average
JuXGG7E_fDg,"AstonReal s.r.o.","standard plot",land,NULL,"okres Ružomberok","Liptovská Štiavnica",1,2,84.18,86.785000,-0.0300167080,-0.1731106261,average
JubLSsddj46,"1.BCR REAL ESTATE SLOVAKIA","extra large plot",land,NULL,"okres Liptovský Mikuláš","Staré mesto",1,2,59.41,39.905000,0.4887858664,0.0192597764,average
JuWNTIbPUJS,"Reality Alpia","extra large plot",land,NULL,"okres Liptovský Mikuláš","Staré mesto",1,2,20.40,39.905000,-0.4887858664,0.0192597764,average
JunNzT26gJt,"Realitka pre každého","standard plot",land,NULL,"okres Žilina",Kunerad,1,3,135.53,125.103333,0.0833444382,0.0895069783,average
JufCqQz59Ij,"ŽILINAREAL, s.r.o.","standard plot",land,NULL,"okres Žilina",Kunerad,1,3,114.11,125.103333,-0.0878740217,0.0895069783,average
Ju_bN-ewyhS,"AnReal s. r. o.","standard plot",land,NULL,"okres Žilina",Kunerad,1,3,125.67,125.103333,0.0045295915,0.0895069783,average
JubvMgx0Xlu,"OREA, s.r.o.","standard plot",land,NULL,"okres Dolný Kubín","Vyšný Kubín",1,4,118.00,140.072500,-0.1575791108,0.3714673230,expensive
JuErvfknoQB,"RK VILLEA, s. r. o.","standard plot",land,NULL,"okres Dolný Kubín","Vyšný Kubín",1,4,228.29,140.072500,0.6297988542,0.3714673230,expensive
JujRK5xYV79,"RK Dalmia s. r. o.","standard plot",land,NULL,"okres Dolný Kubín","Vyšný Kubín",1,4,118.00,140.072500,-0.1575791108,0.3714673230,expensive
JueuBN1Nu8x,"XEMAR realitná spoločnosť s.r.o.","standard plot",land,NULL,"okres Ružomberok","Liptovská Osada",1,2,116.28,113.920000,0.0207162921,0.1583447533,expensive
JuhckkiisBJp,"BeMi realitná kancelária","large plot",land,NULL,"okres Čadca",Čierne,1,2,91.88,72.940000,0.2596654785,-0.2022996181,average
JuGjdMCF3ve,"DreamReality s.r.o.","large plot",land,NULL,"okres Žilina",Bytčica,1,2,180.18,116.890000,0.5414492258,0.1876265165,expensive
Ju0yTvWbSXD,"BALAŽI REAL ESTATE s.r.o.","large plot",land,NULL,"okres Žilina",Bytčica,1,2,53.60,116.890000,-0.5414492258,0.1876265165,expensive
JunsxT9D57Y,"SLNOVRAT, s.r.o.","standard plot",land,NULL,"okres Čadca",Svrčinovec,1,2,67.39,67.450000,-0.0008895478,-0.5161943179,cheap
JuaHyO1MbDH,"BeMi realitná kancelária","standard plot",land,NULL,"okres Čadca",Svrčinovec,1,2,67.51,67.450000,0.0008895478,-0.5161943179,cheap
Ju6g_Z5mX7e,"RE/MAX Slovakia","standard plot",land,NULL,"okres Martin",Stráne,1,2,220.00,110.000000,1.0000000000,-0.0089918347,average
Judikv0pXVX,"RK4 REALITY","small plot",land,NULL,"okres Kysucké Nové Mesto",Snežnica,1,3,133.33,127.693333,0.0441422185,0.0388107773,average
JuU1wLvylPv,"Realitné kancelárie SR","small plot",land,NULL,"okres Kysucké Nové Mesto",Snežnica,1,3,129.75,127.693333,0.0161062990,0.0388107773,average
JuNitLYneeA,"TRI LIPY, s. r. o.","standard plot",land,NULL,"okres Čadca",Čierne,1,2,73.99,63.995000,0.1561840769,-0.2022996181,average
JunDvn09Q9U,"AnReal s. r. o.","standard plot",land,NULL,"okres Čadca",Čierne,1,2,54.00,63.995000,-0.1561840769,-0.2022996181,average
JuMiM4qhAck,"RES GROUP, s.r.o.","small plot",land,NULL,"okres Žilina",Turie,1,2,160.00,116.500000,0.3733905579,0.4268231895,premium
JuWsp-GzHhf,"RESIDENCE realitná kancelária","standard plot",land,NULL,"okres Liptovský Mikuláš",Vlachy,1,5,80.56,76.200000,0.0572178478,-0.3353756930,cheap
Juc0JQaKZWu,"BeMi realitná kancelária","standard plot",land,NULL,"okres Liptovský Mikuláš",Vlachy,2,5,75.32,76.200000,-0.0115485564,-0.3353756930,cheap
JuzRwokuDbj,"BeMi realitná kancelária","standard plot",land,NULL,"okres Liptovský Mikuláš",Vlachy,2,5,74.94,76.200000,-0.0165354331,-0.3353756930,cheap
JudrqxfcGTR,"Nové bývanie","standard plot",land,NULL,"okres Liptovský Mikuláš",Vlachy,2,5,75.32,76.200000,-0.0115485564,-0.3353756930,cheap
Jus9HjYi9K6,"Nové bývanie","standard plot",land,NULL,"okres Liptovský Mikuláš",Vlachy,2,5,74.86,76.200000,-0.0175853018,-0.3353756930,cheap
JuPvieB5wD8,"AnReal s. r. o.","small plot",land,NULL,"okres Žilina",Mojš,1,2,105.00,166.855000,-0.3707110965,0.0039380882,average
Ju_QlVk-YXH,"RS Mansory s.r.o.","small plot",land,NULL,"okres Žilina",Mojš,1,2,228.71,166.855000,0.3707110965,0.0039380882,average
JuVff9I-9I0,"Reality D.P.A.","standard plot",land,NULL,"okres Martin",Valča,1,3,75.00,79.140000,-0.0523123578,-0.1600821041,average
Ju6amfxFDHs,"TUreality s.r.o.","large plot",land,NULL,"okres Bytča","Hlboké nad Váhom",1,6,25.44,25.166667,0.0108609138,-0.4492501690,cheap
Ju5eolzpNXf,"ŽILINAREAL, s.r.o.","large plot",land,NULL,"okres Bytča","Hlboké nad Váhom",1,6,33.00,25.166667,0.3112582608,-0.4492501690,cheap
JusxvqCVQpI,"TOCA, s.r.o. Realitná činnosť","large plot",land,NULL,"okres Bytča","Hlboké nad Váhom",2,6,23.67,25.166667,-0.0594702111,-0.4492501690,cheap
Julqx-OsWd4,"TOCA, s.r.o. Realitná činnosť","large plot",land,NULL,"okres Bytča","Hlboké nad Váhom",2,6,23.67,25.166667,-0.0594702111,-0.4492501690,cheap
Ju3KUswXUz_,"RADO Reality","large plot",land,NULL,"okres Bytča","Hlboké nad Váhom",1,6,12.22,25.166667,-0.5144370925,-0.4492501690,cheap
JuBnZj34L44,"DRR INVEST, s. r. o.","large plot",land,NULL,"okres Bytča","Hlboké nad Váhom",1,6,33.00,25.166667,0.3112582608,-0.4492501690,cheap
JuEjJSCiW8Ze,"JPE. Reality - Jozef Pajer","small plot",land,NULL,"okres Čadca",Skalité,1,9,79.00,78.888889,0.0014084493,-0.3596686534,cheap
JufmowlUURT,"HOLESTIAK.sk reality s.r.o.","small plot",land,NULL,"okres Čadca",Skalité,1,9,78.00,78.888889,-0.0112676070,-0.3596686534,cheap
JunD1SrFXPT,"BeMi realitná kancelária","small plot",land,NULL,"okres Čadca",Skalité,6,9,79.00,78.888889,0.0014084493,-0.3596686534,cheap
JuW5XYXfIA2,"BeMi realitná kancelária","small plot",land,NULL,"okres Čadca",Skalité,6,9,79.00,78.888889,0.0014084493,-0.3596686534,cheap
Jug8evCrAgI,"BeMi realitná kancelária","small plot",land,NULL,"okres Čadca",Skalité,6,9,79.00,78.888889,0.0014084493,-0.3596686534,cheap
JurzykGoa8Y,"BeMi realitná kancelária","small plot",land,NULL,"okres Čadca",Skalité,6,9,79.00,78.888889,0.0014084493,-0.3596686534,cheap
Jukxm6yZ0hf6,"BeMi realitná kancelária","small plot",land,NULL,"okres Čadca",Skalité,6,9,79.00,78.888889,0.0014084493,-0.3596686534,cheap
JuSojlAQh6I,"BeMi realitná kancelária","small plot",land,NULL,"okres Čadca",Skalité,6,9,79.00,78.888889,0.0014084493,-0.3596686534,cheap
JuJTvvQyvPv,"TRI LIPY, s. r. o.","large plot",land,NULL,"okres Čadca",Makov,1,4,50.00,32.750000,0.5267175573,-0.4327340235,cheap
Jua5wAoApR5,"DreamReality s.r.o.","large plot",land,NULL,"okres Kysucké Nové Mesto",Rudina,2,3,73.97,79.050000,-0.0642631246,0.4065340905,premium
Juz77F3qzjt,"DreamReality s.r.o.","large plot",land,NULL,"okres Kysucké Nové Mesto",Rudina,2,3,73.97,79.050000,-0.0642631246,0.4065340905,premium
Ju192g79OHm,"Reality Center, s.r.o.","large plot",land,NULL,"okres Martin",Belá-Dulice,1,3,62.00,69.000000,-0.1014492754,-0.2562006508,cheap
JuTZg0TY8JC,"OVERENÉ REALITY","large plot",land,NULL,"okres Martin",Belá-Dulice,1,3,85.00,69.000000,0.2318840580,-0.2562006508,cheap
JuPITfSI3H0,"SLNOVRAT, s.r.o.","large plot",land,NULL,"okres Čadca",Staškov,2,3,18.21,23.903333,-0.2381815540,-0.2298083208,average
JuC5HWpBoue,"SLNOVRAT, s.r.o.","large plot",land,NULL,"okres Čadca",Staškov,2,3,26.50,23.903333,0.1086320054,-0.2298083208,average
JuKVQligYhM,"RS Mansory s.r.o.","small plot",land,NULL,"okres Žilina",Bitarová,1,2,179.43,154.715000,0.1597453382,0.0902103437,average
Ju2-GQn0P3G,"MAX PROFI REALITY","standard plot",land,NULL,"okres Martin",Priekopa,1,2,76.56,122.940000,-0.3772571986,0.5581583932,premium
JuGN-E0XFUo,"RE/MAX Slovakia","standard plot",land,NULL,"okres Martin",Priekopa,1,2,169.32,122.940000,0.3772571986,0.5581583932,premium
JueabChri5n,"TARGETreal s. r. o.","standard plot",land,NULL,"okres Žilina","Kotrčiná Lúčka",1,4,100.00,95.720000,0.0447137484,-0.1893508163,average
JuUn4gk-elR,"R2 SK, s.r.o.","standard plot",land,NULL,"okres Žilina","Kotrčiná Lúčka",1,4,91.16,95.720000,-0.0476389469,-0.1893508163,average
JuEl39vdmi7,"Gro & Partners","standard plot",land,NULL,"okres Žilina","Kotrčiná Lúčka",1,4,93.44,95.720000,-0.0238194735,-0.1893508163,average
Ju9T9motLi6,"Mamud Reality s. r. o.","standard plot",land,NULL,"okres Žilina",Divina,1,2,130.37,194.965000,-0.3313158772,0.1627983608,expensive
JuD0_PFG0ni,"BV REAL PD, s.r.o.","standard plot",land,NULL,"okres Turčianske Teplice",Sklené,1,2,27.82,36.375000,-0.2351890034,-0.1200984333,average
Ju9IFe2gRus,"BeMi realitná kancelária","standard plot",land,NULL,"okres Turčianske Teplice",Sklené,1,2,44.93,36.375000,0.2351890034,-0.1200984333,average
JuSc9mnlTNp,"Q REAL s.r.o.","small plot",land,NULL,"okres Liptovský Mikuláš","Liptovská Sielnica",1,5,90.00,75.252000,0.1959815022,-0.0351732627,average
Ju2_2a_gc9I,Limaxreal,"small plot",land,NULL,"okres Liptovský Mikuláš","Liptovská Sielnica",1,5,96.00,75.252000,0.2757136023,-0.0351732627,average
JuEX_l_3Eqg,"BEŇO REALITY","small plot",land,NULL,"okres Liptovský Mikuláš","Liptovská Sielnica",1,5,100.00,75.252000,0.3288683357,-0.0351732627,average
JueE0RaoId9,"NFA Group, s.r.o.","small plot",land,NULL,"okres Liptovský Mikuláš","Liptovská Sielnica",1,5,0.26,75.252000,-0.9965449423,-0.0351732627,average
Ju4ExXlTo3S,"Ing.Zuzana Paverová","large plot",land,NULL,"okres Martin",Necpaly,1,2,50.00,76.000000,-0.3421052632,-0.2527163798,cheap
JurXAjyEx4Y,"Reality Center, s.r.o.","large plot",land,NULL,"okres Martin",Necpaly,1,2,102.00,76.000000,0.3421052632,-0.2527163798,cheap
JuTkoqi-k1y,"Apollo House","standard plot",land,NULL,"okres Ružomberok","Liptovské Sliače",2,3,100.00,87.286667,0.1456503431,-0.0711715674,average
Juv3W5C4xtN_,"Apollo House","standard plot",land,NULL,"okres Ružomberok","Liptovské Sliače",2,3,100.00,87.286667,0.1456503431,-0.0711715674,average
Jubn_BmVZq4,"TUreality s.r.o.","standard plot",land,NULL,"okres Ružomberok","Liptovské Sliače",1,3,61.86,87.286667,-0.2913006977,-0.0711715674,average
Ju78oHKGop9R,"RS Mansory s.r.o.","large plot",land,NULL,"okres Žilina","Kotrčiná Lúčka",1,3,61.93,65.560000,-0.0553691275,-0.1893508163,average
Ju6BOs5U974,"WFG reality, s.r.o.","large plot",land,NULL,"okres Žilina","Kotrčiná Lúčka",1,3,81.48,65.560000,0.2428309945,-0.1893508163,average
Ju_KMqj7vmd,"Reality Center, s.r.o.","standard plot",land,NULL,"okres Martin",Rakovo,1,2,99.00,92.690000,0.0680763836,-0.0584772839,average
JuLOTbilQnB,"B10 Slovensko, a. s.","standard plot",land,NULL,"okres Martin",Rakovo,1,2,86.38,92.690000,-0.0680763836,-0.0584772839,average
JugbHbksCr-,"TeEq Reality","extra large plot",land,NULL,"okres Žilina",Višňové,1,3,95.00,98.333333,-0.0338983018,0.2264074791,expensive
JuQixUnoW4u,"Realitné kancelárie SR","extra large plot",land,NULL,"okres Žilina",Višňové,2,3,95.00,98.333333,-0.0338983018,0.2264074791,expensive
JuiFvyOCpZO,"Realitné kancelárie SR","extra large plot",land,NULL,"okres Žilina",Višňové,2,3,105.00,98.333333,0.0677966138,0.2264074791,expensive
JuRn13yIVnF,"ŽILINAREAL, s.r.o.","standard plot",land,NULL,"okres Čadca",Dunajov,1,3,39.11,37.950000,0.0305665349,-0.6153556638,cheap
JuCmj-PgWTq,"WFG reality, s.r.o.","standard plot",land,NULL,"okres Čadca",Dunajov,1,3,26.81,37.950000,-0.2935441370,-0.6153556638,cheap
JuvDIHl7nu4,"RES GROUP, s.r.o.","standard plot",land,NULL,"okres Čadca",Dunajov,1,3,47.93,37.950000,0.2629776021,-0.6153556638,cheap
JuqRYP4Ii_m,"ALT REAL, s.r.o.","standard plot",land,NULL,"okres Martin",Necpaly,2,4,95.24,84.220000,0.1308477796,-0.2527163798,cheap
JuYtpUq3Ljt,"ALT REAL, s.r.o.","standard plot",land,NULL,"okres Martin",Necpaly,2,4,92.82,84.220000,0.1021135122,-0.2527163798,cheap
Juuliwtz_LA,"Realitné kancelárie SR","standard plot",land,NULL,"okres Martin",Necpaly,1,4,58.82,84.220000,-0.3015910710,-0.2527163798,cheap
JueyWGcCtCo,"R2 SK, s.r.o.","standard plot",land,NULL,"okres Martin",Necpaly,1,4,90.00,84.220000,0.0686297791,-0.2527163798,cheap
Ju266Dr49Ba,"BeMi realitná kancelária","large plot",land,NULL,"okres Kysucké Nové Mesto","Dolný Vadičov",1,2,52.00,43.975000,0.1824900512,-0.1874267706,average
JuvwILxsaLE,"Realitné kancelárie SR","large plot",land,NULL,"okres Kysucké Nové Mesto","Dolný Vadičov",1,2,35.95,43.975000,-0.1824900512,-0.1874267706,average
JuASY12odtk,"Reality AK, spol. s r.o.","extra large plot",land,NULL,"okres Liptovský Mikuláš","Liptovská Anna",1,2,100.00,100.000000,0.0000000000,-0.0478131170,average
Jur27j-ejmc,"BALAŽI REAL ESTATE s.r.o.","large plot",land,NULL,"okres Martin",Záturčie,2,3,65.00,76.666667,-0.1521739167,-0.1261345316,average
JuQ9QuExnST,"BALAŽI REAL ESTATE s.r.o.","large plot",land,NULL,"okres Martin",Záturčie,2,3,65.00,76.666667,-0.1521739167,-0.1261345316,average
Jul7ugPXcvQ,"ALT REAL, s.r.o.","large plot",land,NULL,"okres Martin",Záturčie,1,3,100.00,76.666667,0.3043478204,-0.1261345316,average
JutSxfNRIvL,"TARGETreal s. r. o.","standard plot",land,NULL,"okres Čadca",Oščadnica,1,3,66.97,85.423333,-0.2160221611,-0.2204248485,average
Ju4lACVtBvB,"TRI LIPY, s. r. o.","standard plot",land,NULL,"okres Čadca",Oščadnica,1,3,79.30,85.423333,-0.0716822065,-0.2204248485,average
JufBIzJWZ0T,"RIEŠIME BÝVANIE","standard plot",land,NULL,"okres Čadca",Korňa,1,3,24.34,27.493333,-0.1146944607,-0.4515324548,cheap
JushtsOsA5D,"Reality MT s.r.o.","standard plot",land,NULL,"okres Martin","Košťany nad Turcom",1,2,81.74,102.995000,-0.2063692412,-0.0830285942,average
Juz8n3k63O_,"Direct Real, spol. s r.o.","extra large plot",land,NULL,"okres Liptovský Mikuláš",Beňadiková,1,2,30.00,27.500000,0.0909090909,-0.1163509904,average
JuMAMHXJq7S,"RESIDENCE realitná kancelária","extra large plot",land,NULL,"okres Liptovský Mikuláš",Beňadiková,1,2,25.00,27.500000,-0.0909090909,-0.1163509904,average
JuHEexV-ME8,"Georgi Conev","standard plot",land,NULL,"okres Žilina",Višňové,1,2,172.25,186.125000,-0.0745466756,0.2264074791,expensive
JuH12tFyQw2,"AnoReal, s.r.o.","standard plot",land,NULL,"okres Žilina",Višňové,1,2,200.00,186.125000,0.0745466756,0.2264074791,expensive
Ju26ASiELkU,"Mamud Reality s. r. o.","small plot",land,NULL,"okres Žilina","Dolná Tižina",1,2,162.32,156.060000,0.0401127771,-0.0352089117,average
JufJ-j5ky3T,"Safe reality s. r. o.","small plot",land,NULL,"okres Žilina","Dolná Tižina",1,2,149.80,156.060000,-0.0401127771,-0.0352089117,average
JunJu6IyBiX,"TARGETreal s. r. o.","large plot",land,NULL,"okres Turčianske Teplice",Sklené,1,2,37.50,39.500000,-0.0506329114,-0.1200984333,average
JupRRfszbzs,"Reality D.P.A.","large plot",land,NULL,"okres Turčianske Teplice",Sklené,1,2,41.50,39.500000,0.0506329114,-0.1200984333,average
JumBIzQEPOK,"Reality Turiec s.r o.","standard plot",land,NULL,"okres Liptovský Mikuláš","Liptovský Trnovec",1,2,99.00,114.500000,-0.1353711790,0.1985951180,expensive
JuGtn_qttBC,"Direct Real, spol. s r.o.","standard plot",land,NULL,"okres Liptovský Mikuláš","Liptovský Trnovec",1,2,130.00,114.500000,0.1353711790,0.1985951180,expensive
JuvLJIIUOfY,"Direct Real, spol. s r.o.","small plot",land,NULL,"okres Liptovský Mikuláš",Lazisko,1,2,100.67,115.335000,-0.1271513417,-0.1857691708,average
Ju1YLWtdCP4,"RESIDENCE realitná kancelária","small plot",land,NULL,"okres Liptovský Mikuláš",Lazisko,1,2,130.00,115.335000,0.1271513417,-0.1857691708,average
JuzsaTgRy0A,"1. Reality Rent, s.r.o.","standard plot",land,NULL,"okres Čadca",Staškov,2,5,32.69,54.130000,-0.3960835027,-0.2298083208,average
JuY9JBEYXXO,"1. Reality Rent, s.r.o.","standard plot",land,NULL,"okres Čadca",Staškov,2,5,65.19,54.130000,0.2043229263,-0.2298083208,average
JusbhL9UXOL,"SLNOVRAT, s.r.o.","standard plot",land,NULL,"okres Čadca",Staškov,1,5,35.21,54.130000,-0.3495289119,-0.2298083208,average
JusK3lTtUjZ,"Realitné kancelárie SR","extra large plot",land,NULL,"okres Bytča","Veľké Rovné",1,2,55.00,42.635000,0.2900199367,-0.0994985255,average
Ju6FhwnbvkK,"ŽILINAREAL, s.r.o.","extra large plot",land,NULL,"okres Martin",Tomčany,1,2,60.00,58.700000,0.0221465077,0.0676942205,average
JuMHyeDGK2f,"Realitné kancelárie SR","small plot",land,NULL,"okres Martin",Necpaly,1,2,93.56,101.020000,-0.0738467630,-0.2527163798,cheap
JuLGf5aS3L1,"1. Reality Rent, s.r.o.","standard plot",land,NULL,"okres Kysucké Nové Mesto",Suľkov,1,2,120.82,119.235000,0.0132930767,-0.0975843592,average
Ju0UmYe9Px-,"BeMi realitná kancelária","extra large plot",land,NULL,"okres Čadca",Staškov,1,2,18.00,17.500000,0.0285714286,-0.2298083208,average
JuzowjqYdqV,"SLNOVRAT, s.r.o.","extra large plot",land,NULL,"okres Čadca",Staškov,1,2,17.00,17.500000,-0.0285714286,-0.2298083208,average
JuypdHR9V5h,"RS Mansory s.r.o.","large plot",land,NULL,"okres Žilina","Lietavská Svinná-Babkov",1,2,120.00,98.790000,0.2146978439,0.0175395213,average
Ju6EZukLTos,"SLNOVRAT, s.r.o.","extra large plot",land,NULL,"okres Čadca",Podzávoz,1,2,66.00,66.010000,-0.0001514922,0.1926102547,expensive
Ju0KCQtbTTW,"BeMi realitná kancelária","extra large plot",land,NULL,"okres Čadca",Podzávoz,1,2,66.02,66.010000,0.0001514922,0.1926102547,expensive
JuiHO4ziDsX,"RESIDENCE realitná kancelária","small plot",land,NULL,"okres Liptovský Mikuláš",Podbreziny,1,6,222.00,186.811667,0.1883626091,0.1311195283,expensive
JumXY6voBY_,"Eden Real estate, s.r.o.","small plot",land,NULL,"okres Liptovský Mikuláš",Podbreziny,1,6,170.53,186.811667,-0.0871555148,0.1311195283,expensive
JuuQurqTomT,"AstonReal s.r.o.","small plot",land,NULL,"okres Liptovský Mikuláš",Podbreziny,2,6,186.46,186.811667,-0.0018824681,0.1311195283,expensive
JufImX742Ut,"AstonReal s.r.o.","small plot",land,NULL,"okres Liptovský Mikuláš",Podbreziny,2,6,184.31,186.811667,-0.0133913852,0.1311195283,expensive
Jue9eL-lcIx,"SLNOVRAT, s.r.o.","standard plot",land,NULL,"okres Čadca",Raková,2,7,116.64,74.402857,0.5676817357,-0.2205749760,average
Juk20aBZ0Ls,"SLNOVRAT, s.r.o.","standard plot",land,NULL,"okres Čadca",Raková,2,7,55.00,74.402857,-0.2607810746,-0.2205749760,average
JuE8ApW_7eF,"TRI LIPY, s. r. o.","standard plot",land,NULL,"okres Čadca",Raková,1,7,67.50,74.402857,-0.0927767733,-0.2205749760,average
Ju5OGHyG1_Y,"HOLESTIAK.sk reality s.r.o.","standard plot",land,NULL,"okres Čadca",Raková,1,7,61.59,74.402857,-0.1722092070,-0.2205749760,average
JuQX408bw8H,"Bosen Group s.r.o.","standard plot",land,NULL,"okres Dolný Kubín",Žaškov,1,2,67.18,71.100000,-0.0551336146,-0.2810132310,cheap
JuveNCiurSC,"RK VILLEA, s. r. o.","standard plot",land,NULL,"okres Dolný Kubín",Žaškov,1,2,75.02,71.100000,0.0551336146,-0.2810132310,cheap
Julifs4IZ1R,"Reality AK, spol. s r.o.","small plot",land,NULL,"okres Martin",Stráne,1,2,250.00,244.230000,0.0236252713,-0.0089918347,average
JuMmLaRBnk-,"Real Reality Development s.r.o.","small plot",land,NULL,"okres Martin",Stráne,1,2,238.46,244.230000,-0.0236252713,-0.0089918347,average
JuAEEafI2yh,"AnoReal, s.r.o.","standard plot",land,NULL,"okres Žilina",Kľače,1,3,110.00,76.680000,0.4345331247,-0.2851695635,cheap
JuldPobEyqZ,"TARGETreal s. r. o.","standard plot",land,NULL,"okres Bytča","Veľké Rovné",2,3,42.17,47.286667,-0.1082052791,-0.0994985255,average
JuSMDjKsDMw,"TARGETreal s. r. o.","standard plot",land,NULL,"okres Bytča","Veľké Rovné",2,3,37.87,47.286667,-0.1991400028,-0.0994985255,average
JutBiDVPJVF,"StorkReal s. r. o.","small plot",land,NULL,"okres Žilina",Višňové,1,3,159.95,181.473333,-0.1186032826,0.2264074791,expensive
JukvtXQXqqN,"Mgr. Nina Herčková, RSc.","small plot",land,NULL,"okres Žilina",Višňové,1,3,188.47,181.473333,0.0385547942,0.2264074791,expensive
JuaoRgRgfTM,"B10 Slovensko, a. s.","large plot",land,NULL,"okres Kysucké Nové Mesto",Nesluša,1,2,0.00,10.000000,-1.0000000000,-0.4214795269,cheap
JuCafss2FQP,"BIZNIS REALITY, s.r.o.","large plot",land,NULL,"okres Liptovský Mikuláš",Vitálišovce,2,4,220.00,197.975000,0.1112514206,0.9383979245,premium
Ju-yASPSDbI,"BIZNIS REALITY, s.r.o.","large plot",land,NULL,"okres Liptovský Mikuláš",Vitálišovce,2,4,220.00,197.975000,0.1112514206,0.9383979245,premium
JuJOjhQbYoo,"Ing.Zuzana Paverová","standard plot",land,NULL,"okres Turčianske Teplice","Turčiansky Michal",1,2,71.00,70.005000,0.0142132705,-0.1108450076,average
JuuPBY6Ot9Q,"Reality Center, s.r.o.","standard plot",land,NULL,"okres Turčianske Teplice","Turčiansky Michal",1,2,69.01,70.005000,-0.0142132705,-0.1108450076,average
JuRGpe_vleW,"Apollo House","standard plot",land,NULL,"okres Ružomberok",Bešeňová,1,2,100.00,79.000000,0.2658227848,0.1639579970,expensive
Jujfy0BeWOa,"Reality Alpia","standard plot",land,NULL,"okres Ružomberok",Bešeňová,1,2,58.00,79.000000,-0.2658227848,0.1639579970,expensive
JuI1xGqBjgz,"FINREA - ak vám záleží na výsledku","small plot",land,NULL,"okres Martin",Turany,1,2,104.90,108.130000,-0.0298714510,-0.3267598337,cheap
JumyeY6xnwq,"MS Alpex, k.s.","small plot",land,NULL,"okres Martin",Turany,1,2,111.36,108.130000,0.0298714510,-0.3267598337,cheap
JuI63s8eiN7,"RS Mansory s.r.o.","standard plot",land,NULL,"okres Bytča",Jablonové,1,3,157.58,234.346667,-0.3275773792,1.2945174538,premium
JubcbkupV-K,"Reality IQ, s.r.o.","standard plot",land,NULL,"okres Bytča","Bytča - sever",1,2,146.56,164.550000,-0.1093284716,0.0254404881,average
JuO_8tOz9vO,"ADH-REAL s.r.o. Hirjaková Adriana","standard plot",land,NULL,"okres Bytča","Bytča - sever",1,2,182.54,164.550000,0.1093284716,0.0254404881,average
JuCAQgOYAnl,"BeMi realitná kancelária","standard plot",land,NULL,"okres Bytča",Predmier,1,2,81.50,78.250000,0.0415335463,-0.3744450390,cheap
JuJs7LAy2Ca,"TRI LIPY, s. r. o.","standard plot",land,NULL,"okres Čadca",Klokočov,1,2,38.35,39.675000,-0.0333963453,-0.4236469874,cheap
JumgYXab6nd,"SLNOVRAT, s.r.o.","standard plot",land,NULL,"okres Čadca",Klokočov,1,2,41.00,39.675000,0.0333963453,-0.4236469874,cheap
JuFVNjbiRLu,"Reality Alpia","large plot",land,NULL,"okres Martin","Turčianske Kľačany",1,2,64.42,56.155000,0.1471819072,0.1147714104,expensive
JutWL9k4SH-,"RK Dalmia s. r. o.","standard plot",land,NULL,"okres Dolný Kubín","Malý Bysterec",1,2,149.11,175.905000,-0.1523265399,0.4188294356,premium
JuGnc9OXHGX,"RES GROUP, s.r.o.","standard plot",land,NULL,"okres Dolný Kubín","Malý Bysterec",1,2,202.70,175.905000,0.1523265399,0.4188294356,premium
Ju0xrW-pJiv,"Safe reality s. r. o.","large plot",land,NULL,"okres Žilina",Bitarová,1,2,127.75,107.875000,0.1842410197,0.0902103437,average
JuCX6DjrhAx,"Realitná kancelária","small plot",land,NULL,"okres Liptovský Mikuláš",Kvačany,1,2,99.00,104.075000,-0.0487629114,-0.1887237241,average
Ju0Wth3fmJb,liptoreal,"small plot",land,NULL,"okres Liptovský Mikuláš",Kvačany,1,2,109.15,104.075000,0.0487629114,-0.1887237241,average
Juvljk31CAz,"RK Dalmia s. r. o.","large plot",land,NULL,"okres Dolný Kubín",Žaškov,1,2,86.76,75.765000,0.1451197783,-0.2810132310,cheap
JuEWO1OepoK,"Reality AK, spol. s r.o.","standard plot",land,NULL,"okres Martin","Kláštor pod Znievom",1,3,85.00,89.750000,-0.0529247911,-0.1227246646,average
JuOs44Ibx4E,"RE/MAX Slovakia","standard plot",land,NULL,"okres Martin","Kláštor pod Znievom",1,3,102.79,89.750000,0.1452924791,-0.1227246646,average
JuNwfzXAT-U,"LIF REAL","standard plot",land,NULL,"okres Martin",Príbovce,1,2,88.24,88.240000,0.0000000000,-0.3239290168,cheap
JuIesZUseBj,"Realitné kancelárie SR","standard plot",land,NULL,"okres Žilina",Zbyňov,1,2,100.00,90.000000,0.1111111111,0.2098321937,expensive
JuPr2yDWLko,"Realitné kancelárie SR","standard plot",land,NULL,"okres Žilina","Teplička nad Váhom",1,2,363.76,315.470000,0.1530731924,0.4891075647,premium
JulcGjr0HkD,"Piata Avenue","large plot",land,NULL,"okres Martin",Lipovec,1,2,100.00,50.035000,0.9986009793,-0.0659684512,average
JuE953fYUaJ,"Realitná kancelária","large plot",land,NULL,"okres Martin",Lipovec,1,2,0.07,50.035000,-0.9986009793,-0.0659684512,average
JunoJZqtPKv,"RIEŠIME BÝVANIE","standard plot",land,NULL,"okres Bytča",Kotešová,1,2,63.29,93.180000,-0.3207769908,0.1647563028,expensive
JuvOhFg_IIq,"Reality D.P.A.","standard plot",land,NULL,"okres Martin","Turčiansky Peter",1,2,105.00,105.635000,-0.0060112652,0.1415844401,expensive
JuLeQIMuEoJ,"Vianema s.r.o.","large plot",land,NULL,"okres Turčianske Teplice",Mošovce,1,2,61.99,53.590000,0.1567456615,-0.2970508266,cheap
JulHoywVWzv,"RS Mansory s.r.o.","small plot",land,NULL,"okres Žilina",Trnové,1,5,146.55,306.140000,-0.5212974456,0.4033710286,premium
JurPtkmJGHM,"StorkReal s. r. o.","small plot",land,NULL,"okres Žilina",Trnové,1,5,430.33,306.140000,0.4056640753,0.4033710286,premium
JuP8rlC8Xco,"ATP stavby s.r.o.","small plot",land,NULL,"okres Žilina",Trnové,1,5,430.33,306.140000,0.4056640753,0.4033710286,premium
JuXhVixLVGG,"Real Estate Group4U","standard plot",land,NULL,"okres Žilina","Lietavská Svinná-Babkov",1,5,241.80,141.444000,0.7095104776,0.0175395213,average
JuIGtLwLscT,Limaxreal,"standard plot",land,NULL,"okres Liptovský Mikuláš",Stošice,1,3,62.30,119.300000,-0.4777870914,-0.0247534358,average
JuVnYv0MGhb,"TARGETreal s. r. o.","standard plot",land,NULL,"okres Kysucké Nové Mesto","Horný Vadičov",1,4,49.00,46.877500,0.0452775852,-0.0528494707,average
JuxTRMglx-W,"BeMi realitná kancelária","large plot",land,NULL,"okres Čadca",Raková,1,8,26.00,54.851250,-0.5259907477,-0.2205749760,average
JudmThIv8pi,"Realitné kancelárie SR","small plot",land,NULL,"okres Žilina",Zbyňov,1,3,169.35,99.783333,0.6971772230,0.2098321937,expensive
Juht1btctzZ,"JPE. Reality - Jozef Pajer","standard plot",land,NULL,"okres Čadca",Predmier,1,4,86.99,50.667500,0.7168796566,-0.4294880499,cheap
JuUul__8DQL,"Realitné kancelárie SR","large plot",land,NULL,"okres Martin",Laskár,1,2,68.00,68.000000,0.0000000000,-0.3342035163,cheap
Ju4f4j-Yy0S,"WFG reality, s.r.o.","standard plot",land,NULL,"okres Žilina",Trnové,1,7,200.00,145.131429,0.3780612606,0.4033710286,premium
Ju21Xr2V_AF,"RS Mansory s.r.o.","standard plot",land,NULL,"okres Žilina",Trnové,1,7,77.87,145.131429,-0.4634518482,0.4033710286,premium
Juye6i7s5GK,"RS Mansory s.r.o.","small plot",land,NULL,"okres Čadca",Oščadnica,1,7,135.24,89.798571,0.5060373288,-0.2204248485,average
JujKWinPkki,"TRI LIPY, s. r. o.","small plot",land,NULL,"okres Čadca",Oščadnica,1,7,102.09,89.798571,0.1368777795,-0.2204248485,average
JutLp8axckym,"Realitné kancelárie SR","large plot",land,NULL,"okres Čadca",Oščadnica,1,6,8.00,34.530000,-0.7683174052,-0.2204248485,average
Ju_1W8VjrZV,"BeMi realitná kancelária","standard plot",land,NULL,"okres Žilina",Bitarová,1,6,125.54,154.900000,-0.1895416398,0.0902103437,average
Juvwo3yus2z,"RS Mansory s.r.o.","standard plot",land,NULL,"okres Žilina",Bitarová,1,6,125.54,154.900000,-0.1895416398,0.0902103437,average
Juvdw9xd7yr,"Realitné kancelárie SR","standard plot",land,NULL,"okres Žilina",Varín,1,4,149.63,129.615000,0.1544188558,-0.0174866874,average
JuYP7ILQfhI,"Reality Alpia","standard plot",land,NULL,"okres Žilina",Varín,1,4,45.89,129.615000,-0.6459514717,-0.0174866874,average
Jus2h_zTLaE,"Vivid House s. r. o.","large plot",land,NULL,"okres Liptovský Mikuláš","Svätý Kríž",1,2,44.22,44.220000,0.0000000000,0.1101855587,expensive
JuwpErO1oQo,"TARGETreal s. r. o.","standard plot",land,NULL,"okres Martin","Karvaša a Bláhovca",1,5,187.05,131.582000,0.4215470201,-0.1199430995,average
Ju8BkkuvGLX,"Real Estate Group4U","large plot",land,NULL,"okres Žilina",Ovčiarsko,1,6,392.55,129.943333,2.0209322090,-0.0235273024,average
JuxrV_XvqkB,"House Real Žilina","large plot",land,NULL,"okres Žilina",Ovčiarsko,1,6,60.19,129.943333,-0.5367980903,-0.0235273024,average
JuafO7D1C5y,"BEŇO REALITY","standard plot",land,NULL,"okres Liptovský Mikuláš",Jamník,1,5,119.00,105.986000,0.1227898024,-0.0462433293,average
JubO9HcP4C7,Limaxreal,"small plot",land,NULL,"okres Liptovský Mikuláš",Podtureň,1,5,123.00,123.000000,0.0000000000,0.4129810808,premium
JufStanr4w4,"Direct Real, spol. s r.o.","small plot",land,NULL,"okres Liptovský Mikuláš",Podtureň,1,5,123.00,123.000000,0.0000000000,0.4129810808,premium
JuJ2_wybbaK,"ETHOS reality, s. r. o.","standard plot",land,NULL,"okres Žilina","Žilinská Lehota",1,2,100.00,242.690000,-0.5879517079,0.3631516130,expensive
JuPzrcI9eBw,"Realitné kancelárie SR","large plot",land,NULL,"okres Martin",Turany,1,2,37.75,42.295000,-0.1074595106,-0.3267598337,cheap
JutdkjPNxRS,"TARGETreal s. r. o.","standard plot",land,NULL,"okres Žilina",Rosina,2,5,253.62,238.928000,0.0614913279,0.2682717788,expensive
Ju5vA5Uv4Dw,"TARGETreal s. r. o.","standard plot",land,NULL,"okres Žilina",Rosina,2,5,254.36,238.928000,0.0645884953,0.2682717788,expensive
JulIpxSm_gw,"RES GROUP, s.r.o.","standard plot",land,NULL,"okres Dolný Kubín","Vyšný Kubín",1,4,96.00,140.072500,-0.3146406325,0.3714673230,expensive
Ju3Z449GlG4T,"Romantické Chalupy, s.r.o.","standard plot",land,NULL,"okres Ružomberok","Liptovská Osada",1,2,111.56,113.920000,-0.0207162921,0.1583447533,expensive
JuAZ6fgfjuZ,"AnReal s. r. o.","large plot",land,NULL,"okres Čadca",Čierne,1,2,54.00,72.940000,-0.2596654785,-0.2022996181,average
Ju8TQv-MjJF,"B10 Slovensko, a. s.","standard plot",land,NULL,"okres Martin",Stráne,1,2,0.00,110.000000,-1.0000000000,-0.0089918347,average
JuyZQBxrqQr,"Realitná kancelária","small plot",land,NULL,"okres Kysucké Nové Mesto",Snežnica,1,3,120.00,127.693333,-0.0602485096,0.0388107773,average
JuzjY-k3id9,"Realitná kancelária","small plot",land,NULL,"okres Žilina",Turie,1,2,73.00,116.500000,-0.3733905579,0.4268231895,premium
JuJf2fmgFtM,"REALITY SPOLU","standard plot",land,NULL,"okres Martin",Valča,1,3,62.42,79.140000,-0.2112711650,-0.1600821041,average
JuMK_ZB-5jG,"Reality MT s.r.o.","standard plot",land,NULL,"okres Martin",Valča,1,3,100.00,79.140000,0.2635835229,-0.1600821041,average
JuR6b65HC4k,"1. Reality Rent, s.r.o.","small plot",land,NULL,"okres Čadca",Skalité,1,9,79.00,78.888889,0.0014084493,-0.3596686534,cheap
JunMP_jTjvX,"WFG reality, s.r.o.","large plot",land,NULL,"okres Kysucké Nové Mesto",Rudina,1,3,89.21,79.050000,0.1285262492,0.4065340905,premium
Juq3D1w-q7E,"Reality ASTORIA, s.r.o.","large plot",land,NULL,"okres Martin",Belá-Dulice,1,3,60.00,69.000000,-0.1304347826,-0.2562006508,cheap
JuAgx4tBYzv,"1. Reality Rent, s.r.o.","large plot",land,NULL,"okres Čadca",Staškov,1,3,27.00,23.903333,0.1295495904,-0.2298083208,average
JulYy4ldFQa1,"Safe reality s. r. o.","small plot",land,NULL,"okres Žilina",Bitarová,1,2,130.00,154.715000,-0.1597453382,0.0902103437,average
JuDFS7ZcUKC,"AP REAL, s.r.o.","standard plot",land,NULL,"okres Čadca",Makov,1,5,29.00,52.086000,-0.4432285067,-0.4327340235,cheap
Ju_mTTZVoJx,"DreamReality s.r.o.","standard plot",land,NULL,"okres Žilina","Kotrčiná Lúčka",1,4,98.28,95.720000,0.0267446720,-0.1893508163,average
JuGRHQWEm6t,"Real Estate Group4U","standard plot",land,NULL,"okres Žilina",Divina,1,2,259.56,194.965000,0.3313158772,0.1627983608,expensive
JudMigoHhfK,"TUreality s.r.o.","small plot",land,NULL,"okres Liptovský Mikuláš","Liptovská Sielnica",1,5,90.00,75.252000,0.1959815022,-0.0351732627,average
Junb65_vEvr,"Safe reality s. r. o.","large plot",land,NULL,"okres Žilina","Kotrčiná Lúčka",1,3,53.27,65.560000,-0.1874618670,-0.1893508163,average
JuGs0JNeT94,"TARGETreal s. r. o.","extra large plot",land,NULL,"okres Liptovský Mikuláš","Liptovská Anna",1,2,100.00,100.000000,0.0000000000,-0.0478131170,average
JuNiupBfJ_W,"Trioreality, s.r.o.","standard plot",land,NULL,"okres Čadca",Oščadnica,1,3,110.00,85.423333,0.2877043793,-0.2204248485,average
Ju7pU7Ouw32,"RECLOUD Reality a.s.","standard plot",land,NULL,"okres Čadca",Korňa,1,3,25.06,27.493333,-0.0885062935,-0.4515324548,cheap
JusTHrdS9S-,"TRI LIPY, s. r. o.","standard plot",land,NULL,"okres Čadca",Korňa,1,3,33.08,27.493333,0.2032007905,-0.4515324548,cheap
JuyY6pWleh8,"BALAŽI REAL ESTATE s.r.o.","standard plot",land,NULL,"okres Martin","Košťany nad Turcom",1,2,124.25,102.995000,0.2063692412,-0.0830285942,average
JuscZOsY1gt,"Safe reality s. r. o.","standard plot",land,NULL,"okres Čadca",Staškov,1,5,55.56,54.130000,0.0264178829,-0.2298083208,average
JuvZDfX9h0j,"HOLESTIAK.sk reality s.r.o.","standard plot",land,NULL,"okres Čadca",Staškov,1,5,82.00,54.130000,0.5148716054,-0.2298083208,average
JupHBupprCN,"Vianema s.r.o.","extra large plot",land,NULL,"okres Bytča","Veľké Rovné",1,2,30.27,42.635000,-0.2900199367,-0.0994985255,average
JufNsLwTyrG,"Piata Avenue","extra large plot",land,NULL,"okres Martin",Tomčany,1,2,57.40,58.700000,-0.0221465077,0.0676942205,average
JuOPdmvhEwO,"B10 Slovensko, a. s.","small plot",land,NULL,"okres Martin",Necpaly,1,2,108.48,101.020000,0.0738467630,-0.2527163798,cheap
JuMkkypcseP,"Pro Real, s. r. o. realitná kancelária","standard plot",land,NULL,"okres Kysucké Nové Mesto",Suľkov,1,2,117.65,119.235000,-0.0132930767,-0.0975843592,average
JuUM9axhhyU,"Realitné kancelárie SR","large plot",land,NULL,"okres Žilina","Lietavská Svinná-Babkov",1,2,77.58,98.790000,-0.2146978439,0.0175395213,average
Ju_yHqt6C9a,"BEŇO REALITY","small plot",land,NULL,"okres Liptovský Mikuláš",Podbreziny,1,6,198.14,186.811667,0.0606403935,0.1311195283,expensive
JuN4Ko5MTcJ,"Direct Real, spol. s r.o.","small plot",land,NULL,"okres Liptovský Mikuláš",Podbreziny,1,6,159.43,186.811667,-0.1465736452,0.1311195283,expensive
Ju7IL3wpb9W,"RS Mansory s.r.o.","standard plot",land,NULL,"okres Čadca",Raková,1,7,60.19,74.402857,-0.1910256887,-0.2205749760,average
JuRt0myx8AI,"1. Reality Rent, s.r.o.","standard plot",land,NULL,"okres Čadca",Raková,1,7,99.90,74.402857,0.3426903755,-0.2205749760,average
JutxQo51THJ,"KUBALA REALITY, s.r.o.","standard plot",land,NULL,"okres Čadca",Raková,1,7,60.00,74.402857,-0.1935793541,-0.2205749760,average
JuTNX1DN12b,"1. Reality Rent, s.r.o.","standard plot",land,NULL,"okres Žilina",Kľače,1,3,50.00,76.680000,-0.3479394888,-0.2851695635,cheap
JuK4j_sbxpH,"StorkReal s. r. o.","standard plot",land,NULL,"okres Žilina",Kľače,1,3,70.04,76.680000,-0.0865936359,-0.2851695635,cheap
Ju9A78TekYt,"IDEÁLNE BÝVANIE, s.r.o.","standard plot",land,NULL,"okres Bytča","Veľké Rovné",1,3,61.82,47.286667,0.3073452608,-0.0994985255,average
JuGjSvB2SWb,"B10 Slovensko, a. s.","small plot",land,NULL,"okres Žilina",Višňové,1,3,196.00,181.473333,0.0800484940,0.2264074791,expensive
JuS4rgPD6x3,"ROMDOM, s. r. o","large plot",land,NULL,"okres Kysucké Nové Mesto",Nesluša,1,2,20.00,10.000000,1.0000000000,-0.4214795269,cheap
JufFFiGUtxN,"RESIDENCE realitná kancelária","large plot",land,NULL,"okres Liptovský Mikuláš",Vitálišovce,2,4,164.84,197.975000,-0.1673696174,0.9383979245,premium
JuWW4q9AnNy,"RESIDENCE realitná kancelária","large plot",land,NULL,"okres Liptovský Mikuláš",Vitálišovce,2,4,187.06,197.975000,-0.0551332239,0.9383979245,premium
Ju81LTbk2gV,"Real Estate Group4U","standard plot",land,NULL,"okres Bytča",Jablonové,1,3,381.82,234.346667,0.6292956281,1.2945174538,premium
Ju-AMIyF1en,"Nové bývanie","standard plot",land,NULL,"okres Bytča",Jablonové,1,3,163.64,234.346667,-0.3017182532,1.2945174538,premium
Ju4W-q9O29Z,"Vianema s.r.o.","standard plot",land,NULL,"okres Bytča",Predmier,1,2,75.00,78.250000,-0.0415335463,-0.3744450390,cheap
JuSx0xp8txp,"Realitná kancelária","large plot",land,NULL,"okres Martin","Turčianske Kľačany",1,2,47.89,56.155000,-0.1471819072,0.1147714104,expensive
JuHjqfxC4fX,"Mamud Reality s. r. o.","large plot",land,NULL,"okres Žilina",Bitarová,1,2,88.00,107.875000,-0.1842410197,0.0902103437,average
JuhqDcjNAJB,"Reality Alpia","large plot",land,NULL,"okres Dolný Kubín",Žaškov,1,2,64.77,75.765000,-0.1451197783,-0.2810132310,cheap
JutIg8nIDtY,"B10 Slovensko, a. s.","standard plot",land,NULL,"okres Martin","Kláštor pod Znievom",1,3,81.46,89.750000,-0.0923676880,-0.1227246646,average
JuUJvcqmSGz,"Realitná kancelária","standard plot",land,NULL,"okres Martin",Príbovce,1,2,88.24,88.240000,0.0000000000,-0.3239290168,cheap
Ju4g9YHwdlx,"StorkReal s. r. o.","standard plot",land,NULL,"okres Žilina",Zbyňov,1,2,80.00,90.000000,-0.1111111111,0.2098321937,expensive
JuKY6m4zwWy,"ROMDOM, s. r. o","standard plot",land,NULL,"okres Žilina","Teplička nad Váhom",1,2,267.18,315.470000,-0.1530731924,0.4891075647,premium
JuDPVSkdjbb,"Safe reality s. r. o.","standard plot",land,NULL,"okres Bytča",Kotešová,1,2,123.07,93.180000,0.3207769908,0.1647563028,expensive
JuNyZWoxw0A,"TARGETreal s. r. o.","standard plot",land,NULL,"okres Martin","Turčiansky Peter",1,2,106.27,105.635000,0.0060112652,0.1415844401,expensive
JuvJszhFBaP,"Real Reality Development s.r.o.","large plot",land,NULL,"okres Turčianske Teplice",Mošovce,1,2,45.19,53.590000,-0.1567456615,-0.2970508266,cheap
JuaAqZtT-Nl,"Reality ASTORIA, s.r.o.","standard plot",land,NULL,"okres Martin","Dolné Vrútky",1,2,113.00,108.295000,0.0434461425,0.0727138907,average
JugiMieeEs_,"RECLOUD Reality a.s.","standard plot",land,NULL,"okres Martin","Dolné Vrútky",1,2,103.59,108.295000,-0.0434461425,0.0727138907,average
JutbpFV_5ly,"Reality AK, spol. s r.o.","standard plot",land,NULL,"okres Martin",Lipovec,1,2,100.00,131.505000,-0.2395726398,-0.0659684512,average
JuWPMQs-4VM,"Real Reality Development s.r.o.","standard plot",land,NULL,"okres Martin",Lipovec,1,2,163.01,131.505000,0.2395726398,-0.0659684512,average
JuL88g5odPF,"1. Reality Rent, s.r.o.","large plot",land,NULL,"okres Čadca",Rieka,1,2,99.00,62.000000,0.5967741935,-0.3545781653,cheap
Jur2dnOd-h4,"SLNOVRAT, s.r.o.","large plot",land,NULL,"okres Čadca",Rieka,1,2,25.00,62.000000,-0.5967741935,-0.3545781653,cheap
Ju0fo_oieoh,"RECLOUD Reality a.s.","large plot",land,NULL,"okres Čadca",Korňa,1,2,24.91,24.455000,0.0186056021,-0.4515324548,cheap
JuaD2PNZ2ay,"1. Reality Rent, s.r.o.","large plot",land,NULL,"okres Čadca",Korňa,1,2,24.00,24.455000,-0.0186056021,-0.4515324548,cheap
JuCeJvEPD_0,"Real Estate Group4U","standard plot",land,NULL,"okres Žilina",Lietava,1,2,361.50,200.145000,0.8061905119,-0.2952100056,cheap
Ju7iSwFbAaJ,"RE/MAX Slovakia","standard plot",land,NULL,"okres Žilina",Lietava,1,2,38.79,200.145000,-0.8061905119,-0.2952100056,cheap
JuDEvr7ONsp,"RS Mansory s.r.o.","large plot",land,NULL,"okres Žilina","Dolný Hričov",1,2,85.00,80.000000,0.0625000000,-0.0425601036,average
JujdKV83oGm,"Realitné kancelárie SR","large plot",land,NULL,"okres Žilina","Dolný Hričov",1,2,75.00,80.000000,-0.0625000000,-0.0425601036,average
