offer_id,position,floor,total_floors,elevator,built_in,energy_certificate,north,south,east,west,offer_type,property_type,area,condition,location_district,location_city,location_area
JuLecgRv95A,"upper floor",19,24,yes,NULL,NULL,NULL,yes,yes,NULL,sale,"3-room apartment",107,"fully renovated","okres Žilina",Žilina,Bôrik
JuzjcjA88fI,"upper floor",3,6,NULL,2025,A,NULL,NULL,NULL,yes,rent,"2-room apartment",62,"fully renovated","okres Bytča",Bytča,"Veľká Bytča"
JuR9IQwr1DX,NULL,NULL,NULL,NULL,2008,"not available",NULL,NULL,NULL,NULL,rent,"3-room apartment",68,"new construction","okres Žilina",Žilina,Hliny
JueQeTeryjC,NULL,NULL,NULL,NULL,NULL,NULL,NULL,NULL,NULL,NULL,rent,"4-room apartment",90,"fully renovated","okres Dolný Kubín","Dolný Kubín",Brezovec
JufbBHYx-coz,"ground floor",NULL,NULL,NULL,2022,A,NULL,NULL,NULL,NULL,sale,"1-room apartment",60,"new construction","okres Liptovský Mikuláš","Liptovský Mikuláš","Staré mesto"
JusEglMU0v8,"top floor",4,4,NULL,1979,"not available",NULL,yes,NULL,yes,sale,"3-room apartment",69,unrenovated,"okres Martin",Martin,Jahodníky
JuHU9WStTAs,"upper floor",NULL,NULL,NULL,1980,NULL,NULL,NULL,NULL,NULL,sale,"3-room apartment",80,"fully renovated","okres Martin",Necpaly,Necpaly
Ju-48631_aJ,"top floor",10,10,NULL,1973,"not available",NULL,NULL,NULL,NULL,sale,"3-room apartment",63,unrenovated,"okres Dolný Kubín","Dolný Kubín","Veľký Bysterec"
JujzGN4k6bn,"upper floor",8,NULL,yes,2025,"not available",NULL,NULL,NULL,NULL,rent,"2-room apartment",65,"fully renovated","okres Martin",Martin,Sever
JuyUZh4v08L,NULL,NULL,NULL,NULL,NULL,NULL,NULL,NULL,NULL,NULL,rent,"2-room apartment",49,"new construction","okres Liptovský Mikuláš","Liptovský Mikuláš",Palúdzka
Ju9d7v-lee8,"top floor",4,4,NULL,2025,"not available",NULL,NULL,NULL,NULL,sale,"3-room apartment",106,"new construction","okres Tvrdošín",Zuberec,Zuberec
JuvALHP6cN9,"upper floor",3,4,NULL,1980,"not available",NULL,NULL,NULL,NULL,sale,"2-room apartment",56,"partially renovated","okres Kysucké Nové Mesto","Kysucké Nové Mesto",Sídlisko
Ju8a3kcGYvG,"ground floor",1,5,yes,NULL,A,NULL,NULL,NULL,NULL,rent,"2-room apartment",50,"new construction","okres Dolný Kubín","Dolný Kubín",Brezovec
Jue47kLBSm8,"upper floor",5,5,yes,NULL,NULL,NULL,NULL,NULL,NULL,sale,"3-room apartment",202,"new construction","okres Čadca",Čadca,Centrum
JucquL8E-bM,NULL,NULL,NULL,NULL,NULL,NULL,NULL,NULL,NULL,NULL,rent,"3-room apartment",NULL,"fully renovated","okres Martin",Martin,Stred
Jui14FUG-ZO,NULL,NULL,NULL,NULL,1980,"not available",NULL,NULL,NULL,NULL,sale,"3-room apartment",76,"partially renovated","okres Turčianske Teplice",Rakša,Rakša
JuTiIF5zkxo3,"ground floor",1,1,NULL,2000,"not available",NULL,NULL,NULL,NULL,rent,"2-room apartment",65,"fully renovated","okres Dolný Kubín","Dolný Kubín",Záskalie
JuFpZug_t62,"upper floor",4,7,NULL,2023,A,NULL,yes,yes,NULL,sale,"1-room apartment",31,"new construction","okres Kysucké Nové Mesto","Kysucké Nové Mesto",Kamence
JuUnWH-g8Yz,"upper floor",3,NULL,yes,2009,NULL,NULL,NULL,NULL,NULL,sale,"3-room apartment",109,"new construction","okres Žilina",Žilina,"Staré mesto"
JuUCL8fPL9h,"ground floor",1,2,NULL,NULL,B,NULL,NULL,NULL,NULL,rent,"studio apartment",36,"fully renovated","okres Martin",Vrútky,"Horné Vrútky"
JuV8a82JG_s,NULL,NULL,NULL,NULL,NULL,NULL,NULL,NULL,NULL,NULL,sale,"4-room apartment",101,"new construction","okres Žilina",Žilina,"Staré mesto"
JuvjDSTvTKy,attic,2,2,NULL,2022,"not available",NULL,NULL,yes,yes,sale,"2-room apartment",45,"fully renovated","okres Bytča","Veľké Rovné","Veľké Rovné"
Ju3gs_noUEz,NULL,NULL,NULL,NULL,NULL,NULL,NULL,NULL,NULL,NULL,rent,"2-room apartment",45,"new construction","okres Čadca","Krásno nad Kysucou",Kalinov
JuXcyij9eMf_,"upper floor",5,10,yes,2027,"not available",NULL,yes,NULL,yes,sale,"3-room apartment",67,"new construction","okres Žilina",Žilina,"Staré mesto"
JufYiP4E7Es,NULL,NULL,NULL,NULL,NULL,NULL,NULL,NULL,NULL,NULL,sale,"3-room apartment",75,"partially renovated","okres Žilina",Žilina,Hliny
JuKkjtqN4VW,"upper floor",3,3,NULL,1900,"not available",NULL,NULL,NULL,NULL,sale,"2-room apartment",56,"fully renovated","okres Martin",Martin,Stred
JuH-SEIASle,"top floor",8,8,NULL,2025,A,NULL,NULL,NULL,NULL,sale,"3-room apartment",69,"under construction","okres Ružomberok",Ružomberok,Roveň
Ju_IBACCGzT,"raised ground floor",1,NULL,NULL,NULL,"not available",NULL,yes,NULL,yes,rent,"2-room apartment",66,"partially renovated","okres Kysucké Nové Mesto","Kysucké Nové Mesto",Sídlisko
Ju_7fjs1rDI,attic,3,3,yes,2023,A,NULL,NULL,NULL,NULL,sale,"2-room apartment",28,"new construction","okres Liptovský Mikuláš","Liptovský Mikuláš","Liptovská Mara - Tatralandia"
JuO3IQpQk2Q,"ground floor",1,NULL,NULL,NULL,NULL,NULL,NULL,NULL,NULL,sale,"2-room apartment",57,"fully renovated","okres Čadca",Makov,Makov
JukCOBdi-HG,"upper floor",6,7,NULL,1972,"not available",NULL,NULL,NULL,NULL,sale,"3-room apartment",83,"fully renovated","okres Žilina",Žilina,Vlčince
JuatrleUyRX,"ground floor",1,8,yes,1980,A,NULL,NULL,NULL,NULL,rent,"3-room apartment",78,"partially renovated","okres Liptovský Mikuláš","Liptovský Mikuláš",Podbreziny
JuqBZCEixbC,"upper floor",3,NULL,yes,2018,"not available",NULL,NULL,NULL,yes,rent,"2-room apartment",52,"new construction","okres Žilina",Žilina,Hliny
JuCuiefKh4P,"upper floor",3,4,NULL,1969,"not available",yes,yes,yes,NULL,sale,"4-room apartment",83,unrenovated,"okres Martin",Martin,Priekopa
JucFUY5N5xW,"upper floor",4,6,yes,1970,B,yes,NULL,NULL,NULL,sale,"3-room apartment",80,"partially renovated","okres Martin",Martin,Priekopa
JuSPwAqNDjb,"ground floor",1,3,NULL,2022,"not available",NULL,NULL,NULL,NULL,sale,"2-room apartment",44,"new construction","okres Ružomberok",Ružomberok,Hrabovo
JujrtOK9Ltj,"upper floor",2,3,NULL,1970,"not available",NULL,NULL,NULL,NULL,sale,"3-room apartment",82,unrenovated,"okres Žilina",Žilina,"Staré mesto"
Ju2TzdFfXkg,"upper floor",3,4,NULL,1965,"not available",NULL,NULL,NULL,NULL,sale,"2-room apartment",60,"partially renovated","okres Žilina",Žilina,"Staré mesto"
JuVO5WLrTZ3,"upper floor",2,4,NULL,1970,"not available",NULL,NULL,NULL,NULL,sale,"2-room apartment",60,"partially renovated","okres Kysucké Nové Mesto","Kysucké Nové Mesto",Sídlisko
JuC08OMa82u,"top floor",4,4,NULL,2008,"not available",NULL,NULL,NULL,NULL,sale,"4-room apartment",163,"new construction","okres Žilina",Žilina,Hájik
Jupw1bQT1Jh,"upper floor",4,8,yes,2025,A,yes,yes,yes,yes,sale,"3-room apartment",89,"new construction","okres Žilina",Žilina,Vlčince
JuFqSi2fYOk,"ground floor",1,4,NULL,NULL,"not available",NULL,yes,yes,NULL,sale,"2-room apartment",53,"fully renovated","okres Kysucké Nové Mesto","Kysucké Nové Mesto",Nábrežie
JunnFbGwfA5,NULL,NULL,NULL,NULL,NULL,NULL,NULL,NULL,NULL,NULL,rent,"2-room apartment",60,"partially renovated","okres Žilina",Žilina,Vlčince
JuFv7NTgqug,"ground floor",1,4,yes,2021,B,NULL,NULL,NULL,NULL,sale,"holiday apartment",46,"fully renovated","okres Čadca",Makov,Makov
JuxZgQdKO7u,"upper floor",4,NULL,NULL,NULL,NULL,NULL,NULL,NULL,NULL,sale,"2-room apartment",45,"new construction","okres Bytča",Bytča,"Veľká Bytča"
Ju0iFsZ1mnv,"ground floor",NULL,NULL,NULL,2024,NULL,NULL,NULL,NULL,NULL,sale,"2-room apartment",38,"new construction","okres Liptovský Mikuláš","Liptovský Mikuláš","Liptovská Ondrašová"
JuN4KXjUyk-,"raised ground floor",1,3,NULL,2024,A,NULL,NULL,NULL,NULL,sale,"4-room apartment",105,"new construction","okres Čadca",Čadca,Podzávoz
JuWV1dgtiBd,"ground floor",1,2,yes,2025,"not available",NULL,NULL,NULL,NULL,sale,"holiday apartment",22,"new construction","okres Liptovský Mikuláš","Liptovský Mikuláš",Demänová
Judmv08qh2A,NULL,NULL,NULL,NULL,NULL,NULL,NULL,NULL,NULL,NULL,sale,"4-room apartment",120,unrenovated,"okres Žilina",Žilina,"Staré mesto"
JugXYWqkt4N,"upper floor",5,9,NULL,2025,D,NULL,NULL,NULL,NULL,rent,"1-room apartment",30,"partially renovated","okres Martin",Vrútky,"Horné Vrútky"
JuqvNgpYqrd,NULL,NULL,NULL,NULL,NULL,NULL,NULL,NULL,NULL,NULL,rent,"1-room apartment",40,"fully renovated","okres Dolný Kubín","Dolný Kubín",Mokraď
Ju_Lr-2Vc09,"raised ground floor",NULL,NULL,NULL,2025,"not available",NULL,NULL,NULL,NULL,sale,"1-room apartment",51,"partially renovated","okres Liptovský Mikuláš","Liptovský Hrádok",Dovalovo
JubDtFpPZPz,"ground floor",1,2,NULL,2025,"not available",NULL,NULL,NULL,NULL,sale,"holiday apartment",37,"under construction","okres Turčianske Teplice","Turčianske Teplice",Stred
Ju46Wlvz4BP,"raised ground floor",1,4,NULL,2023,B,NULL,yes,NULL,yes,sale,"2-room apartment",63,"new construction","okres Čadca",Čadca,Kyčerka
Jus8fVVapj9,"upper floor",2,7,yes,NULL,A,NULL,yes,yes,NULL,sale,"3-room apartment",97,"under construction","okres Martin",Martin,Jahodníky
JurldwLKNhM,"ground floor",1,3,NULL,1960,"not available",NULL,NULL,NULL,NULL,sale,"1-room apartment",36,"fully renovated","okres Liptovský Mikuláš","Partizánska Ľupča","Partizánska Ľupča"
JulollxgJp5,"upper floor",2,7,yes,2024,A,NULL,NULL,yes,NULL,sale,"2-room apartment",71,"under construction","okres Martin",Martin,Jahodníky
JupBjnV0coU,"raised ground floor",NULL,NULL,NULL,1985,"not available",NULL,NULL,NULL,NULL,sale,"3-room apartment",85,"fully renovated","okres Čadca",Raková,Raková
JuqAM-ZO9ir,NULL,NULL,NULL,NULL,NULL,A,NULL,NULL,NULL,NULL,sale,"2-room apartment",55,"new construction","okres Liptovský Mikuláš","Malé Borové","Malé Borové"
Ju5VjRRX_4J,NULL,NULL,NULL,NULL,NULL,NULL,NULL,NULL,NULL,NULL,sale,"3-room apartment",NULL,"partially renovated","okres Žilina",Žilina,Hliny
Juarr5O2upK,"ground floor",1,5,yes,2025,A,yes,NULL,yes,NULL,sale,"1-room apartment",94,"under construction","okres Kysucké Nové Mesto","Kysucké Nové Mesto",Kamence
JuXRtZdfweI,"upper floor",3,8,yes,1981,B,NULL,NULL,yes,yes,sale,"4-room apartment",85,"partially renovated","okres Martin",Martin,Ľadoveň
JuNZupA7Ru4,"ground floor",1,3,NULL,2025,B,NULL,NULL,NULL,NULL,sale,"2-room apartment",52,"new construction","okres Žilina","Rajecké Teplice","Rajecké Teplice"
JuA8-pf41pn,"upper floor",2,NULL,NULL,2025,"not available",NULL,NULL,NULL,yes,rent,"3-room apartment",83,"fully renovated","okres Martin",Martin,Stred
JumbMyGo4iI,"ground floor",1,1,NULL,NULL,NULL,NULL,NULL,NULL,NULL,sale,"2-room apartment",58,"fully renovated","okres Ružomberok",Bešeňová,Bešeňová
JuaCjfZIx81,"upper floor",3,8,NULL,2025,A,NULL,NULL,NULL,NULL,sale,"2-room apartment",48,"under construction","okres Ružomberok",Ružomberok,Roveň
JuUnD0myJmK,"upper floor",2,NULL,yes,NULL,"not available",NULL,NULL,NULL,NULL,sale,"2-room apartment",62,"partially renovated","okres Žilina",Žilina,Hájik
JuIP59md355,"upper floor",7,8,NULL,2025,A,NULL,NULL,NULL,NULL,sale,"4-room apartment",102,"under construction","okres Ružomberok",Ružomberok,Roveň
JuIh9K2txJ3,NULL,NULL,NULL,NULL,NULL,A,NULL,NULL,NULL,NULL,sale,"3-room apartment",144,"new construction","okres Námestovo",Zubrohlava,Zubrohlava
Jub5nNi4yTF,"upper floor",6,7,NULL,1975,B,NULL,NULL,NULL,NULL,sale,"2-room apartment",62,"partially renovated","okres Žilina",Žilina,Vlčince
Juqj8-BDIgQ,"ground floor",1,5,yes,2024,A,NULL,NULL,NULL,NULL,sale,"3-room apartment",122,"new construction","okres Námestovo","Oravské Veselé","Oravské Veselé"
JuQfQh_4sSF,"upper floor",4,NULL,NULL,2025,"not available",NULL,NULL,NULL,NULL,sale,"2-room apartment",84,"new construction","okres Žilina",Žilina,Hliny
JujYXXx5gXi,NULL,NULL,NULL,NULL,NULL,NULL,NULL,NULL,NULL,NULL,sale,"3-room apartment",169,"new construction","okres Žilina",Žilina,"Staré mesto"
JuxBkaifl6df,"ground floor",1,2,NULL,2025,A,NULL,NULL,yes,NULL,rent,"holiday apartment",42,"new construction","okres Liptovský Mikuláš","Liptovský Mikuláš",Iľanovo
JugTLMsHTVi,"upper floor",NULL,NULL,NULL,1970,NULL,NULL,NULL,NULL,NULL,sale,"2-room apartment",52,unrenovated,"okres Martin",Martin,Podháj
Jul7be3Lkz5,"ground floor",1,3,yes,2022,A,NULL,NULL,NULL,NULL,sale,"holiday apartment",26,"new construction","okres Liptovský Mikuláš","Liptovský Mikuláš",Demänová
JuPT1z2mBzV,"upper floor",9,10,yes,1975,B,NULL,yes,yes,NULL,sale,"1-room apartment",36,"partially renovated","okres Žilina",Žilina,Vlčince
Ju4hZgzLszu,NULL,NULL,NULL,NULL,NULL,NULL,NULL,NULL,NULL,NULL,sale,"2-room apartment",62,"partially renovated","okres Tvrdošín",Trstená,Trstená
JuKlHRPhAEF,"upper floor",NULL,NULL,NULL,1900,"not available",NULL,NULL,NULL,yes,sale,"2-room apartment",57,"fully renovated","okres Martin",Vrútky,"Horné Vrútky"
JuvFESSKGWN,"upper floor",5,8,yes,2025,"not available",NULL,NULL,yes,NULL,sale,"3-room apartment",86,"partially renovated","okres Martin",Vrútky,"Horné Vrútky"
JusgW9odCAS,"ground floor",1,2,NULL,1960,"not available",NULL,NULL,NULL,NULL,sale,"4-room apartment",107,unrenovated,"okres Martin",Martin,Priekopa
Juvk9S_5ltU,NULL,NULL,NULL,NULL,NULL,NULL,NULL,NULL,NULL,NULL,sale,"2-room apartment",54,unrenovated,"okres Žilina",Žilina,Hliny
JunBqR0DBP9,NULL,NULL,NULL,NULL,NULL,NULL,NULL,NULL,NULL,NULL,rent,"2-room apartment",50,"new construction","okres Žilina",Žilina,"Staré mesto"
JuDCMQupxo0,"ground floor",1,4,yes,1980,"not available",NULL,NULL,NULL,NULL,sale,"2-room apartment",59,"partially renovated","okres Tvrdošín",Tvrdošín,Medvedzie
JufAeKZk5m-,NULL,NULL,NULL,NULL,NULL,"not available",NULL,NULL,NULL,NULL,sale,"2-room apartment",55,"partially renovated","okres Žilina",Bitarová,Bitarová
JuNguQDV0Zn,NULL,NULL,NULL,NULL,NULL,"not available",NULL,NULL,NULL,NULL,sale,"2-room apartment",52,"fully renovated","okres Liptovský Mikuláš","Liptovský Mikuláš",Podbreziny
JuKOtZwcbir-,"upper floor",2,NULL,yes,2025,"not available",NULL,yes,yes,NULL,sale,"holiday apartment",28,"fully renovated","okres Ružomberok",Ružomberok,Hrabovo
JuMm4AW_gBf,"top floor",3,3,NULL,2000,"not available",NULL,yes,yes,NULL,sale,"5+ room apartment",150,"partially renovated","okres Žilina","Rajecké Teplice","Rajecké Teplice"
JuSYwKOlQ-6,NULL,NULL,NULL,NULL,NULL,NULL,NULL,NULL,NULL,NULL,sale,"3-room apartment",NULL,"new construction","okres Dolný Kubín","Dolný Kubín",NULL
JuZqtWo-t_S,"upper floor",2,3,NULL,2020,A,NULL,NULL,yes,NULL,sale,"holiday apartment",29,"new construction","okres Liptovský Mikuláš","Liptovský Mikuláš","Liptovská Mara - Tatralandia"
JuJCzmrTicR,NULL,NULL,NULL,NULL,NULL,NULL,NULL,NULL,NULL,NULL,sale,"2-room apartment",40,"new construction","okres Martin",Martin,Záturčie
JumsfvMXhg-,NULL,NULL,NULL,NULL,NULL,"not available",NULL,NULL,NULL,NULL,sale,"3-room apartment",67,unrenovated,"okres Žilina",Žilina,Solinky
JuymkoAFG_6,"upper floor",3,4,NULL,1975,B,NULL,yes,yes,NULL,sale,"2-room apartment",60,unrenovated,"okres Kysucké Nové Mesto","Kysucké Nové Mesto",Sídlisko
JucOec67NRR,"upper floor",NULL,NULL,NULL,NULL,NULL,NULL,NULL,NULL,NULL,sale,"1-room apartment",33,unrenovated,"okres Tvrdošín",Nižná,Nižná
JuyOHLJxsdS,"upper floor",3,5,yes,2000,"not available",NULL,NULL,NULL,NULL,sale,"3-room apartment",64,"fully renovated","okres Žilina",Žilina,"Staré mesto"
Ju_yl2A922o,NULL,NULL,NULL,NULL,NULL,NULL,NULL,NULL,NULL,NULL,sale,"2-room apartment",57,unrenovated,"okres Turčianske Teplice","Turčianske Teplice",Stred
JuDoLB83xqT,"upper floor",3,3,NULL,1900,B,NULL,NULL,NULL,NULL,sale,"3-room apartment",78,unrenovated,"okres Liptovský Mikuláš",Malužiná,Malužiná
JuQvJ7BykSU,"ground floor",1,6,yes,1970,"not available",NULL,NULL,NULL,NULL,sale,"2-room apartment",49,unrenovated,"okres Martin",Martin,Sever
JucOhPXEpxa,NULL,NULL,NULL,NULL,NULL,NULL,NULL,NULL,NULL,NULL,rent,"2-room apartment",71,"partially renovated","okres Žilina",Žilina,"Staré mesto"
JuFqVxR2Rua,"ground floor",NULL,NULL,NULL,NULL,"not available",NULL,NULL,yes,NULL,rent,"2-room apartment",48,"new construction","okres Liptovský Mikuláš","Liptovský Mikuláš",Palúdzka
JuLEeBcqSvN,"top floor",6,6,yes,2025,"not available",yes,NULL,NULL,NULL,rent,"2-room apartment",50,"fully renovated","okres Bytča",Bytča,"Veľká Bytča"
JuHLqjLk9w7,"ground floor",1,4,NULL,1980,"not available",NULL,NULL,NULL,NULL,sale,"2-room apartment",63,"fully renovated","okres Čadca",Oščadnica,Oščadnica
Juhlf1Su_tu,"upper floor",2,7,NULL,2012,A,NULL,NULL,NULL,NULL,sale,"studio apartment",34,"partially renovated","okres Žilina",Žilina,Závodie
Ju4aGAgIjVo,"top floor",4,4,NULL,NULL,NULL,NULL,NULL,NULL,NULL,sale,"3-room apartment",80,"partially renovated","okres Martin",Martin,Stred
JuHC3L7PHAo,"upper floor",2,2,NULL,1960,"not available",NULL,NULL,NULL,NULL,rent,"studio apartment",15,"partially renovated","okres Martin",Martin,Stred
Ju4nG9JDEKF,NULL,NULL,NULL,NULL,1980,"not available",NULL,NULL,NULL,NULL,sale,"3-room apartment",70,"partially renovated","okres Martin",Martin,Ľadoveň
JuxsO06uVZG,"top floor",7,7,NULL,2010,"not available",NULL,NULL,yes,yes,rent,"1-room apartment",43,unrenovated,"okres Žilina",Žilina,Hájik
JuxQsJlXHSK,"upper floor",2,6,NULL,2025,A,yes,NULL,NULL,yes,rent,"3-room apartment",74,"fully renovated","okres Bytča",Bytča,"Veľká Bytča"
JuJrBHwvfXe,"ground floor",1,4,yes,2016,A,NULL,NULL,NULL,yes,sale,"holiday apartment",23,"new construction","okres Liptovský Mikuláš","Demänovská Dolina","Demänovská Dolina"
JuVk3AeemQd,"upper floor",2,6,yes,2025,A,yes,NULL,yes,NULL,sale,"3-room apartment",65,"under construction","okres Kysucké Nové Mesto","Kysucké Nové Mesto",Kamence
JucIMMNEosV,"top floor",3,3,NULL,1960,C,yes,NULL,NULL,NULL,sale,"3-room apartment",67,"partially renovated","okres Ružomberok",Ružomberok,Baničné
Ju2EMTkOn53,"upper floor",6,8,yes,2025,A,NULL,NULL,NULL,NULL,sale,"2-room apartment",61,"new construction","okres Žilina",Žilina,Vlčince
JuYbhGZmbC7,"raised ground floor",1,2,NULL,2001,"not available",NULL,NULL,NULL,NULL,sale,"2-room apartment",49,unrenovated,"okres Ružomberok","Liptovská Lúžna","Liptovská Lúžna"
JucmUHZL9fQ,NULL,NULL,NULL,NULL,NULL,NULL,NULL,NULL,NULL,NULL,rent,"2-room apartment",57,"new construction","okres Žilina",Žilina,"Staré mesto"
Ju59v0S7Gi9,"upper floor",4,8,NULL,1990,"not available",NULL,NULL,NULL,NULL,sale,"3-room apartment",77,unrenovated,"okres Liptovský Mikuláš","Liptovský Mikuláš",Podbreziny
Ju4SvmwHoAg,"upper floor",2,5,yes,NULL,NULL,NULL,NULL,NULL,NULL,sale,"3-room apartment",72,"new construction","okres Ružomberok","Liptovská Teplá","Liptovská Teplá"
JuJBn5ZeVAm,"ground floor",NULL,NULL,NULL,NULL,NULL,NULL,NULL,NULL,NULL,rent,"2-room apartment",51,"partially renovated","okres Žilina",Žilina,Hliny
Juk9u-rNEqG,"upper floor",3,6,NULL,2025,A,NULL,NULL,NULL,NULL,rent,"2-room apartment",46,"fully renovated","okres Bytča",Bytča,"Veľká Bytča"
JuNRFKe9B5N6,"top floor",4,4,NULL,2026,A,NULL,NULL,NULL,NULL,sale,"4-room apartment",140,"new construction","okres Martin",Sučany,Sučany
JuG99-vnL8U,"top floor",4,4,yes,2021,A,NULL,NULL,NULL,NULL,sale,"4-room apartment",212,"new construction","okres Martin",Martin,Košúty
JuvzAFSDr4x,"upper floor",NULL,NULL,NULL,NULL,A,NULL,NULL,NULL,NULL,sale,"3-room apartment",110,"new construction","okres Žilina",Žilina,Bôrik
JuDorfwK08d,"ground floor",1,2,NULL,NULL,NULL,NULL,NULL,NULL,NULL,rent,"2-room apartment",85,"partially renovated","okres Martin",Martin,Stred
Jul_OGhX8QT,"upper floor",2,4,yes,NULL,"not available",NULL,yes,NULL,yes,sale,"3-room apartment",60,"partially renovated","okres Ružomberok",Ružomberok,Hrabovo
Ju7UFzA6VtL,"top floor",4,4,yes,2025,"in preparation",NULL,yes,yes,NULL,sale,"2-room apartment",53,"new construction","okres Žilina",Žilina,"Staré mesto"
Ju9qrQrSqzm,NULL,NULL,NULL,NULL,NULL,NULL,NULL,NULL,NULL,NULL,rent,"studio apartment",25,"new construction","okres Žilina",Žilina,Vlčince
Ju4Vd5pUjXm,NULL,NULL,NULL,NULL,NULL,"not available",NULL,NULL,NULL,NULL,sale,"3-room apartment",65,"partially renovated","okres Liptovský Mikuláš","Liptovský Mikuláš","Staré mesto"
JuA1jb9HH8o,"top floor",13,13,yes,2025,"not available",NULL,NULL,NULL,NULL,sale,"2-room apartment",56,"partially renovated","okres Ružomberok",Ružomberok,"Staré mesto"
JuVp8M6bnwG,"upper floor",2,2,NULL,1978,A,NULL,NULL,NULL,NULL,rent,"3-room apartment",80,"partially renovated","okres Liptovský Mikuláš","Liptovský Mikuláš",Palúdzka
JuKJT8WJuFF,"upper floor",2,3,NULL,2021,A,yes,NULL,NULL,yes,rent,"1-room apartment",37,"new construction","okres Čadca",Čadca,Centrum
Ju8mh8KzH4f,"ground floor",1,1,NULL,1913,"not available",NULL,NULL,NULL,NULL,rent,"2-room apartment",60,"fully renovated","okres Liptovský Mikuláš","Liptovský Mikuláš","Staré mesto"
Ju9k2e7JWOr,"upper floor",3,4,NULL,1975,"not available",NULL,NULL,NULL,NULL,sale,"1-room apartment",38,"partially renovated","okres Martin",Turany,Turany
JuXNm9NwSwi,"upper floor",4,5,NULL,2013,B,NULL,NULL,NULL,NULL,sale,"3-room apartment",75,"new construction","okres Žilina",Žilina,Hájik
JuOnQ9rym-h,"upper floor",3,4,NULL,1968,"not available",NULL,NULL,NULL,NULL,sale,"4-room apartment",87,"partially renovated","okres Žilina",Žilina,"Staré mesto"
JuFNpzHutiG,"raised ground floor",NULL,NULL,NULL,1980,"not available",NULL,NULL,NULL,NULL,sale,"3-room apartment",65,"partially renovated","okres Žilina",Žilina,Hliny
JuZ8UmPHnMd,"ground floor",1,3,NULL,1940,A,NULL,NULL,NULL,NULL,sale,"2-room apartment",59,"fully renovated","okres Čadca",Staškov,Staškov
JuWLCChouGh,"raised ground floor",3,4,NULL,2025,A,NULL,NULL,NULL,NULL,sale,"3-room apartment",102,"new construction","okres Martin",Sučany,Sučany
JuS6qI_HXQ_,"top floor",2,2,NULL,1979,"not available",NULL,NULL,NULL,NULL,sale,"4-room apartment",88,"partially renovated","okres Žilina",Žilina,Bôrik
JuvIFSCKDaN,"ground floor",NULL,NULL,NULL,1980,"not available",NULL,NULL,NULL,NULL,sale,"2-room apartment",63,"fully renovated","okres Martin",Martin,Priekopa
JuJITXm9Zsf,"upper floor",2,3,NULL,1981,"not available",yes,NULL,NULL,NULL,sale,"3-room apartment",66,"fully renovated","okres Liptovský Mikuláš","Liptovská Kokava","Liptovská Kokava"
JueaFakyLvY,"upper floor",3,7,yes,2022,A,NULL,NULL,NULL,NULL,sale,"3-room apartment",83,"development project","okres Žilina",Žilina,"Staré mesto"
Ju1F-eiNHx4,"top floor",4,4,NULL,1970,"not available",yes,yes,yes,yes,sale,"3-room apartment",85,"fully renovated","okres Žilina",Žilina,"Staré mesto"
JuL3MT7o1WL,"upper floor",2,NULL,NULL,NULL,NULL,NULL,NULL,NULL,NULL,sale,"2-room apartment",60,"fully renovated","okres Martin",Martin,Stred
Ju_qGSnLBzz,NULL,NULL,NULL,NULL,NULL,NULL,NULL,NULL,NULL,NULL,rent,"2-room apartment",59,"new construction","okres Bytča",Bytča,"Thurzove sady"
JuhigkHR5x2,"top floor",2,2,yes,2022,A,NULL,NULL,NULL,NULL,sale,"4-room apartment",320,"new construction","okres Liptovský Mikuláš","Demänovská Dolina","Demänovská Dolina"
Ju5eub1EsyB,"upper floor",6,25,yes,2010,"not available",NULL,NULL,NULL,NULL,sale,"3-room apartment",100,"new construction","okres Žilina",Žilina,Bôrik
JuDetN4gLGy,"ground floor",1,2,NULL,2019,B,NULL,NULL,NULL,NULL,sale,"holiday apartment",43,"new construction","okres Liptovský Mikuláš","Demänovská Dolina","Demänovská Dolina"
JuxJN0jj6xv,"ground floor",1,2,NULL,2025,A,NULL,NULL,yes,NULL,sale,"1-room apartment",34,"new construction","okres Martin",Martin,Tomčany
JuQY1ZnmE4m,"upper floor",2,2,NULL,2021,A,NULL,NULL,yes,NULL,rent,"studio apartment",25,"fully renovated","okres Dolný Kubín","Dolný Kubín",Brezovec
Ju9zHP-4dng,"ground floor",1,6,yes,1900,"not available",NULL,NULL,NULL,NULL,sale,"3-room apartment",61,"partially renovated","okres Liptovský Mikuláš","Liptovský Mikuláš",Podbreziny
JuTy8iCXD6j,"ground floor",1,2,NULL,1900,A,yes,NULL,NULL,yes,sale,"2-room apartment",51,"new construction","okres Martin",Martin,Tomčany
JuMhyPasgwl,"upper floor",NULL,NULL,NULL,1958,NULL,NULL,NULL,NULL,NULL,rent,"1-room apartment",41,"fully renovated","okres Martin",Vrútky,"Horné Vrútky"
JuPet_Ep-JW,"ground floor",NULL,NULL,NULL,1980,"not available",NULL,NULL,NULL,NULL,rent,"studio apartment",70,"fully renovated","okres Liptovský Mikuláš","Liptovský Hrádok",NULL
JuGJ3bcseaG,"ground floor",1,6,NULL,1975,"not available",NULL,NULL,yes,NULL,sale,"1-room apartment",41,"partially renovated","okres Čadca",Čadca,Žarec
JuI3iwt9MRR,"upper floor",2,4,NULL,2020,"in preparation",NULL,NULL,yes,NULL,sale,"studio apartment",25,"new construction","okres Dolný Kubín","Dolný Kubín",Brezovec
JumSU3uP1r7,NULL,NULL,NULL,NULL,NULL,NULL,NULL,NULL,NULL,NULL,sale,"holiday apartment",49,"partially renovated","okres Čadca",Oščadnica,Oščadnica
JuCyeszuCeF,NULL,NULL,NULL,NULL,NULL,NULL,NULL,NULL,NULL,NULL,sale,"3-room apartment",65,unrenovated,"okres Čadca",Čadca,"Sídlisko 3"
JuDZ3hA20uQ,NULL,NULL,NULL,NULL,2024,"not available",NULL,NULL,NULL,NULL,sale,"4-room apartment",100,"partially renovated","okres Dolný Kubín",Zázrivá,Zázrivá
Ju1Cm4LoVXM,NULL,NULL,NULL,NULL,NULL,NULL,NULL,NULL,NULL,NULL,sale,"studio apartment",123,"new construction","okres Ružomberok",Ružomberok,"Staré mesto"
JuOOVFGvzwX,"upper floor",2,4,NULL,2024,"not available",NULL,yes,NULL,yes,sale,"2-room apartment",62,"new construction","okres Ružomberok","Liptovská Teplá","Liptovská Teplá"
JuuuYAHYGX8,NULL,NULL,NULL,NULL,NULL,NULL,NULL,NULL,NULL,NULL,sale,"2-room apartment",60,"development project","okres Dolný Kubín","Dolný Kubín",Brezovec
Juw69usHNF6,"top floor",2,2,NULL,1970,"not available",NULL,NULL,NULL,yes,rent,"3-room apartment",86,"fully renovated","okres Žilina",Žilina,"Staré mesto"
Jup6mGYDCrv,"top floor",3,3,NULL,1935,"not available",NULL,NULL,NULL,NULL,rent,"2-room apartment",57,"fully renovated","okres Martin",Martin,Stred
Ju5R24o6GQR,"upper floor",4,5,NULL,1980,"not available",NULL,NULL,NULL,NULL,sale,"3-room apartment",74,unrenovated,"okres Dolný Kubín","Dolný Kubín",Brezovec
Ju8_AnIgnrX,"raised ground floor",4,8,yes,1982,"not available",NULL,NULL,NULL,NULL,sale,"2-room apartment",57,"partially renovated","okres Čadca",Čadca,Žarec
JuY4e0DxXsH,"added floor",2,2,NULL,2022,B,NULL,NULL,NULL,NULL,rent,"2-room apartment",45,"new construction","okres Dolný Kubín","Dolný Kubín",Stred
Jue5OG4Sl5k,NULL,NULL,NULL,NULL,NULL,NULL,NULL,NULL,NULL,NULL,rent,"2-room apartment",50,"fully renovated","okres Žilina",Žilina,"Staré mesto"
Juo19uqWHqv,"upper floor",4,8,yes,1970,"not available",NULL,NULL,NULL,NULL,sale,"3-room apartment",85,"fully renovated","okres Martin",Vrútky,"Horné Vrútky"
JumQaXesU-y,"upper floor",2,7,NULL,NULL,NULL,NULL,NULL,NULL,NULL,rent,"studio apartment",28,"new construction","okres Kysucké Nové Mesto","Kysucké Nové Mesto",Kamence
JuEVg7e9gge,"upper floor",2,4,yes,1960,"not available",NULL,NULL,NULL,NULL,sale,"3-room apartment",72,unrenovated,"okres Martin",Martin,Záturčie
JuXIzNjmik_,"upper floor",3,NULL,NULL,NULL,"not available",NULL,NULL,NULL,NULL,rent,"3-room apartment",104,"fully renovated","okres Žilina",Žilina,"Staré mesto"
Juv94EKwgh6,"ground floor",1,4,yes,2024,"not available",NULL,NULL,NULL,NULL,sale,"3-room apartment",73,"new construction","okres Ružomberok","Liptovská Teplá","Liptovská Teplá"
JukKH41KaWr,NULL,NULL,NULL,NULL,1980,"not available",NULL,NULL,NULL,NULL,rent,"3-room apartment",121,"fully renovated","okres Martin",Martin,Stred
JuhxRDKuEfi,"ground floor",1,5,NULL,2024,A,NULL,NULL,NULL,NULL,sale,"2-room apartment",58,"new construction","okres Ružomberok","Liptovská Teplá","Liptovská Teplá"
JuRJykTdszG,NULL,NULL,NULL,NULL,NULL,"not available",NULL,NULL,NULL,NULL,sale,"4-room apartment",150,"fully renovated","okres Martin",Sučany,Sučany
JuDJ_hnDscM,"upper floor",2,NULL,NULL,NULL,NULL,NULL,NULL,NULL,NULL,sale,"2-room apartment",60,"fully renovated","okres Martin",Martin,Stred
JulzEF1iR1R,"ground floor",1,2,NULL,1960,"not available",NULL,NULL,NULL,NULL,sale,"2-room apartment",70,"fully renovated","okres Žilina",Žilina,"Staré mesto"
Jus2f1I5Shb,NULL,NULL,NULL,NULL,1970,"not available",NULL,NULL,NULL,NULL,sale,"3-room apartment",68,"partially renovated","okres Žilina",Žilina,Hliny
JuWzCETm2y0,"upper floor",2,7,NULL,1989,"not available",NULL,NULL,NULL,NULL,rent,"3-room apartment",70,"fully renovated","okres Čadca",Čadca,Kyčerka
Ju12shpSBga,"top floor",3,3,NULL,NULL,A,NULL,NULL,NULL,NULL,sale,"3-room apartment",62,"new construction","okres Liptovský Mikuláš","Liptovský Mikuláš",Demänová
JuXnw8EKWYI,NULL,NULL,NULL,NULL,NULL,A,NULL,NULL,NULL,NULL,sale,"3-room apartment",93,"new construction","okres Žilina",Žilina,"Staré mesto"
JuJM07aUO0O,"upper floor",6,7,yes,1976,"not available",NULL,NULL,NULL,NULL,sale,"5+ room apartment",100,"partially renovated","okres Žilina",Žilina,Hliny
JuVtdEgquxp,"upper floor",3,4,NULL,2015,"not available",NULL,NULL,yes,yes,sale,"3-room apartment",74,"new construction","okres Dolný Kubín","Dolný Kubín",Brezovec
JuP6qyzD4rb,"upper floor",2,NULL,NULL,NULL,NULL,NULL,NULL,NULL,NULL,sale,"holiday apartment",40,"new construction","okres Liptovský Mikuláš","Liptovský Mikuláš",Demänová
JuP-xJVwuxh,"ground floor",1,1,NULL,2020,NULL,NULL,NULL,NULL,NULL,sale,"3-room apartment",77,"new construction","okres Martin","Košťany nad Turcom","Košťany nad Turcom"
Ju2skZ_XIuH,NULL,NULL,NULL,NULL,NULL,NULL,NULL,NULL,NULL,NULL,rent,"3-room apartment",90,"partially renovated","okres Čadca",Čierne,Čierne
JuxYMJGR4NW,"upper floor",2,3,NULL,1993,"not available",NULL,NULL,NULL,yes,sale,"1-room apartment",45,"partially renovated","okres Ružomberok",Ružomberok,Baničné
JuWx4I1iGWR,NULL,NULL,NULL,NULL,NULL,NULL,NULL,NULL,NULL,NULL,rent,"2-room apartment",80,"new construction","okres Námestovo",Mútne,Mútne
Jubx4f_wHQY,"raised ground floor",NULL,NULL,NULL,NULL,NULL,NULL,yes,NULL,yes,sale,"3-room apartment",87,unrenovated,"okres Žilina",Žilina,Vlčince
JuBjT8MmAiR,"upper floor",2,6,yes,2025,A,yes,NULL,yes,NULL,sale,"3-room apartment",65,"under construction","okres Kysucké Nové Mesto","Kysucké Nové Mesto",Kamence
Ju8qAJxGCh0,NULL,NULL,NULL,NULL,NULL,NULL,NULL,NULL,NULL,NULL,sale,"3-room apartment",64,"partially renovated","okres Martin",Martin,Záturčie
Ju-DovddXIY,"upper floor",4,6,NULL,1900,"not available",NULL,NULL,NULL,NULL,sale,"2-room apartment",71,unrenovated,"okres Liptovský Mikuláš","Liptovský Mikuláš","Vrbica - Nábrežie"
Ju6ap4Twr5W,NULL,NULL,NULL,NULL,NULL,NULL,NULL,NULL,NULL,NULL,rent,"3-room apartment",NULL,"partially renovated","okres Ružomberok",Ružomberok,Klačno
JuVlvDHUEHV,NULL,NULL,NULL,NULL,NULL,NULL,NULL,NULL,NULL,NULL,rent,"2-room apartment",50,"fully renovated","okres Dolný Kubín","Dolný Kubín",Mokraď
JukzS9fkGsH,"upper floor",6,8,yes,1985,"not available",NULL,NULL,NULL,NULL,rent,"3-room apartment",84,"fully renovated","okres Žilina",Žilina,Vlčince
Jum2zoM9dK0,"upper floor",6,8,yes,2024,A,NULL,NULL,NULL,NULL,sale,"2-room apartment",60,"new construction","okres Žilina",Žilina,Vlčince
JuwxWNhZHvq,"top floor",3,3,NULL,1971,A,NULL,NULL,NULL,NULL,rent,"2-room apartment",44,"fully renovated","okres Žilina",Žilina,"Staré mesto"
JuNh7AtADFs,NULL,NULL,NULL,NULL,2024,"not available",NULL,NULL,NULL,NULL,rent,"2-room apartment",44,"new construction","okres Čadca","Krásno nad Kysucou",Kalinov
JuoVEcjPg5o,"ground floor",1,1,NULL,2025,"not available",NULL,NULL,NULL,NULL,rent,"3-room apartment",70,"new construction","okres Námestovo",Rabčice,Rabčice
JuyUHlMcv_Q,"upper floor",4,6,NULL,2023,NULL,NULL,NULL,NULL,NULL,rent,"3-room apartment",73,"fully renovated","okres Kysucké Nové Mesto","Kysucké Nové Mesto",Kamence
JuXQxA2vSe6,"upper floor",5,8,yes,1987,"not available",NULL,NULL,NULL,NULL,sale,"2-room apartment",42,"fully renovated","okres Žilina",Žilina,Vlčince
Jufd89QZCSO,NULL,NULL,NULL,NULL,NULL,NULL,NULL,NULL,NULL,NULL,sale,"holiday apartment",NULL,"new construction","okres Liptovský Mikuláš","Pavčina Lehota","Pavčina Lehota"
Ju2hVjHchsA,"upper floor",3,4,yes,2025,A,NULL,NULL,yes,NULL,sale,"2-room apartment",47,"new construction","okres Martin",Martin,Stred
Ju9Zm5FKDvx,"ground floor",2,5,NULL,1969,NULL,NULL,NULL,NULL,NULL,sale,"2-room apartment",58,"fully renovated","okres Žilina",Žilina,Hliny
Ju_q6RS-fKo,"top floor",4,4,NULL,2024,"in preparation",NULL,NULL,NULL,NULL,sale,"3-room apartment",118,"new construction","okres Námestovo","Oravské Veselé","Oravské Veselé"
Jutomv1SERc,"raised ground floor",NULL,NULL,NULL,2025,"not available",NULL,NULL,NULL,NULL,rent,"2-room apartment",57,"fully renovated","okres Martin",Martin,Jahodníky
Jukc07qMxPz,"top floor",3,3,NULL,2025,NULL,NULL,NULL,NULL,NULL,sale,"2-room apartment",55,"new construction","okres Žilina",Žilina,Bytčica
JuZPdvGyLq9,NULL,NULL,NULL,NULL,2010,"not available",NULL,NULL,NULL,NULL,sale,"3-room apartment",92,"fully renovated","okres Žilina",Žilina,"Staré mesto"
Ju8xVwtKo3R,NULL,NULL,NULL,NULL,NULL,NULL,NULL,NULL,NULL,NULL,sale,"1-room apartment",NULL,unrenovated,"okres Námestovo",Námestovo,Stred
JuIK5SS5weX,"upper floor",3,5,NULL,1976,"not available",NULL,NULL,yes,yes,rent,"2-room apartment",55,"partially renovated","okres Martin",Martin,Stred
JuzzHVLtL7p,"upper floor",6,NULL,yes,NULL,"not available",yes,NULL,yes,NULL,sale,"3-room apartment",69,"fully renovated","okres Tvrdošín",Tvrdošín,Medvedzie
Ju7J-Smt48P,"upper floor",2,3,NULL,2024,A,NULL,NULL,NULL,NULL,sale,"2-room apartment",42,"new construction","okres Tvrdošín",Trstená,Trstená
JuvxR6XXHxE,"upper floor",5,6,NULL,2025,"not available",yes,NULL,yes,NULL,rent,"3-room apartment",74,"fully renovated","okres Bytča",Bytča,"Veľká Bytča"
JuRuuJuhfW8,"upper floor",7,9,NULL,1980,"not available",NULL,NULL,NULL,yes,sale,"3-room apartment",85,"partially renovated","okres Martin",Vrútky,"Horné Vrútky"
JuZK70yldNu,"ground floor",1,2,NULL,2020,A,yes,NULL,yes,yes,sale,"1-room apartment",39,"new construction","okres Liptovský Mikuláš","Liptovský Mikuláš","Liptovská Mara - Tatralandia"
JuzSqFzglhO,"upper floor",3,7,yes,2022,A,NULL,yes,NULL,yes,sale,"3-room apartment",73,"new construction","okres Kysucké Nové Mesto","Kysucké Nové Mesto",Kamence
JuT8ujDpM1g,"upper floor",2,3,NULL,2025,C,NULL,NULL,NULL,NULL,rent,"1-room apartment",60,"partially renovated","okres Žilina",Žilina,"Staré mesto"
JuzmSjYalDj,"upper floor",2,3,NULL,1989,"not available",NULL,NULL,yes,yes,sale,"3-room apartment",87,"partially renovated","okres Martin",Vrútky,"Horné Vrútky"
Ju6pkdVbtRp,"top floor",8,8,yes,1970,B,yes,NULL,NULL,NULL,sale,"3-room apartment",71,"fully renovated","okres Ružomberok",Ružomberok,Klačno
JudnXUbr0fH,"upper floor",2,4,yes,2024,"not available",NULL,NULL,NULL,NULL,sale,"2-room apartment",48,"under construction","okres Liptovský Mikuláš",Východná,Východná
JuBIZmW7FwQ,NULL,NULL,NULL,NULL,NULL,NULL,NULL,NULL,NULL,NULL,sale,"3-room apartment",71,"new construction","okres Kysucké Nové Mesto","Kysucké Nové Mesto",Sídlisko
JuPDRHaKHGy,"ground floor",1,5,NULL,1965,B,NULL,NULL,NULL,NULL,sale,"2-room apartment",59,"fully renovated","okres Žilina",Žilina,Hliny
JuD8hcoEgT4,"top floor",6,6,NULL,2009,NULL,NULL,NULL,NULL,NULL,sale,"2-room apartment",74,"new construction","okres Žilina",Žilina,Vlčince
JukBZSTP0a5,"top floor",2,2,yes,2024,A,NULL,NULL,NULL,NULL,sale,"2-room apartment",55,"new construction","okres Turčianske Teplice","Turčianske Teplice",Stred
Ju1AcChzPhX,"ground floor",1,2,NULL,NULL,"not available",NULL,NULL,NULL,NULL,sale,"3-room apartment",62,"new construction","okres Liptovský Mikuláš","Vyšná Boca","Vyšná Boca"
JuE-VhHgCax,"ground floor",1,1,NULL,1970,"not available",NULL,NULL,NULL,NULL,sale,"1-room apartment",22,"fully renovated","okres Žilina",Terchová,Terchová
JuBAitX8aRy,"upper floor",2,NULL,NULL,NULL,NULL,NULL,NULL,NULL,NULL,rent,"2-room apartment",55,"partially renovated","okres Ružomberok",Ružomberok,Baničné
JuYm2hUT2pj,"upper floor",2,5,NULL,1975,C,NULL,NULL,NULL,NULL,rent,"3-room apartment",92,"fully renovated","okres Martin",Martin,Stred
Ju6opeOUPUx,"upper floor",NULL,NULL,NULL,NULL,NULL,NULL,NULL,NULL,NULL,sale,"2-room apartment",88,unrenovated,"okres Žilina",Žilina,"Staré mesto"
JuvmTUfehMc,"ground floor",1,2,NULL,2022,"not available",yes,NULL,yes,yes,rent,"2-room apartment",66,"fully renovated","okres Kysucké Nové Mesto",Rudinka,Rudinka
JuaMkijSYs-,"upper floor",2,12,yes,NULL,C,NULL,NULL,NULL,NULL,rent,"studio apartment",25,"partially renovated","okres Dolný Kubín","Dolný Kubín",Brezovec
JuZL3wORd4j,NULL,NULL,NULL,NULL,NULL,NULL,NULL,NULL,NULL,NULL,rent,"1-room apartment",35,"new construction","okres Liptovský Mikuláš","Liptovský Mikuláš",Stošice
JunBxeMXtVv,"ground floor",1,4,NULL,1978,B,NULL,NULL,NULL,NULL,sale,"3-room apartment",73,"partially renovated","okres Bytča","Veľké Rovné","Veľké Rovné"
JufXt9veplf,"upper floor",NULL,NULL,NULL,2025,NULL,NULL,NULL,NULL,NULL,sale,"2-room apartment",45,"new construction","okres Martin",Martin,Košúty
Ju1v-rz6S-g,NULL,NULL,NULL,NULL,1980,"not available",NULL,NULL,NULL,NULL,sale,"3-room apartment",64,unrenovated,"okres Žilina",Rajec,Rajec
JuK8NkfUxDo,NULL,NULL,NULL,NULL,NULL,NULL,NULL,NULL,NULL,NULL,sale,"3-room apartment",68,unrenovated,"okres Martin","Turčianska Štiavnička","Turčianska Štiavnička"
JuhvRDg8Y4C,basement,0,25,NULL,2025,"not available",NULL,NULL,NULL,NULL,rent,"2-room apartment",58,unrenovated,"okres Námestovo",Námestovo,Stred
JuqqisVRKbE,"ground floor",1,3,NULL,1967,"in preparation",NULL,NULL,NULL,NULL,sale,"3-room apartment",65,"partially renovated","okres Liptovský Mikuláš","Liptovský Mikuláš","Staré mesto"
JupIznadChw,"upper floor",NULL,NULL,NULL,1960,NULL,NULL,NULL,NULL,NULL,sale,"3-room apartment",66,unrenovated,"okres Martin",Martin,Stred
JuCtiU-W9oK,"upper floor",6,8,NULL,1987,"not available",NULL,yes,yes,NULL,sale,"3-room apartment",72,"fully renovated","okres Ružomberok",Ružomberok,Klačno
JuQUQOdCbAJ,"top floor",4,4,NULL,2024,"not available",NULL,NULL,NULL,NULL,sale,"4-room apartment",105,unrenovated,"okres Žilina",Žilina,"Staré mesto"
JuEGUe9TZYw,"top floor",5,5,yes,1982,B,NULL,NULL,NULL,yes,rent,"3-room apartment",72,"partially renovated","okres Žilina",Žilina,Vlčince
JuJTUgZNUdL,"upper floor",2,3,NULL,2025,"not available",NULL,NULL,NULL,NULL,sale,"3-room apartment",72,unrenovated,"okres Martin",Turany,Turany
JugdzCpEbZl,NULL,NULL,NULL,NULL,NULL,NULL,NULL,NULL,NULL,NULL,sale,"2-room apartment",55,"partially renovated","okres Žilina",Žilina,Hliny
JuJ1fx159Ms,"ground floor",1,4,NULL,1970,"not available",NULL,NULL,NULL,NULL,sale,"3-room apartment",65,unrenovated,"okres Čadca",Turzovka,Stred
JuUWRcxAAYr,"ground floor",1,1,NULL,1900,B,NULL,NULL,NULL,NULL,sale,"2-room apartment",67,"fully renovated","okres Liptovský Mikuláš","Liptovský Mikuláš","Staré mesto"
JucFSMwZ-YV,"upper floor",6,8,yes,2015,B,NULL,yes,NULL,yes,sale,"3-room apartment",83,"new construction","okres Martin",Martin,Priekopa
JuHBGisy5-E,"upper floor",3,6,yes,2008,B,NULL,NULL,NULL,NULL,sale,"2-room apartment",68,"partially renovated","okres Ružomberok",Ružomberok,Hrabovo
JuInv_n4G9P,"upper floor",2,5,NULL,2026,"not available",yes,NULL,yes,NULL,sale,"2-room apartment",39,"development project","okres Žilina",Žilina,"Staré mesto"
JuUFq9Wci3W,NULL,NULL,NULL,NULL,2025,"not available",NULL,NULL,NULL,NULL,rent,"studio apartment",25,"partially renovated","okres Martin",Martin,Ľadoveň
JuBnUuJa9ic,"upper floor",5,10,yes,2024,"not available",NULL,NULL,yes,NULL,sale,"2-room apartment",56,"new construction","okres Žilina",Žilina,"Staré mesto"
Ju2txZynSMnS,NULL,NULL,NULL,NULL,1980,"not available",NULL,NULL,NULL,NULL,sale,"4-room apartment",88,"fully renovated","okres Námestovo",Námestovo,Brehy
Jucm4yaaOJ2,"ground floor",1,4,NULL,2013,"not available",NULL,NULL,NULL,NULL,sale,"3-room apartment",77,"fully renovated","okres Dolný Kubín","Dolný Kubín",Brezovec
JuT9LmGMkpW,"ground floor",1,2,NULL,2010,"not available",NULL,NULL,NULL,yes,sale,"holiday apartment",22,"new construction","okres Liptovský Mikuláš","Liptovský Mikuláš",Demänová
JuuOQAIf3eQ,"upper floor",3,NULL,yes,2024,NULL,NULL,NULL,NULL,NULL,sale,"2-room apartment",64,"new construction","okres Žilina",Žilina,"Staré mesto"
JuhSIJae8jB,NULL,NULL,NULL,NULL,2022,A,NULL,NULL,NULL,NULL,sale,"holiday apartment",48,"new construction","okres Liptovský Mikuláš",Smrečany,Smrečany
Ju20KERTu8I,"upper floor",NULL,NULL,NULL,NULL,"not available",NULL,NULL,yes,NULL,sale,"2-room apartment",59,unrenovated,"okres Liptovský Mikuláš","Liptovský Mikuláš",Podbreziny
JuGfHZevCsA,"upper floor",6,8,yes,1975,"not available",NULL,NULL,NULL,NULL,rent,"3-room apartment",66,"fully renovated","okres Martin",Martin,Stred
JufXjo0g1k9,"upper floor",2,NULL,yes,NULL,A,NULL,NULL,NULL,NULL,rent,"2-room apartment",59,"new construction","okres Liptovský Mikuláš","Liptovský Mikuláš",Palúdzka
JuPNe1hyDeq,"upper floor",5,6,NULL,2025,"not available",yes,NULL,NULL,yes,rent,"2-room apartment",57,"fully renovated","okres Bytča",Bytča,"Veľká Bytča"
Jumt5qe1Qm47,"ground floor",NULL,NULL,NULL,1986,"not available",NULL,NULL,NULL,NULL,sale,"2-room apartment",50,"partially renovated","okres Ružomberok",Ružomberok,Klačno
JuI6MQ6tc2T,NULL,NULL,NULL,NULL,NULL,NULL,NULL,NULL,NULL,NULL,sale,"2-room apartment",59,unrenovated,"okres Liptovský Mikuláš","Liptovský Mikuláš","Liptovská Mara - Tatralandia"
Ju4eeNbxgyr,"upper floor",4,7,NULL,1995,NULL,NULL,NULL,NULL,NULL,rent,"2-room apartment",50,"fully renovated","okres Žilina",Žilina,Solinky
JuN3wzC2QtN,"top floor",5,5,NULL,1972,"not available",NULL,NULL,yes,NULL,rent,"1-room apartment",36,"partially renovated","okres Martin",Martin,Sever
JuZdOmvD2ic,"upper floor",2,6,yes,2025,A,NULL,yes,NULL,yes,sale,"4-room apartment",77,"under construction","okres Kysucké Nové Mesto","Kysucké Nové Mesto",Kamence
JuQG3Tg2HJV,"ground floor",1,9,yes,NULL,A,NULL,NULL,NULL,NULL,sale,"holiday apartment",50,"new construction","okres Liptovský Mikuláš","Demänovská Dolina","Demänovská Dolina"
Ju7i7kUX31N,"ground floor",1,4,NULL,2025,"not available",NULL,NULL,NULL,NULL,rent,"2-room apartment",58,"new construction","okres Námestovo",Lokca,Lokca
JuT7xzp7Ax-,"upper floor",2,5,NULL,1972,C,yes,NULL,NULL,NULL,sale,"2-room apartment",61,"fully renovated","okres Martin",Martin,Stred
JuTL4AQg4bH,"ground floor",1,2,NULL,1960,"not available",NULL,NULL,NULL,NULL,rent,"2-room apartment",55,"fully renovated","okres Martin",Martin,Jahodníky
JuYNcMLobvd,NULL,NULL,NULL,NULL,NULL,NULL,NULL,NULL,NULL,NULL,rent,"4-room apartment",102,"new construction","okres Žilina",Žilina,Trnové
JuCgojI4KWH,"upper floor",2,NULL,NULL,1970,B,NULL,NULL,NULL,NULL,sale,"3-room apartment",74,unrenovated,"okres Čadca",Čadca,Žarec
JukjSccuSX6,NULL,NULL,NULL,NULL,1980,"not available",NULL,NULL,NULL,NULL,sale,"2-room apartment",55,"fully renovated","okres Martin",Vrútky,NULL
JuvuB2q_3M4,"upper floor",3,6,yes,2025,A,NULL,NULL,NULL,yes,sale,"holiday apartment",50,"under construction","okres Liptovský Mikuláš","Demänovská Dolina","Demänovská Dolina"
Jum788VaVl8,"ground floor",1,4,yes,2025,"in preparation",NULL,yes,NULL,yes,sale,"1-room apartment",33,"new construction","okres Žilina",Žilina,"Staré mesto"
JuRDv8rOGAN,"upper floor",3,6,NULL,2025,A,NULL,yes,yes,NULL,rent,"2-room apartment",46,"fully renovated","okres Bytča",Bytča,"Veľká Bytča"
JuguMiG6Pot,"added floor",2,4,yes,2026,A,yes,yes,yes,yes,sale,"other apartment type",40,"new construction","okres Žilina",Rajec,Rajec
JunSqXxyUya,"ground floor",1,4,yes,2025,"in preparation",NULL,yes,NULL,yes,sale,"1-room apartment",33,"new construction","okres Žilina",Žilina,"Staré mesto"
Juzl0Ycup_I,"top floor",4,4,NULL,2010,B,NULL,NULL,NULL,NULL,sale,"holiday apartment",56,"fully renovated","okres Martin",Martin,"Martinské hole"
JuMrpN3u-gh,NULL,NULL,NULL,NULL,2025,"not available",NULL,NULL,NULL,NULL,sale,"2-room apartment",47,"under construction","okres Žilina",Žilina,Hájik
JuG-jkKlogR,NULL,NULL,NULL,NULL,2025,"not available",NULL,NULL,NULL,NULL,rent,"2-room apartment",50,"fully renovated","okres Martin",Martin,Stred
Ju-seNslb4u,"upper floor",3,4,NULL,1995,C,NULL,NULL,NULL,NULL,sale,"2-room apartment",55,"partially renovated","okres Martin",Martin,Priekopa
JuKxd6XdpfQ,NULL,NULL,NULL,NULL,NULL,NULL,NULL,NULL,NULL,NULL,rent,"3-room apartment",70,"fully renovated","okres Kysucké Nové Mesto","Kysucké Nové Mesto",Kamence
JuddoVYZYie,"upper floor",2,4,yes,2024,A,NULL,yes,NULL,yes,sale,"1-room apartment",27,"new construction","okres Ružomberok","Liptovská Teplá","Liptovská Teplá"
Ju4lN_U1N_8,"top floor",3,3,NULL,2023,A,NULL,yes,yes,NULL,sale,"3-room apartment",91,"new construction","okres Liptovský Mikuláš","Liptovský Mikuláš",Stošice
JuNQHesGhEl,"upper floor",4,6,yes,2025,A,yes,NULL,yes,NULL,sale,"3-room apartment",65,"under construction","okres Kysucké Nové Mesto","Kysucké Nové Mesto",Kamence
Juv6SZd0pv9,"top floor",2,2,NULL,1980,"not available",NULL,NULL,NULL,NULL,sale,"3-room apartment",61,"fully renovated","okres Martin",Vrútky,NULL
Ju01CyxoHbS,"upper floor",4,4,yes,2023,B,NULL,NULL,NULL,NULL,sale,"holiday apartment",47,"development project","okres Žilina",Terchová,Terchová
JuQxdKNuhGj,"ground floor",1,NULL,NULL,NULL,NULL,NULL,NULL,NULL,NULL,sale,"3-room apartment",85,"partially renovated","okres Žilina",Žilina,"Staré mesto"
JuMc4nt1NbY,attic,2,3,NULL,2022,A,NULL,NULL,NULL,NULL,sale,maisonette,119,"new construction","okres Liptovský Mikuláš","Liptovský Hrádok",Celiny
JuykyParod3,"upper floor",2,3,NULL,2024,A,NULL,NULL,NULL,NULL,rent,"3-room apartment",70,"new construction","okres Bytča","Veľké Rovné","Veľké Rovné"
Ju4N6fIAndO,NULL,NULL,NULL,NULL,2025,"not available",NULL,NULL,NULL,NULL,sale,"3-room apartment",68,"new construction","okres Liptovský Mikuláš","Liptovský Mikuláš","Liptovská Ondrašová"
JuiNHN3K-2n,NULL,NULL,NULL,NULL,NULL,NULL,NULL,NULL,NULL,NULL,sale,"2-room apartment",41,"fully renovated","okres Čadca",Staškov,Staškov
JucceUznreI,"upper floor",2,4,NULL,1970,B,NULL,NULL,NULL,yes,sale,"2-room apartment",54,"partially renovated","okres Liptovský Mikuláš","Liptovský Mikuláš","Staré mesto"
JuzGrB3SDsa,"upper floor",4,7,NULL,1990,"not available",NULL,NULL,NULL,NULL,rent,"studio apartment",25,"fully renovated","okres Martin",Vrútky,"Horné Vrútky"
JuCJs2os-i-x,"ground floor",1,4,yes,2025,A,NULL,NULL,yes,NULL,sale,"1-room apartment",39,"new construction","okres Martin",Martin,Stred
Ju3z3M9TPDa,"ground floor",1,5,yes,2019,"not available",NULL,NULL,NULL,yes,sale,"2-room apartment",52,"new construction","okres Žilina",Žilina,Závodie
JuDxBcaveH8,"top floor",7,7,yes,1990,"not available",NULL,NULL,yes,yes,sale,"3-room apartment",85,unrenovated,"okres Martin",Vrútky,"Horné Vrútky"
Ju_5trjiiyY,"raised ground floor",NULL,NULL,NULL,NULL,NULL,NULL,NULL,NULL,NULL,sale,"2-room apartment",49,"partially renovated","okres Žilina",Žilina,Solinky
Juo9yc6U_zm,"upper floor",6,7,yes,NULL,NULL,NULL,NULL,NULL,NULL,sale,"3-room apartment",69,"partially renovated","okres Kysucké Nové Mesto","Kysucké Nové Mesto",Stred
JueZYUzuLYA,"upper floor",2,3,NULL,2020,B,NULL,NULL,NULL,NULL,sale,"1-room apartment",30,"fully renovated","okres Ružomberok",Bešeňová,Bešeňová
Juqo1hWp_Zj,NULL,NULL,NULL,NULL,1980,"not available",NULL,NULL,NULL,NULL,sale,"3-room apartment",78,"partially renovated","okres Martin",Martin,Stred
Ju3pgjh4OY7,"top floor",6,6,NULL,2018,"not available",NULL,NULL,NULL,NULL,rent,"2-room apartment",43,"new construction","okres Žilina",Žilina,Hájik
JueVCjlarhT,"top floor",3,3,NULL,1975,"not available",NULL,yes,NULL,yes,sale,"3-room apartment",77,unrenovated,"okres Tvrdošín",Nižná,Nižná
JuX7LFsuKfI,"top floor",4,4,NULL,1968,B,NULL,NULL,NULL,NULL,sale,"2-room apartment",53,"partially renovated","okres Kysucké Nové Mesto","Kysucké Nové Mesto",Nábrežie
JuV0WpoDBe_,NULL,NULL,NULL,NULL,NULL,NULL,NULL,NULL,NULL,NULL,rent,"1-room apartment",37,"new construction","okres Liptovský Mikuláš","Liptovský Mikuláš","Staré mesto"
Ju2PTXS03nR,"raised ground floor",1,4,NULL,1978,B,NULL,NULL,NULL,NULL,sale,"3-room apartment",73,"partially renovated","okres Bytča","Veľké Rovné","Veľké Rovné"
Ju1Fw0u3Cah,NULL,NULL,NULL,NULL,NULL,"not available",NULL,NULL,NULL,NULL,sale,"3-room apartment",71,unrenovated,"okres Liptovský Mikuláš","Liptovský Mikuláš","Vrbica - Nábrežie"
JuckFfec6yi,"upper floor",2,3,NULL,2025,"not available",NULL,NULL,NULL,NULL,sale,"3-room apartment",86,"fully renovated","okres Ružomberok",Ružomberok,"Staré mesto"
JuiYPO6c35-,"top floor",2,2,NULL,2010,C,yes,NULL,NULL,yes,sale,"4-room apartment",112,"partially renovated","okres Martin",Martin,Stráne
Jup8gJ48Fqt,"upper floor",2,7,NULL,2023,A,NULL,NULL,NULL,NULL,sale,"2-room apartment",53,"new construction","okres Žilina",Žilina,"Staré mesto"
JuQ3YUuwUTb,"upper floor",2,7,NULL,2009,"not available",yes,NULL,NULL,NULL,rent,"4-room apartment",92,"new construction","okres Žilina",Žilina,Hliny
JutqtoD-x5N,NULL,NULL,NULL,NULL,NULL,NULL,NULL,NULL,NULL,NULL,rent,"2-room apartment",62,unrenovated,"okres Čadca",Čadca,Centrum
Juu8kqRVDip,NULL,NULL,NULL,NULL,NULL,"not available",NULL,NULL,NULL,NULL,rent,"3-room apartment",61,"fully renovated","okres Liptovský Mikuláš","Liptovský Mikuláš",Podbreziny
Jub6sy4N9gp,"upper floor",3,5,yes,2027,A,NULL,NULL,NULL,NULL,sale,"2-room apartment",39,"under construction","okres Liptovský Mikuláš","Liptovský Mikuláš","Staré mesto"
JuL2muHqM6p,"upper floor",3,NULL,NULL,NULL,NULL,NULL,NULL,NULL,NULL,rent,"3-room apartment",70,"fully renovated","okres Žilina",Žilina,"Staré mesto"
Ju28AQVsAqz,NULL,NULL,NULL,NULL,NULL,NULL,NULL,NULL,NULL,NULL,sale,"3-room apartment",NULL,"partially renovated","okres Ružomberok",Ružomberok,Baničné
JuuVvHxxC-m,"upper floor",9,12,yes,1900,"not available",yes,NULL,yes,NULL,sale,"3-room apartment",66,"partially renovated","okres Liptovský Mikuláš","Liptovský Mikuláš",Podbreziny
JuzUlNr7U_e,NULL,NULL,NULL,NULL,NULL,NULL,NULL,NULL,NULL,NULL,rent,"3-room apartment",60,"partially renovated","okres Žilina",Žilina,Vlčince
Jumr_ISbK0Z,NULL,NULL,NULL,NULL,2025,"not available",NULL,NULL,NULL,NULL,sale,"3-room apartment",75,"under construction","okres Žilina",Žilina,Hájik
JuxXBGk_4Zo,"upper floor",2,4,yes,1992,"not available",NULL,NULL,NULL,NULL,sale,"1-room apartment",35,"partially renovated","okres Čadca",Turzovka,Stred
JuZK9MB7o6G,NULL,NULL,NULL,NULL,NULL,NULL,NULL,NULL,NULL,NULL,rent,"4-room apartment",84,"fully renovated","okres Žilina",Žilina,Solinky
JuSreilLACi,"upper floor",4,5,NULL,2011,"not available",NULL,NULL,NULL,NULL,rent,"3-room apartment",62,"new construction","okres Žilina",Žilina,"Staré mesto"
JudTaFLI7V1,"upper floor",2,3,NULL,1989,"not available",NULL,NULL,NULL,NULL,sale,"1-room apartment",30,"fully renovated","okres Martin",Martin,Stred
JulUy_Gy-T7,"ground floor",1,2,NULL,NULL,NULL,NULL,NULL,NULL,NULL,sale,"1-room apartment",36,"fully renovated","okres Liptovský Mikuláš","Liptovský Mikuláš","Staré mesto"
JuTgtQtwGXl,"upper floor",3,5,NULL,1970,"not available",NULL,NULL,NULL,NULL,sale,"2-room apartment",60,"fully renovated","okres Martin",Martin,Sever
JuAoUEm3GbZ,"ground floor",1,12,yes,1975,C,NULL,NULL,NULL,NULL,sale,"3-room apartment",74,unrenovated,"okres Martin",Martin,Ľadoveň
JuZFiZ0fwgL,"upper floor",7,8,yes,1980,"not available",NULL,NULL,yes,NULL,sale,"2-room apartment",54,"fully renovated","okres Dolný Kubín","Dolný Kubín","Veľký Bysterec"
JuZLDF7L6J1,"upper floor",2,3,NULL,2020,"not available",NULL,NULL,NULL,NULL,rent,"3-room apartment",90,"fully renovated","okres Žilina",Žilina,"Staré mesto"
JuH6sKr2JgO,"ground floor",1,1,NULL,2022,A,NULL,NULL,NULL,NULL,sale,"holiday apartment",28,"new construction","okres Liptovský Mikuláš","Demänovská Dolina","Demänovská Dolina"
Ju34-Gac91u,"ground floor",NULL,NULL,NULL,NULL,"not available",yes,NULL,yes,NULL,sale,"2-room apartment",49,"fully renovated","okres Liptovský Mikuláš","Demänovská Dolina","Demänovská Dolina"
Ju7lDmg4T0n,"ground floor",1,2,NULL,2023,A,NULL,NULL,NULL,NULL,sale,"holiday apartment",41,"new construction","okres Liptovský Mikuláš","Liptovský Mikuláš","Liptovská Ondrašová"
JuR7qWw7H0C,NULL,NULL,NULL,NULL,NULL,NULL,NULL,NULL,NULL,NULL,sale,"3-room apartment",82,"fully renovated","okres Liptovský Mikuláš","Liptovský Mikuláš","Staré mesto"
JuKOidVb0W7,"ground floor",1,8,yes,2025,"not available",NULL,NULL,NULL,NULL,rent,"3-room apartment",80,unrenovated,"okres Liptovský Mikuláš","Liptovský Hrádok",Belánska
JuIDpA00OUN,"upper floor",2,5,NULL,2018,A,NULL,NULL,yes,NULL,rent,"2-room apartment",44,"new construction","okres Martin",Martin,Stred
Ju6FesX3XoQ,"ground floor",1,NULL,NULL,NULL,NULL,NULL,NULL,NULL,NULL,sale,"3-room apartment",65,unrenovated,"okres Martin",Turany,Turany
JuTBls071FE,"upper floor",NULL,NULL,NULL,2022,NULL,NULL,NULL,NULL,NULL,sale,"holiday apartment",19,"new construction","okres Martin",Valča,Valča
JukANoj_iFm,"upper floor",2,3,NULL,NULL,NULL,NULL,NULL,NULL,NULL,sale,"1-room apartment",25,"fully renovated","okres Liptovský Mikuláš","Demänovská Dolina","Demänovská Dolina"
Juj0AUCC2FC,"ground floor",1,3,NULL,2020,"not available",NULL,NULL,NULL,NULL,sale,"3-room apartment",55,"new construction","okres Liptovský Mikuláš","Demänovská Dolina","Demänovská Dolina"
JuEg-jxdD7t,"upper floor",4,5,yes,2019,B,NULL,yes,NULL,yes,rent,"3-room apartment",65,"new construction","okres Martin",Martin,Stred
JuBSH-C3TAe,NULL,NULL,NULL,NULL,NULL,NULL,NULL,NULL,NULL,NULL,rent,"2-room apartment",56,"new construction","okres Martin",Vrútky,"Horné Vrútky"
Juh1ylk55iy,"ground floor",1,3,yes,2023,A,NULL,NULL,NULL,NULL,sale,"1-room apartment",28,"under construction","okres Liptovský Mikuláš","Liptovský Mikuláš","Liptovská Mara - Tatralandia"
JupjDJ9XYhE,"ground floor",1,1,NULL,NULL,G,NULL,NULL,NULL,NULL,sale,"holiday apartment",97,"fully renovated","okres Ružomberok",Bešeňová,Bešeňová
JuDV2pnh02W,"raised ground floor",NULL,NULL,NULL,NULL,NULL,NULL,NULL,NULL,NULL,rent,"2-room apartment",58,"fully renovated","okres Martin",Sučany,Sučany
JuN-Pnp6KBM,"top floor",3,3,NULL,1990,"not available",NULL,NULL,NULL,NULL,sale,"3-room apartment",65,unrenovated,"okres Čadca",Turzovka,Stred
JuPcc0iMceY,NULL,NULL,NULL,NULL,NULL,NULL,NULL,NULL,NULL,NULL,sale,"holiday apartment",39,"new construction","okres Ružomberok",Ružomberok,Hrabovo
JudyIRiA8kq,"upper floor",7,9,NULL,2022,"not available",NULL,NULL,NULL,NULL,sale,"holiday apartment",52,"new construction","okres Liptovský Mikuláš","Demänovská Dolina","Demänovská Dolina"
JuUZC8aojHf,"top floor",4,4,NULL,2023,"not available",NULL,NULL,NULL,NULL,sale,"4-room apartment",163,"new construction","okres Turčianske Teplice","Turčianske Teplice",Stred
JuMZVzeIVRp,NULL,NULL,NULL,NULL,NULL,NULL,NULL,NULL,NULL,NULL,sale,"holiday apartment",35,"fully renovated","okres Ružomberok",Ružomberok,Hrabovo
Ju892FRo72v,NULL,NULL,NULL,NULL,NULL,NULL,NULL,NULL,NULL,NULL,sale,"4-room apartment",61,"fully renovated","okres Žilina",Žilina,"Staré mesto"
JuODe5tlbwG,"ground floor",1,2,NULL,NULL,C,NULL,NULL,NULL,NULL,sale,"4-room apartment",98,"partially renovated","okres Martin",Martin,Priekopa
JuBpZ_BskLa,NULL,NULL,NULL,NULL,NULL,NULL,NULL,NULL,NULL,NULL,rent,"2-room apartment",51,"new construction","okres Martin",Martin,Priekopa
JulQn0N46Be,"ground floor",1,3,yes,2025,"not available",NULL,NULL,NULL,NULL,sale,"2-room apartment",49,"development project","okres Žilina",Žilina,Bôrik
JuFuOGe_LXE,NULL,NULL,NULL,NULL,NULL,NULL,NULL,NULL,NULL,NULL,rent,"3-room apartment",60,"fully renovated","okres Žilina",Žilina,Hliny
Ju1BpgSKaaX,"upper floor",3,NULL,NULL,1974,"not available",NULL,NULL,NULL,NULL,sale,"2-room apartment",63,"partially renovated","okres Čadca",Čadca,Žarec
JuVTyDRO6Fo,NULL,NULL,NULL,NULL,NULL,NULL,NULL,NULL,NULL,NULL,sale,"4-room apartment",80,"fully renovated","okres Ružomberok",Ružomberok,Klačno
JuKXwzVXskc,"upper floor",3,4,NULL,1995,"not available",NULL,NULL,NULL,NULL,rent,"4-room apartment",162,"fully renovated","okres Žilina",Žilina,"Staré mesto"
JueuOSIj-04,"top floor",4,NULL,NULL,NULL,NULL,NULL,NULL,NULL,yes,sale,"3-room apartment",74,"partially renovated","okres Martin",Vrútky,"Horné Vrútky"
JutPVr1bWDy,"upper floor",2,3,NULL,1975,"not available",NULL,NULL,NULL,NULL,sale,"3-room apartment",67,"partially renovated","okres Liptovský Mikuláš",Pribylina,Pribylina
JuuAb4gfi_M,NULL,NULL,NULL,NULL,NULL,NULL,NULL,NULL,NULL,NULL,sale,"holiday apartment",45,"partially renovated","okres Tvrdošín","Suchá Hora","Suchá Hora"
Ju90gNOpUS1,"upper floor",2,7,yes,NULL,A,yes,NULL,NULL,yes,sale,"3-room apartment",102,"under construction","okres Martin",Martin,Jahodníky
JuaoWKxAUyW,"upper floor",3,8,NULL,2025,C,NULL,NULL,NULL,NULL,rent,"3-room apartment",65,"fully renovated","okres Žilina",Žilina,Solinky
Ju1vHkMA9-i,"ground floor",1,2,NULL,2024,"not available",NULL,NULL,NULL,NULL,sale,"3-room apartment",92,"new construction","okres Dolný Kubín","Dolný Kubín",Stred
Ju-a60L4yJH,"upper floor",5,6,yes,NULL,A,NULL,NULL,NULL,NULL,sale,"2-room apartment",52,"new construction","okres Dolný Kubín","Dolný Kubín",Brezovec
JuWACwgZ0JW,"upper floor",2,NULL,NULL,2025,B,NULL,NULL,NULL,NULL,sale,"3-room apartment",84,"partially renovated","okres Bytča","Veľké Rovné","Veľké Rovné"
JuhldTbf0YC,"top floor",3,3,NULL,2025,A,NULL,NULL,NULL,NULL,sale,"3-room apartment",65,"under construction","okres Martin",Sučany,Sučany
Ju-zlCEP8xA,NULL,NULL,NULL,NULL,NULL,NULL,NULL,NULL,NULL,NULL,sale,"holiday apartment",46,"new construction","okres Liptovský Mikuláš","Demänovská Dolina","Demänovská Dolina"
JuyMZex0bdp,"ground floor",1,1,NULL,2012,"not available",NULL,NULL,NULL,NULL,sale,"2-room apartment",56,"new construction","okres Žilina",Žilina,Bôrik
Jux3XqE2ppP,"upper floor",2,2,yes,NULL,NULL,NULL,NULL,NULL,NULL,sale,"holiday apartment",43,"new construction","okres Liptovský Mikuláš","Demänovská Dolina","Demänovská Dolina"
Juwu97tpKpb,NULL,NULL,NULL,NULL,NULL,NULL,NULL,NULL,NULL,NULL,rent,"2-room apartment",68,"fully renovated","okres Martin",Martin,Stred
JuCx6JHdbha,"upper floor",4,8,yes,2025,A,NULL,NULL,NULL,NULL,sale,"2-room apartment",65,"new construction","okres Žilina",Žilina,Vlčince
JuNAef2PSXl,NULL,NULL,NULL,NULL,NULL,NULL,NULL,NULL,NULL,NULL,rent,"4-room apartment",83,"fully renovated","okres Žilina",Žilina,Hliny
Jul4B6HJsMz,"ground floor",1,2,NULL,2025,"not available",NULL,NULL,NULL,NULL,sale,"holiday apartment",34,"new construction","okres Ružomberok",Bešeňová,Bešeňová
JuITiNm8gMP,NULL,NULL,NULL,NULL,NULL,NULL,NULL,NULL,NULL,NULL,sale,"2-room apartment",64,"new construction","okres Martin",Martin,Stred
JuZyhdrORR4,"upper floor",2,7,yes,NULL,A,yes,NULL,NULL,yes,sale,"2-room apartment",70,"under construction","okres Martin",Martin,Jahodníky
JunvsP3a8hf,NULL,NULL,NULL,NULL,NULL,NULL,NULL,NULL,NULL,NULL,rent,"holiday apartment",NULL,"fully renovated","okres Liptovský Mikuláš","Liptovský Mikuláš",Demänová
Jun_e5pu1kO,"upper floor",3,8,yes,2025,A,yes,yes,yes,yes,sale,"3-room apartment",85,"new construction","okres Žilina",Žilina,Vlčince
JuD2CR5HuKc,attic,2,2,NULL,1918,"not available",NULL,NULL,NULL,NULL,sale,"1-room apartment",45,"fully renovated","okres Ružomberok",Ružomberok,Rybárpole
Ju4j49rCz8N,NULL,NULL,NULL,NULL,NULL,NULL,NULL,NULL,NULL,NULL,sale,"3-room apartment",92,"partially renovated","okres Ružomberok",Ružomberok,"Staré mesto"
Ju5mXWZ29s_,"ground floor",1,NULL,NULL,2025,"not available",NULL,NULL,NULL,NULL,sale,"2-room apartment",54,"fully renovated","okres Ružomberok",Ružomberok,"Staré mesto"
Jurvv0ZHBuR,NULL,NULL,NULL,NULL,NULL,NULL,NULL,NULL,NULL,NULL,sale,"1-room apartment",NULL,"new construction","okres Žilina",Žilina,Vlčince
JuAxXn7nLOP,"ground floor",1,8,NULL,2010,B,NULL,NULL,NULL,NULL,sale,"2-room apartment",181,"new construction","okres Žilina",Žilina,Bôrik
JuHpUtcCNg-,"upper floor",2,4,NULL,2023,A,NULL,NULL,NULL,yes,sale,"3-room apartment",73,"new construction","okres Martin",Martin,Ľadoveň
JuQIDFd_kHU,"ground floor",1,4,yes,2023,B,NULL,NULL,NULL,NULL,sale,"holiday apartment",48,"development project","okres Žilina",Terchová,Terchová
JudmgOWhHLZ1,"top floor",2,2,NULL,1980,"not available",NULL,NULL,NULL,NULL,sale,"2-room apartment",61,"fully renovated","okres Čadca",Staškov,Staškov
Ju0hF7AM_5h,NULL,NULL,NULL,NULL,NULL,NULL,NULL,NULL,NULL,NULL,sale,"3-room apartment",65,"partially renovated","okres Čadca",Čadca,Kyčerka
JuEeA2GuHj3,"upper floor",2,3,NULL,1960,"in preparation",yes,NULL,NULL,NULL,sale,"3-room apartment",97,"partially renovated","okres Ružomberok",Ružomberok,Roveň
JuDDQHUehhw,"raised ground floor",1,3,NULL,1980,"not available",NULL,NULL,NULL,NULL,sale,"1-room apartment",52,"partially renovated","okres Turčianske Teplice","Turčianske Teplice",Stred
Ju0xJVhINu5,"ground floor",NULL,NULL,NULL,1978,"not available",NULL,NULL,NULL,NULL,sale,"2-room apartment",55,"partially renovated","okres Čadca",Turzovka,Stred
JuTiMVE781u,"top floor",NULL,NULL,NULL,1970,"not available",NULL,NULL,NULL,NULL,sale,"3-room apartment",75,"partially renovated","okres Ružomberok","Liptovská Osada","Liptovská Osada"
JuV9QF4vC1L,"upper floor",2,8,yes,1970,"not available",NULL,yes,yes,NULL,sale,"3-room apartment",69,"partially renovated","okres Martin",Martin,Stred
JumNtvscU-s,"upper floor",2,11,yes,2023,A,NULL,NULL,NULL,NULL,sale,"holiday apartment",43,"new construction","okres Liptovský Mikuláš","Demänovská Dolina","Demänovská Dolina"
JuSTl0QkI_h,"upper floor",3,6,yes,2007,B,NULL,NULL,NULL,NULL,sale,"holiday apartment",68,"partially renovated","okres Ružomberok",Ružomberok,Hrabovo
JuJZPVcldrZ,"upper floor",3,8,yes,2024,A,NULL,NULL,NULL,NULL,sale,"4-room apartment",103,"new construction","okres Žilina",Žilina,Vlčince
JuSSppam0PC,"upper floor",2,4,NULL,2027,A,NULL,NULL,NULL,NULL,sale,"1-room apartment",34,"new construction","okres Liptovský Mikuláš","Liptovský Mikuláš","Staré mesto"
JucYBy-FPZ5,"upper floor",5,8,yes,2025,A,NULL,NULL,NULL,NULL,sale,"2-room apartment",62,"new construction","okres Žilina",Žilina,Vlčince
JuuJ1uhMrN8,NULL,NULL,NULL,NULL,NULL,NULL,NULL,NULL,NULL,NULL,rent,"2-room apartment",64,"fully renovated","okres Námestovo",Námestovo,Stred
JuTc88Wux9w,"upper floor",3,4,NULL,1968,"not available",NULL,NULL,NULL,NULL,sale,"2-room apartment",56,"fully renovated","okres Ružomberok",Ružomberok,Polík
Ju-cD3Eglt7,"upper floor",2,4,yes,2025,"not available",yes,NULL,NULL,yes,sale,"2-room apartment",48,"under construction","okres Liptovský Mikuláš",Východná,Východná
JuTbC9RkGly,"upper floor",2,4,NULL,1995,"not available",NULL,NULL,NULL,NULL,rent,"4-room apartment",162,"fully renovated","okres Žilina",Žilina,"Staré mesto"
JuKzHgnrtuZ,"top floor",4,4,NULL,NULL,NULL,NULL,NULL,NULL,NULL,rent,"2-room apartment",65,"new construction","okres Kysucké Nové Mesto","Kysucké Nové Mesto",Sídlisko
Jua8nBfq4pP,"ground floor",1,3,NULL,1995,NULL,NULL,NULL,NULL,NULL,sale,"4-room apartment",91,"fully renovated","okres Žilina",Strečno,Strečno
JupAkSKIIBk,"upper floor",3,7,yes,2025,"not available",NULL,yes,yes,NULL,rent,"4-room apartment",88,"partially renovated","okres Ružomberok",Ružomberok,"Staré mesto"
Ju5Yoj_C-t-,NULL,NULL,NULL,NULL,NULL,NULL,NULL,NULL,NULL,NULL,sale,"2-room apartment",56,"new construction","okres Martin",Martin,Stred
Ju0FWK0oDmX,NULL,NULL,NULL,NULL,2025,A,NULL,NULL,NULL,NULL,sale,"1-room apartment",36,"under construction","okres Žilina",Žilina,Hájik
JucrRlUBTDv,"top floor",7,7,NULL,1970,"not available",NULL,NULL,NULL,NULL,sale,"3-room apartment",75,"fully renovated","okres Čadca","Krásno nad Kysucou",NULL
JunvOdNMl-j,"ground floor",1,3,NULL,1974,"not available",NULL,NULL,NULL,NULL,rent,"2-room apartment",50,"fully renovated","okres Martin",Martin,Stred
JuXll0okDmg,"ground floor",1,3,NULL,2025,A,NULL,NULL,NULL,NULL,sale,"2-room apartment",52,"new construction","okres Žilina",Žilina,Bôrik
Ju5MSxaC_U4,"top floor",8,8,yes,1978,"not available",NULL,NULL,NULL,NULL,rent,"studio apartment",26,"partially renovated","okres Čadca",Čadca,Žarec
Ju0sE49cmdc,"upper floor",7,10,NULL,1985,B,NULL,NULL,yes,NULL,rent,"3-room apartment",65,"fully renovated","okres Liptovský Mikuláš","Liptovský Mikuláš","Staré mesto"
Ju8oShU9enl,"upper floor",4,4,NULL,1975,B,NULL,NULL,NULL,NULL,sale,"4-room apartment",84,"partially renovated","okres Bytča",Bytča,"Veľká Bytča"
JuOobPaFHGD,"top floor",5,NULL,yes,NULL,"not available",NULL,NULL,NULL,NULL,sale,"2-room apartment",47,"new construction","okres Žilina",Kunerad,Kunerad
Ju9wHsIIJEO,"upper floor",2,NULL,NULL,2010,NULL,NULL,NULL,NULL,NULL,rent,"4-room apartment",100,"fully renovated","okres Žilina",Žilina,Trnové
Ju6hdfe5kDA,"upper floor",5,6,yes,2025,A,NULL,NULL,NULL,NULL,sale,"holiday apartment",51,"under construction","okres Liptovský Mikuláš","Demänovská Dolina","Demänovská Dolina"
JukheJ1B1aD,"upper floor",7,8,yes,NULL,A,NULL,NULL,NULL,NULL,sale,"2-room apartment",76,"new construction","okres Liptovský Mikuláš","Demänovská Dolina","Demänovská Dolina"
JuXvJNkXrX-,"ground floor",1,1,NULL,2022,"not available",NULL,NULL,yes,yes,sale,"holiday apartment",44,"new construction","okres Liptovský Mikuláš","Demänovská Dolina","Demänovská Dolina"
JuARmayf-nL,NULL,NULL,NULL,NULL,2025,"not available",NULL,NULL,NULL,NULL,sale,"2-room apartment",62,"partially renovated","okres Žilina",Žilina,Hliny
JueWH91Qt062,"upper floor",2,4,NULL,2010,"not available",NULL,NULL,NULL,NULL,sale,"holiday apartment",32,"new construction","okres Ružomberok",Ružomberok,Hrabovo
JuaBQ-omPcs,"upper floor",NULL,NULL,NULL,NULL,NULL,NULL,NULL,NULL,NULL,sale,"studio apartment",25,unrenovated,"okres Martin",Martin,Sever
JuKfjwtr3uv,NULL,NULL,NULL,NULL,NULL,NULL,NULL,NULL,NULL,NULL,sale,"3-room apartment",43,"fully renovated","okres Dolný Kubín",Leštiny,Leštiny
JuBgCxlwRO1,"ground floor",1,1,NULL,2007,"in preparation",NULL,NULL,NULL,NULL,sale,"3-room apartment",78,unrenovated,"okres Kysucké Nové Mesto","Kysucké Nové Mesto",Kamence
JupJ5OCoIez,NULL,NULL,NULL,NULL,NULL,NULL,NULL,NULL,NULL,NULL,rent,"2-room apartment",50,"partially renovated","okres Žilina",Žilina,Hájik
Juq8SVDOmLX,NULL,NULL,NULL,NULL,NULL,NULL,NULL,NULL,NULL,NULL,sale,"2-room apartment",48,"partially renovated","okres Žilina",Žilina,Solinky
JuqvAhg9dB7,"ground floor",1,7,NULL,1982,"not available",yes,NULL,yes,NULL,rent,"3-room apartment",60,"fully renovated","okres Čadca","Krásno nad Kysucou",Stred
JudvlSKcuB3,"upper floor",5,8,NULL,1980,"not available",NULL,NULL,NULL,NULL,rent,"2-room apartment",50,"partially renovated","okres Martin",Martin,Košúty
Ju71Or7iIz1,NULL,NULL,NULL,NULL,NULL,NULL,NULL,NULL,NULL,NULL,rent,"2-room apartment",65,unrenovated,"okres Kysucké Nové Mesto","Kysucké Nové Mesto",Stred
Ju8f4W9RYX2,"ground floor",1,2,NULL,2025,A,NULL,yes,NULL,yes,sale,"holiday apartment",41,"new construction","okres Liptovský Mikuláš","Demänovská Dolina","Demänovská Dolina"
JupbJt5OZmn,NULL,NULL,NULL,NULL,NULL,NULL,NULL,NULL,NULL,NULL,rent,"3-room apartment",75,"partially renovated","okres Dolný Kubín","Dolný Kubín",Brezovec
JuUrbdc3pDN,"upper floor",2,3,NULL,2023,A,NULL,NULL,NULL,NULL,sale,"2-room apartment",69,"new construction","okres Liptovský Mikuláš","Liptovský Hrádok",Celiny
Ju-XczSJwZk,"top floor",6,6,yes,2025,A,yes,NULL,yes,NULL,rent,"3-room apartment",74,"fully renovated","okres Bytča",Bytča,"Veľká Bytča"
JucfuBBHTMn,"upper floor",2,2,NULL,1900,"not available",NULL,NULL,NULL,NULL,sale,"1-room apartment",36,"fully renovated","okres Liptovský Mikuláš","Liptovský Mikuláš","Staré mesto"
JuoQ5zgqUF8,"upper floor",2,5,NULL,1985,"not available",NULL,NULL,NULL,yes,rent,"3-room apartment",90,"fully renovated","okres Žilina",Žilina,"Staré mesto"
JuDyAq3LxaR,"ground floor",1,4,NULL,1969,NULL,NULL,NULL,NULL,NULL,sale,"2-room apartment",56,unrenovated,"okres Kysucké Nové Mesto","Kysucké Nové Mesto",Sídlisko
JuPoZE57z5D,"upper floor",4,7,yes,NULL,NULL,NULL,NULL,NULL,NULL,sale,"4-room apartment",123,"fully renovated","okres Žilina",Žilina,Vlčince
JuQ010q_mPp,"raised ground floor",1,4,NULL,1976,"not available",NULL,NULL,NULL,NULL,sale,"studio apartment",25,"fully renovated","okres Žilina",Žilina,Hliny
Ju6NM6rUyuq,"ground floor",1,2,NULL,1970,"not available",NULL,NULL,NULL,NULL,rent,"1-room apartment",55,"partially renovated","okres Liptovský Mikuláš","Liptovský Mikuláš","Liptovská Ondrašová"
Ju2W2fwASSP,NULL,NULL,NULL,NULL,2025,"not available",NULL,NULL,NULL,NULL,sale,"3-room apartment",87,"new construction","okres Dolný Kubín","Dolný Kubín",Brezovec
Jun4cFPr-JJ,"top floor",5,5,yes,2007,B,NULL,yes,yes,NULL,sale,"2-room apartment",52,"new construction","okres Žilina",Žilina,Závodie
JuU41-eIe2m,"upper floor",3,6,yes,2025,A,NULL,yes,NULL,yes,sale,"4-room apartment",77,"under construction","okres Kysucké Nové Mesto","Kysucké Nové Mesto",Kamence
JuC7FB5n3i0,"top floor",3,3,yes,2024,A,NULL,NULL,NULL,NULL,sale,"1-room apartment",32,"new construction","okres Tvrdošín",Trstená,Trstená
JuYWEki50At,"ground floor",1,1,NULL,2022,"not available",NULL,NULL,NULL,NULL,rent,"studio apartment",14,"new construction","okres Žilina",Žilina,"Staré mesto"
Julagh5blsT,"ground floor",1,NULL,NULL,NULL,"not available",NULL,NULL,NULL,NULL,rent,"2-room apartment",85,"fully renovated","okres Martin",Martin,Stred
JuL2CqQ6bTm,NULL,NULL,NULL,NULL,NULL,NULL,NULL,NULL,NULL,NULL,sale,"2-room apartment",55,"partially renovated","okres Čadca",Turzovka,Stred
JuaDMLn46eO,"upper floor",2,3,NULL,NULL,NULL,NULL,NULL,NULL,NULL,rent,"2-room apartment",54,"fully renovated","okres Martin",Martin,Stred
JudWcaYczoj,"upper floor",3,3,yes,NULL,NULL,NULL,NULL,yes,NULL,sale,"studio apartment",25,unrenovated,"okres Liptovský Mikuláš","Liptovský Mikuláš","Staré mesto"
JuTaGlgOIm6,"top floor",NULL,NULL,NULL,NULL,NULL,NULL,NULL,NULL,NULL,sale,"4-room apartment",120,"new construction","okres Liptovský Mikuláš","Demänovská Dolina","Demänovská Dolina"
JuzwzT16anT,"upper floor",3,7,NULL,2011,NULL,NULL,NULL,NULL,NULL,rent,"4-room apartment",92,"new construction","okres Žilina",Žilina,Hliny
JuF5BDGmyHN,"upper floor",2,7,yes,2024,A,NULL,yes,yes,NULL,sale,"2-room apartment",69,"under construction","okres Martin",Martin,Jahodníky
Ju-q6Oh2szF,"top floor",5,5,NULL,2024,"not available",NULL,NULL,NULL,NULL,sale,"3-room apartment",60,"new construction","okres Kysucké Nové Mesto","Kysucké Nové Mesto",Sídlisko
Ju4T4al4Vz1,"upper floor",3,7,yes,NULL,A,yes,NULL,NULL,yes,sale,"2-room apartment",70,"under construction","okres Martin",Martin,Jahodníky
JuU5AQijDSV,"ground floor",1,3,NULL,2025,A,yes,NULL,yes,NULL,sale,"2-room apartment",44,"new construction","okres Liptovský Mikuláš","Liptovský Mikuláš","Staré mesto"
JuMBGx19jQm,"upper floor",3,3,NULL,1900,"not available",NULL,NULL,NULL,NULL,sale,"2-room apartment",55,"fully renovated","okres Martin",Martin,Stred
JuK1t12r-oH,NULL,NULL,NULL,NULL,1980,"not available",NULL,NULL,NULL,NULL,rent,"2-room apartment",55,"fully renovated","okres Žilina",Žilina,Hliny
JuhxKlECA3G,"top floor",8,8,NULL,2025,A,NULL,NULL,NULL,NULL,sale,"4-room apartment",86,"under construction","okres Ružomberok",Ružomberok,Roveň
Ju9BdsvYTHj,"top floor",5,5,NULL,2026,"not available",NULL,NULL,NULL,NULL,sale,"4-room apartment",100,"development project","okres Žilina",Žilina,"Staré mesto"
Ju6Co8ebtz8,"top floor",NULL,NULL,NULL,2011,NULL,NULL,NULL,NULL,NULL,sale,"4-room apartment",131,"new construction","okres Žilina",Žilina,Hájik
Ju7WBBedEh6,NULL,NULL,NULL,NULL,NULL,NULL,NULL,NULL,NULL,NULL,rent,"3-room apartment",102,"new construction","okres Žilina",Žilina,Vlčince
Ju0fvkzNIT_,attic,6,7,yes,NULL,"not available",NULL,NULL,NULL,NULL,sale,"3-room apartment",212,"partially renovated","okres Liptovský Mikuláš","Liptovský Mikuláš","Staré mesto"
Ju4lV1--VGV,"top floor",4,4,yes,1970,"not available",NULL,NULL,NULL,NULL,sale,"3-room apartment",93,"fully renovated","okres Žilina",Žilina,"Staré mesto"
JuFVUTYq75r,NULL,NULL,NULL,NULL,NULL,NULL,NULL,NULL,NULL,NULL,rent,"2-room apartment",53,"fully renovated","okres Dolný Kubín","Dolný Kubín",Mokraď
JuktUK0BQQK,NULL,NULL,NULL,NULL,NULL,NULL,NULL,NULL,NULL,NULL,rent,"2-room apartment",67,"new construction","okres Žilina",Žilina,Hliny
JuuN3hIqf_p,"upper floor",6,7,NULL,1986,"in preparation",NULL,NULL,yes,yes,sale,"2-room apartment",61,unrenovated,"okres Liptovský Mikuláš","Liptovský Mikuláš",Podbreziny
Jug3tmEab8dn,NULL,NULL,NULL,NULL,1980,"not available",NULL,NULL,NULL,NULL,sale,"3-room apartment",65,"fully renovated","okres Liptovský Mikuláš","Liptovský Mikuláš",Podbreziny
Ju0wXtJ_miO,"top floor",3,3,NULL,2020,A,NULL,NULL,NULL,NULL,sale,"3-room apartment",82,"new construction","okres Liptovský Mikuláš","Liptovský Mikuláš","Liptovská Mara - Tatralandia"
JuGN2-1NoX2,"upper floor",4,8,yes,2025,A,NULL,NULL,NULL,NULL,sale,"2-room apartment",52,"new construction","okres Žilina",Žilina,Vlčince
JuSqYMaXIJ4,"added floor",NULL,NULL,NULL,NULL,"not available",yes,NULL,yes,NULL,rent,"3-room apartment",52,"partially renovated","okres Liptovský Mikuláš","Liptovský Mikuláš",Palúdzka
Ju_mj9AejcW,attic,NULL,NULL,NULL,NULL,"not available",NULL,NULL,yes,NULL,sale,"3-room apartment",82,"partially renovated","okres Martin",Martin,Priekopa
Jul4sW3x805,NULL,NULL,NULL,NULL,NULL,"not available",NULL,yes,yes,NULL,sale,"other apartment type",172,unrenovated,"okres Žilina",Žilina,"Staré mesto"
Juty1iBq1Em,"top floor",3,3,NULL,1989,"not available",NULL,yes,yes,NULL,rent,"3-room apartment",70,"fully renovated","okres Žilina",Žilina,"Staré mesto"
Ju-1tp0yEDG,"ground floor",1,5,yes,NULL,NULL,NULL,NULL,NULL,NULL,sale,"3-room apartment",72,"partially renovated","okres Martin",Martin,Stred
JuDeBuW3pN0,"upper floor",2,4,yes,2025,A,NULL,NULL,NULL,NULL,sale,"3-room apartment",74,"new construction","okres Martin",Martin,Jahodníky
JuDjC6lbUrb,"upper floor",2,4,yes,2024,A,NULL,NULL,NULL,yes,sale,"2-room apartment",54,"development project","okres Ružomberok",Ružomberok,Baničné
JukiyEnJ5hw,"top floor",4,4,NULL,2006,NULL,NULL,NULL,NULL,NULL,sale,"4-room apartment",115,"fully renovated","okres Žilina",Žilina,Hliny
Ju35wiOj2hS,"upper floor",2,8,yes,2025,A,yes,yes,yes,yes,sale,"3-room apartment",88,"new construction","okres Žilina",Žilina,Vlčince
JuIYGEaJFQ7,"ground floor",1,2,NULL,2014,B,NULL,yes,NULL,yes,sale,"2-room apartment",42,"new construction","okres Liptovský Mikuláš","Demänovská Dolina","Demänovská Dolina"
Ju4n_bUHLJ9,"upper floor",6,8,yes,NULL,NULL,NULL,NULL,NULL,NULL,rent,"2-room apartment",65,unrenovated,"okres Martin",Martin,Stred
JuDt4JSbLor,NULL,NULL,NULL,NULL,NULL,B,NULL,NULL,NULL,NULL,rent,"2-room apartment",55,"fully renovated","okres Martin",Martin,Podháj
JuK5fZIIPNG,NULL,NULL,NULL,NULL,NULL,NULL,NULL,NULL,NULL,NULL,sale,"3-room apartment",80,unrenovated,"okres Dolný Kubín","Dolný Kubín",Brezovec
Jui1mJgPtv9,"ground floor",1,2,NULL,NULL,B,NULL,NULL,NULL,NULL,rent,"3-room apartment",80,"fully renovated","okres Martin",Vrútky,"Horné Vrútky"
JuFG7fBeyGR,"upper floor",NULL,NULL,NULL,1970,NULL,NULL,NULL,NULL,NULL,sale,"3-room apartment",69,"fully renovated","okres Martin",Martin,Ľadoveň
JuKfm2wXtCP,"ground floor",NULL,NULL,NULL,2024,NULL,NULL,NULL,NULL,NULL,sale,"2-room apartment",41,"new construction","okres Žilina","Rajecké Teplice","Rajecké Teplice"
JufWdbgp6A3,"raised ground floor",4,4,NULL,2025,A,NULL,NULL,NULL,NULL,sale,"3-room apartment",102,"new construction","okres Martin",Martin,Stred
Jud1TyzIUXK,"top floor",4,4,NULL,2023,A,NULL,yes,NULL,yes,rent,"2-room apartment",65,"new construction","okres Liptovský Mikuláš","Liptovský Mikuláš",Palúdzka
Ju5fikmM7T5,"ground floor",1,4,NULL,2023,A,NULL,NULL,NULL,NULL,sale,"3-room apartment",75,"fully renovated","okres Liptovský Mikuláš","Liptovský Mikuláš","Staré mesto"
JuewVCwJvGy,NULL,NULL,NULL,NULL,NULL,NULL,NULL,NULL,NULL,NULL,rent,"holiday apartment",NULL,"fully renovated","okres Žilina",Žilina,Vlčince
JuGV5aus1Gq,"upper floor",10,12,yes,1981,"not available",NULL,NULL,NULL,NULL,sale,"3-room apartment",72,unrenovated,"okres Kysucké Nové Mesto","Kysucké Nové Mesto",Kamence
JuTVD1EJqzO,"upper floor",2,5,NULL,2025,A,NULL,NULL,NULL,NULL,sale,"2-room apartment",44,"under construction","okres Martin",Martin,Záturčie
JuH7sCfx0Xw,"ground floor",1,2,NULL,2024,"in preparation",NULL,NULL,NULL,NULL,sale,"2-room apartment",53,"fully renovated","okres Čadca",Staškov,Staškov
Jux9NoUYkfu,"ground floor",1,5,yes,2024,A,yes,NULL,yes,NULL,sale,"3-room apartment",89,"development project","okres Ružomberok",Ružomberok,Baničné
JuEE_KosY1x,"upper floor",4,7,NULL,NULL,NULL,NULL,NULL,NULL,NULL,sale,"2-room apartment",86,"new construction","okres Žilina",Žilina,"Staré mesto"
JuYp1Zctty0,NULL,NULL,NULL,NULL,2025,"not available",NULL,yes,NULL,yes,sale,"2-room apartment",56,"partially renovated","okres Martin",Turany,Turany
JuoZ1J6Es1y,"upper floor",6,7,yes,1993,NULL,NULL,NULL,NULL,NULL,rent,"2-room apartment",50,"fully renovated","okres Žilina",Žilina,Hájik
JuWQ2JltmXN,"ground floor",1,1,NULL,2020,"not available",NULL,NULL,NULL,NULL,rent,"3-room apartment",78,"new construction","okres Kysucké Nové Mesto","Kysucké Nové Mesto",Stred
Juwpt8fo8iw,NULL,NULL,NULL,NULL,NULL,NULL,NULL,NULL,NULL,NULL,sale,"3-room apartment",64,unrenovated,"okres Martin",Martin,Sever
Ju4MMsyYZ5L,"upper floor",3,5,NULL,1950,"not available",NULL,NULL,NULL,NULL,rent,"studio apartment",25,"fully renovated","okres Kysucké Nové Mesto","Kysucké Nové Mesto",Sídlisko
JuzbyOpl5Xf,"top floor",6,6,yes,2025,"not available",NULL,yes,NULL,yes,rent,"3-room apartment",84,"fully renovated","okres Bytča",Bytča,"Veľká Bytča"
JuFU83JdcqO,"upper floor",6,NULL,yes,NULL,C,NULL,NULL,NULL,NULL,rent,"3-room apartment",66,"partially renovated","okres Dolný Kubín","Dolný Kubín","Veľký Bysterec"
Jut7vhqlQ5I,"top floor",2,2,NULL,1957,"not available",yes,NULL,NULL,NULL,sale,"2-room apartment",57,unrenovated,"okres Martin",Lipovec,Lipovec
JubDyUATEXA,"upper floor",5,7,yes,2025,"not available",NULL,NULL,NULL,NULL,sale,"4-room apartment",85,"partially renovated","okres Martin",Martin,Priekopa
JuqdVslmKGx,"raised ground floor",4,4,NULL,NULL,NULL,NULL,NULL,NULL,NULL,sale,"2-room apartment",55,"under construction","okres Martin",Martin,Sever
JucGgWWz-uF,NULL,NULL,NULL,NULL,NULL,NULL,NULL,NULL,NULL,NULL,rent,"1-room apartment",42,unrenovated,"okres Čadca",Čadca,Centrum
JueR5kVH0gB,NULL,NULL,NULL,NULL,NULL,NULL,NULL,NULL,NULL,NULL,rent,"2-room apartment",56,"new construction","okres Martin",Martin,"Horné Vrútky"
Jugl5WLVOis,NULL,NULL,NULL,NULL,NULL,NULL,NULL,NULL,NULL,NULL,rent,"2-room apartment",50,unrenovated,"okres Liptovský Mikuláš","Liptovský Mikuláš","Vrbica - Nábrežie"
Ju1AWDIaxaK,"upper floor",3,4,yes,2025,"in preparation",NULL,NULL,NULL,NULL,sale,"3-room apartment",85,"under construction","okres Ružomberok",Ružomberok,Roveň
JuVx84ohOxh,NULL,NULL,NULL,NULL,NULL,NULL,NULL,NULL,NULL,NULL,rent,"1-room apartment",20,"partially renovated","okres Martin",Martin,Stráne
JuFQj_B37XO,NULL,NULL,NULL,NULL,NULL,NULL,NULL,NULL,NULL,NULL,sale,"2-room apartment",45,"partially renovated","okres Žilina",Žilina,"Staré mesto"
JuRxO-wu66d,"upper floor",7,11,yes,1976,B,yes,yes,yes,yes,sale,"4-room apartment",83,"fully renovated","okres Žilina",Žilina,Vlčince
Juq924pqMXb,"raised ground floor",NULL,NULL,NULL,NULL,NULL,NULL,yes,NULL,yes,sale,"3-room apartment",86,"partially renovated","okres Žilina","Horný Hričov","Horný Hričov"
JuEVkw9ddDA,"top floor",4,4,NULL,1990,"not available",NULL,NULL,NULL,NULL,sale,"3-room apartment",76,"partially renovated","okres Martin",Martin,Stred
JumX8n0CV3C,"upper floor",NULL,NULL,NULL,NULL,NULL,NULL,NULL,NULL,NULL,sale,"1-room apartment",39,"under construction","okres Žilina",Žilina,Hájik
JuHfT6EkWLg,"top floor",5,5,yes,2018,A,NULL,NULL,NULL,NULL,sale,"2-room apartment",53,"fully renovated","okres Liptovský Mikuláš","Liptovský Mikuláš","Vrbica - Nábrežie"
JucNvh6xi3X,"upper floor",2,7,yes,2022,A,NULL,yes,yes,NULL,sale,"4-room apartment",113,"development project","okres Žilina",Žilina,"Staré mesto"
Jujveqa78vA,"upper floor",2,3,NULL,1960,"not available",NULL,NULL,NULL,NULL,sale,"3-room apartment",78,"fully renovated","okres Žilina",Žilina,"Staré mesto"
JuSTaf-asxr,"upper floor",5,11,yes,1900,B,NULL,yes,NULL,yes,sale,"3-room apartment",61,unrenovated,"okres Liptovský Mikuláš","Liptovský Hrádok",Prekážka
Ju65cZ1we6J,NULL,NULL,NULL,NULL,NULL,NULL,NULL,NULL,NULL,NULL,rent,"1-room apartment",37,"new construction","okres Žilina",Žilina,"Staré mesto"
Ju-XTfWbu4x,"upper floor",2,3,NULL,2020,"in preparation",NULL,NULL,NULL,NULL,rent,"2-room apartment",65,"new construction","okres Čadca",Čadca,Centrum
JujKiw_LZU1,"ground floor",1,NULL,NULL,NULL,NULL,NULL,NULL,NULL,NULL,sale,"3-room apartment",78,unrenovated,"okres Kysucké Nové Mesto","Horný Vadičov","Horný Vadičov"
JueIY5hIK7c,"upper floor",4,8,NULL,2025,A,yes,yes,yes,yes,sale,"3-room apartment",74,"new construction","okres Žilina",Žilina,Vlčince
JuqmFIXrbkG,"ground floor",1,5,NULL,2024,A,NULL,NULL,NULL,NULL,rent,"studio apartment",22,"new construction","okres Dolný Kubín","Dolný Kubín",Brezovec
JubxOFYENrS,NULL,NULL,NULL,NULL,NULL,NULL,NULL,NULL,NULL,NULL,sale,"holiday apartment",57,"new construction","okres Liptovský Mikuláš",Smrečany,Smrečany
Julrxc4m4jW,NULL,NULL,NULL,NULL,NULL,"not available",NULL,NULL,NULL,NULL,sale,"2-room apartment",50,"fully renovated","okres Žilina",Žilina,Solinky
JuNbGbpkzSB,"upper floor",2,NULL,yes,NULL,NULL,NULL,NULL,NULL,NULL,rent,"4-room apartment",110,"new construction","okres Žilina",Žilina,Vlčince
JuOHl43if-S,NULL,NULL,NULL,NULL,NULL,NULL,NULL,NULL,NULL,NULL,rent,"2-room apartment",38,"fully renovated","okres Dolný Kubín","Dolný Kubín",Mokraď
Jugmk_Ze8Rz,"top floor",4,4,NULL,2000,"not available",NULL,NULL,NULL,NULL,sale,"3-room apartment",75,"fully renovated","okres Liptovský Mikuláš","Liptovský Mikuláš","Vrbica - Nábrežie"
Ju3RyhBnxqn,"ground floor",1,2,NULL,2020,"not available",NULL,NULL,NULL,NULL,sale,"3-room apartment",77,"new construction","okres Liptovský Mikuláš","Demänovská Dolina","Demänovská Dolina"
Juv-PlaXTBH,NULL,NULL,NULL,NULL,2025,"not available",NULL,NULL,NULL,NULL,rent,"3-room apartment",60,"fully renovated","okres Martin",Martin,Záturčie
Ju7JTdVZY88,"upper floor",2,6,yes,2025,A,NULL,yes,NULL,yes,sale,"4-room apartment",77,"under construction","okres Kysucké Nové Mesto","Kysucké Nové Mesto",Kamence
JuiXqsf4YYv,NULL,NULL,NULL,NULL,NULL,NULL,NULL,NULL,NULL,NULL,rent,"4-room apartment",99,"fully renovated","okres Liptovský Mikuláš","Liptovský Mikuláš","Staré mesto"
Juacbmz9XNp,"upper floor",3,NULL,yes,2025,"not available",NULL,NULL,NULL,NULL,sale,"2-room apartment",68,"fully renovated","okres Ružomberok",Ružomberok,Roveň
Juuc5eYfRcY,"upper floor",3,5,NULL,1900,"not available",NULL,NULL,NULL,NULL,rent,"2-room apartment",49,"fully renovated","okres Martin",Martin,Podháj
JuWeCQ_05jp,"upper floor",7,11,yes,NULL,A,NULL,NULL,NULL,NULL,sale,"holiday apartment",175,"new construction","okres Liptovský Mikuláš","Demänovská Dolina","Demänovská Dolina"
Ju7dMBplPsC,"upper floor",2,6,yes,2025,A,NULL,yes,NULL,yes,sale,"2-room apartment",54,"under construction","okres Kysucké Nové Mesto","Kysucké Nové Mesto",Kamence
JuEJsd-IFWc,"upper floor",3,4,yes,2027,A,NULL,NULL,NULL,NULL,sale,"2-room apartment",51,"under construction","okres Liptovský Mikuláš","Liptovský Mikuláš","Staré mesto"
JuvU6HPzzl0,"upper floor",2,2,NULL,2015,"not available",NULL,NULL,NULL,NULL,rent,"2-room apartment",42,"fully renovated","okres Liptovský Mikuláš","Liptovský Mikuláš","Liptovská Ondrašová"
Jus-41FaUT-,"upper floor",6,9,yes,1980,"not available",NULL,NULL,NULL,NULL,sale,"2-room apartment",48,"fully renovated","okres Žilina",Žilina,"Staré mesto"
Jugd0CIH9AR,"upper floor",4,NULL,NULL,2025,"not available",NULL,NULL,NULL,NULL,sale,"3-room apartment",123,"new construction","okres Žilina",Žilina,Hliny
JuULfuWRHXy,"upper floor",3,4,NULL,1977,"not available",NULL,NULL,NULL,NULL,sale,"2-room apartment",74,unrenovated,"okres Martin",Turany,Turany
JuG0SlTwzlu,"upper floor",4,NULL,NULL,2025,"not available",NULL,NULL,NULL,NULL,sale,"4-room apartment",138,"new construction","okres Žilina",Žilina,Hliny
JuzhJPXxvIr,"ground floor",1,2,NULL,2026,A,NULL,NULL,NULL,NULL,sale,"2-room apartment",665,"new construction","okres Martin",Martin,Tomčany
Ju67d-dUTmu,"upper floor",3,NULL,yes,NULL,"not available",NULL,NULL,NULL,NULL,rent,"3-room apartment",81,"fully renovated","okres Žilina",Žilina,"Staré mesto"
Ju3GPN81c0G6,"top floor",4,4,NULL,2002,"not available",NULL,NULL,NULL,NULL,sale,"5+ room apartment",180,unrenovated,"okres Žilina",Žilina,"Staré mesto"
JupEyEEjkVM,"upper floor",6,8,yes,2005,A,NULL,NULL,NULL,NULL,sale,"3-room apartment",69,"fully renovated","okres Žilina",Žilina,Vlčince
Juo3yMu_z5E,NULL,NULL,NULL,NULL,NULL,C,NULL,NULL,NULL,NULL,sale,"5+ room apartment",140,unrenovated,"okres Martin",Martin,Stred
JutGSTAuW2R,NULL,NULL,NULL,NULL,2025,"not available",NULL,NULL,yes,NULL,rent,"2-room apartment",72,"fully renovated","okres Martin",Martin,Stred
JueaMJQ3i3k,NULL,NULL,NULL,NULL,1980,"not available",NULL,NULL,NULL,NULL,sale,"3-room apartment",67,"partially renovated","okres Tvrdošín",Tvrdošín,Medvedzie
JuZCBswYwaN1,NULL,NULL,NULL,NULL,NULL,A,NULL,NULL,NULL,NULL,rent,"holiday apartment",40,"new construction","okres Liptovský Mikuláš","Liptovský Mikuláš",Demänová
Ju4LJ_g_D6K,"upper floor",3,5,NULL,2025,A,yes,NULL,NULL,yes,rent,"3-room apartment",73,"fully renovated","okres Bytča",Bytča,"Veľká Bytča"
JukApNg-M8K,NULL,NULL,NULL,NULL,NULL,NULL,NULL,NULL,NULL,NULL,sale,"3-room apartment",83,"fully renovated","okres Žilina",Žilina,"Malá Praha"
Ju9y0Y4mbAj,"ground floor",1,12,NULL,2015,A,NULL,NULL,NULL,NULL,sale,"3-room apartment",85,"fully renovated","okres Martin",Vrútky,"Horné Vrútky"
JuLuLPY-Qsq,"ground floor",1,4,yes,2025,A,NULL,NULL,NULL,NULL,sale,"2-room apartment",71,"new construction","okres Martin",Martin,Stred
JudMJ6hNCSy,NULL,NULL,NULL,NULL,NULL,NULL,NULL,NULL,NULL,NULL,rent,"2-room apartment",60,"fully renovated","okres Liptovský Mikuláš","Liptovský Mikuláš",Palúdzka
JuMLTI5Qk7o,"ground floor",1,2,NULL,2022,A,NULL,NULL,NULL,NULL,sale,"holiday apartment",72,"new construction","okres Liptovský Mikuláš","Demänovská Dolina","Demänovská Dolina"
JuRdtZI3MuC,"upper floor",3,4,NULL,2024,A,NULL,NULL,NULL,yes,sale,"2-room apartment",50,"new construction","okres Liptovský Mikuláš",Ľubeľa,Ľubeľa
Ju6MmU5y4t_,"top floor",2,2,NULL,NULL,NULL,NULL,NULL,NULL,NULL,rent,"4-room apartment",260,"new construction","okres Žilina",Žilina,Rosinky
Juq_j6YQYsV,"ground floor",1,3,NULL,1980,E,NULL,NULL,yes,yes,rent,"2-room apartment",56,"fully renovated","okres Martin",Martin,Stred
JuoJ3kkyC7Y,"ground floor",1,3,NULL,NULL,C,NULL,NULL,NULL,NULL,rent,"2-room apartment",60,"fully renovated","okres Martin",Martin,Stred
JuVvUzJnXTu,"upper floor",9,NULL,yes,NULL,NULL,NULL,NULL,NULL,NULL,rent,"2-room apartment",70,"new construction","okres Žilina",Žilina,"Staré mesto"
Ju5ImCNB76o,NULL,NULL,NULL,NULL,2017,"not available",NULL,NULL,NULL,NULL,sale,"4-room apartment",78,"partially renovated","okres Kysucké Nové Mesto","Kysucké Nové Mesto",Kamence
JuNw9r8KaEc,"top floor",2,2,NULL,NULL,NULL,NULL,NULL,NULL,NULL,rent,"studio apartment",38,"fully renovated","okres Martin",Martin,Stred
Juxpt8YRG2_,"top floor",8,8,yes,2025,"not available",NULL,NULL,NULL,NULL,sale,"3-room apartment",73,"partially renovated","okres Ružomberok",Ružomberok,Baničné
Ju_V7mSpqiT,"top floor",4,4,NULL,1970,"in preparation",NULL,NULL,NULL,yes,rent,"1-room apartment",25,"fully renovated","okres Žilina",Žilina,Závodie
Ju4y_fscQPu,"ground floor",1,3,NULL,NULL,NULL,NULL,NULL,NULL,NULL,sale,"3-room apartment",85,"fully renovated","okres Martin",Vrútky,"Horné Vrútky"
Juso4TLY6UW,"top floor",7,7,yes,NULL,NULL,NULL,NULL,NULL,NULL,sale,"2-room apartment",50,"fully renovated","okres Martin",Martin,Košúty
JukGyJ3rkzi,"upper floor",NULL,NULL,NULL,NULL,NULL,NULL,NULL,NULL,NULL,sale,"3-room apartment",73,"partially renovated","okres Čadca",Čadca,Kyčerka
JueH_k99MSI,"top floor",2,2,NULL,NULL,NULL,NULL,NULL,NULL,NULL,sale,"3-room apartment",71,"partially renovated","okres Liptovský Mikuláš","Liptovský Mikuláš","Staré mesto"
JuVD_m1Cal89,"ground floor",1,3,NULL,NULL,C,NULL,NULL,NULL,NULL,sale,"2-room apartment",55,"partially renovated","okres Dolný Kubín",Istebné,Istebné
Juh1ajbcNdb,"top floor",4,NULL,NULL,1970,NULL,NULL,NULL,NULL,NULL,sale,"3-room apartment",68,unrenovated,"okres Martin",Martin,Ľadoveň
JulVwlSvctK,"upper floor",2,3,NULL,2020,A,NULL,NULL,NULL,yes,sale,"2-room apartment",60,"new construction","okres Liptovský Mikuláš","Liptovský Mikuláš","Liptovská Mara - Tatralandia"
JuZMRwuUCim,"ground floor",1,2,NULL,1980,"not available",NULL,NULL,NULL,NULL,rent,"3-room apartment",65,"fully renovated","okres Kysucké Nové Mesto",Nesluša,Nesluša
JuSBcLlOavm,"top floor",4,4,yes,2018,A,NULL,NULL,NULL,NULL,sale,"2-room apartment",50,"new construction","okres Žilina",Žilina,Hájik
JufTJtipeK4,"upper floor",5,12,NULL,1984,"not available",NULL,NULL,NULL,NULL,sale,"3-room apartment",65,"fully renovated","okres Martin",Martin,Ľadoveň
JuauRurLCyp,"upper floor",NULL,NULL,NULL,NULL,NULL,NULL,NULL,NULL,NULL,sale,"2-room apartment",49,"partially renovated","okres Žilina",Žilina,Hájik
Ju3sbzAOfWW,"top floor",NULL,NULL,NULL,1978,NULL,NULL,NULL,NULL,NULL,sale,"4-room apartment",81,"partially renovated","okres Bytča","Veľké Rovné","Veľké Rovné"
JuyXVDLxEni,NULL,NULL,NULL,NULL,NULL,NULL,NULL,NULL,NULL,NULL,rent,"2-room apartment",NULL,"new construction","okres Liptovský Mikuláš","Liptovský Mikuláš",Palúdzka
Ju9DwSC6oJu,"upper floor",2,3,NULL,1959,"not available",NULL,NULL,NULL,NULL,sale,"2-room apartment",70,"fully renovated","okres Ružomberok",Ružomberok,Polík
Ju1eGXbZzUb,"upper floor",3,NULL,yes,1980,NULL,NULL,NULL,NULL,NULL,sale,"3-room apartment",60,unrenovated,"okres Žilina",Žilina,Vlčince
JuU7r63X4wA,"upper floor",NULL,NULL,NULL,1978,A,NULL,NULL,NULL,NULL,sale,"3-room apartment",70,"fully renovated","okres Liptovský Mikuláš","Liptovský Mikuláš",Podbreziny
JuwIRVaQL-Z,"upper floor",NULL,NULL,NULL,NULL,NULL,NULL,NULL,NULL,NULL,sale,"2-room apartment",46,"new construction","okres Žilina",Fačkov,Fačkov
JuZIrRq5Yby,"ground floor",1,12,NULL,NULL,A,NULL,NULL,NULL,NULL,sale,"4-room apartment",85,unrenovated,"okres Tvrdošín",Trstená,Trstená
Juzc7VOLXGcb,NULL,NULL,NULL,NULL,NULL,NULL,NULL,NULL,NULL,NULL,sale,"3-room apartment",NULL,"fully renovated","okres Čadca",Raková,Raková
Juh069sIM8t,"ground floor",NULL,NULL,NULL,2023,"not available",NULL,NULL,NULL,NULL,sale,"4-room apartment",99,"new construction","okres Žilina",Žilina,Závodie
Juq7qf85SJ_x,NULL,NULL,NULL,NULL,NULL,NULL,NULL,NULL,NULL,NULL,rent,"2-room apartment",48,unrenovated,"okres Kysucké Nové Mesto","Kysucké Nové Mesto",Suľkov
JuHNiSC8Wtj,"raised ground floor",1,2,yes,2022,A,NULL,NULL,NULL,NULL,sale,"holiday apartment",41,"new construction","okres Liptovský Mikuláš","Demänovská Dolina","Demänovská Dolina"
JuW48-9PwOZ,"ground floor",1,2,NULL,2023,"not available",NULL,NULL,NULL,NULL,rent,"1-room apartment",50,"new construction","okres Čadca","Krásno nad Kysucou",Stred
JuMvD_EgmbK,NULL,NULL,NULL,NULL,NULL,NULL,NULL,NULL,NULL,NULL,sale,"3-room apartment",60,"fully renovated","okres Žilina",Žilina,Hliny
Ju6MXg-E6En,"ground floor",1,NULL,NULL,NULL,NULL,NULL,yes,yes,NULL,sale,"1-room apartment",38,"new construction","okres Martin",Martin,Podháj
Ju9pwW3rFN2,NULL,NULL,NULL,NULL,NULL,NULL,NULL,NULL,NULL,NULL,rent,"1-room apartment",NULL,"fully renovated","okres Čadca",Čadca,Centrum
Ju5kidrwmrO2,"top floor",3,3,NULL,2010,"not available",NULL,NULL,NULL,NULL,rent,"2-room apartment",50,"new construction","okres Kysucké Nové Mesto","Kysucké Nové Mesto",Sídlisko
JukVrVsK1ht,"upper floor",5,6,NULL,2013,B,NULL,NULL,NULL,NULL,sale,"3-room apartment",75,"new construction","okres Žilina",Žilina,Hájik
Jufdn1ln-Ke,"upper floor",7,8,yes,1900,NULL,NULL,NULL,NULL,NULL,sale,"2-room apartment",65,"partially renovated","okres Liptovský Mikuláš","Liptovský Mikuláš",NULL
JuzAfAnhSmB,"top floor",3,3,NULL,1980,"not available",NULL,NULL,yes,yes,sale,"4-room apartment",93,"partially renovated","okres Martin",Martin,Priekopa
JuokG910TrR,NULL,NULL,NULL,NULL,NULL,"not available",NULL,NULL,NULL,yes,rent,"1-room apartment",30,"fully renovated","okres Martin",Martin,Stred
JuJqHGEd9oq,"raised ground floor",1,1,NULL,2000,"not available",NULL,NULL,NULL,NULL,rent,"holiday apartment",25,"fully renovated","okres Žilina","Rajecké Teplice","Rajecké Teplice"
Ju9itHE-Ye8,NULL,NULL,NULL,NULL,2025,"not available",NULL,NULL,NULL,NULL,rent,"2-room apartment",55,"fully renovated","okres Martin",Martin,Stred
JuE1GXKIL78,NULL,NULL,NULL,NULL,NULL,NULL,NULL,NULL,NULL,NULL,rent,"1-room apartment",38,"fully renovated","okres Žilina",Žilina,Vlčince
JuIlrGNiow6,"ground floor",1,1,NULL,2026,"not available",NULL,NULL,NULL,NULL,sale,"3-room apartment",80,"new construction","okres Liptovský Mikuláš","Liptovská Sielnica","Liptovská Sielnica"
JuIpF-cJ7Wj,"top floor",3,3,NULL,2009,"not available",NULL,NULL,NULL,NULL,sale,"2-room apartment",64,"fully renovated","okres Žilina",Žilina,"Staré mesto"
Ju0lQAOkvtE,"upper floor",3,4,yes,2025,"in preparation",yes,NULL,yes,NULL,sale,"1-room apartment",38,"new construction","okres Žilina",Žilina,"Staré mesto"
Ju7XXF2jsra,"ground floor",1,6,NULL,2009,NULL,NULL,NULL,NULL,NULL,sale,"3-room apartment",66,"new construction","okres Žilina",Žilina,Vlčince
Juhxp3dqjhf,"upper floor",3,5,yes,NULL,NULL,NULL,NULL,NULL,NULL,rent,"1-room apartment",30,"fully renovated","okres Martin",Martin,Podháj
JuqDc5JA0z2,"upper floor",5,8,NULL,2015,"not available",NULL,NULL,NULL,NULL,sale,"4-room apartment",84,"fully renovated","okres Dolný Kubín","Dolný Kubín",Brezovec
JufwsWkzi_8,NULL,NULL,NULL,NULL,NULL,NULL,NULL,NULL,NULL,yes,rent,"1-room apartment",30,"fully renovated","okres Martin",Martin,Stred
Ju3mlopyrCW,"ground floor",1,2,yes,2024,A,NULL,NULL,NULL,NULL,sale,"2-room apartment",53,"new construction","okres Turčianske Teplice","Turčianske Teplice",Stred
JuW-h1lHUAf,"upper floor",2,4,yes,2027,A,NULL,NULL,NULL,NULL,sale,"2-room apartment",39,"under construction","okres Liptovský Mikuláš","Liptovský Mikuláš","Staré mesto"
JuuIsQ7Faa3,NULL,NULL,NULL,NULL,NULL,NULL,NULL,NULL,NULL,NULL,sale,"3-room apartment",128,"new construction","okres Žilina",Žilina,"Staré mesto"
JucaEIsV4JC,"upper floor",3,4,NULL,2011,"not available",NULL,NULL,NULL,NULL,sale,"3-room apartment",57,"new construction","okres Žilina",Mojš,Mojš
Ju3Edwy5E9k,"upper floor",2,3,NULL,NULL,"not available",NULL,NULL,NULL,NULL,sale,"4-room apartment",101,"fully renovated","okres Žilina",Žilina,"Staré mesto"
JuOF4HNBZNF,NULL,NULL,NULL,NULL,1980,"not available",NULL,NULL,NULL,NULL,sale,"3-room apartment",75,"partially renovated","okres Ružomberok",Ľubochňa,Ľubochňa
Jubt5q54oGG,NULL,NULL,NULL,NULL,NULL,NULL,NULL,NULL,NULL,NULL,sale,"2-room apartment",39,unrenovated,"okres Liptovský Mikuláš","Demänovská Dolina","Demänovská Dolina"
Juq2JDI17SL,NULL,NULL,NULL,NULL,NULL,NULL,NULL,NULL,NULL,NULL,rent,"1-room apartment",37,"new construction","okres Žilina",Žilina,Vlčince
JufIcrH5ACA,NULL,NULL,NULL,NULL,NULL,NULL,NULL,NULL,NULL,NULL,rent,"2-room apartment",70,"fully renovated","okres Žilina",Žilina,"Staré mesto"
Ju9Ws1QPS3n,NULL,NULL,NULL,NULL,NULL,"not available",NULL,NULL,NULL,NULL,rent,"4-room apartment",80,"fully renovated","okres Žilina",Žilina,Vlčince
Ju-rzMotwKF,NULL,NULL,NULL,NULL,NULL,NULL,NULL,NULL,NULL,NULL,sale,"1-room apartment",30,"new construction","okres Liptovský Mikuláš","Liptovský Mikuláš","Liptovská Mara - Tatralandia"
JuxMPXZzAel,NULL,NULL,NULL,NULL,NULL,NULL,NULL,NULL,NULL,NULL,sale,"2-room apartment",58,"partially renovated","okres Čadca",Čadca,Žarec
JuEHAn3LwGR,NULL,NULL,NULL,NULL,NULL,NULL,NULL,NULL,NULL,NULL,sale,"2-room apartment",70,"fully renovated","okres Dolný Kubín","Dolný Kubín",Stred
JuazplczVyT,"upper floor",3,5,NULL,1980,B,NULL,NULL,NULL,NULL,rent,"1-room apartment",25,"partially renovated","okres Liptovský Mikuláš","Liptovský Mikuláš","Staré mesto"
Ju_TGzIFNk3,NULL,NULL,NULL,NULL,NULL,NULL,NULL,NULL,NULL,NULL,sale,"holiday apartment",79,"new construction","okres Liptovský Mikuláš","Liptovský Mikuláš",Demänová
JuuM-q0SgiK,NULL,NULL,NULL,NULL,NULL,"not available",NULL,NULL,NULL,NULL,rent,"4-room apartment",84,unrenovated,"okres Žilina",Žilina,Vlčince
Ju-lRWjvao3,"upper floor",2,3,NULL,NULL,NULL,NULL,NULL,NULL,NULL,sale,"2-room apartment",87,"partially renovated","okres Liptovský Mikuláš","Liptovský Mikuláš","Staré mesto"
JunWCB0DrwG,"upper floor",2,4,yes,1968,"not available",NULL,yes,NULL,yes,sale,"3-room apartment",62,unrenovated,"okres Čadca",Čadca,"Sídlisko 3"
JuxyNbJ2-r9,"upper floor",2,5,yes,2025,"not available",NULL,NULL,NULL,NULL,sale,"holiday apartment",71,"partially renovated","okres Ružomberok",Ružomberok,Hrabovo
JuUW30jCiXY,"upper floor",4,8,NULL,1990,"not available",NULL,NULL,NULL,NULL,sale,"3-room apartment",74,"fully renovated","okres Liptovský Mikuláš","Liptovský Mikuláš",Podbreziny
JuKqTd0J1IQ,"ground floor",1,1,NULL,NULL,A,NULL,NULL,NULL,NULL,sale,"2-room apartment",60,"new construction","okres Liptovský Mikuláš","Liptovský Mikuláš","Staré mesto"
Juz-nuV7qfY,"upper floor",18,22,NULL,2010,"not available",NULL,NULL,NULL,NULL,sale,"4-room apartment",151,"new construction","okres Žilina",Žilina,Vlčince
Juvr_afUfgc,attic,4,4,NULL,1969,NULL,NULL,NULL,NULL,NULL,sale,"4-room apartment",520,"fully renovated","okres Žilina",Žilina,"Staré mesto"
JuSB5VX7uLX,NULL,NULL,NULL,NULL,1980,"not available",NULL,NULL,NULL,NULL,sale,"3-room apartment",77,"new construction","okres Dolný Kubín","Dolný Kubín",NULL
JuA0NKQExXq,"top floor",4,4,NULL,1970,"in preparation",NULL,NULL,NULL,NULL,sale,"3-room apartment",66,unrenovated,"okres Žilina",Žilina,Hliny
Ju_JHpt6_hD,"ground floor",1,1,NULL,2014,B,NULL,yes,yes,NULL,sale,"studio apartment",32,"new construction","okres Liptovský Mikuláš","Demänovská Dolina","Demänovská Dolina"
Juo05IpENrn,"upper floor",4,9,yes,2023,A,NULL,NULL,NULL,NULL,sale,"3-room apartment",72,"new construction","okres Liptovský Mikuláš","Liptovský Mikuláš",Demänová
JuZG0VM_IM4,"top floor",2,2,NULL,1960,"not available",NULL,NULL,NULL,NULL,sale,"3-room apartment",71,"partially renovated","okres Bytča",Štiavnik,Štiavnik
JuUOO-LXy23,"ground floor",1,6,NULL,1969,"not available",NULL,NULL,NULL,NULL,rent,"3-room apartment",63,"fully renovated","okres Liptovský Mikuláš","Liptovský Mikuláš","Staré mesto"
JucyrM14fby,"upper floor",NULL,NULL,NULL,NULL,"not available",NULL,NULL,NULL,NULL,rent,"4-room apartment",89,"fully renovated","okres Žilina",Žilina,Vlčince
JuYEF2k-qam,"raised ground floor",4,NULL,NULL,NULL,NULL,NULL,NULL,NULL,NULL,sale,"3-room apartment",70,unrenovated,"okres Liptovský Mikuláš","Liptovský Mikuláš","Vrbica - Nábrežie"
JuLJzHZSfxX,"top floor",3,3,NULL,1956,B,NULL,NULL,yes,yes,sale,"2-room apartment",70,unrenovated,"okres Martin",Martin,Sever
JuxE6cxjVt5,"ground floor",1,4,yes,1979,"not available",yes,NULL,NULL,NULL,rent,"3-room apartment",72,"fully renovated","okres Martin",Martin,Priekopa
JuSt-eGDLO6,NULL,NULL,NULL,NULL,NULL,NULL,NULL,NULL,NULL,NULL,sale,"studio apartment",123,"partially renovated","okres Ružomberok",Ružomberok,"Staré mesto"
JuaEFYi_BYt,"upper floor",4,5,yes,NULL,A,NULL,NULL,NULL,NULL,sale,"2-room apartment",55,"new construction","okres Liptovský Mikuláš","Liptovský Mikuláš","Staré mesto"
Ju8vp_eBF_v,"upper floor",2,6,yes,2025,A,yes,NULL,yes,NULL,sale,"3-room apartment",65,"under construction","okres Kysucké Nové Mesto","Kysucké Nové Mesto",Kamence
JuRTwACBCKF,NULL,NULL,NULL,NULL,NULL,NULL,NULL,NULL,NULL,NULL,sale,"3-room apartment",NULL,"new construction","okres Námestovo",Zubrohlava,Zubrohlava
JubsYNuv_gH,NULL,NULL,NULL,NULL,NULL,NULL,NULL,NULL,NULL,NULL,sale,"2-room apartment",NULL,"development project","okres Dolný Kubín","Dolný Kubín",Stred
Jubm9fi-mY2v,NULL,NULL,NULL,NULL,NULL,A,NULL,NULL,NULL,NULL,sale,"2-room apartment",47,"new construction","okres Liptovský Mikuláš","Malé Borové","Malé Borové"
JudLF_FsgcX,NULL,NULL,NULL,NULL,2025,"not available",NULL,NULL,NULL,NULL,sale,"4-room apartment",81,"partially renovated","okres Žilina",Žilina,Vlčince
JuS9mzdfL46,NULL,NULL,NULL,NULL,NULL,NULL,NULL,NULL,NULL,NULL,rent,"2-room apartment",80,"new construction","okres Žilina",Žilina,Vlčince
Juopd9f8gHL,NULL,NULL,NULL,NULL,NULL,NULL,NULL,NULL,NULL,NULL,rent,"2-room apartment",53,"fully renovated","okres Martin",Martin,Priekopa
Ju2UJpNwB9y,NULL,NULL,NULL,NULL,NULL,NULL,NULL,NULL,NULL,NULL,sale,"2-room apartment",55,"fully renovated","okres Čadca",Staškov,Staškov
JuUmF3RUVmb,"upper floor",NULL,NULL,NULL,NULL,NULL,NULL,NULL,NULL,NULL,sale,"studio apartment",25,unrenovated,"okres Martin",Martin,Sever
JudlhMNjWfy,NULL,NULL,NULL,NULL,NULL,NULL,NULL,NULL,NULL,NULL,sale,"3-room apartment",59,"new construction","okres Martin",Martin,Záturčie
JuKXKn_6Mq6,"upper floor",3,8,NULL,1995,NULL,NULL,NULL,NULL,NULL,sale,"2-room apartment",50,unrenovated,"okres Žilina",Žilina,Solinky
JuKVuQz4tJM,NULL,NULL,NULL,NULL,NULL,NULL,NULL,NULL,NULL,NULL,rent,"2-room apartment",43,"fully renovated","okres Dolný Kubín","Dolný Kubín",Mokraď
JuFvtb1f76m,NULL,NULL,NULL,NULL,NULL,NULL,NULL,NULL,NULL,NULL,sale,"3-room apartment",72,"fully renovated","okres Žilina",Žilina,Vlčince
JufchRWgj96,"top floor",4,4,yes,2025,"in preparation",yes,NULL,yes,NULL,sale,"1-room apartment",39,"new construction","okres Žilina",Žilina,"Staré mesto"
JuXqaBy1YwX,"ground floor",1,NULL,NULL,NULL,"not available",NULL,NULL,NULL,NULL,sale,"2-room apartment",54,"partially renovated","okres Žilina",Žilina,"Staré mesto"
JuMU6JiyoDi,NULL,NULL,NULL,NULL,1980,"not available",NULL,NULL,NULL,NULL,sale,"3-room apartment",63,"fully renovated","okres Žilina",Višňové,Višňové
JuFIplbJnri,NULL,NULL,NULL,NULL,NULL,"not available",NULL,NULL,NULL,NULL,sale,"4-room apartment",142,"new construction","okres Čadca",Čadca,Centrum
JuXU3OM1vfY,NULL,NULL,NULL,NULL,NULL,NULL,NULL,NULL,NULL,NULL,rent,"3-room apartment",65,"fully renovated","okres Žilina",Žilina,"Staré mesto"
Ju7W5q5NyuP,"ground floor",1,2,NULL,2018,"not available",NULL,NULL,NULL,NULL,rent,"holiday apartment",40,"new construction","okres Tvrdošín",NULL,NULL
Ju1cXQ08ziY,"ground floor",1,4,NULL,2011,A,NULL,NULL,NULL,NULL,sale,"2-room apartment",70,"new construction","okres Dolný Kubín","Dolný Kubín",Brezovec
Ju4Mn0S0K8V,"ground floor",1,2,NULL,2025,A,NULL,NULL,NULL,NULL,sale,"1-room apartment",50,"new construction","okres Martin",Martin,Tomčany
JuyiYLCVsIz,"raised ground floor",1,4,NULL,1952,B,yes,yes,yes,yes,sale,"2-room apartment",55,"partially renovated","okres Ružomberok",Ružomberok,Roveň
JupinWd8ZQVD,"raised ground floor",1,4,NULL,1915,"not available",NULL,NULL,yes,NULL,sale,"2-room apartment",60,"fully renovated","okres Žilina",Žilina,"Staré mesto"
Ju-7v4T1AY6H,"upper floor",4,NULL,yes,2025,"not available",NULL,NULL,NULL,NULL,rent,"2-room apartment",59,"partially renovated","okres Martin",Martin,Priekopa
Juqwj6nqGVe,"added floor",3,7,yes,2021,A,NULL,yes,NULL,yes,rent,"3-room apartment",73,"new construction","okres Kysucké Nové Mesto","Kysucké Nové Mesto",Kamence
JueZM646cTy,NULL,NULL,NULL,NULL,NULL,NULL,NULL,yes,NULL,yes,sale,"holiday apartment",40,"new construction","okres Ružomberok",Bešeňová,Bešeňová
JufIYFnXqFe,"ground floor",1,2,NULL,1900,"not available",NULL,NULL,NULL,NULL,rent,"3-room apartment",70,"fully renovated","okres Martin",Martin,Stred
JuhmvsftjdY,"upper floor",4,4,yes,2025,A,NULL,NULL,NULL,NULL,sale,"3-room apartment",96,"new construction","okres Martin",Martin,Jahodníky
JuUk6PkKhU1,NULL,NULL,NULL,NULL,NULL,"not available",NULL,NULL,NULL,NULL,rent,"2-room apartment",65,"fully renovated","okres Žilina",Žilina,"Staré mesto"
JumYoLK7UqZ,NULL,NULL,NULL,NULL,NULL,NULL,NULL,NULL,NULL,NULL,rent,"1-room apartment",40,"fully renovated","okres Martin",Martin,Stred
Jub_GkQafv9,"upper floor",NULL,NULL,NULL,1970,NULL,NULL,NULL,NULL,NULL,sale,"2-room apartment",59,"fully renovated","okres Martin",Martin,Podháj
JuCMuZyrXT9,"ground floor",NULL,NULL,NULL,1978,"not available",NULL,NULL,NULL,NULL,sale,"3-room apartment",72,"fully renovated","okres Čadca",Čadca,Žarec
JuGtWZEOQoM,NULL,NULL,NULL,NULL,1980,"not available",NULL,NULL,NULL,NULL,sale,"2-room apartment",53,"fully renovated","okres Žilina",Žilina,"Staré mesto"
JuJZH5W0xc8,"upper floor",2,NULL,NULL,NULL,NULL,NULL,NULL,NULL,NULL,rent,"2-room apartment",70,"fully renovated","okres Liptovský Mikuláš","Liptovský Mikuláš","Staré mesto"
JursQitkieS,"upper floor",2,3,NULL,2021,"not available",NULL,NULL,NULL,NULL,sale,"studio apartment",29,"fully renovated","okres Žilina",Žilina,Bánová
JuhY6PtUUUQ,"upper floor",2,6,yes,2025,A,NULL,yes,NULL,yes,sale,"4-room apartment",77,"under construction","okres Kysucké Nové Mesto","Kysucké Nové Mesto",Kamence
JuwolRsTXje,"upper floor",10,12,NULL,1994,"not available",NULL,NULL,NULL,yes,sale,"3-room apartment",65,"partially renovated","okres Liptovský Mikuláš","Liptovský Mikuláš",Podbreziny
JulmjMPVf2y,"upper floor",2,3,yes,1995,A,NULL,NULL,NULL,NULL,sale,"4-room apartment",120,"fully renovated","okres Martin",Martin,Stred
JuXYI9YrjoJ,"upper floor",2,5,yes,2025,A,yes,NULL,yes,NULL,sale,"3-room apartment",83,"new construction","okres Žilina",Žilina,Hájik
Juluyhlg8Mb,"raised ground floor",NULL,NULL,NULL,NULL,B,NULL,NULL,NULL,NULL,rent,"studio apartment",19,"partially renovated","okres Martin",Martin,Sever
JumN63g2ReF,"upper floor",2,NULL,NULL,NULL,NULL,NULL,NULL,NULL,NULL,sale,"3-room apartment",70,"fully renovated","okres Žilina",Varín,Varín
JuF-0hmTSgb,"ground floor",1,2,NULL,2024,A,NULL,NULL,NULL,NULL,sale,"holiday apartment",35,"new construction","okres Ružomberok",Bešeňová,Bešeňová
JuiYcneQxM0,"upper floor",6,7,NULL,NULL,NULL,NULL,NULL,NULL,NULL,sale,"3-room apartment",62,unrenovated,"okres Čadca",Čadca,Kyčerka
JuJrPj7p6LA,NULL,NULL,NULL,NULL,NULL,NULL,NULL,NULL,NULL,NULL,sale,"holiday apartment",27,"new construction","okres Liptovský Mikuláš","Pavčina Lehota","Pavčina Lehota"
Ju-S5IE7Y0K,NULL,NULL,NULL,NULL,NULL,NULL,NULL,NULL,NULL,NULL,sale,"holiday apartment",23,"under construction","okres Liptovský Mikuláš","Závažná Poruba","Závažná Poruba"
JutAxM54sI9,"upper floor",12,13,yes,1978,"not available",yes,NULL,yes,NULL,sale,"2-room apartment",74,"partially renovated","okres Martin",Martin,Sever
JuBT9IU3F1g,"raised ground floor",1,7,yes,2022,A,NULL,NULL,NULL,NULL,sale,"3-room apartment",101,"new construction","okres Žilina",Žilina,"Staré mesto"
Ju-j_zRPy7a,"top floor",3,3,NULL,2009,"not available",NULL,NULL,NULL,NULL,sale,"2-room apartment",59,"new construction","okres Martin",Martin,Záturčie
Jub-qUAwi4z,NULL,NULL,NULL,NULL,NULL,NULL,NULL,NULL,NULL,NULL,sale,"3-room apartment",64,"fully renovated","okres Martin",Martin,Košúty
JuluCbW3ZHE,"upper floor",3,8,NULL,2024,A,NULL,NULL,NULL,NULL,sale,"3-room apartment",79,"new construction","okres Žilina",Žilina,Vlčince
JunIK4vBJDk,"upper floor",2,2,NULL,2025,NULL,NULL,NULL,NULL,NULL,sale,"4-room apartment",120,"new construction","okres Martin",Martin,Tomčany
JuNrqMazgdo,"upper floor",3,7,NULL,1975,B,NULL,NULL,NULL,NULL,sale,"3-room apartment",90,"fully renovated","okres Martin",Martin,Priekopa
Ju9yeRQLBJd,NULL,NULL,NULL,NULL,NULL,NULL,NULL,NULL,NULL,NULL,sale,"2-room apartment",47,"new construction","okres Dolný Kubín","Dolný Kubín","Kubínska hoľa"
JuE57rFMsYf,NULL,NULL,NULL,NULL,NULL,NULL,NULL,NULL,NULL,NULL,rent,"2-room apartment",60,"new construction","okres Liptovský Mikuláš","Liptovský Mikuláš","Staré mesto"
Ju6xkslUZo-,"upper floor",4,8,NULL,2009,"not available",yes,NULL,NULL,yes,rent,"2-room apartment",75,"development project","okres Žilina",Žilina,Bôrik
JujUQv7hvyj,"ground floor",1,2,NULL,1986,"not available",NULL,NULL,yes,yes,sale,"3-room apartment",96,"fully renovated","okres Žilina","Dlhé Pole","Dlhé Pole"
Ju_noeKeCn0,"ground floor",1,NULL,yes,2025,"not available",NULL,NULL,yes,NULL,sale,"holiday apartment",30,"new construction","okres Liptovský Mikuláš","Liptovský Mikuláš",Demänová
JuFKoH6piMc,"upper floor",3,7,yes,2025,"not available",NULL,NULL,NULL,NULL,sale,"3-room apartment",78,unrenovated,"okres Ružomberok",Ružomberok,Klačno
JuwbdEJILXn,NULL,NULL,NULL,NULL,NULL,NULL,NULL,NULL,NULL,NULL,rent,"2-room apartment",50,"partially renovated","okres Žilina",Žilina,Hájik
JuoCz53ml38,"upper floor",5,9,yes,NULL,A,NULL,NULL,NULL,NULL,sale,"holiday apartment",53,"new construction","okres Liptovský Mikuláš","Demänovská Dolina","Demänovská Dolina"
JuvOvL67CnW,"raised ground floor",1,1,NULL,1980,"not available",NULL,yes,NULL,yes,rent,"4-room apartment",75,"fully renovated","okres Dolný Kubín","Dolný Kubín",Stred
Ju6NLOs0FvZ,"top floor",4,4,NULL,1973,"not available",yes,NULL,NULL,NULL,sale,"3-room apartment",76,unrenovated,"okres Martin",Martin,Jahodníky
Jum6U0_5m9N,NULL,NULL,NULL,NULL,NULL,NULL,NULL,NULL,NULL,NULL,rent,"2-room apartment",59,"fully renovated","okres Žilina",Žilina,Vlčince
Ju79Oyn1X3B,"top floor",2,2,NULL,2024,A,NULL,yes,NULL,yes,sale,"holiday apartment",40,"new construction","okres Liptovský Mikuláš","Demänovská Dolina","Demänovská Dolina"
JuQVA2vA49W,"top floor",4,4,NULL,1980,"not available",NULL,NULL,NULL,NULL,sale,"1-room apartment",30,unrenovated,"okres Martin",Vrútky,"Horné Vrútky"
JuoiWz-kUDq,"ground floor",1,5,NULL,2018,A,NULL,NULL,NULL,NULL,rent,"2-room apartment",50,"new construction","okres Liptovský Mikuláš","Liptovský Mikuláš",Palúdzka
JueA04xvA0H,"upper floor",4,9,yes,1970,"not available",NULL,NULL,NULL,NULL,sale,"3-room apartment",66,"fully renovated","okres Žilina",Žilina,Hliny
JuD4zRss3yP,NULL,NULL,NULL,NULL,NULL,NULL,NULL,NULL,NULL,NULL,sale,"3-room apartment",72,"fully renovated","okres Žilina",Žilina,Solinky
JuCYzVbHujF,"upper floor",2,3,NULL,1989,"not available",NULL,NULL,yes,yes,sale,"3-room apartment",87,"fully renovated","okres Martin",Príbovce,Príbovce
JuGDxnx-MGv,NULL,NULL,NULL,NULL,NULL,NULL,NULL,NULL,NULL,NULL,sale,"3-room apartment",72,"partially renovated","okres Turčianske Teplice","Turčianske Teplice",Stred
JuuYTb7aXin,"top floor",3,3,NULL,2011,NULL,NULL,NULL,NULL,NULL,sale,"3-room apartment",73,"new construction","okres Liptovský Mikuláš","Liptovský Hrádok",NULL
JuZdV5jCSUO,"ground floor",NULL,NULL,NULL,2024,"not available",NULL,NULL,NULL,NULL,sale,"3-room apartment",89,"partially renovated","okres Liptovský Mikuláš","Liptovský Hrádok",Dovalovo
JuKVTIO-aDH,NULL,NULL,NULL,NULL,2006,"not available",NULL,NULL,NULL,NULL,sale,"3-room apartment",74,"new construction","okres Liptovský Mikuláš","Liptovský Mikuláš","Staré mesto"
JuNgEGp-EQa,"raised ground floor",NULL,NULL,NULL,2025,"not available",NULL,NULL,NULL,NULL,sale,"holiday apartment",29,"fully renovated","okres Liptovský Mikuláš","Liptovský Ján","Liptovský Ján"
JuxN0XX5d2L,"upper floor",4,6,NULL,2025,A,yes,NULL,yes,NULL,rent,"3-room apartment",74,"fully renovated","okres Bytča",Bytča,"Veľká Bytča"
Judr92_ylzz,NULL,NULL,NULL,NULL,2012,"not available",NULL,NULL,NULL,NULL,sale,"2-room apartment",60,"partially renovated","okres Tvrdošín",Tvrdošín,Medvedzie
JuXHjhU272A,"upper floor",2,5,yes,1962,"not available",NULL,yes,yes,NULL,sale,"3-room apartment",64,unrenovated,"okres Žilina",Žilina,Hliny
Ju_ePT-_LMH,"ground floor",1,4,NULL,1985,B,NULL,NULL,NULL,NULL,sale,"2-room apartment",66,"fully renovated","okres Námestovo",Námestovo,Brehy
JuzuxPMP-Xr,"top floor",5,5,NULL,2024,"not available",NULL,NULL,NULL,NULL,sale,"3-room apartment",60,"new construction","okres Kysucké Nové Mesto","Kysucké Nové Mesto",Sídlisko
JuDXnrUS-p1,"upper floor",4,NULL,yes,2025,"not available",yes,NULL,NULL,NULL,sale,"holiday apartment",37,unrenovated,"okres Ružomberok",Ružomberok,Hrabovo
JuQfDarw60S,"top floor",3,3,NULL,1980,C,NULL,NULL,NULL,NULL,rent,"2-room apartment",64,"fully renovated","okres Martin",Martin,Podháj
Jux_7MHZ0xE,NULL,NULL,NULL,NULL,NULL,NULL,NULL,NULL,NULL,NULL,sale,"1-room apartment",35,"new construction","okres Liptovský Mikuláš","Liptovský Mikuláš",Stošice
JuUTD1Lj0lr,"upper floor",2,4,NULL,1969,NULL,NULL,NULL,NULL,NULL,sale,"3-room apartment",80,"fully renovated","okres Žilina",Žilina,"Staré mesto"
JuPs0jZ4Upm,NULL,NULL,NULL,NULL,NULL,NULL,NULL,NULL,NULL,NULL,rent,"3-room apartment",60,"fully renovated","okres Kysucké Nové Mesto","Kysucké Nové Mesto",Nábrežie
JuZ2eoxoyai,NULL,NULL,NULL,NULL,NULL,NULL,NULL,NULL,NULL,NULL,rent,"3-room apartment",80,"new construction","okres Liptovský Mikuláš","Partizánska Ľupča","Partizánska Ľupča"
JuuvbPIMl4t,"top floor",7,7,yes,1983,"not available",yes,NULL,NULL,NULL,sale,"4-room apartment",84,"partially renovated","okres Žilina",Žilina,Solinky
Ju7DJIriKhh,"top floor",2,2,NULL,2000,"not available",NULL,NULL,NULL,NULL,sale,"4-room apartment",118,"fully renovated","okres Kysucké Nové Mesto","Kysucké Nové Mesto",Stred
Ju2ogwd19a4,"upper floor",5,8,yes,1990,"not available",yes,NULL,NULL,NULL,sale,"3-room apartment",68,"partially renovated","okres Martin",Martin,Záturčie
JuVooxZWg4s,"upper floor",4,4,NULL,1942,"not available",NULL,NULL,NULL,NULL,sale,"4-room apartment",128,unrenovated,"okres Žilina",Žilina,"Staré mesto"
JuuvunHgeuI,"upper floor",8,8,NULL,1900,"not available",NULL,NULL,NULL,NULL,sale,"2-room apartment",52,"partially renovated","okres Tvrdošín",Tvrdošín,Medvedzie
JuhpxD8Q4V6,"upper floor",6,7,yes,NULL,A,NULL,yes,yes,NULL,sale,"3-room apartment",97,"under construction","okres Martin",Martin,Jahodníky
Jun8Wp9H-1m,"upper floor",2,3,NULL,2023,A,NULL,NULL,NULL,NULL,sale,"3-room apartment",83,"new construction","okres Liptovský Mikuláš","Liptovský Hrádok",Celiny
JuKMOepiUjn,"upper floor",3,9,yes,1988,"not available",NULL,yes,yes,NULL,sale,"1-room apartment",40,unrenovated,"okres Žilina",Žilina,Vlčince
JuyIru5Z-bn,"upper floor",2,2,NULL,1900,"not available",NULL,NULL,NULL,NULL,sale,"2-room apartment",55,"fully renovated","okres Liptovský Mikuláš","Liptovský Mikuláš","Staré mesto"
JurHWDFucoi,"ground floor",1,3,NULL,2023,A,NULL,NULL,NULL,NULL,sale,"2-room apartment",47,"new construction","okres Liptovský Mikuláš","Liptovský Mikuláš",Stošice
JuuLiOVYceV,"upper floor",NULL,NULL,NULL,NULL,NULL,NULL,NULL,NULL,NULL,sale,"3-room apartment",100,"fully renovated","okres Čadca",Raková,Raková
Ju6KRY_ibJj,NULL,NULL,NULL,NULL,NULL,NULL,NULL,NULL,NULL,NULL,rent,"3-room apartment",70,"fully renovated","okres Ružomberok",Ružomberok,Polík
JuuS6FA8WTM,"ground floor",1,8,NULL,1990,"not available",NULL,NULL,NULL,NULL,rent,"1-room apartment",38,"fully renovated","okres Čadca",Čadca,Žarec
JuGqA0i3EO8,"upper floor",2,3,NULL,NULL,"not available",NULL,NULL,NULL,yes,sale,"3-room apartment",80,"partially renovated","okres Žilina",Žilina,"Staré mesto"
JuFxU-EPo7k,attic,3,3,NULL,1994,"not available",NULL,NULL,NULL,NULL,sale,"3-room apartment",84,"partially renovated","okres Liptovský Mikuláš","Liptovská Porúbka","Liptovská Porúbka"
JuJDcaBGFgv,"upper floor",2,3,NULL,NULL,NULL,NULL,NULL,NULL,NULL,sale,"3-room apartment",80,"new construction","okres Čadca",Čadca,Škrabákovci
JuwDKSHdYOM,"upper floor",2,7,NULL,1970,"not available",NULL,NULL,NULL,NULL,rent,"3-room apartment",57,"fully renovated","okres Čadca",Čadca,Centrum
JuKE1haIfBQ,NULL,NULL,NULL,NULL,NULL,NULL,NULL,NULL,NULL,NULL,rent,"1-room apartment",36,"new construction","okres Žilina",Žilina,"Staré mesto"
Juf3UQk266Q,"top floor",3,3,NULL,2025,A,NULL,NULL,NULL,NULL,sale,"1-room apartment",36,"under construction","okres Martin",Sučany,Sučany
JuiUg7kx_Xo,"upper floor",4,6,yes,2025,A,NULL,yes,NULL,yes,sale,"4-room apartment",79,"under construction","okres Kysucké Nové Mesto","Kysucké Nové Mesto",Kamence
JuX_Y10XQMs,"upper floor",5,9,NULL,2023,"not available",NULL,NULL,NULL,NULL,sale,"holiday apartment",54,"new construction","okres Liptovský Mikuláš","Demänovská Dolina","Demänovská Dolina"
JuhdlIDH7jm,"upper floor",4,NULL,yes,NULL,NULL,NULL,NULL,NULL,NULL,sale,"1-room apartment",30,"partially renovated","okres Martin",Martin,Podháj
JukH94BLOrl,"upper floor",3,4,NULL,1984,"not available",NULL,NULL,NULL,NULL,rent,"1-room apartment",38,"partially renovated","okres Martin",Turany,Turany
JuiXegD6ESI,"upper floor",4,12,yes,1988,"not available",NULL,yes,yes,NULL,sale,"3-room apartment",63,unrenovated,"okres Dolný Kubín","Dolný Kubín","Veľký Bysterec"
Ju-U6VvTf4d,"upper floor",NULL,NULL,NULL,1960,NULL,NULL,NULL,NULL,NULL,sale,"3-room apartment",65,unrenovated,"okres Martin",Martin,Stred
Ju_P4weQ1yi,"ground floor",1,2,NULL,NULL,NULL,NULL,NULL,NULL,NULL,rent,"3-room apartment",72,"partially renovated","okres Liptovský Mikuláš","Liptovský Mikuláš","Staré mesto"
Ju4jUNHrCaa,"upper floor",2,4,NULL,1984,"not available",NULL,NULL,NULL,NULL,rent,"2-room apartment",37,"fully renovated","okres Žilina",Žilina,Hliny
JuRDmAO0N5y,"ground floor",1,8,NULL,2025,A,NULL,NULL,NULL,NULL,sale,"2-room apartment",48,"under construction","okres Ružomberok",Ružomberok,Roveň
JuOLPMJrkFk,"raised ground floor",NULL,NULL,NULL,1970,"not available",NULL,NULL,NULL,NULL,sale,"3-room apartment",93,"partially renovated","okres Žilina",Žilina,"Staré mesto"
JueFBhJMkEL,"upper floor",4,8,yes,1978,"not available",NULL,NULL,yes,NULL,rent,"studio apartment",26,"fully renovated","okres Čadca",Čadca,Žarec
JuiowNIBmX1,NULL,NULL,NULL,NULL,NULL,NULL,NULL,NULL,NULL,NULL,rent,"3-room apartment",74,"partially renovated","okres Čadca",Čadca,Kyčerka
Ju1swh97q_w,"ground floor",1,2,NULL,2019,"not available",NULL,NULL,NULL,NULL,sale,"2-room apartment",62,"new construction","okres Liptovský Mikuláš","Liptovský Ján","Liptovský Ján"
JuJjSbvP3y1,"ground floor",1,6,yes,2025,A,NULL,yes,NULL,yes,sale,"2-room apartment",54,"under construction","okres Kysucké Nové Mesto","Kysucké Nové Mesto",Kamence
JueVg_uFAEX,"top floor",7,7,NULL,1987,B,NULL,NULL,yes,yes,sale,"3-room apartment",68,"partially renovated","okres Martin",Martin,Záturčie
JubLUnnldKg,"upper floor",NULL,NULL,NULL,2017,NULL,NULL,NULL,NULL,NULL,sale,"2-room apartment",70,"new construction","okres Martin",Martin,Ľadoveň
JuNlpRocmfd,"upper floor",2,3,NULL,NULL,NULL,NULL,NULL,NULL,NULL,sale,"3-room apartment",82,"partially renovated","okres Martin",Martin,Stred
JujxzbLeFDf,"raised ground floor",1,3,yes,2024,"not available",NULL,yes,NULL,yes,sale,"2-room apartment",52,"new construction","okres Žilina","Rajecké Teplice","Rajecké Teplice"
Jut2p_8fnwk,"upper floor",5,8,yes,1988,"not available",NULL,NULL,NULL,NULL,sale,"3-room apartment",76,"fully renovated","okres Ružomberok",Ružomberok,Klačno
JuZUmgJDVA2,NULL,NULL,NULL,NULL,NULL,NULL,NULL,NULL,NULL,NULL,sale,"4-room apartment",118,"new construction","okres Ružomberok",Ružomberok,"Staré mesto"
JuIVoMRmHSz,NULL,NULL,NULL,NULL,1980,"not available",NULL,NULL,NULL,NULL,sale,"1-room apartment",30,"partially renovated","okres Martin",Turany,Turany
Ju7NnD-cxZu,"upper floor",2,8,NULL,1980,"not available",NULL,NULL,NULL,NULL,sale,"4-room apartment",89,"partially renovated","okres Ružomberok",Ružomberok,Klačno
JuLyRXzb7sF,"ground floor",1,4,NULL,2025,"not available",NULL,NULL,NULL,NULL,sale,"holiday apartment",42,"fully renovated","okres Ružomberok",Bešeňová,Bešeňová
JuFzCj_c-LQ,"ground floor",1,3,NULL,1980,"not available",NULL,NULL,yes,yes,sale,"2-room apartment",65,"fully renovated","okres Žilina",Žilina,"Staré mesto"
JuuDv2Zd85o,NULL,NULL,NULL,NULL,2009,"not available",NULL,NULL,NULL,NULL,sale,"3-room apartment",103,"new construction","okres Žilina",Žilina,Bôrik
Ju5JJVitOH3,"top floor",3,3,NULL,2024,A,NULL,NULL,NULL,NULL,sale,"3-room apartment",60,"new construction","okres Tvrdošín",Trstená,Trstená
Jue8OEdDtFX,"raised ground floor",1,4,yes,2024,A,NULL,NULL,yes,NULL,sale,"2-room apartment",55,"development project","okres Ružomberok",Ružomberok,Baničné
JusujBj0j9H,NULL,NULL,NULL,NULL,NULL,NULL,NULL,NULL,NULL,NULL,rent,"3-room apartment",80,"fully renovated","okres Žilina",Žilina,Vlčince
JuwJKqBh04b,"upper floor",2,5,yes,2008,A,yes,NULL,NULL,NULL,sale,"2-room apartment",50,"fully renovated","okres Liptovský Mikuláš","Liptovský Mikuláš","Staré mesto"
JuMDiaehTE4,NULL,NULL,NULL,NULL,NULL,NULL,NULL,NULL,NULL,NULL,sale,"holiday apartment",71,"new construction","okres Liptovský Mikuláš","Demänovská Dolina","Demänovská Dolina"
JuGTmonCdFp,"upper floor",4,5,yes,NULL,A,NULL,NULL,NULL,NULL,sale,"2-room apartment",65,"fully renovated","okres Liptovský Mikuláš","Liptovský Mikuláš","Staré mesto"
JucNmI_DO7B,attic,4,4,NULL,NULL,NULL,NULL,NULL,NULL,NULL,sale,"holiday apartment",78,"fully renovated","okres Čadca",Oščadnica,Oščadnica
JultM3IWcXG,"added floor",4,4,NULL,2018,B,yes,NULL,NULL,NULL,sale,"2-room apartment",98,"new construction","okres Liptovský Mikuláš","Liptovský Peter","Liptovský Peter"
JuZGQrt1Ff6m,"ground floor",1,1,NULL,2025,"not available",NULL,NULL,NULL,NULL,sale,"2-room apartment",55,"fully renovated","okres Liptovský Mikuláš","Liptovský Mikuláš",Iľanovo
Juwy9k5pZPS,"upper floor",2,4,NULL,NULL,B,NULL,NULL,NULL,NULL,sale,"holiday apartment",22,"new construction","okres Martin",Valča,Valča
Jux-AEYjDab,NULL,NULL,NULL,NULL,NULL,NULL,NULL,NULL,NULL,NULL,sale,"2-room apartment",52,"fully renovated","okres Žilina",Žilina,Solinky
JuuQ3yxLaqS,"ground floor",1,4,yes,2024,"not available",NULL,NULL,NULL,NULL,sale,"2-room apartment",66,"new construction","okres Ružomberok","Liptovská Teplá","Liptovská Teplá"
JuXUHfW6DDJ,"upper floor",7,10,yes,1900,"not available",NULL,NULL,NULL,NULL,sale,"2-room apartment",50,"partially renovated","okres Liptovský Mikuláš","Liptovský Hrádok",Prekážka
Jup1HeEGFtW,"upper floor",2,5,yes,2025,A,yes,NULL,NULL,NULL,sale,"1-room apartment",39,"new construction","okres Žilina",Žilina,Hájik
JuCX2-0gKW3,"top floor",2,2,NULL,2020,"not available",NULL,NULL,NULL,NULL,sale,"4-room apartment",118,"fully renovated","okres Liptovský Mikuláš","Liptovský Mikuláš",Demänová
Ju1sYuOumZf,NULL,NULL,NULL,NULL,NULL,NULL,NULL,NULL,NULL,NULL,rent,"3-room apartment",NULL,"fully renovated","okres Ružomberok",Ružomberok,Klačno
JuAtADtbyIN,"upper floor",NULL,NULL,NULL,2025,NULL,NULL,NULL,NULL,NULL,sale,"3-room apartment",78,"new construction","okres Žilina",Žilina,Budatín
JupXiFdQKs1,NULL,NULL,NULL,NULL,NULL,NULL,NULL,NULL,NULL,NULL,rent,"3-room apartment",70,"partially renovated","okres Žilina",Žilina,Solinky
Jux885vgQgO,"ground floor",1,2,NULL,2024,A,NULL,NULL,NULL,NULL,sale,"holiday apartment",44,"new construction","okres Liptovský Mikuláš","Liptovský Trnovec","Liptovský Trnovec"
JuIZkq9C4-v,"upper floor",2,7,yes,2024,A,NULL,yes,yes,yes,sale,"2-room apartment",71,"under construction","okres Martin",Martin,Jahodníky
Jus-du7SK4F,"ground floor",1,3,NULL,2025,NULL,NULL,NULL,NULL,NULL,sale,"3-room apartment",67,"new construction","okres Žilina",Žilina,Bytčica
JuqmAmZk9jG,NULL,NULL,NULL,NULL,2025,"not available",NULL,NULL,NULL,NULL,sale,"1-room apartment",37,unrenovated,"okres Žilina",Žilina,Vlčince
JuJF4572cY0,"top floor",5,5,NULL,1962,"not available",NULL,NULL,NULL,yes,sale,"2-room apartment",56,"fully renovated","okres Martin",Martin,Sever
JufKPFE3Y2M,"top floor",3,3,NULL,2001,"not available",NULL,NULL,NULL,NULL,sale,"2-room apartment",49,unrenovated,"okres Ružomberok","Liptovská Lúžna","Liptovská Lúžna"
JuQPXllO6ks,"upper floor",2,5,yes,2025,A,NULL,NULL,yes,NULL,sale,"2-room apartment",47,"new construction","okres Žilina",Žilina,Hájik
JuFnOWI1i1c,"ground floor",NULL,NULL,NULL,1980,"not available",NULL,NULL,NULL,NULL,sale,"3-room apartment",500,"partially renovated","okres Turčianske Teplice",Jazernica,Jazernica
JufGDO__GbO,"ground floor",2,7,yes,2022,A,NULL,NULL,NULL,NULL,sale,"4-room apartment",128,"new construction","okres Žilina",Žilina,"Staré mesto"
Jut7GOvY7Cs,"top floor",4,4,NULL,2024,"in preparation",NULL,NULL,NULL,NULL,rent,"3-room apartment",118,"new construction","okres Námestovo","Oravské Veselé","Oravské Veselé"
JuUusk-Q8GE,"top floor",3,3,NULL,2025,NULL,NULL,NULL,NULL,NULL,sale,"2-room apartment",43,"new construction","okres Žilina",Žilina,Bytčica
JuucDO18CeY,NULL,NULL,NULL,NULL,NULL,NULL,NULL,NULL,NULL,NULL,rent,"3-room apartment",NULL,"fully renovated","okres Žilina",Žilina,Bôrik
JuBD3ecZzdA,"upper floor",3,7,NULL,NULL,B,NULL,NULL,NULL,NULL,sale,"2-room apartment",48,"new construction","okres Žilina",Žilina,Závodie
Juga_SyTI4R,"upper floor",2,2,NULL,2020,A,NULL,NULL,NULL,NULL,sale,"2-room apartment",35,"new construction","okres Liptovský Mikuláš","Liptovský Mikuláš","Liptovská Mara - Tatralandia"
Ju7kGUvVlwS,"upper floor",2,3,NULL,1969,"not available",NULL,NULL,yes,yes,sale,"3-room apartment",80,unrenovated,"okres Liptovský Mikuláš","Partizánska Ľupča","Partizánska Ľupča"
JuCKdo4C-vu,"upper floor",3,8,NULL,2025,A,yes,yes,yes,yes,sale,"3-room apartment",88,"new construction","okres Žilina",Žilina,Vlčince
JuD_7kPVbjf,"upper floor",3,4,NULL,1980,"not available",NULL,NULL,NULL,NULL,sale,"3-room apartment",74,"partially renovated","okres Žilina",Žilina,"Staré mesto"
JuxM7Oxk3ZF,NULL,NULL,NULL,NULL,2024,"not available",NULL,NULL,NULL,NULL,sale,"3-room apartment",33,"new construction","okres Ružomberok","Liptovská Teplá","Liptovská Teplá"
JujtAMfUep-,NULL,NULL,NULL,NULL,NULL,NULL,NULL,NULL,NULL,NULL,sale,"4-room apartment",93,"fully renovated","okres Martin",Martin,Stred
JubYzTZOLz1,NULL,NULL,NULL,NULL,2024,"not available",NULL,NULL,NULL,NULL,sale,"3-room apartment",90,"new construction","okres Žilina","Rajecké Teplice","Rajecké Teplice"
JuhBW328SAS,NULL,NULL,NULL,NULL,NULL,NULL,NULL,NULL,NULL,NULL,sale,"3-room apartment",67,"fully renovated","okres Martin",Vrútky,"Horné Vrútky"
JuOr71wM3AE,"ground floor",NULL,NULL,NULL,2010,NULL,NULL,NULL,NULL,NULL,sale,"2-room apartment",60,"fully renovated","okres Martin",Vrútky,"Horné Vrútky"
Juiqajk1kjr,NULL,NULL,NULL,NULL,NULL,A,NULL,NULL,NULL,NULL,sale,"2-room apartment",43,"new construction","okres Liptovský Mikuláš","Malé Borové","Malé Borové"
Ju_N2iy5JWS,"raised ground floor",1,1,NULL,2022,"not available",NULL,NULL,NULL,NULL,rent,"studio apartment",18,"fully renovated","okres Martin",Necpaly,Necpaly
JuYWFp89fWK,"upper floor",4,8,NULL,1973,"not available",yes,NULL,NULL,NULL,sale,"3-room apartment",68,"partially renovated","okres Martin",Martin,Sever
JuVCZnRxN5m,attic,2,3,NULL,2023,A,NULL,NULL,NULL,NULL,sale,"4-room apartment",121,"new construction","okres Liptovský Mikuláš","Liptovský Hrádok",Celiny
JukxcpBCVX8,NULL,NULL,NULL,NULL,NULL,NULL,NULL,NULL,NULL,NULL,rent,"1-room apartment",29,"new construction","okres Žilina",Žilina,Vlčince
Ju-cA70OjPb,NULL,NULL,NULL,NULL,1980,"not available",NULL,NULL,NULL,NULL,sale,"2-room apartment",35,"new construction","okres Liptovský Mikuláš","Liptovský Ján","Liptovský Ján"
Junbds6mBD4,"upper floor",3,7,yes,NULL,A,NULL,yes,yes,NULL,sale,"3-room apartment",97,"under construction","okres Martin",Martin,Jahodníky
JuIhf4tExMf,"upper floor",6,8,NULL,1976,"not available",yes,NULL,NULL,NULL,sale,"3-room apartment",69,"partially renovated","okres Martin",Vrútky,"Horné Vrútky"
JuupBH8LvJz,"top floor",NULL,NULL,NULL,2023,A,yes,NULL,NULL,yes,sale,"2-room apartment",53,"new construction","okres Liptovský Mikuláš","Liptovský Mikuláš",Demänová
JuuqMAsXTsE,"top floor",3,3,NULL,2025,A,NULL,NULL,NULL,NULL,sale,"2-room apartment",46,"under construction","okres Martin",Sučany,Sučany
JuqDuiRmYdZ,NULL,NULL,NULL,NULL,NULL,NULL,NULL,NULL,NULL,NULL,sale,"1-room apartment",37,unrenovated,"okres Žilina",Žilina,Vlčince
Ju-fM3SCXjma,"upper floor",2,4,NULL,2025,A,NULL,NULL,NULL,NULL,sale,"3-room apartment",91,"new construction","okres Liptovský Mikuláš","Liptovský Mikuláš","Staré mesto"
JuRhJZ24FBr,NULL,NULL,NULL,NULL,NULL,NULL,NULL,NULL,NULL,NULL,sale,"3-room apartment",78,"partially renovated","okres Ružomberok",Ľubochňa,Ľubochňa
JuH66opZMTi,NULL,NULL,NULL,NULL,1980,"not available",NULL,NULL,NULL,NULL,sale,"3-room apartment",65,"partially renovated","okres Martin",Martin,Sever
Jujvvp196-y,NULL,NULL,NULL,NULL,1980,"not available",NULL,NULL,NULL,NULL,sale,"2-room apartment",52,"partially renovated","okres Žilina",Žilina,"Staré mesto"
JurBk73cOr3,"upper floor",6,7,yes,2023,A,NULL,yes,NULL,yes,sale,"holiday apartment",150,"new construction","okres Liptovský Mikuláš","Demänovská Dolina","Demänovská Dolina"
Ju42s8vNbRj,"top floor",7,7,yes,NULL,"not available",NULL,NULL,yes,NULL,sale,"2-room apartment",62,"partially renovated","okres Martin",Vrútky,NULL
JuyD0Z9BTN-,"upper floor",2,6,NULL,2025,A,NULL,NULL,NULL,yes,rent,"2-room apartment",62,"fully renovated","okres Bytča",Bytča,"Veľká Bytča"
Ju9LPOOoAn-,"upper floor",3,5,NULL,2012,"not available",yes,NULL,NULL,yes,rent,"3-room apartment",92,"fully renovated","okres Martin",Martin,Stred
Ju1uEl1Mf6f,"upper floor",5,NULL,NULL,NULL,NULL,NULL,NULL,NULL,NULL,sale,"holiday apartment",37,unrenovated,"okres Ružomberok",Ružomberok,Hrabovo
Juq3cdm2VSm,"upper floor",4,6,NULL,2025,A,yes,NULL,NULL,NULL,rent,"2-room apartment",51,"fully renovated","okres Bytča",Bytča,"Veľká Bytča"
JuoeNbuLPVP,attic,NULL,NULL,NULL,NULL,NULL,NULL,NULL,NULL,NULL,sale,"holiday apartment",94,"new construction","okres Liptovský Mikuláš","Liptovský Mikuláš","Staré mesto"
Ju7EPTNZ0Hy,"ground floor",1,5,NULL,1985,"not available",NULL,NULL,yes,yes,sale,"3-room apartment",70,"partially renovated","okres Martin",Turany,Turany
JuR8QLXp0Yx,NULL,NULL,NULL,NULL,NULL,"not available",NULL,NULL,NULL,NULL,sale,"3-room apartment",72,"partially renovated","okres Ružomberok",Ružomberok,Roveň
Ju_cu57wiSa,NULL,NULL,NULL,NULL,1980,"not available",NULL,NULL,NULL,NULL,sale,"1-room apartment",35,unrenovated,"okres Martin",Martin,Priekopa
JuQKd8tqljP,"upper floor",4,8,yes,1985,NULL,NULL,NULL,NULL,yes,sale,"3-room apartment",80,unrenovated,"okres Martin",Martin,Záturčie
Jum7aZZZlIy,"upper floor",2,NULL,yes,NULL,NULL,NULL,NULL,NULL,NULL,rent,"1-room apartment",27,"fully renovated","okres Martin",Martin,Košúty
JujQYigyRBf,"upper floor",3,8,NULL,2025,D,yes,NULL,NULL,NULL,rent,"2-room apartment",63,"partially renovated","okres Martin",Martin,Sever
Ju6nNzmPk_9,"top floor",6,6,yes,2025,"not available",NULL,NULL,NULL,yes,rent,"2-room apartment",53,"fully renovated","okres Bytča",Bytča,"Veľká Bytča"
JuVihEbzRbP,NULL,NULL,NULL,NULL,NULL,NULL,NULL,NULL,NULL,NULL,sale,"holiday apartment",66,"new construction","okres Ružomberok",Ružomberok,Hrabovo
Ju6oJmE8oWf,NULL,NULL,NULL,NULL,NULL,NULL,NULL,NULL,NULL,NULL,rent,"2-room apartment",56,"new construction","okres Čadca",Čadca,Centrum
JuKUZKmUiwu,"top floor",3,3,NULL,2025,A,NULL,NULL,NULL,NULL,sale,"4-room apartment",86,"under construction","okres Martin",Sučany,Sučany
JunzJsFHg6A,"top floor",3,3,NULL,NULL,NULL,NULL,NULL,NULL,NULL,sale,"4-room apartment",147,unrenovated,"okres Čadca",Čadca,Centrum
JuyxsUVgHii,"upper floor",2,7,NULL,1980,"not available",NULL,NULL,NULL,NULL,sale,"4-room apartment",89,"fully renovated","okres Dolný Kubín","Dolný Kubín",Brezovec
JuLIL3RkWDn,"upper floor",3,7,NULL,1975,C,NULL,NULL,NULL,NULL,sale,"3-room apartment",90,"fully renovated","okres Martin",Martin,Priekopa
JuUPsPRqomX,NULL,NULL,NULL,NULL,NULL,NULL,NULL,NULL,NULL,NULL,sale,"1-room apartment",39,unrenovated,"okres Námestovo",Námestovo,Brehy
JuXmK-edCSR,"upper floor",3,6,NULL,2025,A,yes,NULL,yes,NULL,rent,"3-room apartment",74,"fully renovated","okres Bytča",Bytča,"Veľká Bytča"
JuURItmx0gz,"top floor",3,3,NULL,2024,A,NULL,NULL,NULL,NULL,rent,"2-room apartment",52,"new construction","okres Žilina",Terchová,Terchová
Ju3ft9crnfA,NULL,NULL,NULL,NULL,1980,"not available",NULL,NULL,NULL,NULL,sale,"3-room apartment",78,"fully renovated","okres Dolný Kubín","Dolný Kubín","Veľký Bysterec"
JuUveEvLKHX,"upper floor",4,8,yes,NULL,NULL,NULL,NULL,NULL,NULL,sale,"studio apartment",20,"partially renovated","okres Martin",Vrútky,NULL
JuBNi2HSNwg,"top floor",2,2,NULL,NULL,NULL,NULL,NULL,NULL,NULL,rent,"3-room apartment",90,"fully renovated","okres Martin",Martin,Ľadoveň
Ju9HXOkK5Vc,"ground floor",1,4,yes,2022,"not available",NULL,NULL,NULL,NULL,sale,"2-room apartment",67,"new construction","okres Čadca","Krásno nad Kysucou",Kalinov
JuWN3KhPvB7,"upper floor",3,4,NULL,1985,"not available",NULL,NULL,NULL,NULL,sale,"2-room apartment",60,"partially renovated","okres Čadca",Čadca,Centrum
JuJGytVBKhB,"ground floor",1,1,NULL,1956,"not available",yes,NULL,yes,NULL,rent,"2-room apartment",57,"fully renovated","okres Martin",Martin,Podháj
JunoLrzCTv8,NULL,NULL,NULL,NULL,NULL,"not available",NULL,NULL,NULL,NULL,sale,"3-room apartment",85,"fully renovated","okres Čadca",Raková,Raková
JuxK_a_NiWB,"upper floor",6,10,NULL,1970,B,yes,NULL,NULL,NULL,sale,"2-room apartment",69,"fully renovated","okres Ružomberok",Ružomberok,Roveň
JuvOboUvobu,NULL,NULL,NULL,NULL,NULL,A,NULL,NULL,NULL,NULL,sale,"3-room apartment",56,"new construction","okres Liptovský Mikuláš","Malé Borové","Malé Borové"
Ju5YBv9ykGI,"ground floor",2,6,yes,2025,A,NULL,yes,NULL,yes,sale,"4-room apartment",87,"under construction","okres Kysucké Nové Mesto","Kysucké Nové Mesto",Kamence
JuUwCeqXqPl,"upper floor",3,4,yes,2025,A,NULL,NULL,NULL,NULL,sale,"3-room apartment",74,"new construction","okres Martin",Martin,Jahodníky
JuaIL0ybcDR,"upper floor",4,6,yes,1934,"not available",yes,NULL,yes,NULL,rent,"3-room apartment",81,"fully renovated","okres Žilina",Žilina,"Staré mesto"
JuHMn6qkBSk,"ground floor",1,2,NULL,NULL,A,NULL,NULL,NULL,NULL,sale,"holiday apartment",93,"new construction","okres Liptovský Mikuláš","Demänovská Dolina","Demänovská Dolina"
JubGyQoKm-F,NULL,NULL,NULL,NULL,NULL,NULL,NULL,NULL,NULL,NULL,rent,"2-room apartment",55,"partially renovated","okres Kysucké Nové Mesto","Kysucké Nové Mesto",Nábrežie
JuZFqxjae7G,basement,0,2,NULL,2021,A,yes,NULL,yes,NULL,sale,"holiday apartment",37,"new construction","okres Liptovský Mikuláš","Liptovský Mikuláš",Demänová
JueQ0ot5J2r,"upper floor",2,3,NULL,1975,B,NULL,NULL,NULL,NULL,sale,"3-room apartment",71,"partially renovated","okres Čadca",Čadca,Žarec
Ju-sWIMoFGT,NULL,NULL,NULL,NULL,NULL,NULL,NULL,NULL,NULL,NULL,sale,"1-room apartment",NULL,unrenovated,"okres Námestovo",Námestovo,Stred
JuMlNRioczT,attic,6,NULL,yes,NULL,"not available",NULL,NULL,NULL,NULL,rent,"3-room apartment",212,"partially renovated","okres Liptovský Mikuláš","Liptovský Mikuláš","Staré mesto"
Ju7yQFu2G0Z,"upper floor",NULL,NULL,NULL,NULL,NULL,NULL,NULL,NULL,NULL,sale,"3-room apartment",67,"fully renovated","okres Martin",Vrútky,"Horné Vrútky"
JudVZxPODEn,"upper floor",2,8,NULL,1995,NULL,NULL,NULL,NULL,NULL,sale,"3-room apartment",70,"fully renovated","okres Žilina",Žilina,Solinky
JuNPxF24aaA,"upper floor",4,8,NULL,1995,C,NULL,NULL,NULL,NULL,sale,"4-room apartment",90,"fully renovated","okres Žilina",Žilina,Vlčince
Juy6Dr8MOeS,NULL,NULL,NULL,NULL,NULL,NULL,NULL,NULL,NULL,NULL,sale,"4-room apartment",106,"fully renovated","okres Žilina",Žilina,Vlčince
Ju4RLACJEuN,NULL,NULL,NULL,NULL,NULL,"not available",NULL,NULL,NULL,NULL,sale,"4-room apartment",156,"fully renovated","okres Žilina",Žilina,Bôrik
JuIQ6bOnZsGz,"top floor",2,2,NULL,NULL,NULL,NULL,NULL,NULL,NULL,sale,"3-room apartment",121,"fully renovated","okres Žilina",Žilina,"Staré mesto"
JuIZo2BnWQa,"upper floor",2,3,yes,NULL,A,NULL,NULL,NULL,NULL,sale,"holiday apartment",40,"new construction","okres Liptovský Mikuláš","Demänovská Dolina","Demänovská Dolina"
JusjmbO9Bnp,"ground floor",1,2,NULL,2018,"not available",NULL,NULL,NULL,NULL,sale,"2-room apartment",52,"new construction","okres Žilina",Gbeľany,Gbeľany
Ju3_oCKPJ8H,"upper floor",4,5,yes,1988,"in preparation",NULL,NULL,yes,yes,sale,"3-room apartment",67,"partially renovated","okres Liptovský Mikuláš","Liptovský Peter","Liptovský Peter"
JuKy-dL9Ryo,"top floor",5,5,yes,2025,C,NULL,NULL,NULL,NULL,rent,"2-room apartment",62,"new construction","okres Žilina",Žilina,Vlčince
JuR0t0CZHt8,"upper floor",3,5,NULL,2010,A,NULL,NULL,NULL,NULL,rent,"2-room apartment",66,"partially renovated","okres Liptovský Mikuláš","Liptovský Mikuláš","Staré mesto"
JuhcvPxM513,NULL,NULL,NULL,NULL,1980,"not available",NULL,NULL,NULL,NULL,sale,"4-room apartment",78,"fully renovated","okres Námestovo",Námestovo,NULL
JunH7oZsc9z,"upper floor",3,8,NULL,2024,A,NULL,NULL,NULL,NULL,sale,"1-room apartment",47,"new construction","okres Žilina",Žilina,Vlčince
JuyBFHxJEo2F,"upper floor",NULL,NULL,NULL,1975,NULL,NULL,NULL,NULL,NULL,rent,"2-room apartment",36,"partially renovated","okres Čadca",Čadca,Centrum
JuUknu_3A4k,NULL,NULL,NULL,NULL,NULL,NULL,NULL,NULL,NULL,NULL,sale,"2-room apartment",54,"partially renovated","okres Žilina",Žilina,"Staré mesto"
Ju7faBpvibU,"upper floor",NULL,NULL,NULL,NULL,NULL,NULL,NULL,NULL,NULL,sale,"3-room apartment",61,"fully renovated","okres Martin",Martin,Záturčie
JuUS8gVE7MB,"raised ground floor",1,6,NULL,1988,"not available",NULL,NULL,NULL,NULL,sale,"2-room apartment",67,"partially renovated","okres Čadca",Čadca,Žarec
JuS8GjjsXwr,"raised ground floor",2,4,NULL,2020,"not available",NULL,NULL,NULL,NULL,sale,"holiday apartment",23,"fully renovated","okres Martin",Valča,Valča
JuLlR3SdY11,"raised ground floor",1,2,NULL,2001,"not available",NULL,NULL,NULL,NULL,sale,"2-room apartment",49,unrenovated,"okres Ružomberok","Liptovská Lúžna","Liptovská Lúžna"
Ju3xvc6aD2Y,"ground floor",1,NULL,yes,NULL,A,NULL,NULL,NULL,NULL,sale,"holiday apartment",32,"new construction","okres Liptovský Mikuláš","Liptovský Ján","Liptovský Ján"
Jus0-bkZHge,NULL,NULL,NULL,NULL,NULL,NULL,NULL,NULL,NULL,yes,rent,"3-room apartment",68,"partially renovated","okres Martin",Martin,Ľadoveň
Jul8pXByFOl,NULL,NULL,NULL,NULL,NULL,NULL,NULL,NULL,NULL,NULL,sale,"3-room apartment",92,"new construction","okres Žilina",Žilina,Vlčince
JuEK28Decyb,"ground floor",1,4,yes,2025,"in preparation",NULL,yes,NULL,yes,sale,"2-room apartment",44,"new construction","okres Žilina",Žilina,"Staré mesto"
JujBEFh3fPq,"upper floor",2,7,NULL,1985,"not available",NULL,NULL,yes,yes,sale,"3-room apartment",70,unrenovated,"okres Martin",Martin,Priekopa
Jubh8FOR_C9,NULL,NULL,NULL,NULL,NULL,NULL,NULL,NULL,NULL,NULL,rent,"studio apartment",22,"fully renovated","okres Martin",Martin,Sever
Jultmw18Gne,NULL,NULL,NULL,NULL,NULL,NULL,NULL,NULL,NULL,NULL,sale,"holiday apartment",97,"new construction","okres Liptovský Mikuláš","Demänovská Dolina","Demänovská Dolina"
JuDmcjiRx8S,"top floor",7,7,yes,1983,"not available",yes,NULL,NULL,NULL,sale,"4-room apartment",84,"partially renovated","okres Žilina",Žilina,Solinky
Junnm3hR6W5,"upper floor",2,NULL,yes,2025,"not available",NULL,NULL,NULL,NULL,sale,"2-room apartment",71,"partially renovated","okres Martin",Martin,Priekopa
JurzQ4OXOH_,"upper floor",2,4,yes,2018,A,NULL,NULL,yes,NULL,rent,"studio apartment",30,"new construction","okres Žilina",Žilina,Hliny
Ju88ayVM-YP5,"upper floor",2,2,NULL,1997,"not available",NULL,NULL,NULL,NULL,rent,"4-room apartment",161,unrenovated,"okres Turčianske Teplice","Turčianske Teplice",Diviaky
Jui1Zkf_kg-,"ground floor",NULL,NULL,NULL,1980,"not available",NULL,yes,NULL,yes,sale,"1-room apartment",35,"fully renovated","okres Čadca",Čadca,Centrum
Jun79Tn_Ep0,"upper floor",7,12,yes,1982,"not available",NULL,NULL,NULL,NULL,sale,"3-room apartment",67,"fully renovated","okres Žilina",Žilina,Vlčince
JuR1WqY3g_N,"upper floor",4,5,yes,1968,B,NULL,yes,yes,NULL,sale,"2-room apartment",55,"fully renovated","okres Žilina",Žilina,Hliny
JuITWn48g9Q,NULL,NULL,NULL,NULL,NULL,NULL,NULL,NULL,NULL,NULL,sale,"1-room apartment",28,"new construction","okres Martin","Turčianska Štiavnička","Turčianska Štiavnička"
JuiQqoYVioM,"upper floor",2,2,NULL,2024,A,NULL,NULL,NULL,yes,sale,"2-room apartment",50,"under construction","okres Liptovský Mikuláš",Ľubeľa,Ľubeľa
JuE40RXyw1_,"top floor",4,4,NULL,2018,A,NULL,NULL,NULL,NULL,sale,"2-room apartment",50,"new construction","okres Žilina",Žilina,Hájik
JuvTw1ebtHj,"upper floor",2,6,yes,2025,A,NULL,yes,NULL,yes,sale,"2-room apartment",54,"under construction","okres Kysucké Nové Mesto","Kysucké Nové Mesto",Kamence
Ju27eP_ig4Z,"upper floor",3,6,yes,2022,"not available",NULL,NULL,yes,NULL,rent,"2-room apartment",51,"new construction","okres Žilina",Žilina,Hliny
JuwdgQhbLJx,"top floor",8,8,NULL,1975,NULL,yes,NULL,NULL,yes,sale,"3-room apartment",73,"partially renovated","okres Martin",Martin,Košúty
JuYwrDdapt0,"upper floor",3,6,NULL,1982,C,NULL,NULL,NULL,NULL,sale,"3-room apartment",68,unrenovated,"okres Čadca",Čadca,"U Hluška"
JuQhVUDoHMr,"upper floor",2,4,NULL,1980,"not available",NULL,NULL,NULL,NULL,sale,"2-room apartment",58,"fully renovated","okres Martin",Martin,Sever
JuzIKTQ0UvK,"upper floor",7,8,yes,1975,B,NULL,NULL,NULL,NULL,sale,"4-room apartment",84,"partially renovated","okres Liptovský Mikuláš","Liptovský Hrádok",Belánska
JuTnsSFnlFI,"raised ground floor",NULL,NULL,NULL,1980,NULL,NULL,NULL,NULL,NULL,sale,"3-room apartment",58,"fully renovated","okres Martin",Martin,Sever
JuY5BHrBXS_,"upper floor",7,8,yes,1966,"not available",NULL,NULL,NULL,yes,rent,"4-room apartment",86,"fully renovated","okres Martin",Martin,Košúty
JuDGw-se-Mg,"ground floor",1,3,NULL,2010,"not available",NULL,NULL,NULL,NULL,rent,"1-room apartment",38,"new construction","okres Kysucké Nové Mesto","Kysucké Nové Mesto",Sídlisko
JuOMOLcEq4z,"top floor",7,7,NULL,1990,"not available",NULL,NULL,NULL,NULL,sale,"3-room apartment",68,"partially renovated","okres Čadca",Čadca,Kyčerka
JuQ4Jf_xqij,NULL,NULL,NULL,NULL,NULL,NULL,NULL,NULL,NULL,NULL,rent,"2-room apartment",70,"fully renovated","okres Kysucké Nové Mesto","Kysucké Nové Mesto",Sídlisko
Ju8GQ26KaaT,"upper floor",2,4,yes,2025,"in preparation",NULL,NULL,NULL,NULL,sale,"2-room apartment",50,"under construction","okres Ružomberok",Ružomberok,Roveň
JuCMZI1bT6r,NULL,NULL,NULL,NULL,NULL,A,NULL,NULL,NULL,NULL,sale,"3-room apartment",65,unrenovated,"okres Martin",Martin,NULL
Ju9csMkjbyN,"upper floor",NULL,NULL,NULL,1958,NULL,NULL,NULL,NULL,NULL,rent,"3-room apartment",71,"partially renovated","okres Martin",Martin,Ľadoveň
JuXGzvpMBBm,"upper floor",4,8,yes,1900,"not available",NULL,yes,NULL,yes,sale,"2-room apartment",60,"partially renovated","okres Liptovský Mikuláš","Liptovský Mikuláš","Vrbica - Nábrežie"
Ju52lG6Waej,"upper floor",3,5,yes,2009,"not available",NULL,NULL,NULL,NULL,sale,"studio apartment",25,"new construction","okres Žilina",Žilina,Vlčince
JuTQd4u0n33,"top floor",2,2,NULL,2015,"not available",NULL,NULL,NULL,NULL,sale,"2-room apartment",51,"fully renovated","okres Liptovský Mikuláš","Liptovský Mikuláš",Demänová
JuwMlHIuC26,NULL,NULL,NULL,NULL,NULL,NULL,NULL,NULL,NULL,NULL,rent,"2-room apartment",31,"new construction","okres Martin","Turčianska Štiavnička","Turčianska Štiavnička"
Juuarx0CWmR,"upper floor",2,3,yes,2024,NULL,NULL,NULL,NULL,NULL,sale,"2-room apartment",47,"new construction","okres Turčianske Teplice","Turčianske Teplice",Stred
Juh7IlKkDn_,NULL,NULL,NULL,NULL,NULL,"not available",NULL,NULL,NULL,NULL,sale,"4-room apartment",105,"partially renovated","okres Liptovský Mikuláš","Liptovský Hrádok",Belánska
JuN8mAtD42x,"ground floor",1,2,NULL,1980,"not available",NULL,NULL,NULL,NULL,rent,"3-room apartment",60,"fully renovated","okres Čadca",Klubina,Klubina
JujdOeJ69tb,"top floor",4,NULL,NULL,NULL,NULL,NULL,NULL,NULL,NULL,sale,"3-room apartment",76,unrenovated,"okres Martin",Martin,Jahodníky
Jun8HaIrjPB,"ground floor",1,8,yes,1955,"not available",NULL,NULL,NULL,NULL,rent,"3-room apartment",72,"fully renovated","okres Dolný Kubín","Dolný Kubín","Veľký Bysterec"
JuuKYbAy2In,"ground floor",1,12,yes,1980,NULL,NULL,NULL,NULL,NULL,sale,"3-room apartment",74,"partially renovated","okres Martin",Martin,Ľadoveň
JuZ6EDDylkC,NULL,NULL,NULL,NULL,NULL,NULL,NULL,NULL,NULL,NULL,rent,"3-room apartment",85,"fully renovated","okres Žilina",Žilina,"Staré mesto"
JuuQTLwI4_c,"upper floor",3,4,yes,2025,"in preparation",yes,NULL,yes,NULL,sale,"1-room apartment",37,"new construction","okres Žilina",Žilina,"Staré mesto"
JuKXwWNmxYg,"upper floor",4,6,NULL,2005,"not available",NULL,NULL,NULL,NULL,sale,"2-room apartment",62,"fully renovated","okres Žilina",Žilina,Hájik
JutKizwTOP3,"ground floor",1,3,NULL,1932,"not available",NULL,NULL,NULL,NULL,sale,"3-room apartment",86,"fully renovated","okres Žilina",Žilina,"Staré mesto"
Juki5wHUVn2,"ground floor",NULL,NULL,NULL,2024,NULL,NULL,NULL,NULL,NULL,sale,"4-room apartment",76,"new construction","okres Liptovský Mikuláš","Liptovský Mikuláš","Liptovská Ondrašová"
Ju_PmXVPtoo,"upper floor",3,4,NULL,1977,"not available",NULL,NULL,NULL,NULL,sale,"2-room apartment",55,unrenovated,"okres Žilina",Žilina,Hliny
JuaWfCrgS3s,"upper floor",5,6,yes,2025,A,NULL,NULL,NULL,NULL,sale,"4-room apartment",101,"under construction","okres Kysucké Nové Mesto","Kysucké Nové Mesto",Kamence
Ju1cdYuex4G,"ground floor",1,2,NULL,2025,"not available",NULL,NULL,NULL,NULL,sale,"3-room apartment",79,"new construction","okres Dolný Kubín","Dolný Kubín",Stred
Ju6cRlkmMC_,"ground floor",1,3,NULL,NULL,NULL,NULL,NULL,NULL,NULL,rent,"1-room apartment",28,"fully renovated","okres Dolný Kubín",Istebné,Istebné
JuFBiuRLpoy,NULL,NULL,NULL,NULL,NULL,"not available",NULL,NULL,NULL,NULL,rent,"2-room apartment",55,"new construction","okres Liptovský Mikuláš","Liptovský Mikuláš","Vrbica - Nábrežie"
JuJEoP397IJ,"ground floor",1,4,yes,2024,"not available",NULL,NULL,NULL,NULL,sale,"3-room apartment",73,"new construction","okres Ružomberok","Liptovská Teplá","Liptovská Teplá"
JuCISBa6iwp,"upper floor",8,11,NULL,1975,B,yes,NULL,NULL,NULL,sale,"2-room apartment",68,unrenovated,"okres Ružomberok",Ružomberok,Roveň
JuQZcPPu9nd,"upper floor",5,NULL,NULL,2025,"not available",NULL,NULL,NULL,NULL,sale,maisonette,175,"new construction","okres Žilina",Žilina,"Staré mesto"
JuYHImgOHO_,"upper floor",4,4,yes,2027,A,NULL,NULL,NULL,NULL,sale,"3-room apartment",105,"under construction","okres Liptovský Mikuláš","Liptovský Mikuláš","Staré mesto"
JuIgM2fUqeh,"top floor",3,3,NULL,1970,"not available",NULL,NULL,yes,yes,rent,"2-room apartment",54,"fully renovated","okres Martin",Martin,Podháj
JuQydtvhuaC,NULL,NULL,NULL,NULL,1980,"not available",NULL,NULL,NULL,NULL,sale,"3-room apartment",70,"fully renovated","okres Tvrdošín",Tvrdošín,Medvedzie
Ju6JFF73eZc,"top floor",7,7,yes,1983,"not available",yes,NULL,NULL,NULL,sale,"4-room apartment",84,"partially renovated","okres Žilina",Žilina,Hliny
JupURRP8axF,"top floor",5,5,yes,2024,NULL,NULL,NULL,NULL,NULL,sale,"4-room apartment",105,"new construction","okres Žilina",Žilina,"Staré mesto"
Ju5Pax6FaXd,NULL,NULL,NULL,NULL,1980,"not available",NULL,NULL,NULL,NULL,sale,"2-room apartment",65,unrenovated,"okres Žilina",Žilina,Hliny
Juh13qbi4yL,"raised ground floor",2,5,yes,2025,A,NULL,NULL,NULL,NULL,sale,"2-room apartment",63,"new construction","okres Žilina",Žilina,Hájik
JurbbuyjxWx,"upper floor",3,5,NULL,2009,"not available",NULL,NULL,NULL,NULL,rent,"3-room apartment",132,"new construction","okres Žilina",Žilina,"Staré mesto"
JuPkeS3sVco,NULL,NULL,NULL,NULL,NULL,"not available",NULL,NULL,NULL,NULL,sale,"2-room apartment",56,"fully renovated","okres Liptovský Mikuláš","Liptovský Mikuláš","Staré mesto"
JuqmZcqjzL5,"upper floor",4,5,NULL,2026,"not available",NULL,NULL,NULL,NULL,sale,"2-room apartment",45,"development project","okres Žilina",Žilina,"Staré mesto"
JuRJMz106O3,attic,3,3,yes,2023,A,NULL,NULL,NULL,NULL,sale,"holiday apartment",37,"under construction","okres Liptovský Mikuláš","Liptovský Mikuláš","Liptovská Mara - Tatralandia"
Junr7vOGfgp,"ground floor",1,1,NULL,2024,"not available",NULL,NULL,NULL,NULL,sale,"holiday apartment",46,"new construction","okres Ružomberok",Bešeňová,Bešeňová
JuhrMWK4tz6,"upper floor",3,5,NULL,NULL,NULL,NULL,NULL,NULL,NULL,sale,"3-room apartment",120,"fully renovated","okres Liptovský Mikuláš","Liptovský Mikuláš","Staré mesto"
Jug-_AT8Wmt,"upper floor",8,8,NULL,1989,"not available",NULL,NULL,NULL,NULL,sale,"3-room apartment",72,"partially renovated","okres Kysucké Nové Mesto","Kysucké Nové Mesto",Kamence
JuT4OhvaBo8,NULL,NULL,NULL,NULL,NULL,NULL,NULL,NULL,NULL,NULL,sale,"4-room apartment",140,"new construction","okres Žilina",Žilina,"Staré mesto"
JuXxgiFzaw2,"ground floor",1,4,yes,2023,B,NULL,NULL,NULL,NULL,sale,"holiday apartment",36,"development project","okres Žilina",Terchová,Terchová
Juta8FGg1ms,NULL,NULL,NULL,NULL,2025,NULL,NULL,NULL,NULL,NULL,sale,"4-room apartment",130,"new construction","okres Žilina","Rajecké Teplice","Rajecké Teplice"
JutRcPoSw48,"upper floor",3,7,NULL,1980,"not available",yes,yes,yes,yes,sale,"3-room apartment",76,"partially renovated","okres Žilina",Žilina,Vlčince
JunhLdbpvMU,"upper floor",2,4,yes,2025,A,NULL,NULL,NULL,NULL,sale,"3-room apartment",74,"new construction","okres Martin",Martin,Stred
JuAo_CCFbGo,"upper floor",5,8,NULL,2018,A,NULL,NULL,NULL,yes,sale,"1-room apartment",38,"new construction","okres Martin",Martin,Priekopa
JuIcnUNxIlt,"upper floor",6,9,yes,1973,"not available",NULL,NULL,NULL,NULL,sale,"2-room apartment",57,unrenovated,"okres Martin",Martin,Košúty
JuroNkYo0Ud,"top floor",4,4,NULL,1978,B,NULL,NULL,NULL,yes,sale,"3-room apartment",74,"partially renovated","okres Martin",Vrútky,"Horné Vrútky"
JuSS030a7te,"upper floor",6,8,yes,2025,"not available",NULL,NULL,NULL,NULL,rent,"1-room apartment",41,"fully renovated","okres Žilina",Žilina,Vlčince
JuoB7gmYVp_,"top floor",2,2,NULL,2015,"not available",NULL,NULL,NULL,NULL,sale,"2-room apartment",73,"fully renovated","okres Liptovský Mikuláš","Liptovský Mikuláš",Demänová
Juw2GAhwVDz,NULL,NULL,NULL,NULL,1980,"not available",NULL,NULL,NULL,NULL,sale,"3-room apartment",76,"fully renovated","okres Martin",Martin,Záturčie
JuNxbiZtMJl,"ground floor",1,3,NULL,1957,"not available",NULL,NULL,yes,yes,sale,"2-room apartment",62,"partially renovated","okres Žilina",Žilina,Hliny
Ju93xLSe03c,NULL,NULL,NULL,NULL,NULL,"not available",NULL,NULL,NULL,NULL,rent,"1-room apartment",30,"partially renovated","okres Martin",Martin,Záturčie
Ju8y_HCffnI,NULL,NULL,NULL,NULL,2025,"not available",NULL,NULL,NULL,yes,sale,"studio apartment",26,"partially renovated","okres Čadca",Čadca,Žarec
JuDpUKm1R87,"upper floor",4,7,yes,NULL,A,yes,NULL,NULL,yes,sale,"3-room apartment",102,"under construction","okres Martin",Martin,Jahodníky
JuyticuaW7A,"upper floor",3,8,NULL,2025,A,NULL,NULL,NULL,NULL,sale,"3-room apartment",64,"under construction","okres Ružomberok",Ružomberok,Roveň
JutwTj3bM_v,NULL,NULL,NULL,NULL,1980,"not available",NULL,NULL,NULL,NULL,sale,"2-room apartment",51,"fully renovated","okres Martin",Martin,Sever
JuRvQ8h5ljK,NULL,NULL,NULL,NULL,NULL,NULL,NULL,NULL,NULL,NULL,rent,"3-room apartment",72,"fully renovated","okres Žilina",Žilina,Vlčince
Ju-D0j5Tx8q,"upper floor",2,6,yes,1963,"not available",NULL,NULL,NULL,NULL,sale,"3-room apartment",63,"partially renovated","okres Martin",Martin,Sever
JuqL8yAiSJt,"upper floor",2,4,NULL,2023,A,NULL,NULL,NULL,NULL,rent,"2-room apartment",43,"new construction","okres Čadca","Krásno nad Kysucou",Kalinov
Juaqewf1vyV,"upper floor",NULL,NULL,NULL,2025,NULL,NULL,NULL,NULL,NULL,sale,"3-room apartment",73,"new construction","okres Martin",Martin,Košúty
JufCUUh8n1P,"upper floor",3,NULL,yes,NULL,NULL,NULL,NULL,NULL,NULL,sale,"3-room apartment",60,"partially renovated","okres Ružomberok",Ružomberok,Baničné
JuEOy8Ch_fK,"upper floor",4,8,yes,2025,A,yes,yes,yes,yes,sale,"4-room apartment",128,"new construction","okres Žilina",Žilina,Vlčince
JuAjD-DNY5d,"upper floor",4,7,NULL,2025,"not available",NULL,NULL,NULL,NULL,sale,"studio apartment",21,"fully renovated","okres Žilina",Žilina,Vlčince
JuXBeof4cBw,"ground floor",1,5,yes,2024,A,yes,NULL,yes,NULL,sale,"3-room apartment",123,"development project","okres Ružomberok",Ružomberok,Baničné
JuCHpapFKG8,"ground floor",1,2,NULL,2023,A,NULL,NULL,NULL,NULL,rent,"2-room apartment",48,"new construction","okres Martin",Martin,Záturčie
JufBWbzCmcn,"top floor",4,4,NULL,1978,"not available",NULL,NULL,NULL,NULL,sale,"4-room apartment",100,"partially renovated","okres Martin",Martin,Stred
JuN-wthtGNF,"upper floor",NULL,NULL,NULL,NULL,NULL,NULL,NULL,NULL,NULL,sale,"3-room apartment",143,"under construction","okres Žilina",Žilina,Hájik
Ju54zsovXgd,"upper floor",3,4,NULL,1960,"not available",yes,NULL,NULL,yes,rent,"3-room apartment",63,"partially renovated","okres Žilina",Žilina,Hliny
JuZqmgmus3f,"upper floor",3,NULL,NULL,NULL,NULL,NULL,NULL,NULL,NULL,sale,"3-room apartment",70,"partially renovated","okres Martin",Turany,Turany
JuUygteSgA9,"ground floor",1,3,NULL,1970,"not available",NULL,NULL,NULL,NULL,rent,"2-room apartment",50,"partially renovated","okres Žilina",Žilina,"Staré mesto"
JuEhBGLGdyB,"upper floor",8,12,NULL,1900,"not available",NULL,NULL,NULL,NULL,sale,"3-room apartment",65,"partially renovated","okres Martin",Martin,Košúty
Juhy56IDgaZ,"upper floor",3,3,NULL,1960,B,NULL,NULL,NULL,NULL,sale,"2-room apartment",55,"fully renovated","okres Martin",Martin,Podháj
Ju8yXfa5xfL,NULL,NULL,NULL,NULL,1980,"not available",NULL,NULL,NULL,NULL,sale,"3-room apartment",61,"partially renovated","okres Ružomberok",Ružomberok,Baničné
Jul5uPR1of1,NULL,NULL,NULL,NULL,NULL,A,NULL,NULL,NULL,NULL,sale,"2-room apartment",42,"new construction","okres Liptovský Mikuláš","Liptovský Mikuláš","Staré mesto"
JuySZhvO7pX,NULL,NULL,NULL,NULL,NULL,NULL,NULL,NULL,NULL,NULL,sale,"3-room apartment",81,"new construction","okres Ružomberok",Ružomberok,"Staré mesto"
Ju4YZRhAzaf,"upper floor",2,3,NULL,1960,"not available",NULL,NULL,NULL,NULL,sale,"studio apartment",32,"fully renovated","okres Žilina",Žilina,Bôrik
JuvxnqGhrvB,"ground floor",1,4,NULL,NULL,NULL,NULL,NULL,NULL,NULL,rent,"3-room apartment",75,"partially renovated","okres Čadca",Čadca,NULL
JudF4Y5NRYO,"ground floor",1,3,NULL,NULL,NULL,NULL,NULL,NULL,NULL,rent,"2-room apartment",39,"new construction","okres Liptovský Mikuláš","Liptovský Mikuláš","Liptovská Mara - Tatralandia"
JuAyS5TfUDQ,NULL,NULL,NULL,NULL,NULL,"not available",NULL,NULL,NULL,NULL,sale,"3-room apartment",79,unrenovated,"okres Žilina",Rajec,Rajec
JuWSXBSHA4W,"ground floor",1,8,yes,1980,"not available",NULL,NULL,yes,NULL,rent,"studio apartment",27,"fully renovated","okres Čadca",Čadca,Žarec
JuSwv58uXFj,"top floor",NULL,NULL,NULL,NULL,B,yes,NULL,NULL,NULL,rent,"studio apartment",23,"fully renovated","okres Dolný Kubín","Dolný Kubín",Brezovec
JuSEGf_jb32,NULL,NULL,NULL,NULL,NULL,NULL,NULL,NULL,NULL,NULL,rent,"2-room apartment",58,"new construction","okres Námestovo","Oravské Veselé","Oravské Veselé"
JuiTYBIhgYl,"upper floor",4,6,NULL,2005,"not available",yes,NULL,NULL,yes,sale,"3-room apartment",62,"fully renovated","okres Žilina",Žilina,Hájik
JuHOcENm8Ia,"ground floor",NULL,NULL,NULL,1960,A,NULL,NULL,NULL,NULL,sale,"2-room apartment",50,"partially renovated","okres Liptovský Mikuláš","Liptovský Mikuláš","Vrbica - Nábrežie"
Juf0d9bgzD3,NULL,NULL,NULL,NULL,2023,"not available",NULL,NULL,NULL,NULL,sale,"4-room apartment",103,"fully renovated","okres Žilina",Rosina,Rosina
JucQo5vONzU,NULL,NULL,NULL,NULL,NULL,"not available",NULL,NULL,NULL,NULL,sale,"3-room apartment",70,"partially renovated","okres Žilina",Žilina,Solinky
JugZvx-B3PM,NULL,NULL,NULL,NULL,1980,"not available",NULL,NULL,NULL,NULL,sale,"1-room apartment",34,"partially renovated","okres Dolný Kubín","Dolný Kubín",Banisko
Ju6YQzBpIXw,"upper floor",5,6,yes,2025,A,NULL,yes,NULL,yes,sale,"4-room apartment",79,"under construction","okres Kysucké Nové Mesto","Kysucké Nové Mesto",Kamence
JuFfQA7zSPP,"ground floor",1,2,NULL,NULL,"not available",NULL,NULL,NULL,NULL,sale,"3-room apartment",56,"partially renovated","okres Čadca","Nová Bystrica","Nová Bystrica"
JuTapZ_iKYW,"raised ground floor",1,4,NULL,1935,"not available",NULL,NULL,NULL,NULL,sale,"3-room apartment",95,"fully renovated","okres Žilina",Žilina,"Staré mesto"
JudSBCw12x9,NULL,NULL,NULL,NULL,1980,"not available",NULL,NULL,NULL,NULL,sale,"2-room apartment",58,"partially renovated","okres Žilina",Žilina,Vlčince
JujwaDNeJ1i,"upper floor",2,5,NULL,1985,"not available",NULL,NULL,NULL,NULL,rent,"2-room apartment",60,"partially renovated","okres Kysucké Nové Mesto","Kysucké Nové Mesto",Sídlisko
Jugv6VHMojr,"upper floor",3,4,NULL,1985,"not available",NULL,NULL,NULL,NULL,sale,"3-room apartment",76,"partially renovated","okres Čadca",Čierne,Čierne
Jud2teyAuDu,"upper floor",6,11,yes,NULL,NULL,NULL,NULL,NULL,NULL,sale,"1-room apartment",41,"new construction","okres Liptovský Mikuláš","Demänovská Dolina","Demänovská Dolina"
Jusrma_M5xf,NULL,NULL,NULL,NULL,NULL,NULL,NULL,NULL,NULL,NULL,rent,"3-room apartment",72,"fully renovated","okres Žilina",Žilina,Solinky
Ju2WQT7unmV,"ground floor",1,2,NULL,1900,"not available",NULL,NULL,NULL,NULL,sale,"4-room apartment",85,"fully renovated","okres Martin","Košťany nad Turcom","Košťany nad Turcom"
JuJvNTKAcv8,"ground floor",NULL,NULL,NULL,2021,A,NULL,NULL,yes,NULL,sale,"1-room apartment",35,"new construction","okres Kysucké Nové Mesto","Kysucké Nové Mesto",Kamence
Ju8f-wmtjXf,"upper floor",2,NULL,NULL,NULL,NULL,NULL,yes,NULL,yes,sale,"3-room apartment",52,"fully renovated","okres Dolný Kubín","Dolný Kubín","Veľký Bysterec"
JuqcGRiE3sH,"raised ground floor",1,2,NULL,2025,"not available",NULL,NULL,NULL,NULL,sale,"2-room apartment",69,"fully renovated","okres Liptovský Mikuláš","Liptovský Mikuláš","Staré mesto"
Jue9scT0OOX,"upper floor",5,7,yes,NULL,A,yes,NULL,NULL,yes,sale,"2-room apartment",70,"under construction","okres Martin",Martin,Jahodníky
JuauSxK_Grt,NULL,NULL,NULL,NULL,1980,"not available",NULL,NULL,NULL,NULL,sale,"3-room apartment",65,unrenovated,"okres Dolný Kubín","Dolný Kubín","Veľký Bysterec"
JuETFY0yocs,"upper floor",NULL,NULL,NULL,NULL,"not available",NULL,NULL,NULL,NULL,rent,"3-room apartment",52,"fully renovated","okres Žilina",Žilina,Hliny
JucHYWmAD9T,"raised ground floor",NULL,NULL,NULL,1980,"not available",NULL,NULL,NULL,NULL,sale,"2-room apartment",53,"partially renovated","okres Tvrdošín",Nižná,Nižná
Juh6SSze_tY,NULL,NULL,NULL,NULL,NULL,NULL,NULL,NULL,NULL,NULL,sale,"3-room apartment",71,"fully renovated","okres Čadca",Staškov,Staškov
Ju5yq04Fo6g,"top floor",3,3,yes,NULL,G,NULL,NULL,NULL,NULL,sale,"holiday apartment",37,"new construction","okres Liptovský Mikuláš","Liptovský Mikuláš",Demänová
JuUEgGZy7bV,"upper floor",2,4,yes,2023,B,NULL,NULL,NULL,NULL,sale,"holiday apartment",54,"development project","okres Žilina",Terchová,Terchová
Juo8y036wNc,"upper floor",5,6,NULL,2025,"not available",NULL,NULL,NULL,yes,rent,"2-room apartment",57,"fully renovated","okres Bytča",Bytča,"Veľká Bytča"
JuPeIRhvo6g,"ground floor",1,5,NULL,2022,B,NULL,NULL,NULL,NULL,rent,"2-room apartment",52,"new construction","okres Martin",Martin,Stred
Juq3ES8kVdO,"upper floor",NULL,NULL,NULL,1950,NULL,NULL,NULL,NULL,NULL,rent,"2-room apartment",74,"fully renovated","okres Martin",Martin,Stred
Ju6GKonKAZ1,"top floor",3,3,NULL,NULL,A,NULL,NULL,NULL,NULL,sale,"holiday apartment",42,"new construction","okres Liptovský Mikuláš","Liptovský Mikuláš",Demänová
JupL8ZjnO78,NULL,NULL,NULL,NULL,NULL,NULL,NULL,NULL,NULL,NULL,rent,"1-room apartment",39,"fully renovated","okres Žilina",Žilina,Vlčince
JuzI-cY3VGB,"upper floor",2,4,NULL,1935,"not available",NULL,NULL,NULL,NULL,rent,"2-room apartment",60,"partially renovated","okres Žilina",Žilina,"Staré mesto"
Jurvisl8PBq,"raised ground floor",1,3,yes,2023,A,NULL,yes,NULL,yes,rent,"2-room apartment",75,"new construction","okres Martin",Martin,Stred
JuaFgvo5Zms,"upper floor",NULL,NULL,NULL,1958,NULL,NULL,NULL,NULL,NULL,sale,"3-room apartment",91,unrenovated,"okres Martin",Martin,Stred
JuZWfK8jXMU,"upper floor",2,5,NULL,1977,"not available",NULL,NULL,yes,NULL,sale,"2-room apartment",72,"fully renovated","okres Liptovský Mikuláš","Liptovský Mikuláš","Vrbica - Nábrežie"
Ju-TqbMGsYQ,NULL,NULL,NULL,NULL,1980,"not available",NULL,NULL,NULL,NULL,sale,"1-room apartment",30,"partially renovated","okres Martin",Vrútky,NULL
JuV4el-7B8H,"upper floor",8,10,yes,2025,"not available",yes,NULL,NULL,yes,sale,"3-room apartment",90,"new construction","okres Žilina",Žilina,"Staré mesto"
JuC3qFxZRHA,"top floor",3,3,NULL,1969,B,NULL,NULL,NULL,NULL,rent,"2-room apartment",63,"fully renovated","okres Martin",Martin,Stred
JuMvMAnJyAh,"raised ground floor",1,3,NULL,2024,A,NULL,NULL,yes,NULL,sale,"2-room apartment",49,"new construction","okres Martin",Martin,Stred
JuOtmAhAnN-,"upper floor",2,4,NULL,1960,"not available",yes,yes,yes,yes,rent,"3-room apartment",80,"fully renovated","okres Žilina",Žilina,"Staré mesto"
Ju2vUj8wFP4,NULL,NULL,NULL,NULL,NULL,NULL,NULL,NULL,NULL,NULL,sale,"2-room apartment",45,"new construction","okres Liptovský Mikuláš","Malé Borové","Malé Borové"
Ju3mlVUzkyZ,"ground floor",3,4,NULL,2025,A,NULL,NULL,NULL,NULL,sale,"2-room apartment",62,"new construction","okres Martin",Sučany,Sučany
JuogofXpdYk,"ground floor",1,4,NULL,2022,A,NULL,NULL,NULL,NULL,sale,"holiday apartment",26,"new construction","okres Liptovský Mikuláš","Liptovský Mikuláš",Demänová
Ju6MtpU11Ir,"upper floor",NULL,NULL,NULL,1970,NULL,NULL,NULL,NULL,NULL,sale,"3-room apartment",66,"fully renovated","okres Martin",Príbovce,Príbovce
Ju7oSLy3Fih,"ground floor",NULL,NULL,NULL,2022,A,NULL,NULL,NULL,NULL,sale,"holiday apartment",63,"new construction","okres Ružomberok",Ružomberok,Hrabovo
JuuGHfugsJe,"ground floor",1,3,NULL,2024,A,NULL,NULL,NULL,NULL,rent,"2-room apartment",41,"new construction","okres Žilina",Terchová,Terchová
JuK1Ou62x1-,NULL,NULL,NULL,NULL,NULL,NULL,NULL,NULL,NULL,NULL,rent,"2-room apartment",NULL,"fully renovated","okres Martin",Martin,Stred
JubVv2aiyY0,"ground floor",1,3,NULL,2023,"in preparation",NULL,NULL,NULL,NULL,sale,"4-room apartment",67,"new construction","okres Liptovský Mikuláš","Liptovský Mikuláš",Demänová
JuhBe2gFJxv,NULL,NULL,NULL,NULL,NULL,NULL,NULL,NULL,NULL,NULL,sale,"4-room apartment",NULL,"new construction","okres Žilina",Žilina,Hliny
Juw-fZcag7r,"top floor",5,5,yes,2025,A,yes,NULL,NULL,yes,sale,"3-room apartment",138,"new construction","okres Žilina",Žilina,Hájik
JuTBd7ApfBa,"ground floor",1,3,NULL,2005,A,NULL,NULL,NULL,NULL,sale,"1-room apartment",38,"new construction","okres Martin",Martin,Priekopa
JuUG1bLiAAp,NULL,NULL,NULL,NULL,NULL,NULL,NULL,NULL,NULL,NULL,sale,"2-room apartment",45,"new construction","okres Bytča","Veľké Rovné","Veľké Rovné"
JudWP4utpDg,"upper floor",4,5,yes,1960,A,NULL,NULL,yes,NULL,sale,"1-room apartment",30,"partially renovated","okres Čadca",Čadca,Centrum
JuajpkZsNxA,"upper floor",3,6,NULL,1979,"not available",yes,NULL,NULL,yes,sale,"4-room apartment",80,"partially renovated","okres Ružomberok",Ružomberok,"Staré mesto"
Jum1UMzjJKg,NULL,NULL,NULL,NULL,NULL,NULL,NULL,NULL,NULL,NULL,sale,"2-room apartment",43,"fully renovated","okres Čadca",Staškov,Staškov
Ju4BxKT1MU9,"ground floor",1,NULL,NULL,NULL,"not available",NULL,NULL,NULL,NULL,sale,"holiday apartment",31,"new construction","okres Žilina","Rajecké Teplice","Rajecké Teplice"
JuQ9TAROpsL,"top floor",12,12,NULL,1986,"not available",NULL,NULL,NULL,NULL,sale,"3-room apartment",74,"fully renovated","okres Čadca",Čadca,Centrum
JuTSuAfPUaV,"upper floor",4,6,yes,2025,A,NULL,NULL,NULL,NULL,sale,"holiday apartment",73,"under construction","okres Liptovský Mikuláš","Demänovská Dolina","Demänovská Dolina"
Juqt_RyaYSM,"upper floor",3,6,yes,2025,A,NULL,yes,NULL,yes,sale,"4-room apartment",79,"under construction","okres Kysucké Nové Mesto","Kysucké Nové Mesto",Kamence
JuxOi4dlZ8Z,NULL,NULL,NULL,NULL,2025,"not available",NULL,yes,yes,NULL,rent,"2-room apartment",58,"partially renovated","okres Martin",Martin,Košúty
JuPxUBuwHJ4,"upper floor",6,7,NULL,2020,"not available",NULL,NULL,NULL,NULL,sale,"4-room apartment",272,"new construction","okres Žilina",Žilina,Hliny
JuWJdu9GaUY,NULL,NULL,NULL,NULL,NULL,NULL,NULL,NULL,NULL,NULL,sale,"2-room apartment",47,"new construction","okres Žilina",Kunerad,Kunerad
JuxSKEPCvI9,"ground floor",1,2,NULL,2010,A,NULL,NULL,NULL,NULL,rent,"1-room apartment",40,"new construction","okres Čadca",Oščadnica,Oščadnica
Juk34S4WJno,NULL,NULL,NULL,NULL,NULL,"not available",NULL,NULL,NULL,NULL,sale,"3-room apartment",115,unrenovated,"okres Žilina",Žilina,Hliny
JuBHdW0whmB,"top floor",NULL,NULL,NULL,1980,NULL,NULL,NULL,NULL,NULL,sale,"3-room apartment",66,"partially renovated","okres Martin",Martin,Ľadoveň
Ju0roQQA2MK,"ground floor",1,2,NULL,2021,A,NULL,yes,NULL,yes,sale,"holiday apartment",37,"new construction","okres Liptovský Mikuláš","Demänovská Dolina","Demänovská Dolina"
JugFcThrxWKY,"upper floor",4,NULL,NULL,2022,A,NULL,yes,NULL,yes,sale,"3-room apartment",60,"new construction","okres Liptovský Mikuláš",Ľubeľa,Ľubeľa
JumIry3ptkT,NULL,NULL,NULL,NULL,NULL,NULL,NULL,NULL,NULL,NULL,rent,"2-room apartment",63,"new construction","okres Námestovo",Mútne,Mútne
JuJkIhlhMxu,"upper floor",3,6,NULL,1980,"not available",NULL,NULL,NULL,NULL,rent,"3-room apartment",71,"partially renovated","okres Čadca",Čadca,Kyčerka
JuJvkR7cHC5,"ground floor",NULL,NULL,NULL,NULL,NULL,NULL,NULL,NULL,NULL,sale,"3-room apartment",90,"partially renovated","okres Martin",Lipovec,Lipovec
JuPAGeZeFHi,"upper floor",2,NULL,yes,NULL,NULL,NULL,NULL,NULL,yes,sale,"2-room apartment",50,unrenovated,"okres Dolný Kubín","Dolný Kubín",Brezovec
JuFc31jRHf3,NULL,NULL,NULL,NULL,NULL,NULL,NULL,NULL,NULL,NULL,sale,"2-room apartment",65,"fully renovated","okres Žilina",Žilina,Vlčince
Jux8wTB74lK,"upper floor",2,3,NULL,1960,B,NULL,NULL,NULL,NULL,sale,"3-room apartment",68,unrenovated,"okres Liptovský Mikuláš","Liptovský Mikuláš","Staré mesto"
JuHzNQ7Qr-d,"top floor",4,NULL,NULL,NULL,NULL,NULL,NULL,NULL,NULL,sale,"3-room apartment",76,unrenovated,"okres Martin",Martin,Jahodníky
JuWNJll5MyrA,"ground floor",1,8,NULL,2023,A,yes,yes,yes,yes,sale,"3-room apartment",88,"new construction","okres Žilina",Žilina,Vlčince
JunnDIKOU8H,NULL,NULL,NULL,NULL,NULL,NULL,NULL,NULL,NULL,NULL,rent,"2-room apartment",64,"new construction","okres Kysucké Nové Mesto","Kysucké Nové Mesto",Sídlisko
JuvSfTkJipf,"upper floor",2,5,yes,2024,A,NULL,NULL,NULL,yes,sale,"2-room apartment",58,"development project","okres Ružomberok",Ružomberok,Baničné
Ju1CJs1XMWM,NULL,NULL,NULL,NULL,NULL,NULL,NULL,NULL,NULL,NULL,rent,"2-room apartment",49,"new construction","okres Martin",Martin,Stred
Ju52OxQfZ-e,"upper floor",2,NULL,NULL,NULL,NULL,NULL,NULL,NULL,NULL,rent,"3-room apartment",73,"fully renovated","okres Dolný Kubín","Dolný Kubín",Brezovec
JulIgw-I980,NULL,NULL,NULL,NULL,NULL,"not available",NULL,NULL,NULL,NULL,sale,"studio apartment",27,"new construction","okres Liptovský Mikuláš","Pavčina Lehota","Pavčina Lehota"
JutKisdKgjR,"ground floor",1,1,NULL,NULL,C,NULL,NULL,NULL,NULL,sale,"2-room apartment",57,"new construction","okres Liptovský Mikuláš","Liptovský Mikuláš","Staré mesto"
JulDE6qv7sX,"top floor",4,4,NULL,2002,"not available",NULL,NULL,NULL,NULL,sale,"4-room apartment",180,unrenovated,"okres Žilina",Žilina,"Staré mesto"
Ju_WUvCjVPC,"top floor",4,4,yes,2025,"not available",NULL,NULL,NULL,NULL,sale,"holiday apartment",41,"fully renovated","okres Ružomberok",Bešeňová,Bešeňová
JuI7RPoOfX3,"upper floor",2,6,yes,1980,"not available",NULL,NULL,NULL,NULL,sale,"3-room apartment",70,"partially renovated","okres Čadca",Turzovka,Stred
Jug8bqAUxzc,"ground floor",NULL,NULL,NULL,1975,G,NULL,NULL,NULL,NULL,sale,"2-room apartment",50,"partially renovated","okres Liptovský Mikuláš","Liptovský Mikuláš","Vrbica - Nábrežie"
JuNYFhhNxB9,"ground floor",1,4,yes,2025,A,NULL,NULL,yes,NULL,sale,"holiday apartment",44,"new construction","okres Martin",Martin,Stred
JuTJKH0pdjPh,NULL,NULL,NULL,NULL,1980,"not available",NULL,NULL,NULL,NULL,sale,"4-room apartment",91,"fully renovated","okres Liptovský Mikuláš","Liptovský Mikuláš",NULL
JuyttBliR9C,"upper floor",NULL,NULL,NULL,1980,NULL,NULL,NULL,NULL,NULL,sale,"3-room apartment",70,"fully renovated","okres Žilina","Rajecké Teplice","Rajecké Teplice"
JuMi-Tt27An,"upper floor",4,5,NULL,2025,A,NULL,yes,yes,NULL,sale,"2-room apartment",48,"new construction","okres Liptovský Mikuláš","Liptovský Mikuláš",Palúdzka
JuWmtnyPS8K,"upper floor",NULL,NULL,NULL,2008,NULL,NULL,NULL,NULL,NULL,sale,"3-room apartment",110,"fully renovated","okres Martin",Lipovec,Lipovec
Juv5BxkBnXj,"upper floor",NULL,NULL,NULL,NULL,NULL,NULL,NULL,NULL,NULL,sale,"4-room apartment",172,"under construction","okres Žilina",Žilina,Hájik
Juhppb1YIBH,"upper floor",2,4,NULL,2003,"not available",NULL,NULL,NULL,NULL,sale,"2-room apartment",54,"fully renovated","okres Ružomberok",Ružomberok,Hrabovo
Juug2Jz1Pse,"upper floor",2,4,NULL,1980,B,NULL,NULL,NULL,NULL,rent,"1-room apartment",28,"fully renovated","okres Liptovský Mikuláš","Liptovský Mikuláš","Staré mesto"
JuUcmtKJgcX,"upper floor",4,5,NULL,1960,G,NULL,NULL,NULL,NULL,sale,"2-room apartment",45,"fully renovated","okres Žilina",Žilina,"Staré mesto"
JuZrguawZAO,NULL,NULL,NULL,NULL,NULL,NULL,NULL,NULL,NULL,NULL,sale,"2-room apartment",64,"fully renovated","okres Bytča",Bytča,"Veľká Bytča"
JuR_XmdYxiI,NULL,NULL,NULL,NULL,2025,"not available",NULL,NULL,yes,NULL,rent,"1-room apartment",43,"new construction","okres Martin",Martin,Stred
JugHDSXoGA9,"upper floor",3,6,yes,1900,NULL,NULL,NULL,NULL,NULL,sale,"3-room apartment",76,"partially renovated","okres Čadca",Turzovka,Stred
Ju7QL5RGfkF,"top floor",3,3,NULL,2025,"not available",NULL,NULL,NULL,NULL,sale,"studio apartment",32,"new construction","okres Bytča",Kotešová,Kotešová
JuKdeWhe2o7,"ground floor",1,3,NULL,2022,A,NULL,yes,NULL,yes,sale,"holiday apartment",38,"new construction","okres Liptovský Mikuláš","Demänovská Dolina","Demänovská Dolina"
JuN5ogzbwb6,NULL,NULL,NULL,NULL,NULL,"not available",NULL,NULL,NULL,NULL,sale,"studio apartment",21,"fully renovated","okres Žilina",Žilina,Vlčince
JukyEz3oR2iD,NULL,NULL,NULL,NULL,NULL,"not available",NULL,NULL,NULL,NULL,sale,"2-room apartment",57,"partially renovated","okres Liptovský Mikuláš","Liptovský Mikuláš","Staré mesto"
JuUrOuQWCVS,NULL,NULL,NULL,NULL,2025,"not available",NULL,NULL,NULL,NULL,sale,"3-room apartment",83,"new construction","okres Liptovský Mikuláš","Liptovský Hrádok",Dovalovo
JuOrA9qwl7f,NULL,NULL,NULL,NULL,1993,"not available",NULL,NULL,NULL,NULL,sale,"3-room apartment",85,"partially renovated","okres Turčianske Teplice","Turčianske Teplice",Stred
JuwL1ope4JQ,NULL,NULL,NULL,NULL,NULL,NULL,NULL,NULL,NULL,NULL,rent,"2-room apartment",56,"fully renovated","okres Žilina",Žilina,Hliny
JuGLEI81NEj,"top floor",2,2,NULL,NULL,"not available",NULL,NULL,NULL,NULL,sale,"3-room apartment",82,unrenovated,"okres Žilina",Žilina,"Staré mesto"
Jur94HxnWLm,"upper floor",2,10,NULL,1988,"not available",NULL,NULL,NULL,NULL,rent,"studio apartment",24,"fully renovated","okres Čadca",Čadca,Kyčerka
Ju3hr4RXLjv,NULL,NULL,NULL,NULL,NULL,NULL,NULL,NULL,NULL,NULL,sale,maisonette,NULL,"fully renovated","okres Čadca",Čadca,Centrum
JugZ1tAn0SZ,NULL,NULL,NULL,NULL,NULL,NULL,NULL,NULL,NULL,NULL,rent,"1-room apartment",37,"fully renovated","okres Martin",Martin,Jahodníky
Juc_BdIYUe1,NULL,NULL,NULL,NULL,NULL,NULL,NULL,NULL,NULL,NULL,rent,"3-room apartment",68,"fully renovated","okres Dolný Kubín","Dolný Kubín","Veľký Bysterec"
JuOs2hhR_fq,"upper floor",2,4,NULL,2019,"not available",NULL,NULL,NULL,NULL,sale,"1-room apartment",56,"fully renovated","okres Liptovský Mikuláš","Liptovský Mikuláš","Liptovská Mara - Tatralandia"
JuWjsR8x7Sv,"top floor",7,7,yes,NULL,NULL,NULL,NULL,NULL,NULL,rent,"2-room apartment",61,"partially renovated","okres Martin",Vrútky,NULL
Ju89eBckNJI,"upper floor",4,7,yes,2024,A,NULL,yes,yes,NULL,sale,"2-room apartment",69,"under construction","okres Martin",Martin,Jahodníky
JuUeGi9MZcI,"upper floor",6,11,yes,NULL,A,NULL,NULL,NULL,NULL,sale,"holiday apartment",79,"new construction","okres Liptovský Mikuláš","Demänovská Dolina","Demänovská Dolina"
JuztOys4YDo,"added floor",3,3,yes,2026,A,NULL,NULL,NULL,NULL,sale,"holiday apartment",65,"new construction","okres Liptovský Mikuláš","Demänovská Dolina","Demänovská Dolina"
JuBe2LSvIsNx,"ground floor",1,4,yes,2024,"not available",NULL,NULL,NULL,NULL,sale,"2-room apartment",66,"new construction","okres Ružomberok","Liptovská Teplá","Liptovská Teplá"
JuX5UJf-pU4,"top floor",2,2,NULL,NULL,A,NULL,NULL,NULL,NULL,sale,"holiday apartment",43,"new construction","okres Liptovský Mikuláš","Liptovský Mikuláš",Demänová
Juh8S_7FwJj,"upper floor",8,NULL,yes,NULL,NULL,NULL,NULL,NULL,NULL,sale,"1-room apartment",47,unrenovated,"okres Tvrdošín",Tvrdošín,Medvedzie
JukRhMNGZ-C,NULL,NULL,NULL,NULL,NULL,NULL,NULL,NULL,NULL,NULL,sale,"2-room apartment",47,"new construction","okres Ružomberok",Ružomberok,Roveň
JunH90jZGku,"upper floor",2,3,NULL,2025,"not available",NULL,NULL,NULL,NULL,sale,"1-room apartment",31,"development project","okres Žilina",Žilina,Bytčica
JuzxsN9HYse,"upper floor",2,3,yes,2011,"not available",NULL,NULL,NULL,NULL,sale,"2-room apartment",38,"new construction","okres Liptovský Mikuláš","Liptovský Mikuláš",Demänová
JulRM1RZW6m,"top floor",5,5,NULL,2009,"not available",NULL,NULL,NULL,NULL,rent,"4-room apartment",136,"new construction","okres Žilina",Žilina,"Staré mesto"
JuIVEdX9aqM,"top floor",4,4,NULL,NULL,NULL,NULL,NULL,NULL,NULL,sale,"2-room apartment",66,"partially renovated","okres Martin",Martin,Sever
Ju23LHSYosl,"ground floor",1,2,NULL,2014,B,NULL,yes,yes,NULL,sale,"1-room apartment",29,"new construction","okres Liptovský Mikuláš","Demänovská Dolina","Demänovská Dolina"
JuNnPRzxLFf,NULL,NULL,NULL,NULL,NULL,NULL,NULL,NULL,NULL,NULL,rent,"2-room apartment",NULL,"fully renovated","okres Žilina",Žilina,Hliny
JuMfaZM03jX,NULL,NULL,NULL,NULL,1980,"not available",NULL,NULL,NULL,NULL,sale,"3-room apartment",64,"fully renovated","okres Dolný Kubín","Dolný Kubín","Veľký Bysterec"
Ju1KgFqJaOR,"upper floor",2,2,NULL,2024,A,NULL,NULL,NULL,NULL,sale,"2-room apartment",43,"new construction","okres Liptovský Mikuláš","Malé Borové","Malé Borové"
Ju4lgcUtMo2,"upper floor",2,3,NULL,NULL,NULL,NULL,NULL,NULL,NULL,rent,"2-room apartment",68,unrenovated,"okres Žilina",Žilina,"Staré mesto"
Ju2DPhpZEXH,"upper floor",4,7,yes,2022,A,yes,NULL,NULL,yes,sale,"4-room apartment",127,"development project","okres Žilina",Žilina,"Staré mesto"
JuqFaXjCOjj,"upper floor",4,8,NULL,2000,"not available",NULL,NULL,NULL,NULL,sale,"1-room apartment",30,"fully renovated","okres Martin",Martin,Košúty
JuoHqPCC27P,"ground floor",1,1,NULL,NULL,G,NULL,NULL,NULL,NULL,sale,"holiday apartment",97,"fully renovated","okres Ružomberok",Bešeňová,Bešeňová
Ju8yXTZyQ0c,NULL,NULL,NULL,NULL,2025,"not available",NULL,NULL,NULL,NULL,sale,"3-room apartment",89,"partially renovated","okres Liptovský Mikuláš","Liptovský Hrádok",Dovalovo
Juh0xQ8lAwr,"ground floor",1,1,NULL,2025,A,NULL,NULL,NULL,NULL,sale,"holiday apartment",46,"new construction","okres Liptovský Mikuláš","Demänovská Dolina","Demänovská Dolina"
JuFMzwDkckH,NULL,NULL,NULL,NULL,NULL,NULL,NULL,NULL,NULL,NULL,rent,"3-room apartment",86,"fully renovated","okres Žilina",Žilina,Vlčince
JuB3Z9PEAiq,"ground floor",1,1,NULL,2010,"not available",NULL,NULL,NULL,NULL,rent,"3-room apartment",74,"fully renovated","okres Žilina",Žilina,Závodie
JuolQI_qYfx,"upper floor",6,11,yes,NULL,NULL,NULL,NULL,NULL,NULL,sale,"holiday apartment",44,"new construction","okres Liptovský Mikuláš","Demänovská Dolina","Demänovská Dolina"
JujVD_-rIKd,NULL,NULL,NULL,NULL,NULL,NULL,NULL,NULL,NULL,NULL,sale,"2-room apartment",40,"new construction","okres Ružomberok",Ružomberok,Hrabovo
JuGX51SpwM8,"upper floor",5,8,NULL,1980,"not available",NULL,NULL,NULL,NULL,rent,"3-room apartment",80,unrenovated,"okres Dolný Kubín","Dolný Kubín","Veľký Bysterec"
Ju8MQ6z2y19,"upper floor",3,4,yes,2025,"in preparation",yes,NULL,yes,NULL,sale,"1-room apartment",38,"new construction","okres Žilina",Žilina,"Staré mesto"
JudIm98MNcc,"upper floor",6,8,NULL,1995,NULL,NULL,NULL,NULL,NULL,sale,"3-room apartment",69,"fully renovated","okres Žilina",Žilina,Vlčince
JuEn89TLzyn,NULL,NULL,NULL,NULL,NULL,NULL,NULL,NULL,NULL,NULL,rent,"2-room apartment",59,"partially renovated","okres Žilina",Žilina,Hliny
JuDVCgxcWoV,NULL,NULL,NULL,NULL,NULL,NULL,NULL,NULL,NULL,yes,rent,"1-room apartment",30,"partially renovated","okres Dolný Kubín","Dolný Kubín",Stred
JurCt3kGKjX,"upper floor",3,9,NULL,1975,A,NULL,NULL,NULL,NULL,sale,"3-room apartment",80,"partially renovated","okres Kysucké Nové Mesto","Kysucké Nové Mesto",Sídlisko
Ju4rzPnW6--,NULL,NULL,NULL,NULL,NULL,NULL,NULL,NULL,NULL,NULL,rent,"1-room apartment",44,"new construction","okres Žilina",Rajec,Rajec
JudLFAAMGyd,"top floor",NULL,NULL,NULL,NULL,NULL,NULL,NULL,NULL,NULL,sale,"3-room apartment",72,unrenovated,"okres Liptovský Mikuláš","Liptovský Mikuláš","Vrbica - Nábrežie"
JuAF6zTk4aw,"upper floor",2,5,yes,2025,A,NULL,yes,yes,NULL,sale,"3-room apartment",86,"new construction","okres Žilina",Žilina,Hájik
JurXcD9fbrUY,"upper floor",2,4,NULL,1995,"not available",NULL,NULL,NULL,NULL,sale,"4-room apartment",162,"fully renovated","okres Žilina",Žilina,"Staré mesto"
JuPIcosPUIK,NULL,NULL,NULL,NULL,NULL,NULL,NULL,NULL,NULL,NULL,rent,"2-room apartment",54,"fully renovated","okres Žilina",Žilina,Hliny
JuviN4c9fMi,"top floor",2,2,NULL,2024,B,NULL,NULL,NULL,NULL,sale,"2-room apartment",63,"new construction","okres Liptovský Mikuláš","Liptovský Mikuláš",Demänová
Jux3fZyBY08,"upper floor",8,12,yes,1970,G,NULL,yes,NULL,yes,sale,"2-room apartment",67,"fully renovated","okres Martin",Martin,Sever
JuzYHHeYN5Y,"upper floor",3,10,yes,1980,"not available",NULL,NULL,NULL,NULL,sale,"3-room apartment",82,unrenovated,"okres Žilina",Žilina,Vlčince
JulrtoBvNUl,NULL,NULL,NULL,NULL,NULL,"not available",NULL,NULL,NULL,NULL,sale,"4-room apartment",102,"fully renovated","okres Žilina",Žilina,Vlčince
JunJQlPuUZ5,NULL,NULL,NULL,NULL,NULL,NULL,NULL,NULL,NULL,NULL,sale,"3-room apartment",74,"new construction","okres Ružomberok",Ružomberok,"Staré mesto"
Ju7Y_BuXfpd,"upper floor",3,5,yes,1975,"not available",yes,NULL,yes,NULL,sale,"3-room apartment",66,unrenovated,"okres Martin",Martin,Sever
JuIQRanSNHE,"ground floor",1,2,NULL,2024,A,NULL,NULL,NULL,NULL,sale,"holiday apartment",35,"new construction","okres Liptovský Mikuláš","Demänovská Dolina","Demänovská Dolina"
Ju-oy7KMPvG,"upper floor",6,7,yes,2019,A,NULL,NULL,NULL,NULL,sale,"2-room apartment",42,"new construction","okres Martin",Martin,Priekopa
JuGK6bfHjeP,"upper floor",2,5,NULL,2012,"not available",NULL,NULL,NULL,NULL,sale,"1-room apartment",30,"partially renovated","okres Ružomberok",Ružomberok,Hrabovo
Juow0UUu95a,"upper floor",2,4,yes,2019,"not available",NULL,NULL,NULL,NULL,sale,"holiday apartment",26,"new construction","okres Liptovský Mikuláš","Liptovský Ján","Liptovský Ján"
Jua2VQSxknR,"ground floor",1,4,NULL,1982,"not available",NULL,NULL,NULL,NULL,rent,"2-room apartment",65,"fully renovated","okres Žilina",Žilina,"Staré mesto"
Jute43unDDv,"top floor",6,6,yes,NULL,NULL,NULL,NULL,NULL,NULL,rent,"2-room apartment",53,"fully renovated","okres Martin",Martin,Sever
JuhboaiL4kD,NULL,NULL,NULL,NULL,2005,NULL,NULL,NULL,NULL,NULL,sale,"holiday apartment",1200,"partially renovated","okres Čadca",Makov,Makov
JuvEgSpY9yR,NULL,NULL,NULL,NULL,NULL,NULL,NULL,NULL,NULL,NULL,sale,"3-room apartment",75,"partially renovated","okres Ružomberok",Ružomberok,"Staré mesto"
JunTVXk3Mti,"upper floor",2,5,yes,1970,"not available",NULL,NULL,NULL,NULL,sale,"3-room apartment",82,"fully renovated","okres Martin",Martin,Stred
JuuSRj_dS1E,NULL,NULL,NULL,NULL,NULL,NULL,NULL,NULL,NULL,NULL,sale,"1-room apartment",30,"fully renovated","okres Martin",Martin,Ľadoveň
Ju4H966Coro,"ground floor",1,3,NULL,2020,B,NULL,NULL,NULL,NULL,sale,"1-room apartment",40,"fully renovated","okres Ružomberok",Bešeňová,Bešeňová
Ju6-B7-KyuQ,"ground floor",1,4,yes,2025,"in preparation",NULL,yes,NULL,yes,sale,"2-room apartment",44,"new construction","okres Žilina",Žilina,"Staré mesto"
JuhnGApypwY,NULL,NULL,NULL,NULL,NULL,NULL,NULL,NULL,NULL,NULL,sale,"3-room apartment",92,"new construction","okres Žilina",Žilina,Vlčince
Ju7xovoPDxC,"upper floor",4,10,NULL,1900,"not available",NULL,NULL,NULL,NULL,sale,"2-room apartment",67,"partially renovated","okres Ružomberok",Ružomberok,Roveň
Ju_EiSHONLK,"upper floor",NULL,NULL,NULL,NULL,NULL,NULL,NULL,NULL,NULL,sale,"2-room apartment",46,"fully renovated","okres Bytča",Kotešová,Kotešová
JuNbmfaprZN,NULL,NULL,NULL,NULL,2025,"not available",NULL,yes,yes,NULL,rent,"2-room apartment",56,"fully renovated","okres Liptovský Mikuláš","Liptovský Mikuláš","Staré mesto"
JukTLg0JPLo,"upper floor",3,4,NULL,1966,"not available",NULL,NULL,NULL,NULL,sale,"2-room apartment",75,"fully renovated","okres Žilina",Žilina,"Staré mesto"
Ju5nlrwa9YA,"upper floor",5,5,yes,NULL,NULL,NULL,NULL,NULL,NULL,sale,"3-room apartment",204,"fully renovated","okres Čadca",Čadca,Centrum
JuxqWwCd3Bc,"ground floor",1,4,yes,2021,"not available",NULL,NULL,NULL,NULL,sale,"holiday apartment",42,"new construction","okres Ružomberok",Bešeňová,Bešeňová
Ju-lEoc2XSC,"top floor",5,5,yes,2025,A,NULL,yes,yes,NULL,sale,"3-room apartment",118,"new construction","okres Žilina",Žilina,Hájik
JuPFzcSTrpI,NULL,NULL,NULL,NULL,NULL,"not available",NULL,NULL,NULL,NULL,sale,"2-room apartment",50,"fully renovated","okres Žilina",Žilina,Hájik
JuBGOlYijOs,"ground floor",1,2,NULL,NULL,NULL,NULL,NULL,NULL,NULL,sale,"3-room apartment",41,"fully renovated","okres Dolný Kubín",Leštiny,Leštiny
JuzSVrg19-5,NULL,NULL,NULL,NULL,NULL,NULL,NULL,NULL,NULL,NULL,sale,"3-room apartment",79,"new construction","okres Dolný Kubín","Dolný Kubín",Stred
Ju4DmwiiW-b,"upper floor",2,6,yes,2025,A,NULL,yes,NULL,yes,sale,"4-room apartment",80,"under construction","okres Kysucké Nové Mesto","Kysucké Nové Mesto",Kamence
JuqfZpnefqB,NULL,NULL,NULL,NULL,NULL,NULL,NULL,NULL,NULL,NULL,rent,"3-room apartment",NULL,"fully renovated","okres Žilina",Žilina,"Staré mesto"
Juu9JOj3Rtxf,NULL,NULL,NULL,NULL,NULL,NULL,NULL,NULL,NULL,NULL,sale,"3-room apartment",43,"fully renovated","okres Dolný Kubín",Leštiny,Leštiny
JuqrzDEx4zp,"ground floor",1,2,NULL,1986,"not available",NULL,NULL,NULL,NULL,sale,"3-room apartment",96,"partially renovated","okres Žilina","Dlhé Pole","Dlhé Pole"
JuMDbkTFIEs,"top floor",7,7,NULL,1980,D,NULL,NULL,NULL,NULL,rent,"studio apartment",23,unrenovated,"okres Martin",Martin,Sever
JuKOSky-gaQ,"upper floor",2,6,NULL,2025,A,NULL,NULL,NULL,NULL,rent,"2-room apartment",55,"fully renovated","okres Bytča",Bytča,"Veľká Bytča"
Ju6HxyuWwow,"top floor",3,3,NULL,1924,"not available",NULL,NULL,NULL,NULL,sale,"3-room apartment",226,unrenovated,"okres Žilina",Žilina,"Staré mesto"
Jug-3hxWFLu,NULL,NULL,NULL,NULL,NULL,NULL,NULL,NULL,NULL,NULL,rent,"3-room apartment",53,"fully renovated","okres Žilina",Žilina,Hliny
Ju7k48dIljM,"ground floor",1,3,NULL,1900,G,NULL,yes,NULL,yes,sale,"2-room apartment",65,"fully renovated","okres Liptovský Mikuláš","Liptovský Mikuláš","Staré mesto"
Jumh9UnxAYr,NULL,NULL,NULL,NULL,NULL,NULL,NULL,NULL,NULL,NULL,rent,"2-room apartment",59,"fully renovated","okres Žilina",Žilina,Vlčince
JuN_WBxnd6g,NULL,NULL,NULL,NULL,NULL,A,NULL,NULL,NULL,NULL,sale,"2-room apartment",45,"new construction","okres Liptovský Mikuláš","Malé Borové","Malé Borové"
JujoQo2VGUJ,NULL,NULL,NULL,NULL,NULL,NULL,NULL,NULL,NULL,NULL,rent,"1-room apartment",47,"new construction","okres Bytča",Bytča,"Veľká Bytča"
JuVrf5-P_w2,"top floor",4,4,NULL,1965,"not available",NULL,NULL,NULL,NULL,sale,"2-room apartment",66,"partially renovated","okres Martin",Martin,Sever
JuhprznFXvm,NULL,NULL,NULL,NULL,2024,NULL,NULL,NULL,NULL,NULL,sale,"1-room apartment",42,"under construction","okres Bytča",Bytča,"Thurzove sady"
JubdDMCwkS-,"upper floor",6,7,yes,1988,"not available",NULL,NULL,NULL,NULL,sale,"2-room apartment",51,"fully renovated","okres Martin",Martin,Záturčie
Jur10DDDefn,"upper floor",5,6,NULL,2025,"not available",NULL,yes,yes,NULL,rent,"2-room apartment",45,"fully renovated","okres Bytča",Bytča,"Veľká Bytča"
JuAFSeapxAr,"ground floor",2,5,yes,2025,A,NULL,NULL,NULL,yes,sale,"4-room apartment",102,"new construction","okres Žilina",Žilina,Hájik
JunM5Oyfta7,NULL,NULL,NULL,NULL,NULL,"not available",NULL,NULL,NULL,NULL,sale,"4-room apartment",84,"fully renovated","okres Liptovský Mikuláš","Liptovský Hrádok",NULL
JulljNn3BQ6,"upper floor",3,NULL,NULL,NULL,"not available",NULL,NULL,NULL,NULL,rent,"3-room apartment",76,"fully renovated","okres Žilina",Žilina,"Staré mesto"
Ju-DQSmNMMQ,"upper floor",2,3,NULL,1995,NULL,NULL,NULL,NULL,NULL,sale,"4-room apartment",120,"fully renovated","okres Žilina",Žilina,"Staré mesto"
Juzy2CD4C3Q,NULL,NULL,NULL,NULL,NULL,NULL,NULL,NULL,NULL,NULL,sale,"3-room apartment",76,"under construction","okres Liptovský Mikuláš","Liptovský Mikuláš","Staré mesto"
JuyFJFlxmNe,NULL,NULL,NULL,NULL,2025,"not available",NULL,yes,NULL,yes,sale,"holiday apartment",40,unrenovated,"okres Ružomberok",Ružomberok,Hrabovo
JudFUrfv3xN,"upper floor",4,8,yes,2005,"not available",NULL,NULL,NULL,NULL,sale,"2-room apartment",73,"new construction","okres Dolný Kubín","Dolný Kubín",Brezovec
JuTZyCvuUzR,"upper floor",6,10,yes,2020,"not available",NULL,NULL,NULL,NULL,sale,"3-room apartment",65,unrenovated,"okres Martin",Martin,Sever
Juip-IYlQVA,"upper floor",3,NULL,NULL,NULL,NULL,NULL,NULL,NULL,NULL,sale,"3-room apartment",80,unrenovated,"okres Martin",Martin,Záturčie
JuRjoCvdqrS,"upper floor",NULL,NULL,NULL,NULL,NULL,NULL,NULL,NULL,NULL,rent,"3-room apartment",68,"fully renovated","okres Martin",Martin,Košúty
Jubh97mv2uS,"upper floor",3,3,NULL,1900,"not available",NULL,NULL,NULL,NULL,sale,"2-room apartment",72,"fully renovated","okres Martin",Martin,Stred
JuX28I09sjk,NULL,NULL,NULL,NULL,1980,"not available",NULL,NULL,NULL,NULL,rent,"3-room apartment",72,"fully renovated","okres Martin",Martin,Podháj
JuC150gf4x0,"ground floor",1,4,NULL,2018,B,NULL,NULL,NULL,yes,rent,"3-room apartment",64,"new construction","okres Martin",Martin,Stred
JuWE0lIaFPD,NULL,NULL,NULL,NULL,2008,"not available",NULL,NULL,NULL,NULL,sale,"3-room apartment",91,unrenovated,"okres Žilina",Žilina,Hliny
JuOHtDh4ssx,"upper floor",3,NULL,yes,NULL,"not available",NULL,NULL,NULL,NULL,rent,"3-room apartment",81,"fully renovated","okres Žilina",Žilina,"Staré mesto"
JucmQgleApT,"upper floor",3,7,yes,2022,A,yes,NULL,NULL,yes,sale,"4-room apartment",127,"new construction","okres Žilina",Žilina,"Staré mesto"
Juwx2mgp7mc,"upper floor",6,10,yes,1970,"not available",NULL,yes,yes,NULL,sale,"3-room apartment",64,"partially renovated","okres Martin",Martin,Sever
Juefy0T6TSp,"raised ground floor",NULL,NULL,NULL,1980,"not available",NULL,NULL,NULL,NULL,sale,"4-room apartment",113,"partially renovated","okres Kysucké Nové Mesto","Kysucké Nové Mesto",NULL
JuOlH8L9nB_,"upper floor",3,8,yes,2025,A,NULL,NULL,NULL,NULL,sale,"2-room apartment",49,"new construction","okres Žilina",Žilina,Vlčince
JuP6ftsrJ5D,NULL,NULL,NULL,NULL,NULL,NULL,NULL,NULL,NULL,NULL,sale,"2-room apartment",71,"new construction","okres Žilina",Žilina,Hliny
JuXhj_2xCZd,"upper floor",NULL,NULL,NULL,1980,NULL,NULL,NULL,NULL,NULL,sale,"3-room apartment",84,"fully renovated","okres Martin",Martin,Stráne
JuFDFkP8ndy,"upper floor",3,4,yes,2025,"in preparation",yes,NULL,yes,NULL,sale,"1-room apartment",38,"new construction","okres Žilina",Žilina,"Staré mesto"
Ju99QRQeIB6,"upper floor",5,8,yes,2025,"not available",NULL,NULL,NULL,NULL,rent,"1-room apartment",32,"fully renovated","okres Liptovský Mikuláš","Liptovský Mikuláš",Okoličné
Ju0vPaBxKXU,"upper floor",2,6,yes,1975,NULL,NULL,NULL,NULL,NULL,sale,"2-room apartment",66,"fully renovated","okres Liptovský Mikuláš","Liptovský Mikuláš","Vrbica - Nábrežie"
JuY5LGMMCXw,NULL,NULL,NULL,NULL,NULL,NULL,NULL,NULL,NULL,NULL,rent,"commercial space",2000,"new construction","okres Martin",Sučany,Sučany
Jul_zSmXyuk,"top floor",3,3,NULL,2025,NULL,NULL,NULL,NULL,NULL,sale,"3-room apartment",74,"new construction","okres Žilina",Žilina,Bytčica
Juc13_FCZgH,"upper floor",2,3,NULL,2000,"not available",NULL,NULL,NULL,NULL,rent,maisonette,100,unrenovated,"okres Liptovský Mikuláš","Liptovský Mikuláš","Staré mesto"
JuTx27ZW8X8,"upper floor",2,3,NULL,2025,"in preparation",NULL,NULL,NULL,NULL,sale,"holiday apartment",40,"under construction","okres Liptovský Mikuláš",Lazisko,Lazisko
Jun0m0ZrnOH,"upper floor",4,6,yes,2025,A,NULL,NULL,NULL,NULL,sale,"holiday apartment",74,"under construction","okres Liptovský Mikuláš","Demänovská Dolina","Demänovská Dolina"
JuIW7C6rFGH,"top floor",4,4,NULL,1985,"not available",NULL,NULL,NULL,NULL,sale,"3-room apartment",70,"partially renovated","okres Martin",Turany,Turany
JupsSzyT0cr,"upper floor",4,6,yes,1985,"not available",NULL,NULL,NULL,NULL,rent,"2-room apartment",32,"fully renovated","okres Martin",Vrútky,"Horné Vrútky"
JuL2iQbOhc4,"upper floor",2,4,NULL,2025,A,yes,NULL,yes,NULL,sale,"holiday apartment",64,"new construction","okres Námestovo","Oravská Lesná","Oravská Lesná"
JuDUhZhbscW,NULL,NULL,NULL,NULL,NULL,NULL,NULL,NULL,NULL,NULL,rent,"3-room apartment",59,"new construction","okres Martin",Martin,Sever
JuU_yP2Leq5,"upper floor",NULL,NULL,NULL,NULL,NULL,NULL,NULL,NULL,NULL,sale,"2-room apartment",70,"partially renovated","okres Žilina",Žilina,Hliny
JudTzF1WzhJ,NULL,NULL,NULL,NULL,NULL,NULL,NULL,NULL,NULL,NULL,rent,"2-room apartment",58,"partially renovated","okres Žilina",Žilina,"Malá Praha"
JuZZDPtR2IXg,NULL,NULL,NULL,NULL,NULL,NULL,NULL,NULL,NULL,NULL,rent,"1-room apartment",65,"new construction","okres Bytča",Bytča,"Veľká Bytča"
Ju6CbHXXMaR,"top floor",2,2,NULL,NULL,NULL,NULL,NULL,NULL,NULL,rent,"2-room apartment",48,"new construction","okres Liptovský Mikuláš","Liptovský Mikuláš","Vrbica - Nábrežie"
JuJyLb9uZkF,"top floor",3,NULL,NULL,1970,NULL,NULL,NULL,NULL,NULL,rent,"2-room apartment",63,"fully renovated","okres Martin",Martin,Stred
JuZsnFqHRPo,"ground floor",1,NULL,NULL,2006,"not available",NULL,NULL,NULL,NULL,sale,"4-room apartment",111,unrenovated,"okres Žilina",Žilina,Závodie
JubcX2eX1Ec,NULL,NULL,NULL,NULL,NULL,NULL,NULL,NULL,NULL,NULL,rent,"2-room apartment",42,"new construction","okres Martin",Martin,Stred
JuHVIRVpUCc,"ground floor",1,NULL,NULL,NULL,NULL,NULL,NULL,NULL,NULL,sale,"holiday apartment",75,"fully renovated","okres Liptovský Mikuláš","Liptovský Mikuláš","Staré mesto"
Ju43Fk0eYYh,"ground floor",NULL,NULL,NULL,1978,"not available",NULL,NULL,NULL,NULL,rent,"3-room apartment",72,"fully renovated","okres Čadca",Čadca,Žarec
JuN7uIfPm4u,"upper floor",4,7,NULL,2011,B,NULL,NULL,NULL,NULL,rent,"3-room apartment",57,"new construction","okres Žilina",Žilina,Vlčince
JuunJga2z_k,"upper floor",4,11,NULL,2023,A,NULL,NULL,NULL,NULL,sale,"2-room apartment",81,"new construction","okres Liptovský Mikuláš","Demänovská Dolina","Demänovská Dolina"
JuAChQKUc2K,"top floor",3,3,NULL,1958,"not available",NULL,NULL,yes,yes,rent,"3-room apartment",80,"fully renovated","okres Martin",Martin,Stred
Ju0haPUlmUa,NULL,NULL,NULL,NULL,NULL,NULL,NULL,NULL,NULL,NULL,sale,"3-room apartment",NULL,"new construction","okres Žilina",Žilina,Hliny
JuMd5Se4xMY,"top floor",12,NULL,NULL,NULL,NULL,NULL,NULL,NULL,NULL,sale,"3-room apartment",65,"fully renovated","okres Martin",Martin,Košúty
JusbD5cQ3a4,"upper floor",NULL,NULL,NULL,1980,NULL,NULL,NULL,NULL,NULL,sale,"3-room apartment",69,"partially renovated","okres Martin",Martin,Košúty
JuM34gAq3oh,"upper floor",2,3,NULL,2020,"in preparation",NULL,NULL,NULL,NULL,rent,"3-room apartment",90,"new construction","okres Čadca",Čadca,Centrum
JuMB3dfOXp8,"ground floor",1,3,NULL,1978,A,NULL,NULL,NULL,NULL,sale,"3-room apartment",82,"fully renovated","okres Liptovský Mikuláš","Liptovský Mikuláš",Palúdzka
JubzWbhcDfO,NULL,NULL,NULL,NULL,1980,"not available",NULL,NULL,NULL,NULL,sale,"3-room apartment",60,unrenovated,"okres Turčianske Teplice","Turčianske Teplice",NULL
JuVAMiylcZs,attic,3,3,yes,2023,A,NULL,NULL,NULL,NULL,sale,"holiday apartment",59,"new construction","okres Liptovský Mikuláš","Liptovský Mikuláš","Liptovská Mara - Tatralandia"
JunEHNrbeFP,"upper floor",3,3,NULL,2020,"not available",NULL,NULL,NULL,NULL,sale,"holiday apartment",42,"fully renovated","okres Liptovský Mikuláš","Liptovský Ján","Liptovský Ján"
JuUPtRtKqg1,"top floor",2,2,NULL,NULL,NULL,NULL,NULL,NULL,NULL,rent,"holiday apartment",27,unrenovated,"okres Tvrdošín",Nižná,Nižná
Juqo7TnYgwu,NULL,NULL,NULL,NULL,NULL,"not available",NULL,NULL,NULL,NULL,sale,"3-room apartment",87,"new construction","okres Liptovský Mikuláš","Liptovský Mikuláš",Palúdzka
JuS-j-NozyD,"upper floor",4,5,NULL,2011,B,NULL,NULL,NULL,NULL,rent,"3-room apartment",85,"new construction","okres Žilina",Žilina,Hliny
Ju6448VMXkm,NULL,NULL,NULL,NULL,1980,"not available",NULL,NULL,NULL,NULL,rent,"2-room apartment",62,"fully renovated","okres Martin",Vrútky,NULL
Ju1i5P66bxL,"upper floor",2,NULL,NULL,1976,NULL,NULL,NULL,NULL,NULL,sale,"4-room apartment",84,"fully renovated","okres Martin",Martin,Ľadoveň
JuYIUYhGIcc,"raised ground floor",NULL,NULL,NULL,NULL,B,NULL,NULL,NULL,NULL,sale,"3-room apartment",69,"partially renovated","okres Žilina",Žilina,Vlčince
JuNO1HdGb3E,"raised ground floor",1,3,NULL,NULL,B,NULL,NULL,NULL,NULL,sale,"2-room apartment",55,"fully renovated","okres Martin",Martin,Stred
JuR_dv_w6nb,"raised ground floor",1,7,yes,1990,B,NULL,NULL,NULL,NULL,rent,"3-room apartment",68,"fully renovated","okres Martin",Martin,Záturčie
JulFrto6Z8R,"ground floor",1,2,NULL,2019,A,NULL,NULL,NULL,NULL,sale,"holiday apartment",34,"new construction","okres Liptovský Mikuláš","Demänovská Dolina","Demänovská Dolina"
Ju3o-SF0dKF,"top floor",4,4,yes,2025,"in preparation",yes,NULL,yes,NULL,sale,"1-room apartment",38,"new construction","okres Žilina",Žilina,"Staré mesto"
Juena3XeNrr,NULL,NULL,NULL,NULL,NULL,"not available",NULL,NULL,NULL,NULL,sale,"2-room apartment",50,"new construction","okres Liptovský Mikuláš",Ľubeľa,Ľubeľa
JuvUgr_LkF7,"ground floor",NULL,NULL,NULL,2024,NULL,NULL,NULL,NULL,NULL,sale,"3-room apartment",62,"new construction","okres Liptovský Mikuláš","Liptovský Mikuláš","Liptovská Ondrašová"
Ju-oP3i-Pkz,"ground floor",1,8,yes,2024,A,NULL,NULL,yes,NULL,sale,"3-room apartment",73,"new construction","okres Martin",Martin,Priekopa
JuEWaQqDH0I,"upper floor",2,5,NULL,1975,"not available",yes,NULL,NULL,NULL,sale,"2-room apartment",37,"fully renovated","okres Martin",Martin,Jahodníky
JuqQMoNXFYc,"upper floor",3,5,NULL,1947,"not available",NULL,NULL,yes,yes,sale,"3-room apartment",114,"partially renovated","okres Martin",Martin,Stred
Ju6LKRO0_U9,"ground floor",1,3,NULL,1969,NULL,NULL,NULL,NULL,NULL,sale,"2-room apartment",54,"fully renovated","okres Žilina",Žilina,"Staré mesto"
Ju_TYGvbGhv,"upper floor",6,11,yes,NULL,A,NULL,NULL,NULL,NULL,sale,"holiday apartment",76,"new construction","okres Liptovský Mikuláš","Demänovská Dolina","Demänovská Dolina"
Juq7WGTR85M,"top floor",3,3,NULL,1985,"not available",NULL,NULL,NULL,NULL,sale,"2-room apartment",63,"partially renovated","okres Tvrdošín",Trstená,Trstená
JuOvpv4GR0X,"raised ground floor",NULL,NULL,NULL,NULL,NULL,NULL,NULL,NULL,NULL,sale,"2-room apartment",79,"fully renovated","okres Liptovský Mikuláš","Liptovský Mikuláš",NULL
Ju65g8tl_o6,"top floor",6,6,NULL,2025,"not available",NULL,NULL,NULL,yes,rent,"2-room apartment",55,"fully renovated","okres Bytča",Bytča,"Veľká Bytča"
Ju7s-G2xWRrv,NULL,NULL,NULL,NULL,NULL,NULL,NULL,NULL,NULL,NULL,sale,"2-room apartment",28,"new construction","okres Dolný Kubín","Dolný Kubín","Veľký Bysterec"
Jur9DmBKE6k,NULL,NULL,NULL,NULL,NULL,NULL,NULL,NULL,NULL,NULL,rent,"3-room apartment",65,"partially renovated","okres Čadca",Turzovka,Stred
Juethr02QAh,NULL,NULL,NULL,NULL,NULL,NULL,NULL,NULL,NULL,NULL,rent,"3-room apartment",55,"fully renovated","okres Dolný Kubín","Dolný Kubín",Mokraď
JuRPpAPhQaY,"upper floor",4,5,NULL,1969,NULL,NULL,NULL,NULL,NULL,rent,"3-room apartment",82,"fully renovated","okres Žilina",Žilina,"Staré mesto"
JuXIhW2sDRX,NULL,NULL,NULL,NULL,NULL,"not available",NULL,NULL,NULL,NULL,sale,"4-room apartment",87,"partially renovated","okres Žilina",Žilina,Vlčince
JukVWGCXzBK,NULL,NULL,NULL,NULL,NULL,"not available",NULL,NULL,NULL,NULL,rent,"3-room apartment",86,"fully renovated","okres Žilina",Žilina,"Staré mesto"
JuA1hP6Bd3t,"top floor",3,3,NULL,2024,A,NULL,yes,NULL,yes,sale,"4-room apartment",118,"fully renovated","okres Liptovský Mikuláš","Liptovský Mikuláš",Demänová
JunJ76UrnXo,"ground floor",1,5,NULL,NULL,NULL,NULL,NULL,NULL,NULL,sale,"2-room apartment",54,"partially renovated","okres Martin",Martin,Sever
Juy4b8nUUh5,"top floor",8,8,NULL,1999,"not available",NULL,NULL,yes,yes,sale,"3-room apartment",72,"partially renovated","okres Žilina",Žilina,Hájik
JuoKym-eugj,NULL,NULL,NULL,NULL,2025,"not available",yes,NULL,NULL,NULL,sale,"holiday apartment",47,"fully renovated","okres Ružomberok",Ružomberok,Hrabovo
JuxugnKSQZO,"upper floor",2,2,NULL,2024,"not available",NULL,NULL,NULL,NULL,sale,"2-room apartment",45,"new construction","okres Dolný Kubín","Dolný Kubín",NULL
Ju0Ee02A6Iy,"upper floor",2,8,NULL,2024,A,NULL,NULL,NULL,NULL,sale,"2-room apartment",60,"new construction","okres Žilina",Žilina,Vlčince
JuZUv2TX6Jz,"upper floor",2,4,yes,2025,"not available",NULL,NULL,NULL,NULL,sale,"holiday apartment",31,"fully renovated","okres Ružomberok",Bešeňová,Bešeňová
Ju-GH82Bvcv,"upper floor",2,3,NULL,1978,A,NULL,NULL,NULL,NULL,sale,"3-room apartment",80,"partially renovated","okres Liptovský Mikuláš","Liptovský Mikuláš",Palúdzka
JumwKAHAQZ-,attic,2,2,NULL,2021,A,yes,NULL,yes,NULL,sale,"holiday apartment",147,"new construction","okres Bytča",Súľov-Hradná,Súľov-Hradná
Ju36lkCzKpS,"top floor",7,7,yes,1978,"not available",yes,NULL,NULL,NULL,sale,"2-room apartment",50,"fully renovated","okres Martin",Martin,Priekopa
JuVL9EcWc2t,"upper floor",4,6,NULL,2025,"not available",NULL,NULL,NULL,NULL,rent,"2-room apartment",55,"fully renovated","okres Bytča",Bytča,"Veľká Bytča"
JuXRr8c0-gp,"upper floor",2,4,yes,2018,A,NULL,NULL,NULL,NULL,sale,"holiday apartment",25,"new construction","okres Liptovský Mikuláš","Liptovský Ján","Liptovský Ján"
JuUYkSiI3DC,NULL,NULL,NULL,NULL,NULL,NULL,NULL,NULL,NULL,NULL,sale,"holiday apartment",NULL,"new construction","okres Liptovský Mikuláš","Liptovský Mikuláš","Liptovská Mara - Tatralandia"
JuqLWeKD7Wh,"top floor",8,8,NULL,1985,B,NULL,NULL,NULL,NULL,sale,"2-room apartment",50,unrenovated,"okres Liptovský Mikuláš","Liptovský Mikuláš",Podbreziny
Juq8LRZ6yKQ,"upper floor",3,7,yes,1974,"not available",NULL,NULL,NULL,NULL,sale,"3-room apartment",68,unrenovated,"okres Ružomberok",Ružomberok,Roveň
Ju_IKpLJHsv,NULL,NULL,NULL,NULL,NULL,NULL,NULL,NULL,NULL,NULL,sale,"holiday apartment",31,"fully renovated","okres Ružomberok",Bešeňová,Bešeňová
JugAp1u_qk1,"upper floor",6,8,yes,1980,"not available",NULL,NULL,NULL,NULL,rent,"studio apartment",22,"fully renovated","okres Žilina",Žilina,Vlčince
JuJPy3KQ41X,"upper floor",6,NULL,yes,2025,"not available",yes,NULL,NULL,yes,rent,"2-room apartment",52,"new construction","okres Martin",Martin,Priekopa
Ju_bbWxDvZ7,"top floor",NULL,NULL,NULL,NULL,"not available",NULL,NULL,NULL,NULL,rent,"1-room apartment",38,"fully renovated","okres Liptovský Mikuláš","Liptovský Mikuláš",NULL
JuuKGKckyxy,"top floor",4,4,NULL,1972,"not available",NULL,NULL,NULL,NULL,sale,"3-room apartment",68,"partially renovated","okres Martin",Vrútky,"Horné Vrútky"
Ju7lyYOfLaW,"upper floor",2,7,yes,1960,B,NULL,NULL,NULL,NULL,sale,"1-room apartment",43,unrenovated,"okres Žilina",Žilina,Hliny
Ju7UlN5liG9,"upper floor",4,4,yes,2025,A,NULL,NULL,NULL,NULL,sale,"3-room apartment",96,"new construction","okres Martin",Martin,Jahodníky
JuVUnBR3tKh,"top floor",6,6,NULL,2009,NULL,NULL,NULL,NULL,NULL,sale,"2-room apartment",74,"new construction","okres Žilina",Žilina,Bôrik
JuQBqq7Pwpu,"upper floor",2,4,NULL,1969,B,NULL,NULL,NULL,NULL,rent,"2-room apartment",85,"fully renovated","okres Žilina",Žilina,"Staré mesto"
Jux-89v_b-H,NULL,NULL,NULL,NULL,1989,"not available",NULL,NULL,NULL,NULL,sale,"3-room apartment",75,"partially renovated","okres Kysucké Nové Mesto","Kysucké Nové Mesto",Kamence
JuRirU25uGC,"upper floor",3,4,NULL,1995,"not available",NULL,NULL,NULL,NULL,sale,"4-room apartment",162,"fully renovated","okres Žilina",Žilina,"Staré mesto"
JuH61G00WWP,"upper floor",5,13,yes,1900,B,yes,NULL,yes,NULL,sale,"3-room apartment",73,"partially renovated","okres Liptovský Mikuláš","Liptovský Mikuláš",Podbreziny
JuzhlHJjU2y,"upper floor",3,6,NULL,2023,A,NULL,NULL,NULL,NULL,sale,"3-room apartment",84,"new construction","okres Kysucké Nové Mesto","Kysucké Nové Mesto",Kamence
JuTPBH57dwB,"top floor",4,4,NULL,2027,A,NULL,NULL,NULL,NULL,sale,"4-room apartment",156,"development project","okres Liptovský Mikuláš","Liptovský Mikuláš","Staré mesto"
JuA6AvNGWkt,"ground floor",1,2,NULL,NULL,NULL,NULL,NULL,NULL,NULL,sale,"2-room apartment",55,"fully renovated","okres Liptovský Mikuláš","Liptovský Mikuláš","Staré mesto"
JuV3Qm6Wkc0,"upper floor",4,8,yes,NULL,B,NULL,NULL,NULL,NULL,sale,"4-room apartment",84,"fully renovated","okres Žilina",Martin,Priekopa
JuzpWPdpylQ,"upper floor",3,8,yes,2025,A,NULL,NULL,NULL,NULL,sale,"3-room apartment",88,"new construction","okres Žilina",Žilina,Vlčince
JukmrMnXO9z,"upper floor",6,9,yes,1973,"not available",NULL,NULL,NULL,yes,sale,"2-room apartment",57,unrenovated,"okres Martin",Martin,Košúty
JuYVsYrHNhK,"raised ground floor",1,8,yes,1986,"not available",NULL,NULL,NULL,NULL,sale,"3-room apartment",70,"partially renovated","okres Turčianske Teplice","Turčianske Teplice",Stred
JulaIQCE-Uz,"upper floor",3,NULL,yes,NULL,NULL,NULL,NULL,NULL,NULL,rent,"2-room apartment",51,"new construction","okres Liptovský Mikuláš","Liptovský Mikuláš",Palúdzka
JuVfkYvfV4D,"upper floor",9,10,yes,2025,"not available",yes,NULL,yes,NULL,sale,"holiday apartment",84,"new construction","okres Žilina",Žilina,"Staré mesto"
JuXClsCim_Y,NULL,NULL,NULL,NULL,NULL,NULL,NULL,NULL,NULL,NULL,rent,"3-room apartment",85,"partially renovated","okres Žilina",Žilina,"Staré mesto"
JufDkMDnCvm,"upper floor",2,4,NULL,1980,"not available",NULL,NULL,NULL,NULL,rent,"3-room apartment",79,"fully renovated","okres Žilina",Žilina,Bytčica
JukJYQ0D3dC,NULL,NULL,NULL,NULL,1968,"not available",NULL,NULL,NULL,NULL,sale,"3-room apartment",93,"partially renovated","okres Žilina",Čičmany,Čičmany
JuF1TjEV1Ru,"ground floor",1,1,NULL,2020,NULL,NULL,NULL,NULL,NULL,sale,"3-room apartment",63,"new construction","okres Martin","Košťany nad Turcom","Košťany nad Turcom"
JuNLjCrLJ47,"ground floor",1,2,NULL,1956,"not available",NULL,NULL,NULL,NULL,sale,"other apartment type",200,unrenovated,"okres Martin",Martin,Stred
JuVvtE4iYcW,"ground floor",1,2,NULL,2022,A,NULL,NULL,NULL,NULL,sale,"holiday apartment",39,"new construction","okres Dolný Kubín","Dolný Kubín",Stred
Ju8ym9e1pKJ,"ground floor",NULL,NULL,NULL,1977,A,NULL,NULL,yes,NULL,sale,"1-room apartment",40,"partially renovated","okres Čadca",Čadca,Žarec
JugsT-r1Fjq,attic,11,12,NULL,NULL,"not available",NULL,NULL,NULL,yes,sale,"studio apartment",25,unrenovated,"okres Martin",Martin,Sever
JuRvKY-BDAM,"upper floor",2,3,NULL,1990,"not available",yes,NULL,yes,NULL,sale,"studio apartment",33,"partially renovated","okres Liptovský Mikuláš","Liptovská Porúbka","Liptovská Porúbka"
JuXB6L99RjI,"upper floor",15,22,NULL,2010,"not available",NULL,NULL,NULL,NULL,rent,"2-room apartment",55,"new construction","okres Žilina",Žilina,Vlčince
Ju6Fxzj1aPV,"ground floor",1,1,NULL,1970,"not available",NULL,NULL,yes,yes,sale,"3-room apartment",72,"fully renovated","okres Turčianske Teplice","Turčianske Teplice",Stred
JuvyqEQLT9W,NULL,NULL,NULL,NULL,2025,"not available",yes,NULL,NULL,NULL,rent,"4-room apartment",100,unrenovated,"okres Martin",Martin,Priekopa
Ju8nwr--d8J,"upper floor",5,6,yes,2025,A,NULL,NULL,NULL,NULL,sale,"holiday apartment",87,"under construction","okres Liptovský Mikuláš","Demänovská Dolina","Demänovská Dolina"
JuB0hydoQt_,"ground floor",NULL,NULL,NULL,NULL,"not available",NULL,NULL,NULL,yes,sale,"2-room apartment",79,"partially renovated","okres Liptovský Mikuláš","Liptovský Mikuláš","Staré mesto"
JuM_6zn3dEU,"upper floor",4,8,NULL,2025,A,NULL,NULL,NULL,NULL,sale,"4-room apartment",89,"fully renovated","okres Martin",Martin,Ľadoveň
JuCSthEMyi8,"top floor",3,3,NULL,2000,"not available",NULL,NULL,NULL,NULL,sale,"4-room apartment",118,"partially renovated","okres Žilina",Žilina,"Staré mesto"
JuUgt1O2AUN,NULL,NULL,NULL,NULL,NULL,A,NULL,NULL,NULL,NULL,sale,"2-room apartment",42,"new construction","okres Liptovský Mikuláš","Malé Borové","Malé Borové"
JuNZ8PQ1HeL,"upper floor",3,4,NULL,1965,B,NULL,NULL,NULL,NULL,sale,"3-room apartment",76,"partially renovated","okres Ružomberok",Ružomberok,Polík
JubK5ISUXOm,"upper floor",5,6,yes,2025,A,NULL,yes,NULL,yes,sale,"4-room apartment",77,"under construction","okres Kysucké Nové Mesto","Kysucké Nové Mesto",Kamence
JuktNGvsiwv,"top floor",4,4,yes,2025,"in preparation",yes,NULL,yes,NULL,sale,"1-room apartment",38,"new construction","okres Žilina",Žilina,"Staré mesto"
Ju5B5pSVvke,"upper floor",6,8,NULL,1970,"not available",NULL,NULL,NULL,NULL,rent,"3-room apartment",72,"fully renovated","okres Žilina",Žilina,"Staré mesto"
JugR8pX-gZX,NULL,NULL,NULL,NULL,1980,"not available",NULL,NULL,NULL,NULL,sale,"3-room apartment",69,"partially renovated","okres Martin",Martin,Ľadoveň
JumTQJJZB7H,"raised ground floor",NULL,NULL,NULL,2008,"not available",NULL,NULL,NULL,NULL,sale,"3-room apartment",155,"partially renovated","okres Žilina",Žilina,Hájik
JuaFAuw30OV,"top floor",4,4,NULL,1940,"not available",NULL,NULL,NULL,NULL,sale,loft,28,"partially renovated","okres Žilina",Žilina,"Staré mesto"
Ju-FXGTnvER,NULL,NULL,NULL,NULL,2025,"not available",NULL,yes,NULL,yes,sale,"4-room apartment",83,unrenovated,"okres Žilina",Žilina,Vlčince
JuHXoN0ryfa,"upper floor",3,NULL,NULL,2009,"not available",NULL,NULL,NULL,NULL,sale,"3-room apartment",86,unrenovated,"okres Žilina",Žilina,Vlčince
JuYsJLbvRpN,"upper floor",3,4,NULL,1969,A,NULL,NULL,NULL,NULL,sale,"2-room apartment",56,"fully renovated","okres Kysucké Nové Mesto","Kysucké Nové Mesto",Sídlisko
JuRYP3Oa6YZ,"top floor",3,3,NULL,2020,A,NULL,NULL,NULL,NULL,sale,"4-room apartment",150,"new construction","okres Dolný Kubín","Dolný Kubín",Stred
JuKfypJ44Pi,"ground floor",1,2,NULL,1981,"not available",NULL,NULL,NULL,NULL,rent,"2-room apartment",50,"fully renovated","okres Čadca",Klubina,Klubina
JuB63TyYdjm,"upper floor",2,4,yes,2027,A,NULL,NULL,NULL,NULL,sale,loft,60,"under construction","okres Liptovský Mikuláš","Liptovský Mikuláš","Staré mesto"
JuwdDOrpGK5,"upper floor",4,8,yes,NULL,B,NULL,NULL,NULL,NULL,sale,"4-room apartment",84,"fully renovated","okres Martin",Martin,Priekopa
JuQLJpNFPOX,"top floor",4,NULL,NULL,NULL,NULL,NULL,yes,NULL,yes,rent,"1-room apartment",35,"partially renovated","okres Dolný Kubín","Dolný Kubín","Veľký Bysterec"
JupfL7Qxmcc,"upper floor",2,7,yes,2013,"not available",NULL,yes,NULL,yes,rent,"3-room apartment",115,"new construction","okres Žilina",Žilina,Hliny
JuF5xNSQO5x,NULL,NULL,NULL,NULL,NULL,NULL,NULL,NULL,NULL,NULL,sale,"1-room apartment",38,"partially renovated","okres Čadca",Čadca,Žarec
Juk3yNZ7Eva,"raised ground floor",NULL,NULL,NULL,NULL,NULL,NULL,NULL,NULL,NULL,rent,"2-room apartment",60,"new construction","okres Žilina","Rajecké Teplice","Rajecké Teplice"
JuiS9BjPEIo,"top floor",3,3,yes,2016,A,NULL,NULL,NULL,NULL,sale,"2-room apartment",38,"new construction","okres Liptovský Mikuláš","Demänovská Dolina","Demänovská Dolina"
Jug3a9-mziM,attic,3,3,NULL,2022,A,NULL,NULL,NULL,NULL,sale,"2-room apartment",77,"new construction","okres Liptovský Mikuláš","Liptovský Hrádok",Celiny
JuZzvx283W0,NULL,NULL,NULL,NULL,NULL,NULL,NULL,NULL,NULL,NULL,rent,"1-room apartment",30,"fully renovated","okres Martin",Martin,Stred
Ju8DPYGWH3G,NULL,NULL,NULL,NULL,2022,NULL,NULL,NULL,NULL,NULL,sale,"2-room apartment",39,"new construction","okres Dolný Kubín","Dolný Kubín",Stred
JuP5uFTNe1Q,"top floor",7,7,NULL,2010,"not available",NULL,yes,NULL,yes,rent,"3-room apartment",87,"new construction","okres Žilina",Žilina,Vlčince
JuALKaJfivV,"raised ground floor",NULL,NULL,NULL,1990,NULL,NULL,NULL,NULL,NULL,rent,"3-room apartment",70,unrenovated,"okres Žilina",Žilina,Hájik
Juns9vrGm9z,"ground floor",1,4,NULL,2024,A,NULL,NULL,NULL,NULL,sale,"holiday apartment",61,"new construction","okres Námestovo","Oravská Lesná","Oravská Lesná"
JuviBInVrFn,NULL,NULL,NULL,NULL,NULL,NULL,NULL,NULL,NULL,NULL,rent,"1-room apartment",37,"fully renovated","okres Martin",Martin,Stred
JuqUuNNcs6x,"ground floor",1,4,NULL,NULL,NULL,NULL,NULL,NULL,NULL,rent,"2-room apartment",48,"new construction","okres Liptovský Mikuláš","Liptovský Mikuláš",Palúdzka
Juy-j07S1W7,"ground floor",1,2,NULL,2024,A,NULL,NULL,NULL,NULL,sale,"holiday apartment",69,"new construction","okres Turčianske Teplice","Turčianske Teplice",Stred
JuIG-Ap8rLX,"top floor",4,4,NULL,2025,"not available",NULL,NULL,NULL,NULL,sale,"3-room apartment",85,"new construction","okres Tvrdošín",Zuberec,Zuberec
Ju3G8jSFFI9,"ground floor",1,3,NULL,2020,"not available",NULL,NULL,NULL,NULL,rent,"2-room apartment",52,"new construction","okres Čadca",Čadca,Centrum
JuQKqXinTqJ,"upper floor",3,5,yes,2025,A,NULL,NULL,NULL,yes,sale,"3-room apartment",75,"new construction","okres Žilina",Žilina,Hájik
Ju7FBuvMeEz,"top floor",2,2,NULL,1987,"not available",yes,yes,yes,yes,sale,"3-room apartment",63,"partially renovated","okres Žilina",Žilina,"Považský Chlmec"
Jus3m-rZi5G,"upper floor",4,6,NULL,2025,"not available",NULL,NULL,NULL,NULL,rent,"2-room apartment",53,"fully renovated","okres Bytča",Bytča,"Veľká Bytča"
JuIV5E-BtYf,"top floor",4,4,yes,2024,A,NULL,NULL,NULL,yes,sale,"3-room apartment",99,"new construction","okres Turčianske Teplice","Turčianske Teplice",Stred
JuoJ6B-WiVu,"upper floor",2,3,NULL,1900,"not available",NULL,NULL,NULL,NULL,sale,"2-room apartment",59,"new construction","okres Liptovský Mikuláš","Liptovský Mikuláš",Demänová
JuCUhlSV9_h,"upper floor",2,7,NULL,1989,B,NULL,NULL,yes,yes,sale,"4-room apartment",90,"partially renovated","okres Martin",Martin,Záturčia
Juk5yDVhn6R,NULL,NULL,NULL,NULL,NULL,NULL,NULL,NULL,NULL,NULL,sale,"3-room apartment",73,unrenovated,"okres Liptovský Mikuláš","Liptovský Mikuláš","Staré mesto"
Julv6O2K4io,"upper floor",NULL,NULL,NULL,1980,NULL,NULL,NULL,NULL,NULL,rent,"2-room apartment",58,"partially renovated","okres Martin",Martin,Sever
Ju1Hfz04CkU,"ground floor",1,2,NULL,2023,B,NULL,yes,NULL,yes,sale,"3-room apartment",130,"new construction","okres Bytča",Súľov-Hradná,Súľov-Hradná
JuT66Fppd38,"ground floor",1,2,NULL,1970,"not available",NULL,NULL,NULL,NULL,sale,"studio apartment",14,"fully renovated","okres Dolný Kubín","Oravský Podzámok","Oravský Podzámok"
Ju75IN_Zjx0,NULL,NULL,NULL,NULL,NULL,NULL,NULL,NULL,NULL,NULL,sale,"2-room apartment",55,"partially renovated","okres Čadca",Turzovka,Stred
JupU33o9uCP,"ground floor",1,2,NULL,2022,A,NULL,NULL,NULL,NULL,sale,"1-room apartment",43,"new construction","okres Ružomberok",Ružomberok,Hrabovo
JuxRPO2xwZZ,"upper floor",3,3,NULL,2015,"not available",yes,NULL,NULL,NULL,rent,"2-room apartment",54,"new construction","okres Martin",Martin,Stred
Jugu2Y2-InX,"ground floor",1,NULL,NULL,NULL,B,NULL,yes,NULL,yes,rent,"2-room apartment",67,"partially renovated","okres Žilina",Žilina,Bôrik
JuxFFLySNPg,"top floor",8,8,NULL,2025,A,NULL,NULL,NULL,NULL,sale,"3-room apartment",71,"under construction","okres Ružomberok",Ružomberok,Roveň
Ju7ymmOZXTG,"upper floor",2,4,yes,2025,"in preparation",yes,NULL,yes,NULL,sale,"1-room apartment",37,"new construction","okres Žilina",Žilina,"Staré mesto"
JuPbmK8oIXM,"upper floor",2,5,NULL,2025,A,NULL,yes,NULL,yes,sale,"2-room apartment",53,"new construction","okres Liptovský Mikuláš","Liptovský Mikuláš",Palúdzka
JuFA8PJP0f8,"upper floor",4,5,NULL,1900,"not available",NULL,NULL,NULL,NULL,rent,"2-room apartment",59,"fully renovated","okres Martin",Martin,Stred
Juwwl8fsexY,"upper floor",2,4,yes,2019,"not available",NULL,NULL,NULL,NULL,sale,"holiday apartment",57,"fully renovated","okres Ružomberok",Ružomberok,Hrabovo
JuziSU1LhLt,NULL,NULL,NULL,NULL,NULL,NULL,NULL,NULL,NULL,NULL,rent,"studio apartment",37,"new construction","okres Martin",Martin,Podháj
JucVDDFBRT8,"ground floor",1,6,NULL,2025,A,yes,NULL,NULL,yes,rent,"4-room apartment",93,"fully renovated","okres Bytča",Bytča,"Veľká Bytča"
JuANNBb14Ku,NULL,NULL,NULL,NULL,NULL,NULL,NULL,NULL,NULL,NULL,rent,"1-room apartment",28,"partially renovated","okres Dolný Kubín",Istebné,Istebné
JuKXYAqOf2e,"ground floor",1,3,NULL,2020,A,NULL,NULL,NULL,NULL,sale,"holiday apartment",26,"new construction","okres Liptovský Mikuláš","Liptovský Mikuláš",Demänová
Ju9bVHvcqcL,"upper floor",2,3,NULL,2022,NULL,NULL,NULL,NULL,NULL,sale,"holiday apartment",62,"new construction","okres Námestovo","Oravská Lesná","Oravská Lesná"
Ju8feO0vuod,"ground floor",1,6,NULL,2024,A,NULL,NULL,NULL,NULL,sale,"4-room apartment",86,"new construction","okres Bytča",Bytča,"Thurzove sady"
JuIFK1fc6FD,"upper floor",5,6,yes,NULL,NULL,NULL,yes,NULL,yes,rent,"3-room apartment",80,"partially renovated","okres Martin",Martin,Sever
Juea9VaEEz4,"top floor",3,3,NULL,2024,"not available",NULL,yes,yes,NULL,sale,"2-room apartment",45,"new construction","okres Žilina","Rajecké Teplice","Rajecké Teplice"
Jueq_fze_5r,NULL,NULL,NULL,NULL,NULL,NULL,NULL,NULL,NULL,NULL,rent,"2-room apartment",NULL,"new construction","okres Liptovský Mikuláš","Liptovský Mikuláš",Palúdzka
Ju3RCMQs9vo,"raised ground floor",1,2,NULL,2022,A,NULL,NULL,NULL,yes,rent,"2-room apartment",60,"new construction","okres Liptovský Mikuláš","Liptovský Mikuláš","Staré mesto"
JuXdiDoNNIv,"ground floor",1,3,NULL,1955,"not available",NULL,NULL,NULL,NULL,sale,"2-room apartment",63,unrenovated,"okres Martin",Martin,Stred
Ju0lAAcuMC-,"upper floor",NULL,NULL,NULL,2009,NULL,NULL,NULL,NULL,NULL,sale,"3-room apartment",100,"partially renovated","okres Žilina",Žilina,"Staré mesto"
Ju-yDJSlQCf,"raised ground floor",NULL,NULL,NULL,2004,"not available",NULL,NULL,NULL,NULL,sale,"4-room apartment",109,unrenovated,"okres Žilina",Žilina,Závodie
JuSCw29I996,"upper floor",3,6,NULL,2025,"not available",NULL,NULL,NULL,NULL,rent,"3-room apartment",72,"fully renovated","okres Liptovský Mikuláš","Liptovský Hrádok",Prekážka
Ju34bdWwwrW,NULL,NULL,NULL,NULL,1958,"not available",NULL,NULL,NULL,NULL,sale,"3-room apartment",91,"partially renovated","okres Martin",Martin,Sever
JuSL8akIpnl,"upper floor",3,4,yes,NULL,NULL,NULL,yes,yes,NULL,sale,"2-room apartment",70,unrenovated,"okres Dolný Kubín","Dolný Kubín",Brezovec
JunNE3gm3lK,"top floor",7,7,yes,NULL,NULL,NULL,NULL,NULL,NULL,sale,"holiday apartment",34,"new construction","okres Ružomberok",Bešeňová,Bešeňová
JubD2pJKl5g,"upper floor",10,10,yes,2027,"not available",NULL,yes,yes,NULL,sale,"3-room apartment",100,"new construction","okres Žilina",Žilina,"Staré mesto"
JuLSY56QzCa,"upper floor",4,6,NULL,2005,"not available",NULL,NULL,NULL,yes,sale,"3-room apartment",85,"partially renovated","okres Martin",Vrútky,"Horné Vrútky"
JuiHekkzZ0E,NULL,NULL,NULL,NULL,NULL,NULL,NULL,NULL,NULL,NULL,sale,"3-room apartment",NULL,"fully renovated","okres Liptovský Mikuláš","Liptovský Mikuláš","Vrbica - Nábrežie"
JuLjftxvY7o,NULL,NULL,NULL,NULL,NULL,B,NULL,NULL,NULL,NULL,sale,"4-room apartment",89,"partially renovated","okres Dolný Kubín","Dolný Kubín",Brezovec
JuOipBrhKGg,"ground floor",1,5,NULL,NULL,NULL,NULL,NULL,NULL,NULL,sale,"2-room apartment",55,unrenovated,"okres Námestovo",Námestovo,Brehy
JulLkJwhVa1,NULL,NULL,NULL,NULL,NULL,NULL,NULL,NULL,NULL,NULL,sale,"3-room apartment",67,unrenovated,"okres Martin",Martin,Sever
JuYmnqxfCfU,"upper floor",5,6,NULL,2025,"not available",yes,NULL,NULL,NULL,rent,"2-room apartment",52,"fully renovated","okres Bytča",Bytča,"Veľká Bytča"
Ju8j-hPnALY,"upper floor",2,11,yes,NULL,A,NULL,NULL,NULL,NULL,sale,"holiday apartment",43,"new construction","okres Liptovský Mikuláš","Demänovská Dolina","Demänovská Dolina"
Ju2RLrI1kcS,"upper floor",5,8,NULL,2009,"not available",NULL,NULL,NULL,NULL,rent,"2-room apartment",71,"new construction","okres Žilina",Žilina,Vlčince
JunCOKnq7PY,"top floor",7,7,yes,NULL,NULL,NULL,NULL,NULL,NULL,sale,"3-room apartment",72,"partially renovated","okres Kysucké Nové Mesto","Kysucké Nové Mesto",Stred
JuPViaCTmSo,"upper floor",2,4,yes,2024,"not available",NULL,NULL,NULL,NULL,sale,"3-room apartment",70,"under construction","okres Liptovský Mikuláš",Východná,Východná
JuniaoRdvqE,"ground floor",1,2,NULL,2025,A,yes,NULL,yes,NULL,sale,"2-room apartment",44,"new construction","okres Liptovský Mikuláš","Liptovský Mikuláš","Staré mesto"
JueF3dmbicv,"upper floor",2,3,NULL,2025,"not available",NULL,NULL,NULL,NULL,sale,"3-room apartment",80,"partially renovated","okres Čadca","Dlhá nad Kysucou","Dlhá nad Kysucou"
JuLfK4N9KuJ,"top floor",2,2,NULL,2000,"not available",NULL,NULL,NULL,NULL,rent,"4-room apartment",90,"fully renovated","okres Žilina",Žilina,"Staré mesto"
JuKI6_CGWPh,"top floor",2,2,NULL,2016,"not available",NULL,NULL,NULL,NULL,sale,"holiday apartment",25,"new construction","okres Liptovský Mikuláš","Liptovský Mikuláš",Demänová
JuwROzF7MPz,"upper floor",2,8,yes,2025,"not available",NULL,NULL,NULL,NULL,sale,"1-room apartment",34,"partially renovated","okres Ružomberok",Ružomberok,Klačno
JuVxrPNOwNZ,"ground floor",1,2,NULL,2025,"in preparation",NULL,NULL,NULL,NULL,sale,"3-room apartment",112,"new construction","okres Námestovo",Námestovo,Polom
JusbqvfGHuD,"ground floor",1,5,NULL,1975,"not available",NULL,NULL,NULL,NULL,sale,"studio apartment",38,"fully renovated","okres Martin",Martin,Priekopa
Juf6pNtbqh1,"upper floor",2,5,NULL,1961,"not available",NULL,NULL,NULL,NULL,sale,"3-room apartment",72,"partially renovated","okres Martin",Martin,Stred
JuXFWi9ToVv,"upper floor",2,3,NULL,1979,"not available",NULL,NULL,NULL,NULL,rent,"1-room apartment",43,"fully renovated","okres Námestovo",Námestovo,NULL
Juc4p__s1-a,"upper floor",NULL,NULL,NULL,NULL,"not available",NULL,NULL,NULL,NULL,sale,"2-room apartment",70,"fully renovated","okres Žilina",Žilina,"Staré mesto"
JubH8PB1O7h,"top floor",3,3,NULL,1995,A,NULL,NULL,NULL,NULL,sale,"3-room apartment",80,"fully renovated","okres Martin",Martin,Stred
JuIAvskne5z,"upper floor",3,7,NULL,1975,"not available",NULL,NULL,NULL,NULL,rent,"2-room apartment",60,"fully renovated","okres Liptovský Mikuláš","Liptovský Mikuláš","Vrbica - Nábrežie"
JuPKK388ZCm,NULL,NULL,NULL,NULL,NULL,NULL,NULL,NULL,NULL,NULL,sale,"2-room apartment",42,"fully renovated","okres Čadca",Staškov,Staškov
JumrPKthwP7,NULL,NULL,NULL,NULL,NULL,"not available",NULL,NULL,NULL,NULL,rent,"2-room apartment",64,"new construction","okres Bytča",Maršová-Rašov,Maršová-Rašov
JuewRpsuNGh,NULL,NULL,NULL,NULL,NULL,NULL,NULL,NULL,NULL,NULL,rent,"1-room apartment",NULL,"fully renovated","okres Martin",Martin,Podháj
JuOCwlB4zqX,NULL,NULL,NULL,NULL,NULL,NULL,NULL,NULL,NULL,NULL,rent,"2-room apartment",67,"new construction","okres Martin",Martin,Podháj
Juaxt90u-z9,"upper floor",2,3,NULL,2018,"not available",NULL,NULL,NULL,NULL,sale,"4-room apartment",103,"fully renovated","okres Bytča",Bytča,"Hliník nad Váhom"
JuU9JEZLTwi,"ground floor",1,2,NULL,1900,G,NULL,NULL,NULL,NULL,sale,"3-room apartment",90,"partially renovated","okres Turčianske Teplice",Turček,Turček
Ju6c9z03WhY,"upper floor",2,3,NULL,1955,"not available",yes,NULL,yes,NULL,rent,"2-room apartment",63,"fully renovated","okres Martin",Martin,Stred
JunIIQTPa44,"upper floor",3,4,NULL,2027,A,NULL,NULL,NULL,NULL,sale,"4-room apartment",110,"under construction","okres Liptovský Mikuláš","Liptovský Mikuláš","Staré mesto"
Juz4W9SDfoY,"upper floor",6,7,NULL,1983,B,NULL,NULL,NULL,NULL,sale,"2-room apartment",50,"partially renovated","okres Žilina",Žilina,Solinky
Ju5NSmHtePH,"upper floor",3,7,NULL,1996,"not available",NULL,NULL,NULL,yes,sale,"3-room apartment",89,"fully renovated","okres Martin",Martin,Záturčie
JuUaKO5dYge,NULL,NULL,NULL,NULL,NULL,NULL,NULL,NULL,NULL,NULL,sale,"3-room apartment",83,"new construction","okres Dolný Kubín","Dolný Kubín",Stred
Ju6w7wQRZXw,"ground floor",1,2,NULL,2005,"not available",yes,NULL,NULL,yes,sale,"holiday apartment",86,unrenovated,"okres Čadca",Oščadnica,Oščadnica
JupVQ9BHiZG,"ground floor",1,8,NULL,1969,NULL,NULL,NULL,NULL,NULL,sale,"2-room apartment",52,unrenovated,"okres Žilina",Žilina,Hliny
JueYWDVVrdd,NULL,NULL,NULL,NULL,NULL,NULL,NULL,NULL,NULL,NULL,rent,"2-room apartment",80,"new construction","okres Námestovo",Mútne,Mútne
Ju9hEcnte9-,NULL,NULL,NULL,NULL,NULL,NULL,NULL,NULL,NULL,NULL,rent,"3-room apartment",73,"partially renovated","okres Námestovo",Námestovo,Brehy
JuYML_WMLmL,"upper floor",10,11,yes,1965,B,NULL,NULL,NULL,NULL,sale,"2-room apartment",67,"fully renovated","okres Liptovský Mikuláš","Liptovský Mikuláš","Vrbica - Nábrežie"
JuInvssV5eE,"upper floor",2,8,NULL,2025,A,NULL,NULL,NULL,NULL,sale,"1-room apartment",32,"under construction","okres Ružomberok",Ružomberok,Roveň
JuZ68DUQRpn,NULL,NULL,NULL,NULL,NULL,A,NULL,NULL,NULL,NULL,sale,"3-room apartment",58,"new construction","okres Liptovský Mikuláš","Malé Borové","Malé Borové"
JupACoTE9Yo,"top floor",NULL,NULL,NULL,1990,NULL,NULL,NULL,NULL,NULL,sale,"3-room apartment",69,"fully renovated","okres Martin",Martin,Košúty
Ju5bhE-1H2z,"upper floor",2,4,NULL,2010,"not available",NULL,NULL,NULL,NULL,sale,"1-room apartment",32,"new construction","okres Ružomberok",Ružomberok,Hrabovo
Jukzit6pFoZ,"top floor",3,3,NULL,1995,A,NULL,NULL,NULL,NULL,sale,"2-room apartment",66,"fully renovated","okres Martin",Martin,Stred
JuipAuQVd0x,"upper floor",4,8,yes,1985,"not available",NULL,NULL,NULL,yes,sale,"1-room apartment",35,"partially renovated","okres Martin",Martin,Záturčie
Ju12bwYQ7nT,"top floor",2,2,NULL,2022,A,yes,NULL,NULL,NULL,rent,"3-room apartment",63,"new construction","okres Martin",Martin,Záturčie
JudGtDjR-sv,"ground floor",NULL,NULL,NULL,1900,"not available",yes,NULL,NULL,yes,sale,"2-room apartment",79,"fully renovated","okres Liptovský Mikuláš","Liptovský Mikuláš","Staré mesto"
JuMuHR9ALAx,NULL,NULL,NULL,NULL,NULL,NULL,NULL,NULL,NULL,NULL,sale,"2-room apartment",54,"new construction","okres Liptovský Mikuláš","Liptovský Hrádok",Prekážka
JubXkgOc5Vf,"ground floor",NULL,NULL,NULL,2025,"not available",NULL,NULL,yes,NULL,sale,"holiday apartment",34,"new construction","okres Liptovský Mikuláš","Liptovský Mikuláš",Demänová
JuykdgfJYfL,"top floor",3,3,NULL,2025,NULL,NULL,NULL,NULL,NULL,sale,"2-room apartment",56,"new construction","okres Žilina",Žilina,Bytčica
JutR_NlarhR,"raised ground floor",1,8,NULL,2009,"not available",NULL,NULL,NULL,NULL,rent,"2-room apartment",69,"new construction","okres Žilina",Žilina,Bôrik
JuGMS7Q7AS7,"upper floor",2,4,NULL,2027,A,NULL,NULL,NULL,NULL,sale,"3-room apartment",76,"under construction","okres Liptovský Mikuláš","Liptovský Mikuláš","Staré mesto"
Juuzq73KdvI,"upper floor",3,NULL,yes,NULL,NULL,NULL,NULL,NULL,NULL,sale,"2-room apartment",68,"partially renovated","okres Žilina",Žilina,Hliny
JuSGqC8nbbl,NULL,NULL,NULL,NULL,NULL,NULL,NULL,NULL,NULL,NULL,rent,"3-room apartment",60,"fully renovated","okres Žilina",Žilina,Hliny
Ju6fwBTV6P6,NULL,NULL,NULL,NULL,NULL,"not available",NULL,NULL,NULL,NULL,rent,"2-room apartment",54,unrenovated,"okres Žilina",Žilina,Bôrik
JuPaHBO-gez,"upper floor",2,3,NULL,1980,"not available",yes,NULL,NULL,NULL,sale,"2-room apartment",71,unrenovated,"okres Martin",Martin,NULL
JupFlDUtQOE,NULL,NULL,NULL,NULL,NULL,NULL,NULL,NULL,NULL,NULL,rent,"2-room apartment",46,"new construction","okres Žilina",Žilina,"Staré mesto"
JuoVsoGKe3I,"upper floor",7,10,yes,1970,B,yes,NULL,NULL,NULL,sale,"3-room apartment",68,unrenovated,"okres Ružomberok",Ružomberok,Roveň
JuYypAB3WNO,"upper floor",3,7,yes,2020,"not available",NULL,NULL,yes,yes,rent,"studio apartment",29,"new construction","okres Žilina",Žilina,Vlčince
JuZJo0wlRRU,"upper floor",2,5,yes,2024,A,NULL,NULL,NULL,NULL,sale,"1-room apartment",29,"new construction","okres Ružomberok","Liptovská Teplá","Liptovská Teplá"
JuakfUC89nT,"ground floor",1,7,yes,1984,"not available",NULL,NULL,NULL,NULL,sale,"studio apartment",22,"partially renovated","okres Žilina",Žilina,Vlčince
JuwiNiRwZ-G,"upper floor",2,6,NULL,2025,A,yes,NULL,yes,NULL,rent,"3-room apartment",74,"fully renovated","okres Bytča",Bytča,"Veľká Bytča"
JuOFc-qmQAu,NULL,NULL,NULL,NULL,NULL,NULL,NULL,NULL,NULL,NULL,rent,"2-room apartment",67,"new construction","okres Liptovský Mikuláš","Liptovský Mikuláš",Palúdzka
JuVMUFYMKhd,"ground floor",1,4,NULL,2025,"not available",NULL,NULL,NULL,NULL,sale,"1-room apartment",25,"partially renovated","okres Žilina",Žilina,"Staré mesto"
JuWtaJ8gYmY,"added floor",3,3,NULL,2009,NULL,yes,NULL,yes,NULL,sale,"3-room apartment",81,"partially renovated","okres Dolný Kubín","Dolný Kubín",Stred
Judqch1ikzy,"top floor",3,3,NULL,1970,"not available",NULL,yes,NULL,yes,sale,"1-room apartment",39,"fully renovated","okres Tvrdošín",Nižná,Nižná
JumDGD_wH9E,"ground floor",1,2,NULL,2025,"in preparation",NULL,NULL,NULL,NULL,sale,"4-room apartment",130,"new construction","okres Žilina","Rajecké Teplice","Rajecké Teplice"
JuV9NY1IIlj,"ground floor",1,8,NULL,2025,A,NULL,NULL,NULL,NULL,sale,"1-room apartment",24,"under construction","okres Ružomberok",Ružomberok,Roveň
Jutms5kvMoG,NULL,NULL,NULL,NULL,1970,"not available",NULL,NULL,NULL,NULL,sale,"4-room apartment",91,"fully renovated","okres Martin",Martin,Stred
JuTcLcPMeUX,"upper floor",2,4,NULL,2025,A,NULL,NULL,NULL,NULL,rent,"2-room apartment",56,"new construction","okres Martin",Vrútky,"Horné Vrútky"
Ju3fRh58rlQ,basement,0,6,NULL,1971,"not available",NULL,NULL,NULL,NULL,rent,"2-room apartment",51,"partially renovated","okres Liptovský Mikuláš","Liptovský Mikuláš","Vrbica - Nábrežie"
JuvBgKU_KI7,"top floor",3,3,NULL,1969,NULL,NULL,NULL,NULL,NULL,sale,"4-room apartment",101,"fully renovated","okres Žilina",Žilina,"Staré mesto"
Jueqkk2FQTK,"upper floor",3,4,yes,NULL,NULL,NULL,NULL,NULL,NULL,sale,"3-room apartment",95,"new construction","okres Žilina",Žilina,Bôrik
JuMqUg0JlP-,"upper floor",2,3,NULL,1980,B,NULL,NULL,NULL,NULL,sale,"4-room apartment",130,"new construction","okres Ružomberok",Ružomberok,"Staré mesto"
Jujum4J4wb2,"ground floor",1,6,NULL,1980,D,NULL,NULL,NULL,NULL,rent,"2-room apartment",60,"fully renovated","okres Martin",Martin,Ľadoveň
JuMQiZOnaxz,"upper floor",2,4,NULL,2023,A,NULL,NULL,NULL,NULL,sale,"2-room apartment",60,"new construction","okres Turčianske Teplice","Turčianske Teplice",Stred
JuhS38paEh6,"upper floor",4,7,yes,2022,A,NULL,yes,yes,NULL,sale,"4-room apartment",113,"development project","okres Žilina",Žilina,"Staré mesto"
Ju_1ltAlD0n,"ground floor",1,2,NULL,NULL,NULL,NULL,NULL,NULL,NULL,sale,"1-room apartment",31,"new construction","okres Ružomberok",Bešeňová,Bešeňová
Ju6oo_vEaT-,"ground floor",1,2,NULL,2025,"not available",NULL,NULL,NULL,NULL,sale,"holiday apartment",34,"new construction","okres Liptovský Mikuláš","Demänovská Dolina","Demänovská Dolina"
JuLxu_TUApX,"raised ground floor",1,5,yes,2025,A,NULL,NULL,NULL,NULL,sale,"2-room apartment",55,"new construction","okres Žilina",Žilina,Hájik
Ju72GUoSgLH,"upper floor",3,8,yes,2025,A,NULL,NULL,NULL,NULL,sale,"2-room apartment",62,"new construction","okres Žilina",Žilina,Vlčince
Ju3VAHb4p44,NULL,NULL,NULL,NULL,2007,"not available",NULL,NULL,NULL,NULL,sale,"2-room apartment",50,"fully renovated","okres Kysucké Nové Mesto","Kysucké Nové Mesto",Sídlisko
JuEI53pWqzW,NULL,NULL,NULL,NULL,2025,"not available",NULL,NULL,NULL,NULL,rent,"3-room apartment",90,"new construction","okres Martin",Martin,Stred
JuxCreRo0qw,"upper floor",4,10,yes,2027,"not available",NULL,NULL,NULL,NULL,sale,"1-room apartment",33,"new construction","okres Žilina",Žilina,"Staré mesto"
JuzOH2MtpxX,"raised ground floor",1,8,yes,1980,"not available",NULL,NULL,NULL,NULL,sale,"2-room apartment",64,"fully renovated","okres Martin",Martin,Sever
JuEDjVYN-JT,"ground floor",1,3,NULL,2025,NULL,NULL,NULL,NULL,NULL,sale,"2-room apartment",53,"new construction","okres Žilina",Žilina,Bytčica
JusqNW2Fg5o,NULL,NULL,NULL,NULL,NULL,"not available",NULL,NULL,NULL,NULL,rent,"1-room apartment",27,"fully renovated","okres Liptovský Mikuláš","Pavčina Lehota","Pavčina Lehota"
JucJbLC42bG,"top floor",8,8,NULL,1999,"not available",NULL,NULL,yes,yes,sale,"5+ room apartment",145,"partially renovated","okres Žilina",Žilina,Hájik
JupibY8fOsV,"ground floor",1,NULL,NULL,NULL,NULL,NULL,NULL,NULL,NULL,sale,"3-room apartment",78,unrenovated,"okres Kysucké Nové Mesto","Horný Vadičov","Horný Vadičov"
JuoszPD854T,NULL,NULL,NULL,NULL,2025,"not available",NULL,NULL,NULL,NULL,sale,"3-room apartment",81,"new construction","okres Liptovský Mikuláš","Liptovský Hrádok",Dovalovo
JumaaMybJmZ,"top floor",8,8,NULL,1999,"not available",NULL,NULL,yes,yes,sale,"3-room apartment",72,"partially renovated","okres Žilina",Žilina,Hájik
JuOxbo4pSSp,"top floor",6,6,NULL,2010,"not available",yes,NULL,NULL,NULL,rent,"3-room apartment",75,"fully renovated","okres Žilina",Žilina,Vlčince
JudrbteyWzE,NULL,NULL,NULL,NULL,NULL,NULL,NULL,NULL,NULL,NULL,sale,"1-room apartment",33,"new construction","okres Dolný Kubín","Dolný Kubín",Brezovec
JuoS3WYoWLk,"ground floor",1,3,NULL,2013,"not available",NULL,yes,NULL,yes,sale,"holiday apartment",40,unrenovated,"okres Liptovský Mikuláš","Demänovská Dolina","Demänovská Dolina"
Ju9t-oEiYBZ,NULL,NULL,NULL,NULL,NULL,NULL,NULL,NULL,NULL,NULL,rent,"3-room apartment",84,"new construction","okres Liptovský Mikuláš","Liptovský Hrádok",NULL
JubfQKHfr_c,"upper floor",2,3,NULL,2018,B,NULL,NULL,NULL,NULL,sale,"1-room apartment",23,"fully renovated","okres Martin",Valča,Valča
JuOC5yzde-c,NULL,NULL,NULL,NULL,NULL,NULL,NULL,yes,NULL,yes,sale,"2-room apartment",53,"new construction","okres Žilina","Rajecké Teplice","Rajecké Teplice"
JueYB6GvrEe,"upper floor",NULL,NULL,NULL,NULL,NULL,NULL,NULL,NULL,NULL,rent,"3-room apartment",72,"fully renovated","okres Žilina",Žilina,Hliny
JuinVbJn01k,NULL,NULL,NULL,NULL,2025,"not available",NULL,NULL,NULL,NULL,sale,"4-room apartment",85,"under construction","okres Žilina",Žilina,Hájik
JurI-U1p2qQ,"ground floor",1,2,NULL,NULL,NULL,NULL,NULL,NULL,NULL,sale,"1-room apartment",53,"fully renovated","okres Liptovský Mikuláš","Liptovský Mikuláš","Staré mesto"
JuhS9MQTC4v,"upper floor",6,8,NULL,1995,NULL,NULL,NULL,NULL,NULL,sale,"2-room apartment",69,"fully renovated","okres Žilina",Žilina,Vlčince
JuPLeekzh_5,basement,0,3,NULL,1960,"in preparation",NULL,NULL,NULL,NULL,sale,"1-room apartment",40,"fully renovated","okres Ružomberok",Ružomberok,"Staré mesto"
JuG0JmIY6PQ,NULL,NULL,NULL,NULL,NULL,NULL,NULL,NULL,NULL,NULL,rent,"2-room apartment",76,"fully renovated","okres Žilina",Žilina,Vlčince
JuTcgjCG15n,"upper floor",NULL,NULL,NULL,1995,NULL,NULL,NULL,NULL,NULL,sale,"2-room apartment",50,"partially renovated","okres Žilina",Žilina,Hájik
JucZiE4o7Os,NULL,NULL,NULL,NULL,NULL,NULL,NULL,NULL,NULL,NULL,sale,"2-room apartment",61,"fully renovated","okres Čadca",Staškov,Staškov
JuudHQ4gWHh,"ground floor",1,4,NULL,1985,"not available",NULL,NULL,NULL,NULL,sale,"2-room apartment",44,"fully renovated","okres Žilina",Žilina,"Staré mesto"
Ju1HQtU3BUR,"top floor",NULL,NULL,NULL,1997,"not available",NULL,NULL,yes,NULL,sale,"3-room apartment",54,"fully renovated","okres Ružomberok",Ružomberok,"Staré mesto"
JuhRFtZO6yy,"upper floor",3,4,NULL,1969,NULL,NULL,NULL,NULL,NULL,sale,"2-room apartment",65,"fully renovated","okres Žilina",Žilina,"Staré mesto"
Ju300FaVEg0,"ground floor",1,4,NULL,2021,B,NULL,NULL,NULL,NULL,sale,"holiday apartment",79,"fully renovated","okres Čadca",Makov,Makov
JugoHMXehPQ,"ground floor",1,6,yes,1975,G,NULL,yes,yes,NULL,sale,"2-room apartment",60,unrenovated,"okres Dolný Kubín","Dolný Kubín",Brezovec
JuOLK-0T1Mn,"upper floor",2,7,NULL,2009,"not available",NULL,NULL,yes,NULL,rent,"2-room apartment",40,"fully renovated","okres Žilina",Žilina,"Staré mesto"
Ju5-9cSZw35,"upper floor",4,4,yes,2010,B,NULL,NULL,NULL,NULL,rent,"3-room apartment",85,"new construction","okres Martin",Martin,Stred
Ju75jE-v_Ti,"upper floor",3,7,NULL,1975,C,NULL,NULL,NULL,NULL,sale,"3-room apartment",90,"fully renovated","okres Martin",Martin,Priekopa
JuDoM_pyCOY,"upper floor",2,4,NULL,1970,"not available",NULL,NULL,NULL,NULL,sale,"3-room apartment",68,"fully renovated","okres Martin",Sučany,Sučany
JujnVWbv0Ea,"upper floor",5,8,yes,1980,"not available",NULL,NULL,NULL,yes,sale,"3-room apartment",85,unrenovated,"okres Martin",Vrútky,"Horné Vrútky"
Ju0XKwDGI6a,"upper floor",2,3,NULL,2010,"not available",NULL,NULL,yes,NULL,sale,"2-room apartment",97,"fully renovated","okres Žilina",Žilina,"Staré mesto"
Juu0CU0P8i0,"ground floor",1,2,NULL,1960,"not available",NULL,NULL,NULL,NULL,sale,"3-room apartment",94,"partially renovated","okres Liptovský Mikuláš","Svätý Kríž","Svätý Kríž"
JuykAcnsUj0,"upper floor",3,NULL,NULL,2024,A,NULL,NULL,NULL,NULL,rent,"3-room apartment",85,"new construction","okres Žilina",Žilina,"Staré mesto"
JuaeBjYnlrd,"upper floor",2,4,yes,2025,"in preparation",yes,NULL,yes,NULL,sale,"1-room apartment",36,"new construction","okres Žilina",Žilina,"Staré mesto"
JuoaEOkD_KF,NULL,NULL,NULL,NULL,NULL,NULL,NULL,NULL,NULL,NULL,rent,"3-room apartment",90,"new construction","okres Žilina",Žilina,"Staré mesto"
Jug2x-YuHAi,"ground floor",1,4,yes,2025,"in preparation",NULL,yes,NULL,yes,sale,"1-room apartment",33,"new construction","okres Žilina",Žilina,"Staré mesto"
JuFDFNeJqxq,"top floor",8,8,yes,2025,"not available",NULL,NULL,NULL,NULL,sale,"3-room apartment",69,"fully renovated","okres Martin",Martin,Ľadoveň
Ju-CieQQxUN,"upper floor",3,6,yes,2023,A,NULL,NULL,NULL,NULL,rent,"2-room apartment",51,"new construction","okres Liptovský Mikuláš","Liptovský Mikuláš",Palúdzka
JuL6Lg1QL2c,"upper floor",3,5,yes,NULL,"not available",yes,NULL,yes,NULL,sale,"2-room apartment",58,"partially renovated","okres Martin",Martin,Priekopa
JutjYOCC9EK,"ground floor",1,4,yes,2010,"not available",NULL,yes,yes,NULL,rent,"2-room apartment",40,"new construction","okres Žilina",Žilina,"Staré mesto"
JuawIhGVyvh,"upper floor",6,8,NULL,NULL,NULL,NULL,NULL,NULL,NULL,rent,"3-room apartment",79,"fully renovated","okres Námestovo",Námestovo,Stred
JuE8s31Sl55,"ground floor",1,2,NULL,2025,A,NULL,NULL,NULL,NULL,sale,"3-room apartment",94,"new construction","okres Bytča",Bytča,Pšurnovice
JuJeYUPavsEk,"upper floor",4,11,yes,NULL,A,NULL,NULL,NULL,NULL,sale,"holiday apartment",41,"new construction","okres Liptovský Mikuláš","Demänovská Dolina","Demänovská Dolina"
JuzuJS1LpbR,NULL,NULL,NULL,NULL,2025,"not available",NULL,NULL,NULL,NULL,sale,"2-room apartment",56,unrenovated,"okres Žilina",Žilina,Hliny
JuQ4A208KjZ,"upper floor",2,11,yes,NULL,A,NULL,NULL,NULL,NULL,sale,"holiday apartment",41,"new construction","okres Liptovský Mikuláš","Demänovská Dolina","Demänovská Dolina"
JuKlYZCt0j5,NULL,NULL,NULL,NULL,1980,"not available",NULL,NULL,NULL,NULL,sale,"studio apartment",77,"new construction","okres Liptovský Mikuláš",Vlachy,Vlachy
JuFzBbUk-Xv,"upper floor",3,11,yes,NULL,A,NULL,NULL,NULL,NULL,sale,"holiday apartment",82,"new construction","okres Liptovský Mikuláš","Demänovská Dolina","Demänovská Dolina"
JuGfQvKSzkr,"upper floor",2,7,yes,1990,"not available",yes,NULL,NULL,NULL,sale,"3-room apartment",76,unrenovated,"okres Martin",Martin,Záturčie
JuMq5sG1YBG,"upper floor",3,8,yes,1974,"not available",yes,NULL,NULL,yes,rent,"2-room apartment",56,"fully renovated","okres Martin",Martin,Košúty
JuzW5XpNDH7,NULL,NULL,NULL,NULL,NULL,A,NULL,NULL,NULL,NULL,rent,"holiday apartment",40,"new construction","okres Liptovský Mikuláš","Liptovský Mikuláš",Demänová
Ju5SD8mmuUt,"upper floor",7,10,yes,2027,"not available",NULL,NULL,NULL,yes,sale,"2-room apartment",68,"new construction","okres Žilina",Žilina,"Staré mesto"
JuL4Of85hI-,NULL,NULL,NULL,NULL,2025,"not available",NULL,NULL,NULL,NULL,sale,"holiday apartment",41,unrenovated,"okres Liptovský Mikuláš","Liptovský Mikuláš",Demänová
JuSWGTnCZur,"top floor",12,12,yes,1987,"not available",yes,NULL,yes,NULL,sale,"3-room apartment",65,"partially renovated","okres Martin",Martin,Košúty
JuWKKdSpysj,"ground floor",1,3,NULL,1973,"not available",NULL,NULL,NULL,NULL,sale,"4-room apartment",110,unrenovated,"okres Liptovský Mikuláš","Liptovský Mikuláš",Demänová
JulmO4nyPV1,"ground floor",1,8,NULL,1978,"not available",NULL,NULL,yes,NULL,sale,"4-room apartment",82,"fully renovated","okres Martin",Martin,Priekopa
JuqHgAmAWwG,"upper floor",5,5,yes,2025,A,yes,NULL,yes,NULL,sale,"3-room apartment",63,"under construction","okres Kysucké Nové Mesto","Kysucké Nové Mesto",Kamence
JuSXCvc_TgO,"upper floor",NULL,NULL,NULL,NULL,NULL,NULL,NULL,NULL,NULL,sale,"2-room apartment",57,"under construction","okres Žilina",Žilina,Hájik
Ju-aCcpkFTl,"upper floor",2,5,yes,2025,A,yes,NULL,yes,NULL,sale,"3-room apartment",63,"under construction","okres Kysucké Nové Mesto","Kysucké Nové Mesto",Kamence
JukgHXnk_FH,"top floor",3,NULL,NULL,1960,NULL,NULL,NULL,NULL,yes,sale,"2-room apartment",55,unrenovated,"okres Martin",Martin,Stred
JuppkYCT654,NULL,NULL,NULL,NULL,1980,"not available",NULL,NULL,NULL,NULL,sale,"1-room apartment",40,"fully renovated","okres Martin",Martin,Stred
JuEvHi31Kuc,"upper floor",3,7,NULL,2009,NULL,NULL,NULL,NULL,NULL,sale,"3-room apartment",120,"new construction","okres Žilina",Žilina,"Staré mesto"
Julb0pINzt_,"upper floor",2,7,yes,NULL,NULL,NULL,NULL,NULL,NULL,sale,"4-room apartment",110,"new construction","okres Žilina",Žilina,Vlčince
JuQtjXuvBCs,"ground floor",1,2,NULL,2015,"not available",NULL,NULL,NULL,NULL,sale,"studio apartment",30,"fully renovated","okres Čadca",Turzovka,Stred
Ju0bNiistMRJ,"ground floor",1,7,NULL,2024,A,NULL,NULL,NULL,NULL,rent,"1-room apartment",30,"new construction","okres Bytča",Bytča,"Thurzove sady"
JueB0gAOmwn,"upper floor",NULL,NULL,NULL,1975,NULL,NULL,NULL,NULL,NULL,sale,"2-room apartment",64,"partially renovated","okres Žilina",Žilina,Hliny
Ju9UkKAGv88,"upper floor",3,7,NULL,2009,NULL,NULL,NULL,NULL,NULL,sale,"4-room apartment",110,"new construction","okres Žilina",Žilina,Vlčince
JujO1vhWS9Y,NULL,NULL,NULL,NULL,NULL,NULL,NULL,NULL,NULL,NULL,rent,"3-room apartment",59,"new construction","okres Martin",Martin,Sever
Ju28v4oyz1R,NULL,NULL,NULL,NULL,NULL,NULL,NULL,NULL,NULL,NULL,rent,"1-room apartment",44,"new construction","okres Kysucké Nové Mesto",Nesluša,Nesluša
JuemfCeEc7H,NULL,NULL,NULL,NULL,NULL,NULL,NULL,NULL,NULL,NULL,sale,"2-room apartment",49,"fully renovated","okres Žilina","Rajecké Teplice","Rajecké Teplice"
Ju4uaW2Y4yL,NULL,NULL,NULL,NULL,NULL,NULL,NULL,NULL,NULL,NULL,sale,"holiday apartment",55,"new construction","okres Liptovský Mikuláš","Demänovská Dolina","Demänovská Dolina"
JuOBBX6-RMz,"raised ground floor",2,4,NULL,2025,A,NULL,NULL,NULL,NULL,sale,"2-room apartment",62,"new construction","okres Martin",Martin,Stred
JuWIHesej0g,NULL,NULL,NULL,NULL,NULL,"not available",NULL,NULL,NULL,NULL,sale,"2-room apartment",70,"fully renovated","okres Žilina",Žilina,"Staré mesto"
JuKnGrQfPf8P,"ground floor",1,3,NULL,2025,NULL,NULL,NULL,NULL,NULL,sale,"2-room apartment",54,"new construction","okres Žilina",Žilina,Bytčica
JuocwBv9B8E,"ground floor",1,2,NULL,1986,NULL,NULL,NULL,NULL,NULL,sale,"3-room apartment",96,"partially renovated","okres Žilina","Dlhé Pole","Dlhé Pole"
JuTk10X0x-i,"added floor",2,3,NULL,2020,A,NULL,yes,NULL,yes,sale,"holiday apartment",78,"new construction","okres Liptovský Mikuláš","Demänovská Dolina","Demänovská Dolina"
JuP28alhfCi,"upper floor",NULL,NULL,NULL,1975,NULL,NULL,NULL,NULL,NULL,sale,"3-room apartment",67,"fully renovated","okres Žilina",Žilina,Hliny
JuwnuvEmJ5E,"ground floor",1,2,NULL,2022,"in preparation",NULL,yes,NULL,yes,sale,"3-room apartment",51,"new construction","okres Námestovo",Zubrohlava,Zubrohlava
JuFa19Ow0Dt,"upper floor",2,3,NULL,1947,"not available",NULL,NULL,NULL,NULL,sale,"3-room apartment",114,"partially renovated","okres Martin",Martin,Stred
JuCqI77KeMc,"top floor",5,5,NULL,1971,"not available",NULL,NULL,NULL,NULL,sale,"2-room apartment",56,"partially renovated","okres Martin",Turany,Turany
JueW1n9AoIx,"upper floor",2,5,yes,2009,A,NULL,NULL,NULL,NULL,sale,"3-room apartment",92,"new construction","okres Žilina",Žilina,Závodie
JuH32c8NNad,"upper floor",2,4,yes,2020,"not available",NULL,NULL,NULL,NULL,rent,"2-room apartment",45,"new construction","okres Martin",Martin,Priekopa
JujhD3lGKSF,"upper floor",6,NULL,yes,NULL,"not available",NULL,yes,NULL,yes,sale,"2-room apartment",67,"fully renovated","okres Žilina",Žilina,Vlčince
JuwdAcDikt2,"upper floor",4,5,yes,2010,"not available",NULL,NULL,NULL,NULL,sale,"2-room apartment",59,"partially renovated","okres Žilina",Žilina,Závodie
JuNwRfCAG1O,"upper floor",2,7,yes,NULL,A,yes,NULL,NULL,yes,sale,"2-room apartment",70,"under construction","okres Martin",Martin,Jahodníky
JuUgOGFJBDF,NULL,NULL,NULL,NULL,NULL,NULL,NULL,NULL,NULL,NULL,sale,"4-room apartment",88,"fully renovated","okres Kysucké Nové Mesto","Kysucké Nové Mesto",Sídlisko
JuQwMUprpPT,"top floor",5,5,NULL,2024,"not available",NULL,NULL,NULL,NULL,sale,"3-room apartment",60,"new construction","okres Kysucké Nové Mesto","Kysucké Nové Mesto",Sídlisko
JucEibGbMaV,NULL,NULL,NULL,NULL,NULL,NULL,NULL,NULL,NULL,NULL,sale,"holiday apartment",79,"new construction","okres Liptovský Mikuláš","Liptovský Mikuláš",Demänová
JuB4nMTbdT2,"upper floor",3,4,yes,2019,NULL,NULL,NULL,NULL,NULL,rent,"3-room apartment",83,unrenovated,"okres Námestovo",Vavrečka,Vavrečka
Juc7SyZSucw0,"ground floor",1,2,NULL,2019,A,NULL,NULL,NULL,NULL,sale,"holiday apartment",72,"new construction","okres Liptovský Mikuláš","Demänovská Dolina","Demänovská Dolina"
JuktwYpm4CV,"raised ground floor",1,NULL,NULL,NULL,B,NULL,NULL,NULL,NULL,rent,"2-room apartment",49,"partially renovated","okres Martin",Martin,Záturčie
Juszi7YaqvT,"upper floor",2,8,yes,1988,"not available",NULL,NULL,NULL,NULL,sale,"3-room apartment",71,"partially renovated","okres Ružomberok",Ružomberok,NULL
Ju8T6cE3M46O,"upper floor",3,5,yes,NULL,NULL,NULL,NULL,NULL,NULL,sale,"2-room apartment",39,"new construction","okres Ružomberok",Ružomberok,Hrabovo
JujjF4h9vha,NULL,NULL,NULL,NULL,NULL,NULL,NULL,NULL,NULL,NULL,rent,"2-room apartment",72,"fully renovated","okres Martin",Martin,Stred
Ju6ic7zNy9_,NULL,NULL,NULL,NULL,NULL,NULL,NULL,NULL,NULL,NULL,sale,"3-room apartment",NULL,"under construction","okres Žilina","Lietavská Lúčka","Lietavská Lúčka"
JuMCWySZsct,"top floor",8,8,NULL,2025,A,NULL,NULL,NULL,NULL,sale,"4-room apartment",104,"new construction","okres Žilina",Žilina,Vlčince
JuRdV1LIJPu,"ground floor",NULL,NULL,NULL,2017,A,NULL,NULL,NULL,NULL,rent,"1-room apartment",37,"fully renovated","okres Liptovský Mikuláš","Liptovský Mikuláš","Staré mesto"
Ju0_qpYyImE,"ground floor",1,2,NULL,1900,B,NULL,NULL,NULL,NULL,sale,"1-room apartment",23,"fully renovated","okres Liptovský Mikuláš","Liptovský Mikuláš","Staré mesto"
JuQo0PP1022,"upper floor",7,8,yes,2023,A,NULL,yes,NULL,yes,sale,"2-room apartment",61,"new construction","okres Žilina",Žilina,Vlčince
Ju8w7xSU6tn,"ground floor",1,8,NULL,2010,B,NULL,NULL,yes,yes,sale,"2-room apartment",56,"fully renovated","okres Žilina",Žilina,Bôrik
JuUPYByvH-3,"upper floor",3,7,yes,2022,A,NULL,yes,yes,NULL,sale,"4-room apartment",113,"new construction","okres Žilina",Žilina,"Staré mesto"
Ju8gkOV9Ua-,"upper floor",4,7,yes,NULL,NULL,NULL,NULL,NULL,NULL,sale,"holiday apartment",30,"new construction","okres Ružomberok",Bešeňová,Bešeňová
JudjVeywOJE,"top floor",4,4,NULL,1965,"not available",NULL,NULL,NULL,NULL,sale,"2-room apartment",57,unrenovated,"okres Martin",Martin,Sever
JuMOG3S1mHU,"ground floor",1,2,NULL,2026,A,NULL,NULL,NULL,NULL,sale,"2-room apartment",90,"new construction","okres Martin",Martin,Tomčany
JuGHqD4k0Bi,"upper floor",NULL,NULL,NULL,1988,NULL,NULL,NULL,NULL,NULL,sale,"3-room apartment",65,"fully renovated","okres Čadca",Čadca,Kyčerka
JuirbsBqAtw,"upper floor",NULL,NULL,NULL,NULL,NULL,NULL,NULL,NULL,NULL,sale,"5+ room apartment",130,"partially renovated","okres Martin",Lipovec,Lipovec
JuX6bDcbxKm,"ground floor",1,4,NULL,2020,A,NULL,NULL,NULL,yes,sale,"3-room apartment",63,"new construction","okres Martin",Martin,Stred
JuO5mITkYRm,NULL,NULL,NULL,NULL,NULL,"not available",NULL,NULL,NULL,NULL,sale,"1-room apartment",29,"fully renovated","okres Kysucké Nové Mesto","Kysucké Nové Mesto",Sídlisko
JuT8T2mhbPp,"ground floor",1,4,NULL,1900,"not available",NULL,NULL,NULL,NULL,rent,"2-room apartment",47,"new construction","okres Martin",Martin,Stred
JuRBfIzNbvG,"upper floor",3,11,yes,NULL,NULL,NULL,NULL,NULL,NULL,sale,"holiday apartment",71,"new construction","okres Liptovský Mikuláš","Demänovská Dolina","Demänovská Dolina"
Juvh354emFK,"upper floor",3,NULL,NULL,1980,"not available",NULL,NULL,NULL,NULL,rent,"3-room apartment",81,"fully renovated","okres Žilina",Žilina,"Staré mesto"
JugK_iVZsVR,"top floor",5,5,NULL,1985,"not available",yes,yes,yes,yes,sale,"2-room apartment",54,"partially renovated","okres Ružomberok",Ružomberok,Baničné
JuCzDBx82gn,"upper floor",8,14,yes,NULL,NULL,NULL,NULL,NULL,NULL,sale,"2-room apartment",56,"partially renovated","okres Ružomberok",Ružomberok,"Staré mesto"
JuwR10kFsHB,"raised ground floor",4,7,yes,1970,"not available",NULL,NULL,NULL,NULL,rent,"2-room apartment",62,"fully renovated","okres Žilina",Žilina,Vlčince
Juo-BgN_Y9D,"ground floor",1,1,NULL,2024,NULL,NULL,NULL,NULL,NULL,sale,maisonette,107,"new construction","okres Liptovský Mikuláš","Liptovský Mikuláš","Liptovská Ondrašová"
JuzTIfdr-oi,"upper floor",2,4,NULL,1945,NULL,NULL,NULL,NULL,NULL,sale,"4-room apartment",116,"fully renovated","okres Žilina",Žilina,"Staré mesto"
JuY2fWI7qOb,"upper floor",6,7,yes,2019,A,NULL,NULL,NULL,NULL,sale,"1-room apartment",42,"new construction","okres Martin",Martin,Priekopa
JukBksFoVDN,"ground floor",1,3,NULL,2022,A,NULL,NULL,NULL,NULL,sale,"holiday apartment",42,"new construction","okres Ružomberok",Ružomberok,Hrabovo
JuZiQf_R1fN,"top floor",2,2,NULL,2024,NULL,NULL,NULL,NULL,NULL,sale,"3-room apartment",80,"new construction","okres Žilina",Divina,Divina
JuarCLPx8dZ,"ground floor",1,1,NULL,NULL,NULL,NULL,NULL,NULL,NULL,rent,"2-room apartment",50,"fully renovated","okres Liptovský Mikuláš","Liptovský Mikuláš","Staré mesto"
JuyhufYl9nJ,"ground floor",1,3,NULL,2025,A,NULL,NULL,yes,yes,sale,"4-room apartment",118,"under construction","okres Žilina",Ďurčiná,Ďurčiná
JuICDmblLAV,"upper floor",5,8,yes,1970,B,NULL,NULL,NULL,NULL,sale,"3-room apartment",72,"partially renovated","okres Liptovský Mikuláš","Liptovský Mikuláš","Vrbica - Nábrežie"
JulVRQnK87Q,NULL,NULL,NULL,NULL,NULL,NULL,NULL,NULL,NULL,NULL,sale,"3-room apartment",70,"partially renovated","okres Čadca",Čadca,Kyčerka
JugCrJ6aqt6,"ground floor",1,2,NULL,2014,B,NULL,yes,yes,NULL,sale,"2-room apartment",56,"new construction","okres Liptovský Mikuláš","Demänovská Dolina","Demänovská Dolina"
Juq3lnZLMdJ,"upper floor",3,7,NULL,NULL,G,NULL,NULL,NULL,NULL,sale,"studio apartment",28,"new construction","okres Žilina",Žilina,Závodie
JuNgKsGWJb_,"raised ground floor",1,10,NULL,1978,B,NULL,NULL,yes,yes,sale,"3-room apartment",82,"fully renovated","okres Žilina",Žilina,Vlčince
JuFOaiRGATh,"upper floor",4,8,NULL,2025,A,NULL,NULL,NULL,NULL,sale,"3-room apartment",63,"under construction","okres Ružomberok",Ružomberok,Roveň
Juqh8kAz6Ws,"ground floor",NULL,NULL,NULL,1987,"not available",NULL,NULL,NULL,NULL,sale,"2-room apartment",56,"partially renovated","okres Liptovský Mikuláš",Dúbrava,Dúbrava
JuIgXokL5hc,"upper floor",4,8,yes,1973,"not available",yes,NULL,NULL,NULL,sale,"4-room apartment",84,"fully renovated","okres Martin",Martin,Priekopa
JuD6R0F6XVX,NULL,NULL,NULL,NULL,1980,"not available",NULL,NULL,NULL,NULL,sale,"3-room apartment",120,"partially renovated","okres Martin",Sučany,Sučany
JuG8ggFzvSj,"top floor",2,2,NULL,1970,"not available",NULL,NULL,NULL,NULL,rent,"3-room apartment",100,"partially renovated","okres Žilina",Žilina,"Staré mesto"
JuSh4rLdnzP,"upper floor",2,4,yes,2025,"in preparation",yes,NULL,yes,NULL,sale,"1-room apartment",38,"new construction","okres Žilina",Žilina,"Staré mesto"
JuiOse4gKiU,"raised ground floor",1,3,NULL,2022,A,NULL,NULL,NULL,NULL,sale,"2-room apartment",81,"new construction","okres Liptovský Mikuláš","Liptovský Hrádok",Celiny
JuRMVAMTIbE,"upper floor",6,8,yes,2025,"not available",NULL,NULL,NULL,NULL,sale,"2-room apartment",75,"new construction","okres Liptovský Mikuláš","Demänovská Dolina","Demänovská Dolina"
JuxasD7Z9Ys,"upper floor",2,3,NULL,1960,"not available",NULL,NULL,NULL,NULL,rent,"2-room apartment",55,"fully renovated","okres Martin",Martin,Stred
Ju0CrnhCGrs,"ground floor",1,5,NULL,NULL,"not available",NULL,NULL,NULL,NULL,sale,"4-room apartment",161,"partially renovated","okres Žilina",Žilina,"Staré mesto"
JuwgpofL0aK,NULL,NULL,NULL,NULL,NULL,NULL,NULL,NULL,NULL,NULL,sale,"2-room apartment",NULL,"partially renovated","okres Námestovo",Námestovo,NULL
JudY9Gw22hd,"ground floor",1,4,yes,2024,A,NULL,NULL,yes,NULL,sale,"2-room apartment",56,"development project","okres Ružomberok",Ružomberok,Baničné
JuKkQSr7yLI,NULL,NULL,NULL,NULL,1980,"not available",NULL,NULL,NULL,NULL,sale,"3-room apartment",67,"partially renovated","okres Martin",Martin,Košúty
JumCrfhYhfV,"upper floor",2,3,NULL,NULL,A,NULL,NULL,NULL,NULL,sale,"holiday apartment",52,"new construction","okres Liptovský Mikuláš","Demänovská Dolina","Demänovská Dolina"
Ju5L8AAHtJp,NULL,NULL,NULL,NULL,1980,"not available",NULL,NULL,NULL,NULL,sale,"1-room apartment",30,"partially renovated","okres Martin",Martin,Stred
Ju46o5YnbQR,"ground floor",1,1,NULL,NULL,NULL,NULL,NULL,NULL,NULL,sale,"2-room apartment",52,"new construction","okres Ružomberok",Bešeňová,Bešeňová
JuAZvxGvcMl,NULL,NULL,NULL,NULL,NULL,NULL,NULL,NULL,NULL,NULL,sale,"2-room apartment",70,"fully renovated","okres Žilina",Žilina,"Staré mesto"
JuU-rP3IJ1-,"top floor",5,5,yes,2022,A,NULL,NULL,NULL,NULL,rent,"2-room apartment",68,"new construction","okres Žilina",Žilina,"Staré mesto"
Juo8hsv1xWR,attic,NULL,NULL,NULL,NULL,NULL,NULL,NULL,NULL,NULL,sale,"holiday apartment",76,"new construction","okres Martin",Valča,Valča
JukVF1PHUJU,"upper floor",6,8,yes,1990,"not available",yes,NULL,NULL,NULL,sale,"3-room apartment",61,"partially renovated","okres Martin",Martin,Záturčie
JuaD4qSzRhl,NULL,NULL,NULL,NULL,NULL,NULL,NULL,NULL,NULL,NULL,sale,"4-room apartment",108,"new construction","okres Žilina","Dolný Hričov","Dolný Hričov"
JuVuoYcJToJ,"upper floor",NULL,NULL,NULL,1975,NULL,NULL,NULL,NULL,NULL,sale,"studio apartment",22,"partially renovated","okres Žilina",Žilina,Vlčince
JuXBGzjsqRS,NULL,NULL,NULL,NULL,NULL,NULL,NULL,NULL,NULL,NULL,rent,"3-room apartment",77,"new construction","okres Bytča",Bytča,"Thurzove sady"
JuqRHR8iBLi,"top floor",3,3,NULL,1985,A,NULL,yes,yes,NULL,sale,"3-room apartment",68,"partially renovated","okres Čadca","Krásno nad Kysucou",Stred
JuDHzNZw0-F,"upper floor",2,NULL,yes,2025,"not available",NULL,NULL,NULL,NULL,rent,"3-room apartment",87,"fully renovated","okres Martin",Martin,Priekopa
Jugh-H3CM-c,NULL,NULL,NULL,NULL,NULL,NULL,NULL,NULL,NULL,NULL,rent,"2-room apartment",69,"new construction","okres Námestovo",Mútne,Mútne
Ju_mO5F1KAW,NULL,NULL,NULL,NULL,NULL,NULL,NULL,NULL,NULL,NULL,sale,"4-room apartment",101,"new construction","okres Žilina",Žilina,"Staré mesto"
JuRHCARxbUa,"upper floor",4,4,yes,2025,A,NULL,NULL,NULL,NULL,sale,"3-room apartment",99,"new construction","okres Martin",Martin,Stred
JuY6ZkaPSRF,NULL,NULL,NULL,NULL,NULL,NULL,NULL,NULL,NULL,NULL,sale,"1-room apartment",42,"new construction","okres Ružomberok",Bešeňová,Bešeňová
JuG5b3bSJJl,"upper floor",2,3,NULL,NULL,NULL,NULL,NULL,yes,NULL,sale,"2-room apartment",53,"fully renovated","okres Martin",Martin,Podháj
Juatx6SLjDH,"upper floor",NULL,NULL,NULL,NULL,NULL,NULL,NULL,NULL,NULL,sale,"3-room apartment",72,"fully renovated","okres Dolný Kubín","Dolný Kubín","Veľký Bysterec"
Ju3IaCCie7D,"upper floor",6,NULL,yes,2025,"not available",NULL,NULL,NULL,NULL,rent,"4-room apartment",83,"partially renovated","okres Martin",Martin,Ľadoveň
Ju7pt9GBh0f,"upper floor",6,NULL,yes,2025,"not available",NULL,NULL,NULL,NULL,sale,"4-room apartment",83,"partially renovated","okres Martin",Martin,Ľadoveň
JuYxNvuFp4O,"ground floor",1,3,NULL,1900,"not available",NULL,NULL,NULL,NULL,sale,"1-room apartment",35,"partially renovated","okres Liptovský Mikuláš",Bobrovník,Bobrovník
Ju2F2PEA16h,"ground floor",1,1,NULL,NULL,NULL,NULL,NULL,NULL,NULL,sale,"2-room apartment",40,"fully renovated","okres Ružomberok",Bešeňová,Bešeňová
JuTmTC_fKnC,"ground floor",1,4,yes,2021,"not available",yes,NULL,yes,NULL,sale,"holiday apartment",57,"new construction","okres Dolný Kubín","Dolný Kubín","Kubínska hoľa"
