location_district,location_area,agency,count,rank_no
"okres Bytča","Bytča - sever","ADH-REAL s.r.o. Hirjaková Adriana",3,1
"okres Bytča","Bytča - sever","Realitné kancelárie SR",1,2
"okres Bytča","Bytča - sever","RIEŠIME BÝVANIE",1,3
"okres Bytča","Bytča - sever","MGM reality",1,4
"okres Bytča","Bytča - sever","Reality IQ, s.r.o.",1,5
"okres Bytča","Hlboké nad Váhom","TOCA, s.r.o. Realitná činnosť",5,1
"okres Bytča","Hlboké nad Váhom","DRR INVEST, s. r. o.",1,2
"okres Bytča","Hlboké nad Váhom","1. Reality Rent, s.r.o.",1,3
"okres Bytča","Hlboké nad Váhom","TUreality s.r.o.",1,4
"okres Bytča","Hlboké nad Váhom","ŽILINAREAL, s.r.o.",1,5
"okres Bytča","Hlboké nad Váhom","RADO Reality",1,6
"okres Bytča","Hlboké nad Váhom","Reality Alpia",1,7
"okres Bytča","Hliník nad Váhom","TOCA, s.r.o. Realitná činnosť",14,1
"okres Bytča","Hliník nad Váhom","Realitné kancelárie SR",1,2
"okres Bytča","Hliník nad Váhom","Stanislav Motyčík - MK",1,3
"okres Bytča","Hliník nad Váhom","Realitná kancelária RED, s.r.o.",1,4
"okres Bytča","Hliník nad Váhom","House Real Žilina",1,5
"okres Bytča","Hliník nad Váhom","Romantické Chalupy, s.r.o.",1,6
"okres Bytča","Hliník nad Váhom","JKV REAL",1,7
"okres Bytča",Hvozdnica,"TUreality s.r.o.",1,1
"okres Bytča",Hvozdnica,"GAMA Reality, s.r.o.",1,2
"okres Bytča",Jablonové,"Realitná kancelária",1,1
"okres Bytča",Jablonové,"Nové bývanie",1,2
"okres Bytča",Jablonové,"Real Estate Group4U",1,3
"okres Bytča",Jablonové,"RS Mansory s.r.o.",1,4
"okres Bytča",Kolárovice,"Romantické Chalupy, s.r.o.",1,1
"okres Bytča",Kolárovice,"1. Reality Rent, s.r.o.",1,2
"okres Bytča",Kolárovice,"RS Mansory s.r.o.",1,3
"okres Bytča",Kolárovice,"Reality IQ, s.r.o.",1,4
"okres Bytča",Kolárovice,"B10 Slovensko, a. s.",1,5
"okres Bytča",Kolárovice,"Safe reality s. r. o.",1,6
"okres Bytča",Kotešová,"TOCA, s.r.o. Realitná činnosť",3,1
"okres Bytča",Kotešová,"TARGETreal s. r. o.",2,2
"okres Bytča",Kotešová,"RIEŠIME BÝVANIE",2,3
"okres Bytča",Kotešová,"Safe reality s. r. o.",1,4
"okres Bytča",Kotešová,"Realitné kancelárie SR",1,5
"okres Bytča",Kotešová,"Realitná kancelária",1,6
"okres Bytča",Kotešová,"Reality Alpia",1,7
"okres Bytča",Maršová-Rašov,"Realitná kancelária RED, s.r.o.",1,1
"okres Bytča",Maršová-Rašov,"ŽILINAREAL, s.r.o.",1,2
"okres Bytča",Maršová-Rašov,"ADH-REAL s.r.o. Hirjaková Adriana",1,3
"okres Bytča",Maršová-Rašov,"RS Mansory s.r.o.",1,4
"okres Bytča",Petrovice,"Slovak Estate s.r.o.",1,1
"okres Bytča",Petrovice,"B10 Slovensko, a. s.",1,2
"okres Bytča",Petrovice,"RS Mansory s.r.o.",1,3
"okres Bytča",Petrovice,"Arvin & Benet",1,4
"okres Bytča",Predmier,"TOCA, s.r.o. Realitná činnosť",2,1
"okres Bytča",Predmier,"bezmaklérov, s.r.o.",1,2
"okres Bytča",Predmier,"Vianema s.r.o.",1,3
"okres Bytča",Predmier,"BeMi realitná kancelária",1,4
"okres Bytča",Pšurnovice,"TOCA, s.r.o. Realitná činnosť",4,1
"okres Bytča",Štiavnik,"Romantické Chalupy, s.r.o.",3,1
"okres Bytča",Štiavnik,"TUreality s.r.o.",3,2
"okres Bytča",Štiavnik,"R2 SK, s.r.o.",1,3
"okres Bytča",Štiavnik,"RIEŠIME BÝVANIE",1,4
"okres Bytča",Súľov-Hradná,"RIEŠIME BÝVANIE",1,1
"okres Bytča",Súľov-Hradná,"B10 Slovensko, a. s.",1,2
"okres Bytča",Súľov-Hradná,"RENOME REAL",1,3
"okres Bytča",Súľov-Hradná,"ELITE reality",1,4
"okres Bytča",Súľov-Hradná,"TOCA, s.r.o. Realitná činnosť",1,5
"okres Bytča","Thurzove sady","Realitná kancelária RED, s.r.o.",2,1
"okres Bytča","Thurzove sady","4FIN s.r.o.",1,2
"okres Bytča","Veľká Bytča","Fortio Popper s.r.o.",24,1
"okres Bytča","Veľká Bytča","PRIMA reality s.r.o.",3,2
"okres Bytča","Veľká Bytča","HALO reality, s.r.o.",1,3
"okres Bytča","Veľká Bytča","Realitné kancelárie SR",1,4
"okres Bytča","Veľká Bytča","WFG reality, s.r.o.",1,5
"okres Bytča","Veľká Bytča","B10 Slovensko, a. s.",1,6
"okres Bytča","Veľká Bytča","TOCA, s.r.o. Realitná činnosť",1,7
"okres Bytča","Veľké Rovné","Realitné kancelárie SR",3,1
"okres Bytča","Veľké Rovné","TARGETreal s. r. o.",3,2
"okres Bytča","Veľké Rovné","RIEŠIME BÝVANIE",3,3
"okres Bytča","Veľké Rovné","IDEÁLNE BÝVANIE, s.r.o.",2,4
"okres Bytča","Veľké Rovné","Reality Alpia",2,5
"okres Bytča","Veľké Rovné","RS Mansory s.r.o.",1,6
"okres Bytča","Veľké Rovné","B10 Slovensko, a. s.",1,7
"okres Bytča","Veľké Rovné","GAMA Reality, s.r.o.",1,8
"okres Bytča","Veľké Rovné","Romantické Chalupy, s.r.o.",1,9
"okres Bytča","Veľké Rovné","RENOME REAL",1,10
"okres Bytča","Veľké Rovné","SLNOVRAT, s.r.o.",1,11
"okres Bytča","Veľké Rovné","Realitná kancelária RED, s.r.o.",1,12
"okres Bytča","Veľké Rovné","StorkReal s. r. o.",1,13
"okres Bytča","Veľké Rovné","1. Reality Rent, s.r.o.",1,14
"okres Bytča","Veľké Rovné","Vianema s.r.o.",1,15
"okres Čadca",Blažkov,"Piata Avenue",2,1
"okres Čadca",Čadečka,"MENÍME BÝVANIE",1,1
"okres Čadca",Čadečka,"BeMi realitná kancelária",1,2
"okres Čadca",Centrum,"HOLESTIAK.sk reality s.r.o.",4,1
"okres Čadca",Centrum,"SLNOVRAT, s.r.o.",4,2
"okres Čadca",Centrum,"Realitné kancelárie SR",2,3
"okres Čadca",Centrum,"Vianema s.r.o.",2,4
"okres Čadca",Centrum,"1. Reality Rent, s.r.o.",1,5
"okres Čadca",Centrum,"TARGETreal s. r. o.",1,6
"okres Čadca",Centrum,"Safe reality s. r. o.",1,7
"okres Čadca",Centrum,"JPE. Reality - Jozef Pajer",1,8
"okres Čadca",Centrum,"BeMi realitná kancelária",1,9
"okres Čadca",Centrum,"MENÍME BÝVANIE",1,10
"okres Čadca",Centrum,"MGM reality",1,11
"okres Čadca",Centrum,"RECLOUD Reality a.s.",1,12
"okres Čadca",Centrum,"PhDr. Miloš Kocúr - BKM Consulting",1,13
"okres Čadca",Centrum,"B10 Slovensko, a. s.",1,14
"okres Čadca",Čierne,"AnReal s. r. o.",2,1
"okres Čadca",Čierne,"Realitné kancelárie SR",2,2
"okres Čadca",Čierne,Reality+,1,3
"okres Čadca",Čierne,"BeMi realitná kancelária",1,4
"okres Čadca",Čierne,"Safe reality s. r. o.",1,5
"okres Čadca",Čierne,"B10 Slovensko, a. s.",1,6
"okres Čadca",Čierne,"SLNOVRAT, s.r.o.",1,7
"okres Čadca",Čierne,"TARGETreal s. r. o.",1,8
"okres Čadca",Čierne,"TRI LIPY, s. r. o.",1,9
"okres Čadca","Dlhá nad Kysucou","WFG reality, s.r.o.",3,1
"okres Čadca","Dlhá nad Kysucou","MENÍME BÝVANIE",1,2
"okres Čadca","Dlhá nad Kysucou","Vianema s.r.o.",1,3
"okres Čadca","Dlhá nad Kysucou","HOLESTIAK.sk reality s.r.o.",1,4
"okres Čadca","Dlhá nad Kysucou","1. Reality Rent, s.r.o.",1,5
"okres Čadca",Dunajov,"ŽILINAREAL, s.r.o.",2,1
"okres Čadca",Dunajov,"WFG reality, s.r.o.",1,2
"okres Čadca",Dunajov,"RES GROUP, s.r.o.",1,3
"okres Čadca",Hlinené,"RK ANNA, s.r.o.",1,1
"okres Čadca",Hlinené,"HOLESTIAK.sk reality s.r.o.",1,2
"okres Čadca",Hlinené,"SLNOVRAT, s.r.o.",1,3
"okres Čadca",Horelica,"HOLESTIAK.sk reality s.r.o.",3,1
"okres Čadca",Horelica,"SLNOVRAT, s.r.o.",2,2
"okres Čadca",Horelica,"BeMi realitná kancelária",2,3
"okres Čadca",Horelica,"Vianema s.r.o.",1,4
"okres Čadca",Husárikovci,"1. Reality Rent, s.r.o.",1,1
"okres Čadca",Husárikovci,"BeMi realitná kancelária",1,2
"okres Čadca",Kalinov,"MGM reality",2,1
"okres Čadca",Kalinov,"1. Reality Rent, s.r.o.",2,2
"okres Čadca",Kalinov,"ETHOS reality, s. r. o.",1,3
"okres Čadca",Klokočov,"BeMi realitná kancelária",4,1
"okres Čadca",Klokočov,"1. Reality Rent, s.r.o.",2,2
"okres Čadca",Klokočov,"SLNOVRAT, s.r.o.",2,3
"okres Čadca",Klokočov,"Ing. Marcela Pišteková",1,4
"okres Čadca",Klokočov,"MG real, s.r.o.",1,5
"okres Čadca",Klokočov,"YNI reality",1,6
"okres Čadca",Klokočov,"Romantické Chalupy, s.r.o.",1,7
"okres Čadca",Klokočov,"Trioreality, s.r.o.",1,8
"okres Čadca",Klokočov,"HOLESTIAK.sk reality s.r.o.",1,9
"okres Čadca",Klokočov,"Realitné kancelárie SR",1,10
"okres Čadca",Klokočov,"Nové bývanie",1,11
"okres Čadca",Klokočov,"REAL21 Invest-consult, s.r.o.",1,12
"okres Čadca",Klokočov,"TRI LIPY, s. r. o.",1,13
"okres Čadca",Klubina,"Trioreality, s.r.o.",2,1
"okres Čadca",Korňa,"RECLOUD Reality a.s.",2,1
"okres Čadca",Korňa,"1. Reality Rent, s.r.o.",1,2
"okres Čadca",Korňa,"ETHOS reality, s. r. o.",1,3
"okres Čadca",Korňa,"TRI LIPY, s. r. o.",1,4
"okres Čadca",Korňa,"RIEŠIME BÝVANIE",1,5
"okres Čadca",Korňa,"Ing. Marcela Pišteková",1,6
"okres Čadca",Korňa,"SLNOVRAT, s.r.o.",1,7
"okres Čadca",Kyčerka,"1. Reality Rent, s.r.o.",2,1
"okres Čadca",Kyčerka,"SLNOVRAT, s.r.o.",2,2
"okres Čadca",Kyčerka,"Realitná kancelária",2,3
"okres Čadca",Kyčerka,"B10 Slovensko, a. s.",1,4
"okres Čadca",Kyčerka,"BeMi realitná kancelária",1,5
"okres Čadca",Kyčerka,"JPE. Reality - Jozef Pajer",1,6
"okres Čadca",Kyčerka,"Trioreality, s.r.o.",1,7
"okres Čadca",Kyzkovci,"HOLESTIAK.sk reality s.r.o.",1,1
"okres Čadca",Makov,"1. Reality Rent, s.r.o.",7,1
"okres Čadca",Makov,"AP REAL, s.r.o.",4,2
"okres Čadca",Makov,"SLNOVRAT, s.r.o.",2,3
"okres Čadca",Makov,"Ing. Gerlinda Bérešová - Esti",2,4
"okres Čadca",Makov,"BeMi realitná kancelária",1,5
"okres Čadca",Makov,"B10 Slovensko, a. s.",1,6
"okres Čadca",Makov,"SIERA realitná kancelária s.r.o.",1,7
"okres Čadca",Makov,"Realitná kancelária DOM",1,8
"okres Čadca",Makov,"Vianema s.r.o.",1,9
"okres Čadca",Makov,"Ing. Marcela Pišteková",1,10
"okres Čadca",Makov,"Apollo House",1,11
"okres Čadca",Makov,"TRI LIPY, s. r. o.",1,12
"okres Čadca",Milošová,"JPE. Reality - Jozef Pajer",2,1
"okres Čadca",Milošová,"TRI LIPY, s. r. o.",1,2
"okres Čadca",Milošová,"HOLESTIAK.sk reality s.r.o.",1,3
"okres Čadca",Milošová,"SLNOVRAT, s.r.o.",1,4
"okres Čadca","Nová Bystrica","RECLOUD Reality a.s.",1,1
"okres Čadca","Nová Bystrica","SLNOVRAT, s.r.o.",1,2
"okres Čadca","Nová Bystrica","1. Reality Rent, s.r.o.",1,3
"okres Čadca",Olešná,"1. Reality Rent, s.r.o.",3,1
"okres Čadca",Olešná,"RE/MAX Slovakia",1,2
"okres Čadca",Olešná,"RENOME REAL",1,3
"okres Čadca",Olešná,"JPE. Reality - Jozef Pajer",1,4
"okres Čadca",Olešná,"RK4 REALITY",1,5
"okres Čadca",Oščadnica,"SLNOVRAT, s.r.o.",6,1
"okres Čadca",Oščadnica,"1. Reality Rent, s.r.o.",6,2
"okres Čadca",Oščadnica,"HOLESTIAK.sk reality s.r.o.",3,3
"okres Čadca",Oščadnica,"Trioreality, s.r.o.",2,4
"okres Čadca",Oščadnica,"Nestor Capital s.r.o.",2,5
"okres Čadca",Oščadnica,"RE/MAX Slovakia",2,6
"okres Čadca",Oščadnica,"TRI LIPY, s. r. o.",2,7
"okres Čadca",Oščadnica,"MGM reality",2,8
"okres Čadca",Oščadnica,"VAŠE REALITY s.r.o.",1,9
"okres Čadca",Oščadnica,"NIKO-REAL, s.r.o.",1,10
"okres Čadca",Oščadnica,"Realitná kancelária",1,11
"okres Čadca",Oščadnica,RealityOne,1,12
"okres Čadca",Oščadnica,"JPE. Reality - Jozef Pajer",1,13
"okres Čadca",Oščadnica,"PhDr. Miloš Kocúr - BKM Consulting",1,14
"okres Čadca",Oščadnica,"Arvin & Benet",1,15
"okres Čadca",Oščadnica,"KING REAL s. r. o.",1,16
"okres Čadca",Oščadnica,"BeMi realitná kancelária",1,17
"okres Čadca",Oščadnica,"RS Mansory s.r.o.",1,18
"okres Čadca",Oščadnica,"TARGETreal s. r. o.",1,19
"okres Čadca",Oščadnica,"Realitné kancelárie SR",1,20
"okres Čadca",Podvysoká,"HALO reality, s.r.o.",1,1
"okres Čadca",Podvysoká,"BeMi realitná kancelária",1,2
"okres Čadca",Podvysoká,"Real Global",1,3
"okres Čadca",Podzávoz,"1. Reality Rent, s.r.o.",3,1
"okres Čadca",Podzávoz,"BeMi realitná kancelária",3,2
"okres Čadca",Podzávoz,"SLNOVRAT, s.r.o.",2,3
"okres Čadca",Podzávoz,"Realitka pre každého",1,4
"okres Čadca",Podzávoz,"JPE. Reality - Jozef Pajer",1,5
"okres Čadca",Predmier,"SLNOVRAT, s.r.o.",5,1
"okres Čadca",Predmier,"Reality Alpia",1,2
"okres Čadca",Predmier,"Ing. Marcela Pišteková",1,3
"okres Čadca",Predmier,"JPE. Reality - Jozef Pajer",1,4
"okres Čadca",Radôstka,"Realitná sieť UPgreat",1,1
"okres Čadca",Raková,"1. Reality Rent, s.r.o.",6,1
"okres Čadca",Raková,"SLNOVRAT, s.r.o.",5,2
"okres Čadca",Raková,"RS Mansory s.r.o.",3,3
"okres Čadca",Raková,"TRI LIPY, s. r. o.",3,4
"okres Čadca",Raková,"Wealth Group, s.r.o.",2,5
"okres Čadca",Raková,"JPE. Reality - Jozef Pajer",2,6
"okres Čadca",Raková,"MGM reality",1,7
"okres Čadca",Raková,"RECLOUD Reality a.s.",1,8
"okres Čadca",Raková,"Realitná kancelária",1,9
"okres Čadca",Raková,"ETHOS reality, s. r. o.",1,10
"okres Čadca",Raková,NajlepšíMakléri.sk,1,11
"okres Čadca",Raková,"BeMi realitná kancelária",1,12
"okres Čadca",Raková,"KUBALA REALITY, s.r.o.",1,13
"okres Čadca",Raková,"HOLESTIAK.sk reality s.r.o.",1,14
"okres Čadca",Rieka,"1. Reality Rent, s.r.o.",2,1
"okres Čadca",Rieka,"HOLESTIAK.sk reality s.r.o.",2,2
"okres Čadca",Rieka,"SLNOVRAT, s.r.o.",2,3
"okres Čadca",Rieka,"Reality Kopanice",1,4
"okres Čadca","Sídlisko 3","1. Reality Rent, s.r.o.",1,1
"okres Čadca",Skalité,"BeMi realitná kancelária",11,1
"okres Čadca",Skalité,"HOLESTIAK.sk reality s.r.o.",4,2
"okres Čadca",Skalité,"1. Reality Rent, s.r.o.",2,3
"okres Čadca",Skalité,"Realitná kancelária",1,4
"okres Čadca",Skalité,"TUreality s.r.o.",1,5
"okres Čadca",Skalité,"JPE. Reality - Jozef Pajer",1,6
"okres Čadca",Škrabákovci,"Realitné kancelárie SR",1,1
"okres Čadca","Stará Bystrica","BeMi realitná kancelária",2,1
"okres Čadca","Stará Bystrica","RES GROUP, s.r.o.",1,2
"okres Čadca","Stará Bystrica","Realitné kancelárie SR",1,3
"okres Čadca","Stará Bystrica","TRI LIPY, s. r. o.",1,4
"okres Čadca","Stará Bystrica","ADH-REAL s.r.o. Hirjaková Adriana",1,5
"okres Čadca",Staškov,"SLNOVRAT, s.r.o.",14,1
"okres Čadca",Staškov,"1. Reality Rent, s.r.o.",3,2
"okres Čadca",Staškov,"Safe reality s. r. o.",2,3
"okres Čadca",Staškov,"Direct Real, spol. s r.o.",1,4
"okres Čadca",Staškov,"PROFI INVEST družstvo",1,5
"okres Čadca",Staškov,"Trioreality, s.r.o.",1,6
"okres Čadca",Staškov,"HOLESTIAK.sk reality s.r.o.",1,7
"okres Čadca",Staškov,"BeMi realitná kancelária",1,8
"okres Čadca",Stred,"JPE. Reality - Jozef Pajer",3,1
"okres Čadca",Stred,"1. Reality Rent, s.r.o.",2,2
"okres Čadca",Stred,"HOLESTIAK.sk reality s.r.o.",2,3
"okres Čadca",Stred,"KUBALA REALITY, s.r.o.",2,4
"okres Čadca",Stred,"Reality IQ, s.r.o.",2,5
"okres Čadca",Stred,"SLNOVRAT, s.r.o.",2,6
"okres Čadca",Stred,"bezmaklérov, s.r.o.",1,7
"okres Čadca",Stred,"Safe reality s. r. o.",1,8
"okres Čadca",Stred,"REALITY SPOLU",1,9
"okres Čadca",Stred,"Wealth Group, s.r.o.",1,10
"okres Čadca",Stred,"Ing. Marcela Pišteková",1,11
"okres Čadca",Stred,"GAMA Reality, s.r.o.",1,12
"okres Čadca",Stred,OPENREALITY,1,13
"okres Čadca",Stred,"BeMi realitná kancelária",1,14
"okres Čadca",Svrčinovec,"1. Reality Rent, s.r.o.",3,1
"okres Čadca",Svrčinovec,"JPE. Reality - Jozef Pajer",2,2
"okres Čadca",Svrčinovec,"SLNOVRAT, s.r.o.",2,3
"okres Čadca",Svrčinovec,"BeMi realitná kancelária",2,4
"okres Čadca",Svrčinovec,"Reality IQ, s.r.o.",1,5
"okres Čadca",Svrčinovec,"HOLESTIAK.sk reality s.r.o.",1,6
"okres Čadca",Svrčinovec,"PhDr. Miloš Kocúr - BKM Consulting",1,7
"okres Čadca",Svrčinovec,"Romantické Chalupy, s.r.o.",1,8
"okres Čadca",Turkov,"Safe reality s. r. o.",1,1
"okres Čadca","U Hluška","B10 Slovensko, a. s.",1,1
"okres Čadca","U Hluška","Trioreality, s.r.o.",1,2
"okres Čadca","U Hluška","JPE. Reality - Jozef Pajer",1,3
"okres Čadca","U Hluška","WFG reality, s.r.o.",1,4
"okres Čadca","U Sneheľníka","ETHOS reality, s. r. o.",1,1
"okres Čadca","Vysoká nad Kysucou","Realitná kancelária",3,1
"okres Čadca","Vysoká nad Kysucou","Ing. Marcela Pišteková",2,2
"okres Čadca","Vysoká nad Kysucou","BeMi realitná kancelária",1,3
"okres Čadca","Vysoká nad Kysucou","SLNOVRAT, s.r.o.",1,4
"okres Čadca","Vysoká nad Kysucou","Stanislav Slovák",1,5
"okres Čadca",Zákopčie,"1. Reality Rent, s.r.o.",2,1
"okres Čadca",Zákopčie,"Ing. Marcela Pišteková",1,2
"okres Čadca",Zákopčie,"Romantické Chalupy, s.r.o.",1,3
"okres Čadca",Zákopčie,"Direct Real, spol. s r.o.",1,4
"okres Čadca",Zákopčie,"RK Finanz Real, s.r.o.",1,5
"okres Čadca",Zákopčie,"HOLESTIAK.sk reality s.r.o.",1,6
"okres Čadca",Zákopčie,"Realitná kancelária RED, s.r.o.",1,7
"okres Čadca",Žarec,"1. Reality Rent, s.r.o.",4,1
"okres Čadca",Žarec,"JPE. Reality - Jozef Pajer",2,2
"okres Čadca",Žarec,"KUBALA REALITY, s.r.o.",2,3
"okres Čadca",Žarec,"BeMi realitná kancelária",2,4
"okres Čadca",Žarec,"Renovo Reality",1,5
"okres Čadca",Žarec,"MENÍME BÝVANIE",1,6
"okres Čadca",Žarec,"Trioreality, s.r.o.",1,7
"okres Čadca",Žarec,"MGM reality",1,8
"okres Čadca",Žarec,"RIEŠIME BÝVANIE",1,9
"okres Čadca",Žarec,"Reality Alpia",1,10
"okres Čadca",Závodie,"B10 Slovensko, a. s.",1,1
"okres Čadca","Zborov nad Bystricou","ETHOS reality, s. r. o.",1,1
"okres Čadca","Zborov nad Bystricou","HOLESTIAK.sk reality s.r.o.",1,2
"okres Čadca","Zborov nad Bystricou","Wealth Group, s.r.o.",1,3
"okres Dolný Kubín",Banisko,"TUreality s.r.o.",1,1
"okres Dolný Kubín",Banisko,"OREA, s.r.o.",1,2
"okres Dolný Kubín",Brezovec,"FINREA - ak vám záleží na výsledku",8,1
"okres Dolný Kubín",Brezovec,"OREA, s.r.o.",7,2
"okres Dolný Kubín",Brezovec,"RK Dalmia s. r. o.",5,3
"okres Dolný Kubín",Brezovec,"ALT REAL, s.r.o.",1,4
"okres Dolný Kubín",Brezovec,"Bosen Group s.r.o.",1,5
"okres Dolný Kubín",Brezovec,"TUreality s.r.o.",1,6
"okres Dolný Kubín",Brezovec,"HD reality group s.r.o",1,7
"okres Dolný Kubín","Dlhá nad Oravou","OREA, s.r.o.",2,1
"okres Dolný Kubín","Dlhá nad Oravou","RE/MAX Slovakia",1,2
"okres Dolný Kubín","Dlhá nad Oravou","Bosen Group s.r.o.",1,3
"okres Dolný Kubín","Horná Lehota","OREA, s.r.o.",1,1
"okres Dolný Kubín",Istebné,"FINREA - ak vám záleží na výsledku",4,1
"okres Dolný Kubín",Istebné,"RK Dalmia s. r. o.",1,2
"okres Dolný Kubín",Istebné,"AstonReal s.r.o.",1,3
"okres Dolný Kubín",Jasenová,"OREA, s.r.o.",1,1
"okres Dolný Kubín",Jasenová,"FINREA - ak vám záleží na výsledku",1,2
"okres Dolný Kubín",Kraľovany,"AstonReal s.r.o.",2,1
"okres Dolný Kubín","Kubínska hoľa","OREA, s.r.o.",1,1
"okres Dolný Kubín","Kubínska hoľa","YNI reality",1,2
"okres Dolný Kubín",Leštiny,"FINREA - ak vám záleží na výsledku",3,1
"okres Dolný Kubín",Leštiny,"OREA, s.r.o.",1,2
"okres Dolný Kubín",Malatiná,"RK Dalmia s. r. o.",3,1
"okres Dolný Kubín",Malatiná,"OVERENÉ REALITY",1,2
"okres Dolný Kubín",Malatiná,"TUreality s.r.o.",1,3
"okres Dolný Kubín",Malatiná,"RAI COMPANY s.r.o.",1,4
"okres Dolný Kubín","Malý Bysterec","OREA, s.r.o.",2,1
"okres Dolný Kubín","Malý Bysterec","RK Dalmia s. r. o.",2,2
"okres Dolný Kubín","Malý Bysterec","RES GROUP, s.r.o.",1,3
"okres Dolný Kubín","Medzibrodie nad Oravou","OREA, s.r.o.",1,1
"okres Dolný Kubín",Medzihradné,"Reality BL, s.r.o.",1,1
"okres Dolný Kubín",Mokraď,"OREA, s.r.o.",7,1
"okres Dolný Kubín",Mokraď,"RK Dalmia s. r. o.",4,2
"okres Dolný Kubín",Mokraď,"FINREA - ak vám záleží na výsledku",1,3
"okres Dolný Kubín","Oravská Poruba","OREA, s.r.o.",1,1
"okres Dolný Kubín","Oravská Poruba","Georgi Conev",1,2
"okres Dolný Kubín","Oravská Poruba","FINREA - ak vám záleží na výsledku",1,3
"okres Dolný Kubín","Oravský Podzámok","RE/MAX Slovakia",2,1
"okres Dolný Kubín","Oravský Podzámok","RK Dalmia s. r. o.",1,2
"okres Dolný Kubín",Osádka,"Winners Reality Slovakia, s.r.o.",1,1
"okres Dolný Kubín",Osádka,"FINREA - ak vám záleží na výsledku",1,2
"okres Dolný Kubín",Párnica,"OREA, s.r.o.",2,1
"okres Dolný Kubín",Párnica,"TUreality s.r.o.",1,2
"okres Dolný Kubín",Párnica,"RE/MAX Slovakia",1,3
"okres Dolný Kubín",Párnica,"B10 Slovensko, a. s.",1,4
"okres Dolný Kubín",Párnica,"FINREA - ak vám záleží na výsledku",1,5
"okres Dolný Kubín",Párnica,"GRAVITAS a. s.",1,6
"okres Dolný Kubín",Párnica,donidDevelop,1,7
"okres Dolný Kubín",Pribiš,"OREA, s.r.o.",1,1
"okres Dolný Kubín",Pribiš,"LICITOR group, a.s.",1,2
"okres Dolný Kubín",Pucov,"BeMi realitná kancelária",1,1
"okres Dolný Kubín","Sedliacka Dubová","Realitné kancelárie SR",1,1
"okres Dolný Kubín",Stred,"OREA, s.r.o.",3,1
"okres Dolný Kubín",Stred,"RE/MAX Slovakia",2,2
"okres Dolný Kubín",Stred,"RK SPIRIT s.r.o.",2,3
"okres Dolný Kubín",Stred,"KES - RV s.r.o.",1,4
"okres Dolný Kubín",Stred,"Bosen Group s.r.o.",1,5
"okres Dolný Kubín",Stred,"RK Dalmia s. r. o.",1,6
"okres Dolný Kubín",Stred,"VAŠA REALITKA s.r.o.",1,7
"okres Dolný Kubín",Stred,"RK VILLEA, s. r. o.",1,8
"okres Dolný Kubín",Veličná,donidDevelop,2,1
"okres Dolný Kubín",Veličná,"OREA, s.r.o.",2,2
"okres Dolný Kubín",Veličná,"RK Dalmia s. r. o.",2,3
"okres Dolný Kubín",Veličná,"bezmaklérov, s.r.o.",1,4
"okres Dolný Kubín",Veličná,"FINREA - ak vám záleží na výsledku",1,5
"okres Dolný Kubín",Veličná,"AstonReal s.r.o.",1,6
"okres Dolný Kubín","Veľký Bysterec","FINREA - ak vám záleží na výsledku",4,1
"okres Dolný Kubín","Veľký Bysterec","OREA, s.r.o.",4,2
"okres Dolný Kubín","Veľký Bysterec","TUreality s.r.o.",3,3
"okres Dolný Kubín","Veľký Bysterec","AstonReal s.r.o.",2,4
"okres Dolný Kubín","Veľký Bysterec","RE/MAX Slovakia",1,5
"okres Dolný Kubín","Veľký Bysterec","RK Dalmia s. r. o.",1,6
"okres Dolný Kubín","Vyšný Kubín","RES GROUP, s.r.o.",2,1
"okres Dolný Kubín","Vyšný Kubín","RK Dalmia s. r. o.",1,2
"okres Dolný Kubín","Vyšný Kubín","OREA, s.r.o.",1,3
"okres Dolný Kubín","Vyšný Kubín","RK VILLEA, s. r. o.",1,4
"okres Dolný Kubín","Vyšný Kubín","ZRUBY RAJEC, s.r.o.",1,5
"okres Dolný Kubín",Záskalie,"OREA, s.r.o.",1,1
"okres Dolný Kubín",Záskalie,"VAŠA REALITKA s.r.o.",1,2
"okres Dolný Kubín",Záskalie,"FINREA - ak vám záleží na výsledku",1,3
"okres Dolný Kubín",Žaškov,"Bosen Group s.r.o.",1,1
"okres Dolný Kubín",Žaškov,"RK VILLEA, s. r. o.",1,2
"okres Dolný Kubín",Žaškov,"RK Dalmia s. r. o.",1,3
"okres Dolný Kubín",Žaškov,"Reality Alpia",1,4
"okres Dolný Kubín",Zázrivá,donidDevelop,2,1
"okres Dolný Kubín",Zázrivá,"RE/MAX Slovakia",2,2
"okres Dolný Kubín",Zázrivá,"TUreality s.r.o.",2,3
"okres Dolný Kubín",Zázrivá,"RK Dalmia s. r. o.",1,4
"okres Dolný Kubín",Zázrivá,"Reality Alpia",1,5
"okres Dolný Kubín",Zázrivá,"FINREA - ak vám záleží na výsledku",1,6
"okres Kysucké Nové Mesto","Budatínska Lehota","ŽILINAREAL, s.r.o.",1,1
"okres Kysucké Nové Mesto","Budatínska Lehota","HALO reality, s.r.o.",1,2
"okres Kysucké Nové Mesto","Budatínska Lehota","1. Reality Rent, s.r.o.",1,3
"okres Kysucké Nové Mesto","Budatínska Lehota","BeMi realitná kancelária",1,4
"okres Kysucké Nové Mesto","Dolný Vadičov","BR ACADEMY, s. r. o.",1,1
"okres Kysucké Nové Mesto","Dolný Vadičov","Realitné kancelárie SR",1,2
"okres Kysucké Nové Mesto","Dolný Vadičov","BeMi realitná kancelária",1,3
"okres Kysucké Nové Mesto","Dolný Vadičov","B10 Slovensko, a. s.",1,4
"okres Kysucké Nové Mesto","Horný Vadičov","ROSA reality",2,1
"okres Kysucké Nové Mesto","Horný Vadičov","TARGETreal s. r. o.",2,2
"okres Kysucké Nové Mesto","Horný Vadičov","RK4 REALITY",2,3
"okres Kysucké Nové Mesto","Horný Vadičov","DRR INVEST, s. r. o.",1,4
"okres Kysucké Nové Mesto","Horný Vadičov","Nové bývanie",1,5
"okres Kysucké Nové Mesto","Horný Vadičov","Vianema s.r.o.",1,6
"okres Kysucké Nové Mesto","Horný Vadičov","R2 SK, s.r.o.",1,7
"okres Kysucké Nové Mesto","Horný Vadičov","TUreality s.r.o.",1,8
"okres Kysucké Nové Mesto","Horný Vadičov","PRIMA reality s.r.o.",1,9
"okres Kysucké Nové Mesto","Horný Vadičov","Mamud Reality s. r. o.",1,10
"okres Kysucké Nové Mesto","Horný Vadičov","SLNOVRAT, s.r.o.",1,11
"okres Kysucké Nové Mesto",Kamence,"Istrofinal, s. r. o.",21,1
"okres Kysucké Nové Mesto",Kamence,"Pro Real, s. r. o. realitná kancelária",2,2
"okres Kysucké Nové Mesto",Kamence,"MGM reality",2,3
"okres Kysucké Nové Mesto",Kamence,Reality+,2,4
"okres Kysucké Nové Mesto",Kamence,"TRI LIPY, s. r. o.",1,5
"okres Kysucké Nové Mesto",Kamence,"MG real, s.r.o.",1,6
"okres Kysucké Nové Mesto",Kamence,"WFG reality, s.r.o.",1,7
"okres Kysucké Nové Mesto",Kamence,"Realitná kancelária RED, s.r.o.",1,8
"okres Kysucké Nové Mesto",Kamence,"Realitné kancelárie SR",1,9
"okres Kysucké Nové Mesto",Kamence,"Renovo Reality",1,10
"okres Kysucké Nové Mesto","Kysucký Lieskovec","ROMDOM, s. r. o",3,1
"okres Kysucké Nové Mesto","Kysucký Lieskovec","PRIVAT Reality spol.s.r.o",1,2
"okres Kysucké Nové Mesto","Kysucký Lieskovec","MGM reality",1,3
"okres Kysucké Nové Mesto","Kysucký Lieskovec","TUreality s.r.o.",1,4
"okres Kysucké Nové Mesto",Lodno,"WFG reality, s.r.o.",2,1
"okres Kysucké Nové Mesto","Lopušné Pažite","BeMi realitná kancelária",2,1
"okres Kysucké Nové Mesto","Lopušné Pažite","RES GROUP, s.r.o.",1,2
"okres Kysucké Nové Mesto",Nábrežie,"ROSA reality",1,1
"okres Kysucké Nové Mesto",Nábrežie,"HOLESTIAK.sk reality s.r.o.",1,2
"okres Kysucké Nové Mesto",Nábrežie,"Realitné kancelárie SR",1,3
"okres Kysucké Nové Mesto",Nesluša,"ROMDOM, s. r. o",2,1
"okres Kysucké Nové Mesto",Nesluša,"MGM reality",2,2
"okres Kysucké Nové Mesto",Nesluša,"HOLESTIAK.sk reality s.r.o.",1,3
"okres Kysucké Nové Mesto",Nesluša,"Reality IQ, s.r.o.",1,4
"okres Kysucké Nové Mesto",Nesluša,"B10 Slovensko, a. s.",1,5
"okres Kysucké Nové Mesto",Nesluša,"Realitka pre každého",1,6
"okres Kysucké Nové Mesto",Ochodnica,"Realitné kancelárie SR",1,1
"okres Kysucké Nové Mesto",Ochodnica,"Pro Real, s. r. o. realitná kancelária",1,2
"okres Kysucké Nové Mesto",Oškerda,"WFG reality, s.r.o.",1,1
"okres Kysucké Nové Mesto",Povina,"DreamReality s.r.o.",3,1
"okres Kysucké Nové Mesto",Povina,"Pro Real, s. r. o. realitná kancelária",1,2
"okres Kysucké Nové Mesto",Povina,"Nové bývanie",1,3
"okres Kysucké Nové Mesto",Povina,"BeMi realitná kancelária",1,4
"okres Kysucké Nové Mesto",Povina,Envire,1,5
"okres Kysucké Nové Mesto",Povina,"1. Reality Rent, s.r.o.",1,6
"okres Kysucké Nové Mesto",Povina,"RS Mansory s.r.o.",1,7
"okres Kysucké Nové Mesto",Povina,"MGM reality",1,8
"okres Kysucké Nové Mesto",Radoľa,"BR ACADEMY, s. r. o.",1,1
"okres Kysucké Nové Mesto",Radoľa,"Safe reality s. r. o.",1,2
"okres Kysucké Nové Mesto",Rudina,"WFG reality, s.r.o.",3,1
"okres Kysucké Nové Mesto",Rudina,"DreamReality s.r.o.",2,2
"okres Kysucké Nové Mesto",Rudinka,Reality+,1,1
"okres Kysucké Nové Mesto",Rudinská,"BR ACADEMY, s. r. o.",2,1
"okres Kysucké Nové Mesto",Rudinská,"Vianema s.r.o.",1,2
"okres Kysucké Nové Mesto",Rudinská,"MGM reality",1,3
"okres Kysucké Nové Mesto",Rudinská,"Reality Alpia",1,4
"okres Kysucké Nové Mesto",Sídlisko,"Safe reality s. r. o.",4,1
"okres Kysucké Nové Mesto",Sídlisko,"Realitná kancelária DOM",3,2
"okres Kysucké Nové Mesto",Sídlisko,"DRR INVEST, s. r. o.",1,3
"okres Kysucké Nové Mesto",Sídlisko,"HOLESTIAK.sk reality s.r.o.",1,4
"okres Kysucké Nové Mesto",Sídlisko,"ROSA reality",1,5
"okres Kysucké Nové Mesto",Sídlisko,"Direct Real, spol. s r.o.",1,6
"okres Kysucké Nové Mesto",Sídlisko,"TUreality s.r.o.",1,7
"okres Kysucké Nové Mesto",Sídlisko,"Vianema s.r.o.",1,8
"okres Kysucké Nové Mesto",Sídlisko,"BR ACADEMY, s. r. o.",1,9
"okres Kysucké Nové Mesto",Sídlisko,"Realitné kancelárie SR",1,10
"okres Kysucké Nové Mesto",Sídlisko,"Realitná kancelária RED, s.r.o.",1,11
"okres Kysucké Nové Mesto",Sídlisko,"1. Reality Rent, s.r.o.",1,12
"okres Kysucké Nové Mesto",Sídlisko,"BeMi realitná kancelária",1,13
"okres Kysucké Nové Mesto",Snežnica,"Realitné kancelárie SR",3,1
"okres Kysucké Nové Mesto",Snežnica,"Safe reality s. r. o.",2,2
"okres Kysucké Nové Mesto",Snežnica,"WFG reality, s.r.o.",2,3
"okres Kysucké Nové Mesto",Snežnica,"PhDr. Miloš Kocúr - BKM Consulting",1,4
"okres Kysucké Nové Mesto",Snežnica,"BeMi realitná kancelária",1,5
"okres Kysucké Nové Mesto",Snežnica,"Reality IQ, s.r.o.",1,6
"okres Kysucké Nové Mesto",Snežnica,"Realitná kancelária",1,7
"okres Kysucké Nové Mesto",Snežnica,"RK4 REALITY",1,8
"okres Kysucké Nové Mesto",Snežnica,"RS Mansory s.r.o.",1,9
"okres Kysucké Nové Mesto",Stred,"WFG reality, s.r.o.",1,1
"okres Kysucké Nové Mesto",Stred,"Realitné kancelárie SR",1,2
"okres Kysucké Nové Mesto",Stred,"BeMi realitná kancelária",1,3
"okres Kysucké Nové Mesto",Stred,"Safe reality s. r. o.",1,4
"okres Kysucké Nové Mesto",Stred,"SLNOVRAT, s.r.o.",1,5
"okres Kysucké Nové Mesto",Suľkov,"1. Reality Rent, s.r.o.",3,1
"okres Kysucké Nové Mesto",Suľkov,"Realitná kancelária",2,2
"okres Kysucké Nové Mesto",Suľkov,"HOLESTIAK.sk reality s.r.o.",2,3
"okres Kysucké Nové Mesto",Suľkov,"BR ACADEMY, s. r. o.",1,4
"okres Kysucké Nové Mesto",Suľkov,"Realitné kancelárie SR",1,5
"okres Kysucké Nové Mesto",Suľkov,"Pro Real, s. r. o. realitná kancelária",1,6
"okres Liptovský Mikuláš",Andice,"RESIDENCE realitná kancelária",1,1
"okres Liptovský Mikuláš",Belánska,"HALO reality, s.r.o.",1,1
"okres Liptovský Mikuláš",Belánska,"Reality Alpia",1,2
"okres Liptovský Mikuláš",Belánska,"Direct Real, spol. s r.o.",1,3
"okres Liptovský Mikuláš",Beňadiková,"Direct Real, spol. s r.o.",2,1
"okres Liptovský Mikuláš",Beňadiková,"GERT , s.r.o.",1,2
"okres Liptovský Mikuláš",Beňadiková,"RE/MAX Slovakia",1,3
"okres Liptovský Mikuláš",Beňadiková,"RESIDENCE realitná kancelária",1,4
"okres Liptovský Mikuláš",Benice,"TUreality s.r.o.",1,1
"okres Liptovský Mikuláš",Bobrovec,"REALITY SPOLU",1,1
"okres Liptovský Mikuláš",Bobrovec,"RE/MAX Slovakia",1,2
"okres Liptovský Mikuláš",Bobrovec,"Reality Alpia",1,3
"okres Liptovský Mikuláš",Bobrovec,"GERT , s.r.o.",1,4
"okres Liptovský Mikuláš",Bobrovník,"RE/MAX Slovakia",2,1
"okres Liptovský Mikuláš",Bobrovník,liptoreal,1,2
"okres Liptovský Mikuláš",Bobrovník,"RK SPIRIT s.r.o.",1,3
"okres Liptovský Mikuláš",Bodice,"RESIDENCE realitná kancelária",1,1
"okres Liptovský Mikuláš",Bodice,"Reality Alpia",1,2
"okres Liptovský Mikuláš",Bodice,"bezmaklérov, s.r.o.",1,3
"okres Liptovský Mikuláš",Bukovina,"LEGEND realitná spoločnosť  s. r. o.",1,1
"okres Liptovský Mikuláš",Bukovina,"REALITY SPOLU",1,2
"okres Liptovský Mikuláš",Bukovina,"TUreality s.r.o.",1,3
"okres Liptovský Mikuláš",Celiny,"RK SPIRIT s.r.o.",8,1
"okres Liptovský Mikuláš",Demänová,"RK SPIRIT s.r.o.",7,1
"okres Liptovský Mikuláš",Demänová,"Reality Alpia",4,2
"okres Liptovský Mikuláš",Demänová,liptoreal,3,3
"okres Liptovský Mikuláš",Demänová,G-REAL,3,4
"okres Liptovský Mikuláš",Demänová,"RESIDENCE realitná kancelária",3,5
"okres Liptovský Mikuláš",Demänová,"RE/MAX Slovakia",2,6
"okres Liptovský Mikuláš",Demänová,jabyvam.sk,2,7
"okres Liptovský Mikuláš",Demänová,"REALITY SPOLU",1,8
"okres Liptovský Mikuláš",Demänová,"PROMINENT REAL s.r.o.",1,9
"okres Liptovský Mikuláš",Demänová,"TUreality s.r.o.",1,10
"okres Liptovský Mikuláš",Demänová,"HALO reality, s.r.o.",1,11
"okres Liptovský Mikuláš",Demänová,"ML realitný& finančny servis s.r.o. , BrokerSoft s.r.o. , Monika Launerová - SZČO",1,12
"okres Liptovský Mikuláš",Demänová,"OVERENÉ REALITY",1,13
"okres Liptovský Mikuláš",Demänová,"Svoboda&Williams Slovakia s.r.o.",1,14
"okres Liptovský Mikuláš","Demänovská Dolina","RESIDENCE realitná kancelária",18,1
"okres Liptovský Mikuláš","Demänovská Dolina","MK-CORP s.r.o.",5,2
"okres Liptovský Mikuláš","Demänovská Dolina","Tatry mountain resorts, a.s.",5,3
"okres Liptovský Mikuláš","Demänovská Dolina",G-REAL,4,4
"okres Liptovský Mikuláš","Demänovská Dolina",Limaxreal,3,5
"okres Liptovský Mikuláš","Demänovská Dolina","Tatra Invest",3,6
"okres Liptovský Mikuláš","Demänovská Dolina","Occam New Home",3,7
"okres Liptovský Mikuláš","Demänovská Dolina","DLUGO reality",3,8
"okres Liptovský Mikuláš","Demänovská Dolina","J.M.H. s.r.o.",2,9
"okres Liptovský Mikuláš","Demänovská Dolina","CreeX Reality s.r.o.",1,10
"okres Liptovský Mikuláš","Demänovská Dolina","Reality Now",1,11
"okres Liptovský Mikuláš","Demänovská Dolina","Realitné kancelárie SR",1,12
"okres Liptovský Mikuláš","Demänovská Dolina","Juraj Hegyi Reality & Development s.r.o.",1,13
"okres Liptovský Mikuláš","Demänovská Dolina","Nové bývanie",1,14
"okres Liptovský Mikuláš","Demänovská Dolina","ML realitný& finančny servis s.r.o. , BrokerSoft s.r.o. , Monika Launerová - SZČO",1,15
"okres Liptovský Mikuláš","Demänovská Dolina","RE/MAX Slovakia",1,16
"okres Liptovský Mikuláš","Demänovská Dolina","HD reality group s.r.o",1,17
"okres Liptovský Mikuláš","Demänovská Dolina","RK 38- Miroslav Antoška",1,18
"okres Liptovský Mikuláš","Demänovská Dolina","United Professionals s.r.o.",1,19
"okres Liptovský Mikuláš","Demänovská Dolina","RexDeco s.r.o.",1,20
"okres Liptovský Mikuláš","Demänovská Dolina","Romantické Chalupy, s.r.o.",1,21
"okres Liptovský Mikuláš","Demänovská Dolina","BeMi realitná kancelária",1,22
"okres Liptovský Mikuláš","Demänovská Dolina","BEDES | Realitná kancelária",1,23
"okres Liptovský Mikuláš","Demänovská Dolina",ZEIRA,1,24
"okres Liptovský Mikuláš","Demänovská Dolina","XEMAR realitná spoločnosť s.r.o.",1,25
"okres Liptovský Mikuláš","Demänovská Dolina","AstonReal s.r.o.",1,26
"okres Liptovský Mikuláš",Dovalovo,"TUreality s.r.o.",5,1
"okres Liptovský Mikuláš",Dovalovo,"HALO reality, s.r.o.",3,2
"okres Liptovský Mikuláš",Dovalovo,"RECLOUD Reality a.s.",2,3
"okres Liptovský Mikuláš",Dovalovo,"GERT , s.r.o.",1,4
"okres Liptovský Mikuláš",Dúbrava,"HALO reality, s.r.o.",2,1
"okres Liptovský Mikuláš",Dúbrava,"Direct Real, spol. s r.o.",2,2
"okres Liptovský Mikuláš",Dúbrava,"RK SPIRIT s.r.o.",2,3
"okres Liptovský Mikuláš",Dúbrava,"FatraReal s. r. o.",1,4
"okres Liptovský Mikuláš",Dúbrava,"Romantické Chalupy, s.r.o.",1,5
"okres Liptovský Mikuláš",Dúbrava,"Reality Alpia",1,6
"okres Liptovský Mikuláš",Galovany,jabyvam.sk,1,1
"okres Liptovský Mikuláš",Gôtovany,"Direct Real, spol. s r.o.",2,1
"okres Liptovský Mikuláš",Gôtovany,"OVERENÉ REALITY",1,2
"okres Liptovský Mikuláš",Gôtovany,"REALITY SPOLU",1,3
"okres Liptovský Mikuláš",Gôtovany,"HALO reality, s.r.o.",1,4
"okres Liptovský Mikuláš",Huty,"HALO reality, s.r.o.",1,1
"okres Liptovský Mikuláš",Hybe,"U9, a.s.",2,1
"okres Liptovský Mikuláš",Hybe,"Direct Real, spol. s r.o.",1,2
"okres Liptovský Mikuláš",Hybe,"RESIDENCE realitná kancelária",1,3
"okres Liptovský Mikuláš",Hybe,"Realitné kancelárie SR",1,4
"okres Liptovský Mikuláš",Iľanovo,"Reality Alpia",1,1
"okres Liptovský Mikuláš",Iľanovo,"NajBývanie, s.r.o.",1,2
"okres Liptovský Mikuláš",Ižipovce,"PT-com s. r. o.",3,1
"okres Liptovský Mikuláš",Ižipovce,"TUreality s.r.o.",2,2
"okres Liptovský Mikuláš",Ižipovce,"Direct Real, spol. s r.o.",1,3
"okres Liptovský Mikuláš",Ižipovce,"RE/MAX Slovakia",1,4
"okres Liptovský Mikuláš",Ižipovce,Limaxreal,1,5
"okres Liptovský Mikuláš",Ižipovce,"RECLOUD Reality a.s.",1,6
"okres Liptovský Mikuláš",Jakubovany,"Romantické Chalupy, s.r.o.",1,1
"okres Liptovský Mikuláš",Jakubovany,"Reality Alpia",1,2
"okres Liptovský Mikuláš",Jamník,"Realitné kancelárie SR",3,1
"okres Liptovský Mikuláš",Jamník,"RESIDENCE realitná kancelária",2,2
"okres Liptovský Mikuláš",Jamník,"Delta Property s.r.o.",1,3
"okres Liptovský Mikuláš",Jamník,"BEŇO REALITY",1,4
"okres Liptovský Mikuláš",Jamník,jabyvam.sk,1,5
"okres Liptovský Mikuláš","Kráľova Lehota","RIEŠIME BÝVANIE",1,1
"okres Liptovský Mikuláš",Kvačany,"Realitná kancelária",2,1
"okres Liptovský Mikuláš",Kvačany,"agreal.sk, spol. s r.o.",1,2
"okres Liptovský Mikuláš",Kvačany,liptoreal,1,3
"okres Liptovský Mikuláš",Kvačany,"RK SPIRIT s.r.o.",1,4
"okres Liptovský Mikuláš",Lazisko,"New Ways Reality&Financie",1,1
"okres Liptovský Mikuláš",Lazisko,"RK SPIRIT s.r.o.",1,2
"okres Liptovský Mikuláš",Lazisko,donidDevelop,1,3
"okres Liptovský Mikuláš",Lazisko,"Direct Real, spol. s r.o.",1,4
"okres Liptovský Mikuláš",Lazisko,"RESIDENCE realitná kancelária",1,5
"okres Liptovský Mikuláš","Liptovská Anna","M&G, s.r.o.",4,1
"okres Liptovský Mikuláš","Liptovská Anna","Reality AK, spol. s r.o.",1,2
"okres Liptovský Mikuláš","Liptovská Anna","TARGETreal s. r. o.",1,3
"okres Liptovský Mikuláš","Liptovská Kokava","RE/MAX Slovakia",2,1
"okres Liptovský Mikuláš","Liptovská Kokava","BeMi realitná kancelária",1,2
"okres Liptovský Mikuláš","Liptovská Kokava","Romantické Chalupy, s.r.o.",1,3
"okres Liptovský Mikuláš","Liptovská Kokava","ARBIZ real estate & finance s. r. o.",1,4
"okres Liptovský Mikuláš","Liptovská Mara - Tatralandia","RK SPIRIT s.r.o.",5,1
"okres Liptovský Mikuláš","Liptovská Mara - Tatralandia","Prvá Realitná Kancelária, s.r.o.",3,2
"okres Liptovský Mikuláš","Liptovská Mara - Tatralandia","ARCHEUS Partners a.s.",2,3
"okres Liptovský Mikuláš","Liptovská Mara - Tatralandia","RE/MAX Slovakia",1,4
"okres Liptovský Mikuláš","Liptovská Mara - Tatralandia","OVERENÉ REALITY",1,5
"okres Liptovský Mikuláš","Liptovská Mara - Tatralandia","RESIDENCE realitná kancelária",1,6
"okres Liptovský Mikuláš","Liptovská Mara - Tatralandia","HALO reality, s.r.o.",1,7
"okres Liptovský Mikuláš","Liptovská Mara - Tatralandia","BeMi realitná kancelária",1,8
"okres Liptovský Mikuláš","Liptovská Ondrašová","Bosen Group s.r.o.",4,1
"okres Liptovský Mikuláš","Liptovská Ondrašová","AstonReal s.r.o.",2,2
"okres Liptovský Mikuláš","Liptovská Ondrašová","RESIDENCE realitná kancelária",2,3
"okres Liptovský Mikuláš","Liptovská Ondrašová","Realitné kancelárie SR",1,4
"okres Liptovský Mikuláš","Liptovská Ondrašová","OVERENÉ REALITY",1,5
"okres Liptovský Mikuláš","Liptovská Ondrašová","TUreality s.r.o.",1,6
"okres Liptovský Mikuláš","Liptovská Ondrašová","BEŇO REALITY",1,7
"okres Liptovský Mikuláš","Liptovská Ondrašová","KRUPPKY, s.r.o.",1,8
"okres Liptovský Mikuláš","Liptovská Porúbka","HALO reality, s.r.o.",2,1
"okres Liptovský Mikuláš","Liptovská Porúbka","TUreality s.r.o.",1,2
"okres Liptovský Mikuláš","Liptovská Porúbka","HD reality group s.r.o",1,3
"okres Liptovský Mikuláš","Liptovská Porúbka","RIEŠIME BÝVANIE",1,4
"okres Liptovský Mikuláš","Liptovská Sielnica","Q REAL s.r.o.",3,1
"okres Liptovský Mikuláš","Liptovská Sielnica","Direct Real, spol. s r.o.",2,2
"okres Liptovský Mikuláš","Liptovská Sielnica","BEŇO REALITY",1,3
"okres Liptovský Mikuláš","Liptovská Sielnica","HALO reality, s.r.o.",1,4
"okres Liptovský Mikuláš","Liptovská Sielnica","NajBývanie, s.r.o.",1,5
"okres Liptovský Mikuláš","Liptovská Sielnica","NFA Group, s.r.o.",1,6
"okres Liptovský Mikuláš","Liptovská Sielnica","RECLOUD Reality a.s.",1,7
"okres Liptovský Mikuláš","Liptovská Sielnica","TUreality s.r.o.",1,8
"okres Liptovský Mikuláš","Liptovská Sielnica",Limaxreal,1,9
"okres Liptovský Mikuláš","Liptovské Beharovce","bezmaklérov, s.r.o.",1,1
"okres Liptovský Mikuláš","Liptovské Beharovce","OVERENÉ REALITY",1,2
"okres Liptovský Mikuláš","Liptovské Beharovce","TUreality s.r.o.",1,3
"okres Liptovský Mikuláš","Liptovské Kľačany","AstonReal s.r.o.",2,1
"okres Liptovský Mikuláš","Liptovské Kľačany","Bosen Group s.r.o.",1,2
"okres Liptovský Mikuláš","Liptovské Kľačany","GERT , s.r.o.",1,3
"okres Liptovský Mikuláš","Liptovské Kľačany","HD reality group s.r.o",1,4
"okres Liptovský Mikuláš","Liptovské Matiašovce","RE/MAX Slovakia",1,1
"okres Liptovský Mikuláš","Liptovský Ján","TUreality s.r.o.",3,1
"okres Liptovský Mikuláš","Liptovský Ján","RE/MAX Slovakia",2,2
"okres Liptovský Mikuláš","Liptovský Ján","RESIDENCE realitná kancelária",2,3
"okres Liptovský Mikuláš","Liptovský Ján","GERT , s.r.o.",1,4
"okres Liptovský Mikuláš","Liptovský Ján","KRUPPKY, s.r.o.",1,5
"okres Liptovský Mikuláš","Liptovský Ján","HALO reality, s.r.o.",1,6
"okres Liptovský Mikuláš","Liptovský Ján","bezmaklérov, s.r.o.",1,7
"okres Liptovský Mikuláš","Liptovský Ján","Reality Alpia",1,8
"okres Liptovský Mikuláš","Liptovský Ján","RIEŠIME BÝVANIE",1,9
"okres Liptovský Mikuláš","Liptovský Ondrej","Romantické Chalupy, s.r.o.",1,1
"okres Liptovský Mikuláš","Liptovský Peter","Realitné kancelárie SR",1,1
"okres Liptovský Mikuláš","Liptovský Peter","OVERENÉ REALITY",1,2
"okres Liptovský Mikuláš","Liptovský Peter","REINVEST s.r.o.",1,3
"okres Liptovský Mikuláš","Liptovský Peter","RE/MAX Slovakia",1,4
"okres Liptovský Mikuláš","Liptovský Trnovec","TUreality s.r.o.",4,1
"okres Liptovský Mikuláš","Liptovský Trnovec","Direct Real, spol. s r.o.",2,2
"okres Liptovský Mikuláš","Liptovský Trnovec","REALITY SPOLU",2,3
"okres Liptovský Mikuláš","Liptovský Trnovec","Realitné kancelárie SR",2,4
"okres Liptovský Mikuláš","Liptovský Trnovec","Eden Real estate, s.r.o.",1,5
"okres Liptovský Mikuláš","Liptovský Trnovec","Reality Turiec s.r o.",1,6
"okres Liptovský Mikuláš","Liptovský Trnovec","Reality Alpia",1,7
"okres Liptovský Mikuláš","Liptovský Trnovec","Tatra Invest",1,8
"okres Liptovský Mikuláš","Liptovský Trnovec","HALO reality, s.r.o.",1,9
"okres Liptovský Mikuláš","Liptovský Trnovec","Ing. Jaroslav Minár JAVAS",1,10
"okres Liptovský Mikuláš","Liptovský Trnovec",jabyvam.sk,1,11
"okres Liptovský Mikuláš","Liptovský Trnovec","Nové bývanie",1,12
"okres Liptovský Mikuláš","Liptovský Trnovec","ADOMOS REAL s.r.o.",1,13
"okres Liptovský Mikuláš","Liptovský Trnovec","KRUPPKY, s.r.o.",1,14
"okres Liptovský Mikuláš","Liptovský Trnovec","GERT , s.r.o.",1,15
"okres Liptovský Mikuláš",Ľubeľa,G-REAL,4,1
"okres Liptovský Mikuláš",Ľubeľa,"ARBIZ real estate & finance s. r. o.",2,2
"okres Liptovský Mikuláš",Ľubeľa,"OVERENÉ REALITY",2,3
"okres Liptovský Mikuláš",Ľubeľa,"Realitné kancelárie SR",1,4
"okres Liptovský Mikuláš",Ľubeľa,jabyvam.sk,1,5
"okres Liptovský Mikuláš",Ľubeľa,"New Ways Reality&Financie",1,6
"okres Liptovský Mikuláš",Ľubeľa,"Direct Real, spol. s r.o.",1,7
"okres Liptovský Mikuláš",Ľubeľa,"RE/MAX Slovakia",1,8
"okres Liptovský Mikuláš",Malatíny,"HALO reality, s.r.o.",1,1
"okres Liptovský Mikuláš","Malé Borové","RE/MAX Slovakia",1,1
"okres Liptovský Mikuláš","Malé Borové","REALITY FAIR",1,2
"okres Liptovský Mikuláš",Malužiná,"HALO reality, s.r.o.",1,1
"okres Liptovský Mikuláš","Nižná Boca","Nové bývanie",1,1
"okres Liptovský Mikuláš","Nižná Boca","HALO reality, s.r.o.",1,2
"okres Liptovský Mikuláš","Nižné Fabriky","LICITOR group, a.s.",1,1
"okres Liptovský Mikuláš",Okoličné,jabyvam.sk,2,1
"okres Liptovský Mikuláš",Okoličné,"AstonReal s.r.o.",1,2
"okres Liptovský Mikuláš",Okoličné,"Reality Alpia",1,3
"okres Liptovský Mikuláš",Palúdzka,"RESIDENCE realitná kancelária",7,1
"okres Liptovský Mikuláš",Palúdzka,"STRATEGIC REALITY",2,2
"okres Liptovský Mikuláš",Palúdzka,"ŠIRINY, s.r.o.",2,3
"okres Liptovský Mikuláš",Palúdzka,"OVERENÉ REALITY",1,4
"okres Liptovský Mikuláš",Palúdzka,"Direct Real, spol. s r.o.",1,5
"okres Liptovský Mikuláš",Palúdzka,"Loviu, s.r.o.",1,6
"okres Liptovský Mikuláš",Palúdzka,"AstonReal s.r.o.",1,7
"okres Liptovský Mikuláš",Palúdzka,"REALITY SPOLU",1,8
"okres Liptovský Mikuláš","Partizánska Ľupča","Realitné kancelárie SR",2,1
"okres Liptovský Mikuláš","Partizánska Ľupča","MK-CORP s.r.o.",1,2
"okres Liptovský Mikuláš","Partizánska Ľupča","HALO reality, s.r.o.",1,3
"okres Liptovský Mikuláš","Partizánska Ľupča","A-Byt Consult, s.r.o.",1,4
"okres Liptovský Mikuláš","Partizánska Ľupča","OVERENÉ REALITY",1,5
"okres Liptovský Mikuláš","Partizánska Ľupča","B10 Slovensko, a. s.",1,6
"okres Liptovský Mikuláš","Pavčina Lehota","Direct Real, spol. s r.o.",2,1
"okres Liptovský Mikuláš","Pavčina Lehota","PASS Reality, s.r.o.",1,2
"okres Liptovský Mikuláš","Pavčina Lehota","AstonReal s.r.o.",1,3
"okres Liptovský Mikuláš","Pavčina Lehota","RE/MAX Slovakia",1,4
"okres Liptovský Mikuláš","Pavčina Lehota","RK SPIRIT s.r.o.",1,5
"okres Liptovský Mikuláš","Pavlova Ves","BeMi realitná kancelária",1,1
"okres Liptovský Mikuláš",Ploštín,"KRUPPKY, s.r.o.",1,1
"okres Liptovský Mikuláš",Podbreziny,"AstonReal s.r.o.",4,1
"okres Liptovský Mikuláš",Podbreziny,"Direct Real, spol. s r.o.",3,2
"okres Liptovský Mikuláš",Podbreziny,"HALO reality, s.r.o.",3,3
"okres Liptovský Mikuláš",Podbreziny,"RESIDENCE realitná kancelária",2,4
"okres Liptovský Mikuláš",Podbreziny,"OVERENÉ REALITY",2,5
"okres Liptovský Mikuláš",Podbreziny,"TUreality s.r.o.",1,6
"okres Liptovský Mikuláš",Podbreziny,liptoreal,1,7
"okres Liptovský Mikuláš",Podbreziny,"RK SPIRIT s.r.o.",1,8
"okres Liptovský Mikuláš",Podbreziny,"sunnyreal s.r.o.",1,9
"okres Liptovský Mikuláš",Podbreziny,"BEŇO REALITY",1,10
"okres Liptovský Mikuláš",Podbreziny,"Eden Real estate, s.r.o.",1,11
"okres Liptovský Mikuláš",Podtureň,"TUreality s.r.o.",3,1
"okres Liptovský Mikuláš",Podtureň,"BEŇO REALITY",1,2
"okres Liptovský Mikuláš",Podtureň,"NFA Group, s.r.o.",1,3
"okres Liptovský Mikuláš",Podtureň,"Romantické Chalupy, s.r.o.",1,4
"okres Liptovský Mikuláš",Podtureň,"Direct Real, spol. s r.o.",1,5
"okres Liptovský Mikuláš",Podtureň,"Realitné kancelárie SR",1,6
"okres Liptovský Mikuláš",Podtureň,"Q REAL s.r.o.",1,7
"okres Liptovský Mikuláš",Podtureň,Limaxreal,1,8
"okres Liptovský Mikuláš",Prekážka,"HALO reality, s.r.o.",2,1
"okres Liptovský Mikuláš",Prekážka,"TUreality s.r.o.",2,2
"okres Liptovský Mikuláš",Prekážka,"Reality Alpia",1,3
"okres Liptovský Mikuláš",Pribylina,"Direct Real, spol. s r.o.",2,1
"okres Liptovský Mikuláš",Pribylina,"Reality Alpia",1,2
"okres Liptovský Mikuláš",Pribylina,"NajBývanie, s.r.o.",1,3
"okres Liptovský Mikuláš",Pribylina,"Mgr. Renáta Kolenčíková",1,4
"okres Liptovský Mikuláš",Pribylina,"Realitná kancelária",1,5
"okres Liptovský Mikuláš",Pribylina,"OVERENÉ REALITY",1,6
"okres Liptovský Mikuláš",Pribylina,"Realitná kancelária RED, s.r.o.",1,7
"okres Liptovský Mikuláš",Pribylina,"TUreality s.r.o.",1,8
"okres Liptovský Mikuláš",Pribylina,"RIEŠIME BÝVANIE",1,9
"okres Liptovský Mikuláš",Prosiek,liptoreal,3,1
"okres Liptovský Mikuláš",Prosiek,"RECLOUD Reality a.s.",1,2
"okres Liptovský Mikuláš",Prosiek,"Ing. Jaroslav Minár JAVAS",1,3
"okres Liptovský Mikuláš",Prosiek,"Direct Real, spol. s r.o.",1,4
"okres Liptovský Mikuláš",Smrečany,"Porto Real Group",1,1
"okres Liptovský Mikuláš",Smrečany,"Pegas real s.r.o.",1,2
"okres Liptovský Mikuláš",Smrečany,mojaRK,1,3
"okres Liptovský Mikuláš","Staré mesto","RESIDENCE realitná kancelária",12,1
"okres Liptovský Mikuláš","Staré mesto","TATRA CITY RESIDENCE s. r. o.",9,2
"okres Liptovský Mikuláš","Staré mesto","KA Real",6,3
"okres Liptovský Mikuláš","Staré mesto","AstonReal s.r.o.",4,4
"okres Liptovský Mikuláš","Staré mesto",jabyvam.sk,3,5
"okres Liptovský Mikuláš","Staré mesto","Direct Real, spol. s r.o.",3,6
"okres Liptovský Mikuláš","Staré mesto","XEMAR realitná spoločnosť s.r.o.",3,7
"okres Liptovský Mikuláš","Staré mesto","GERT , s.r.o.",3,8
"okres Liptovský Mikuláš","Staré mesto","RK SPIRIT s.r.o.",3,9
"okres Liptovský Mikuláš","Staré mesto",G-REAL,3,10
"okres Liptovský Mikuláš","Staré mesto","Reality Alpia",2,11
"okres Liptovský Mikuláš","Staré mesto",liptoreal,2,12
"okres Liptovský Mikuláš","Staré mesto","Realitné kancelárie SR",2,13
"okres Liptovský Mikuláš","Staré mesto","HALO reality, s.r.o.",2,14
"okres Liptovský Mikuláš","Staré mesto","BEŇO REALITY",1,15
"okres Liptovský Mikuláš","Staré mesto","ADOMOS REAL s.r.o.",1,16
"okres Liptovský Mikuláš","Staré mesto","OVERENÉ REALITY",1,17
"okres Liptovský Mikuláš","Staré mesto","TUreality s.r.o.",1,18
"okres Liptovský Mikuláš","Staré mesto","KRUPPKY, s.r.o.",1,19
"okres Liptovský Mikuláš","Staré mesto","Realitná kancelária Peter Hubka",1,20
"okres Liptovský Mikuláš","Staré mesto","Loviu, s.r.o.",1,21
"okres Liptovský Mikuláš","Staré mesto","1.BCR REAL ESTATE SLOVAKIA",1,22
"okres Liptovský Mikuláš",Stošice,"DVOŘÁK & PARTNERS s. r. o.",2,1
"okres Liptovský Mikuláš",Stošice,"Direct Real, spol. s r.o.",1,2
"okres Liptovský Mikuláš",Stošice,"HALO reality, s.r.o.",1,3
"okres Liptovský Mikuláš",Stošice,"ARBIZ real estate & finance s. r. o.",1,4
"okres Liptovský Mikuláš",Stošice,"KRUPPKY, s.r.o.",1,5
"okres Liptovský Mikuláš",Stošice,Limaxreal,1,6
"okres Liptovský Mikuláš","Svätý Kríž","RESIDENCE realitná kancelária",3,1
"okres Liptovský Mikuláš","Svätý Kríž","Reality Alpia",2,2
"okres Liptovský Mikuláš","Svätý Kríž","AstonReal s.r.o.",1,3
"okres Liptovský Mikuláš","Svätý Kríž","Vivid House s. r. o.",1,4
"okres Liptovský Mikuláš","Svätý Kríž","Romantické Chalupy, s.r.o.",1,5
"okres Liptovský Mikuláš","Svätý Kríž","TUreality s.r.o.",1,6
"okres Liptovský Mikuláš","Svätý Kríž","Realitná kancelária",1,7
"okres Liptovský Mikuláš","Svätý Kríž","RE/MAX Slovakia",1,8
"okres Liptovský Mikuláš",Trstené,"WFG reality, s.r.o.",2,1
"okres Liptovský Mikuláš","Uhorská Ves","Direct Real, spol. s r.o.",1,1
"okres Liptovský Mikuláš","Uhorská Ves","KRUPPKY, s.r.o.",1,2
"okres Liptovský Mikuláš",Vavrišovo,"Realitná kancelária Peter Hubka",1,1
"okres Liptovský Mikuláš",Vavrišovo,"SCHNEIDER Real",1,2
"okres Liptovský Mikuláš",Vavrišovo,"Reality Alpia",1,3
"okres Liptovský Mikuláš",Važec,"HALO reality, s.r.o.",3,1
"okres Liptovský Mikuláš",Važec,"REALITY TATRY",2,2
"okres Liptovský Mikuláš",Važec,"Reality Alpia",1,3
"okres Liptovský Mikuláš",Važec,liptoreal,1,4
"okres Liptovský Mikuláš",Važec,"DRAŽOBNÍK, s.r.o.",1,5
"okres Liptovský Mikuláš",Važec,jabyvam.sk,1,6
"okres Liptovský Mikuláš",Važec,"RK SPIRIT s.r.o.",1,7
"okres Liptovský Mikuláš","Veľké Borové","OVERENÉ REALITY",1,1
"okres Liptovský Mikuláš","Veterná Poruba",jabyvam.sk,1,1
"okres Liptovský Mikuláš",Vitálišovce,"BIZNIS REALITY, s.r.o.",2,1
"okres Liptovský Mikuláš",Vitálišovce,"RESIDENCE realitná kancelária",2,2
"okres Liptovský Mikuláš",Vlachy,"BeMi realitná kancelária",3,1
"okres Liptovský Mikuláš",Vlachy,"Reality Alpia",3,2
"okres Liptovský Mikuláš",Vlachy,"Nové bývanie",2,3
"okres Liptovský Mikuláš",Vlachy,Limaxreal,1,4
"okres Liptovský Mikuláš",Vlachy,"OVERENÉ REALITY",1,5
"okres Liptovský Mikuláš",Vlachy,"RECLOUD Reality a.s.",1,6
"okres Liptovský Mikuláš",Vlachy,"RESIDENCE realitná kancelária",1,7
"okres Liptovský Mikuláš","Vrbica - Nábrežie","RESIDENCE realitná kancelária",4,1
"okres Liptovský Mikuláš","Vrbica - Nábrežie","AstonReal s.r.o.",3,2
"okres Liptovský Mikuláš","Vrbica - Nábrežie","Direct Real, spol. s r.o.",3,3
"okres Liptovský Mikuláš","Vrbica - Nábrežie","OVERENÉ REALITY",3,4
"okres Liptovský Mikuláš","Vrbica - Nábrežie","RE/MAX Slovakia",2,5
"okres Liptovský Mikuláš","Vrbica - Nábrežie","HALO reality, s.r.o.",1,6
"okres Liptovský Mikuláš","Vrbica - Nábrežie","J.M.H. s.r.o.",1,7
"okres Liptovský Mikuláš","Vrbica - Nábrežie","GERT , s.r.o.",1,8
"okres Liptovský Mikuláš","Vrbica - Nábrežie","YFE, s.r.o.",1,9
"okres Liptovský Mikuláš","Vrbica - Nábrežie","HD reality group s.r.o",1,10
"okres Liptovský Mikuláš","Vrbica - Nábrežie",jabyvam.sk,1,11
"okres Liptovský Mikuláš","Vrbica - Nábrežie",donidDevelop,1,12
"okres Liptovský Mikuláš","Vrbica - Nábrežie","RK SPIRIT s.r.o.",1,13
"okres Liptovský Mikuláš",Východná,"REALITY TATRY",3,1
"okres Liptovský Mikuláš",Východná,"RK SPIRIT s.r.o.",2,2
"okres Liptovský Mikuláš",Východná,"RESIDENCE realitná kancelária",1,3
"okres Liptovský Mikuláš",Východná,"RE/MAX Slovakia",1,4
"okres Liptovský Mikuláš",Východná,"Direct Real, spol. s r.o.",1,5
"okres Liptovský Mikuláš",Východná,liptoreal,1,6
"okres Liptovský Mikuláš",Východná,"HALO reality, s.r.o.",1,7
"okres Liptovský Mikuláš","Vyšná Boca","Bosen Group s.r.o.",1,1
"okres Liptovský Mikuláš","Vyšná Boca","REALITY SPOLU",1,2
"okres Liptovský Mikuláš","Závažná Poruba","RK SPIRIT s.r.o.",2,1
"okres Liptovský Mikuláš","Závažná Poruba","Direct Real, spol. s r.o.",2,2
"okres Liptovský Mikuláš","Závažná Poruba",Limaxreal,1,3
"okres Liptovský Mikuláš","Závažná Poruba","HALO reality, s.r.o.",1,4
"okres Martin",Belá-Dulice,"Reality Center, s.r.o.",3,1
"okres Martin",Belá-Dulice,"Realitné kancelárie SR",2,2
"okres Martin",Belá-Dulice,"Reality Turiec s.r o.",2,3
"okres Martin",Belá-Dulice,"B10 Slovensko, a. s.",1,4
"okres Martin",Belá-Dulice,"Buby reality, s.r.o.",1,5
"okres Martin",Belá-Dulice,"OVERENÉ REALITY",1,6
"okres Martin",Belá-Dulice,"Reality BL, s.r.o.",1,7
"okres Martin",Belá-Dulice,"Reality ASTORIA, s.r.o.",1,8
"okres Martin",Blatnica,"ALT REAL, s.r.o.",2,1
"okres Martin",Blatnica,"YNI reality",1,2
"okres Martin",Blatnica,"Buby reality, s.r.o.",1,3
"okres Martin",Blatnica,"Reality Center, s.r.o.",1,4
"okres Martin",Blatnica,"Romantické Chalupy, s.r.o.",1,5
"okres Martin",Blatnica,"RECLOUD Reality a.s.",1,6
"okres Martin",Blatnica,"JMB REALITY s.r.o.",1,7
"okres Martin",Bystrička,"Realitné kancelárie SR",2,1
"okres Martin",Bystrička,"MAX PROFI REALITY",1,2
"okres Martin",Bystrička,"Reality Alpia",1,3
"okres Martin",Bystrička,"TUreality s.r.o.",1,4
"okres Martin",Ďanová,"Reality IQ, s.r.o.",1,1
"okres Martin",Ďanová,"Reality Center, s.r.o.",1,2
"okres Martin",Daňová,"Reality AK, spol. s r.o.",1,3
"okres Martin",Diaková,"Reality Simply",1,1
"okres Martin",Diaková,"B10 Slovensko, a. s.",1,2
"okres Martin",Diaková,"Reality D.P.A.",1,3
"okres Martin","Dolné Vrútky","Reality ASTORIA, s.r.o.",2,1
"okres Martin","Dolné Vrútky","LIF REAL",1,2
"okres Martin","Dolné Vrútky","Like Reality s.r.o.",1,3
"okres Martin","Dolné Vrútky","Realitná kancelária",1,4
"okres Martin","Dolné Vrútky","Ing.Zuzana Paverová",1,5
"okres Martin","Dolné Vrútky","Reality Center, s.r.o.",1,6
"okres Martin","Dolné Vrútky","RECLOUD Reality a.s.",1,7
"okres Martin","Dolný Kalník","Realitná kancelária",1,1
"okres Martin","Dolný Kalník","ALT REAL, s.r.o.",1,2
"okres Martin","Dolný Kalník","Reality Alpia",1,3
"okres Martin","Dolný Kalník","Like Reality s.r.o.",1,4
"okres Martin","Dolný Kalník","Reality MT s.r.o.",1,5
"okres Martin",Dražkovce,"TUreality s.r.o.",1,1
"okres Martin",Dražkovce,"B10 Slovensko, a. s.",1,2
"okres Martin",Dražkovce,"Real Reality Development s.r.o.",1,3
"okres Martin","Horné Vrútky","FINREA - ak vám záleží na výsledku",3,1
"okres Martin","Horné Vrútky","Realitná kancelária",3,2
"okres Martin","Horné Vrútky","Like Reality s.r.o.",3,3
"okres Martin","Horné Vrútky","Reality MT s.r.o.",2,4
"okres Martin","Horné Vrútky","Reality ASTORIA, s.r.o.",2,5
"okres Martin","Horné Vrútky","B10 Slovensko, a. s.",2,6
"okres Martin","Horné Vrútky","GRAVITAS a. s.",1,7
"okres Martin","Horné Vrútky","LIF REAL",1,8
"okres Martin","Horné Vrútky","Felicita Real s. r. o.",1,9
"okres Martin","Horné Vrútky","ALT REAL, s.r.o.",1,10
"okres Martin","Horné Vrútky","Reality Simply",1,11
"okres Martin","Horné Vrútky","Reality AK, spol. s r.o.",1,12
"okres Martin","Horné Vrútky","Reality D.P.A.",1,13
"okres Martin","Horné Vrútky","Reality Center, s.r.o.",1,14
"okres Martin","Horné Vrútky","NajBývanie, s.r.o.",1,15
"okres Martin","Horné Vrútky","HALO reality, s.r.o.",1,16
"okres Martin","Horný Kalník","Reality BL, s.r.o.",1,1
"okres Martin","Horný Kalník",donidDevelop,1,2
"okres Martin",Jahodníky,"CANGURU s.r.o.",13,1
"okres Martin",Jahodníky,"Buby reality, s.r.o.",4,2
"okres Martin",Jahodníky,"Reality Alpia",4,3
"okres Martin",Jahodníky,"Realitná kancelária",2,4
"okres Martin",Jahodníky,"Reality Center, s.r.o.",2,5
"okres Martin",Jahodníky,"Reality ASTORIA, s.r.o.",2,6
"okres Martin",Jahodníky,"Realitné kancelárie SR",1,7
"okres Martin",Jahodníky,"DOBRÉ REALITY s.r.o.",1,8
"okres Martin",Jahodníky,"HD reality group s.r.o",1,9
"okres Martin",Jahodníky,"B10 Slovensko, a. s.",1,10
"okres Martin",Jahodníky,"RE/MAX Slovakia",1,11
"okres Martin",Jahodníky,"RIEŠIME BÝVANIE",1,12
"okres Martin",Jahodníky,"Like Reality s.r.o.",1,13
"okres Martin",Karlová,"ATP stavby s.r.o.",1,1
"okres Martin",Karlová,"MAX PROFI REALITY",1,2
"okres Martin",Karlová,"Piata Avenue",1,3
"okres Martin","Karvaša a Bláhovca","TARGETreal s. r. o.",3,1
"okres Martin","Karvaša a Bláhovca","Reality Alpia",2,2
"okres Martin","Karvaša a Bláhovca","FINREA - ak vám záleží na výsledku",2,3
"okres Martin","Karvaša a Bláhovca","Reality ASTORIA, s.r.o.",2,4
"okres Martin","Karvaša a Bláhovca","Reality D.P.A.",2,5
"okres Martin","Karvaša a Bláhovca","Realitná kancelária",1,6
"okres Martin","Karvaša a Bláhovca","Romantické Chalupy, s.r.o.",1,7
"okres Martin","Karvaša a Bláhovca","LIF REAL",1,8
"okres Martin","Karvaša a Bláhovca","TUreality s.r.o.",1,9
"okres Martin","Karvaša a Bláhovca","Reality Center, s.r.o.",1,10
"okres Martin","Kláštor pod Znievom","Reality AK, spol. s r.o.",4,1
"okres Martin","Kláštor pod Znievom","Realitná kancelária",3,2
"okres Martin","Kláštor pod Znievom","LIF REAL",2,3
"okres Martin","Kláštor pod Znievom","U9, a.s.",1,4
"okres Martin","Kláštor pod Znievom","ALT REAL, s.r.o.",1,5
"okres Martin","Kláštor pod Znievom","Reality ASTORIA, s.r.o.",1,6
"okres Martin","Kláštor pod Znievom","B10 Slovensko, a. s.",1,7
"okres Martin","Kláštor pod Znievom","RE/MAX Slovakia",1,8
"okres Martin","Kolónia Hviezda","TUreality s.r.o.",2,1
"okres Martin","Kolónia Hviezda","Reality Alpia",2,2
"okres Martin","Kolónia Hviezda","ALT REAL, s.r.o.",1,3
"okres Martin","Kolónia Hviezda","TB Real, spol. s r.o.",1,4
"okres Martin","Kolónia Hviezda","Reality ASTORIA, s.r.o.",1,5
"okres Martin","Košťany nad Turcom","ALT REAL, s.r.o.",3,1
"okres Martin","Košťany nad Turcom","Reality MT s.r.o.",2,2
"okres Martin","Košťany nad Turcom","B10 Slovensko, a. s.",2,3
"okres Martin","Košťany nad Turcom","ŽILINAREAL, s.r.o.",1,4
"okres Martin","Košťany nad Turcom","TARGETreal s. r. o.",1,5
"okres Martin","Košťany nad Turcom","RE/MAX Slovakia",1,6
"okres Martin","Košťany nad Turcom","CPM Real Estate",1,7
"okres Martin","Košťany nad Turcom","BALAŽI REAL ESTATE s.r.o.",1,8
"okres Martin",Košúty,"B10 Slovensko, a. s.",4,1
"okres Martin",Košúty,"Realitná kancelária",3,2
"okres Martin",Košúty,"Reality Alpia",2,3
"okres Martin",Košúty,"ALFA SALUTO REAL s.r.o",2,4
"okres Martin",Košúty,"Realitná kancelária DR, s.r.o.",1,5
"okres Martin",Košúty,"TUreality s.r.o.",1,6
"okres Martin",Košúty,"AstonReal s.r.o.",1,7
"okres Martin",Košúty,"FINREA - ak vám záleží na výsledku",1,8
"okres Martin",Košúty,"MTS Reality, s.r.o.",1,9
"okres Martin",Košúty,"RE/MAX Slovakia",1,10
"okres Martin",Košúty,"MAX PROFI REALITY",1,11
"okres Martin",Košúty,"Vianema s.r.o.",1,12
"okres Martin",Košúty,"Reality ASTORIA, s.r.o.",1,13
"okres Martin",Krpeľany,"Romantické Chalupy, s.r.o.",1,1
"okres Martin",Ľadoveň,"B10 Slovensko, a. s.",5,1
"okres Martin",Ľadoveň,"Realitná kancelária",3,2
"okres Martin",Ľadoveň,"TUreality s.r.o.",3,3
"okres Martin",Ľadoveň,"Reality Alpia",3,4
"okres Martin",Ľadoveň,"Reality ASTORIA, s.r.o.",2,5
"okres Martin",Ľadoveň,"ALT REAL, s.r.o.",1,6
"okres Martin",Ľadoveň,"Reality Center, s.r.o.",1,7
"okres Martin",Ľadoveň,"FINREA - ak vám záleží na výsledku",1,8
"okres Martin",Ľadoveň,"Financie a reality od A po Z",1,9
"okres Martin",Ľadoveň,"Reality D.P.A.",1,10
"okres Martin",Ľadoveň,"Felicita Real s. r. o.",1,11
"okres Martin",Ľadoveň,"TARGETreal s. r. o.",1,12
"okres Martin",Ľadoveň,"Realitné kancelárie SR",1,13
"okres Martin",Laskár,"B10 Slovensko, a. s.",1,1
"okres Martin",Laskár,"Realitné kancelárie SR",1,2
"okres Martin",Ležiachov,"B10 Slovensko, a. s.",1,1
"okres Martin",Lipovec,"Realitná kancelária",3,1
"okres Martin",Lipovec,"Piata Avenue",2,2
"okres Martin",Lipovec,"Like Reality s.r.o.",1,3
"okres Martin",Lipovec,"B10 Slovensko, a. s.",1,4
"okres Martin",Lipovec,"Reality AK, spol. s r.o.",1,5
"okres Martin",Lipovec,"Real Reality Development s.r.o.",1,6
"okres Martin",Lipovec,"Reality MT s.r.o.",1,7
"okres Martin","Martinské hole",donidDevelop,1,1
"okres Martin",Mexiko,"LICITOR group, a.s.",1,1
"okres Martin",Necpaly,"B10 Slovensko, a. s.",3,1
"okres Martin",Necpaly,"Reality Center, s.r.o.",2,2
"okres Martin",Necpaly,"RES GROUP, s.r.o.",2,3
"okres Martin",Necpaly,"ALT REAL, s.r.o.",2,4
"okres Martin",Necpaly,"Realitné kancelárie SR",2,5
"okres Martin",Necpaly,"Ing.Zuzana Paverová",1,6
"okres Martin",Necpaly,"Reality ASTORIA, s.r.o.",1,7
"okres Martin",Necpaly,"Reality Alpia",1,8
"okres Martin",Necpaly,"Reality MT s.r.o.",1,9
"okres Martin",Necpaly,"RIEŠIME BÝVANIE",1,10
"okres Martin",Necpaly,"R2 SK, s.r.o.",1,11
"okres Martin",Nolčovo,"Reality ASTORIA, s.r.o.",1,1
"okres Martin",Podháj,"Reality Center, s.r.o.",2,1
"okres Martin",Podháj,"B10 Slovensko, a. s.",2,2
"okres Martin",Podháj,"Buby reality, s.r.o.",1,3
"okres Martin",Podháj,"ALT REAL, s.r.o.",1,4
"okres Martin",Podháj,"Realitné kancelárie SR",1,5
"okres Martin",Podháj,"U9, a.s.",1,6
"okres Martin",Podháj,"Piata Avenue",1,7
"okres Martin",Podháj,"TUreality s.r.o.",1,8
"okres Martin",Podháj,"Reality Simply",1,9
"okres Martin",Podháj,"LIF REAL",1,10
"okres Martin",Podháj,"RE/MAX Slovakia",1,11
"okres Martin",Podháj,"Like Reality s.r.o.",1,12
"okres Martin",Podháj,"OVERENÉ REALITY",1,13
"okres Martin",Podháj,"FINREA - ak vám záleží na výsledku",1,14
"okres Martin",Podháj,"Reality ASTORIA, s.r.o.",1,15
"okres Martin",Podhradie,"Real Reality Development s.r.o.",1,1
"okres Martin",Podhradie,"Reality Turiec s.r o.",1,2
"okres Martin",Podhradie,"B10 Slovensko, a. s.",1,3
"okres Martin",Podhradie,"Reality ASTORIA, s.r.o.",1,4
"okres Martin",Podhradie,"RE/MAX Slovakia",1,5
"okres Martin",Podhradie,"Realitná kancelária DR, s.r.o.",1,6
"okres Martin",Príbovce,"RECLOUD Reality a.s.",2,1
"okres Martin",Príbovce,"Realitná kancelária",2,2
"okres Martin",Príbovce,"Realitná kancelária Kľúč",1,3
"okres Martin",Príbovce,"Like Reality s.r.o.",1,4
"okres Martin",Príbovce,"Reality BL, s.r.o.",1,5
"okres Martin",Príbovce,"CreeX Reality s.r.o.",1,6
"okres Martin",Príbovce,"Reality MT s.r.o.",1,7
"okres Martin",Príbovce,"B10 Slovensko, a. s.",1,8
"okres Martin",Príbovce,"RE/MAX Slovakia",1,9
"okres Martin",Príbovce,"Reality ASTORIA, s.r.o.",1,10
"okres Martin",Príbovce,"LIF REAL",1,11
"okres Martin",Priekopa,"Reality Alpia",6,1
"okres Martin",Priekopa,"ALT REAL, s.r.o.",4,2
"okres Martin",Priekopa,"Buby reality, s.r.o.",4,3
"okres Martin",Priekopa,"Like Reality s.r.o.",4,4
"okres Martin",Priekopa,"FINREA - ak vám záleží na výsledku",3,5
"okres Martin",Priekopa,"NajBývanie, s.r.o.",3,6
"okres Martin",Priekopa,"ROMDOM, s. r. o",3,7
"okres Martin",Priekopa,"RE/MAX Slovakia",2,8
"okres Martin",Priekopa,"Reality ASTORIA, s.r.o.",2,9
"okres Martin",Priekopa,"CANGURU s.r.o.",2,10
"okres Martin",Priekopa,"TUreality s.r.o.",2,11
"okres Martin",Priekopa,"Piata Avenue",2,12
"okres Martin",Priekopa,"Realitná kancelária",2,13
"okres Martin",Priekopa,"Reality Center, s.r.o.",2,14
"okres Martin",Priekopa,"TARGETreal s. r. o.",2,15
"okres Martin",Priekopa,"Reality D.P.A.",1,16
"okres Martin",Priekopa,"AstonReal s.r.o.",1,17
"okres Martin",Priekopa,"Reality AK, spol. s r.o.",1,18
"okres Martin",Priekopa,"Georgi Conev",1,19
"okres Martin",Priekopa,"Reality Simply",1,20
"okres Martin",Priekopa,"B10 Slovensko, a. s.",1,21
"okres Martin",Priekopa,"Mgr. Silvia Lukáčová - RealPoint",1,22
"okres Martin",Priekopa,"Realitná kancelária RED, s.r.o.",1,23
"okres Martin",Priekopa,"RECLOUD Reality a.s.",1,24
"okres Martin",Priekopa,"Realitné kancelárie SR",1,25
"okres Martin",Priekopa,"Eli real realitná kancelária",1,26
"okres Martin",Priekopa,"Financie a reality od A po Z",1,27
"okres Martin",Priekopa,Time4dreams,1,28
"okres Martin",Priekopa,Reality+,1,29
"okres Martin",Priekopa,"MAX PROFI REALITY",1,30
"okres Martin",Rakovo,"Reality Center, s.r.o.",1,1
"okres Martin",Rakovo,"Reality MT s.r.o.",1,2
"okres Martin",Rakovo,"B10 Slovensko, a. s.",1,3
"okres Martin",Ratkovo,"BALAŽI REAL ESTATE s.r.o.",2,1
"okres Martin",Ratkovo,"Realitné kancelárie SR",1,2
"okres Martin",Ratkovo,"Direct Real, spol. s r.o.",1,3
"okres Martin",Ratkovo,"Buby reality, s.r.o.",1,4
"okres Martin",Sever,"Realitná kancelária",6,1
"okres Martin",Sever,"FINREA - ak vám záleží na výsledku",4,2
"okres Martin",Sever,"Reality ASTORIA, s.r.o.",3,3
"okres Martin",Sever,"TUreality s.r.o.",3,4
"okres Martin",Sever,"Like Reality s.r.o.",2,5
"okres Martin",Sever,"Reality AK, spol. s r.o.",2,6
"okres Martin",Sever,"Reality Center, s.r.o.",2,7
"okres Martin",Sever,"Buby reality, s.r.o.",2,8
"okres Martin",Sever,"B10 Slovensko, a. s.",2,9
"okres Martin",Sever,"RECOM, s.r.o.",2,10
"okres Martin",Sever,"RE/MAX Slovakia",1,11
"okres Martin",Sever,"NajBývanie, s.r.o.",1,12
"okres Martin",Sever,"RECLOUD Reality a.s.",1,13
"okres Martin",Sever,"WFG reality, s.r.o.",1,14
"okres Martin",Sever,"RIEŠIME BÝVANIE",1,15
"okres Martin",Sever,"Reality Alpia",1,16
"okres Martin",Sever,"Felicita Real s. r. o.",1,17
"okres Martin",Sever,"Realitné kancelárie SR",1,18
"okres Martin",Sever,"HD reality group s.r.o",1,19
"okres Martin",Sever,"KARIN & PARTNERS, s.r.o.",1,20
"okres Martin",Sever,"AstonReal s.r.o.",1,21
"okres Martin",Sklabiňa,"ALT REAL, s.r.o.",3,1
"okres Martin",Slovany,"Buby reality, s.r.o.",4,1
"okres Martin",Slovany,"Reality ASTORIA, s.r.o.",2,2
"okres Martin",Slovany,"RES GROUP, s.r.o.",2,3
"okres Martin",Socovce,"Buby reality, s.r.o.",1,1
"okres Martin",Stráne,"Reality AK, spol. s r.o.",4,1
"okres Martin",Stráne,"Reality Alpia",4,2
"okres Martin",Stráne,"B10 Slovensko, a. s.",3,3
"okres Martin",Stráne,"TARGETreal s. r. o.",3,4
"okres Martin",Stráne,"Reality ASTORIA, s.r.o.",3,5
"okres Martin",Stráne,"Like Reality s.r.o.",2,6
"okres Martin",Stráne,"ALT REAL, s.r.o.",2,7
"okres Martin",Stráne,"Financie a reality od A po Z",1,8
"okres Martin",Stráne,"Realitné kancelárie SR",1,9
"okres Martin",Stráne,"FINREA - ak vám záleží na výsledku",1,10
"okres Martin",Stráne,"Realitná kancelária",1,11
"okres Martin",Stráne,"Reality Center, s.r.o.",1,12
"okres Martin",Stráne,"TUreality s.r.o.",1,13
"okres Martin",Stráne,"Vianema s.r.o.",1,14
"okres Martin",Stráne,"RE/MAX Slovakia",1,15
"okres Martin",Stráne,"Real Reality Development s.r.o.",1,16
"okres Martin",Stred,"FINREA - ak vám záleží na výsledku",10,1
"okres Martin",Stred,"Reality Alpia",8,2
"okres Martin",Stred,"RE/MAX Slovakia",8,3
"okres Martin",Stred,"Buby reality, s.r.o.",8,4
"okres Martin",Stred,"Realitná kancelária",5,5
"okres Martin",Stred,"TUreality s.r.o.",5,6
"okres Martin",Stred,"ALT REAL, s.r.o.",5,7
"okres Martin",Stred,"B10 Slovensko, a. s.",5,8
"okres Martin",Stred,"Reality Center, s.r.o.",5,9
"okres Martin",Stred,"Reality ASTORIA, s.r.o.",4,10
"okres Martin",Stred,"TARGETreal s. r. o.",3,11
"okres Martin",Stred,"Constario REALTY s.r.o.",3,12
"okres Martin",Stred,"AstonReal s.r.o.",2,13
"okres Martin",Stred,"RS Mansory s.r.o.",2,14
"okres Martin",Stred,"ML realitný& finančny servis s.r.o. , BrokerSoft s.r.o. , Monika Launerová - SZČO",2,15
"okres Martin",Stred,"Reality AK, spol. s r.o.",2,16
"okres Martin",Stred,"Reality MT s.r.o.",2,17
"okres Martin",Stred,"Vianema s.r.o.",1,18
"okres Martin",Stred,"RIEŠIME BÝVANIE",1,19
"okres Martin",Stred,"Felicita Real s. r. o.",1,20
"okres Martin",Stred,"Reality Turiec s.r o.",1,21
"okres Martin",Stred,"Like Reality s.r.o.",1,22
"okres Martin",Stred,"Realitná kancelária DR, s.r.o.",1,23
"okres Martin",Stred,"LIF REAL",1,24
"okres Martin",Stred,"BRATISLAVA REAL s.r.o.",1,25
"okres Martin",Stred,"Real Reality Development s.r.o.",1,26
"okres Martin",Stred,"RECLOUD Reality a.s.",1,27
"okres Martin",Stred,"Realitné kancelárie SR",1,28
"okres Martin",Stred,"MAX PROFI REALITY",1,29
"okres Martin",Stred,"Cooper Real s.r.o",1,30
"okres Martin",Stred,AZUR.RE,1,31
"okres Martin",Stred,"Financie a reality od A po Z",1,32
"okres Martin",Stred,"Reality D.P.A.",1,33
"okres Martin",Stred,"DreamReality s.r.o.",1,34
"okres Martin",Sučany,"Constario REALTY s.r.o.",4,1
"okres Martin",Sučany,"TARGETreal s. r. o.",4,2
"okres Martin",Sučany,"Reality D.P.A.",3,3
"okres Martin",Sučany,"Realitná kancelária",3,4
"okres Martin",Sučany,"Like Reality s.r.o.",2,5
"okres Martin",Sučany,"Reality ASTORIA, s.r.o.",2,6
"okres Martin",Sučany,"JKV REAL",2,7
"okres Martin",Sučany,"R2 SK, s.r.o.",2,8
"okres Martin",Sučany,"AstonReal s.r.o.",2,9
"okres Martin",Sučany,"LAWIS s.r.o.",1,10
"okres Martin",Sučany,"Realitné kancelárie SR",1,11
"okres Martin",Sučany,"iO Partners Slovakia s.r.o.",1,12
"okres Martin",Sučany,"Reality MT s.r.o.",1,13
"okres Martin",Sučany,"RECLOUD Reality a.s.",1,14
"okres Martin",Sučany,"Reality AK, spol. s r.o.",1,15
"okres Martin",Sučany,"TUreality s.r.o.",1,16
"okres Martin",Sučany,"Felicita Real s. r. o.",1,17
"okres Martin",Sučany,donidDevelop,1,18
"okres Martin",Sučany,"FINREA - ak vám záleží na výsledku",1,19
"okres Martin",Sučany,"Svoboda&Williams Slovakia s.r.o.",1,20
"okres Martin",Šútovo,"BALAŽI REAL ESTATE s.r.o.",3,1
"okres Martin",Šútovo,"Real Reality Development s.r.o.",1,2
"okres Martin",Tomčany,"Reality AK, spol. s r.o.",5,1
"okres Martin",Tomčany,"TARGETreal s. r. o.",3,2
"okres Martin",Tomčany,"Buby reality, s.r.o.",3,3
"okres Martin",Tomčany,"MAX PROFI REALITY",1,4
"okres Martin",Tomčany,"Piata Avenue",1,5
"okres Martin",Tomčany,"ŽILINAREAL, s.r.o.",1,6
"okres Martin",Tomčany,"Reality Alpia",1,7
"okres Martin",Trebostovo,"Reality D.P.A.",2,1
"okres Martin",Trebostovo,"Prom Real",1,2
"okres Martin",Trebostovo,"VAŠE REALITY s.r.o.",1,3
"okres Martin",Trebostovo,"Reality Simply",1,4
"okres Martin",Trnovo,"JMB REALITY s.r.o.",2,1
"okres Martin",Trnovo,"Realitné kancelárie SR",1,2
"okres Martin",Turany,"BALAŽI REAL ESTATE s.r.o.",4,1
"okres Martin",Turany,"Like Reality s.r.o.",3,2
"okres Martin",Turany,"Reality Alpia",2,3
"okres Martin",Turany,"FINREA - ak vám záleží na výsledku",2,4
"okres Martin",Turany,"Realitná kancelária",2,5
"okres Martin",Turany,"Reality D.P.A.",2,6
"okres Martin",Turany,"LIF REAL",1,7
"okres Martin",Turany,"MartinTham s. r. o.",1,8
"okres Martin",Turany,"TUreality s.r.o.",1,9
"okres Martin",Turany,"Reality ASTORIA, s.r.o.",1,10
"okres Martin",Turany,"RE/MAX Slovakia",1,11
"okres Martin",Turany,"Reality MT s.r.o.",1,12
"okres Martin",Turany,"MS Alpex, k.s.",1,13
"okres Martin",Turany,"Realitné kancelárie SR",1,14
"okres Martin",Turany,"Reality Center, s.r.o.",1,15
"okres Martin","Turčianska Štiavnička","ALT REAL, s.r.o.",1,1
"okres Martin","Turčianska Štiavnička","Reality Center, s.r.o.",1,2
"okres Martin","Turčianska Štiavnička","Reality MT s.r.o.",1,3
"okres Martin","Turčianska Štiavnička","LEVEL REAL, s.r.o.",1,4
"okres Martin","Turčianska Štiavnička","LICITOR group, a.s.",1,5
"okres Martin","Turčianska Štiavnička","LuxReality, s.r.o.",1,6
"okres Martin","Turčianske Jaseno","B10 Slovensko, a. s.",1,1
"okres Martin","Turčianske Jaseno","LIF REAL",1,2
"okres Martin","Turčianske Jaseno","MAX PROFI REALITY",1,3
"okres Martin","Turčianske Kľačany","B10 Slovensko, a. s.",2,1
"okres Martin","Turčianske Kľačany","Reality Center, s.r.o.",1,2
"okres Martin","Turčianske Kľačany","Realitné kancelárie SR",1,3
"okres Martin","Turčianske Kľačany","AstonReal s.r.o.",1,4
"okres Martin","Turčianske Kľačany","Mgr. Silvia Lukáčová - RealPoint",1,5
"okres Martin","Turčianske Kľačany","Reality AK, spol. s r.o.",1,6
"okres Martin","Turčianske Kľačany","Reality Turiec s.r o.",1,7
"okres Martin","Turčianske Kľačany","TUreality s.r.o.",1,8
"okres Martin","Turčianske Kľačany","Reality Alpia",1,9
"okres Martin","Turčianske Kľačany","Realitná kancelária",1,10
"okres Martin","Turčiansky Ďur","Real Reality Development s.r.o.",1,1
"okres Martin","Turčiansky Jaseno","ALT REAL, s.r.o.",1,1
"okres Martin","Turčiansky Peter","Piata Avenue",3,1
"okres Martin","Turčiansky Peter","ALT REAL, s.r.o.",2,2
"okres Martin","Turčiansky Peter","Realitná kancelária DR, s.r.o.",1,3
"okres Martin","Turčiansky Peter","Reality Center, s.r.o.",1,4
"okres Martin","Turčiansky Peter","Reality ASTORIA, s.r.o.",1,5
"okres Martin","Turčiansky Peter","Realitná kancelária",1,6
"okres Martin","Turčiansky Peter","Reality MT s.r.o.",1,7
"okres Martin","Turčiansky Peter","Reality D.P.A.",1,8
"okres Martin","Turčiansky Peter","TARGETreal s. r. o.",1,9
"okres Martin","Turčiansky Peter","Reality Alpia",1,10
"okres Martin",Valča,"Wealth Group, s.r.o.",4,1
"okres Martin",Valča,"B10 Slovensko, a. s.",3,2
"okres Martin",Valča,"ALT REAL, s.r.o.",2,3
"okres Martin",Valča,"Reality AK, spol. s r.o.",2,4
"okres Martin",Valča,"Realitné kancelárie SR",2,5
"okres Martin",Valča,"Reality Alpia",1,6
"okres Martin",Valča,"Reality D.P.A.",1,7
"okres Martin",Valča,"Vianema s.r.o.",1,8
"okres Martin",Valča,"Financie a reality od A po Z",1,9
"okres Martin",Valča,"Real Reality Development s.r.o.",1,10
"okres Martin",Valča,"RIGHT POWER DEVELOPMENT, s.r.o.",1,11
"okres Martin",Valča,"MGM reality",1,12
"okres Martin",Valča,"REALITY SPOLU",1,13
"okres Martin",Valča,"RECLOUD Reality a.s.",1,14
"okres Martin",Valča,"Piata Avenue",1,15
"okres Martin",Valča,"Reality MT s.r.o.",1,16
"okres Martin",Vrícko,"BALAŽI REAL ESTATE s.r.o.",2,1
"okres Martin",Vrícko,"Realitné kancelárie SR",1,2
"okres Martin",Vrícko,"Reality Alpia",1,3
"okres Martin",Vrícko,"RADO Reality",1,4
"okres Martin",Vrícko,"Romantické Chalupy, s.r.o.",1,5
"okres Martin",Žabokreky,"MAX PROFI REALITY",1,1
"okres Martin",Žabokreky,"Reality Center, s.r.o.",1,2
"okres Martin",Žabokreky,"ALT REAL, s.r.o.",1,3
"okres Martin",Žabokreky,"RIEŠIME BÝVANIE",1,4
"okres Martin",Žabokreky,"B10 Slovensko, a. s.",1,5
"okres Martin",Žabokreky,"Real Reality Development s.r.o.",1,6
"okres Martin",Žabokreky,"FINREA - ak vám záleží na výsledku",1,7
"okres Martin",Žabokreky,"Buby reality, s.r.o.",1,8
"okres Martin",Záborie,"Reality D.P.A.",1,1
"okres Martin",Záborie,"Like Reality s.r.o.",1,2
"okres Martin",Záturčia,"YNI reality",1,1
"okres Martin",Záturčie,"BALAŽI REAL ESTATE s.r.o.",8,1
"okres Martin",Záturčie,"Reality Center, s.r.o.",3,2
"okres Martin",Záturčie,"Buby reality, s.r.o.",3,3
"okres Martin",Záturčie,"TARGETreal s. r. o.",2,4
"okres Martin",Záturčie,"Realitná kancelária",2,5
"okres Martin",Záturčie,"Reality ASTORIA, s.r.o.",2,6
"okres Martin",Záturčie,"Like Reality s.r.o.",2,7
"okres Martin",Záturčie,"R2 SK, s.r.o.",1,8
"okres Martin",Záturčie,"Reality Turiec s.r o.",1,9
"okres Martin",Záturčie,"BENCONT DEVELOPMENT, a.s.",1,10
"okres Martin",Záturčie,"Real Reality Development s.r.o.",1,11
"okres Martin",Záturčie,"ALT REAL, s.r.o.",1,12
"okres Martin",Záturčie,"MGM reality",1,13
"okres Martin",Záturčie,"LIF REAL",1,14
"okres Martin",Záturčie,"Reality Alpia",1,15
"okres Martin",Záturčie,"TUreality s.r.o.",1,16
"okres Martin",Záturčie,"Mgr. Silvia Lukáčová - RealPoint",1,17
"okres Martin",Záturčie,"Realitná kancelária DR, s.r.o.",1,18
"okres Martin",Záturčie,"Realitné kancelárie SR",1,19
"okres Námestovo",Bobrov,"RK Dalmia s. r. o.",1,1
"okres Námestovo",Brehy,"BeMi realitná kancelária",2,1
"okres Námestovo",Brehy,"EVER SK, s.r.o.",1,2
"okres Námestovo",Brehy,"TUreality s.r.o.",1,3
"okres Námestovo",Čerchle,"BeMi realitná kancelária",1,1
"okres Námestovo",Hruštín,"RK Dalmia s. r. o.",1,1
"okres Námestovo",Hruštín,"OREA, s.r.o.",1,2
"okres Námestovo",Krušetnica,donidDevelop,1,1
"okres Námestovo",Krušetnica,"BeMi realitná kancelária",1,2
"okres Námestovo",Lokca,"RE/MAX Slovakia",1,1
"okres Námestovo",Lomná,"RE/MAX Slovakia",1,1
"okres Námestovo",Mútne,"BeMi realitná kancelária",4,1
"okres Námestovo",Novoť,"RIEŠIME BÝVANIE",2,1
"okres Námestovo","Oravská Jasenica","RE/MAX Slovakia",4,1
"okres Námestovo","Oravská Jasenica","RECLOUD Reality a.s.",2,2
"okres Námestovo","Oravská Lesná","Reality IQ, s.r.o.",1,1
"okres Námestovo","Oravská Lesná","BeMi realitná kancelária",1,2
"okres Námestovo","Oravská Lesná","RIEŠIME BÝVANIE",1,3
"okres Námestovo","Oravská Lesná","KUBALA REALITY, s.r.o.",1,4
"okres Námestovo","Oravská Lesná","OREA, s.r.o.",1,5
"okres Námestovo","Oravská Lesná","ZAJO Reality, s.r.o.",1,6
"okres Námestovo","Oravská Lesná","TUreality s.r.o.",1,7
"okres Námestovo","Oravská Lesná","Occam New Home",1,8
"okres Námestovo","Oravská Polhora","Bosen Group s.r.o.",1,1
"okres Námestovo","Oravská Polhora","OREA, s.r.o.",1,2
"okres Námestovo","Oravské Veselé","OREA, s.r.o.",3,1
"okres Námestovo","Oravské Veselé","BeMi realitná kancelária",2,2
"okres Námestovo","Oravské Veselé","Nové bývanie",1,3
"okres Námestovo","Oravské Veselé","TL Agentura s.r.o",1,4
"okres Námestovo",Polom,donidDevelop,1,1
"okres Námestovo",Rabča,"RE/MAX Slovakia",1,1
"okres Námestovo",Rabčice,"RE/MAX Slovakia",1,1
"okres Námestovo","Slanická Osada","BeMi realitná kancelária",1,1
"okres Námestovo","Slanická Osada","GRAVITAS a. s.",1,2
"okres Námestovo",Stred,"BeMi realitná kancelária",4,1
"okres Námestovo",Stred,"RIEŠIME BÝVANIE",1,2
"okres Námestovo",Ťapešovo,"BeMi realitná kancelária",1,1
"okres Námestovo",Ťapešovo,"Direct Real, spol. s r.o.",1,2
"okres Námestovo",Ťapešovo,"RE/MAX Slovakia",1,3
"okres Námestovo",Ťapešovo,"TUreality s.r.o.",1,4
"okres Námestovo",Vasiľov,"RK Dalmia s. r. o.",2,1
"okres Námestovo",Vavrečka,"bezmaklérov, s.r.o.",1,1
"okres Námestovo",Vavrečka,"VICTORY REALITY Residence s. r. o.",1,2
"okres Námestovo",Zákamenné,"RE/MAX Slovakia",1,1
"okres Námestovo",Zubrohlava,"BeMi realitná kancelária",3,1
"okres Námestovo",Zubrohlava,"MGM reality",1,2
"okres Námestovo",Zubrohlava,"Nové bývanie",1,3
"okres Námestovo",Zubrohlava,"RE/MAX Slovakia",1,4
"okres Námestovo",Zubrohlava,"RK Dalmia s. r. o.",1,5
"okres Ružomberok",Baničné,"ODEKO manažment s.r.o.",6,1
"okres Ružomberok",Baničné,"FISCHER & PARTNERS, s.r.o.",4,2
"okres Ružomberok",Baničné,"OVERENÉ REALITY",2,3
"okres Ružomberok",Baničné,"Reality Alpia",2,4
"okres Ružomberok",Baničné,"A-Byt Consult, s.r.o.",2,5
"okres Ružomberok",Baničné,"TUreality s.r.o.",1,6
"okres Ružomberok",Baničné,"RECLOUD Reality a.s.",1,7
"okres Ružomberok",Baničné,"LOYAL REALITY s.r.o.",1,8
"okres Ružomberok",Baničné,"FINREA - ak vám záleží na výsledku",1,9
"okres Ružomberok",Bešeňová,"Reality Alpia",5,1
"okres Ružomberok",Bešeňová,"OREA, s.r.o.",5,2
"okres Ružomberok",Bešeňová,"REALITY SPOLU",4,3
"okres Ružomberok",Bešeňová,"MK-CORP s.r.o.",3,4
"okres Ružomberok",Bešeňová,"RK SPIRIT s.r.o.",2,5
"okres Ružomberok",Bešeňová,"RESIDENCE realitná kancelária",2,6
"okres Ružomberok",Bešeňová,"XEMAR realitná spoločnosť s.r.o.",2,7
"okres Ružomberok",Bešeňová,jabyvam.sk,1,8
"okres Ružomberok",Bešeňová,"Apollo House",1,9
"okres Ružomberok","Biely Potok","IVANING, s. r. o.",2,1
"okres Ružomberok","Biely Potok","TUreality s.r.o.",1,2
"okres Ružomberok","Biely Potok","Romantické Chalupy, s.r.o.",1,3
"okres Ružomberok","Biely Potok","NajBývanie, s.r.o.",1,4
"okres Ružomberok","Biely Potok","Reality Alpia",1,5
"okres Ružomberok",Černová,"AstonReal s.r.o.",1,1
"okres Ružomberok",Gejdák,"REALITY SPOLU",1,1
"okres Ružomberok",Gejdák,"RECLOUD Reality a.s.",1,2
"okres Ružomberok",Hrabovo,"Reality Alpia",7,1
"okres Ružomberok",Hrabovo,"ARCHEUS Partners a.s.",2,2
"okres Ružomberok",Hrabovo,"NajBývanie, s.r.o.",2,3
"okres Ružomberok",Hrabovo,"DOMUM realitná spoločnosť s. r. o.",2,4
"okres Ružomberok",Hrabovo,"OREA, s.r.o.",1,5
"okres Ružomberok",Hrabovo,"All 4 Life, s.r.o.",1,6
"okres Ružomberok",Hrabovo,"FISCHER & PARTNERS, s.r.o.",1,7
"okres Ružomberok",Hrabovo,"Piešťany Reality",1,8
"okres Ružomberok",Hrabovo,"Domovia s. r. o.",1,9
"okres Ružomberok",Hrabovo,"Reality ELIÁŠ",1,10
"okres Ružomberok",Hrabovo,"Romantické Chalupy, s.r.o.",1,11
"okres Ružomberok",Hrabovo,"Top Real Košice s.r.o.",1,12
"okres Ružomberok",Hrabovo,"RK SPIRIT s.r.o.",1,13
"okres Ružomberok",Hrabovo,"Hulka REAL Plus s.r.o.",1,14
"okres Ružomberok",Hrboltová,"FINREA - ak vám záleží na výsledku",1,1
"okres Ružomberok",Hrboltová,"NajBývanie, s.r.o.",1,2
"okres Ružomberok",Hubová,"Reality Alpia",1,1
"okres Ružomberok",Hubová,"RESIDENCE realitná kancelária",1,2
"okres Ružomberok",Hubová,"REALITY SPOLU",1,3
"okres Ružomberok",Ivachnová,"TUreality s.r.o.",2,1
"okres Ružomberok",Ivachnová,"OVERENÉ REALITY",1,2
"okres Ružomberok",Ivachnová,"RE/MAX Slovakia",1,3
"okres Ružomberok",Ivachnová,"RESIDENCE realitná kancelária",1,4
"okres Ružomberok",Ivachnová,"Romantické Chalupy, s.r.o.",1,5
"okres Ružomberok",Ivachnová,"New Ways Reality&Financie",1,6
"okres Ružomberok",Kalameny,"OVERENÉ REALITY",1,1
"okres Ružomberok",Kalameny,"NajBývanie, s.r.o.",1,2
"okres Ružomberok",Klačno,"AstonReal s.r.o.",2,1
"okres Ružomberok",Klačno,"NajBývanie, s.r.o.",1,2
"okres Ružomberok",Klačno,"LOYAL REALITY s.r.o.",1,3
"okres Ružomberok",Klačno,"OVERENÉ REALITY",1,4
"okres Ružomberok",Klačno,"BEEVAM, s.r.o.",1,5
"okres Ružomberok",Klačno,"Reality Alpia",1,6
"okres Ružomberok",Komjatná,"AstonReal s.r.o.",1,1
"okres Ružomberok",Komjatná,"NajBývanie, s.r.o.",1,2
"okres Ružomberok",Komjatná,"VAŠA REALITKA s.r.o.",1,3
"okres Ružomberok",Komjatná,"FINREA - ak vám záleží na výsledku",1,4
"okres Ružomberok",Likavka,"AstonReal s.r.o.",2,1
"okres Ružomberok",Likavka,"Reality Alpia",1,2
"okres Ružomberok",Likavka,"Bosen Group s.r.o.",1,3
"okres Ružomberok",Likavka,"OREA, s.r.o.",1,4
"okres Ružomberok",Likavka,"PSynchro RK31",1,5
"okres Ružomberok",Likavka,"OVERENÉ REALITY",1,6
"okres Ružomberok","Liptovská Lúžna","Obec Liptovská Lúžna",3,1
"okres Ružomberok","Liptovská Lúžna","REALITY SPOLU",2,2
"okres Ružomberok","Liptovská Lúžna","Romantické Chalupy, s.r.o.",1,3
"okres Ružomberok","Liptovská Lúžna","HALO reality, s.r.o.",1,4
"okres Ružomberok","Liptovská Lúžna","NajBývanie, s.r.o.",1,5
"okres Ružomberok","Liptovská Lúžna","OVERENÉ REALITY",1,6
"okres Ružomberok","Liptovská Lúžna","VAŠA REALITKA s.r.o.",1,7
"okres Ružomberok","Liptovská Osada","Romantické Chalupy, s.r.o.",2,1
"okres Ružomberok","Liptovská Osada","AstonReal s.r.o.",1,2
"okres Ružomberok","Liptovská Osada","Joyel s.r.o.",1,3
"okres Ružomberok","Liptovská Osada","XEMAR realitná spoločnosť s.r.o.",1,4
"okres Ružomberok","Liptovská Štiavnica","ALT REAL, s.r.o.",2,1
"okres Ružomberok","Liptovská Štiavnica","Reality Alpia",1,2
"okres Ružomberok","Liptovská Štiavnica","NajBývanie, s.r.o.",1,3
"okres Ružomberok","Liptovská Štiavnica","AstonReal s.r.o.",1,4
"okres Ružomberok","Liptovská Štiavnica","bezmaklérov, s.r.o.",1,5
"okres Ružomberok","Liptovská Štiavnica","OVERENÉ REALITY",1,6
"okres Ružomberok","Liptovská Štiavnica","RE/MAX Slovakia",1,7
"okres Ružomberok","Liptovská Teplá","AstonReal s.r.o.",4,1
"okres Ružomberok","Liptovská Teplá",Limaxreal,2,2
"okres Ružomberok","Liptovská Teplá",donidDevelop,2,3
"okres Ružomberok","Liptovská Teplá","OVERENÉ REALITY",1,4
"okres Ružomberok","Liptovská Teplá","FINREA - ak vám záleží na výsledku",1,5
"okres Ružomberok","Liptovská Teplá","TUreality s.r.o.",1,6
"okres Ružomberok","Liptovské Revúce","Reality Alpia",3,1
"okres Ružomberok","Liptovské Revúce","RK SPIRIT s.r.o.",1,2
"okres Ružomberok","Liptovské Revúce","RE/MAX Slovakia",1,3
"okres Ružomberok","Liptovské Revúce","XEMAR realitná spoločnosť s.r.o.",1,4
"okres Ružomberok","Liptovské Revúce","KOSIBA reality s.r.o.",1,5
"okres Ružomberok","Liptovské Revúce","Romantické Chalupy, s.r.o.",1,6
"okres Ružomberok","Liptovské Revúce","bezmaklérov, s.r.o.",1,7
"okres Ružomberok","Liptovské Sliače","Apollo House",9,1
"okres Ružomberok","Liptovské Sliače",donidDevelop,2,2
"okres Ružomberok","Liptovské Sliače","LAWIS s.r.o.",1,3
"okres Ružomberok","Liptovské Sliače","Good Reality s.r.o.",1,4
"okres Ružomberok","Liptovské Sliače","TUreality s.r.o.",1,5
"okres Ružomberok","Liptovské Sliače","VAŠA REALITKA s.r.o.",1,6
"okres Ružomberok","Liptovské Sliače","AstonReal s.r.o.",1,7
"okres Ružomberok","Liptovský Michal","OVERENÉ REALITY",1,1
"okres Ružomberok","Liptovský Michal","FISCHER & PARTNERS, s.r.o.",1,2
"okres Ružomberok","Liptovský Michal","REALITY SPOLU",1,3
"okres Ružomberok",Lisková,"ALT REAL, s.r.o.",1,1
"okres Ružomberok",Lisková,"RK VILLEA, s. r. o.",1,2
"okres Ružomberok",Lisková,"OVERENÉ REALITY",1,3
"okres Ružomberok",Lisková,"RK Dalmia s. r. o.",1,4
"okres Ružomberok",Lisková,"RE/MAX Slovakia",1,5
"okres Ružomberok",Ľubochňa,"TUreality s.r.o.",1,1
"okres Ružomberok",Ľubochňa,"IVANING, s. r. o.",1,2
"okres Ružomberok",Ľubochňa,"ARBIZ real estate & finance s. r. o.",1,3
"okres Ružomberok",Lúčky,"Reality Alpia",2,1
"okres Ružomberok",Lúčky,donidDevelop,1,2
"okres Ružomberok",Lúčky,"NajBývanie, s.r.o.",1,3
"okres Ružomberok",Lúčky,"Romantické Chalupy, s.r.o.",1,4
"okres Ružomberok",Ludrová,"NajBývanie, s.r.o.",3,1
"okres Ružomberok",Ludrová,"Reality Alpia",2,2
"okres Ružomberok",Ludrová,"Romantické Chalupy, s.r.o.",1,3
"okres Ružomberok",Ludrová,"AstonReal s.r.o.",1,4
"okres Ružomberok",Martinček,"TUreality s.r.o.",1,1
"okres Ružomberok","Nová Hrboltová","Reality Alpia",1,1
"okres Ružomberok","Nová Hrboltová","RK SPIRIT s.r.o.",1,2
"okres Ružomberok","Pod Skalami","RE/MAX Slovakia",1,1
"okres Ružomberok","Pod Skalami","FISCHER & PARTNERS, s.r.o.",1,2
"okres Ružomberok",Podsuchá,"REALITY SPOLU",1,1
"okres Ružomberok",Polík,"GARANT REALITY",1,1
"okres Ružomberok",Polík,"AstonReal s.r.o.",1,2
"okres Ružomberok",Polík,"OVERENÉ REALITY",1,3
"okres Ružomberok",Polík,"RK Dalmia s. r. o.",1,4
"okres Ružomberok",Polík,"Reality Alpia",1,5
"okres Ružomberok","Revúcka dolina","PhDr. Miloš Kocúr - BKM Consulting",1,1
"okres Ružomberok",Roveň,"ODEKO manažment s.r.o.",10,1
"okres Ružomberok",Roveň,"NajBývanie, s.r.o.",5,2
"okres Ružomberok",Roveň,"RK SPIRIT s.r.o.",2,3
"okres Ružomberok",Roveň,"A-Byt Consult, s.r.o.",1,4
"okres Ružomberok",Roveň,"AstonReal s.r.o.",1,5
"okres Ružomberok",Roveň,"Direct Real, spol. s r.o.",1,6
"okres Ružomberok",Roveň,"Reality Alpia",1,7
"okres Ružomberok",Roveň,"RE/MAX Slovakia",1,8
"okres Ružomberok",Rybárpole,"NajBývanie, s.r.o.",2,1
"okres Ružomberok",Rybárpole,"A-Byt Consult, s.r.o.",1,2
"okres Ružomberok",Stankovany,"BeMi realitná kancelária",1,1
"okres Ružomberok",Stankovany,"NajBývanie, s.r.o.",1,2
"okres Ružomberok",Stankovany,"ARBIZ real estate & finance s. r. o.",1,3
"okres Ružomberok",Stankovany,"OVERENÉ REALITY",1,4
"okres Ružomberok","Staré mesto","Reality Alpia",5,1
"okres Ružomberok","Staré mesto","A-Byt Consult, s.r.o.",2,2
"okres Ružomberok","Staré mesto","NajBývanie, s.r.o.",2,3
"okres Ružomberok","Staré mesto","FatraReal s. r. o.",1,4
"okres Ružomberok","Staré mesto","BB - REALITY,  s.r.o.",1,5
"okres Ružomberok","Staré mesto","AstonReal s.r.o.",1,6
"okres Ružomberok","Staré mesto","ALT REAL, s.r.o.",1,7
"okres Ružomberok","Staré mesto","bezmaklérov, s.r.o.",1,8
"okres Ružomberok","Staré mesto","RE/MAX Slovakia",1,9
"okres Ružomberok","Staré mesto","OVERENÉ REALITY",1,10
"okres Ružomberok","Staré mesto","BeMi realitná kancelária",1,11
"okres Ružomberok","Staré mesto","RIEŠIME BÝVANIE",1,12
"okres Ružomberok",Štiavnička,"NajBývanie, s.r.o.",1,1
"okres Ružomberok",Švošov,"REALITY SPOLU",1,1
"okres Ružomberok",Turík,"Romantické Chalupy, s.r.o.",1,1
"okres Ružomberok",Turík,"TUreality s.r.o.",1,2
"okres Ružomberok","Valaská Dubová","KARIN & PARTNERS, s.r.o.",1,1
"okres Turčianske Teplice",Abramová,"B10 Slovensko, a. s.",1,1
"okres Turčianske Teplice",Blažovce,"FINREA - ak vám záleží na výsledku",1,1
"okres Turčianske Teplice",Bodorová,"TARGETreal s. r. o.",1,1
"okres Turčianske Teplice",Brieštie,"HALO reality, s.r.o.",1,1
"okres Turčianske Teplice",Brieštie,"Romantické Chalupy, s.r.o.",1,2
"okres Turčianske Teplice",Brieštie,"B10 Slovensko, a. s.",1,3
"okres Turčianske Teplice",Budiš,"Reality AK, spol. s r.o.",2,1
"okres Turčianske Teplice",Budiš,"Reality MT s.r.o.",1,2
"okres Turčianske Teplice",Budiš,"B10 Slovensko, a. s.",1,3
"okres Turčianske Teplice",Čremošné,"BALAŽI REAL ESTATE s.r.o.",2,1
"okres Turčianske Teplice",Čremošné,"Reality ASTORIA, s.r.o.",1,2
"okres Turčianske Teplice",Čremošné,"Romantické Chalupy, s.r.o.",1,3
"okres Turčianske Teplice",Diviaky,"Reality MT s.r.o.",4,1
"okres Turčianske Teplice",Diviaky,"AstonReal s.r.o.",2,2
"okres Turčianske Teplice",Diviaky,"LICITOR group, a.s.",1,3
"okres Turčianske Teplice",Diviaky,"Realitné kancelárie SR",1,4
"okres Turčianske Teplice",Diviaky,"OVERENÉ REALITY",1,5
"okres Turčianske Teplice",Diviaky,"JMB REALITY s.r.o.",1,6
"okres Turčianske Teplice","Dolná Štubňa","Realitná kancelária",1,1
"okres Turčianske Teplice",Dubové,"RES GROUP, s.r.o.",3,1
"okres Turčianske Teplice",Dubové,"Realitné kancelárie SR",1,2
"okres Turčianske Teplice",Dubové,"Ing.Zuzana Paverová",1,3
"okres Turčianske Teplice",Háj,"Reality férovo, s. r. o.",1,1
"okres Turčianske Teplice",Háj,"TARGETreal s. r. o.",1,2
"okres Turčianske Teplice",Háj,"RES GROUP, s.r.o.",1,3
"okres Turčianske Teplice",Háj,"OVERENÉ REALITY",1,4
"okres Turčianske Teplice","Horná Štubňa","Romantické Chalupy, s.r.o.",5,1
"okres Turčianske Teplice","Horná Štubňa","TARGETreal s. r. o.",2,2
"okres Turčianske Teplice","Horná Štubňa","Realitná kancelária",2,3
"okres Turčianske Teplice","Horná Štubňa","BV REAL PD, s.r.o.",2,4
"okres Turčianske Teplice","Horná Štubňa","BALAŽI REAL ESTATE s.r.o.",2,5
"okres Turčianske Teplice","Horná Štubňa","ŽILINAREAL, s.r.o.",1,6
"okres Turčianske Teplice","Horná Štubňa","FINREA - ak vám záleží na výsledku",1,7
"okres Turčianske Teplice","Horná Štubňa","Nové bývanie",1,8
"okres Turčianske Teplice","Horná Štubňa","TUreality s.r.o.",1,9
"okres Turčianske Teplice","Horná Štubňa","HALO reality, s.r.o.",1,10
"okres Turčianske Teplice","Horná Štubňa","RIEŠIME BÝVANIE",1,11
"okres Turčianske Teplice","Horná Štubňa","Pegas real s.r.o.",1,12
"okres Turčianske Teplice","Horná Štubňa","PROXAM reality s.r.o.",1,13
"okres Turčianske Teplice",Jazernica,"Reality AK, spol. s r.o.",3,1
"okres Turčianske Teplice",Jazernica,"TARGETreal s. r. o.",1,2
"okres Turčianske Teplice",Jazernica,"Realitné kancelárie SR",1,3
"okres Turčianske Teplice",Kaľamenová,"REALITY SPOLU",2,1
"okres Turčianske Teplice",Kaľamenová,"Reality Alpia",1,2
"okres Turčianske Teplice","Malý Čepčín","RIEŠIME BÝVANIE",1,1
"okres Turčianske Teplice","Malý Čepčín","Realitná kancelária",1,2
"okres Turčianske Teplice","Malý Čepčín","Reality Center, s.r.o.",1,3
"okres Turčianske Teplice","Malý Čepčín","OVERENÉ REALITY",1,4
"okres Turčianske Teplice","Malý Čepčín","TUreality s.r.o.",1,5
"okres Turčianske Teplice",Mošovce,"Real Reality Development s.r.o.",2,1
"okres Turčianske Teplice",Mošovce,"Reality MT s.r.o.",1,2
"okres Turčianske Teplice",Mošovce,"LIF REAL",1,3
"okres Turčianske Teplice",Mošovce,"RE/MAX Slovakia",1,4
"okres Turčianske Teplice",Mošovce,"Reality AK, spol. s r.o.",1,5
"okres Turčianske Teplice",Mošovce,"YNI reality",1,6
"okres Turčianske Teplice",Mošovce,"ALT REAL, s.r.o.",1,7
"okres Turčianske Teplice",Mošovce,"Reality D.P.A.",1,8
"okres Turčianske Teplice",Mošovce,"Realitná kancelária",1,9
"okres Turčianske Teplice",Mošovce,"Vianema s.r.o.",1,10
"okres Turčianske Teplice",Rakša,"TUreality s.r.o.",1,1
"okres Turčianske Teplice",Rudno,"Realitná kancelária DR, s.r.o.",1,1
"okres Turčianske Teplice",Rudno,"Romantické Chalupy, s.r.o.",1,2
"okres Turčianske Teplice",Sklené,"Realitná kancelária",3,1
"okres Turčianske Teplice",Sklené,"Romantické Chalupy, s.r.o.",1,2
"okres Turčianske Teplice",Sklené,"KARIN & PARTNERS, s.r.o.",1,3
"okres Turčianske Teplice",Sklené,"DOBRÉ REALITY s.r.o.",1,4
"okres Turčianske Teplice",Sklené,"BeMi realitná kancelária",1,5
"okres Turčianske Teplice",Sklené,"HERRYS s.r.o.",1,6
"okres Turčianske Teplice",Sklené,"LIF REAL",1,7
"okres Turčianske Teplice",Sklené,"BV REAL PD, s.r.o.",1,8
"okres Turčianske Teplice",Sklené,"TARGETreal s. r. o.",1,9
"okres Turčianske Teplice",Sklené,"RIEŠIME BÝVANIE",1,10
"okres Turčianske Teplice",Sklené,"Reality D.P.A.",1,11
"okres Turčianske Teplice","Slovenské Pravno","FINREA - ak vám záleží na výsledku",2,1
"okres Turčianske Teplice","Slovenské Pravno","Ing.Zuzana Paverová",1,2
"okres Turčianske Teplice","Slovenské Pravno","Realitné kancelárie SR",1,3
"okres Turčianske Teplice","Slovenské Pravno","Reality Alpia",1,4
"okres Turčianske Teplice","Slovenské Pravno","DOBRÉ REALITY s.r.o.",1,5
"okres Turčianske Teplice","Slovenské Pravno",Urbanista,1,6
"okres Turčianske Teplice",Stred,"TARGETreal s. r. o.",7,1
"okres Turčianske Teplice",Stred,"Ing.Zuzana Paverová",2,2
"okres Turčianske Teplice",Stred,"Reality MT s.r.o.",1,3
"okres Turčianske Teplice",Stred,"RIEŠIME BÝVANIE",1,4
"okres Turčianske Teplice",Stred,"Svoboda&Williams Slovakia s.r.o.",1,5
"okres Turčianske Teplice",Stred,"Estate Invest",1,6
"okres Turčianske Teplice",Stred,"Realitné kancelárie SR",1,7
"okres Turčianske Teplice",Stred,"Reality Alpia",1,8
"okres Turčianske Teplice",Stred,"IDEÁLNE BÝVANIE, s.r.o.",1,9
"okres Turčianske Teplice",Stred,"Arvin & Benet",1,10
"okres Turčianske Teplice",Stred,"TUreality s.r.o.",1,11
"okres Turčianske Teplice",Stred,"Direct Real, spol. s r.o.",1,12
"okres Turčianske Teplice",Turček,"XEMAR realitná spoločnosť s.r.o.",2,1
"okres Turčianske Teplice",Turček,"Reality Alpia",1,2
"okres Turčianske Teplice",Turček,"RECLOUD Reality a.s.",1,3
"okres Turčianske Teplice",Turček,"REALITY FAIR",1,4
"okres Turčianske Teplice",Turček,"Reality AK, spol. s r.o.",1,5
"okres Turčianske Teplice",Turček,"TARGETreal s. r. o.",1,6
"okres Turčianske Teplice",Turček,"HALO reality, s.r.o.",1,7
"okres Turčianske Teplice",Turček,"BV REAL PD, s.r.o.",1,8
"okres Turčianske Teplice",Turček,"Ing.Tomáš Hudák",1,9
"okres Turčianske Teplice","Turčiansky Michal","Reality Center, s.r.o.",2,1
"okres Turčianske Teplice","Turčiansky Michal","Reality MT s.r.o.",2,2
"okres Turčianske Teplice","Turčiansky Michal","Realitné kancelárie SR",1,3
"okres Turčianske Teplice","Turčiansky Michal","Reality Simply",1,4
"okres Turčianske Teplice","Turčiansky Michal","Reality Alpia",1,5
"okres Turčianske Teplice","Turčiansky Michal","Ing.Zuzana Paverová",1,6
"okres Tvrdošín",Habovka,"Realitné kancelárie SR",2,1
"okres Tvrdošín",Liesek,"BeMi realitná kancelária",1,1
"okres Tvrdošín",Medvedzie,"TUreality s.r.o.",4,1
"okres Tvrdošín",Medvedzie,"Vianema s.r.o.",2,2
"okres Tvrdošín",Medvedzie,"RE/MAX Slovakia",1,3
"okres Tvrdošín",Nižná,"RK Dalmia s. r. o.",2,1
"okres Tvrdošín",Nižná,"Realitné kancelárie SR",1,2
"okres Tvrdošín",Nižná,"KORIJKOV & AGENTS",1,3
"okres Tvrdošín",Nižná,"RE/MAX Slovakia",1,4
"okres Tvrdošín",Nižná,"RIEŠIME BÝVANIE",1,5
"okres Tvrdošín",Nižná,"TUreality s.r.o.",1,6
"okres Tvrdošín",Nižná,"HD reality group s.r.o",1,7
"okres Tvrdošín",Nižná,"Vianema s.r.o.",1,8
"okres Tvrdošín",Podbiel,"RIEŠIME BÝVANIE",1,1
"okres Tvrdošín",Podbiel,"Romantické Chalupy, s.r.o.",1,2
"okres Tvrdošín",Trstená,"RK SPIRIT s.r.o.",3,1
"okres Tvrdošín",Trstená,"HD reality group s.r.o",1,2
"okres Tvrdošín",Trstená,"BeMi realitná kancelária",1,3
"okres Tvrdošín",Tvrdošín,"AstonReal s.r.o.",1,1
"okres Tvrdošín",Vitanová,"B10 Slovensko, a. s.",1,1
"okres Tvrdošín",Vitanová,"OREA, s.r.o.",1,2
"okres Tvrdošín",Zábiedovo,"TUreality s.r.o.",1,1
"okres Tvrdošín",Zábiedovo,"VICTORY REALITY Residence s. r. o.",1,2
"okres Tvrdošín",Zuberec,"OREA, s.r.o.",2,1
"okres Žilina",Bánová,"Realitné kancelárie SR",1,1
"okres Žilina",Bánová,"RIEŠIME BÝVANIE",1,2
"okres Žilina",Bánová,"PRIMA reality s.r.o.",1,3
"okres Žilina",Bánová,"TUreality s.r.o.",1,4
"okres Žilina",Bánová,"Ing. Gerlinda Bérešová - Esti",1,5
"okres Žilina",Bánová,"Wealth Group, s.r.o.",1,6
"okres Žilina",Belá,"TUreality s.r.o.",1,1
"okres Žilina",Bitarová,"MGM reality",5,1
"okres Žilina",Bitarová,"Real Estate Group4U",4,2
"okres Žilina",Bitarová,"ŽILINAREAL, s.r.o.",3,3
"okres Žilina",Bitarová,"RS Mansory s.r.o.",2,4
"okres Žilina",Bitarová,"Realitná kancelária RED, s.r.o.",2,5
"okres Žilina",Bitarová,"TOCA, s.r.o. Realitná činnosť",2,6
"okres Žilina",Bitarová,"Mamud Reality s. r. o.",2,7
"okres Žilina",Bitarová,"Realitka pre každého",2,8
"okres Žilina",Bitarová,"BeMi realitná kancelária",2,9
"okres Žilina",Bitarová,"Safe reality s. r. o.",2,10
"okres Žilina",Bitarová,"X-REAL, s. r. o.",1,11
"okres Žilina",Bitarová,"Realitná kancelária",1,12
"okres Žilina",Bitarová,"Realitné kancelárie SR",1,13
"okres Žilina",Bitarová,"Direct Real, spol. s r.o.",1,14
"okres Žilina",Bitarová,"TUreality s.r.o.",1,15
"okres Žilina",Bitarová,"Bosen Group s.r.o.",1,16
"okres Žilina",Bitarová,"Gro & Partners",1,17
"okres Žilina",Bôrik,"MGM reality",5,1
"okres Žilina",Bôrik,"Realitná kancelária RED, s.r.o.",3,2
"okres Žilina",Bôrik,"Renovo Reality",2,3
"okres Žilina",Bôrik,"RIEŠIME BÝVANIE",2,4
"okres Žilina",Bôrik,"ŽILINAREAL, s.r.o.",2,5
"okres Žilina",Bôrik,"DreamReality s.r.o.",2,6
"okres Žilina",Bôrik,"TUreality s.r.o.",2,7
"okres Žilina",Bôrik,"ATP stavby s.r.o.",1,8
"okres Žilina",Bôrik,"MENS s. r. o.",1,9
"okres Žilina",Bôrik,"1. Reality Rent, s.r.o.",1,10
"okres Žilina",Bôrik,"Gro & Partners",1,11
"okres Žilina",Bôrik,"Buby reality, s.r.o.",1,12
"okres Žilina",Bôrik,"RES GROUP, s.r.o.",1,13
"okres Žilina",Bôrik,"ROMDOM, s. r. o",1,14
"okres Žilina",Bôrik,"Realitná kancelária",1,15
"okres Žilina",Bôrik,"WFG reality, s.r.o.",1,16
"okres Žilina",Bôrik,"Realitné kancelárie SR",1,17
"okres Žilina",Brezany,"TARGETreal s. r. o.",2,1
"okres Žilina",Brezany,"ŽILINAREAL, s.r.o.",1,2
"okres Žilina",Brezany,"Effecting s.r.o.",1,3
"okres Žilina",Brodno,"MGM reality",1,1
"okres Žilina",Brodno,"Realitná kancelária",1,2
"okres Žilina",Brodno,"YNI reality",1,3
"okres Žilina",Brodno,"Realitná kancelária RED, s.r.o.",1,4
"okres Žilina",Brodno,"DreamReality s.r.o.",1,5
"okres Žilina",Budatín,"Real Estate Group4U",5,1
"okres Žilina",Budatín,"WFG reality, s.r.o.",3,2
"okres Žilina",Budatín,"ŽILINAREAL, s.r.o.",2,3
"okres Žilina",Budatín,"Realitné kancelárie SR",2,4
"okres Žilina",Budatín,"MGM reality",2,5
"okres Žilina",Budatín,"Allrisk Slovakia Reality & Financie, s.r.o.",1,6
"okres Žilina",Budatín,"R2 SK, s.r.o.",1,7
"okres Žilina",Budatín,"Georgi Conev",1,8
"okres Žilina",Budatín,"B10 Slovensko, a. s.",1,9
"okres Žilina",Budatín,"X-REAL, s. r. o.",1,10
"okres Žilina",Budatín,"Realitná kancelária RED, s.r.o.",1,11
"okres Žilina",Budatín,"DRR INVEST, s. r. o.",1,12
"okres Žilina",Budatín,"Reality Alpia",1,13
"okres Žilina",Budatín,"RS Mansory s.r.o.",1,14
"okres Žilina",Budatín,"EASY centrum bývania, s.r.o.",1,15
"okres Žilina",Budatín,"RIEŠIME BÝVANIE",1,16
"okres Žilina",Bytčica,"Realitná kancelária RED, s.r.o.",9,1
"okres Žilina",Bytčica,"BALAŽI REAL ESTATE s.r.o.",1,2
"okres Žilina",Bytčica,"ADH-REAL s.r.o. Hirjaková Adriana",1,3
"okres Žilina",Bytčica,"Mgr. Nina Herčková, RSc.",1,4
"okres Žilina",Bytčica,"TUreality s.r.o.",1,5
"okres Žilina",Bytčica,"Piata Avenue",1,6
"okres Žilina",Bytčica,"Realitné kancelárie SR",1,7
"okres Žilina",Bytčica,"RIEŠIME BÝVANIE",1,8
"okres Žilina",Bytčica,"Stanislav Motyčík - MK",1,9
"okres Žilina",Bytčica,"Effecting s.r.o.",1,10
"okres Žilina",Bytčica,"Gro & Partners",1,11
"okres Žilina",Bytčica,"DreamReality s.r.o.",1,12
"okres Žilina",Čičmany,"Vianema s.r.o.",1,1
"okres Žilina",Čičmany,"TUreality s.r.o.",1,2
"okres Žilina",Divina,"Real Estate Group4U",2,1
"okres Žilina",Divina,"TARGETreal s. r. o.",2,2
"okres Žilina",Divina,"Mamud Reality s. r. o.",1,3
"okres Žilina",Divina,"Realitné kancelárie SR",1,4
"okres Žilina",Divina,"RES GROUP, s.r.o.",1,5
"okres Žilina",Divina,"Reality IQ, s.r.o.",1,6
"okres Žilina",Divina,"Realitná kancelária RED, s.r.o.",1,7
"okres Žilina",Divina,"GAMA Reality, s.r.o.",1,8
"okres Žilina",Divinka,"Safe reality s. r. o.",1,1
"okres Žilina",Divinka,"1. Reality Rent, s.r.o.",1,2
"okres Žilina",Divinka,"Realitné kancelárie SR",1,3
"okres Žilina","Dlhé Pole","DRR INVEST, s. r. o.",2,1
"okres Žilina","Dlhé Pole","BeMi realitná kancelária",1,2
"okres Žilina","Dlhé Pole","Realitná kancelária",1,3
"okres Žilina","Dlhé Pole","Realitná kancelária DOM",1,4
"okres Žilina","Dlhé Pole","RENOME REAL",1,5
"okres Žilina","Dlhé Pole","Realitné kancelárie SR",1,6
"okres Žilina","Dolná Tižina","Mamud Reality s. r. o.",1,1
"okres Žilina","Dolná Tižina","TUreality s.r.o.",1,2
"okres Žilina","Dolná Tižina","Safe reality s. r. o.",1,3
"okres Žilina","Dolná Tižina","Realitka pre každého",1,4
"okres Žilina","Dolná Tižina","Realitná kancelária RED, s.r.o.",1,5
"okres Žilina","Dolný Hričov","RS Mansory s.r.o.",4,1
"okres Žilina","Dolný Hričov","MGM reality",3,2
"okres Žilina","Dolný Hričov","Realitné kancelárie SR",2,3
"okres Žilina","Dolný Hričov","Realitná kancelária RED, s.r.o.",2,4
"okres Žilina","Dolný Hričov","DreamReality s.r.o.",1,5
"okres Žilina","Dolný Hričov","Buby reality, s.r.o.",1,6
"okres Žilina","Dolný Hričov","Tribeca Group s. r. o",1,7
"okres Žilina","Dolný Hričov","Mgr. Renáta Kolenčíková",1,8
"okres Žilina",Ďurčiná,"MGM reality",1,1
"okres Žilina",Ďurčiná,"StorkReal s. r. o.",1,2
"okres Žilina",Fačkov,"Realitné kancelárie SR",1,1
"okres Žilina",Gbeľany,"MGM reality",1,1
"okres Žilina",Gbeľany,"RIEŠIME BÝVANIE",1,2
"okres Žilina",Gbeľany,"1. Reality Rent, s.r.o.",1,3
"okres Žilina",Gbeľany,"TUreality s.r.o.",1,4
"okres Žilina",Gbeľany,"AnReal s. r. o.",1,5
"okres Žilina",Gbeľany,"bezmaklérov, s.r.o.",1,6
"okres Žilina",Hájik,"ODEKO manažment s.r.o.",10,1
"okres Žilina",Hájik,"Reality Alpia",4,2
"okres Žilina",Hájik,"Realitná kancelária",4,3
"okres Žilina",Hájik,"B10 Slovensko, a. s.",3,4
"okres Žilina",Hájik,"TARGETreal s. r. o.",3,5
"okres Žilina",Hájik,"Realitná kancelária RED, s.r.o.",2,6
"okres Žilina",Hájik,"RIEŠIME BÝVANIE",2,7
"okres Žilina",Hájik,"DRR INVEST, s. r. o.",2,8
"okres Žilina",Hájik,"MGM reality",2,9
"okres Žilina",Hájik,"Piata Avenue",1,10
"okres Žilina",Hájik,"Realitné kancelárie SR",1,11
"okres Žilina",Hájik,"bezmaklérov, s.r.o.",1,12
"okres Žilina",Hájik,"TUreality s.r.o.",1,13
"okres Žilina",Hájik,"WFG reality, s.r.o.",1,14
"okres Žilina",Hájik,"Realitná kancelária SYMPATIA REAL s. r. o.",1,15
"okres Žilina",Hájik,"Buby reality, s.r.o.",1,16
"okres Žilina",Hliny,"MGM reality",6,1
"okres Žilina",Hliny,"Realitná kancelária RED, s.r.o.",6,2
"okres Žilina",Hliny,"RIEŠIME BÝVANIE",6,3
"okres Žilina",Hliny,"TUreality s.r.o.",4,4
"okres Žilina",Hliny,"Reality Alpia",4,5
"okres Žilina",Hliny,"ROMDOM, s. r. o",3,6
"okres Žilina",Hliny,"Realitné kancelárie SR",3,7
"okres Žilina",Hliny,"B10 Slovensko, a. s.",2,8
"okres Žilina",Hliny,"EASY centrum bývania, s.r.o.",2,9
"okres Žilina",Hliny,"Reality IQ, s.r.o.",1,10
"okres Žilina",Hliny,"ACTIVE - Reality, s. r. o.",1,11
"okres Žilina",Hliny,"Crystin reality, s.r.o.",1,12
"okres Žilina",Hliny,"House Real Žilina",1,13
"okres Žilina",Hliny,"Safe reality s. r. o.",1,14
"okres Žilina",Hliny,"KES - RV s.r.o.",1,15
"okres Žilina",Hliny,"StorkReal s. r. o.",1,16
"okres Žilina",Hliny,"Realitná kancelária",1,17
"okres Žilina",Hliny,"STAREA, s. r. o.",1,18
"okres Žilina",Hliny,"Pro Real, s. r. o. realitná kancelária",1,19
"okres Žilina",Hliny,"ŽILINAREAL, s.r.o.",1,20
"okres Žilina",Hliny,"Georgi Conev",1,21
"okres Žilina",Hôrky,"TARGETreal s. r. o.",2,1
"okres Žilina",Hôrky,"Realitná kancelária RED, s.r.o.",2,2
"okres Žilina",Hôrky,"Piata Avenue",1,3
"okres Žilina",Hôrky,"CPM Real Estate",1,4
"okres Žilina",Hôrky,"K&B Partners, s.r.o.",1,5
"okres Žilina",Hôrky,"Realitné kancelárie SR",1,6
"okres Žilina",Hôrky,"Safe reality s. r. o.",1,7
"okres Žilina",Hôrky,"TOCA, s.r.o. Realitná činnosť",1,8
"okres Žilina",Hôrky,"Stanislav Motyčík - MK",1,9
"okres Žilina","Horný Hričov","Realitná kancelária RED, s.r.o.",1,1
"okres Žilina","Horný Hričov","Buby reality, s.r.o.",1,2
"okres Žilina","Horný Hričov","RES GROUP, s.r.o.",1,3
"okres Žilina","Kamenná Poruba","Real Estate Group4U",2,1
"okres Žilina","Kamenná Poruba","MGM reality",1,2
"okres Žilina","Kamenná Poruba","RES GROUP, s.r.o.",1,3
"okres Žilina",Kľače,"StorkReal s. r. o.",1,1
"okres Žilina",Kľače,"1. Reality Rent, s.r.o.",1,2
"okres Žilina",Kľače,"Realitné kancelárie SR",1,3
"okres Žilina",Kľače,"AnoReal, s.r.o.",1,4
"okres Žilina",Kľače,"Wealth Group, s.r.o.",1,5
"okres Žilina",Kľače,"Realitná kancelária RED, s.r.o.",1,6
"okres Žilina",Kľače,"OVERENÉ REALITY",1,7
"okres Žilina",Konská,"TARGETreal s. r. o.",1,1
"okres Žilina",Konská,"Realitné kancelárie SR",1,2
"okres Žilina",Konská,"Realitná kancelária RED, s.r.o.",1,3
"okres Žilina",Konská,"Reality IQ, s.r.o.",1,4
"okres Žilina",Konská,"1. Reality Rent, s.r.o.",1,5
"okres Žilina","Kotrčiná Lúčka","RS Mansory s.r.o.",2,1
"okres Žilina","Kotrčiná Lúčka","Safe reality s. r. o.",1,2
"okres Žilina","Kotrčiná Lúčka","R2 SK, s.r.o.",1,3
"okres Žilina","Kotrčiná Lúčka","DreamReality s.r.o.",1,4
"okres Žilina","Kotrčiná Lúčka","TARGETreal s. r. o.",1,5
"okres Žilina","Kotrčiná Lúčka","WFG reality, s.r.o.",1,6
"okres Žilina","Kotrčiná Lúčka","Gro & Partners",1,7
"okres Žilina",Krasňany,"ŽILINAREAL, s.r.o.",2,1
"okres Žilina",Krasňany,"RS Mansory s.r.o.",1,2
"okres Žilina",Krasňany,"Reality Alpia",1,3
"okres Žilina",Krasňany,"Realitné kancelárie SR",1,4
"okres Žilina",Krasňany,"HALO reality, s.r.o.",1,5
"okres Žilina",Krasňany,"B10 Slovensko, a. s.",1,6
"okres Žilina",Krasňany,"1. Reality Rent, s.r.o.",1,7
"okres Žilina",Kunerad,"AnReal s. r. o.",2,1
"okres Žilina",Kunerad,"StorkReal s. r. o.",2,2
"okres Žilina",Kunerad,"Realitka pre každého",1,3
"okres Žilina",Kunerad,"R2 SK, s.r.o.",1,4
"okres Žilina",Kunerad,"JKV REAL",1,5
"okres Žilina",Kunerad,"ŽILINAREAL, s.r.o.",1,6
"okres Žilina",Lietava,"Real Estate Group4U",2,1
"okres Žilina",Lietava,"RIEŠIME BÝVANIE",1,2
"okres Žilina",Lietava,"TUreality s.r.o.",1,3
"okres Žilina",Lietava,"BeMi realitná kancelária",1,4
"okres Žilina",Lietava,"Realitné kancelárie SR",1,5
"okres Žilina",Lietava,"Georgi Conev",1,6
"okres Žilina",Lietava,"RE/MAX Slovakia",1,7
"okres Žilina","Lietavská Lúčka","Babony TRE s.r.o.",2,1
"okres Žilina","Lietavská Lúčka","AstonReal s.r.o.",2,2
"okres Žilina","Lietavská Lúčka","LAVENTURA s.r.o.",1,3
"okres Žilina","Lietavská Lúčka","Safe reality s. r. o.",1,4
"okres Žilina","Lietavská Lúčka","Piata Avenue",1,5
"okres Žilina","Lietavská Lúčka","T.S.reality, s.r.o.",1,6
"okres Žilina","Lietavská Svinná-Babkov","Realitné kancelárie SR",4,1
"okres Žilina","Lietavská Svinná-Babkov","Real Estate Group4U",2,2
"okres Žilina","Lietavská Svinná-Babkov","RIEŠIME BÝVANIE",2,3
"okres Žilina","Lietavská Svinná-Babkov","TUreality s.r.o.",2,4
"okres Žilina","Lietavská Svinná-Babkov","RS Mansory s.r.o.",2,5
"okres Žilina","Lietavská Svinná-Babkov","Safe reality s. r. o.",1,6
"okres Žilina","Lietavská Svinná-Babkov","Romantické Chalupy, s.r.o.",1,7
"okres Žilina","Lietavská Svinná-Babkov","BALAŽI REAL ESTATE s.r.o.",1,8
"okres Žilina",Lysica,"Realitná kancelária RED, s.r.o.",2,1
"okres Žilina",Lysica,"YFE, s.r.o.",2,2
"okres Žilina",Lysica,"RE/MAX Slovakia",1,3
"okres Žilina",Lysica,"DOBRÉ REALITY s.r.o.",1,4
"okres Žilina",Lysica,"TARGETreal s. r. o.",1,5
"okres Žilina",Lysica,"Renovo Reality",1,6
"okres Žilina","Malá Čierna","Reality Alpia",3,1
"okres Žilina","Malá Praha","ŽILINAREAL, s.r.o.",2,1
"okres Žilina","Malá Praha","RES GROUP, s.r.o.",1,2
"okres Žilina","Malá Praha","TOP Living s.r.o.",1,3
"okres Žilina","Malá Praha","1. Reality Rent, s.r.o.",1,4
"okres Žilina",Marček,"MGM reality",1,1
"okres Žilina",Mojš,"Realitná kancelária RED, s.r.o.",2,1
"okres Žilina",Mojš,"TUreality s.r.o.",2,2
"okres Žilina",Mojš,"DreamReality s.r.o.",1,3
"okres Žilina",Mojš,"RS Mansory s.r.o.",1,4
"okres Žilina",Mojš,"NajBývanie, s.r.o.",1,5
"okres Žilina",Mojš,"ETHOS reality, s. r. o.",1,6
"okres Žilina",Mojš,"OREA, s.r.o.",1,7
"okres Žilina",Mojš,"RIEŠIME BÝVANIE",1,8
"okres Žilina",Mojš,"Mamud Reality s. r. o.",1,9
"okres Žilina",Mojš,"AnReal s. r. o.",1,10
"okres Žilina","Mojšová Lúčka","Realitné kancelárie SR",1,1
"okres Žilina","Mojšová Lúčka","Mamud Reality s. r. o.",1,2
"okres Žilina",Nededza,"DreamReality s.r.o.",1,1
"okres Žilina",Nededza,"bezmaklérov, s.r.o.",1,2
"okres Žilina","Nezbudská Lúčka","Mamud Reality s. r. o.",1,1
"okres Žilina","Nezbudská Lúčka","HALO reality, s.r.o.",1,2
"okres Žilina","Nezbudská Lúčka","TARGETreal s. r. o.",1,3
"okres Žilina",Ovčiarsko,"RS Mansory s.r.o.",5,1
"okres Žilina",Ovčiarsko,"TARGETreal s. r. o.",3,2
"okres Žilina",Ovčiarsko,"RIEŠIME BÝVANIE",2,3
"okres Žilina",Ovčiarsko,"Real Estate Group4U",2,4
"okres Žilina",Ovčiarsko,"Reality Now",2,5
"okres Žilina",Ovčiarsko,"R2 SK, s.r.o.",1,6
"okres Žilina",Ovčiarsko,"DRR INVEST, s. r. o.",1,7
"okres Žilina",Ovčiarsko,"Realitné kancelárie SR",1,8
"okres Žilina",Ovčiarsko,"PRIMA reality s.r.o.",1,9
"okres Žilina",Ovčiarsko,"House Real Žilina",1,10
"okres Žilina",Ovčiarsko,"Kristína Čanády",1,11
"okres Žilina",Ovčiarsko,"Reality Alpia",1,12
"okres Žilina",Ovčiarsko,"Realitka pre každého",1,13
"okres Žilina",Ovčiarsko,"BeMi realitná kancelária",1,14
"okres Žilina","Paština Závada","WFG reality, s.r.o.",1,1
"okres Žilina",Podhorie,"TARGETreal s. r. o.",1,1
"okres Žilina",Podhorie,"WFG reality, s.r.o.",1,2
"okres Žilina",Podhorie,"BeMi realitná kancelária",1,3
"okres Žilina",Poluvsie,"Nové bývanie",1,1
"okres Žilina",Poluvsie,"Realitná kancelária RED, s.r.o.",1,2
"okres Žilina",Porúbka,"Direct Real, spol. s r.o.",1,1
"okres Žilina","Považský Chlmec","RIEŠIME BÝVANIE",2,1
"okres Žilina","Považský Chlmec","Realitná kancelária",2,2
"okres Žilina","Považský Chlmec","R2 SK, s.r.o.",1,3
"okres Žilina","Považský Chlmec","Reality IQ, s.r.o.",1,4
"okres Žilina",Rajec,"Real Estate Group4U",3,1
"okres Žilina",Rajec,"AnoReal, s.r.o.",3,2
"okres Žilina",Rajec,"REAL21 Invest-consult, s.r.o.",2,3
"okres Žilina",Rajec,"TUreality s.r.o.",2,4
"okres Žilina",Rajec,"StorkReal s. r. o.",2,5
"okres Žilina",Rajec,"Euro Bauer s.r.o.",1,6
"okres Žilina",Rajec,"Wealth Group, s.r.o.",1,7
"okres Žilina",Rajec,"Direct Real, spol. s r.o.",1,8
"okres Žilina",Rajec,"HALO reality, s.r.o.",1,9
"okres Žilina",Rajec,"Realitná kancelária RED, s.r.o.",1,10
"okres Žilina",Rajec,"MGM reality",1,11
"okres Žilina","Rajecká Lesná","1. Reality Rent, s.r.o.",1,1
"okres Žilina","Rajecká Lesná","Real Estate Group4U",1,2
"okres Žilina","Rajecká Lesná","BeMi realitná kancelária",1,3
"okres Žilina","Rajecké Teplice","Bosen Group s.r.o.",4,1
"okres Žilina","Rajecké Teplice","AnoReal, s.r.o.",3,2
"okres Žilina","Rajecké Teplice","ŽILINAREAL, s.r.o.",3,3
"okres Žilina","Rajecké Teplice","Realitné kancelárie SR",2,4
"okres Žilina","Rajecké Teplice","B10 Slovensko, a. s.",2,5
"okres Žilina","Rajecké Teplice","STAREA, s. r. o.",2,6
"okres Žilina","Rajecké Teplice","Reality Alpia",1,7
"okres Žilina","Rajecké Teplice","RS Mansory s.r.o.",1,8
"okres Žilina","Rajecké Teplice","Realitná kancelária",1,9
"okres Žilina","Rajecké Teplice","MGM reality",1,10
"okres Žilina","Rajecké Teplice","EASY centrum bývania, s.r.o.",1,11
"okres Žilina","Rajecké Teplice","TUreality s.r.o.",1,12
"okres Žilina","Rajecké Teplice","Real Estate Group4U",1,13
"okres Žilina","Rajecké Teplice","JKV REAL",1,14
"okres Žilina","Rajecké Teplice","Reality IQ, s.r.o.",1,15
"okres Žilina","Rajecké Teplice","StorkReal s. r. o.",1,16
"okres Žilina","Rajecké Teplice","Realitná kancelária RED, s.r.o.",1,17
"okres Žilina","Rajecké Teplice","BeMi realitná kancelária",1,18
"okres Žilina",Rosina,"MGM reality",6,1
"okres Žilina",Rosina,"TARGETreal s. r. o.",2,2
"okres Žilina",Rosina,"BeMi realitná kancelária",1,3
"okres Žilina",Rosina,"X-REAL, s. r. o.",1,4
"okres Žilina",Rosina,"TUreality s.r.o.",1,5
"okres Žilina",Rosina,"Realitné kancelárie SR",1,6
"okres Žilina",Rosina,"RES GROUP, s.r.o.",1,7
"okres Žilina",Rosina,"IDEÁLNE BÝVANIE, s.r.o.",1,8
"okres Žilina",Rosina,"Reality Alpia",1,9
"okres Žilina",Rosina,"WFG reality, s.r.o.",1,10
"okres Žilina",Rosinky,"BeMi realitná kancelária",1,1
"okres Žilina",Rosinky,"Realitné kancelárie SR",1,2
"okres Žilina",Rosinky,"Reality Alpia",1,3
"okres Žilina",Solinky,"Realitná kancelária RED, s.r.o.",3,1
"okres Žilina",Solinky,"ACTIVE - Reality, s. r. o.",2,2
"okres Žilina",Solinky,"MGM reality",2,3
"okres Žilina",Solinky,"Direct Real, spol. s r.o.",1,4
"okres Žilina",Solinky,"Piata Avenue",1,5
"okres Žilina",Solinky,"WFG reality, s.r.o.",1,6
"okres Žilina",Solinky,"PRIVAT Reality spol.s.r.o",1,7
"okres Žilina",Solinky,"RENOME REAL",1,8
"okres Žilina","Staré mesto","WFG reality, s.r.o.",23,1
"okres Žilina","Staré mesto","Realitná kancelária RED, s.r.o.",19,2
"okres Žilina","Staré mesto","Realitné kancelárie SR",10,3
"okres Žilina","Staré mesto","KORSO Project, s.r.o.",9,4
"okres Žilina","Staré mesto","RIEŠIME BÝVANIE",8,5
"okres Žilina","Staré mesto","Financial Hotels Management, s.r.o.",7,6
"okres Žilina","Staré mesto","MGM reality",7,7
"okres Žilina","Staré mesto","ŽILINAREAL, s.r.o.",6,8
"okres Žilina","Staré mesto","TUreality s.r.o.",6,9
"okres Žilina","Staré mesto","Safe reality s. r. o.",5,10
"okres Žilina","Staré mesto","DreamReality s.r.o.",4,11
"okres Žilina","Staré mesto","JKV REAL",4,12
"okres Žilina","Staré mesto","R2 SK, s.r.o.",3,13
"okres Žilina","Staré mesto","PRIMA reality s.r.o.",3,14
"okres Žilina","Staré mesto","Realitná kancelária DOM",3,15
"okres Žilina","Staré mesto","Teraz, a.s.",3,16
"okres Žilina","Staré mesto","Reality IQ, s.r.o.",2,17
"okres Žilina","Staré mesto","Piata Avenue",2,18
"okres Žilina","Staré mesto","BR ACADEMY, s. r. o.",2,19
"okres Žilina","Staré mesto","Renovo Reality",2,20
"okres Žilina","Staré mesto","STAREA, s. r. o.",2,21
"okres Žilina","Staré mesto","RENOME REAL",2,22
"okres Žilina","Staré mesto","1. Reality Rent, s.r.o.",2,23
"okres Žilina","Staré mesto","Realitka pre každého",2,24
"okres Žilina","Staré mesto","HD reality group s.r.o",1,25
"okres Žilina","Staré mesto","Local reality s. r. o.",1,26
"okres Žilina","Staré mesto","TARGETreal s. r. o.",1,27
"okres Žilina","Staré mesto","ROMDOM, s. r. o",1,28
"okres Žilina","Staré mesto","Effecting s.r.o.",1,29
"okres Žilina","Staré mesto","Reality Alpia",1,30
"okres Žilina","Staré mesto","MENS s. r. o.",1,31
"okres Žilina","Staré mesto","Buby reality, s.r.o.",1,32
"okres Žilina","Staré mesto","X-REAL, s. r. o.",1,33
"okres Žilina","Staré mesto","EASY centrum bývania, s.r.o.",1,34
"okres Žilina","Staré mesto","Mamud Reality s. r. o.",1,35
"okres Žilina","Staré mesto","LAVENTURA s.r.o.",1,36
"okres Žilina","Staré mesto","RS Mansory s.r.o.",1,37
"okres Žilina","Staré mesto","B10 Slovensko, a. s.",1,38
"okres Žilina",Stráňavy,"TARGETreal s. r. o.",2,1
"okres Žilina",Stráňavy,"B10 Slovensko, a. s.",1,2
"okres Žilina",Stráňavy,Maxareality,1,3
"okres Žilina",Stránske,"Ing. Gerlinda Bérešová - Esti",2,1
"okres Žilina",Stránske,"RIEŠIME BÝVANIE",2,2
"okres Žilina",Stránske,"RS Mansory s.r.o.",2,3
"okres Žilina",Stránske,"Safe reality s. r. o.",1,4
"okres Žilina",Stránske,"TUreality s.r.o.",1,5
"okres Žilina",Stránske,"ADH-REAL s.r.o. Hirjaková Adriana",1,6
"okres Žilina",Stránske,"Realitné kancelárie SR",1,7
"okres Žilina",Stránske,"Renovo Reality",1,8
"okres Žilina",Strážov,"MGM reality",2,1
"okres Žilina",Strážov,"Realitná kancelária RED, s.r.o.",1,2
"okres Žilina",Strážov,"RS Mansory s.r.o.",1,3
"okres Žilina",Strážov,"R2 SK, s.r.o.",1,4
"okres Žilina",Strážov,"Effecting s.r.o.",1,5
"okres Žilina",Strážov,"ŽILINAREAL, s.r.o.",1,6
"okres Žilina",Strážov,"bezmaklérov, s.r.o.",1,7
"okres Žilina",Strečno,"MGM reality",1,1
"okres Žilina",Strečno,"TARGETreal s. r. o.",1,2
"okres Žilina",Strečno,"Direct Real, spol. s r.o.",1,3
"okres Žilina",Strečno,"Realitná kancelária RED, s.r.o.",1,4
"okres Žilina",Strečno,"FINREA - ak vám záleží na výsledku",1,5
"okres Žilina",Strečno,"Realitná kancelária",1,6
"okres Žilina",Šuja,"TUreality s.r.o.",1,1
"okres Žilina",Svederník,"Realitné kancelárie SR",3,1
"okres Žilina",Svederník,"MGM reality",3,2
"okres Žilina",Svederník,"Reality IQ, s.r.o.",2,3
"okres Žilina",Svederník,"TUreality s.r.o.",2,4
"okres Žilina",Svederník,"BeMi realitná kancelária",1,5
"okres Žilina",Svederník,"TARGETreal s. r. o.",1,6
"okres Žilina",Svederník,"X-REAL, s. r. o.",1,7
"okres Žilina",Svederník,"YFE, s.r.o.",1,8
"okres Žilina",Svederník,"RIEŠIME BÝVANIE",1,9
"okres Žilina","Teplička nad Váhom","Piata Avenue",2,1
"okres Žilina","Teplička nad Váhom","TARGETreal s. r. o.",2,2
"okres Žilina","Teplička nad Váhom","Realitné kancelárie SR",2,3
"okres Žilina","Teplička nad Váhom","Realitná kancelária RED, s.r.o.",2,4
"okres Žilina","Teplička nad Váhom","Mamud Reality s. r. o.",1,5
"okres Žilina","Teplička nad Váhom","RIEŠIME BÝVANIE",1,6
"okres Žilina","Teplička nad Váhom","Reality Alpia",1,7
"okres Žilina","Teplička nad Váhom","DRR INVEST, s. r. o.",1,8
"okres Žilina","Teplička nad Váhom","ROMDOM, s. r. o",1,9
"okres Žilina","Teplička nad Váhom","Realitná kancelária SYMPATIA REAL s. r. o.",1,10
"okres Žilina",Terchová,"RS Mansory s.r.o.",5,1
"okres Žilina",Terchová,"KORSO Project, s.r.o.",4,2
"okres Žilina",Terchová,"AnoReal, s.r.o.",2,3
"okres Žilina",Terchová,"Piata Avenue",2,4
"okres Žilina",Terchová,"TARGETreal s. r. o.",2,5
"okres Žilina",Terchová,"Realitná kancelária RED, s.r.o.",2,6
"okres Žilina",Terchová,"ALT REAL, s.r.o.",2,7
"okres Žilina",Terchová,"WFG reality, s.r.o.",2,8
"okres Žilina",Terchová,"Realitná kancelária DOM",1,9
"okres Žilina",Terchová,"Georgi Conev",1,10
"okres Žilina",Terchová,"1. Reality Rent, s.r.o.",1,11
"okres Žilina",Terchová,"MGM reality",1,12
"okres Žilina",Terchová,"Bonjour real",1,13
"okres Žilina",Terchová,"Reality Alpia",1,14
"okres Žilina",Terchová,"HALO reality, s.r.o.",1,15
"okres Žilina",Terchová,"Pegas real s.r.o.",1,16
"okres Žilina",Terchová,"RAJA, spol. s r.o.",1,17
"okres Žilina",Terchová,"RIEŠIME BÝVANIE",1,18
"okres Žilina",Terchová,"Briliant Reality, s.r.o.",1,19
"okres Žilina",Terchová,"EASY centrum bývania, s.r.o.",1,20
"okres Žilina",Terchová,"Realitné kancelárie SR",1,21
"okres Žilina",Terchová,"B10 Slovensko, a. s.",1,22
"okres Žilina",Terchová,"HOLESTIAK.sk reality s.r.o.",1,23
"okres Žilina",Trnové,"Realitné kancelárie SR",3,1
"okres Žilina",Trnové,"WFG reality, s.r.o.",3,2
"okres Žilina",Trnové,"Reality IQ, s.r.o.",2,3
"okres Žilina",Trnové,"MGM reality",2,4
"okres Žilina",Trnové,"RIEŠIME BÝVANIE",2,5
"okres Žilina",Trnové,"RS Mansory s.r.o.",2,6
"okres Žilina",Trnové,"RES GROUP, s.r.o.",1,7
"okres Žilina",Trnové,"StorkReal s. r. o.",1,8
"okres Žilina",Trnové,"ATP stavby s.r.o.",1,9
"okres Žilina",Trnové,"Piata Avenue",1,10
"okres Žilina",Trnové,"R2 SK, s.r.o.",1,11
"okres Žilina",Trnové,"TUreality s.r.o.",1,12
"okres Žilina",Trnové,"BeMi realitná kancelária",1,13
"okres Žilina",Trnové,"Realitná kancelária RED, s.r.o.",1,14
"okres Žilina",Trnové,"Ing. Gerlinda Bérešová - Esti",1,15
"okres Žilina",Turie,"RES GROUP, s.r.o.",6,1
"okres Žilina",Turie,"Realitná kancelária RED, s.r.o.",2,2
"okres Žilina",Turie,"Realitné kancelárie SR",1,3
"okres Žilina",Turie,"MGM reality",1,4
"okres Žilina",Turie,"Ing. Gerlinda Bérešová - Esti",1,5
"okres Žilina",Turie,"Realitná kancelária",1,6
"okres Žilina",Varín,"MGM reality",3,1
"okres Žilina",Varín,"Reality Alpia",2,2
"okres Žilina",Varín,"R2 SK, s.r.o.",2,3
"okres Žilina",Varín,"TARGETreal s. r. o.",1,4
"okres Žilina",Varín,"Nové bývanie",1,5
"okres Žilina",Varín,Maxareality,1,6
"okres Žilina",Varín,"Safe reality s. r. o.",1,7
"okres Žilina",Varín,"TUreality s.r.o.",1,8
"okres Žilina",Varín,"ROMDOM, s. r. o",1,9
"okres Žilina",Varín,"Mamud Reality s. r. o.",1,10
"okres Žilina",Varín,"Vianema s.r.o.",1,11
"okres Žilina",Varín,"Realitné kancelárie SR",1,12
"okres Žilina","Veľká Čierna","StorkReal s. r. o.",1,1
"okres Žilina","Veľká Čierna","RIEŠIME BÝVANIE",1,2
"okres Žilina",Višňové,"Realitné kancelárie SR",3,1
"okres Žilina",Višňové,"RES GROUP, s.r.o.",3,2
"okres Žilina",Višňové,"MGM reality",2,3
"okres Žilina",Višňové,"WFG reality, s.r.o.",1,4
"okres Žilina",Višňové,"ŽILINAREAL, s.r.o.",1,5
"okres Žilina",Višňové,"ATP stavby s.r.o.",1,6
"okres Žilina",Višňové,"Realitná kancelária RED, s.r.o.",1,7
"okres Žilina",Višňové,"TUreality s.r.o.",1,8
"okres Žilina",Višňové,"Realitná kancelária",1,9
"okres Žilina",Višňové,"AnoReal, s.r.o.",1,10
"okres Žilina",Višňové,"Ing. Gerlinda Bérešová - Esti",1,11
"okres Žilina",Višňové,"RIEŠIME BÝVANIE",1,12
"okres Žilina",Višňové,"BeMi realitná kancelária",1,13
"okres Žilina",Višňové,"TeEq Reality",1,14
"okres Žilina",Višňové,"Reality Alpia",1,15
"okres Žilina",Višňové,"StorkReal s. r. o.",1,16
"okres Žilina",Višňové,"B10 Slovensko, a. s.",1,17
"okres Žilina",Višňové,"Georgi Conev",1,18
"okres Žilina",Višňové,"Mgr. Nina Herčková, RSc.",1,19
"okres Žilina",Višňové,"Safe reality s. r. o.",1,20
"okres Žilina",Vlčince,"Reinoo a.s.",17,1
"okres Žilina",Vlčince,"Realitná kancelária RED, s.r.o.",6,2
"okres Žilina",Vlčince,"MGM reality",6,3
"okres Žilina",Vlčince,"Safe reality s. r. o.",4,4
"okres Žilina",Vlčince,"HMS Services, a. s.",4,5
"okres Žilina",Vlčince,"WFG reality, s.r.o.",3,6
"okres Žilina",Vlčince,"RIEŠIME BÝVANIE",3,7
"okres Žilina",Vlčince,"Wealth Group, s.r.o.",3,8
"okres Žilina",Vlčince,"RK4 REALITY",2,9
"okres Žilina",Vlčince,"DreamReality s.r.o.",2,10
"okres Žilina",Vlčince,"Reality Alpia",2,11
"okres Žilina",Vlčince,"Direct Real, spol. s r.o.",2,12
"okres Žilina",Vlčince,"Piata Avenue",2,13
"okres Žilina",Vlčince,"Realitné kancelárie SR",2,14
"okres Žilina",Vlčince,"EASY centrum bývania, s.r.o.",2,15
"okres Žilina",Vlčince,"AnoReal, s.r.o.",1,16
"okres Žilina",Vlčince,"PSynchro RK32",1,17
"okres Žilina",Vlčince,"ROMDOM, s. r. o",1,18
"okres Žilina",Vlčince,"R2 SK, s.r.o.",1,19
"okres Žilina",Vlčince,"B10 Slovensko, a. s.",1,20
"okres Žilina",Vlčince,"MENS s. r. o.",1,21
"okres Žilina",Vlčince,"KVArent, s.r.o.",1,22
"okres Žilina",Vlčince,"Mgr. Nina Herčková, RSc.",1,23
"okres Žilina",Vlčince,"KRALIKOVA reality",1,24
"okres Žilina",Vlčince,"LAVENTURA s.r.o.",1,25
"okres Žilina",Vlčince,"TUreality s.r.o.",1,26
"okres Žilina",Vlčince,"Gro & Partners",1,27
"okres Žilina",Vlčince,"Jacek reality s. r. o.",1,28
"okres Žilina",Vlčince,"Renovo Reality",1,29
"okres Žilina",Vlčince,"TARGETreal s. r. o.",1,30
"okres Žilina",Vlčince,"MK CAR, s.r.o.",1,31
"okres Žilina",Vlčince,"Realitka pre každého",1,32
"okres Žilina",Vlčince,"DRR INVEST, s. r. o.",1,33
"okres Žilina",Vlčince,"JKV REAL",1,34
"okres Žilina",Zádubnie,"BeMi realitná kancelária",1,1
"okres Žilina",Závodie,"MGM reality",3,1
"okres Žilina",Závodie,"Realitné kancelárie SR",3,2
"okres Žilina",Závodie,"Realitná kancelária RED, s.r.o.",3,3
"okres Žilina",Závodie,"TUreality s.r.o.",2,4
"okres Žilina",Závodie,"GAMA Reality, s.r.o.",1,5
"okres Žilina",Závodie,"RIEŠIME BÝVANIE",1,6
"okres Žilina",Závodie,"Effecting s.r.o.",1,7
"okres Žilina",Závodie,"REALITY SPOLU",1,8
"okres Žilina",Závodie,"Reality IQ, s.r.o.",1,9
"okres Žilina",Závodie,"RENOME REAL",1,10
"okres Žilina",Závodie,"R2 SK, s.r.o.",1,11
"okres Žilina",Závodie,NajlepšíMakléri.sk,1,12
"okres Žilina",Závodie,"TARGETreal s. r. o.",1,13
"okres Žilina",Závodie,"DreamReality s.r.o.",1,14
"okres Žilina",Závodie,"Safe reality s. r. o.",1,15
"okres Žilina",Závodie,"RS Mansory s.r.o.",1,16
"okres Žilina",Závodie,"AnoReal, s.r.o.",1,17
"okres Žilina",Zbyňov,"WFG reality, s.r.o.",2,1
"okres Žilina",Zbyňov,"StorkReal s. r. o.",2,2
"okres Žilina",Zbyňov,"Realitné kancelárie SR",2,3
"okres Žilina",Zbyňov,"AnoReal, s.r.o.",1,4
"okres Žilina",Zbyňov,"Realitná kancelária",1,5
"okres Žilina","Žilinská Lehota","DRR INVEST, s. r. o.",3,1
"okres Žilina","Žilinská Lehota","Real Estate Group4U",2,2
"okres Žilina","Žilinská Lehota","Realitná kancelária RED, s.r.o.",1,3
"okres Žilina","Žilinská Lehota","IDEÁLNE BÝVANIE, s.r.o.",1,4
"okres Žilina","Žilinská Lehota","ETHOS reality, s. r. o.",1,5
