offer_id,property_type,condition,price_m2,location_district,location_city,location_area
JuLecgRv95A,"3-room apartment","fully renovated",4196.26,"okres Žilina",Žilina,Bôrik
JufbBHYx-coz,"1-room apartment","new construction",2716.67,"okres Liptovský Mikuláš","Liptovský Mikuláš","Staré mesto"
JusEglMU0v8,"3-room apartment",unrenovated,2013.04,"okres Martin",Martin,Jahodníky
JuHU9WStTAs,"3-room apartment","fully renovated",NULL,"okres Martin",Necpaly,Necpaly
Ju-48631_aJ,"3-room apartment",unrenovated,2037.91,"okres Dolný Kubín","Dolný Kubín","Veľký Bysterec"
Ju9d7v-lee8,"3-room apartment","new construction",2698.11,"okres Tvrdošín",Zuberec,Zuberec
JuvALHP6cN9,"2-room apartment","partially renovated",2446.43,"okres Kysucké Nové Mesto","Kysucké Nové Mesto",Sídlisko
Jue47kLBSm8,"3-room apartment","new construction",1430.69,"okres Čadca",Čadca,Centrum
Jui14FUG-ZO,"3-room apartment","partially renovated",NULL,"okres Turčianske Teplice",Rakša,Rakša
JuFpZug_t62,"1-room apartment","new construction",3770.97,"okres Kysucké Nové Mesto","Kysucké Nové Mesto",Kamence
JuUnWH-g8Yz,"3-room apartment","new construction",2461.12,"okres Žilina",Žilina,"Staré mesto"
JuV8a82JG_s,"4-room apartment","new construction",3560.27,"okres Žilina",Žilina,"Staré mesto"
JuvjDSTvTKy,"2-room apartment","fully renovated",3000.00,"okres Bytča","Veľké Rovné","Veľké Rovné"
JuXcyij9eMf_,"3-room apartment","new construction",4302.34,"okres Žilina",Žilina,"Staré mesto"
JufYiP4E7Es,"3-room apartment","partially renovated",2265.33,"okres Žilina",Žilina,Hliny
JuKkjtqN4VW,"2-room apartment","fully renovated",3035.54,"okres Martin",Martin,Stred
JuH-SEIASle,"3-room apartment","under construction",2964.40,"okres Ružomberok",Ružomberok,Roveň
Ju_7fjs1rDI,"2-room apartment","new construction",NULL,"okres Liptovský Mikuláš","Liptovský Mikuláš","Liptovská Mara - Tatralandia"
JuO3IQpQk2Q,"2-room apartment","fully renovated",1664.91,"okres Čadca",Makov,Makov
JukCOBdi-HG,"3-room apartment","fully renovated",2769.88,"okres Žilina",Žilina,Vlčince
JuCuiefKh4P,"4-room apartment",unrenovated,NULL,"okres Martin",Martin,Priekopa
JucFUY5N5xW,"3-room apartment","partially renovated",1687.50,"okres Martin",Martin,Priekopa
JuSPwAqNDjb,"2-room apartment","new construction",4137.93,"okres Ružomberok",Ružomberok,Hrabovo
JujrtOK9Ltj,"3-room apartment",unrenovated,2242.68,"okres Žilina",Žilina,"Staré mesto"
Ju2TzdFfXkg,"2-room apartment","partially renovated",NULL,"okres Žilina",Žilina,"Staré mesto"
JuVO5WLrTZ3,"2-room apartment","partially renovated",2165.00,"okres Kysucké Nové Mesto","Kysucké Nové Mesto",Sídlisko
JuC08OMa82u,"4-room apartment","new construction",2263.80,"okres Žilina",Žilina,Hájik
Jupw1bQT1Jh,"3-room apartment","new construction",2946.01,"okres Žilina",Žilina,Vlčince
JuFqSi2fYOk,"2-room apartment","fully renovated",2398.11,"okres Kysucké Nové Mesto","Kysucké Nové Mesto",Nábrežie
JuFv7NTgqug,"holiday apartment","fully renovated",1652.17,"okres Čadca",Makov,Makov
JuxZgQdKO7u,"2-room apartment","new construction",3082.22,"okres Bytča",Bytča,"Veľká Bytča"
Ju0iFsZ1mnv,"2-room apartment","new construction",3968.25,"okres Liptovský Mikuláš","Liptovský Mikuláš","Liptovská Ondrašová"
JuN4KXjUyk-,"4-room apartment","new construction",NULL,"okres Čadca",Čadca,Podzávoz
JuWV1dgtiBd,"holiday apartment","new construction",4841.63,"okres Liptovský Mikuláš","Liptovský Mikuláš",Demänová
Judmv08qh2A,"4-room apartment",unrenovated,1416.67,"okres Žilina",Žilina,"Staré mesto"
Ju_Lr-2Vc09,"1-room apartment","partially renovated",2941.18,"okres Liptovský Mikuláš","Liptovský Hrádok",Dovalovo
JubDtFpPZPz,"holiday apartment","under construction",4459.46,"okres Turčianske Teplice","Turčianske Teplice",Stred
Ju46Wlvz4BP,"2-room apartment","new construction",2170.32,"okres Čadca",Čadca,Kyčerka
Jus8fVVapj9,"3-room apartment","under construction",2714.34,"okres Martin",Martin,Jahodníky
JurldwLKNhM,"1-room apartment","fully renovated",1916.67,"okres Liptovský Mikuláš","Partizánska Ľupča","Partizánska Ľupča"
JulollxgJp5,"2-room apartment","under construction",2707.60,"okres Martin",Martin,Jahodníky
JupBjnV0coU,"3-room apartment","fully renovated",NULL,"okres Čadca",Raková,Raková
JuqAM-ZO9ir,"2-room apartment","new construction",3563.64,"okres Liptovský Mikuláš","Malé Borové","Malé Borové"
Ju5VjRRX_4J,"3-room apartment","partially renovated",NULL,"okres Žilina",Žilina,Hliny
Juarr5O2upK,"1-room apartment","under construction",1420.21,"okres Kysucké Nové Mesto","Kysucké Nové Mesto",Kamence
JuXRtZdfweI,"4-room apartment","partially renovated",2189.35,"okres Martin",Martin,Ľadoveň
JuNZupA7Ru4,"2-room apartment","new construction",3082.34,"okres Žilina","Rajecké Teplice","Rajecké Teplice"
JumbMyGo4iI,"2-room apartment","fully renovated",3816.13,"okres Ružomberok",Bešeňová,Bešeňová
JuaCjfZIx81,"2-room apartment","under construction",2908.31,"okres Ružomberok",Ružomberok,Roveň
JuUnD0myJmK,"2-room apartment","partially renovated",2576.57,"okres Žilina",Žilina,Hájik
JuIP59md355,"4-room apartment","under construction",2812.66,"okres Ružomberok",Ružomberok,Roveň
JuIh9K2txJ3,"3-room apartment","new construction",1455.00,"okres Námestovo",Zubrohlava,Zubrohlava
Jub5nNi4yTF,"2-room apartment","partially renovated",2887.10,"okres Žilina",Žilina,Vlčince
Juqj8-BDIgQ,"3-room apartment","new construction",1614.75,"okres Námestovo","Oravské Veselé","Oravské Veselé"
JuQfQh_4sSF,"2-room apartment","new construction",NULL,"okres Žilina",Žilina,Hliny
JujYXXx5gXi,"3-room apartment","new construction",3223.45,"okres Žilina",Žilina,"Staré mesto"
JugTLMsHTVi,"2-room apartment",unrenovated,2211.54,"okres Martin",Martin,Podháj
Jul7be3Lkz5,"holiday apartment","new construction",4230.77,"okres Liptovský Mikuláš","Liptovský Mikuláš",Demänová
JuPT1z2mBzV,"1-room apartment","partially renovated",3722.19,"okres Žilina",Žilina,Vlčince
Ju4hZgzLszu,"2-room apartment","partially renovated",2000.00,"okres Tvrdošín",Trstená,Trstená
JuKlHRPhAEF,"2-room apartment","fully renovated",2592.98,"okres Martin",Vrútky,"Horné Vrútky"
JuvFESSKGWN,"3-room apartment","partially renovated",1779.07,"okres Martin",Vrútky,"Horné Vrútky"
JusgW9odCAS,"4-room apartment",unrenovated,1488.76,"okres Martin",Martin,Priekopa
Juvk9S_5ltU,"2-room apartment",unrenovated,2592.59,"okres Žilina",Žilina,Hliny
JuDCMQupxo0,"2-room apartment","partially renovated",NULL,"okres Tvrdošín",Tvrdošín,Medvedzie
JufAeKZk5m-,"2-room apartment","partially renovated",2545.45,"okres Žilina",Bitarová,Bitarová
JuNguQDV0Zn,"2-room apartment","fully renovated",2499.04,"okres Liptovský Mikuláš","Liptovský Mikuláš",Podbreziny
JuKOtZwcbir-,"holiday apartment","fully renovated",3357.40,"okres Ružomberok",Ružomberok,Hrabovo
JuMm4AW_gBf,"5+ room apartment","partially renovated",2326.67,"okres Žilina","Rajecké Teplice","Rajecké Teplice"
JuSYwKOlQ-6,"3-room apartment","new construction",NULL,"okres Dolný Kubín","Dolný Kubín",NULL
JuZqtWo-t_S,"holiday apartment","new construction",4068.97,"okres Liptovský Mikuláš","Liptovský Mikuláš","Liptovská Mara - Tatralandia"
JuJCzmrTicR,"2-room apartment","new construction",3250.00,"okres Martin",Martin,Záturčie
JumsfvMXhg-,"3-room apartment",unrenovated,2283.58,"okres Žilina",Žilina,Solinky
JuymkoAFG_6,"2-room apartment",unrenovated,2170.00,"okres Kysucké Nové Mesto","Kysucké Nové Mesto",Sídlisko
JucOec67NRR,"1-room apartment",unrenovated,3030.30,"okres Tvrdošín",Nižná,Nižná
JuyOHLJxsdS,"3-room apartment","fully renovated",3031.25,"okres Žilina",Žilina,"Staré mesto"
Ju_yl2A922o,"2-room apartment",unrenovated,1366.67,"okres Turčianske Teplice","Turčianske Teplice",Stred
JuDoLB83xqT,"3-room apartment",unrenovated,1088.46,"okres Liptovský Mikuláš",Malužiná,Malužiná
JuQvJ7BykSU,"2-room apartment",unrenovated,2222.00,"okres Martin",Martin,Sever
JuHLqjLk9w7,"2-room apartment","fully renovated",2021.80,"okres Čadca",Oščadnica,Oščadnica
Juhlf1Su_tu,"studio apartment","partially renovated",3702.94,"okres Žilina",Žilina,Závodie
Ju4aGAgIjVo,"3-room apartment","partially renovated",NULL,"okres Martin",Martin,Stred
Ju4nG9JDEKF,"3-room apartment","partially renovated",NULL,"okres Martin",Martin,Ľadoveň
JuJrBHwvfXe,"holiday apartment","new construction",5217.39,"okres Liptovský Mikuláš","Demänovská Dolina","Demänovská Dolina"
JuVk3AeemQd,"3-room apartment","under construction",2845.34,"okres Kysucké Nové Mesto","Kysucké Nové Mesto",Kamence
JucIMMNEosV,"3-room apartment","partially renovated",1932.84,"okres Ružomberok",Ružomberok,Baničné
Ju2EMTkOn53,"2-room apartment","new construction",3555.74,"okres Žilina",Žilina,Vlčince
JuYbhGZmbC7,"2-room apartment",unrenovated,974.66,"okres Ružomberok","Liptovská Lúžna","Liptovská Lúžna"
Ju59v0S7Gi9,"3-room apartment",unrenovated,1740.26,"okres Liptovský Mikuláš","Liptovský Mikuláš",Podbreziny
Ju4SvmwHoAg,"3-room apartment","new construction",2474.59,"okres Ružomberok","Liptovská Teplá","Liptovská Teplá"
JuNRFKe9B5N6,"4-room apartment","new construction",1863.00,"okres Martin",Sučany,Sučany
JuG99-vnL8U,"4-room apartment","new construction",NULL,"okres Martin",Martin,Košúty
JuvzAFSDr4x,"3-room apartment","new construction",NULL,"okres Žilina",Žilina,Bôrik
Jul_OGhX8QT,"3-room apartment","partially renovated",2833.33,"okres Ružomberok",Ružomberok,Hrabovo
Ju7UFzA6VtL,"2-room apartment","new construction",3903.77,"okres Žilina",Žilina,"Staré mesto"
Ju4Vd5pUjXm,"3-room apartment","partially renovated",2307.68,"okres Liptovský Mikuláš","Liptovský Mikuláš","Staré mesto"
JuA1jb9HH8o,"2-room apartment","partially renovated",2259.79,"okres Ružomberok",Ružomberok,"Staré mesto"
Ju9k2e7JWOr,"1-room apartment","partially renovated",2236.84,"okres Martin",Turany,Turany
JuXNm9NwSwi,"3-room apartment","new construction",2932.00,"okres Žilina",Žilina,Hájik
JuOnQ9rym-h,"4-room apartment","partially renovated",2517.24,"okres Žilina",Žilina,"Staré mesto"
JuFNpzHutiG,"3-room apartment","partially renovated",2569.23,"okres Žilina",Žilina,Hliny
JuZ8UmPHnMd,"2-room apartment","fully renovated",1895.12,"okres Čadca",Staškov,Staškov
JuWLCChouGh,"3-room apartment","new construction",1960.78,"okres Martin",Sučany,Sučany
JuS6qI_HXQ_,"4-room apartment","partially renovated",2670.34,"okres Žilina",Žilina,Bôrik
JuvIFSCKDaN,"2-room apartment","fully renovated",NULL,"okres Martin",Martin,Priekopa
JuJITXm9Zsf,"3-room apartment","fully renovated",NULL,"okres Liptovský Mikuláš","Liptovská Kokava","Liptovská Kokava"
JueaFakyLvY,"3-room apartment","development project",3628.76,"okres Žilina",Žilina,"Staré mesto"
Ju1F-eiNHx4,"3-room apartment","fully renovated",2694.12,"okres Žilina",Žilina,"Staré mesto"
JuL3MT7o1WL,"2-room apartment","fully renovated",2331.67,"okres Martin",Martin,Stred
JuhigkHR5x2,"4-room apartment","new construction",NULL,"okres Liptovský Mikuláš","Demänovská Dolina","Demänovská Dolina"
Ju5eub1EsyB,"3-room apartment","new construction",NULL,"okres Žilina",Žilina,Bôrik
JuDetN4gLGy,"holiday apartment","new construction",5232.56,"okres Liptovský Mikuláš","Demänovská Dolina","Demänovská Dolina"
JuxJN0jj6xv,"1-room apartment","new construction",3414.06,"okres Martin",Martin,Tomčany
Ju9zHP-4dng,"3-room apartment","partially renovated",2868.85,"okres Liptovský Mikuláš","Liptovský Mikuláš",Podbreziny
JuTy8iCXD6j,"2-room apartment","new construction",3357.41,"okres Martin",Martin,Tomčany
JuGJ3bcseaG,"1-room apartment","partially renovated",2341.22,"okres Čadca",Čadca,Žarec
JuI3iwt9MRR,"studio apartment","new construction",3996.00,"okres Dolný Kubín","Dolný Kubín",Brezovec
JumSU3uP1r7,"holiday apartment","partially renovated",3000.00,"okres Čadca",Oščadnica,Oščadnica
JuCyeszuCeF,"3-room apartment",unrenovated,1723.08,"okres Čadca",Čadca,"Sídlisko 3"
JuDZ3hA20uQ,"4-room apartment","partially renovated",1831.83,"okres Dolný Kubín",Zázrivá,Zázrivá
Ju1Cm4LoVXM,"studio apartment","new construction",1815.80,"okres Ružomberok",Ružomberok,"Staré mesto"
JuOOVFGvzwX,"2-room apartment","new construction",2731.71,"okres Ružomberok","Liptovská Teplá","Liptovská Teplá"
JuuuYAHYGX8,"2-room apartment","development project",2716.67,"okres Dolný Kubín","Dolný Kubín",Brezovec
Ju5R24o6GQR,"3-room apartment",unrenovated,2094.10,"okres Dolný Kubín","Dolný Kubín",Brezovec
Ju8_AnIgnrX,"2-room apartment","partially renovated",2092.05,"okres Čadca",Čadca,Žarec
Juo19uqWHqv,"3-room apartment","fully renovated",2088.24,"okres Martin",Vrútky,"Horné Vrútky"
JuEVg7e9gge,"3-room apartment",unrenovated,2070.11,"okres Martin",Martin,Záturčie
Juv94EKwgh6,"3-room apartment","new construction",2730.50,"okres Ružomberok","Liptovská Teplá","Liptovská Teplá"
JuhxRDKuEfi,"2-room apartment","new construction",2620.69,"okres Ružomberok","Liptovská Teplá","Liptovská Teplá"
JuRJykTdszG,"4-room apartment","fully renovated",1799.33,"okres Martin",Sučany,Sučany
JuDJ_hnDscM,"2-room apartment","fully renovated",2331.67,"okres Martin",Martin,Stred
JulzEF1iR1R,"2-room apartment","fully renovated",2234.96,"okres Žilina",Žilina,"Staré mesto"
Jus2f1I5Shb,"3-room apartment","partially renovated",2426.47,"okres Žilina",Žilina,Hliny
Ju12shpSBga,"3-room apartment","new construction",4369.64,"okres Liptovský Mikuláš","Liptovský Mikuláš",Demänová
JuXnw8EKWYI,"3-room apartment","new construction",3376.34,"okres Žilina",Žilina,"Staré mesto"
JuJM07aUO0O,"5+ room apartment","partially renovated",2990.00,"okres Žilina",Žilina,Hliny
JuVtdEgquxp,"3-room apartment","new construction",2067.57,"okres Dolný Kubín","Dolný Kubín",Brezovec
JuP6qyzD4rb,"holiday apartment","new construction",3997.50,"okres Liptovský Mikuláš","Liptovský Mikuláš",Demänová
JuP-xJVwuxh,"3-room apartment","new construction",1708.73,"okres Martin","Košťany nad Turcom","Košťany nad Turcom"
JuxYMJGR4NW,"1-room apartment","partially renovated",2125.28,"okres Ružomberok",Ružomberok,Baničné
Jubx4f_wHQY,"3-room apartment",unrenovated,NULL,"okres Žilina",Žilina,Vlčince
JuBjT8MmAiR,"3-room apartment","under construction",2874.81,"okres Kysucké Nové Mesto","Kysucké Nové Mesto",Kamence
Ju8qAJxGCh0,"3-room apartment","partially renovated",NULL,"okres Martin",Martin,Záturčie
Ju-DovddXIY,"2-room apartment",unrenovated,1901.41,"okres Liptovský Mikuláš","Liptovský Mikuláš","Vrbica - Nábrežie"
Jum2zoM9dK0,"2-room apartment","new construction",3731.67,"okres Žilina",Žilina,Vlčince
JuXQxA2vSe6,"2-room apartment","fully renovated",3785.71,"okres Žilina",Žilina,Vlčince
Jufd89QZCSO,"holiday apartment","new construction",NULL,"okres Liptovský Mikuláš","Pavčina Lehota","Pavčina Lehota"
Ju2hVjHchsA,"2-room apartment","new construction",2902.19,"okres Martin",Martin,Stred
Ju9Zm5FKDvx,"2-room apartment","fully renovated",2929.31,"okres Žilina",Žilina,Hliny
Ju_q6RS-fKo,"3-room apartment","new construction",1948.31,"okres Námestovo","Oravské Veselé","Oravské Veselé"
Jukc07qMxPz,"2-room apartment","new construction",3543.64,"okres Žilina",Žilina,Bytčica
JuZPdvGyLq9,"3-room apartment","fully renovated",1956.41,"okres Žilina",Žilina,"Staré mesto"
Ju8xVwtKo3R,"1-room apartment",unrenovated,NULL,"okres Námestovo",Námestovo,Stred
JuzzHVLtL7p,"3-room apartment","fully renovated",2246.36,"okres Tvrdošín",Tvrdošín,Medvedzie
Ju7J-Smt48P,"2-room apartment","new construction",2988.10,"okres Tvrdošín",Trstená,Trstená
JuRuuJuhfW8,"3-room apartment","partially renovated",1610.59,"okres Martin",Vrútky,"Horné Vrútky"
JuZK70yldNu,"1-room apartment","new construction",3461.54,"okres Liptovský Mikuláš","Liptovský Mikuláš","Liptovská Mara - Tatralandia"
JuzSqFzglhO,"3-room apartment","new construction",NULL,"okres Kysucké Nové Mesto","Kysucké Nové Mesto",Kamence
JuzmSjYalDj,"3-room apartment","partially renovated",1608.05,"okres Martin",Vrútky,"Horné Vrútky"
Ju6pkdVbtRp,"3-room apartment","fully renovated",NULL,"okres Ružomberok",Ružomberok,Klačno
JudnXUbr0fH,"2-room apartment","under construction",2304.82,"okres Liptovský Mikuláš",Východná,Východná
JuBIZmW7FwQ,"3-room apartment","new construction",2422.54,"okres Kysucké Nové Mesto","Kysucké Nové Mesto",Sídlisko
JuPDRHaKHGy,"2-room apartment","fully renovated",2830.51,"okres Žilina",Žilina,Hliny
JuD8hcoEgT4,"2-room apartment","new construction",3229.73,"okres Žilina",Žilina,Vlčince
JukBZSTP0a5,"2-room apartment","new construction",3180.00,"okres Turčianske Teplice","Turčianske Teplice",Stred
Ju1AcChzPhX,"3-room apartment","new construction",1912.90,"okres Liptovský Mikuláš","Vyšná Boca","Vyšná Boca"
JuE-VhHgCax,"1-room apartment","fully renovated",5000.00,"okres Žilina",Terchová,Terchová
Ju6opeOUPUx,"2-room apartment",unrenovated,2272.73,"okres Žilina",Žilina,"Staré mesto"
JunBxeMXtVv,"3-room apartment","partially renovated",1767.12,"okres Bytča","Veľké Rovné","Veľké Rovné"
JufXt9veplf,"2-room apartment","new construction",NULL,"okres Martin",Martin,Košúty
Ju1v-rz6S-g,"3-room apartment",unrenovated,2187.50,"okres Žilina",Rajec,Rajec
JuK8NkfUxDo,"3-room apartment",unrenovated,670.71,"okres Martin","Turčianska Štiavnička","Turčianska Štiavnička"
JuqqisVRKbE,"3-room apartment","partially renovated",NULL,"okres Liptovský Mikuláš","Liptovský Mikuláš","Staré mesto"
JupIznadChw,"3-room apartment",unrenovated,NULL,"okres Martin",Martin,Stred
JuCtiU-W9oK,"3-room apartment","fully renovated",1897.08,"okres Ružomberok",Ružomberok,Klačno
JuQUQOdCbAJ,"4-room apartment",unrenovated,1904.75,"okres Žilina",Žilina,"Staré mesto"
JuJTUgZNUdL,"3-room apartment",unrenovated,1361.11,"okres Martin",Turany,Turany
JugdzCpEbZl,"2-room apartment","partially renovated",2543.42,"okres Žilina",Žilina,Hliny
JuJ1fx159Ms,"3-room apartment",unrenovated,1600.00,"okres Čadca",Turzovka,Stred
JuUWRcxAAYr,"2-room apartment","fully renovated",1314.80,"okres Liptovský Mikuláš","Liptovský Mikuláš","Staré mesto"
JucFSMwZ-YV,"3-room apartment","new construction",2479.24,"okres Martin",Martin,Priekopa
JuHBGisy5-E,"2-room apartment","partially renovated",2338.24,"okres Ružomberok",Ružomberok,Hrabovo
JuInv_n4G9P,"2-room apartment","development project",5249.97,"okres Žilina",Žilina,"Staré mesto"
JuBnUuJa9ic,"2-room apartment","new construction",3894.16,"okres Žilina",Žilina,"Staré mesto"
Ju2txZynSMnS,"4-room apartment","fully renovated",2267.03,"okres Námestovo",Námestovo,Brehy
Jucm4yaaOJ2,"3-room apartment","fully renovated",2463.35,"okres Dolný Kubín","Dolný Kubín",Brezovec
JuT9LmGMkpW,"holiday apartment","new construction",4540.91,"okres Liptovský Mikuláš","Liptovský Mikuláš",Demänová
JuuOQAIf3eQ,"2-room apartment","new construction",3398.44,"okres Žilina",Žilina,"Staré mesto"
JuhSIJae8jB,"holiday apartment","new construction",3229.17,"okres Liptovský Mikuláš",Smrečany,Smrečany
Ju20KERTu8I,"2-room apartment",unrenovated,2118.64,"okres Liptovský Mikuláš","Liptovský Mikuláš",Podbreziny
Jumt5qe1Qm47,"2-room apartment","partially renovated",NULL,"okres Ružomberok",Ružomberok,Klačno
JuI6MQ6tc2T,"2-room apartment",unrenovated,3207.29,"okres Liptovský Mikuláš","Liptovský Mikuláš","Liptovská Mara - Tatralandia"
JuZdOmvD2ic,"4-room apartment","under construction",2892.94,"okres Kysucké Nové Mesto","Kysucké Nové Mesto",Kamence
JuQG3Tg2HJV,"holiday apartment","new construction",6900.00,"okres Liptovský Mikuláš","Demänovská Dolina","Demänovská Dolina"
JuT7xzp7Ax-,"2-room apartment","fully renovated",2313.88,"okres Martin",Martin,Stred
JuCgojI4KWH,"3-room apartment",unrenovated,1824.32,"okres Čadca",Čadca,Žarec
JukjSccuSX6,"2-room apartment","fully renovated",NULL,"okres Martin",Vrútky,NULL
JuvuB2q_3M4,"holiday apartment","under construction",9662.18,"okres Liptovský Mikuláš","Demänovská Dolina","Demänovská Dolina"
Jum788VaVl8,"1-room apartment","new construction",4148.48,"okres Žilina",Žilina,"Staré mesto"
JuguMiG6Pot,"other apartment type","new construction",NULL,"okres Žilina",Rajec,Rajec
JunSqXxyUya,"1-room apartment","new construction",4148.48,"okres Žilina",Žilina,"Staré mesto"
Juzl0Ycup_I,"holiday apartment","fully renovated",5339.29,"okres Martin",Martin,"Martinské hole"
JuMrpN3u-gh,"2-room apartment","under construction",3547.72,"okres Žilina",Žilina,Hájik
Ju-seNslb4u,"2-room apartment","partially renovated",1818.18,"okres Martin",Martin,Priekopa
JuddoVYZYie,"1-room apartment","new construction",2780.22,"okres Ružomberok","Liptovská Teplá","Liptovská Teplá"
Ju4lN_U1N_8,"3-room apartment","new construction",2610.51,"okres Liptovský Mikuláš","Liptovský Mikuláš",Stošice
JuNQHesGhEl,"3-room apartment","under construction",2860.64,"okres Kysucké Nové Mesto","Kysucké Nové Mesto",Kamence
Juv6SZd0pv9,"3-room apartment","fully renovated",NULL,"okres Martin",Vrútky,NULL
Ju01CyxoHbS,"holiday apartment","development project",4901.20,"okres Žilina",Terchová,Terchová
JuQxdKNuhGj,"3-room apartment","partially renovated",2117.53,"okres Žilina",Žilina,"Staré mesto"
JuMc4nt1NbY,maisonette,"new construction",2152.66,"okres Liptovský Mikuláš","Liptovský Hrádok",Celiny
Ju4N6fIAndO,"3-room apartment","new construction",2454.41,"okres Liptovský Mikuláš","Liptovský Mikuláš","Liptovská Ondrašová"
JuiNHN3K-2n,"2-room apartment","fully renovated",1835.43,"okres Čadca",Staškov,Staškov
JucceUznreI,"2-room apartment","partially renovated",2327.75,"okres Liptovský Mikuláš","Liptovský Mikuláš","Staré mesto"
JuCJs2os-i-x,"1-room apartment","new construction",3166.02,"okres Martin",Martin,Stred
Ju3z3M9TPDa,"2-room apartment","new construction",3019.23,"okres Žilina",Žilina,Závodie
JuDxBcaveH8,"3-room apartment",unrenovated,1763.53,"okres Martin",Vrútky,"Horné Vrútky"
Ju_5trjiiyY,"2-room apartment","partially renovated",3326.53,"okres Žilina",Žilina,Solinky
Juo9yc6U_zm,"3-room apartment","partially renovated",2231.88,"okres Kysucké Nové Mesto","Kysucké Nové Mesto",Stred
JueZYUzuLYA,"1-room apartment","fully renovated",4300.00,"okres Ružomberok",Bešeňová,Bešeňová
Juqo1hWp_Zj,"3-room apartment","partially renovated",NULL,"okres Martin",Martin,Stred
JueVCjlarhT,"3-room apartment",unrenovated,NULL,"okres Tvrdošín",Nižná,Nižná
JuX7LFsuKfI,"2-room apartment","partially renovated",2235.85,"okres Kysucké Nové Mesto","Kysucké Nové Mesto",Nábrežie
Ju2PTXS03nR,"3-room apartment","partially renovated",1767.12,"okres Bytča","Veľké Rovné","Veľké Rovné"
Ju1Fw0u3Cah,"3-room apartment",unrenovated,2042.25,"okres Liptovský Mikuláš","Liptovský Mikuláš","Vrbica - Nábrežie"
JuckFfec6yi,"3-room apartment","fully renovated",1981.35,"okres Ružomberok",Ružomberok,"Staré mesto"
JuiYPO6c35-,"4-room apartment","partially renovated",NULL,"okres Martin",Martin,Stráne
Jup8gJ48Fqt,"2-room apartment","new construction",4489.50,"okres Žilina",Žilina,"Staré mesto"
Jub6sy4N9gp,"2-room apartment","under construction",4293.88,"okres Liptovský Mikuláš","Liptovský Mikuláš","Staré mesto"
Ju28AQVsAqz,"3-room apartment","partially renovated",NULL,"okres Ružomberok",Ružomberok,Baničné
JuuVvHxxC-m,"3-room apartment","partially renovated",2150.00,"okres Liptovský Mikuláš","Liptovský Mikuláš",Podbreziny
Jumr_ISbK0Z,"3-room apartment","under construction",3344.87,"okres Žilina",Žilina,Hájik
JuxXBGk_4Zo,"1-room apartment","partially renovated",NULL,"okres Čadca",Turzovka,Stred
JudTaFLI7V1,"1-room apartment","fully renovated",3152.54,"okres Martin",Martin,Stred
JulUy_Gy-T7,"1-room apartment","fully renovated",2284.76,"okres Liptovský Mikuláš","Liptovský Mikuláš","Staré mesto"
JuTgtQtwGXl,"2-room apartment","fully renovated",2431.67,"okres Martin",Martin,Sever
JuAoUEm3GbZ,"3-room apartment",unrenovated,1486.49,"okres Martin",Martin,Ľadoveň
JuZFiZ0fwgL,"2-room apartment","fully renovated",2944.44,"okres Dolný Kubín","Dolný Kubín","Veľký Bysterec"
JuH6sKr2JgO,"holiday apartment","new construction",3892.86,"okres Liptovský Mikuláš","Demänovská Dolina","Demänovská Dolina"
Ju34-Gac91u,"2-room apartment","fully renovated",4907.96,"okres Liptovský Mikuláš","Demänovská Dolina","Demänovská Dolina"
Ju7lDmg4T0n,"holiday apartment","new construction",NULL,"okres Liptovský Mikuláš","Liptovský Mikuláš","Liptovská Ondrašová"
JuR7qWw7H0C,"3-room apartment","fully renovated",4200.00,"okres Liptovský Mikuláš","Liptovský Mikuláš","Staré mesto"
Ju6FesX3XoQ,"3-room apartment",unrenovated,1523.08,"okres Martin",Turany,Turany
JuTBls071FE,"holiday apartment","new construction",3815.79,"okres Martin",Valča,Valča
JukANoj_iFm,"1-room apartment","fully renovated",NULL,"okres Liptovský Mikuláš","Demänovská Dolina","Demänovská Dolina"
Juj0AUCC2FC,"3-room apartment","new construction",6090.91,"okres Liptovský Mikuláš","Demänovská Dolina","Demänovská Dolina"
Juh1ylk55iy,"1-room apartment","under construction",NULL,"okres Liptovský Mikuláš","Liptovský Mikuláš","Liptovská Mara - Tatralandia"
JupjDJ9XYhE,"holiday apartment","fully renovated",3804.12,"okres Ružomberok",Bešeňová,Bešeňová
JuN-Pnp6KBM,"3-room apartment",unrenovated,1613.85,"okres Čadca",Turzovka,Stred
JuPcc0iMceY,"holiday apartment","new construction",3330.77,"okres Ružomberok",Ružomberok,Hrabovo
JudyIRiA8kq,"holiday apartment","new construction",6730.77,"okres Liptovský Mikuláš","Demänovská Dolina","Demänovská Dolina"
JuUZC8aojHf,"4-room apartment","new construction",NULL,"okres Turčianske Teplice","Turčianske Teplice",Stred
JuMZVzeIVRp,"holiday apartment","fully renovated",3547.60,"okres Ružomberok",Ružomberok,Hrabovo
Ju892FRo72v,"4-room apartment","fully renovated",4734.43,"okres Žilina",Žilina,"Staré mesto"
JuODe5tlbwG,"4-room apartment","partially renovated",2244.90,"okres Martin",Martin,Priekopa
JulQn0N46Be,"2-room apartment","development project",4916.70,"okres Žilina",Žilina,Bôrik
Ju1BpgSKaaX,"2-room apartment","partially renovated",1960.16,"okres Čadca",Čadca,Žarec
JuVTyDRO6Fo,"4-room apartment","fully renovated",2000.00,"okres Ružomberok",Ružomberok,Klačno
JueuOSIj-04,"3-room apartment","partially renovated",NULL,"okres Martin",Vrútky,"Horné Vrútky"
JutPVr1bWDy,"3-room apartment","partially renovated",1630.56,"okres Liptovský Mikuláš",Pribylina,Pribylina
JuuAb4gfi_M,"holiday apartment","partially renovated",2888.89,"okres Tvrdošín","Suchá Hora","Suchá Hora"
Ju90gNOpUS1,"3-room apartment","under construction",2692.80,"okres Martin",Martin,Jahodníky
Ju1vHkMA9-i,"3-room apartment","new construction",2716.30,"okres Dolný Kubín","Dolný Kubín",Stred
Ju-a60L4yJH,"2-room apartment","new construction",4278.07,"okres Dolný Kubín","Dolný Kubín",Brezovec
JuWACwgZ0JW,"3-room apartment","partially renovated",1784.52,"okres Bytča","Veľké Rovné","Veľké Rovné"
JuhldTbf0YC,"3-room apartment","under construction",2272.06,"okres Martin",Sučany,Sučany
Ju-zlCEP8xA,"holiday apartment","new construction",7521.74,"okres Liptovský Mikuláš","Demänovská Dolina","Demänovská Dolina"
JuyMZex0bdp,"2-room apartment","new construction",4464.29,"okres Žilina",Žilina,Bôrik
Jux3XqE2ppP,"holiday apartment","new construction",6910.14,"okres Liptovský Mikuláš","Demänovská Dolina","Demänovská Dolina"
JuCx6JHdbha,"2-room apartment","new construction",3336.92,"okres Žilina",Žilina,Vlčince
Jul4B6HJsMz,"holiday apartment","new construction",2791.18,"okres Ružomberok",Bešeňová,Bešeňová
JuITiNm8gMP,"2-room apartment","new construction",2796.88,"okres Martin",Martin,Stred
JuZyhdrORR4,"2-room apartment","under construction",2690.44,"okres Martin",Martin,Jahodníky
Jun_e5pu1kO,"3-room apartment","new construction",2928.24,"okres Žilina",Žilina,Vlčince
JuD2CR5HuKc,"1-room apartment","fully renovated",1540.00,"okres Ružomberok",Ružomberok,Rybárpole
Ju4j49rCz8N,"3-room apartment","partially renovated",NULL,"okres Ružomberok",Ružomberok,"Staré mesto"
Ju5mXWZ29s_,"2-room apartment","fully renovated",1756.01,"okres Ružomberok",Ružomberok,"Staré mesto"
Jurvv0ZHBuR,"1-room apartment","new construction",NULL,"okres Žilina",Žilina,Vlčince
JuAxXn7nLOP,"2-room apartment","new construction",1240.83,"okres Žilina",Žilina,Bôrik
JuHpUtcCNg-,"3-room apartment","new construction",NULL,"okres Martin",Martin,Ľadoveň
JuQIDFd_kHU,"holiday apartment","development project",4989.12,"okres Žilina",Terchová,Terchová
JudmgOWhHLZ1,"2-room apartment","fully renovated",1790.64,"okres Čadca",Staškov,Staškov
Ju0hF7AM_5h,"3-room apartment","partially renovated",2213.85,"okres Čadca",Čadca,Kyčerka
JuEeA2GuHj3,"3-room apartment","partially renovated",1387.46,"okres Ružomberok",Ružomberok,Roveň
JuDDQHUehhw,"1-room apartment","partially renovated",2113.46,"okres Turčianske Teplice","Turčianske Teplice",Stred
Ju0xJVhINu5,"2-room apartment","partially renovated",NULL,"okres Čadca",Turzovka,Stred
JuTiMVE781u,"3-room apartment","partially renovated",NULL,"okres Ružomberok","Liptovská Osada","Liptovská Osada"
JuV9QF4vC1L,"3-room apartment","partially renovated",2246.38,"okres Martin",Martin,Stred
JumNtvscU-s,"holiday apartment","new construction",6910.14,"okres Liptovský Mikuláš","Demänovská Dolina","Demänovská Dolina"
JuSTl0QkI_h,"holiday apartment","partially renovated",2338.24,"okres Ružomberok",Ružomberok,Hrabovo
JuJZPVcldrZ,"4-room apartment","new construction",3143.08,"okres Žilina",Žilina,Vlčince
JuSSppam0PC,"1-room apartment","new construction",3949.04,"okres Liptovský Mikuláš","Liptovský Mikuláš","Staré mesto"
JucYBy-FPZ5,"2-room apartment","new construction",3418.15,"okres Žilina",Žilina,Vlčince
JuTc88Wux9w,"2-room apartment","fully renovated",2017.86,"okres Ružomberok",Ružomberok,Polík
Ju-cD3Eglt7,"2-room apartment","under construction",2354.82,"okres Liptovský Mikuláš",Východná,Východná
Jua8nBfq4pP,"4-room apartment","fully renovated",2065.93,"okres Žilina",Strečno,Strečno
Ju5Yoj_C-t-,"2-room apartment","new construction",2946.43,"okres Martin",Martin,Stred
Ju0FWK0oDmX,"1-room apartment","under construction",3931.19,"okres Žilina",Žilina,Hájik
JucrRlUBTDv,"3-room apartment","fully renovated",NULL,"okres Čadca","Krásno nad Kysucou",NULL
JuXll0okDmg,"2-room apartment","new construction",4653.85,"okres Žilina",Žilina,Bôrik
Ju8oShU9enl,"4-room apartment","partially renovated",1903.57,"okres Bytča",Bytča,"Veľká Bytča"
JuOobPaFHGD,"2-room apartment","new construction",NULL,"okres Žilina",Kunerad,Kunerad
Ju6hdfe5kDA,"holiday apartment","under construction",10451.26,"okres Liptovský Mikuláš","Demänovská Dolina","Demänovská Dolina"
JukheJ1B1aD,"2-room apartment","new construction",5986.84,"okres Liptovský Mikuláš","Demänovská Dolina","Demänovská Dolina"
JuXvJNkXrX-,"holiday apartment","new construction",4291.85,"okres Liptovský Mikuláš","Demänovská Dolina","Demänovská Dolina"
JuARmayf-nL,"2-room apartment","partially renovated",NULL,"okres Žilina",Žilina,Hliny
JueWH91Qt062,"holiday apartment","new construction",3093.75,"okres Ružomberok",Ružomberok,Hrabovo
JuaBQ-omPcs,"studio apartment",unrenovated,3080.00,"okres Martin",Martin,Sever
JuKfjwtr3uv,"3-room apartment","fully renovated",NULL,"okres Dolný Kubín",Leštiny,Leštiny
JuBgCxlwRO1,"3-room apartment",unrenovated,2397.44,"okres Kysucké Nové Mesto","Kysucké Nové Mesto",Kamence
Juq8SVDOmLX,"2-room apartment","partially renovated",3208.33,"okres Žilina",Žilina,Solinky
Ju8f4W9RYX2,"holiday apartment","new construction",5634.15,"okres Liptovský Mikuláš","Demänovská Dolina","Demänovská Dolina"
JuUrbdc3pDN,"2-room apartment","new construction",2413.75,"okres Liptovský Mikuláš","Liptovský Hrádok",Celiny
JucfuBBHTMn,"1-room apartment","fully renovated",2277.78,"okres Liptovský Mikuláš","Liptovský Mikuláš","Staré mesto"
JuDyAq3LxaR,"2-room apartment",unrenovated,2053.57,"okres Kysucké Nové Mesto","Kysucké Nové Mesto",Sídlisko
JuPoZE57z5D,"4-room apartment","fully renovated",2430.89,"okres Žilina",Žilina,Vlčince
JuQ010q_mPp,"studio apartment","fully renovated",4719.60,"okres Žilina",Žilina,Hliny
Ju2W2fwASSP,"3-room apartment","new construction",3049.48,"okres Dolný Kubín","Dolný Kubín",Brezovec
Jun4cFPr-JJ,"2-room apartment","new construction",3212.07,"okres Žilina",Žilina,Závodie
JuU41-eIe2m,"4-room apartment","under construction",2905.85,"okres Kysucké Nové Mesto","Kysucké Nové Mesto",Kamence
JuC7FB5n3i0,"1-room apartment","new construction",2918.75,"okres Tvrdošín",Trstená,Trstená
JuL2CqQ6bTm,"2-room apartment","partially renovated",1617.27,"okres Čadca",Turzovka,Stred
JudWcaYczoj,"studio apartment",unrenovated,2952.76,"okres Liptovský Mikuláš","Liptovský Mikuláš","Staré mesto"
JuTaGlgOIm6,"4-room apartment","new construction",NULL,"okres Liptovský Mikuláš","Demänovská Dolina","Demänovská Dolina"
JuF5BDGmyHN,"2-room apartment","under construction",2693.36,"okres Martin",Martin,Jahodníky
Ju-q6Oh2szF,"3-room apartment","new construction",2491.67,"okres Kysucké Nové Mesto","Kysucké Nové Mesto",Sídlisko
Ju4T4al4Vz1,"2-room apartment","under construction",2704.71,"okres Martin",Martin,Jahodníky
JuU5AQijDSV,"2-room apartment","new construction",3937.73,"okres Liptovský Mikuláš","Liptovský Mikuláš","Staré mesto"
JuMBGx19jQm,"2-room apartment","fully renovated",2727.09,"okres Martin",Martin,Stred
JuhxKlECA3G,"4-room apartment","under construction",2677.02,"okres Ružomberok",Ružomberok,Roveň
Ju9BdsvYTHj,"4-room apartment","development project",5654.99,"okres Žilina",Žilina,"Staré mesto"
Ju6Co8ebtz8,"4-room apartment","new construction",2557.25,"okres Žilina",Žilina,Hájik
Ju0fvkzNIT_,"3-room apartment","partially renovated",1792.45,"okres Liptovský Mikuláš","Liptovský Mikuláš","Staré mesto"
Ju4lV1--VGV,"3-room apartment","fully renovated",3361.88,"okres Žilina",Žilina,"Staré mesto"
JuuN3hIqf_p,"2-room apartment",unrenovated,2049.18,"okres Liptovský Mikuláš","Liptovský Mikuláš",Podbreziny
Jug3tmEab8dn,"3-room apartment","fully renovated",2261.54,"okres Liptovský Mikuláš","Liptovský Mikuláš",Podbreziny
Ju0wXtJ_miO,"3-room apartment","new construction",4024.39,"okres Liptovský Mikuláš","Liptovský Mikuláš","Liptovská Mara - Tatralandia"
JuGN2-1NoX2,"2-room apartment","new construction",4056.31,"okres Žilina",Žilina,Vlčince
Ju_mj9AejcW,"3-room apartment","partially renovated",NULL,"okres Martin",Martin,Priekopa
Jul4sW3x805,"other apartment type",unrenovated,726.74,"okres Žilina",Žilina,"Staré mesto"
Ju-1tp0yEDG,"3-room apartment","partially renovated",1527.78,"okres Martin",Martin,Stred
JuDeBuW3pN0,"3-room apartment","new construction",2669.46,"okres Martin",Martin,Jahodníky
JuDjC6lbUrb,"2-room apartment","development project",2740.92,"okres Ružomberok",Ružomberok,Baničné
JukiyEnJ5hw,"4-room apartment","fully renovated",1956.52,"okres Žilina",Žilina,Hliny
Ju35wiOj2hS,"3-room apartment","new construction",2872.24,"okres Žilina",Žilina,Vlčince
JuIYGEaJFQ7,"2-room apartment","new construction",4500.00,"okres Liptovský Mikuláš","Demänovská Dolina","Demänovská Dolina"
JuK5fZIIPNG,"3-room apartment",unrenovated,2875.00,"okres Dolný Kubín","Dolný Kubín",Brezovec
JuFG7fBeyGR,"3-room apartment","fully renovated",NULL,"okres Martin",Martin,Ľadoveň
JuKfm2wXtCP,"2-room apartment","new construction",4050.00,"okres Žilina","Rajecké Teplice","Rajecké Teplice"
JufWdbgp6A3,"3-room apartment","new construction",1960.78,"okres Martin",Martin,Stred
Ju5fikmM7T5,"3-room apartment","fully renovated",NULL,"okres Liptovský Mikuláš","Liptovský Mikuláš","Staré mesto"
JuGV5aus1Gq,"3-room apartment",unrenovated,1943.06,"okres Kysucké Nové Mesto","Kysucké Nové Mesto",Kamence
JuTVD1EJqzO,"2-room apartment","under construction",2909.63,"okres Martin",Martin,Záturčie
JuH7sCfx0Xw,"2-room apartment","fully renovated",1803.71,"okres Čadca",Staškov,Staškov
Jux9NoUYkfu,"3-room apartment","development project",1951.25,"okres Ružomberok",Ružomberok,Baničné
JuEE_KosY1x,"2-room apartment","new construction",2732.56,"okres Žilina",Žilina,"Staré mesto"
JuYp1Zctty0,"2-room apartment","partially renovated",1875.00,"okres Martin",Turany,Turany
Juwpt8fo8iw,"3-room apartment",unrenovated,2062.50,"okres Martin",Martin,Sever
Jut7vhqlQ5I,"2-room apartment",unrenovated,1928.07,"okres Martin",Lipovec,Lipovec
JubDyUATEXA,"4-room apartment","partially renovated",NULL,"okres Martin",Martin,Priekopa
JuqdVslmKGx,"2-room apartment","under construction",2727.27,"okres Martin",Martin,Sever
Ju1AWDIaxaK,"3-room apartment","under construction",NULL,"okres Ružomberok",Ružomberok,Roveň
JuFQj_B37XO,"2-room apartment","partially renovated",3222.22,"okres Žilina",Žilina,"Staré mesto"
JuRxO-wu66d,"4-room apartment","fully renovated",2500.00,"okres Žilina",Žilina,Vlčince
Juq924pqMXb,"3-room apartment","partially renovated",1685.20,"okres Žilina","Horný Hričov","Horný Hričov"
JuEVkw9ddDA,"3-room apartment","partially renovated",1820.32,"okres Martin",Martin,Stred
JumX8n0CV3C,"1-room apartment","under construction",3611.20,"okres Žilina",Žilina,Hájik
JuHfT6EkWLg,"2-room apartment","fully renovated",3737.83,"okres Liptovský Mikuláš","Liptovský Mikuláš","Vrbica - Nábrežie"
JucNvh6xi3X,"4-room apartment","development project",3802.29,"okres Žilina",Žilina,"Staré mesto"
Jujveqa78vA,"3-room apartment","fully renovated",2410.26,"okres Žilina",Žilina,"Staré mesto"
JuSTaf-asxr,"3-room apartment",unrenovated,2129.51,"okres Liptovský Mikuláš","Liptovský Hrádok",Prekážka
JujKiw_LZU1,"3-room apartment",unrenovated,1535.48,"okres Kysucké Nové Mesto","Horný Vadičov","Horný Vadičov"
JueIY5hIK7c,"3-room apartment","new construction",3631.29,"okres Žilina",Žilina,Vlčince
JubxOFYENrS,"holiday apartment","new construction",2738.52,"okres Liptovský Mikuláš",Smrečany,Smrečany
Julrxc4m4jW,"2-room apartment","fully renovated",3539.80,"okres Žilina",Žilina,Solinky
Jugmk_Ze8Rz,"3-room apartment","fully renovated",2386.67,"okres Liptovský Mikuláš","Liptovský Mikuláš","Vrbica - Nábrežie"
Ju3RyhBnxqn,"3-room apartment","new construction",6428.57,"okres Liptovský Mikuláš","Demänovská Dolina","Demänovská Dolina"
Ju7JTdVZY88,"4-room apartment","under construction",2892.94,"okres Kysucké Nové Mesto","Kysucké Nové Mesto",Kamence
Juacbmz9XNp,"2-room apartment","fully renovated",1925.93,"okres Ružomberok",Ružomberok,Roveň
JuWeCQ_05jp,"holiday apartment","new construction",NULL,"okres Liptovský Mikuláš","Demänovská Dolina","Demänovská Dolina"
Ju7dMBplPsC,"2-room apartment","under construction",3120.96,"okres Kysucké Nové Mesto","Kysucké Nové Mesto",Kamence
JuEJsd-IFWc,"2-room apartment","under construction",3934.15,"okres Liptovský Mikuláš","Liptovský Mikuláš","Staré mesto"
Jus-41FaUT-,"2-room apartment","fully renovated",2768.75,"okres Žilina",Žilina,"Staré mesto"
Jugd0CIH9AR,"3-room apartment","new construction",NULL,"okres Žilina",Žilina,Hliny
JuULfuWRHXy,"2-room apartment",unrenovated,1270.27,"okres Martin",Turany,Turany
JuG0SlTwzlu,"4-room apartment","new construction",NULL,"okres Žilina",Žilina,Hliny
JuzhJPXxvIr,"2-room apartment","new construction",NULL,"okres Martin",Martin,Tomčany
Ju3GPN81c0G6,"5+ room apartment",unrenovated,1611.11,"okres Žilina",Žilina,"Staré mesto"
JupEyEEjkVM,"3-room apartment","fully renovated",2549.28,"okres Žilina",Žilina,Vlčince
Juo3yMu_z5E,"5+ room apartment",unrenovated,1407.14,"okres Martin",Martin,Stred
JueaMJQ3i3k,"3-room apartment","partially renovated",2149.10,"okres Tvrdošín",Tvrdošín,Medvedzie
JukApNg-M8K,"3-room apartment","fully renovated",3674.58,"okres Žilina",Žilina,"Malá Praha"
Ju9y0Y4mbAj,"3-room apartment","fully renovated",NULL,"okres Martin",Vrútky,"Horné Vrútky"
JuLuLPY-Qsq,"2-room apartment","new construction",2309.43,"okres Martin",Martin,Stred
JuMLTI5Qk7o,"holiday apartment","new construction",3180.56,"okres Liptovský Mikuláš","Demänovská Dolina","Demänovská Dolina"
JuRdtZI3MuC,"2-room apartment","new construction",NULL,"okres Liptovský Mikuláš",Ľubeľa,Ľubeľa
Ju5ImCNB76o,"4-room apartment","partially renovated",1923.06,"okres Kysucké Nové Mesto","Kysucké Nové Mesto",Kamence
Juxpt8YRG2_,"3-room apartment","partially renovated",1854.40,"okres Ružomberok",Ružomberok,Baničné
Ju4y_fscQPu,"3-room apartment","fully renovated",1645.88,"okres Martin",Vrútky,"Horné Vrútky"
Juso4TLY6UW,"2-room apartment","fully renovated",2400.00,"okres Martin",Martin,Košúty
JukGyJ3rkzi,"3-room apartment","partially renovated",NULL,"okres Čadca",Čadca,Kyčerka
JueH_k99MSI,"3-room apartment","partially renovated",NULL,"okres Liptovský Mikuláš","Liptovský Mikuláš","Staré mesto"
JuVD_m1Cal89,"2-room apartment","partially renovated",NULL,"okres Dolný Kubín",Istebné,Istebné
Juh1ajbcNdb,"3-room apartment",unrenovated,1801.47,"okres Martin",Martin,Ľadoveň
JulVwlSvctK,"2-room apartment","new construction",4000.00,"okres Liptovský Mikuláš","Liptovský Mikuláš","Liptovská Mara - Tatralandia"
JuSBcLlOavm,"2-room apartment","new construction",3599.98,"okres Žilina",Žilina,Hájik
JufTJtipeK4,"3-room apartment","fully renovated",2510.77,"okres Martin",Martin,Ľadoveň
JuauRurLCyp,"2-room apartment","partially renovated",2924.49,"okres Žilina",Žilina,Hájik
Ju3sbzAOfWW,"4-room apartment","partially renovated",1666.54,"okres Bytča","Veľké Rovné","Veľké Rovné"
Ju9DwSC6oJu,"2-room apartment","fully renovated",2142.86,"okres Ružomberok",Ružomberok,Polík
Ju1eGXbZzUb,"3-room apartment",unrenovated,2498.33,"okres Žilina",Žilina,Vlčince
JuU7r63X4wA,"3-room apartment","fully renovated",2427.14,"okres Liptovský Mikuláš","Liptovský Mikuláš",Podbreziny
JuwIRVaQL-Z,"2-room apartment","new construction",3878.26,"okres Žilina",Fačkov,Fačkov
JuZIrRq5Yby,"4-room apartment",unrenovated,1752.94,"okres Tvrdošín",Trstená,Trstená
Juzc7VOLXGcb,"3-room apartment","fully renovated",NULL,"okres Čadca",Raková,Raková
Juh069sIM8t,"4-room apartment","new construction",2386.97,"okres Žilina",Žilina,Závodie
JuHNiSC8Wtj,"holiday apartment","new construction",3878.05,"okres Liptovský Mikuláš","Demänovská Dolina","Demänovská Dolina"
JuMvD_EgmbK,"3-room apartment","fully renovated",4150.00,"okres Žilina",Žilina,Hliny
Ju6MXg-E6En,"1-room apartment","new construction",3145.39,"okres Martin",Martin,Podháj
JukVrVsK1ht,"3-room apartment","new construction",2932.00,"okres Žilina",Žilina,Hájik
Jufdn1ln-Ke,"2-room apartment","partially renovated",3076.77,"okres Liptovský Mikuláš","Liptovský Mikuláš",NULL
JuzAfAnhSmB,"4-room apartment","partially renovated",1451.61,"okres Martin",Martin,Priekopa
JuIlrGNiow6,"3-room apartment","new construction",2625.00,"okres Liptovský Mikuláš","Liptovská Sielnica","Liptovská Sielnica"
JuIpF-cJ7Wj,"2-room apartment","fully renovated",NULL,"okres Žilina",Žilina,"Staré mesto"
Ju0lQAOkvtE,"1-room apartment","new construction",4023.68,"okres Žilina",Žilina,"Staré mesto"
Ju7XXF2jsra,"3-room apartment","new construction",3621.21,"okres Žilina",Žilina,Vlčince
JuqDc5JA0z2,"4-room apartment","fully renovated",2383.23,"okres Dolný Kubín","Dolný Kubín",Brezovec
Ju3mlopyrCW,"2-room apartment","new construction",NULL,"okres Turčianske Teplice","Turčianske Teplice",Stred
JuW-h1lHUAf,"2-room apartment","under construction",5686.84,"okres Liptovský Mikuláš","Liptovský Mikuláš","Staré mesto"
JuuIsQ7Faa3,"3-room apartment","new construction",2500.00,"okres Žilina",Žilina,"Staré mesto"
JucaEIsV4JC,"3-room apartment","new construction",3017.54,"okres Žilina",Mojš,Mojš
Ju3Edwy5E9k,"4-room apartment","fully renovated",2663.37,"okres Žilina",Žilina,"Staré mesto"
JuOF4HNBZNF,"3-room apartment","partially renovated",1666.53,"okres Ružomberok",Ľubochňa,Ľubochňa
Jubt5q54oGG,"2-room apartment",unrenovated,6882.49,"okres Liptovský Mikuláš","Demänovská Dolina","Demänovská Dolina"
Ju-rzMotwKF,"1-room apartment","new construction",3166.67,"okres Liptovský Mikuláš","Liptovský Mikuláš","Liptovská Mara - Tatralandia"
JuxMPXZzAel,"2-room apartment","partially renovated",2126.38,"okres Čadca",Čadca,Žarec
JuEHAn3LwGR,"2-room apartment","fully renovated",2314.29,"okres Dolný Kubín","Dolný Kubín",Stred
Ju_TGzIFNk3,"holiday apartment","new construction",NULL,"okres Liptovský Mikuláš","Liptovský Mikuláš",Demänová
Ju-lRWjvao3,"2-room apartment","partially renovated",2862.07,"okres Liptovský Mikuláš","Liptovský Mikuláš","Staré mesto"
JunWCB0DrwG,"3-room apartment",unrenovated,1822.58,"okres Čadca",Čadca,"Sídlisko 3"
JuxyNbJ2-r9,"holiday apartment","partially renovated",2676.06,"okres Ružomberok",Ružomberok,Hrabovo
JuUW30jCiXY,"3-room apartment","fully renovated",2364.86,"okres Liptovský Mikuláš","Liptovský Mikuláš",Podbreziny
JuKqTd0J1IQ,"2-room apartment","new construction",2650.00,"okres Liptovský Mikuláš","Liptovský Mikuláš","Staré mesto"
Juz-nuV7qfY,"4-room apartment","new construction",2761.59,"okres Žilina",Žilina,Vlčince
Juvr_afUfgc,"4-room apartment","fully renovated",269.23,"okres Žilina",Žilina,"Staré mesto"
JuSB5VX7uLX,"3-room apartment","new construction",2934.94,"okres Dolný Kubín","Dolný Kubín",NULL
JuA0NKQExXq,"3-room apartment",unrenovated,2119.70,"okres Žilina",Žilina,Hliny
Ju_JHpt6_hD,"studio apartment","new construction",4239.95,"okres Liptovský Mikuláš","Demänovská Dolina","Demänovská Dolina"
Juo05IpENrn,"3-room apartment","new construction",6527.78,"okres Liptovský Mikuláš","Liptovský Mikuláš",Demänová
JuZG0VM_IM4,"3-room apartment","partially renovated",1690.13,"okres Bytča",Štiavnik,Štiavnik
JuYEF2k-qam,"3-room apartment",unrenovated,2085.71,"okres Liptovský Mikuláš","Liptovský Mikuláš","Vrbica - Nábrežie"
JuLJzHZSfxX,"2-room apartment",unrenovated,1757.14,"okres Martin",Martin,Sever
JuSt-eGDLO6,"studio apartment","partially renovated",1003.71,"okres Ružomberok",Ružomberok,"Staré mesto"
JuaEFYi_BYt,"2-room apartment","new construction",2715.42,"okres Liptovský Mikuláš","Liptovský Mikuláš","Staré mesto"
Ju8vp_eBF_v,"3-room apartment","under construction",2845.34,"okres Kysucké Nové Mesto","Kysucké Nové Mesto",Kamence
JuRTwACBCKF,"3-room apartment","new construction",NULL,"okres Námestovo",Zubrohlava,Zubrohlava
JubsYNuv_gH,"2-room apartment","development project",NULL,"okres Dolný Kubín","Dolný Kubín",Stred
Jubm9fi-mY2v,"2-room apartment","new construction",3502.13,"okres Liptovský Mikuláš","Malé Borové","Malé Borové"
JudLF_FsgcX,"4-room apartment","partially renovated",NULL,"okres Žilina",Žilina,Vlčince
Ju2UJpNwB9y,"2-room apartment","fully renovated",1800.05,"okres Čadca",Staškov,Staškov
JuUmF3RUVmb,"studio apartment",unrenovated,NULL,"okres Martin",Martin,Sever
JudlhMNjWfy,"3-room apartment","new construction",2593.22,"okres Martin",Martin,Záturčie
JuKXKn_6Mq6,"2-room apartment",unrenovated,2920.00,"okres Žilina",Žilina,Solinky
JuFvtb1f76m,"3-room apartment","fully renovated",3041.67,"okres Žilina",Žilina,Vlčince
JufchRWgj96,"1-room apartment","new construction",4023.08,"okres Žilina",Žilina,"Staré mesto"
JuXqaBy1YwX,"2-room apartment","partially renovated",3129.63,"okres Žilina",Žilina,"Staré mesto"
JuMU6JiyoDi,"3-room apartment","fully renovated",2460.32,"okres Žilina",Višňové,Višňové
JuFIplbJnri,"4-room apartment","new construction",1570.42,"okres Čadca",Čadca,Centrum
Ju1cXQ08ziY,"2-room apartment","new construction",2585.71,"okres Dolný Kubín","Dolný Kubín",Brezovec
Ju4Mn0S0K8V,"1-room apartment","new construction",NULL,"okres Martin",Martin,Tomčany
JuyiYLCVsIz,"2-room apartment","partially renovated",NULL,"okres Ružomberok",Ružomberok,Roveň
JupinWd8ZQVD,"2-room apartment","fully renovated",2750.00,"okres Žilina",Žilina,"Staré mesto"
JueZM646cTy,"holiday apartment","new construction",3872.50,"okres Ružomberok",Bešeňová,Bešeňová
JuhmvsftjdY,"3-room apartment","new construction",2745.14,"okres Martin",Martin,Jahodníky
Jub_GkQafv9,"2-room apartment","fully renovated",2355.93,"okres Martin",Martin,Podháj
JuCMuZyrXT9,"3-room apartment","fully renovated",2069.44,"okres Čadca",Čadca,Žarec
JuGtWZEOQoM,"2-room apartment","fully renovated",3000.00,"okres Žilina",Žilina,"Staré mesto"
JursQitkieS,"studio apartment","fully renovated",2241.38,"okres Žilina",Žilina,Bánová
JuhY6PtUUUQ,"4-room apartment","under construction",2892.94,"okres Kysucké Nové Mesto","Kysucké Nové Mesto",Kamence
JuwolRsTXje,"3-room apartment","partially renovated",2261.54,"okres Liptovský Mikuláš","Liptovský Mikuláš",Podbreziny
JulmjMPVf2y,"4-room apartment","fully renovated",2667.42,"okres Martin",Martin,Stred
JuXYI9YrjoJ,"3-room apartment","new construction",3119.67,"okres Žilina",Žilina,Hájik
JumN63g2ReF,"3-room apartment","fully renovated",2500.00,"okres Žilina",Varín,Varín
JuF-0hmTSgb,"holiday apartment","new construction",3971.43,"okres Ružomberok",Bešeňová,Bešeňová
JuiYcneQxM0,"3-room apartment",unrenovated,1788.71,"okres Čadca",Čadca,Kyčerka
JuJrPj7p6LA,"holiday apartment","new construction",5111.11,"okres Liptovský Mikuláš","Pavčina Lehota","Pavčina Lehota"
Ju-S5IE7Y0K,"holiday apartment","under construction",4869.57,"okres Liptovský Mikuláš","Závažná Poruba","Závažná Poruba"
JutAxM54sI9,"2-room apartment","partially renovated",1756.76,"okres Martin",Martin,Sever
JuBT9IU3F1g,"3-room apartment","new construction",3682.75,"okres Žilina",Žilina,"Staré mesto"
Ju-j_zRPy7a,"2-room apartment","new construction",NULL,"okres Martin",Martin,Záturčie
Jub-qUAwi4z,"3-room apartment","fully renovated",2031.25,"okres Martin",Martin,Košúty
JuluCbW3ZHE,"3-room apartment","new construction",3357.08,"okres Žilina",Žilina,Vlčince
JunIK4vBJDk,"4-room apartment","new construction",NULL,"okres Martin",Martin,Tomčany
JuNrqMazgdo,"3-room apartment","fully renovated",NULL,"okres Martin",Martin,Priekopa
Ju9yeRQLBJd,"2-room apartment","new construction",4801.06,"okres Dolný Kubín","Dolný Kubín","Kubínska hoľa"
JujUQv7hvyj,"3-room apartment","fully renovated",1541.56,"okres Žilina","Dlhé Pole","Dlhé Pole"
Ju_noeKeCn0,"holiday apartment","new construction",NULL,"okres Liptovský Mikuláš","Liptovský Mikuláš",Demänová
JuFKoH6piMc,"3-room apartment",unrenovated,1539.15,"okres Ružomberok",Ružomberok,Klačno
JuoCz53ml38,"holiday apartment","new construction",6415.09,"okres Liptovský Mikuláš","Demänovská Dolina","Demänovská Dolina"
Ju6NLOs0FvZ,"3-room apartment",unrenovated,NULL,"okres Martin",Martin,Jahodníky
Ju79Oyn1X3B,"holiday apartment","new construction",NULL,"okres Liptovský Mikuláš","Demänovská Dolina","Demänovská Dolina"
JuQVA2vA49W,"1-room apartment",unrenovated,2633.33,"okres Martin",Vrútky,"Horné Vrútky"
JueA04xvA0H,"3-room apartment","fully renovated",3484.85,"okres Žilina",Žilina,Hliny
JuD4zRss3yP,"3-room apartment","fully renovated",2500.00,"okres Žilina",Žilina,Solinky
JuCYzVbHujF,"3-room apartment","fully renovated",1412.64,"okres Martin",Príbovce,Príbovce
JuGDxnx-MGv,"3-room apartment","partially renovated",NULL,"okres Turčianske Teplice","Turčianske Teplice",Stred
JuuYTb7aXin,"3-room apartment","new construction",2315.07,"okres Liptovský Mikuláš","Liptovský Hrádok",NULL
JuZdV5jCSUO,"3-room apartment","partially renovated",3022.47,"okres Liptovský Mikuláš","Liptovský Hrádok",Dovalovo
JuKVTIO-aDH,"3-room apartment","new construction",NULL,"okres Liptovský Mikuláš","Liptovský Mikuláš","Staré mesto"
JuNgEGp-EQa,"holiday apartment","fully renovated",3438.60,"okres Liptovský Mikuláš","Liptovský Ján","Liptovský Ján"
Judr92_ylzz,"2-room apartment","partially renovated",1915.00,"okres Tvrdošín",Tvrdošín,Medvedzie
JuXHjhU272A,"3-room apartment",unrenovated,2498.44,"okres Žilina",Žilina,Hliny
Ju_ePT-_LMH,"2-room apartment","fully renovated",2111.70,"okres Námestovo",Námestovo,Brehy
JuzuxPMP-Xr,"3-room apartment","new construction",2491.67,"okres Kysucké Nové Mesto","Kysucké Nové Mesto",Sídlisko
JuDXnrUS-p1,"holiday apartment",unrenovated,3450.13,"okres Ružomberok",Ružomberok,Hrabovo
Jux_7MHZ0xE,"1-room apartment","new construction",3325.62,"okres Liptovský Mikuláš","Liptovský Mikuláš",Stošice
JuUTD1Lj0lr,"3-room apartment","fully renovated",2437.50,"okres Žilina",Žilina,"Staré mesto"
JuuvbPIMl4t,"4-room apartment","partially renovated",2297.62,"okres Žilina",Žilina,Solinky
Ju7DJIriKhh,"4-room apartment","fully renovated",1346.61,"okres Kysucké Nové Mesto","Kysucké Nové Mesto",Stred
Ju2ogwd19a4,"3-room apartment","partially renovated",NULL,"okres Martin",Martin,Záturčie
JuVooxZWg4s,"4-room apartment",unrenovated,2031.25,"okres Žilina",Žilina,"Staré mesto"
JuuvunHgeuI,"2-room apartment","partially renovated",2115.37,"okres Tvrdošín",Tvrdošín,Medvedzie
JuhpxD8Q4V6,"3-room apartment","under construction",2756.60,"okres Martin",Martin,Jahodníky
Jun8Wp9H-1m,"3-room apartment","new construction",2495.99,"okres Liptovský Mikuláš","Liptovský Hrádok",Celiny
JuKMOepiUjn,"1-room apartment",unrenovated,2975.00,"okres Žilina",Žilina,Vlčince
JuyIru5Z-bn,"2-room apartment","fully renovated",2227.27,"okres Liptovský Mikuláš","Liptovský Mikuláš","Staré mesto"
JurHWDFucoi,"2-room apartment","new construction",3287.23,"okres Liptovský Mikuláš","Liptovský Mikuláš",Stošice
JuuLiOVYceV,"3-room apartment","fully renovated",NULL,"okres Čadca",Raková,Raková
JuGqA0i3EO8,"3-room apartment","partially renovated",2362.50,"okres Žilina",Žilina,"Staré mesto"
JuFxU-EPo7k,"3-room apartment","partially renovated",1488.10,"okres Liptovský Mikuláš","Liptovská Porúbka","Liptovská Porúbka"
JuJDcaBGFgv,"3-room apartment","new construction",2261.25,"okres Čadca",Čadca,Škrabákovci
Juf3UQk266Q,"1-room apartment","under construction",2892.36,"okres Martin",Sučany,Sučany
JuiUg7kx_Xo,"4-room apartment","under construction",2832.33,"okres Kysucké Nové Mesto","Kysucké Nové Mesto",Kamence
JuX_Y10XQMs,"holiday apartment","new construction",7407.22,"okres Liptovský Mikuláš","Demänovská Dolina","Demänovská Dolina"
JuhdlIDH7jm,"1-room apartment","partially renovated",3559.32,"okres Martin",Martin,Podháj
JuiXegD6ESI,"3-room apartment",unrenovated,NULL,"okres Dolný Kubín","Dolný Kubín","Veľký Bysterec"
Ju-U6VvTf4d,"3-room apartment",unrenovated,1984.62,"okres Martin",Martin,Stred
JuRDmAO0N5y,"2-room apartment","under construction",3267.11,"okres Ružomberok",Ružomberok,Roveň
JuOLPMJrkFk,"3-room apartment","partially renovated",3376.34,"okres Žilina",Žilina,"Staré mesto"
Ju1swh97q_w,"2-room apartment","new construction",3370.97,"okres Liptovský Mikuláš","Liptovský Ján","Liptovský Ján"
JuJjSbvP3y1,"2-room apartment","under construction",3120.96,"okres Kysucké Nové Mesto","Kysucké Nové Mesto",Kamence
JueVg_uFAEX,"3-room apartment","partially renovated",1985.29,"okres Martin",Martin,Záturčie
JubLUnnldKg,"2-room apartment","new construction",2128.57,"okres Martin",Martin,Ľadoveň
JuNlpRocmfd,"3-room apartment","partially renovated",NULL,"okres Martin",Martin,Stred
JujxzbLeFDf,"2-room apartment","new construction",3058.63,"okres Žilina","Rajecké Teplice","Rajecké Teplice"
Jut2p_8fnwk,"3-room apartment","fully renovated",2039.47,"okres Ružomberok",Ružomberok,Klačno
JuZUmgJDVA2,"4-room apartment","new construction",2504.24,"okres Ružomberok",Ružomberok,"Staré mesto"
JuIVoMRmHSz,"1-room apartment","partially renovated",2600.00,"okres Martin",Turany,Turany
Ju7NnD-cxZu,"4-room apartment","partially renovated",NULL,"okres Ružomberok",Ružomberok,Klačno
JuLyRXzb7sF,"holiday apartment","fully renovated",3547.62,"okres Ružomberok",Bešeňová,Bešeňová
JuFzCj_c-LQ,"2-room apartment","fully renovated",NULL,"okres Žilina",Žilina,"Staré mesto"
JuuDv2Zd85o,"3-room apartment","new construction",3737.86,"okres Žilina",Žilina,Bôrik
Ju5JJVitOH3,"3-room apartment","new construction",3118.33,"okres Tvrdošín",Trstená,Trstená
Jue8OEdDtFX,"2-room apartment","development project",2697.92,"okres Ružomberok",Ružomberok,Baničné
JuwJKqBh04b,"2-room apartment","fully renovated",2380.00,"okres Liptovský Mikuláš","Liptovský Mikuláš","Staré mesto"
JuMDiaehTE4,"holiday apartment","new construction",NULL,"okres Liptovský Mikuláš","Demänovská Dolina","Demänovská Dolina"
JuGTmonCdFp,"2-room apartment","fully renovated",2071.24,"okres Liptovský Mikuláš","Liptovský Mikuláš","Staré mesto"
JucNmI_DO7B,"holiday apartment","fully renovated",NULL,"okres Čadca",Oščadnica,Oščadnica
JultM3IWcXG,"2-room apartment","new construction",1468.04,"okres Liptovský Mikuláš","Liptovský Peter","Liptovský Peter"
JuZGQrt1Ff6m,"2-room apartment","fully renovated",2181.82,"okres Liptovský Mikuláš","Liptovský Mikuláš",Iľanovo
Juwy9k5pZPS,"holiday apartment","new construction",3313.64,"okres Martin",Valča,Valča
Jux-AEYjDab,"2-room apartment","fully renovated",3500.00,"okres Žilina",Žilina,Solinky
JuuQ3yxLaqS,"2-room apartment","new construction",2549.88,"okres Ružomberok","Liptovská Teplá","Liptovská Teplá"
JuXUHfW6DDJ,"2-room apartment","partially renovated",2420.00,"okres Liptovský Mikuláš","Liptovský Hrádok",Prekážka
Jup1HeEGFtW,"1-room apartment","new construction",3722.89,"okres Žilina",Žilina,Hájik
JuCX2-0gKW3,"4-room apartment","fully renovated",4101.69,"okres Liptovský Mikuláš","Liptovský Mikuláš",Demänová
JuAtADtbyIN,"3-room apartment","new construction",2884.49,"okres Žilina",Žilina,Budatín
Jux885vgQgO,"holiday apartment","new construction",5250.00,"okres Liptovský Mikuláš","Liptovský Trnovec","Liptovský Trnovec"
JuIZkq9C4-v,"2-room apartment","under construction",NULL,"okres Martin",Martin,Jahodníky
Jus-du7SK4F,"3-room apartment","new construction",3505.97,"okres Žilina",Žilina,Bytčica
JuqmAmZk9jG,"1-room apartment",unrenovated,NULL,"okres Žilina",Žilina,Vlčince
JuJF4572cY0,"2-room apartment","fully renovated",NULL,"okres Martin",Martin,Sever
JufKPFE3Y2M,"2-room apartment",unrenovated,954.29,"okres Ružomberok","Liptovská Lúžna","Liptovská Lúžna"
JuQPXllO6ks,"2-room apartment","new construction",3652.78,"okres Žilina",Žilina,Hájik
JuFnOWI1i1c,"3-room apartment","partially renovated",NULL,"okres Turčianske Teplice",Jazernica,Jazernica
JufGDO__GbO,"4-room apartment","new construction",3629.54,"okres Žilina",Žilina,"Staré mesto"
JuUusk-Q8GE,"2-room apartment","new construction",3718.60,"okres Žilina",Žilina,Bytčica
JuBD3ecZzdA,"2-room apartment","new construction",3312.50,"okres Žilina",Žilina,Závodie
Juga_SyTI4R,"2-room apartment","new construction",3428.57,"okres Liptovský Mikuláš","Liptovský Mikuláš","Liptovská Mara - Tatralandia"
Ju7kGUvVlwS,"3-room apartment",unrenovated,1068.75,"okres Liptovský Mikuláš","Partizánska Ľupča","Partizánska Ľupča"
JuCKdo4C-vu,"3-room apartment","new construction",2951.36,"okres Žilina",Žilina,Vlčince
JuD_7kPVbjf,"3-room apartment","partially renovated",2972.84,"okres Žilina",Žilina,"Staré mesto"
JuxM7Oxk3ZF,"3-room apartment","new construction",NULL,"okres Ružomberok","Liptovská Teplá","Liptovská Teplá"
JujtAMfUep-,"4-room apartment","fully renovated",2213.98,"okres Martin",Martin,Stred
JubYzTZOLz1,"3-room apartment","new construction",2333.33,"okres Žilina","Rajecké Teplice","Rajecké Teplice"
JuhBW328SAS,"3-room apartment","fully renovated",2387.91,"okres Martin",Vrútky,"Horné Vrútky"
JuOr71wM3AE,"2-room apartment","fully renovated",NULL,"okres Martin",Vrútky,"Horné Vrútky"
Juiqajk1kjr,"2-room apartment","new construction",3253.49,"okres Liptovský Mikuláš","Malé Borové","Malé Borové"
JuYWFp89fWK,"3-room apartment","partially renovated",NULL,"okres Martin",Martin,Sever
JuVCZnRxN5m,"4-room apartment","new construction",2187.70,"okres Liptovský Mikuláš","Liptovský Hrádok",Celiny
Ju-cA70OjPb,"2-room apartment","new construction",3428.57,"okres Liptovský Mikuláš","Liptovský Ján","Liptovský Ján"
Junbds6mBD4,"3-room apartment","under construction",2724.65,"okres Martin",Martin,Jahodníky
JuIhf4tExMf,"3-room apartment","partially renovated",1710.14,"okres Martin",Vrútky,"Horné Vrútky"
JuupBH8LvJz,"2-room apartment","new construction",4018.87,"okres Liptovský Mikuláš","Liptovský Mikuláš",Demänová
JuuqMAsXTsE,"2-room apartment","under construction",2627.96,"okres Martin",Sučany,Sučany
JuqDuiRmYdZ,"1-room apartment",unrenovated,NULL,"okres Žilina",Žilina,Vlčince
Ju-fM3SCXjma,"3-room apartment","new construction",4030.92,"okres Liptovský Mikuláš","Liptovský Mikuláš","Staré mesto"
JuRhJZ24FBr,"3-room apartment","partially renovated",1641.03,"okres Ružomberok",Ľubochňa,Ľubochňa
JuH66opZMTi,"3-room apartment","partially renovated",2076.92,"okres Martin",Martin,Sever
Jujvvp196-y,"2-room apartment","partially renovated",2980.77,"okres Žilina",Žilina,"Staré mesto"
JurBk73cOr3,"holiday apartment","new construction",6000.00,"okres Liptovský Mikuláš","Demänovská Dolina","Demänovská Dolina"
Ju42s8vNbRj,"2-room apartment","partially renovated",1901.61,"okres Martin",Vrútky,NULL
Ju1uEl1Mf6f,"holiday apartment",unrenovated,3648.65,"okres Ružomberok",Ružomberok,Hrabovo
JuoeNbuLPVP,"holiday apartment","new construction",3027.16,"okres Liptovský Mikuláš","Liptovský Mikuláš","Staré mesto"
Ju7EPTNZ0Hy,"3-room apartment","partially renovated",1907.14,"okres Martin",Turany,Turany
JuR8QLXp0Yx,"3-room apartment","partially renovated",2013.89,"okres Ružomberok",Ružomberok,Roveň
Ju_cu57wiSa,"1-room apartment",unrenovated,NULL,"okres Martin",Martin,Priekopa
JuQKd8tqljP,"3-room apartment",unrenovated,1500.00,"okres Martin",Martin,Záturčie
JuVihEbzRbP,"holiday apartment","new construction",3787.88,"okres Ružomberok",Ružomberok,Hrabovo
JuKUZKmUiwu,"4-room apartment","under construction",2542.52,"okres Martin",Sučany,Sučany
JunzJsFHg6A,"4-room apartment",unrenovated,1517.01,"okres Čadca",Čadca,Centrum
JuyxsUVgHii,"4-room apartment","fully renovated",2191.01,"okres Dolný Kubín","Dolný Kubín",Brezovec
JuLIL3RkWDn,"3-room apartment","fully renovated",1922.22,"okres Martin",Martin,Priekopa
JuUPsPRqomX,"1-room apartment",unrenovated,2435.90,"okres Námestovo",Námestovo,Brehy
Ju3ft9crnfA,"3-room apartment","fully renovated",2333.33,"okres Dolný Kubín","Dolný Kubín","Veľký Bysterec"
JuUveEvLKHX,"studio apartment","partially renovated",3750.00,"okres Martin",Vrútky,NULL
Ju9HXOkK5Vc,"2-room apartment","new construction",1859.50,"okres Čadca","Krásno nad Kysucou",Kalinov
JuWN3KhPvB7,"2-room apartment","partially renovated",2081.67,"okres Čadca",Čadca,Centrum
JunoLrzCTv8,"3-room apartment","fully renovated",1882.35,"okres Čadca",Raková,Raková
JuxK_a_NiWB,"2-room apartment","fully renovated",2173.91,"okres Ružomberok",Ružomberok,Roveň
JuvOboUvobu,"3-room apartment","new construction",3781.25,"okres Liptovský Mikuláš","Malé Borové","Malé Borové"
Ju5YBv9ykGI,"4-room apartment","under construction",2693.72,"okres Kysucké Nové Mesto","Kysucké Nové Mesto",Kamence
JuUwCeqXqPl,"3-room apartment","new construction",2669.46,"okres Martin",Martin,Jahodníky
JuHMn6qkBSk,"holiday apartment","new construction",3494.62,"okres Liptovský Mikuláš","Demänovská Dolina","Demänovská Dolina"
JuZFqxjae7G,"holiday apartment","new construction",4189.19,"okres Liptovský Mikuláš","Liptovský Mikuláš",Demänová
JueQ0ot5J2r,"3-room apartment","partially renovated",2070.42,"okres Čadca",Čadca,Žarec
Ju-sWIMoFGT,"1-room apartment",unrenovated,NULL,"okres Námestovo",Námestovo,Stred
Ju7yQFu2G0Z,"3-room apartment","fully renovated",2194.03,"okres Martin",Vrútky,"Horné Vrútky"
JudVZxPODEn,"3-room apartment","fully renovated",2685.71,"okres Žilina",Žilina,Solinky
JuNPxF24aaA,"4-room apartment","fully renovated",2388.89,"okres Žilina",Žilina,Vlčince
Juy6Dr8MOeS,"4-room apartment","fully renovated",NULL,"okres Žilina",Žilina,Vlčince
Ju4RLACJEuN,"4-room apartment","fully renovated",3008.34,"okres Žilina",Žilina,Bôrik
JuIQ6bOnZsGz,"3-room apartment","fully renovated",3049.59,"okres Žilina",Žilina,"Staré mesto"
JuIZo2BnWQa,"holiday apartment","new construction",6313.13,"okres Liptovský Mikuláš","Demänovská Dolina","Demänovská Dolina"
JusjmbO9Bnp,"2-room apartment","new construction",3568.70,"okres Žilina",Gbeľany,Gbeľany
Ju3_oCKPJ8H,"3-room apartment","partially renovated",1932.84,"okres Liptovský Mikuláš","Liptovský Peter","Liptovský Peter"
JuhcvPxM513,"4-room apartment","fully renovated",2422.95,"okres Námestovo",Námestovo,NULL
JunH7oZsc9z,"1-room apartment","new construction",3233.98,"okres Žilina",Žilina,Vlčince
JuUknu_3A4k,"2-room apartment","partially renovated",2638.89,"okres Žilina",Žilina,"Staré mesto"
Ju7faBpvibU,"3-room apartment","fully renovated",2312.40,"okres Martin",Martin,Záturčie
JuUS8gVE7MB,"2-room apartment","partially renovated",1945.15,"okres Čadca",Čadca,Žarec
JuS8GjjsXwr,"holiday apartment","fully renovated",3286.32,"okres Martin",Valča,Valča
JuLlR3SdY11,"2-room apartment",unrenovated,974.66,"okres Ružomberok","Liptovská Lúžna","Liptovská Lúžna"
Ju3xvc6aD2Y,"holiday apartment","new construction",3390.37,"okres Liptovský Mikuláš","Liptovský Ján","Liptovský Ján"
Jul8pXByFOl,"3-room apartment","new construction",3472.83,"okres Žilina",Žilina,Vlčince
JuEK28Decyb,"2-room apartment","new construction",3793.18,"okres Žilina",Žilina,"Staré mesto"
JujBEFh3fPq,"3-room apartment",unrenovated,1684.29,"okres Martin",Martin,Priekopa
Jultmw18Gne,"holiday apartment","new construction",3498.45,"okres Liptovský Mikuláš","Demänovská Dolina","Demänovská Dolina"
JuDmcjiRx8S,"4-room apartment","partially renovated",2297.62,"okres Žilina",Žilina,Solinky
Junnm3hR6W5,"2-room apartment","partially renovated",1859.15,"okres Martin",Martin,Priekopa
Jui1Zkf_kg-,"1-room apartment","fully renovated",2796.61,"okres Čadca",Čadca,Centrum
Jun79Tn_Ep0,"3-room apartment","fully renovated",3507.46,"okres Žilina",Žilina,Vlčince
JuR1WqY3g_N,"2-room apartment","fully renovated",2908.91,"okres Žilina",Žilina,Hliny
JuITWn48g9Q,"1-room apartment","new construction",4214.41,"okres Martin","Turčianska Štiavnička","Turčianska Štiavnička"
JuiQqoYVioM,"2-room apartment","under construction",2168.29,"okres Liptovský Mikuláš",Ľubeľa,Ľubeľa
JuE40RXyw1_,"2-room apartment","new construction",3599.80,"okres Žilina",Žilina,Hájik
JuvTw1ebtHj,"2-room apartment","under construction",3120.96,"okres Kysucké Nové Mesto","Kysucké Nové Mesto",Kamence
JuwdgQhbLJx,"3-room apartment","partially renovated",1917.81,"okres Martin",Martin,Košúty
JuYwrDdapt0,"3-room apartment",unrenovated,1955.88,"okres Čadca",Čadca,"U Hluška"
JuQhVUDoHMr,"2-room apartment","fully renovated",2189.66,"okres Martin",Martin,Sever
JuzIKTQ0UvK,"4-room apartment","partially renovated",2022.62,"okres Liptovský Mikuláš","Liptovský Hrádok",Belánska
JuTnsSFnlFI,"3-room apartment","fully renovated",NULL,"okres Martin",Martin,Sever
JuOMOLcEq4z,"3-room apartment","partially renovated",NULL,"okres Čadca",Čadca,Kyčerka
Ju8GQ26KaaT,"2-room apartment","under construction",NULL,"okres Ružomberok",Ružomberok,Roveň
JuCMZI1bT6r,"3-room apartment",unrenovated,2046.00,"okres Martin",Martin,NULL
JuXGzvpMBBm,"2-room apartment","partially renovated",2000.00,"okres Liptovský Mikuláš","Liptovský Mikuláš","Vrbica - Nábrežie"
Ju52lG6Waej,"studio apartment","new construction",4720.00,"okres Žilina",Žilina,Vlčince
JuTQd4u0n33,"2-room apartment","fully renovated",5078.43,"okres Liptovský Mikuláš","Liptovský Mikuláš",Demänová
Juuarx0CWmR,"2-room apartment","new construction",4961.83,"okres Turčianske Teplice","Turčianske Teplice",Stred
Juh7IlKkDn_,"4-room apartment","partially renovated",1495.24,"okres Liptovský Mikuláš","Liptovský Hrádok",Belánska
JujdOeJ69tb,"3-room apartment",unrenovated,1828.95,"okres Martin",Martin,Jahodníky
JuuKYbAy2In,"3-room apartment","partially renovated",1535.14,"okres Martin",Martin,Ľadoveň
JuuQTLwI4_c,"1-room apartment","new construction",4105.41,"okres Žilina",Žilina,"Staré mesto"
JuKXwWNmxYg,"2-room apartment","fully renovated",2741.77,"okres Žilina",Žilina,Hájik
JutKizwTOP3,"3-room apartment","fully renovated",2724.95,"okres Žilina",Žilina,"Staré mesto"
Juki5wHUVn2,"4-room apartment","new construction",2895.29,"okres Liptovský Mikuláš","Liptovský Mikuláš","Liptovská Ondrašová"
Ju_PmXVPtoo,"2-room apartment",unrenovated,2725.45,"okres Žilina",Žilina,Hliny
JuaWfCrgS3s,"4-room apartment","under construction",2742.57,"okres Kysucké Nové Mesto","Kysucké Nové Mesto",Kamence
Ju1cdYuex4G,"3-room apartment","new construction",2910.13,"okres Dolný Kubín","Dolný Kubín",Stred
JuJEoP397IJ,"3-room apartment","new construction",2738.36,"okres Ružomberok","Liptovská Teplá","Liptovská Teplá"
JuCISBa6iwp,"2-room apartment",unrenovated,1735.29,"okres Ružomberok",Ružomberok,Roveň
JuQZcPPu9nd,maisonette,"new construction",NULL,"okres Žilina",Žilina,"Staré mesto"
JuYHImgOHO_,"3-room apartment","under construction",4009.98,"okres Liptovský Mikuláš","Liptovský Mikuláš","Staré mesto"
JuQydtvhuaC,"3-room apartment","fully renovated",2185.71,"okres Tvrdošín",Tvrdošín,Medvedzie
Ju6JFF73eZc,"4-room apartment","partially renovated",NULL,"okres Žilina",Žilina,Hliny
JupURRP8axF,"4-room apartment","new construction",3323.81,"okres Žilina",Žilina,"Staré mesto"
Ju5Pax6FaXd,"2-room apartment",unrenovated,2307.69,"okres Žilina",Žilina,Hliny
Juh13qbi4yL,"2-room apartment","new construction",3183.63,"okres Žilina",Žilina,Hájik
JuPkeS3sVco,"2-room apartment","fully renovated",2794.64,"okres Liptovský Mikuláš","Liptovský Mikuláš","Staré mesto"
JuqmZcqjzL5,"2-room apartment","development project",5524.98,"okres Žilina",Žilina,"Staré mesto"
JuRJMz106O3,"holiday apartment","under construction",NULL,"okres Liptovský Mikuláš","Liptovský Mikuláš","Liptovská Mara - Tatralandia"
Junr7vOGfgp,"holiday apartment","new construction",3021.74,"okres Ružomberok",Bešeňová,Bešeňová
JuhrMWK4tz6,"3-room apartment","fully renovated",2913.03,"okres Liptovský Mikuláš","Liptovský Mikuláš","Staré mesto"
Jug-_AT8Wmt,"3-room apartment","partially renovated",2138.89,"okres Kysucké Nové Mesto","Kysucké Nové Mesto",Kamence
JuT4OhvaBo8,"4-room apartment","new construction",3459.31,"okres Žilina",Žilina,"Staré mesto"
JuXxgiFzaw2,"holiday apartment","development project",4754.41,"okres Žilina",Terchová,Terchová
Juta8FGg1ms,"4-room apartment","new construction",2453.85,"okres Žilina","Rajecké Teplice","Rajecké Teplice"
JutRcPoSw48,"3-room apartment","partially renovated",2301.32,"okres Žilina",Žilina,Vlčince
JunhLdbpvMU,"3-room apartment","new construction",2669.46,"okres Martin",Martin,Stred
JuAo_CCFbGo,"1-room apartment","new construction",3155.26,"okres Martin",Martin,Priekopa
JuIcnUNxIlt,"2-room apartment",unrenovated,1940.72,"okres Martin",Martin,Košúty
JuroNkYo0Ud,"3-room apartment","partially renovated",NULL,"okres Martin",Vrútky,"Horné Vrútky"
JuoB7gmYVp_,"2-room apartment","fully renovated",3410.96,"okres Liptovský Mikuláš","Liptovský Mikuláš",Demänová
Juw2GAhwVDz,"3-room apartment","fully renovated",NULL,"okres Martin",Martin,Záturčie
JuNxbiZtMJl,"2-room apartment","partially renovated",2983.87,"okres Žilina",Žilina,Hliny
Ju8y_HCffnI,"studio apartment","partially renovated",NULL,"okres Čadca",Čadca,Žarec
JuDpUKm1R87,"3-room apartment","under construction",2713.43,"okres Martin",Martin,Jahodníky
JuyticuaW7A,"3-room apartment","under construction",2746.48,"okres Ružomberok",Ružomberok,Roveň
JutwTj3bM_v,"2-room apartment","fully renovated",NULL,"okres Martin",Martin,Sever
Ju-D0j5Tx8q,"3-room apartment","partially renovated",2380.95,"okres Martin",Martin,Sever
Juaqewf1vyV,"3-room apartment","new construction",NULL,"okres Martin",Martin,Košúty
JufCUUh8n1P,"3-room apartment","partially renovated",NULL,"okres Ružomberok",Ružomberok,Baničné
JuEOy8Ch_fK,"4-room apartment","new construction",2720.78,"okres Žilina",Žilina,Vlčince
JuAjD-DNY5d,"studio apartment","fully renovated",5428.57,"okres Žilina",Žilina,Vlčince
JuXBeof4cBw,"3-room apartment","development project",1498.78,"okres Ružomberok",Ružomberok,Baničné
JufBWbzCmcn,"4-room apartment","partially renovated",1749.90,"okres Martin",Martin,Stred
JuN-wthtGNF,"3-room apartment","under construction",2028.61,"okres Žilina",Žilina,Hájik
JuZqmgmus3f,"3-room apartment","partially renovated",1785.71,"okres Martin",Turany,Turany
JuEhBGLGdyB,"3-room apartment","partially renovated",1844.62,"okres Martin",Martin,Košúty
Juhy56IDgaZ,"2-room apartment","fully renovated",NULL,"okres Martin",Martin,Podháj
Ju8yXfa5xfL,"3-room apartment","partially renovated",1879.08,"okres Ružomberok",Ružomberok,Baničné
Jul5uPR1of1,"2-room apartment","new construction",3214.29,"okres Liptovský Mikuláš","Liptovský Mikuláš","Staré mesto"
JuySZhvO7pX,"3-room apartment","new construction",2459.26,"okres Ružomberok",Ružomberok,"Staré mesto"
Ju4YZRhAzaf,"studio apartment","fully renovated",4258.68,"okres Žilina",Žilina,Bôrik
JuAyS5TfUDQ,"3-room apartment",unrenovated,1848.10,"okres Žilina",Rajec,Rajec
JuiTYBIhgYl,"3-room apartment","fully renovated",2741.77,"okres Žilina",Žilina,Hájik
JuHOcENm8Ia,"2-room apartment","partially renovated",2660.00,"okres Liptovský Mikuláš","Liptovský Mikuláš","Vrbica - Nábrežie"
Juf0d9bgzD3,"4-room apartment","fully renovated",1552.91,"okres Žilina",Rosina,Rosina
JucQo5vONzU,"3-room apartment","partially renovated",2642.71,"okres Žilina",Žilina,Solinky
JugZvx-B3PM,"1-room apartment","partially renovated",2291.67,"okres Dolný Kubín","Dolný Kubín",Banisko
Ju6YQzBpIXw,"4-room apartment","under construction",2857.50,"okres Kysucké Nové Mesto","Kysucké Nové Mesto",Kamence
JuFfQA7zSPP,"3-room apartment","partially renovated",2571.43,"okres Čadca","Nová Bystrica","Nová Bystrica"
JuTapZ_iKYW,"3-room apartment","fully renovated",3152.63,"okres Žilina",Žilina,"Staré mesto"
JudSBCw12x9,"2-room apartment","partially renovated",2620.52,"okres Žilina",Žilina,Vlčince
Jugv6VHMojr,"3-room apartment","partially renovated",1644.74,"okres Čadca",Čierne,Čierne
Jud2teyAuDu,"1-room apartment","new construction",7394.63,"okres Liptovský Mikuláš","Demänovská Dolina","Demänovská Dolina"
Ju2WQT7unmV,"4-room apartment","fully renovated",1988.24,"okres Martin","Košťany nad Turcom","Košťany nad Turcom"
JuJvNTKAcv8,"1-room apartment","new construction",3685.71,"okres Kysucké Nové Mesto","Kysucké Nové Mesto",Kamence
Ju8f-wmtjXf,"3-room apartment","fully renovated",NULL,"okres Dolný Kubín","Dolný Kubín","Veľký Bysterec"
JuqcGRiE3sH,"2-room apartment","fully renovated",2173.91,"okres Liptovský Mikuláš","Liptovský Mikuláš","Staré mesto"
Jue9scT0OOX,"2-room apartment","under construction",NULL,"okres Martin",Martin,Jahodníky
JuauSxK_Grt,"3-room apartment",unrenovated,2076.92,"okres Dolný Kubín","Dolný Kubín","Veľký Bysterec"
JucHYWmAD9T,"2-room apartment","partially renovated",2226.42,"okres Tvrdošín",Nižná,Nižná
Juh6SSze_tY,"3-room apartment","fully renovated",1777.17,"okres Čadca",Staškov,Staškov
Ju5yq04Fo6g,"holiday apartment","new construction",4756.76,"okres Liptovský Mikuláš","Liptovský Mikuláš",Demänová
JuUEgGZy7bV,"holiday apartment","development project",5216.93,"okres Žilina",Terchová,Terchová
Ju6GKonKAZ1,"holiday apartment","new construction",4764.18,"okres Liptovský Mikuláš","Liptovský Mikuláš",Demänová
JuaFgvo5Zms,"3-room apartment",unrenovated,NULL,"okres Martin",Martin,Stred
JuZWfK8jXMU,"2-room apartment","fully renovated",2208.03,"okres Liptovský Mikuláš","Liptovský Mikuláš","Vrbica - Nábrežie"
Ju-TqbMGsYQ,"1-room apartment","partially renovated",2933.33,"okres Martin",Vrútky,NULL
JuV4el-7B8H,"3-room apartment","new construction",3463.69,"okres Žilina",Žilina,"Staré mesto"
JuMvMAnJyAh,"2-room apartment","new construction",3163.27,"okres Martin",Martin,Stred
Ju2vUj8wFP4,"2-room apartment","new construction",3108.89,"okres Liptovský Mikuláš","Malé Borové","Malé Borové"
Ju3mlVUzkyZ,"2-room apartment","new construction",2500.00,"okres Martin",Sučany,Sučany
JuogofXpdYk,"holiday apartment","new construction",5192.31,"okres Liptovský Mikuláš","Liptovský Mikuláš",Demänová
Ju6MtpU11Ir,"3-room apartment","fully renovated",NULL,"okres Martin",Príbovce,Príbovce
Ju7oSLy3Fih,"holiday apartment","new construction",3490.48,"okres Ružomberok",Ružomberok,Hrabovo
JubVv2aiyY0,"4-room apartment","new construction",3157.89,"okres Liptovský Mikuláš","Liptovský Mikuláš",Demänová
JuhBe2gFJxv,"4-room apartment","new construction",NULL,"okres Žilina",Žilina,Hliny
Juw-fZcag7r,"3-room apartment","new construction",2403.85,"okres Žilina",Žilina,Hájik
JuTBd7ApfBa,"1-room apartment","new construction",3059.88,"okres Martin",Martin,Priekopa
JuUG1bLiAAp,"2-room apartment","new construction",3000.00,"okres Bytča","Veľké Rovné","Veľké Rovné"
JudWP4utpDg,"1-room apartment","partially renovated",3469.18,"okres Čadca",Čadca,Centrum
JuajpkZsNxA,"4-room apartment","partially renovated",1890.55,"okres Ružomberok",Ružomberok,"Staré mesto"
Jum1UMzjJKg,"2-room apartment","fully renovated",1828.00,"okres Čadca",Staškov,Staškov
Ju4BxKT1MU9,"holiday apartment","new construction",3918.03,"okres Žilina","Rajecké Teplice","Rajecké Teplice"
JuQ9TAROpsL,"3-room apartment","fully renovated",1797.30,"okres Čadca",Čadca,Centrum
JuTSuAfPUaV,"holiday apartment","under construction",11181.23,"okres Liptovský Mikuláš","Demänovská Dolina","Demänovská Dolina"
Juqt_RyaYSM,"4-room apartment","under construction",2832.33,"okres Kysucké Nové Mesto","Kysucké Nové Mesto",Kamence
JuPxUBuwHJ4,"4-room apartment","new construction",1783.09,"okres Žilina",Žilina,Hliny
JuWJdu9GaUY,"2-room apartment","new construction",4234.04,"okres Žilina",Kunerad,Kunerad
Juk34S4WJno,"3-room apartment",unrenovated,1843.47,"okres Žilina",Žilina,Hliny
JuBHdW0whmB,"3-room apartment","partially renovated",2196.97,"okres Martin",Martin,Ľadoveň
Ju0roQQA2MK,"holiday apartment","new construction",4459.46,"okres Liptovský Mikuláš","Demänovská Dolina","Demänovská Dolina"
JugFcThrxWKY,"3-room apartment","new construction",NULL,"okres Liptovský Mikuláš",Ľubeľa,Ľubeľa
JuJvkR7cHC5,"3-room apartment","partially renovated",NULL,"okres Martin",Lipovec,Lipovec
JuPAGeZeFHi,"2-room apartment",unrenovated,2181.18,"okres Dolný Kubín","Dolný Kubín",Brezovec
JuFc31jRHf3,"2-room apartment","fully renovated",2846.15,"okres Žilina",Žilina,Vlčince
Jux8wTB74lK,"3-room apartment",unrenovated,NULL,"okres Liptovský Mikuláš","Liptovský Mikuláš","Staré mesto"
JuHzNQ7Qr-d,"3-room apartment",unrenovated,1820.09,"okres Martin",Martin,Jahodníky
JuWNJll5MyrA,"3-room apartment","new construction",3210.29,"okres Žilina",Žilina,Vlčince
JuvSfTkJipf,"2-room apartment","development project",2692.11,"okres Ružomberok",Ružomberok,Baničné
JulIgw-I980,"studio apartment","new construction",4444.07,"okres Liptovský Mikuláš","Pavčina Lehota","Pavčina Lehota"
JutKisdKgjR,"2-room apartment","new construction",2770.03,"okres Liptovský Mikuláš","Liptovský Mikuláš","Staré mesto"
JulDE6qv7sX,"4-room apartment",unrenovated,1611.11,"okres Žilina",Žilina,"Staré mesto"
Ju_WUvCjVPC,"holiday apartment","fully renovated",3562.65,"okres Ružomberok",Bešeňová,Bešeňová
JuI7RPoOfX3,"3-room apartment","partially renovated",1798.42,"okres Čadca",Turzovka,Stred
Jug8bqAUxzc,"2-room apartment","partially renovated",2658.00,"okres Liptovský Mikuláš","Liptovský Mikuláš","Vrbica - Nábrežie"
JuNYFhhNxB9,"holiday apartment","new construction",3086.22,"okres Martin",Martin,Stred
JuTJKH0pdjPh,"4-room apartment","fully renovated",1978.02,"okres Liptovský Mikuláš","Liptovský Mikuláš",NULL
JuyttBliR9C,"3-room apartment","fully renovated",3127.14,"okres Žilina","Rajecké Teplice","Rajecké Teplice"
JuMi-Tt27An,"2-room apartment","new construction",3210.24,"okres Liptovský Mikuláš","Liptovský Mikuláš",Palúdzka
JuWmtnyPS8K,"3-room apartment","fully renovated",1863.64,"okres Martin",Lipovec,Lipovec
Juv5BxkBnXj,"4-room apartment","under construction",1846.63,"okres Žilina",Žilina,Hájik
Juhppb1YIBH,"2-room apartment","fully renovated",2962.96,"okres Ružomberok",Ružomberok,Hrabovo
JuUcmtKJgcX,"2-room apartment","fully renovated",NULL,"okres Žilina",Žilina,"Staré mesto"
JuZrguawZAO,"2-room apartment","fully renovated",2343.59,"okres Bytča",Bytča,"Veľká Bytča"
JugHDSXoGA9,"3-room apartment","partially renovated",1835.53,"okres Čadca",Turzovka,Stred
Ju7QL5RGfkF,"studio apartment","new construction",2343.75,"okres Bytča",Kotešová,Kotešová
JuKdeWhe2o7,"holiday apartment","new construction",4736.84,"okres Liptovský Mikuláš","Demänovská Dolina","Demänovská Dolina"
JuN5ogzbwb6,"studio apartment","fully renovated",5475.96,"okres Žilina",Žilina,Vlčince
JukyEz3oR2iD,"2-room apartment","partially renovated",2103.51,"okres Liptovský Mikuláš","Liptovský Mikuláš","Staré mesto"
JuUrOuQWCVS,"3-room apartment","new construction",2602.41,"okres Liptovský Mikuláš","Liptovský Hrádok",Dovalovo
JuOrA9qwl7f,"3-room apartment","partially renovated",NULL,"okres Turčianske Teplice","Turčianske Teplice",Stred
JuGLEI81NEj,"3-room apartment",unrenovated,NULL,"okres Žilina",Žilina,"Staré mesto"
Ju3hr4RXLjv,maisonette,"fully renovated",NULL,"okres Čadca",Čadca,Centrum
JuOs2hhR_fq,"1-room apartment","fully renovated",3348.21,"okres Liptovský Mikuláš","Liptovský Mikuláš","Liptovská Mara - Tatralandia"
Ju89eBckNJI,"2-room apartment","under construction",2723.61,"okres Martin",Martin,Jahodníky
JuUeGi9MZcI,"holiday apartment","new construction",6202.53,"okres Liptovský Mikuláš","Demänovská Dolina","Demänovská Dolina"
JuztOys4YDo,"holiday apartment","new construction",5300.00,"okres Liptovský Mikuláš","Demänovská Dolina","Demänovská Dolina"
JuBe2LSvIsNx,"2-room apartment","new construction",2549.88,"okres Ružomberok","Liptovská Teplá","Liptovská Teplá"
JuX5UJf-pU4,"holiday apartment","new construction",5325.58,"okres Liptovský Mikuláš","Liptovský Mikuláš",Demänová
Juh8S_7FwJj,"1-room apartment",unrenovated,2233.83,"okres Tvrdošín",Tvrdošín,Medvedzie
JukRhMNGZ-C,"2-room apartment","new construction",2610.64,"okres Ružomberok",Ružomberok,Roveň
JunH90jZGku,"1-room apartment","development project",4008.41,"okres Žilina",Žilina,Bytčica
JuzxsN9HYse,"2-room apartment","new construction",4853.33,"okres Liptovský Mikuláš","Liptovský Mikuláš",Demänová
JuIVEdX9aqM,"2-room apartment","partially renovated",1696.97,"okres Martin",Martin,Sever
Ju23LHSYosl,"1-room apartment","new construction",4778.16,"okres Liptovský Mikuláš","Demänovská Dolina","Demänovská Dolina"
JuMfaZM03jX,"3-room apartment","fully renovated",2578.13,"okres Dolný Kubín","Dolný Kubín","Veľký Bysterec"
Ju1KgFqJaOR,"2-room apartment","new construction",2458.14,"okres Liptovský Mikuláš","Malé Borové","Malé Borové"
Ju2DPhpZEXH,"4-room apartment","development project",3412.44,"okres Žilina",Žilina,"Staré mesto"
JuqFaXjCOjj,"1-room apartment","fully renovated",3624.16,"okres Martin",Martin,Košúty
JuoHqPCC27P,"holiday apartment","fully renovated",3804.12,"okres Ružomberok",Bešeňová,Bešeňová
Ju8yXTZyQ0c,"3-room apartment","partially renovated",2640.45,"okres Liptovský Mikuláš","Liptovský Hrádok",Dovalovo
Juh0xQ8lAwr,"holiday apartment","new construction",3021.74,"okres Liptovský Mikuláš","Demänovská Dolina","Demänovská Dolina"
JuolQI_qYfx,"holiday apartment","new construction",6531.53,"okres Liptovský Mikuláš","Demänovská Dolina","Demänovská Dolina"
JujVD_-rIKd,"2-room apartment","new construction",3637.50,"okres Ružomberok",Ružomberok,Hrabovo
Ju8MQ6z2y19,"1-room apartment","new construction",3997.37,"okres Žilina",Žilina,"Staré mesto"
JudIm98MNcc,"3-room apartment","fully renovated",2549.28,"okres Žilina",Žilina,Vlčince
JurCt3kGKjX,"3-room apartment","partially renovated",2000.00,"okres Kysucké Nové Mesto","Kysucké Nové Mesto",Sídlisko
JudLFAAMGyd,"3-room apartment",unrenovated,2035.13,"okres Liptovský Mikuláš","Liptovský Mikuláš","Vrbica - Nábrežie"
JuAF6zTk4aw,"3-room apartment","new construction",3110.78,"okres Žilina",Žilina,Hájik
JurXcD9fbrUY,"4-room apartment","fully renovated",2654.32,"okres Žilina",Žilina,"Staré mesto"
JuviN4c9fMi,"2-room apartment","new construction",3444.44,"okres Liptovský Mikuláš","Liptovský Mikuláš",Demänová
Jux3fZyBY08,"2-room apartment","fully renovated",NULL,"okres Martin",Martin,Sever
JuzYHHeYN5Y,"3-room apartment",unrenovated,2071.95,"okres Žilina",Žilina,Vlčince
JulrtoBvNUl,"4-room apartment","fully renovated",2709.26,"okres Žilina",Žilina,Vlčince
JunJQlPuUZ5,"3-room apartment","new construction",2530.41,"okres Ružomberok",Ružomberok,"Staré mesto"
Ju7Y_BuXfpd,"3-room apartment",unrenovated,2043.94,"okres Martin",Martin,Sever
JuIQRanSNHE,"holiday apartment","new construction",3971.43,"okres Liptovský Mikuláš","Demänovská Dolina","Demänovská Dolina"
Ju-oy7KMPvG,"2-room apartment","new construction",3472.22,"okres Martin",Martin,Priekopa
JuGK6bfHjeP,"1-room apartment","partially renovated",3525.42,"okres Ružomberok",Ružomberok,Hrabovo
Juow0UUu95a,"holiday apartment","new construction",4038.46,"okres Liptovský Mikuláš","Liptovský Ján","Liptovský Ján"
JuhboaiL4kD,"holiday apartment","partially renovated",NULL,"okres Čadca",Makov,Makov
JuvEgSpY9yR,"3-room apartment","partially renovated",2920.00,"okres Ružomberok",Ružomberok,"Staré mesto"
JunTVXk3Mti,"3-room apartment","fully renovated",NULL,"okres Martin",Martin,Stred
JuuSRj_dS1E,"1-room apartment","fully renovated",3316.67,"okres Martin",Martin,Ľadoveň
Ju4H966Coro,"1-room apartment","fully renovated",3725.00,"okres Ružomberok",Bešeňová,Bešeňová
Ju6-B7-KyuQ,"2-room apartment","new construction",3793.18,"okres Žilina",Žilina,"Staré mesto"
JuhnGApypwY,"3-room apartment","new construction",3076.09,"okres Žilina",Žilina,Vlčince
Ju7xovoPDxC,"2-room apartment","partially renovated",1791.04,"okres Ružomberok",Ružomberok,Roveň
Ju_EiSHONLK,"2-room apartment","fully renovated",2947.60,"okres Bytča",Kotešová,Kotešová
JukTLg0JPLo,"2-room apartment","fully renovated",2613.33,"okres Žilina",Žilina,"Staré mesto"
Ju5nlrwa9YA,"3-room apartment","fully renovated",1367.65,"okres Čadca",Čadca,Centrum
JuxqWwCd3Bc,"holiday apartment","new construction",3547.62,"okres Ružomberok",Bešeňová,Bešeňová
Ju-lEoc2XSC,"3-room apartment","new construction",2687.82,"okres Žilina",Žilina,Hájik
JuPFzcSTrpI,"2-room apartment","fully renovated",NULL,"okres Žilina",Žilina,Hájik
JuBGOlYijOs,"3-room apartment","fully renovated",NULL,"okres Dolný Kubín",Leštiny,Leštiny
JuzSVrg19-5,"3-room apartment","new construction",3100.00,"okres Dolný Kubín","Dolný Kubín",Stred
Ju4DmwiiW-b,"4-room apartment","under construction",2815.49,"okres Kysucké Nové Mesto","Kysucké Nové Mesto",Kamence
Juu9JOj3Rtxf,"3-room apartment","fully renovated",NULL,"okres Dolný Kubín",Leštiny,Leštiny
JuqrzDEx4zp,"3-room apartment","partially renovated",1541.56,"okres Žilina","Dlhé Pole","Dlhé Pole"
Ju6HxyuWwow,"3-room apartment",unrenovated,NULL,"okres Žilina",Žilina,"Staré mesto"
Ju7k48dIljM,"2-room apartment","fully renovated",2292.31,"okres Liptovský Mikuláš","Liptovský Mikuláš","Staré mesto"
JuN_WBxnd6g,"2-room apartment","new construction",3108.89,"okres Liptovský Mikuláš","Malé Borové","Malé Borové"
JuVrf5-P_w2,"2-room apartment","partially renovated",1696.97,"okres Martin",Martin,Sever
JuhprznFXvm,"1-room apartment","under construction",2101.58,"okres Bytča",Bytča,"Thurzove sady"
JubdDMCwkS-,"2-room apartment","fully renovated",2843.14,"okres Martin",Martin,Záturčie
JuAFSeapxAr,"4-room apartment","new construction",3049.00,"okres Žilina",Žilina,Hájik
JunM5Oyfta7,"4-room apartment","fully renovated",1845.24,"okres Liptovský Mikuláš","Liptovský Hrádok",NULL
Ju-DQSmNMMQ,"4-room apartment","fully renovated",2733.33,"okres Žilina",Žilina,"Staré mesto"
Juzy2CD4C3Q,"3-room apartment","under construction",NULL,"okres Liptovský Mikuláš","Liptovský Mikuláš","Staré mesto"
JuyFJFlxmNe,"holiday apartment",unrenovated,3015.08,"okres Ružomberok",Ružomberok,Hrabovo
JudFUrfv3xN,"2-room apartment","new construction",NULL,"okres Dolný Kubín","Dolný Kubín",Brezovec
JuTZyCvuUzR,"3-room apartment",unrenovated,NULL,"okres Martin",Martin,Sever
Juip-IYlQVA,"3-room apartment",unrenovated,1500.00,"okres Martin",Martin,Záturčie
Jubh97mv2uS,"2-room apartment","fully renovated",2220.83,"okres Martin",Martin,Stred
JuWE0lIaFPD,"3-room apartment",unrenovated,3000.00,"okres Žilina",Žilina,Hliny
JucmQgleApT,"4-room apartment","new construction",3518.45,"okres Žilina",Žilina,"Staré mesto"
Juwx2mgp7mc,"3-room apartment","partially renovated",2077.97,"okres Martin",Martin,Sever
Juefy0T6TSp,"4-room apartment","partially renovated",1547.79,"okres Kysucké Nové Mesto","Kysucké Nové Mesto",NULL
JuOlH8L9nB_,"2-room apartment","new construction",4376.78,"okres Žilina",Žilina,Vlčince
JuP6ftsrJ5D,"2-room apartment","new construction",3798.18,"okres Žilina",Žilina,Hliny
JuXhj_2xCZd,"3-room apartment","fully renovated",NULL,"okres Martin",Martin,Stráne
JuFDFkP8ndy,"1-room apartment","new construction",4023.68,"okres Žilina",Žilina,"Staré mesto"
Ju0vPaBxKXU,"2-room apartment","fully renovated",2691.43,"okres Liptovský Mikuláš","Liptovský Mikuláš","Vrbica - Nábrežie"
Jul_zSmXyuk,"3-room apartment","new construction",3309.46,"okres Žilina",Žilina,Bytčica
JuTx27ZW8X8,"holiday apartment","under construction",3821.53,"okres Liptovský Mikuláš",Lazisko,Lazisko
Jun0m0ZrnOH,"holiday apartment","under construction",11206.08,"okres Liptovský Mikuláš","Demänovská Dolina","Demänovská Dolina"
JuIW7C6rFGH,"3-room apartment","partially renovated",1785.71,"okres Martin",Turany,Turany
JuL2iQbOhc4,"holiday apartment","new construction",NULL,"okres Námestovo","Oravská Lesná","Oravská Lesná"
JuU_yP2Leq5,"2-room apartment","partially renovated",2428.57,"okres Žilina",Žilina,Hliny
JuZsnFqHRPo,"4-room apartment",unrenovated,NULL,"okres Žilina",Žilina,Závodie
JuHVIRVpUCc,"holiday apartment","fully renovated",NULL,"okres Liptovský Mikuláš","Liptovský Mikuláš","Staré mesto"
JuunJga2z_k,"2-room apartment","new construction",5555.56,"okres Liptovský Mikuláš","Demänovská Dolina","Demänovská Dolina"
Ju0haPUlmUa,"3-room apartment","new construction",NULL,"okres Žilina",Žilina,Hliny
JuMd5Se4xMY,"3-room apartment","fully renovated",2000.00,"okres Martin",Martin,Košúty
JusbD5cQ3a4,"3-room apartment","partially renovated",1869.57,"okres Martin",Martin,Košúty
JuMB3dfOXp8,"3-room apartment","fully renovated",NULL,"okres Liptovský Mikuláš","Liptovský Mikuláš",Palúdzka
JubzWbhcDfO,"3-room apartment",unrenovated,NULL,"okres Turčianske Teplice","Turčianske Teplice",NULL
JuVAMiylcZs,"holiday apartment","new construction",NULL,"okres Liptovský Mikuláš","Liptovský Mikuláš","Liptovská Mara - Tatralandia"
JunEHNrbeFP,"holiday apartment","fully renovated",3330.95,"okres Liptovský Mikuláš","Liptovský Ján","Liptovský Ján"
Juqo7TnYgwu,"3-room apartment","new construction",3160.92,"okres Liptovský Mikuláš","Liptovský Mikuláš",Palúdzka
Ju1i5P66bxL,"4-room apartment","fully renovated",2172.62,"okres Martin",Martin,Ľadoveň
JuYIUYhGIcc,"3-room apartment","partially renovated",2607.25,"okres Žilina",Žilina,Vlčince
JuNO1HdGb3E,"2-room apartment","fully renovated",3054.55,"okres Martin",Martin,Stred
JulFrto6Z8R,"holiday apartment","new construction",5294.12,"okres Liptovský Mikuláš","Demänovská Dolina","Demänovská Dolina"
Ju3o-SF0dKF,"1-room apartment","new construction",3971.05,"okres Žilina",Žilina,"Staré mesto"
Juena3XeNrr,"2-room apartment","new construction",2180.00,"okres Liptovský Mikuláš",Ľubeľa,Ľubeľa
JuvUgr_LkF7,"3-room apartment","new construction",3527.51,"okres Liptovský Mikuláš","Liptovský Mikuláš","Liptovská Ondrašová"
Ju-oP3i-Pkz,"3-room apartment","new construction",NULL,"okres Martin",Martin,Priekopa
JuEWaQqDH0I,"2-room apartment","fully renovated",2676.13,"okres Martin",Martin,Jahodníky
JuqQMoNXFYc,"3-room apartment","partially renovated",1885.96,"okres Martin",Martin,Stred
Ju6LKRO0_U9,"2-room apartment","fully renovated",3296.30,"okres Žilina",Žilina,"Staré mesto"
Ju_TYGvbGhv,"holiday apartment","new construction",6973.68,"okres Liptovský Mikuláš","Demänovská Dolina","Demänovská Dolina"
Juq7WGTR85M,"2-room apartment","partially renovated",1984.00,"okres Tvrdošín",Trstená,Trstená
JuOvpv4GR0X,"2-room apartment","fully renovated",2139.24,"okres Liptovský Mikuláš","Liptovský Mikuláš",NULL
Ju7s-G2xWRrv,"2-room apartment","new construction",3703.70,"okres Dolný Kubín","Dolný Kubín","Veľký Bysterec"
JuXIhW2sDRX,"4-room apartment","partially renovated",2249.43,"okres Žilina",Žilina,Vlčince
JuA1hP6Bd3t,"4-room apartment","fully renovated",3334.75,"okres Liptovský Mikuláš","Liptovský Mikuláš",Demänová
JunJ76UrnXo,"2-room apartment","partially renovated",2314.81,"okres Martin",Martin,Sever
Juy4b8nUUh5,"3-room apartment","partially renovated",2527.78,"okres Žilina",Žilina,Hájik
JuoKym-eugj,"holiday apartment","fully renovated",2564.10,"okres Ružomberok",Ružomberok,Hrabovo
JuxugnKSQZO,"2-room apartment","new construction",NULL,"okres Dolný Kubín","Dolný Kubín",NULL
Ju0Ee02A6Iy,"2-room apartment","new construction",3514.10,"okres Žilina",Žilina,Vlčince
JuZUv2TX6Jz,"holiday apartment","fully renovated",3697.75,"okres Ružomberok",Bešeňová,Bešeňová
Ju-GH82Bvcv,"3-room apartment","partially renovated",1862.50,"okres Liptovský Mikuláš","Liptovský Mikuláš",Palúdzka
JumwKAHAQZ-,"holiday apartment","new construction",NULL,"okres Bytča",Súľov-Hradná,Súľov-Hradná
Ju36lkCzKpS,"2-room apartment","fully renovated",2470.00,"okres Martin",Martin,Priekopa
JuXRr8c0-gp,"holiday apartment","new construction",4858.30,"okres Liptovský Mikuláš","Liptovský Ján","Liptovský Ján"
JuUYkSiI3DC,"holiday apartment","new construction",NULL,"okres Liptovský Mikuláš","Liptovský Mikuláš","Liptovská Mara - Tatralandia"
JuqLWeKD7Wh,"2-room apartment",unrenovated,2200.00,"okres Liptovský Mikuláš","Liptovský Mikuláš",Podbreziny
Juq8LRZ6yKQ,"3-room apartment",unrenovated,NULL,"okres Ružomberok",Ružomberok,Roveň
Ju_IKpLJHsv,"holiday apartment","fully renovated",4677.42,"okres Ružomberok",Bešeňová,Bešeňová
JuuKGKckyxy,"3-room apartment","partially renovated",1911.76,"okres Martin",Vrútky,"Horné Vrútky"
Ju7lyYOfLaW,"1-room apartment",unrenovated,3372.09,"okres Žilina",Žilina,Hliny
Ju7UlN5liG9,"3-room apartment","new construction",2753.73,"okres Martin",Martin,Jahodníky
JuVUnBR3tKh,"2-room apartment","new construction",3229.73,"okres Žilina",Žilina,Bôrik
Jux-89v_b-H,"3-room apartment","partially renovated",NULL,"okres Kysucké Nové Mesto","Kysucké Nové Mesto",Kamence
JuRirU25uGC,"4-room apartment","fully renovated",2654.32,"okres Žilina",Žilina,"Staré mesto"
JuH61G00WWP,"3-room apartment","partially renovated",2026.03,"okres Liptovský Mikuláš","Liptovský Mikuláš",Podbreziny
JuzhlHJjU2y,"3-room apartment","new construction",2964.29,"okres Kysucké Nové Mesto","Kysucké Nové Mesto",Kamence
JuTPBH57dwB,"4-room apartment","development project",3081.19,"okres Liptovský Mikuláš","Liptovský Mikuláš","Staré mesto"
JuA6AvNGWkt,"2-room apartment","fully renovated",2222.42,"okres Liptovský Mikuláš","Liptovský Mikuláš","Staré mesto"
JuV3Qm6Wkc0,"4-room apartment","fully renovated",2357.14,"okres Žilina",Martin,Priekopa
JuzpWPdpylQ,"3-room apartment","new construction",2883.48,"okres Žilina",Žilina,Vlčince
JukmrMnXO9z,"2-room apartment",unrenovated,1940.72,"okres Martin",Martin,Košúty
JuYVsYrHNhK,"3-room apartment","partially renovated",1814.29,"okres Turčianske Teplice","Turčianske Teplice",Stred
JuVfkYvfV4D,"holiday apartment","new construction",3700.00,"okres Žilina",Žilina,"Staré mesto"
JukJYQ0D3dC,"3-room apartment","partially renovated",1318.92,"okres Žilina",Čičmany,Čičmany
JuF1TjEV1Ru,"3-room apartment","new construction",2088.44,"okres Martin","Košťany nad Turcom","Košťany nad Turcom"
JuNLjCrLJ47,"other apartment type",unrenovated,5050.00,"okres Martin",Martin,Stred
JuVvtE4iYcW,"holiday apartment","new construction",4112.41,"okres Dolný Kubín","Dolný Kubín",Stred
Ju8ym9e1pKJ,"1-room apartment","partially renovated",2400.00,"okres Čadca",Čadca,Žarec
JugsT-r1Fjq,"studio apartment",unrenovated,3080.00,"okres Martin",Martin,Sever
JuRvKY-BDAM,"studio apartment","partially renovated",1439.39,"okres Liptovský Mikuláš","Liptovská Porúbka","Liptovská Porúbka"
Ju6Fxzj1aPV,"3-room apartment","fully renovated",1791.67,"okres Turčianske Teplice","Turčianske Teplice",Stred
Ju8nwr--d8J,"holiday apartment","under construction",9362.00,"okres Liptovský Mikuláš","Demänovská Dolina","Demänovská Dolina"
JuB0hydoQt_,"2-room apartment","partially renovated",2088.61,"okres Liptovský Mikuláš","Liptovský Mikuláš","Staré mesto"
JuM_6zn3dEU,"4-room apartment","fully renovated",2415.73,"okres Martin",Martin,Ľadoveň
JuCSthEMyi8,"4-room apartment","partially renovated",2488.11,"okres Žilina",Žilina,"Staré mesto"
JuUgt1O2AUN,"2-room apartment","new construction",3640.48,"okres Liptovský Mikuláš","Malé Borové","Malé Borové"
JuNZ8PQ1HeL,"3-room apartment","partially renovated",NULL,"okres Ružomberok",Ružomberok,Polík
JubK5ISUXOm,"4-room apartment","under construction",2931.68,"okres Kysucké Nové Mesto","Kysucké Nové Mesto",Kamence
JuktNGvsiwv,"1-room apartment","new construction",4128.95,"okres Žilina",Žilina,"Staré mesto"
JugR8pX-gZX,"3-room apartment","partially renovated",NULL,"okres Martin",Martin,Ľadoveň
JumTQJJZB7H,"3-room apartment","partially renovated",1929.03,"okres Žilina",Žilina,Hájik
JuaFAuw30OV,loft,"partially renovated",4184.12,"okres Žilina",Žilina,"Staré mesto"
Ju-FXGTnvER,"4-room apartment",unrenovated,2325.30,"okres Žilina",Žilina,Vlčince
JuHXoN0ryfa,"3-room apartment",unrenovated,3127.91,"okres Žilina",Žilina,Vlčince
JuYsJLbvRpN,"2-room apartment","fully renovated",2517.86,"okres Kysucké Nové Mesto","Kysucké Nové Mesto",Sídlisko
JuRYP3Oa6YZ,"4-room apartment","new construction",2046.67,"okres Dolný Kubín","Dolný Kubín",Stred
JuB63TyYdjm,loft,"under construction",3374.09,"okres Liptovský Mikuláš","Liptovský Mikuláš","Staré mesto"
JuwdDOrpGK5,"4-room apartment","fully renovated",2357.14,"okres Martin",Martin,Priekopa
JuF5xNSQO5x,"1-room apartment","partially renovated",2552.63,"okres Čadca",Čadca,Žarec
JuiS9BjPEIo,"2-room apartment","new construction",4841.71,"okres Liptovský Mikuláš","Demänovská Dolina","Demänovská Dolina"
Jug3a9-mziM,"2-room apartment","new construction",2140.52,"okres Liptovský Mikuláš","Liptovský Hrádok",Celiny
Ju8DPYGWH3G,"2-room apartment","new construction",4112.41,"okres Dolný Kubín","Dolný Kubín",Stred
Juns9vrGm9z,"holiday apartment","new construction",3581.43,"okres Námestovo","Oravská Lesná","Oravská Lesná"
Juy-j07S1W7,"holiday apartment","new construction",NULL,"okres Turčianske Teplice","Turčianske Teplice",Stred
JuIG-Ap8rLX,"3-room apartment","new construction",2561.18,"okres Tvrdošín",Zuberec,Zuberec
JuQKqXinTqJ,"3-room apartment","new construction",3460.82,"okres Žilina",Žilina,Hájik
Ju7FBuvMeEz,"3-room apartment","partially renovated",2063.49,"okres Žilina",Žilina,"Považský Chlmec"
JuIV5E-BtYf,"3-room apartment","new construction",2186.49,"okres Turčianske Teplice","Turčianske Teplice",Stred
JuoJ6B-WiVu,"2-room apartment","new construction",4491.53,"okres Liptovský Mikuláš","Liptovský Mikuláš",Demänová
JuCUhlSV9_h,"4-room apartment","partially renovated",1777.67,"okres Martin",Martin,Záturčia
Juk5yDVhn6R,"3-room apartment",unrenovated,2164.38,"okres Liptovský Mikuláš","Liptovský Mikuláš","Staré mesto"
Ju1Hfz04CkU,"3-room apartment","new construction",NULL,"okres Bytča",Súľov-Hradná,Súľov-Hradná
JuT66Fppd38,"studio apartment","fully renovated",4820.71,"okres Dolný Kubín","Oravský Podzámok","Oravský Podzámok"
Ju75IN_Zjx0,"2-room apartment","partially renovated",NULL,"okres Čadca",Turzovka,Stred
JupU33o9uCP,"1-room apartment","new construction",NULL,"okres Ružomberok",Ružomberok,Hrabovo
JuxFFLySNPg,"3-room apartment","under construction",3440.72,"okres Ružomberok",Ružomberok,Roveň
Ju7ymmOZXTG,"1-room apartment","new construction",4105.41,"okres Žilina",Žilina,"Staré mesto"
JuPbmK8oIXM,"2-room apartment","new construction",3004.94,"okres Liptovský Mikuláš","Liptovský Mikuláš",Palúdzka
Juwwl8fsexY,"holiday apartment","fully renovated",3012.26,"okres Ružomberok",Ružomberok,Hrabovo
JuKXYAqOf2e,"holiday apartment","new construction",NULL,"okres Liptovský Mikuláš","Liptovský Mikuláš",Demänová
Ju9bVHvcqcL,"holiday apartment","new construction",3401.36,"okres Námestovo","Oravská Lesná","Oravská Lesná"
Ju8feO0vuod,"4-room apartment","new construction",2895.35,"okres Bytča",Bytča,"Thurzove sady"
Juea9VaEEz4,"2-room apartment","new construction",3033.44,"okres Žilina","Rajecké Teplice","Rajecké Teplice"
JuXdiDoNNIv,"2-room apartment",unrenovated,1968.25,"okres Martin",Martin,Stred
Ju0lAAcuMC-,"3-room apartment","partially renovated",3349.90,"okres Žilina",Žilina,"Staré mesto"
Ju-yDJSlQCf,"4-room apartment",unrenovated,2844.04,"okres Žilina",Žilina,Závodie
Ju34bdWwwrW,"3-room apartment","partially renovated",NULL,"okres Martin",Martin,Sever
JuSL8akIpnl,"2-room apartment",unrenovated,2571.43,"okres Dolný Kubín","Dolný Kubín",Brezovec
JunNE3gm3lK,"holiday apartment","new construction",3470.59,"okres Ružomberok",Bešeňová,Bešeňová
JubD2pJKl5g,"3-room apartment","new construction",4979.18,"okres Žilina",Žilina,"Staré mesto"
JuLSY56QzCa,"3-room apartment","partially renovated",1764.59,"okres Martin",Vrútky,"Horné Vrútky"
JuiHekkzZ0E,"3-room apartment","fully renovated",NULL,"okres Liptovský Mikuláš","Liptovský Mikuláš","Vrbica - Nábrežie"
JuLjftxvY7o,"4-room apartment","partially renovated",NULL,"okres Dolný Kubín","Dolný Kubín",Brezovec
JuOipBrhKGg,"2-room apartment",unrenovated,2090.91,"okres Námestovo",Námestovo,Brehy
JulLkJwhVa1,"3-room apartment",unrenovated,2013.43,"okres Martin",Martin,Sever
Ju8j-hPnALY,"holiday apartment","new construction",6682.03,"okres Liptovský Mikuláš","Demänovská Dolina","Demänovská Dolina"
JunCOKnq7PY,"3-room apartment","partially renovated",NULL,"okres Kysucké Nové Mesto","Kysucké Nové Mesto",Stred
JuPViaCTmSo,"3-room apartment","under construction",2308.71,"okres Liptovský Mikuláš",Východná,Východná
JuniaoRdvqE,"2-room apartment","new construction",3869.05,"okres Liptovský Mikuláš","Liptovský Mikuláš","Staré mesto"
JueF3dmbicv,"3-room apartment","partially renovated",1316.78,"okres Čadca","Dlhá nad Kysucou","Dlhá nad Kysucou"
JuKI6_CGWPh,"holiday apartment","new construction",3996.00,"okres Liptovský Mikuláš","Liptovský Mikuláš",Demänová
JuwROzF7MPz,"1-room apartment","partially renovated",NULL,"okres Ružomberok",Ružomberok,Klačno
JuVxrPNOwNZ,"3-room apartment","new construction",1503.57,"okres Námestovo",Námestovo,Polom
JusbqvfGHuD,"studio apartment","fully renovated",3131.58,"okres Martin",Martin,Priekopa
Juf6pNtbqh1,"3-room apartment","partially renovated",2125.00,"okres Martin",Martin,Stred
Juc4p__s1-a,"2-room apartment","fully renovated",2800.00,"okres Žilina",Žilina,"Staré mesto"
JubH8PB1O7h,"3-room apartment","fully renovated",3171.25,"okres Martin",Martin,Stred
JuPKK388ZCm,"2-room apartment","fully renovated",1830.77,"okres Čadca",Staškov,Staškov
Juaxt90u-z9,"4-room apartment","fully renovated",1688.35,"okres Bytča",Bytča,"Hliník nad Váhom"
JuU9JEZLTwi,"3-room apartment","partially renovated",955.56,"okres Turčianske Teplice",Turček,Turček
JunIIQTPa44,"4-room apartment","under construction",4106.07,"okres Liptovský Mikuláš","Liptovský Mikuláš","Staré mesto"
Juz4W9SDfoY,"2-room apartment","partially renovated",2980.00,"okres Žilina",Žilina,Solinky
Ju5NSmHtePH,"3-room apartment","fully renovated",1741.57,"okres Martin",Martin,Záturčie
JuUaKO5dYge,"3-room apartment","new construction",3071.08,"okres Dolný Kubín","Dolný Kubín",Stred
Ju6w7wQRZXw,"holiday apartment",unrenovated,2151.16,"okres Čadca",Oščadnica,Oščadnica
JupVQ9BHiZG,"2-room apartment",unrenovated,2692.31,"okres Žilina",Žilina,Hliny
JuYML_WMLmL,"2-room apartment","fully renovated",NULL,"okres Liptovský Mikuláš","Liptovský Mikuláš","Vrbica - Nábrežie"
JuInvssV5eE,"1-room apartment","under construction",3295.99,"okres Ružomberok",Ružomberok,Roveň
JuZ68DUQRpn,"3-room apartment","new construction",3251.72,"okres Liptovský Mikuláš","Malé Borové","Malé Borové"
JupACoTE9Yo,"3-room apartment","fully renovated",NULL,"okres Martin",Martin,Košúty
Ju5bhE-1H2z,"1-room apartment","new construction",3093.75,"okres Ružomberok",Ružomberok,Hrabovo
Jukzit6pFoZ,"2-room apartment","fully renovated",2711.36,"okres Martin",Martin,Stred
JuipAuQVd0x,"1-room apartment","partially renovated",2895.65,"okres Martin",Martin,Záturčie
JudGtDjR-sv,"2-room apartment","fully renovated",2075.95,"okres Liptovský Mikuláš","Liptovský Mikuláš","Staré mesto"
JuMuHR9ALAx,"2-room apartment","new construction",2500.00,"okres Liptovský Mikuláš","Liptovský Hrádok",Prekážka
JubXkgOc5Vf,"holiday apartment","new construction",NULL,"okres Liptovský Mikuláš","Liptovský Mikuláš",Demänová
JuykdgfJYfL,"2-room apartment","new construction",3551.79,"okres Žilina",Žilina,Bytčica
JuGMS7Q7AS7,"3-room apartment","under construction",4008.60,"okres Liptovský Mikuláš","Liptovský Mikuláš","Staré mesto"
Juuzq73KdvI,"2-room apartment","partially renovated",2338.24,"okres Žilina",Žilina,Hliny
JuPaHBO-gez,"2-room apartment",unrenovated,1676.06,"okres Martin",Martin,NULL
JuoVsoGKe3I,"3-room apartment",unrenovated,1735.29,"okres Ružomberok",Ružomberok,Roveň
JuZJo0wlRRU,"1-room apartment","new construction",2927.59,"okres Ružomberok","Liptovská Teplá","Liptovská Teplá"
JuakfUC89nT,"studio apartment","partially renovated",4677.27,"okres Žilina",Žilina,Vlčince
JuVMUFYMKhd,"1-room apartment","partially renovated",4715.45,"okres Žilina",Žilina,"Staré mesto"
JuWtaJ8gYmY,"3-room apartment","partially renovated",1965.28,"okres Dolný Kubín","Dolný Kubín",Stred
Judqch1ikzy,"1-room apartment","fully renovated",2000.00,"okres Tvrdošín",Nižná,Nižná
JumDGD_wH9E,"4-room apartment","new construction",2576.92,"okres Žilina","Rajecké Teplice","Rajecké Teplice"
JuV9NY1IIlj,"1-room apartment","under construction",3429.87,"okres Ružomberok",Ružomberok,Roveň
Jutms5kvMoG,"4-room apartment","fully renovated",2285.71,"okres Martin",Martin,Stred
JuvBgKU_KI7,"4-room apartment","fully renovated",2663.37,"okres Žilina",Žilina,"Staré mesto"
Jueqkk2FQTK,"3-room apartment","new construction",3684.21,"okres Žilina",Žilina,Bôrik
JuMqUg0JlP-,"4-room apartment","new construction",2461.54,"okres Ružomberok",Ružomberok,"Staré mesto"
JuMQiZOnaxz,"2-room apartment","new construction",NULL,"okres Turčianske Teplice","Turčianske Teplice",Stred
JuhS38paEh6,"4-room apartment","development project",3827.60,"okres Žilina",Žilina,"Staré mesto"
Ju_1ltAlD0n,"1-room apartment","new construction",3695.37,"okres Ružomberok",Bešeňová,Bešeňová
Ju6oo_vEaT-,"holiday apartment","new construction",2791.18,"okres Liptovský Mikuláš","Demänovská Dolina","Demänovská Dolina"
JuLxu_TUApX,"2-room apartment","new construction",3373.47,"okres Žilina",Žilina,Hájik
Ju72GUoSgLH,"2-room apartment","new construction",3364.23,"okres Žilina",Žilina,Vlčince
Ju3VAHb4p44,"2-room apartment","fully renovated",2659.80,"okres Kysucké Nové Mesto","Kysucké Nové Mesto",Sídlisko
JuxCreRo0qw,"1-room apartment","new construction",4359.09,"okres Žilina",Žilina,"Staré mesto"
JuzOH2MtpxX,"2-room apartment","fully renovated",1937.50,"okres Martin",Martin,Sever
JuEDjVYN-JT,"2-room apartment","new construction",3752.83,"okres Žilina",Žilina,Bytčica
JucJbLC42bG,"5+ room apartment","partially renovated",2448.28,"okres Žilina",Žilina,Hájik
JupibY8fOsV,"3-room apartment",unrenovated,1535.48,"okres Kysucké Nové Mesto","Horný Vadičov","Horný Vadičov"
JuoszPD854T,"3-room apartment","new construction",2740.74,"okres Liptovský Mikuláš","Liptovský Hrádok",Dovalovo
JumaaMybJmZ,"3-room apartment","partially renovated",2430.56,"okres Žilina",Žilina,Hájik
JudrbteyWzE,"1-room apartment","new construction",3515.15,"okres Dolný Kubín","Dolný Kubín",Brezovec
JuoS3WYoWLk,"holiday apartment",unrenovated,4675.00,"okres Liptovský Mikuláš","Demänovská Dolina","Demänovská Dolina"
JubfQKHfr_c,"1-room apartment","fully renovated",3169.57,"okres Martin",Valča,Valča
JuOC5yzde-c,"2-room apartment","new construction",3267.24,"okres Žilina","Rajecké Teplice","Rajecké Teplice"
JuinVbJn01k,"4-room apartment","under construction",3536.51,"okres Žilina",Žilina,Hájik
JurI-U1p2qQ,"1-room apartment","fully renovated",1638.73,"okres Liptovský Mikuláš","Liptovský Mikuláš","Staré mesto"
JuhS9MQTC4v,"2-room apartment","fully renovated",2549.28,"okres Žilina",Žilina,Vlčince
JuPLeekzh_5,"1-room apartment","fully renovated",1950.00,"okres Ružomberok",Ružomberok,"Staré mesto"
JuTcgjCG15n,"2-room apartment","partially renovated",3200.00,"okres Žilina",Žilina,Hájik
JucZiE4o7Os,"2-room apartment","fully renovated",1789.61,"okres Čadca",Staškov,Staškov
JuudHQ4gWHh,"2-room apartment","fully renovated",3829.55,"okres Žilina",Žilina,"Staré mesto"
Ju1HQtU3BUR,"3-room apartment","fully renovated",NULL,"okres Ružomberok",Ružomberok,"Staré mesto"
JuhRFtZO6yy,"2-room apartment","fully renovated",2892.31,"okres Žilina",Žilina,"Staré mesto"
Ju300FaVEg0,"holiday apartment","fully renovated",1630.38,"okres Čadca",Makov,Makov
JugoHMXehPQ,"2-room apartment",unrenovated,1566.67,"okres Dolný Kubín","Dolný Kubín",Brezovec
Ju75jE-v_Ti,"3-room apartment","fully renovated",1922.22,"okres Martin",Martin,Priekopa
JuDoM_pyCOY,"3-room apartment","fully renovated",NULL,"okres Martin",Sučany,Sučany
JujnVWbv0Ea,"3-room apartment",unrenovated,1517.65,"okres Martin",Vrútky,"Horné Vrútky"
Ju0XKwDGI6a,"2-room apartment","fully renovated",2257.73,"okres Žilina",Žilina,"Staré mesto"
Juu0CU0P8i0,"3-room apartment","partially renovated",1117.02,"okres Liptovský Mikuláš","Svätý Kríž","Svätý Kríž"
JuaeBjYnlrd,"1-room apartment","new construction",4108.33,"okres Žilina",Žilina,"Staré mesto"
Jug2x-YuHAi,"1-room apartment","new construction",4148.48,"okres Žilina",Žilina,"Staré mesto"
JuFDFNeJqxq,"3-room apartment","fully renovated",2434.78,"okres Martin",Martin,Ľadoveň
JuL6Lg1QL2c,"2-room apartment","partially renovated",2068.97,"okres Martin",Martin,Priekopa
JuE8s31Sl55,"3-room apartment","new construction",2170.46,"okres Bytča",Bytča,Pšurnovice
JuJeYUPavsEk,"holiday apartment","new construction",7804.88,"okres Liptovský Mikuláš","Demänovská Dolina","Demänovská Dolina"
JuzuJS1LpbR,"2-room apartment",unrenovated,NULL,"okres Žilina",Žilina,Hliny
JuQ4A208KjZ,"holiday apartment","new construction",7160.49,"okres Liptovský Mikuláš","Demänovská Dolina","Demänovská Dolina"
JuKlYZCt0j5,"studio apartment","new construction",1428.57,"okres Liptovský Mikuláš",Vlachy,Vlachy
JuFzBbUk-Xv,"holiday apartment","new construction",6402.44,"okres Liptovský Mikuláš","Demänovská Dolina","Demänovská Dolina"
JuGfQvKSzkr,"3-room apartment",unrenovated,1551.32,"okres Martin",Martin,Záturčie
Ju5SD8mmuUt,"2-room apartment","new construction",4006.94,"okres Žilina",Žilina,"Staré mesto"
JuL4Of85hI-,"holiday apartment",unrenovated,4398.03,"okres Liptovský Mikuláš","Liptovský Mikuláš",Demänová
JuSWGTnCZur,"3-room apartment","partially renovated",2000.00,"okres Martin",Martin,Košúty
JuWKKdSpysj,"4-room apartment",unrenovated,NULL,"okres Liptovský Mikuláš","Liptovský Mikuláš",Demänová
JulmO4nyPV1,"4-room apartment","fully renovated",1905.34,"okres Martin",Martin,Priekopa
JuqHgAmAWwG,"3-room apartment","under construction",2965.36,"okres Kysucké Nové Mesto","Kysucké Nové Mesto",Kamence
JuSXCvc_TgO,"2-room apartment","under construction",3281.21,"okres Žilina",Žilina,Hájik
Ju-aCcpkFTl,"3-room apartment","under construction",2941.64,"okres Kysucké Nové Mesto","Kysucké Nové Mesto",Kamence
JukgHXnk_FH,"2-room apartment",unrenovated,2300.00,"okres Martin",Martin,Stred
JuppkYCT654,"1-room apartment","fully renovated",NULL,"okres Martin",Martin,Stred
JuEvHi31Kuc,"3-room apartment","new construction",2708.33,"okres Žilina",Žilina,"Staré mesto"
Julb0pINzt_,"4-room apartment","new construction",2863.64,"okres Žilina",Žilina,Vlčince
JuQtjXuvBCs,"studio apartment","fully renovated",2130.00,"okres Čadca",Turzovka,Stred
JueB0gAOmwn,"2-room apartment","partially renovated",2734.38,"okres Žilina",Žilina,Hliny
Ju9UkKAGv88,"4-room apartment","new construction",2863.64,"okres Žilina",Žilina,Vlčince
JuemfCeEc7H,"2-room apartment","fully renovated",3275.98,"okres Žilina","Rajecké Teplice","Rajecké Teplice"
Ju4uaW2Y4yL,"holiday apartment","new construction",6725.45,"okres Liptovský Mikuláš","Demänovská Dolina","Demänovská Dolina"
JuOBBX6-RMz,"2-room apartment","new construction",2500.00,"okres Martin",Martin,Stred
JuWIHesej0g,"2-room apartment","fully renovated",2228.57,"okres Žilina",Žilina,"Staré mesto"
JuKnGrQfPf8P,"2-room apartment","new construction",3646.30,"okres Žilina",Žilina,Bytčica
JuocwBv9B8E,"3-room apartment","partially renovated",NULL,"okres Žilina","Dlhé Pole","Dlhé Pole"
JuTk10X0x-i,"holiday apartment","new construction",NULL,"okres Liptovský Mikuláš","Demänovská Dolina","Demänovská Dolina"
JuP28alhfCi,"3-room apartment","fully renovated",2834.33,"okres Žilina",Žilina,Hliny
JuwnuvEmJ5E,"3-room apartment","new construction",2570.65,"okres Námestovo",Zubrohlava,Zubrohlava
JuFa19Ow0Dt,"3-room apartment","partially renovated",1885.96,"okres Martin",Martin,Stred
JuCqI77KeMc,"2-room apartment","partially renovated",1875.00,"okres Martin",Turany,Turany
JueW1n9AoIx,"3-room apartment","new construction",2336.96,"okres Žilina",Žilina,Závodie
JujhD3lGKSF,"2-room apartment","fully renovated",2544.78,"okres Žilina",Žilina,Vlčince
JuwdAcDikt2,"2-room apartment","partially renovated",3305.08,"okres Žilina",Žilina,Závodie
JuNwRfCAG1O,"2-room apartment","under construction",2690.44,"okres Martin",Martin,Jahodníky
JuUgOGFJBDF,"4-room apartment","fully renovated",2039.77,"okres Kysucké Nové Mesto","Kysucké Nové Mesto",Sídlisko
JuQwMUprpPT,"3-room apartment","new construction",2491.67,"okres Kysucké Nové Mesto","Kysucké Nové Mesto",Sídlisko
JucEibGbMaV,"holiday apartment","new construction",3303.80,"okres Liptovský Mikuláš","Liptovský Mikuláš",Demänová
Juc7SyZSucw0,"holiday apartment","new construction",5972.22,"okres Liptovský Mikuláš","Demänovská Dolina","Demänovská Dolina"
Juszi7YaqvT,"3-room apartment","partially renovated",1760.56,"okres Ružomberok",Ružomberok,NULL
Ju8T6cE3M46O,"2-room apartment","new construction",3330.77,"okres Ružomberok",Ružomberok,Hrabovo
Ju6ic7zNy9_,"3-room apartment","under construction",NULL,"okres Žilina","Lietavská Lúčka","Lietavská Lúčka"
JuMCWySZsct,"4-room apartment","new construction",4279.23,"okres Žilina",Žilina,Vlčince
Ju0_qpYyImE,"1-room apartment","fully renovated",3228.62,"okres Liptovský Mikuláš","Liptovský Mikuláš","Staré mesto"
JuQo0PP1022,"2-room apartment","new construction",3370.99,"okres Žilina",Žilina,Vlčince
Ju8w7xSU6tn,"2-room apartment","fully renovated",4017.86,"okres Žilina",Žilina,Bôrik
JuUPYByvH-3,"4-room apartment","new construction",3828.28,"okres Žilina",Žilina,"Staré mesto"
Ju8gkOV9Ua-,"holiday apartment","new construction",3960.40,"okres Ružomberok",Bešeňová,Bešeňová
JudjVeywOJE,"2-room apartment",unrenovated,1964.91,"okres Martin",Martin,Sever
JuMOG3S1mHU,"2-room apartment","new construction",NULL,"okres Martin",Martin,Tomčany
JuGHqD4k0Bi,"3-room apartment","fully renovated",2000.00,"okres Čadca",Čadca,Kyčerka
JuirbsBqAtw,"5+ room apartment","partially renovated",NULL,"okres Martin",Lipovec,Lipovec
JuX6bDcbxKm,"3-room apartment","new construction",3173.02,"okres Martin",Martin,Stred
JuO5mITkYRm,"1-room apartment","fully renovated",3206.90,"okres Kysucké Nové Mesto","Kysucké Nové Mesto",Sídlisko
JuRBfIzNbvG,"holiday apartment","new construction",6992.71,"okres Liptovský Mikuláš","Demänovská Dolina","Demänovská Dolina"
JugK_iVZsVR,"2-room apartment","partially renovated",2481.48,"okres Ružomberok",Ružomberok,Baničné
JuCzDBx82gn,"2-room apartment","partially renovated",2048.56,"okres Ružomberok",Ružomberok,"Staré mesto"
Juo-BgN_Y9D,maisonette,"new construction",2616.18,"okres Liptovský Mikuláš","Liptovský Mikuláš","Liptovská Ondrašová"
JuzTIfdr-oi,"4-room apartment","fully renovated",2586.12,"okres Žilina",Žilina,"Staré mesto"
JuY2fWI7qOb,"1-room apartment","new construction",3472.22,"okres Martin",Martin,Priekopa
JukBksFoVDN,"holiday apartment","new construction",3023.81,"okres Ružomberok",Ružomberok,Hrabovo
JuZiQf_R1fN,"3-room apartment","new construction",NULL,"okres Žilina",Divina,Divina
JuyhufYl9nJ,"4-room apartment","under construction",1217.66,"okres Žilina",Ďurčiná,Ďurčiná
JuICDmblLAV,"3-room apartment","partially renovated",NULL,"okres Liptovský Mikuláš","Liptovský Mikuláš","Vrbica - Nábrežie"
JulVRQnK87Q,"3-room apartment","partially renovated",1837.50,"okres Čadca",Čadca,Kyčerka
JugCrJ6aqt6,"2-room apartment","new construction",4698.58,"okres Liptovský Mikuláš","Demänovská Dolina","Demänovská Dolina"
Juq3lnZLMdJ,"studio apartment","new construction",NULL,"okres Žilina",Žilina,Závodie
JuNgKsGWJb_,"3-room apartment","fully renovated",NULL,"okres Žilina",Žilina,Vlčince
JuFOaiRGATh,"3-room apartment","under construction",2752.20,"okres Ružomberok",Ružomberok,Roveň
Juqh8kAz6Ws,"2-room apartment","partially renovated",1317.68,"okres Liptovský Mikuláš",Dúbrava,Dúbrava
JuIgXokL5hc,"4-room apartment","fully renovated",2357.14,"okres Martin",Martin,Priekopa
JuD6R0F6XVX,"3-room apartment","partially renovated",1416.58,"okres Martin",Sučany,Sučany
JuSh4rLdnzP,"1-room apartment","new construction",3997.37,"okres Žilina",Žilina,"Staré mesto"
JuiOse4gKiU,"2-room apartment","new construction",1978.69,"okres Liptovský Mikuláš","Liptovský Hrádok",Celiny
JuRMVAMTIbE,"2-room apartment","new construction",6066.67,"okres Liptovský Mikuláš","Demänovská Dolina","Demänovská Dolina"
Ju0CrnhCGrs,"4-room apartment","partially renovated",2076.88,"okres Žilina",Žilina,"Staré mesto"
JuwgpofL0aK,"2-room apartment","partially renovated",NULL,"okres Námestovo",Námestovo,NULL
JudY9Gw22hd,"2-room apartment","development project",2694.22,"okres Ružomberok",Ružomberok,Baničné
JuKkQSr7yLI,"3-room apartment","partially renovated",NULL,"okres Martin",Martin,Košúty
JumCrfhYhfV,"holiday apartment","new construction",5480.77,"okres Liptovský Mikuláš","Demänovská Dolina","Demänovská Dolina"
Ju5L8AAHtJp,"1-room apartment","partially renovated",3166.67,"okres Martin",Martin,Stred
Ju46o5YnbQR,"2-room apartment","new construction",2879.78,"okres Ružomberok",Bešeňová,Bešeňová
JuAZvxGvcMl,"2-room apartment","fully renovated",2800.00,"okres Žilina",Žilina,"Staré mesto"
Juo8hsv1xWR,"holiday apartment","new construction",2235.08,"okres Martin",Valča,Valča
JukVF1PHUJU,"3-room apartment","partially renovated",2064.46,"okres Martin",Martin,Záturčie
JuaD4qSzRhl,"4-room apartment","new construction",2083.33,"okres Žilina","Dolný Hričov","Dolný Hričov"
JuVuoYcJToJ,"studio apartment","partially renovated",NULL,"okres Žilina",Žilina,Vlčince
JuqRHR8iBLi,"3-room apartment","partially renovated",2000.00,"okres Čadca","Krásno nad Kysucou",Stred
Ju_mO5F1KAW,"4-room apartment","new construction",3238.65,"okres Žilina",Žilina,"Staré mesto"
JuRHCARxbUa,"3-room apartment","new construction",2662.90,"okres Martin",Martin,Stred
JuY6ZkaPSRF,"1-room apartment","new construction",3688.10,"okres Ružomberok",Bešeňová,Bešeňová
JuG5b3bSJJl,"2-room apartment","fully renovated",2226.42,"okres Martin",Martin,Podháj
Juatx6SLjDH,"3-room apartment","fully renovated",2790.34,"okres Dolný Kubín","Dolný Kubín","Veľký Bysterec"
Ju7pt9GBh0f,"4-room apartment","partially renovated",2349.40,"okres Martin",Martin,Ľadoveň
JuYxNvuFp4O,"1-room apartment","partially renovated",1428.29,"okres Liptovský Mikuláš",Bobrovník,Bobrovník
Ju2F2PEA16h,"2-room apartment","fully renovated",3475.00,"okres Ružomberok",Bešeňová,Bešeňová
JugymUldnU-,house,"fully renovated",340.28,"okres Martin",Sučany,Sučany
Justu1hySer,house,"new construction",1981.98,"okres Čadca",Makov,Makov
JurZTuUssP0,house,"new construction",1330.65,"okres Bytča",Bytča,"Hliník nad Váhom"
JutFw8pKjMj,house,unrenovated,537.69,"okres Kysucké Nové Mesto",Lodno,Lodno
JuKW3SQ8Df4,house,"partially renovated",353.85,"okres Čadca",Makov,Makov
JulChkHGviO,house,unrenovated,408.33,"okres Čadca",Radôstka,Radôstka
Ju4fcPQtwwm,house,unrenovated,1738.46,"okres Žilina",Žilina,"Mojšová Lúčka"
JuODbu2kNkQ,house,"under construction",1537.74,"okres Martin",Slovany,Slovany
JuLJB10v5yK,house,"fully renovated",2500.00,"okres Žilina",Žilina,Trnové
Ju2gistO4oo,house,unrenovated,1961.54,"okres Martin",Martin,Priekopa
JuDeBj46p9m,house,unrenovated,1062.22,"okres Turčianske Teplice","Turčianske Teplice",Stred
JubUhU28foO,house,unrenovated,118.25,"okres Kysucké Nové Mesto",Rudinská,Rudinská
JuSsCe7WLb6P,house,"partially renovated",185.29,"okres Ružomberok","Liptovské Revúce","Liptovské Revúce"
JuB2SVYi89D,house,"partially renovated",720.00,"okres Žilina","Rajecká Lesná","Rajecká Lesná"
JuO8b3FD9Ii,house,"fully renovated",1452.38,"okres Liptovský Mikuláš","Liptovská Sielnica","Liptovská Sielnica"
Ju30CSFlSqq,house,"new construction",1066.67,"okres Martin",Martin,Stred
JuLk2inqSKl,house,"fully renovated",3804.12,"okres Ružomberok",Bešeňová,Bešeňová
JuYNloJYOdw,house,unrenovated,NULL,"okres Martin",Príbovce,Príbovce
JuzM9_Wad8Q,house,unrenovated,NULL,"okres Žilina",Žilina,"Považský Chlmec"
JurM0RjMVTd,house,unrenovated,NULL,"okres Liptovský Mikuláš","Liptovské Beharovce","Liptovské Beharovce"
Jus9K8u_7WI,house,unrenovated,1500.00,"okres Námestovo",Vavrečka,Vavrečka
JulZg30zNO8,house,"partially renovated",1076.00,"okres Žilina","Lietavská Lúčka","Lietavská Lúčka"
JuJjPVMhkUw,house,"new construction",1439.96,"okres Martin",Martin,Priekopa
JudQy8A1FLU,house,"partially renovated",869.13,"okres Kysucké Nové Mesto",Ochodnica,Ochodnica
Ju1eOtgzhMF,house,"new construction",2499.88,"okres Bytča","Veľké Rovné","Veľké Rovné"
Jui4dVLb9Ci,house,"new construction",2318.18,"okres Martin","Kláštor pod Znievom","Kláštor pod Znievom"
JuC8my3kfcD,house,unrenovated,3500.00,"okres Liptovský Mikuláš","Demänovská Dolina","Demänovská Dolina"
JultKoQUF1n,house,"fully renovated",658.73,"okres Martin",Valča,Valča
JuSbYhRyin-,house,"fully renovated",1395.42,"okres Žilina","Teplička nad Váhom","Teplička nad Váhom"
JucbDZIqH5K,house,"fully renovated",515.87,"okres Dolný Kubín","Medzibrodie nad Oravou","Medzibrodie nad Oravou"
JuTe9xTBEze,house,unrenovated,1445.95,"okres Žilina","Rajecké Teplice","Rajecké Teplice"
Ju9jNRRDueP,house,"new construction",3428.57,"okres Liptovský Mikuláš","Liptovský Ján","Liptovský Ján"
Ju7QtyDiguT,house,"fully renovated",NULL,"okres Liptovský Mikuláš","Liptovský Trnovec","Liptovský Trnovec"
Ju8LEFRICza,house,"under construction",1519.95,"okres Liptovský Mikuláš","Liptovský Mikuláš","Vrbica - Nábrežie"
JuCFEhTrJgF,house,"new construction",2232.71,"okres Žilina","Lietavská Svinná-Babkov","Lietavská Svinná-Babkov"
Juec1wGmCc3,house,"partially renovated",864.13,"okres Žilina","Veľká Čierna","Veľká Čierna"
JucEPDkzxLE,house,"partially renovated",NULL,"okres Liptovský Mikuláš","Liptovský Hrádok",Dovalovo
JuLVnnHvRdJ,house,"partially renovated",NULL,"okres Martin",Daňová,Ďanová
JuxpGt9B3Fh,house,unrenovated,1166.67,"okres Martin",Príbovce,Príbovce
Ju3Q6cuW_-I,house,unrenovated,665.83,"okres Ružomberok","Liptovské Revúce","Liptovské Revúce"
Jul9YtuXJRu,house,"new construction",1582.22,"okres Ružomberok",Ružomberok,Baničné
Jukf6G0DA_c,house,"partially renovated",1145.83,"okres Bytča",Bytča,"Veľká Bytča"
JurJNQloNhD,house,unrenovated,1544.44,"okres Kysucké Nové Mesto",Radoľa,Radoľa
JuDIjw5Cu2m,house,"partially renovated",1655.56,"okres Turčianske Teplice","Slovenské Pravno","Slovenské Pravno"
Ju_HmYYnmau,house,"new construction",1931.82,"okres Martin",Martin,Stred
Juoe47l29P7,house,"under construction",1715.85,"okres Žilina",Žilina,Trnové
Ju00Y-txNcF,house,"partially renovated",264.01,"okres Liptovský Mikuláš",Pribylina,Pribylina
Ju9Co1t0hDa,house,unrenovated,996.55,"okres Žilina",Porúbka,Porúbka
Ju4LWhuX-Wj,house,"fully renovated",NULL,"okres Ružomberok",Ružomberok,"Biely Potok"
Ju6imjQhc-A,house,"partially renovated",1360.00,"okres Liptovský Mikuláš",Pribylina,Pribylina
Ju8NNuGE6Yk,house,"new construction",2850.00,"okres Martin","Turčiansky Peter","Turčiansky Peter"
Jubn7zHTz__,house,"partially renovated",945.83,"okres Tvrdošín",Nižná,Nižná
JuqnxCpkC06,house,"new construction",2361.33,"okres Dolný Kubín","Oravská Poruba","Oravská Poruba"
Juic0vZirTi,house,"fully renovated",NULL,"okres Martin",Martin,Stred
Ju1Ow9ypb4x,house,"new construction",1874.36,"okres Námestovo","Oravská Lesná","Oravská Lesná"
JuS8ciWyKMi,house,unrenovated,1400.00,"okres Ružomberok",Ružomberok,"Staré mesto"
JubTPdj-awZ,house,"under construction",1109.12,"okres Turčianske Teplice",Budiš,Budiš
JuwyMSYxoql,house,unrenovated,1280.00,"okres Žilina","Dolný Hričov","Dolný Hričov"
JuGIhhHbPqD,house,"new construction",273.21,"okres Turčianske Teplice","Malý Čepčín","Malý Čepčín"
JuxiHYI3lEP,house,"new construction",3651.79,"okres Žilina",Bitarová,Bitarová
JuS_u3LjF53,house,"partially renovated",NULL,"okres Martin",Martin,Stráne
JuIAC6P7EYu,house,"new construction",536.91,"okres Dolný Kubín",Párnica,Párnica
JubCxmg2ZUA,house,"fully renovated",768.12,"okres Čadca",Oščadnica,Oščadnica
JuSi1nzOb00,house,"new construction",2050.00,"okres Kysucké Nové Mesto","Horný Vadičov","Horný Vadičov"
JuwBtG9o2r1,house,"new construction",1472.18,"okres Čadca","Nová Bystrica","Nová Bystrica"
JuN_zFqT9wt,house,"fully renovated",1811.11,"okres Martin","Turčianska Štiavnička","Turčianska Štiavnička"
JuR8Ev-aWaZ,house,"partially renovated",NULL,"okres Martin",Sučany,Sučany
JuJogxACsrH,house,"new construction",NULL,"okres Čadca","Stará Bystrica","Stará Bystrica"
JuZBjxQ80zt,house,"new construction",1833.33,"okres Ružomberok",Ružomberok,"Pod Skalami"
JuGyarQH5Tu,house,"fully renovated",573.77,"okres Martin",Žabokreky,Žabokreky
JusX_sL1pCY,house,unrenovated,416.67,"okres Ružomberok",Ružomberok,Baničné
JuMReNzFrmm,house,unrenovated,780.70,"okres Ružomberok","Liptovské Revúce","Liptovské Revúce"
JufUCJs2WIN,house,"partially renovated",1741.67,"okres Martin","Košťany nad Turcom","Košťany nad Turcom"
JuApxJ94ky1,house,"fully renovated",1079.90,"okres Martin",Trebostovo,Trebostovo
JuViiwQVAc8,house,"new construction",NULL,"okres Martin",Vrútky,"Karvaša a Bláhovca"
Ju7iLKVUgMi,house,"new construction",NULL,"okres Martin",Valča,Valča
Ju_j96JYJ3R,house,"fully renovated",3074.77,"okres Žilina",Stráňavy,Stráňavy
JuacBqltuem,house,"partially renovated",NULL,"okres Žilina","Teplička nad Váhom","Teplička nad Váhom"
Ju5jLRFNJLG,house,"new construction",3511.45,"okres Bytča",Bytča,"Hliník nad Váhom"
JuzhCWgXTbr,house,"partially renovated",332.54,"okres Žilina",Gbeľany,Gbeľany
Ju7pOpcYmHI,house,"new construction",2551.66,"okres Žilina",Podhorie,Podhorie
Jueg5nyRwtD,house,"partially renovated",313.97,"okres Žilina",Terchová,Terchová
Jua2IIfvhoU,house,"new construction",260.00,"okres Martin",Vrútky,"Karvaša a Bláhovca"
Juq1uzcK3Zo,house,unrenovated,1314.29,"okres Turčianske Teplice",Mošovce,Mošovce
JuwSpmc62PT,house,unrenovated,573.08,"okres Žilina",Lysica,Lysica
Jue8D9Iu4Hk,house,unrenovated,NULL,"okres Martin",Martin,Podháj
JuPi43juw_9,house,"partially renovated",NULL,"okres Čadca",Oščadnica,Oščadnica
JuIasSYB1E7,house,"new construction",3555.56,"okres Martin","Dolný Kalník","Dolný Kalník"
JuE3k8ViQWV,house,unrenovated,1793.33,"okres Žilina",Žilina,Trnové
JurU1U7jogn,house,unrenovated,1120.00,"okres Martin",Vrútky,"Dolné Vrútky"
Ju_X-eauvqo,house,"new construction",2254.72,"okres Kysucké Nové Mesto","Lopušné Pažite","Lopušné Pažite"
Ju3rTqNsM-F,house,"partially renovated",NULL,"okres Liptovský Mikuláš","Liptovský Mikuláš","Staré mesto"
JuOWl6BKLUg,house,unrenovated,642.86,"okres Čadca",Staškov,Staškov
JuJKCTa_I_C,house,unrenovated,1400.00,"okres Martin",Belá-Dulice,Belá-Dulice
JuV4X4JdJ77,house,"new construction",1718.75,"okres Turčianske Teplice","Turčianske Teplice","Turčiansky Michal"
JujjP_MAirA,house,"partially renovated",3312.50,"okres Dolný Kubín","Dolný Kubín",Mokraď
JueY97MJhb3,house,unrenovated,2750.00,"okres Žilina",Žilina,"Malá Praha"
JuEYMzmIY0N,house,"partially renovated",1025.00,"okres Turčianske Teplice","Horná Štubňa","Horná Štubňa"
JubZoYrfSp9,house,"new construction",2771.60,"okres Žilina",Žilina,Bánová
JuNCU6i77yo,house,"partially renovated",1825.00,"okres Martin",Sučany,Sučany
Jui2H8Mq_jX,house,"new construction",2112.00,"okres Liptovský Mikuláš",Prosiek,Prosiek
JuhR8_uiRxX,house,"partially renovated",428.57,"okres Ružomberok",Komjatná,Komjatná
JuOitn_WAgJ,house,"fully renovated",747.51,"okres Liptovský Mikuláš","Veľké Borové","Veľké Borové"
JueomUxUD_x,house,"under construction",2172.73,"okres Kysucké Nové Mesto","Lopušné Pažite","Lopušné Pažite"
JuIa9S8sGpG,house,"development project",2231.40,"okres Žilina",Žilina,Trnové
JuhybejcNce,house,unrenovated,4062.50,"okres Žilina",Žilina,"Staré mesto"
JudjXQh6SyX,house,"partially renovated",NULL,"okres Ružomberok",Stankovany,Stankovany
JujhU5M-jAg,house,unrenovated,951.90,"okres Martin",Bystrička,Bystrička
JudzDOvNunu,house,unrenovated,173.53,"okres Martin",Martin,"Kolónia Hviezda"
JuqIXurDwQ_,house,"fully renovated",3312.50,"okres Žilina",Turie,Turie
Ju-2w5wgukg,house,unrenovated,NULL,"okres Liptovský Mikuláš","Partizánska Ľupča","Partizánska Ľupča"
Ju4X02ZQGPa,house,"fully renovated",3095.24,"okres Kysucké Nové Mesto",Snežnica,Snežnica
JuPdbj_I7Hc,house,unrenovated,149.46,"okres Ružomberok",Ružomberok,Černová
JuEHqE5JgWy,house,"new construction",NULL,"okres Tvrdošín",Zábiedovo,Zábiedovo
Ju88y75X0Gs,house,"new construction",899.67,"okres Ružomberok",Ružomberok,"Biely Potok"
JukLj5VG39M,house,"new construction",1614.02,"okres Žilina","Rajecká Lesná","Rajecká Lesná"
Ju3I_NXNtd2,house,unrenovated,NULL,"okres Turčianske Teplice","Turčianske Teplice","Turčiansky Michal"
Ju0TAHkXz3F,house,"new construction",2626.32,"okres Žilina",Mojš,Mojš
JujeHqSaOD9,house,"fully renovated",1264.97,"okres Kysucké Nové Mesto",Rudinská,Rudinská
JumkXTsGPeO,house,"under construction",1545.36,"okres Martin",Necpaly,Necpaly
JuhK758b38X,house,"new construction",1785.43,"okres Žilina",Divina,Divina
Ju_D1IbOI5l,house,"new construction",1193.40,"okres Liptovský Mikuláš","Závažná Poruba","Závažná Poruba"
JucYnfxB91V,house,"new construction",2090.91,"okres Ružomberok","Liptovské Sliače","Liptovské Sliače"
JufRC9onHuL,house,"new construction",NULL,"okres Čadca",Oščadnica,Oščadnica
JuvbAAJAVQ8,house,unrenovated,NULL,"okres Turčianske Teplice","Turčianske Teplice",Stred
Ju5R8pDPeWZ,house,"fully renovated",1212.12,"okres Martin",Martin,"Kolónia Hviezda"
Ju6HLriDjfB,house,"new construction",2881.48,"okres Ružomberok","Liptovská Štiavnica","Liptovská Štiavnica"
Ju7mrdPR_cn,house,"fully renovated",914.75,"okres Bytča",Štiavnik,Štiavnik
Ju-2YZ37zxt,house,"partially renovated",947.26,"okres Liptovský Mikuláš",Važec,Važec
Ju1cp4Zdad9,house,"new construction",2007.46,"okres Ružomberok","Liptovské Sliače","Liptovské Sliače"
JuImZsLhUXIL,house,"under construction",590.91,"okres Čadca",Skalité,Skalité
JulXcIcccXx,house,"new construction",1095.00,"okres Martin",Valča,Valča
Ju2sBY5BIo1,house,"fully renovated",1840.00,"okres Žilina",Mojš,Mojš
JuE7_yY48hp,house,unrenovated,700.00,"okres Liptovský Mikuláš","Liptovská Kokava","Liptovská Kokava"
JutBfeFBhgA,house,"fully renovated",529.38,"okres Dolný Kubín",Osádka,Osádka
JuZhO-rErgT,house,"partially renovated",576.47,"okres Čadca","Vysoká nad Kysucou","Vysoká nad Kysucou"
JuDTlIGxbmz,house,"new construction",1942.11,"okres Kysucké Nové Mesto","Horný Vadičov","Horný Vadičov"
JuOha8XJ-eZ,house,unrenovated,NULL,"okres Martin",Vrútky,"Karvaša a Bláhovca"
Ju2EG21S4h4,house,"new construction",NULL,"okres Liptovský Mikuláš",Bobrovník,Bobrovník
Jum5hTEjQIq,house,unrenovated,104.17,"okres Turčianske Teplice","Turčianske Teplice",Stred
JuG-bGr9or0,house,"new construction",529.41,"okres Martin",Martin,Stráne
JumII_lj6i4,house,"new construction",3809.52,"okres Žilina",Svederník,Svederník
JunpOFmuQsM,house,"fully renovated",950.00,"okres Čadca",Makov,Makov
JuPk491VBKN,house,"partially renovated",NULL,"okres Žilina",Stráňavy,Stráňavy
JuaDU5eWN9y,house,"under construction",1645.51,"okres Čadca","Stará Bystrica","Stará Bystrica"
JumPsboVI0c,house,"partially renovated",2792.36,"okres Kysucké Nové Mesto","Horný Vadičov","Horný Vadičov"
JucsRg9RieN,house,"partially renovated",1572.58,"okres Martin",Martin,Priekopa
JuM4P4vy0RV,house,"new construction",1743.21,"okres Žilina",Žilina,"Žilinská Lehota"
JufSen-CtV2,house,"fully renovated",NULL,"okres Martin","Kláštor pod Znievom","Kláštor pod Znievom"
Ju2TFOMHJIO,house,"fully renovated",1871.35,"okres Martin",Lipovec,Lipovec
JuUMimgiwBf,house,unrenovated,1230.00,"okres Kysucké Nové Mesto","Kysucké Nové Mesto","Budatínska Lehota"
Jukz4cqoQIH,house,"new construction",1666.67,"okres Čadca",Makov,Makov
JuKIg369MuS,house,"partially renovated",68.42,"okres Liptovský Mikuláš",Bukovina,Bukovina
JuBqrsBTBJs,house,"new construction",1607.14,"okres Ružomberok",Ružomberok,"Staré mesto"
JuVsKCgx10t,house,"new construction",1875.54,"okres Žilina",Višňové,Višňové
Ju39WLkWIa0,house,"new construction",2850.00,"okres Martin","Turčiansky Peter","Turčiansky Peter"
JuYakCSM7Er,house,"partially renovated",830.00,"okres Turčianske Teplice",Háj,Háj
JuNQro8eb1w,house,unrenovated,593.69,"okres Turčianske Teplice",Turček,Turček
Jusa_KVAuJ7,house,"fully renovated",421.43,"okres Čadca",Svrčinovec,Svrčinovec
Jupd__eIrfW,house,"partially renovated",1180.91,"okres Martin",Vrútky,"Karvaša a Bláhovca"
JuVNXqUSw6h,house,"partially renovated",587.50,"okres Ružomberok",Ružomberok,"Staré mesto"
Ju0JlS9gfjG,house,"new construction",NULL,"okres Žilina",Turie,Turie
JuV0_j6OG4Q,house,unrenovated,1249.88,"okres Čadca","Stará Bystrica","Stará Bystrica"
JuE4imxVWwa,house,"new construction",2971.96,"okres Žilina",Žilina,Budatín
Juoa-Iz2VRV,house,unrenovated,378.57,"okres Čadca",Olešná,Olešná
JuNQtFNCOxb,house,unrenovated,389.21,"okres Liptovský Mikuláš","Uhorská Ves","Uhorská Ves"
Ju7atSyCG1P,house,unrenovated,2350.00,"okres Žilina",Žilina,Bytčica
JuvIyu9zHe0,house,"new construction",3511.45,"okres Bytča",Bytča,"Hliník nad Váhom"
Ju23oRXuRNw,house,unrenovated,836.96,"okres Čadca",Čadca,Horelica
JudhN1eg-Z1,house,"partially renovated",1822.15,"okres Liptovský Mikuláš","Liptovský Mikuláš",Demänová
Ju9kLci6QHU,house,"partially renovated",169.23,"okres Liptovský Mikuláš","Liptovská Porúbka","Liptovská Porúbka"
JuUeAjh6h4i,house,"under construction",1531.18,"okres Ružomberok",Ružomberok,Gejdák
JuddrVo_6K8,house,unrenovated,710.53,"okres Tvrdošín",Zábiedovo,Zábiedovo
JuiyJgEkcp7,house,unrenovated,1058.82,"okres Dolný Kubín",Veličná,Veličná
JuP7ORLd_oZ,house,"new construction",2729.57,"okres Žilina",Svederník,Svederník
JubSXyHD9FS,house,"new construction",2698.36,"okres Žilina",Bitarová,Bitarová
Ju2bFduldFu,house,unrenovated,NULL,"okres Žilina",Žilina,"Staré mesto"
JueNBBfFeD4,house,"partially renovated",1577.01,"okres Žilina",Varín,Varín
Ju9gt_dtFmu,house,"new construction",2850.00,"okres Martin","Turčiansky Peter","Turčiansky Peter"
JuCx5OqxogO,house,unrenovated,NULL,"okres Žilina",Rajec,Rajec
JugBNFAg1HA,house,"new construction",3322.92,"okres Ružomberok",Ružomberok,Rybárpole
JuE1L7QIb5r,house,unrenovated,1020.00,"okres Martin",Martin,Priekopa
Ju0MsknUaYA,house,"fully renovated",1512.00,"okres Žilina",Terchová,Terchová
Ju-iigXRX-E,house,"under construction",3431.37,"okres Martin",Martin,Priekopa
JuP-ssdj9MS,house,"partially renovated",805.56,"okres Čadca",Oščadnica,Oščadnica
Ju8trZQFbnP,house,unrenovated,1184.21,"okres Liptovský Mikuláš",Dúbrava,Dúbrava
Ju2H7rNABro,house,unrenovated,NULL,"okres Dolný Kubín","Dolný Kubín",Záskalie
Ju1GDbbrB55,house,unrenovated,1458.33,"okres Čadca",Čadca,Podzávoz
JueseIeLY2v,house,"partially renovated",877.56,"okres Čadca","Stará Bystrica","Stará Bystrica"
JuYd_ySpDkY,house,"partially renovated",NULL,"okres Martin",Martin,Priekopa
JuaMaWInHEa,house,"new construction",NULL,"okres Žilina","Dolný Hričov","Dolný Hričov"
JujFiU7wF23,house,"fully renovated",1868.75,"okres Bytča",Bytča,"Bytča - sever"
Jun5lwMOykP,house,"partially renovated",1801.39,"okres Dolný Kubín",Istebné,Istebné
JuxEotSi75n,house,"new construction",1409.09,"okres Čadca",Makov,Makov
JugeXc96z-v,house,"new construction",NULL,"okres Dolný Kubín","Dolný Kubín",Mokraď
Ju5GSMP-mjz,house,unrenovated,804.76,"okres Čadca",Čadca,Horelica
JujtVzSs6Xp,house,"partially renovated",1035.71,"okres Martin",Necpaly,Necpaly
JuHDbG3yLMb,house,"partially renovated",855.56,"okres Liptovský Mikuláš",Pribylina,Pribylina
Jug4SIOybnO,house,"fully renovated",581.63,"okres Martin",Martin,Stred
Ju1tsUeFhRS,house,"fully renovated",1552.43,"okres Žilina",Rosina,Rosina
Juws22--sLM,house,"partially renovated",1860.00,"okres Liptovský Mikuláš","Liptovský Trnovec","Liptovský Trnovec"
Ju3gJr9Nl-f,house,"partially renovated",1263.64,"okres Martin",Necpaly,Necpaly
JuiKlGUbKmU,house,"partially renovated",933.33,"okres Tvrdošín",Vitanová,Vitanová
JuvemPDdxob,house,"new construction",2420.17,"okres Kysucké Nové Mesto","Kysucké Nové Mesto","Budatínska Lehota"
Juv-ZyHYN0s,house,"new construction",3034.48,"okres Žilina",Hôrky,Hôrky
Ju9NWPjsyPl,house,unrenovated,1960.75,"okres Čadca",Zákopčie,Zákopčie
JuFzDxVJ2q6,house,unrenovated,1236.36,"okres Ružomberok","Liptovské Revúce","Liptovské Revúce"
JumvGr4WHDN,house,unrenovated,2222.22,"okres Žilina",Gbeľany,Gbeľany
JumL89VNCQA,house,"partially renovated",1291.67,"okres Ružomberok",Ružomberok,"Staré mesto"
Juxt1OSVKJl,house,"partially renovated",1480.00,"okres Žilina",Žilina,Závodie
JuE93RTyEY1k,house,unrenovated,999.50,"okres Ružomberok","Liptovská Lúžna","Liptovská Lúžna"
JuKa1Trlsqb,house,"partially renovated",1491.67,"okres Žilina","Dlhé Pole","Dlhé Pole"
JuO1xdQLtDm,house,"fully renovated",NULL,"okres Čadca",Čadca,Horelica
JuatbTPjpIq,house,"partially renovated",NULL,"okres Čadca","Krásno nad Kysucou",Blažkov
JucPea4Ivtx,house,"fully renovated",2115.12,"okres Žilina",Žilina,Brodno
JufqC5RH_Te,house,"partially renovated",990.00,"okres Turčianske Teplice","Turčianske Teplice",Stred
JuFqa8ebzxy,house,"new construction",2362.95,"okres Žilina",Terchová,Terchová
Ju9Mn4e894N,house,"partially renovated",725.00,"okres Žilina",Ďurčiná,Ďurčiná
JuWeOewD3Gg,house,"fully renovated",889.88,"okres Liptovský Mikuláš",Dúbrava,Dúbrava
JuuJvOruCyE,house,"new construction",1649.50,"okres Martin",Martin,Sever
Ju1Fv2ySoaS,house,unrenovated,1346.15,"okres Martin",Príbovce,Príbovce
JuFC-aJuKRa,house,unrenovated,126.49,"okres Žilina","Malá Čierna","Malá Čierna"
JuM2ROndAws,house,unrenovated,1083.33,"okres Martin",Martin,Priekopa
JuSs3N5i3rL,house,"new construction",2599.91,"okres Liptovský Mikuláš","Liptovský Mikuláš",Benice
JuKx19d2RCd,house,"fully renovated",NULL,"okres Martin",Martin,Jahodníky
JuY-SPBwd8P,house,"new construction",3688.00,"okres Liptovský Mikuláš",Smrečany,Smrečany
JuLWBKzZeJE,house,"new construction",1538.46,"okres Martin",Necpaly,Necpaly
JuD8rezKquD,house,"fully renovated",799.50,"okres Turčianske Teplice","Turčianske Teplice",Diviaky
Ju6NukP0wBz,house,"partially renovated",1233.33,"okres Liptovský Mikuláš","Liptovský Trnovec","Liptovský Trnovec"
JubU0eKdiVr,house,"new construction",3511.45,"okres Bytča",Bytča,"Hliník nad Váhom"
Jupwy58HyS3,house,"new construction",1991.67,"okres Liptovský Mikuláš","Liptovské Kľačany","Liptovské Kľačany"
Ju-h4ZgFDNR,house,unrenovated,NULL,"okres Liptovský Mikuláš",Hybe,Hybe
Jux_9WVvE-Q,house,unrenovated,695.00,"okres Turčianske Teplice","Horná Štubňa","Horná Štubňa"
JupBKdvb5-A,house,"partially renovated",311.00,"okres Liptovský Mikuláš","Liptovský Trnovec","Liptovský Trnovec"
JuCoSlVNCl5,house,"fully renovated",NULL,"okres Žilina",Strečno,Strečno
JugvlRDwxML,house,"new construction",1952.68,"okres Žilina",Lietava,Lietava
JuqOiX2gk_s,house,"fully renovated",2552.38,"okres Liptovský Mikuláš","Liptovský Mikuláš","Liptovská Ondrašová"
JusOQ86lFSqV,house,unrenovated,NULL,"okres Žilina",Žilina,"Považský Chlmec"
JuDOSPT3oT9,house,unrenovated,NULL,"okres Žilina",Hôrky,Hôrky
JuoQ_50mfjv,house,unrenovated,485.00,"okres Žilina",Stránske,Stránske
JuOCwLlVc6x,house,"partially renovated",2210.14,"okres Kysucké Nové Mesto","Kysucký Lieskovec","Kysucký Lieskovec"
JuHnEHB35K0,house,unrenovated,NULL,"okres Žilina",Terchová,Terchová
JuiW01vp_No,house,"new construction",1204.55,"okres Čadca",Čadca,Čadečka
JugGPssQETW,house,"fully renovated",639.67,"okres Dolný Kubín",Zázrivá,Zázrivá
JuVBGZswzO8,house,unrenovated,184.86,"okres Žilina","Rajecké Teplice","Rajecké Teplice"
Ju6igj_0jNC,house,"fully renovated",NULL,"okres Dolný Kubín","Oravský Podzámok","Oravský Podzámok"
Jun0rUiHHId,house,"new construction",1300.00,"okres Martin","Turčiansky Peter","Turčiansky Peter"
JubExmFeQF5H,house,unrenovated,571.07,"okres Liptovský Mikuláš","Závažná Poruba","Závažná Poruba"
JuRC_sngF0m,house,"fully renovated",2010.67,"okres Žilina",Terchová,Terchová
JumabMEntjy,house,unrenovated,1200.00,"okres Kysucké Nové Mesto",Povina,Povina
Jupi9oHSOxK,house,unrenovated,227.27,"okres Turčianske Teplice",Háj,Háj
JuhlHrJa9hV,house,"fully renovated",1246.43,"okres Martin",Martin,Stráne
Jufj_0Gj-0k,house,"partially renovated",1485.71,"okres Liptovský Mikuláš",Ľubeľa,Ľubeľa
JuqStupTj78,house,"partially renovated",1351.35,"okres Žilina",Žilina,"Staré mesto"
Juk3KAL7-tq,house,unrenovated,620.00,"okres Martin",Podhradie,Podhradie
JudpEUux9d7,house,unrenovated,NULL,"okres Liptovský Mikuláš","Závažná Poruba","Závažná Poruba"
Ju3LCu23qXh,house,"fully renovated",NULL,"okres Ružomberok",Ružomberok,"Staré mesto"
JutKedpOXQk,house,unrenovated,857.14,"okres Liptovský Mikuláš","Partizánska Ľupča","Partizánska Ľupča"
Juwr4hT_Hw4,house,"partially renovated",956.00,"okres Martin",Martin,Priekopa
JuLejb12kjD,house,unrenovated,994.12,"okres Kysucké Nové Mesto",Povina,Povina
JuGgpJ73Uj2,house,"new construction",1862.50,"okres Dolný Kubín","Dolný Kubín",Brezovec
JuT41GyTcye,house,"fully renovated",1268.12,"okres Čadca",Makov,Makov
Ju3CARY9OXA,house,"partially renovated",1740.48,"okres Čadca",Čadca,Centrum
JujozXo5nt1,house,"new construction",1680.41,"okres Turčianske Teplice",Dubové,Dubové
JuuOm3BAvYEs,house,"partially renovated",NULL,"okres Martin",NULL,NULL
JuiyrWA4fnU,house,"partially renovated",795.00,"okres Čadca",Turzovka,Závodie
JuT3DyFpT5w,house,unrenovated,349.79,"okres Liptovský Mikuláš",Hybe,Hybe
JuwmzGWznze,house,"under construction",2098.95,"okres Liptovský Mikuláš",Dúbrava,Dúbrava
JuZLXRA74dF,house,"partially renovated",NULL,"okres Martin",Ležiachov,Ležiachov
JuEHT7VVEBz,house,unrenovated,1339.29,"okres Žilina",Varín,Varín
Ju9dPAZvZDN,house,"fully renovated",NULL,"okres Liptovský Mikuláš","Liptovská Porúbka","Liptovská Porúbka"
JucFteCcorV,house,"partially renovated",1369.10,"okres Čadca",Raková,Raková
JutrNWqo1mF,house,"new construction",3790.70,"okres Martin",Žabokreky,Žabokreky
JuINrC73hf2,house,"partially renovated",580.52,"okres Žilina","Teplička nad Váhom","Teplička nad Váhom"
Ju91riyeIY0,house,"new construction",NULL,"okres Liptovský Mikuláš","Svätý Kríž","Svätý Kríž"
JuJVlSLNzUp,house,"fully renovated",837.84,"okres Turčianske Teplice","Horná Štubňa","Horná Štubňa"
Jugx_wMlZ3E,house,"new construction",2526.31,"okres Kysucké Nové Mesto",Rudinská,Rudinská
JuDis4x18zz,house,"new construction",772.22,"okres Liptovský Mikuláš",Ižipovce,Ižipovce
JuDZksNmp-x,house,"partially renovated",NULL,"okres Ružomberok","Liptovská Teplá","Liptovská Teplá"
Ju-NcnxkRbA,house,"partially renovated",NULL,"okres Ružomberok",Stankovany,Stankovany
JuT8DWNBWjF,house,unrenovated,NULL,"okres Žilina",Žilina,"Malá Praha"
JuGbXL5nuWt,house,"new construction",2239.06,"okres Čadca",Oščadnica,Oščadnica
JuCQvl5wSHc,house,"partially renovated",607.69,"okres Čadca",Korňa,Korňa
JuMul7PwvM2d,house,"new construction",NULL,"okres Žilina",Višňové,Višňové
Ju8Q97pjRsq,house,"fully renovated",NULL,"okres Ružomberok",Ivachnová,Ivachnová
Ju2NkOjuxZI,house,"new construction",2230.69,"okres Žilina","Rajecké Teplice","Rajecké Teplice"
JuIaBwHCjWo,house,"partially renovated",1586.67,"okres Turčianske Teplice","Malý Čepčín","Malý Čepčín"
JuJ5uCQt9op,house,"partially renovated",821.74,"okres Žilina","Lietavská Svinná-Babkov","Lietavská Svinná-Babkov"
JuXSgDSAhl3,house,"partially renovated",2000.00,"okres Žilina",Terchová,Terchová
JuI7pHVr8cE,house,"partially renovated",NULL,"okres Bytča",Jablonové,Jablonové
JuCwuVypfFN,house,"fully renovated",2428.57,"okres Žilina","Teplička nad Váhom","Teplička nad Váhom"
Ju8E81QIHh9,house,"new construction",3511.45,"okres Bytča",Bytča,"Hliník nad Váhom"
JurLHZvtaEy,house,"fully renovated",2926.58,"okres Martin",Martin,Stred
JuhczzRboRF,house,unrenovated,2004.31,"okres Žilina",Žilina,Závodie
Juxivp9KfQ0,house,"new construction",3250.73,"okres Žilina",Rosina,Rosina
Jud93oHCOHE,house,"fully renovated",1393.55,"okres Martin",Bystrička,Bystrička
JuJsyjovPfc,house,"partially renovated",1055.56,"okres Čadca","Dlhá nad Kysucou","Dlhá nad Kysucou"
JuOaEJ-u0ZG,house,unrenovated,499.98,"okres Čadca",Svrčinovec,Svrčinovec
Ju02FWXcSxg,house,unrenovated,866.67,"okres Turčianske Teplice",Mošovce,Mošovce
JuNBS73Ff1Z,house,"fully renovated",1.56,"okres Martin",Turany,Turany
Juet0DuhtSi,house,"under construction",3061.54,"okres Liptovský Mikuláš",Prosiek,Prosiek
JutC2YgCUCh,house,"fully renovated",1789.86,"okres Martin",Bystrička,Bystrička
JuxTlJngqfx,house,"new construction",2385.87,"okres Žilina",Hôrky,Hôrky
JuTG5fkPlv9,house,"under construction",592.11,"okres Turčianske Teplice",Abramová,Abramová
JuzPTiI9dEx,house,unrenovated,5909.09,"okres Žilina",Žilina,"Staré mesto"
JunogbuFikZ,house,"partially renovated",314.29,"okres Ružomberok",Stankovany,Stankovany
JuQYvnGYftR,house,"partially renovated",NULL,"okres Martin",Martin,Stráne
JuE2xdPeLMB,house,"partially renovated",997.14,"okres Žilina",Žilina,Budatín
JuQBGbl9GCs,house,"partially renovated",744.44,"okres Bytča",Kolárovice,Kolárovice
JuuYuhMI403,house,"partially renovated",NULL,"okres Liptovský Mikuláš","Liptovský Hrádok",Dovalovo
Ju_uHTH2LKy,house,unrenovated,1075.00,"okres Bytča","Veľké Rovné","Veľké Rovné"
JucgDISpkFu,house,"new construction",2758.93,"okres Ružomberok","Liptovská Štiavnica","Liptovská Štiavnica"
Juf5RoOgfBW,house,"partially renovated",1218.75,"okres Bytča",Bytča,"Hliník nad Váhom"
JuZFa40Foop,house,"partially renovated",1650.00,"okres Kysucké Nové Mesto",NULL,NULL
JuJib1snd7W,house,"fully renovated",2327.78,"okres Žilina",Žilina,Bytčica
Juako0agoSO,house,"fully renovated",648.50,"okres Žilina",Stránske,Stránske
JuoV-wTSH0S,house,"partially renovated",1476.00,"okres Žilina",Rosina,Rosina
Jubj0GQo0yb,house,"fully renovated",863.64,"okres Čadca",Zákopčie,Zákopčie
JuCh945YdSl,house,unrenovated,NULL,"okres Námestovo",Námestovo,"Slanická Osada"
JuDwCbbbd6Z,house,unrenovated,1866.07,"okres Liptovský Mikuláš",Ľubeľa,Ľubeľa
Juv33DUvv0m,house,"fully renovated",1649.48,"okres Žilina",Žilina,Závodie
JuP5LbmRSZ8,house,"new construction",NULL,"okres Turčianske Teplice",Kaľamenová,Kaľamenová
JufilbyD1c1,house,"partially renovated",1468.75,"okres Ružomberok",Ružomberok,"Biely Potok"
JutjBXS2rky,house,"new construction",2166.67,"okres Žilina",Žilina,Trnové
Juii36MitpD,house,"new construction",1704.92,"okres Námestovo",Ťapešovo,Ťapešovo
JutiSbVRe_4,house,"partially renovated",1848.15,"okres Žilina",Žilina,Bôrik
JuNs-c1_Jug,house,"fully renovated",2615.38,"okres Čadca",Staškov,Staškov
JuQ8RNQVTuL,house,unrenovated,388.89,"okres Čadca",Čadca,Čadečka
JunPSVDxWEH,house,unrenovated,173.53,"okres Martin",Martin,"Kolónia Hviezda"
Jut7J495GN0,house,"partially renovated",528.88,"okres Turčianske Teplice","Turčianske Teplice",Diviaky
Jujj9R6pdLi,house,"partially renovated",1066.00,"okres Žilina",Konská,Konská
JuCuq9xsJt1,house,"new construction",3303.73,"okres Žilina",Rosina,Rosina
JuX1WyelwxA,house,unrenovated,61.54,"okres Žilina","Malá Čierna","Malá Čierna"
JuuA60psrH_,house,"partially renovated",990.00,"okres Turčianske Teplice",Dubové,Dubové
JuiwpIv6ZO8n,house,"new construction",1650.00,"okres Turčianske Teplice","Turčianske Teplice","Turčiansky Michal"
JuzAGRifcCv,house,"new construction",1395.00,"okres Čadca","Krásno nad Kysucou",Stred
JuWLq7Wh8lf,house,"fully renovated",1205.29,"okres Martin","Kláštor pod Znievom","Kláštor pod Znievom"
Ju9fCSXKuI8,house,unrenovated,749.50,"okres Liptovský Mikuláš",Važec,Važec
JuVnevlBgml,house,"fully renovated",1805.56,"okres Turčianske Teplice","Turčianske Teplice",Stred
JuzfaiaPF1e,house,"fully renovated",4189.47,"okres Martin",Martin,Jahodníky
Ju_jNWgq4Ah,house,unrenovated,800.00,"okres Liptovský Mikuláš","Kráľova Lehota","Kráľova Lehota"
JuWqGCp2oW6,house,unrenovated,475.24,"okres Čadca",Svrčinovec,Svrčinovec
JukqbzsVg5j,house,"partially renovated",NULL,"okres Martin",Belá-Dulice,Belá-Dulice
Ju7p-ibu19t,house,"partially renovated",592.98,"okres Liptovský Mikuláš","Liptovská Porúbka","Liptovská Porúbka"
JuhM9MWOU0h,house,unrenovated,587.60,"okres Liptovský Mikuláš","Liptovský Trnovec","Liptovský Trnovec"
JuHbG5bC-AQ,house,"fully renovated",729.17,"okres Martin",Martin,Stráne
JuMpX9TQAHl,house,"new construction",NULL,"okres Dolný Kubín","Dolný Kubín",Brezovec
Ju2L-GyOw3O,house,unrenovated,NULL,"okres Žilina",Strečno,Strečno
JuTNxy0mSKf,house,"fully renovated",NULL,"okres Kysucké Nové Mesto","Kysucké Nové Mesto",Suľkov
Juwnal8LZ_c,house,"new construction",1103.63,"okres Žilina",Žilina,"Žilinská Lehota"
JukKOW5g8ic,house,"fully renovated",1860.00,"okres Ružomberok",Kalameny,Kalameny
JufvMyqhmxo,house,unrenovated,NULL,"okres Martin",Vrícko,Vrícko
JufcWIOgVI-,house,"new construction",2532.26,"okres Žilina",Žilina,Strážov
JuUuFP8LBad,house,"partially renovated",1038.46,"okres Dolný Kubín",Malatiná,Malatiná
JuGlgzti-Xv,house,unrenovated,466.67,"okres Čadca",Staškov,Staškov
Ju-fppxOVlc,house,unrenovated,1411.76,"okres Čadca",Zákopčie,Zákopčie
JuLLKbrzsGT,house,"partially renovated",1245.00,"okres Žilina",Žilina,Budatín
JuHzzpFEcq7,house,"partially renovated",NULL,"okres Žilina",Terchová,Terchová
JuMN3BXlr1V,house,unrenovated,460.00,"okres Čadca",Klokočov,Klokočov
JuZv0Yfgbp2,house,"fully renovated",1232.50,"okres Martin",Belá-Dulice,Belá-Dulice
JuAHn1RYaaM,house,"new construction",1950.00,"okres Čadca",Korňa,Korňa
Jub_f4tKd7Q,house,"partially renovated",923.68,"okres Kysucké Nové Mesto","Kysucký Lieskovec","Kysucký Lieskovec"
JuUyDXLqSR7,house,"partially renovated",NULL,"okres Tvrdošín",Nižná,Nižná
Ju9mMuon122,house,"fully renovated",790.48,"okres Kysucké Nové Mesto",Ochodnica,Ochodnica
JuxqHjwv5kQ,house,"under construction",1961.54,"okres Martin","Kláštor pod Znievom","Kláštor pod Znievom"
JuNBVjN_DWw_,house,"new construction",NULL,"okres Žilina",Rajec,Rajec
JukjLL6Pznq,house,"fully renovated",1325.00,"okres Bytča","Hlboké nad Váhom","Hlboké nad Váhom"
JuEdQgaYA3w,house,"fully renovated",1226.60,"okres Martin",Príbovce,Príbovce
JucVvBL8mQZ,house,"new construction",2726.19,"okres Žilina",Brezany,Brezany
Juzanri8hki,house,"partially renovated",1218.75,"okres Bytča",Bytča,"Hliník nad Váhom"
JubVEhZEHQu,house,"new construction",3443.19,"okres Martin",Martin,Priekopa
JuNKxzZQlzf,house,"partially renovated",1325.00,"okres Žilina",Višňové,Višňové
JuLre6AewXY,house,"new construction",3888.89,"okres Ružomberok",Ivachnová,Ivachnová
JuJF0aEq48e,house,unrenovated,218.37,"okres Žilina",Hôrky,Hôrky
JuepuA7Tiw0,house,"new construction",NULL,"okres Liptovský Mikuláš","Liptovský Mikuláš",Palúdzka
JuHgJ7Vnt5C,house,"under construction",3664.12,"okres Bytča",Bytča,"Hliník nad Váhom"
Ju2bCMkIGvc,house,unrenovated,1700.00,"okres Bytča",Štiavnik,Štiavnik
JuHinPus21r,house,unrenovated,916.67,"okres Ružomberok",Lisková,Lisková
Ju3sdsvW1qf,house,"new construction",3000.00,"okres Ružomberok",Ružomberok,"Staré mesto"
JuyMjKXoFpJ,house,"new construction",2837.40,"okres Žilina",Žilina,Bytčica
Ju-HjJmEJ0m,house,"partially renovated",1532.85,"okres Turčianske Teplice",Čremošné,Čremošné
JuS7vOeFGIN,house,"under construction",2050.00,"okres Kysucké Nové Mesto","Horný Vadičov","Horný Vadičov"
JujgFHysqby,house,"partially renovated",3357.14,"okres Martin","Turčianske Kľačany","Turčianske Kľačany"
Juec3rJbHzE,house,"new construction",3134.92,"okres Liptovský Mikuláš","Liptovská Sielnica","Liptovská Sielnica"
JuVTTY5wrme,house,unrenovated,1540.00,"okres Turčianske Teplice","Turčianske Teplice",Diviaky
Ju-Gmi7_Mm7,house,"fully renovated",1100.00,"okres Čadca","Vysoká nad Kysucou","Vysoká nad Kysucou"
JuDuqsttF6H,house,"partially renovated",996.67,"okres Liptovský Mikuláš","Liptovský Mikuláš","Staré mesto"
JufEAKik-mc,house,"fully renovated",1739.13,"okres Martin",Podhradie,Podhradie
Ju8UQkGga6F,house,unrenovated,91.85,"okres Ružomberok",Lisková,Lisková
JuMmB0vZcwg,house,unrenovated,NULL,"okres Žilina",Žilina,Bôrik
Juu4bOArZvB,house,unrenovated,1211.11,"okres Ružomberok",Lúčky,Lúčky
JuG-JRPmhAG,house,"new construction",NULL,"okres Žilina",NULL,NULL
Ju6-BxY4Q9v,house,"new construction",3062.50,"okres Martin",Blatnica,Blatnica
Ju4_CW18xww,house,unrenovated,932.67,"okres Žilina","Paština Závada","Paština Závada"
JujfdD-5RPO,house,"new construction",NULL,"okres Ružomberok",Komjatná,Komjatná
JuJ5z8J0t7V,house,"new construction",NULL,"okres Žilina",Žilina,Budatín
JuLlnmGgMKV,house,"partially renovated",1093.92,"okres Žilina",Rajec,Rajec
Ju7pKhqP4zK,house,"partially renovated",581.68,"okres Martin",Sučany,Sučany
Juq12PkyNpf,house,"partially renovated",973.82,"okres Žilina",Višňové,Višňové
JuRty8qQQ_7,house,unrenovated,859.09,"okres Tvrdošín",Tvrdošín,Tvrdošín
Jut7Cik7fcS,house,"new construction",NULL,"okres Bytča",Petrovice,Petrovice
Juv0ePbKA7G,house,unrenovated,1200.00,"okres Dolný Kubín",Kraľovany,Kraľovany
JuKz9mvEvI_,house,"partially renovated",575.00,"okres Liptovský Mikuláš",Važec,Važec
JulKhf0qSVY,house,"new construction",1389.90,"okres Žilina",Rajec,Rajec
JunAaEjMO5H,house,"partially renovated",296.50,"okres Liptovský Mikuláš",Važec,Važec
JuYo9zvFOwy,house,unrenovated,1083.33,"okres Žilina",Divina,Divina
JuVJGPaHJOp,house,unrenovated,945.60,"okres Čadca",Zákopčie,Zákopčie
JuqydMjWuh4,house,unrenovated,999.00,"okres Žilina",Lysica,Lysica
JunkMQWQbHn,house,"partially renovated",452.42,"okres Žilina",Žilina,Bánová
JuoBv0wotbR,house,"new construction",1388.33,"okres Martin",Martin,Ľadoveň
JuM-6ImZqgg,house,unrenovated,1357.58,"okres Čadca",Čadca,Centrum
Jup9Yn-xSxK,house,"new construction",NULL,"okres Žilina",Bitarová,Bitarová
Juu1RPAQAYx,house,"partially renovated",1400.00,"okres Liptovský Mikuláš","Liptovský Trnovec","Liptovský Trnovec"
JuB8tqpRaSl,house,unrenovated,954.55,"okres Ružomberok",Ružomberok,"Pod Skalami"
Ju4OltTKR0f,house,"fully renovated",1642.31,"okres Žilina",Žilina,Bánová
Juu2Y87Z-DK,house,"partially renovated",477.27,"okres Čadca",Skalité,Skalité
JupTefFT3SIq,house,"partially renovated",916.67,"okres Turčianske Teplice","Turčianske Teplice",NULL
JuAxm4BTAPE,house,unrenovated,404.17,"okres Čadca",Turzovka,NULL
JukEQsAHFmW,house,"partially renovated",NULL,"okres Turčianske Teplice",Budiš,Budiš
Juq41p0QoVh,house,"partially renovated",0.01,"okres Martin","Kláštor pod Znievom","Kláštor pod Znievom"
JuE5s_J_0mm,house,"partially renovated",523.33,"okres Čadca",Klokočov,Klokočov
JuI2CpNT1P5,house,"fully renovated",1815.26,"okres Žilina",Varín,Varín
JumgmN6Y0Rr,house,unrenovated,866.67,"okres Turčianske Teplice",Sklené,Sklené
Ju9JGGI9iqn,house,"new construction",2415.79,"okres Žilina",Stránske,Stránske
JuMiWG_Bjr-,house,unrenovated,1249.38,"okres Žilina",Varín,Varín
JuoozgHS-2r,house,unrenovated,906.25,"okres Čadca",Čadca,"U Hluška"
Juzaery-uaM,house,"new construction",3561.15,"okres Martin",Martin,Tomčany
JuJSekEM4oc,house,"new construction",2441.18,"okres Ružomberok","Liptovské Sliače","Liptovské Sliače"
Jub5SX0zXuB,house,"new construction",1666.67,"okres Žilina",Divina,Divina
JubJO0qS-zH,house,"partially renovated",1374.29,"okres Liptovský Mikuláš",Ľubeľa,Ľubeľa
JueA1N-Ntfj,house,"fully renovated",2291.67,"okres Liptovský Mikuláš","Závažná Poruba","Závažná Poruba"
JuHtgn-PdTN,house,"new construction",NULL,"okres Martin","Turčianske Kľačany","Turčianske Kľačany"
Jub25_ejcJA,house,"fully renovated",1895.42,"okres Čadca",Oščadnica,Oščadnica
JuvMlRWqyJoo,house,unrenovated,NULL,"okres Kysucké Nové Mesto",Nesluša,Nesluša
JuImMdEmrRE,house,unrenovated,66.67,"okres Turčianske Teplice","Horná Štubňa","Horná Štubňa"
JuzSO8DcIjL,house,"fully renovated",NULL,"okres Martin",Diaková,Diaková
JuT-mCUWMWu,house,"new construction",NULL,"okres Liptovský Mikuláš",Bobrovník,Bobrovník
Ju14mSBpDUx,house,"partially renovated",835.00,"okres Čadca",Oščadnica,Oščadnica
Ju9vhNLIhpv,house,"new construction",NULL,"okres Žilina",Žilina,"Staré mesto"
Ju07wpce3-e,house,unrenovated,1760.00,"okres Ružomberok",Turík,Turík
JuiIP6qTDBs,house,"partially renovated",1750.00,"okres Liptovský Mikuláš",Vlachy,Vlachy
JuWA9aOrYrn,house,"partially renovated",1583.33,"okres Martin",Žabokreky,Žabokreky
JuTaKGvu-_W,house,unrenovated,1160.00,"okres Bytča",Štiavnik,Štiavnik
Juolbg2gxyQ,house,"new construction",1200.00,"okres Liptovský Mikuláš",Ižipovce,Ižipovce
JuOzMZP3NXD,house,"partially renovated",928.57,"okres Čadca","Krásno nad Kysucou",Kalinov
Ju0_zNn7daF,house,unrenovated,600.00,"okres Liptovský Mikuláš",Pribylina,Pribylina
JuhiXx9KEAl,house,"partially renovated",457.52,"okres Dolný Kubín","Dolný Kubín",Medzihradné
JuXifi6XaeN,house,unrenovated,NULL,"okres Žilina",Žilina,Závodie
JuD_VuWF7qU,house,"new construction",3177.86,"okres Dolný Kubín",Istebné,Istebné
Ju7FT7K1T9V,house,unrenovated,961.47,"okres Žilina",Svederník,Svederník
Ju1tEs_gT7e,house,"new construction",2464.29,"okres Žilina",Gbeľany,Gbeľany
JufiwULhgJw,house,unrenovated,1000.00,"okres Martin",Šútovo,Šútovo
JujDi-L-0hf,house,"new construction",2373.02,"okres Čadca",Olešná,Olešná
JuWVZLxkLMK,house,"partially renovated",181.82,"okres Ružomberok",Ružomberok,Hrabovo
JuUrENnUrd4,house,unrenovated,1625.00,"okres Martin","Turčiansky Peter","Turčiansky Peter"
JuKIEskdsEp,house,"new construction",2215.16,"okres Žilina",Bitarová,Bitarová
JuRBO1iDcGe,house,"partially renovated",1020.83,"okres Martin",Sučany,Sučany
JuMud2YGw9_,house,"fully renovated",1352.00,"okres Ružomberok",Likavka,Likavka
JuipKl1rZoI,house,"fully renovated",1035.00,"okres Čadca","Vysoká nad Kysucou","Vysoká nad Kysucou"
JuzawK4H-li,house,unrenovated,1271.43,"okres Kysucké Nové Mesto","Dolný Vadičov","Dolný Vadičov"
Ju6l6A2iskM,house,"new construction",2432.69,"okres Žilina",Svederník,Svederník
JuIGCsa_wh0,house,"new construction",1649.50,"okres Martin",Blatnica,Blatnica
JunwM7MkcDW,house,unrenovated,1204.09,"okres Žilina",Žilina,Závodie
JuCbUaiZ-t8,house,unrenovated,204.44,"okres Čadca",Skalité,Skalité
JuPBoWiotP6,house,"new construction",2616.28,"okres Turčianske Teplice","Horná Štubňa","Horná Štubňa"
Ju39TpZdQum,house,"new construction",1924.14,"okres Žilina",Mojš,Mojš
Juc86BqO6w7,house,"fully renovated",1000.00,"okres Turčianske Teplice","Horná Štubňa","Horná Štubňa"
JuGKJDezGKy,house,unrenovated,1312.50,"okres Žilina",Terchová,Terchová
JuyVW5GYHzb,house,"development project",1909.00,"okres Žilina",Lysica,Lysica
JufXd7f876u,house,"under construction",3038.46,"okres Žilina",Žilina,Bánová
JuvDMV343M4,house,"new construction",1999.00,"okres Bytča",Bytča,"Hliník nad Váhom"
JuGGmyAKTE2V,house,"partially renovated",705.56,"okres Martin",Vrícko,Vrícko
JunqWaLvLjb,house,"new construction",2285.71,"okres Liptovský Mikuláš","Liptovská Sielnica","Liptovská Sielnica"
JufxA_4siD5,house,unrenovated,1388.89,"okres Námestovo",Námestovo,"Slanická Osada"
JuNEJj6Bobe,house,unrenovated,604.32,"okres Liptovský Mikuláš",Ľubeľa,Ľubeľa
Ju7GkmUpk7w,house,"partially renovated",1190.48,"okres Ružomberok","Liptovská Lúžna","Liptovská Lúžna"
JueqFSdFlNV,house,unrenovated,463.93,"okres Námestovo",Hruštín,Hruštín
Ju5uqi4FeNX,house,"fully renovated",NULL,"okres Liptovský Mikuláš","Liptovský Ján","Liptovský Ján"
JuugYuyjxCy,house,unrenovated,NULL,"okres Čadca",Raková,Raková
JuENmSVbf52,house,"new construction",645.54,"okres Žilina",Rosina,Rosina
JuSDor_pBw9,house,"new construction",933.96,"okres Martin",Slovany,Slovany
JuEl9XITon-,house,unrenovated,998.00,"okres Turčianske Teplice",Rudno,Rudno
JuQ4i8mNwlL,house,unrenovated,2753.85,"okres Bytča",Kotešová,Kotešová
Ju3IlwS0uHk,house,"partially renovated",933.33,"okres Žilina",NULL,NULL
JurqmynKY4o,house,"new construction",NULL,"okres Dolný Kubín","Oravský Podzámok","Oravský Podzámok"
JuhsSA9jVzs,house,unrenovated,680.00,"okres Martin","Turčianske Kľačany","Turčianske Kľačany"
JuvA9DjdPST,house,"new construction",1607.14,"okres Ružomberok",Lisková,Lisková
JuXVSVVWVLI,house,"fully renovated",3083.33,"okres Liptovský Mikuláš",Dúbrava,Dúbrava
JuETUDXgsIk,house,"partially renovated",2428.57,"okres Žilina","Teplička nad Váhom","Teplička nad Váhom"
JuYGxQztZEP,house,"new construction",2320.39,"okres Liptovský Mikuláš","Liptovské Kľačany","Liptovské Kľačany"
Juv2ewXXJKK,house,"fully renovated",1300.00,"okres Martin",Vrútky,"Karvaša a Bláhovca"
Juy6D0BMpPr,house,"new construction",NULL,"okres Martin",Belá-Dulice,Belá-Dulice
JuRvLvEuC6c,house,"partially renovated",440.00,"okres Čadca",Turzovka,NULL
JuwhHVVh05e,house,unrenovated,1245.83,"okres Liptovský Mikuláš",Gôtovany,Gôtovany
JubBBZpieJ3,house,unrenovated,760.00,"okres Turčianske Teplice","Horná Štubňa","Horná Štubňa"
JupqlbF43-v,house,unrenovated,833.33,"okres Bytča","Veľké Rovné","Veľké Rovné"
JuqhO5GsZ4W,house,"new construction",2111.11,"okres Žilina","Lietavská Svinná-Babkov","Lietavská Svinná-Babkov"
Juc74a1hN-t,house,unrenovated,NULL,"okres Žilina",Mojš,Mojš
JuZgj6k1S7C,house,"partially renovated",718.10,"okres Martin",Martin,Stráne
JuvbGiTBrMG,house,"new construction",1782.74,"okres Liptovský Mikuláš",Lazisko,Lazisko
JutexiRTg9m,house,unrenovated,1050.00,"okres Martin",Martin,Stred
Ju6pNzkI7kN,house,unrenovated,374.15,"okres Martin",Martin,Stráne
JuIyY_wrQVH,house,"new construction",3913.58,"okres Bytča",Bytča,"Veľká Bytča"
JuhQKNPNiRq,house,"fully renovated",1642.86,"okres Žilina","Rajecké Teplice","Rajecké Teplice"
JuSh2BSeYCy,house,"fully renovated",974.76,"okres Čadca",Podvysoká,Podvysoká
Jua80WPKb_h,house,unrenovated,713.21,"okres Liptovský Mikuláš","Liptovský Hrádok","Nižné Fabriky"
JuWDHMTcRk5,house,"partially renovated",223.68,"okres Čadca",Klokočov,Klokočov
JuXLOLWve3w,house,"partially renovated",712.64,"okres Martin",Martin,Stráne
JuQ6y__HQN4,house,"fully renovated",NULL,"okres Martin","Kláštor pod Znievom","Kláštor pod Znievom"
JuXlTElDSTb,house,"new construction",NULL,"okres Žilina",Žilina,Závodie
JuL5-OdofNk,house,"new construction",NULL,"okres Žilina",Terchová,Terchová
JudAAa45gzT,house,unrenovated,1151.07,"okres Martin",Martin,Jahodníky
JuptIY7K5YK,house,"partially renovated",235.51,"okres Čadca",Turzovka,Predmier
JuMof2f50da,house,"partially renovated",2416.67,"okres Žilina",Žilina,"Považský Chlmec"
JunBZ5UZ987,house,"partially renovated",605.29,"okres Čadca",Klokočov,Klokočov
JuZgBXj7DfA,house,unrenovated,912.50,"okres Liptovský Mikuláš",Bobrovec,Bobrovec
Ju5BwjQ6s7y,house,"partially renovated",542.42,"okres Čadca",Čierne,Čierne
JuEB6osELcj,house,"partially renovated",1499.50,"okres Turčianske Teplice",Sklené,Sklené
Ju34HqZzlYZ,house,"fully renovated",1409.09,"okres Žilina",Terchová,Terchová
Ju_JIspGy8j,house,"fully renovated",NULL,"okres Liptovský Mikuláš","Liptovský Mikuláš","Staré mesto"
JuwY9aBM81x,house,"partially renovated",1163.33,"okres Martin",Vrútky,"Dolné Vrútky"
Ju6FkAOvz_r,house,unrenovated,1139.24,"okres Liptovský Mikuláš","Liptovský Mikuláš",Okoličné
Ju8bN6JmGCo,house,unrenovated,2250.00,"okres Martin",Martin,Ľadoveň
Juq7eJIJyLK,house,"partially renovated",NULL,"okres Námestovo",Klin,Klin
JuF5wwqoPt-,house,unrenovated,1222.22,"okres Ružomberok","Liptovská Osada","Liptovská Osada"
JuXBeZX2j2W,house,"fully renovated",1799.33,"okres Martin",Sučany,Sučany
JuRB3GLBQlr,house,unrenovated,2142.86,"okres Žilina",Rajec,Rajec
JulDvECm5wW,house,"new construction",2457.14,"okres Žilina",Žilina,"Považský Chlmec"
JuWpbcAmhWj,house,"new construction",2111.11,"okres Žilina","Lietavská Svinná-Babkov","Lietavská Svinná-Babkov"
JutdauUbuYB,house,"new construction",NULL,"okres Žilina",Mojš,Mojš
JuKt4j2XFxX,house,"partially renovated",253.81,"okres Liptovský Mikuláš",Dúbrava,Dúbrava
JuTM2PfA7TL,house,"partially renovated",1040.70,"okres Žilina",Bitarová,Bitarová
JuHuCArgKgQ,house,"new construction",1833.33,"okres Námestovo",Zubrohlava,Zubrohlava
JuLlb3Y20Mb,house,"new construction",1517.46,"okres Námestovo",Zubrohlava,Zubrohlava
Jusa__2WO0Z,house,"partially renovated",1643.56,"okres Ružomberok","Liptovské Revúce","Liptovské Revúce"
JujyaTVjwhA,house,"new construction",NULL,"okres Námestovo",Námestovo,Stred
Jucbi7PZEnm,house,unrenovated,1027.78,"okres Čadca",Klokočov,Klokočov
JuM1C8fcu8K,house,"fully renovated",NULL,"okres Ružomberok",Ružomberok,NULL
Ju-vY43kOSm,house,"fully renovated",1691.67,"okres Čadca",Klokočov,Klokočov
Ju6dKyzXet6,house,"new construction",2053.44,"okres Žilina",Žilina,Strážov
JudnXD8m-sc,house,"under construction",3235.29,"okres Martin",Martin,Priekopa
Ju6vI9Ongqb,house,"partially renovated",NULL,"okres Čadca",Klokočov,Klokočov
JuSGs9I7N10c,house,"partially renovated",377.12,"okres Turčianske Teplice",Čremošné,Čremošné
JuQQeemtPlQ,house,"partially renovated",503.37,"okres Liptovský Mikuláš","Liptovský Trnovec","Liptovský Trnovec"
JuN0fpmLbue,house,"fully renovated",825.00,"okres Turčianske Teplice","Horná Štubňa","Horná Štubňa"
Juc14yxwCWy,house,"under construction",1674.16,"okres Liptovský Mikuláš",Ľubeľa,Ľubeľa
JuA6unfH09z,house,"partially renovated",1396.00,"okres Martin",Martin,Stráne
JuoL9EBWGdw,house,unrenovated,1189.29,"okres Žilina",Podhorie,Podhorie
Jus49Ig9CXx,house,"partially renovated",1300.00,"okres Čadca",Čadca,Milošová
JuT-lYDfSlr,house,"new construction",2241.67,"okres Ružomberok","Liptovské Sliače","Liptovské Sliače"
JuTsKQYVo81,house,"fully renovated",3500.00,"okres Liptovský Mikuláš","Liptovský Mikuláš",Bodice
JuvJClErKby,house,unrenovated,1998.67,"okres Kysucké Nové Mesto",Rudina,Rudina
JuImgMwAlae,house,"new construction",2699.52,"okres Žilina",Bitarová,Bitarová
Junjv5ltBRp,house,"under construction",1340.00,"okres Turčianske Teplice",Sklené,Sklené
JuJRg0E5VNn,house,"new construction",1857.14,"okres Martin",Valča,Valča
Ju_7upNwBrj,house,unrenovated,790.91,"okres Dolný Kubín",Malatiná,Malatiná
Juyma4ypNNK,house,"new construction",2125.00,"okres Turčianske Teplice","Turčianske Teplice",Diviaky
Ju21sNa5df6,house,"partially renovated",592.00,"okres Martin",Belá-Dulice,Belá-Dulice
JueQzTcIDeQ,house,"new construction",3333.33,"okres Ružomberok",Ružomberok,Baničné
JuWFwDq9Hos,house,unrenovated,990.00,"okres Ružomberok",Likavka,Likavka
Juw-gEYpFG_,house,"new construction",1533.33,"okres Čadca",Čadca,Milošová
Ju3_GjYaBPA,house,unrenovated,241.48,"okres Čadca",Čadca,Centrum
JufgKb9FR3J,house,"partially renovated",916.67,"okres Ružomberok",Ludrová,Ludrová
JunNJzhFnyu,house,"fully renovated",NULL,"okres Čadca",Čierne,Čierne
Juk_6IbuVg4,house,unrenovated,NULL,"okres Kysucké Nové Mesto",Nesluša,Nesluša
JuzURL47734,house,unrenovated,NULL,"okres Liptovský Mikuláš","Liptovský Mikuláš","Vrbica - Nábrežie"
Juhv-0ib6ND,house,unrenovated,NULL,"okres Bytča","Hlboké nad Váhom","Hlboké nad Váhom"
JulUfy26PQZ,house,unrenovated,1292.68,"okres Liptovský Mikuláš","Závažná Poruba","Závažná Poruba"
JuFy8odNEYG,house,"fully renovated",230.29,"okres Ružomberok",Ludrová,Ludrová
JuzPTGI_Ub6,house,"new construction",NULL,"okres Žilina","Dlhé Pole","Dlhé Pole"
JubVNOBehQJp,house,"fully renovated",NULL,"okres Turčianske Teplice","Horná Štubňa","Horná Štubňa"
JujihkczWnc,house,"partially renovated",NULL,"okres Čadca",Raková,Raková
Ju5HL9HCWYK,house,"partially renovated",NULL,"okres Liptovský Mikuláš",Podtureň,Podtureň
JuTAR5A7Hvk,house,"new construction",1411.48,"okres Bytča",Bytča,"Hliník nad Váhom"
Juk8YxA4P9Q,house,"partially renovated",1351.56,"okres Tvrdošín",Zábiedovo,Zábiedovo
JuH7gFUPY7f,house,"fully renovated",NULL,"okres Žilina",Gbeľany,Gbeľany
JuVQBJSx5aQ,house,unrenovated,1399.99,"okres Martin",Vrútky,"Karvaša a Bláhovca"
JuHEeYDAKYc,house,unrenovated,475.00,"okres Čadca",Zákopčie,Zákopčie
Ju4LHbtx5iy,house,unrenovated,714.29,"okres Martin","Kláštor pod Znievom","Kláštor pod Znievom"
Ju818YWB7Et,house,"partially renovated",1123.08,"okres Martin",Valča,Valča
JuvprX5EDq1,house,"fully renovated",3180.68,"okres Ružomberok",Likavka,Likavka
Ju769ToQ74D,house,"new construction",1103.63,"okres Žilina",Žilina,"Žilinská Lehota"
JuOV-FJAPLW,house,"new construction",2850.00,"okres Martin","Turčiansky Peter","Turčiansky Peter"
Ju4ivccKHTO,house,unrenovated,800.00,"okres Kysucké Nové Mesto","Kysucké Nové Mesto","Budatínska Lehota"
Juygw_dFMSa,house,"fully renovated",1749.75,"okres Žilina",Žilina,"Malá Praha"
Ju_VPyRRw8c,house,unrenovated,643.13,"okres Čadca",Klokočov,Klokočov
JuD_agZTj5g,house,unrenovated,68.09,"okres Námestovo","Oravské Veselé","Oravské Veselé"
JuEyQXVJHfz,house,"new construction",1948.66,"okres Žilina","Rajecké Teplice","Rajecké Teplice"
Juady9vqBv8,house,"new construction",851.43,"okres Čadca",Klokočov,Klokočov
Juj0QibLMWk,house,"new construction",1983.87,"okres Čadca","Krásno nad Kysucou",Stred
Ju3T5ymjwHh,house,unrenovated,1066.67,"okres Martin",Vrútky,"Dolné Vrútky"
Ju-s0a69uoP,house,"fully renovated",NULL,"okres Žilina",Rajec,Rajec
Jua9bDzVCPy,house,unrenovated,1090.91,"okres Ružomberok",Lisková,Lisková
Ju4sn1YIbXo,house,"new construction",NULL,"okres Námestovo",Vavrečka,Vavrečka
JuUAzZ1DM53h,house,"fully renovated",2917.53,"okres Martin",Martin,Stred
JuVWSdPVacq,house,unrenovated,931.25,"okres Liptovský Mikuláš",Ľubeľa,Ľubeľa
JuoeXyKL-xw,house,"partially renovated",1166.67,"okres Martin",Martin,"Kolónia Hviezda"
JuU-CdEC7dE,house,unrenovated,914.29,"okres Čadca",Svrčinovec,Svrčinovec
JuyjJhU57Ie,house,"fully renovated",0.00,"okres Martin",Dražkovce,Dražkovce
JuUOF1Y8GRc,house,"partially renovated",306.25,"okres Ružomberok",Martinček,Martinček
JuS_jt578hW,house,"partially renovated",NULL,"okres Žilina",Strečno,Strečno
JuTtMGChCvj,house,"partially renovated",224.40,"okres Ružomberok",Ivachnová,Ivachnová
JubSMkcIUwQ,house,"fully renovated",NULL,"okres Žilina",Terchová,Terchová
JuUPsxDPB3P,house,unrenovated,165.04,"okres Dolný Kubín",Pribiš,Pribiš
JuNSm4v7OPl,house,"new construction",NULL,"okres Čadca","Stará Bystrica","Stará Bystrica"
Ju85rN2RkNp,house,"partially renovated",1531.25,"okres Žilina",Žilina,Bôrik
JuGV2Mc53Dd,house,"new construction",1817.36,"okres Námestovo",Ťapešovo,Ťapešovo
Ju_8_vlnZwY,house,"new construction",555.00,"okres Ružomberok",Ružomberok,"Biely Potok"
JulClHeflP9,house,"fully renovated",1438.89,"okres Žilina","Lietavská Lúčka","Lietavská Lúčka"
JuQiG2ih2SK,house,unrenovated,NULL,"okres Liptovský Mikuláš","Liptovský Mikuláš",Demänová
JugmUi1YrCL,house,"partially renovated",NULL,"okres Turčianske Teplice",Jasenovo,Jasenovo
JuAUegGsDW_,house,"fully renovated",1250.00,"okres Turčianske Teplice",Turček,Turček
JuLc8gW9OHd,house,unrenovated,1204.55,"okres Žilina",Žilina,Závodie
JuD5IEP-_uU,house,"new construction",405.22,"okres Žilina","Lietavská Svinná-Babkov","Lietavská Svinná-Babkov"
Juh02qpId7f,house,"partially renovated",861.11,"okres Čadca",Čadca,Rieka
JudW0vCLa-q,house,"partially renovated",NULL,"okres Žilina",Žilina,Budatín
JuZSCNK7v3l,house,"fully renovated",2500.00,"okres Žilina",Žilina,"Staré mesto"
JuNXUaLV7F5,house,"new construction",2050.43,"okres Čadca",Čadca,Kyzkovci
Jubpxb0JsTj,house,unrenovated,464.29,"okres Čadca",Klokočov,Klokočov
Ju4kDIYSKlj,house,unrenovated,1619.05,"okres Martin",Žabokreky,Žabokreky
Jua9FHHUfWA,house,"partially renovated",993.33,"okres Turčianske Teplice","Slovenské Pravno","Slovenské Pravno"
JufVXI6GuhC,house,"partially renovated",178.85,"okres Turčianske Teplice","Horná Štubňa","Horná Štubňa"
Juevnd4jsoA,house,"partially renovated",1500.00,"okres Kysucké Nové Mesto",Nesluša,Nesluša
JuY6OUpbXjU,house,"new construction",4081.76,"okres Žilina",Mojš,Mojš
Jug6zZpbgms,house,"fully renovated",1872.00,"okres Žilina",Terchová,Terchová
JuP0XzI2a8X,house,unrenovated,484.38,"okres Námestovo",Lomná,Lomná
JuQ_I0ff1WB,house,"partially renovated",299000.00,"okres Bytča",Kotešová,Kotešová
JuxsRe4hFI1,house,"new construction",1908.40,"okres Martin","Košťany nad Turcom","Košťany nad Turcom"
JurFmDveVmQ,house,"partially renovated",1056.18,"okres Čadca",Radôstka,Radôstka
JuqBCTYKWBNV,house,"new construction",2004.61,"okres Žilina","Rajecké Teplice",Poluvsie
JuOH45yXH5x,house,"partially renovated",1243.75,"okres Žilina",Rajec,Rajec
JuNAkKLTuvU,house,"under construction",2329.13,"okres Žilina",Brezany,Brezany
JubXfE9326q,house,"partially renovated",2080.00,"okres Liptovský Mikuláš","Liptovský Mikuláš",Bodice
JurPQrgAzVa,house,"new construction",0.01,"okres Žilina",Varín,Varín
JuO0hdGmTXM,house,unrenovated,686.67,"okres Martin","Kláštor pod Znievom","Kláštor pod Znievom"
JuGAfyDq6Le,house,unrenovated,750.00,"okres Liptovský Mikuláš","Liptovská Kokava","Liptovská Kokava"
Jud-pgAdAnR,house,"partially renovated",1380.28,"okres Žilina",Žilina,Závodie
JunMD2_PHX1,house,"new construction",1603.98,"okres Žilina",Žilina,Budatín
Jut9hBMvkj1,house,"new construction",NULL,"okres Žilina",Hôrky,Hôrky
JuNkZt-5-PV,house,"partially renovated",2139.72,"okres Martin",Martin,Stred
JuMIjDzPJlV,house,"partially renovated",1088.24,"okres Žilina","Dolná Tižina","Dolná Tižina"
Ju08TjjVb3y,house,"new construction",4275.51,"okres Žilina",Mojš,Mojš
Juove7AkwvT,house,"new construction",1625.00,"okres Martin",Valča,Valča
JuqQL7cMBce,house,unrenovated,2843.75,"okres Žilina",Žilina,Bôrik
JuoK79RAO1k,house,unrenovated,1254.55,"okres Čadca",Čadca,Horelica
JuyE1SKm9MG,house,"new construction",NULL,"okres Dolný Kubín","Dolný Kubín","Veľký Bysterec"
JugZv3txcdX,house,"partially renovated",1900.00,"okres Liptovský Mikuláš","Liptovský Mikuláš",Palúdzka
JuAUIyCgthV,house,"fully renovated",784.85,"okres Turčianske Teplice",Dubové,Dubové
Ju2CLffbgDO,house,unrenovated,1062.50,"okres Čadca",Čierne,Čierne
JulOKuOiom0,house,unrenovated,706.90,"okres Martin",Martin,Stráne
JuV6m-uCHri,house,"partially renovated",1083.33,"okres Ružomberok",Komjatná,Komjatná
JuPf2GxFke-,house,"fully renovated",2131.05,"okres Martin",Martin,Jahodníky
JuBb5_6WbFx,house,"under construction",NULL,"okres Liptovský Mikuláš",Prosiek,Prosiek
JuBFSGXIbQg,house,"fully renovated",2917.53,"okres Martin",Martin,Stred
JuSEx_tCHgm,house,"partially renovated",NULL,"okres Martin",Sučany,Sučany
Ju8D90dPeWn,house,"under construction",2276.49,"okres Čadca","Stará Bystrica","Stará Bystrica"
JuSIu9gfLrM,house,"new construction",620.00,"okres Martin",Turany,Turany
JuZZAG3gZ4P,house,"fully renovated",1349.38,"okres Martin",Bystrička,Bystrička
Jubw55XES_L,house,unrenovated,574.07,"okres Žilina",Rajec,Rajec
Ju4qLAERlSe,house,"new construction",5812.22,"okres Turčianske Teplice",Sklené,Sklené
Ju7bwTEg95z,house,"under construction",1088.24,"okres Martin",Slovany,Slovany
JuyVs7iUVpH,house,"new construction",1901.26,"okres Žilina",Žilina,Budatín
JuQLhnk0fIJ,house,"partially renovated",668.27,"okres Námestovo",Bobrov,Bobrov
JuTHsp0WSDj,house,"new construction",1275.00,"okres Čadca",Čierne,Čierne
Juq9xnQNQkn,house,"new construction",2263.64,"okres Ružomberok","Liptovské Sliače","Liptovské Sliače"
JuyzhTATpQT,house,unrenovated,886.11,"okres Žilina","Rajecké Teplice","Rajecké Teplice"
Ju201YVcPl9,house,"partially renovated",158.58,"okres Martin",Martin,Priekopa
JuEkXTiy4W0,house,"fully renovated",1545.45,"okres Čadca",Turzovka,Predmier
JuRCZxG-Ooz,house,unrenovated,329.41,"okres Turčianske Teplice",Brieštie,Brieštie
Ju2g9qDY7C2,house,unrenovated,NULL,"okres Žilina","Lietavská Lúčka","Lietavská Lúčka"
JuiurmGxqdw,house,"partially renovated",2081.82,"okres Liptovský Mikuláš",Galovany,Galovany
Ju5l4eqQWuo,house,"new construction",1893.94,"okres Martin","Dolný Kalník","Dolný Kalník"
JubPnkGYuzd,house,unrenovated,2100.00,"okres Žilina","Lietavská Svinná-Babkov","Lietavská Svinná-Babkov"
JutUghljOFb,house,"new construction",2657.96,"okres Martin","Košťany nad Turcom","Košťany nad Turcom"
JuOcMarFG9f,house,"partially renovated",846.33,"okres Martin",Martin,Priekopa
Ju1nsnm6Thh,house,"fully renovated",1470.71,"okres Martin",Sučany,Sučany
JueL_62vkzy,house,"new construction",NULL,"okres Bytča",Petrovice,Petrovice
JuZ5Od87-Gum,house,"new construction",2029.13,"okres Žilina","Kamenná Poruba","Kamenná Poruba"
JuVjafOp1qo,house,unrenovated,774.00,"okres Liptovský Mikuláš",Jamník,Jamník
Ju83GL9bzob,house,"partially renovated",NULL,"okres Liptovský Mikuláš",Pribylina,Pribylina
JuOWTKqdph-,house,"new construction",2389.29,"okres Žilina",Brezany,Brezany
JuJ_aSROqsa,house,unrenovated,NULL,"okres Bytča",Maršová-Rašov,Maršová-Rašov
JuZb8UCK_rZ,house,NULL,500.00,"okres Čadca",Svrčinovec,Svrčinovec
JuTlV6vu9KV,house,"partially renovated",1218.75,"okres Čadca",Turzovka,Hlinené
Ju50VIWT3Qq,house,unrenovated,627.86,"okres Čadca","Nová Bystrica","Nová Bystrica"
JuHMOf4_aEt,house,"fully renovated",1191.18,"okres Martin",Martin,Podháj
JuExQtw6qVs,house,"new construction",1443.30,"okres Žilina",Bitarová,Bitarová
JuWdOUuOqTq,house,"partially renovated",562.47,"okres Bytča","Veľké Rovné","Veľké Rovné"
JuCQquJMobX,house,"fully renovated",1344.79,"okres Liptovský Mikuláš","Liptovský Mikuláš","Staré mesto"
JueH30MBugi,house,unrenovated,544.91,"okres Martin",Turany,Turany
JuCZFv2-6ou,house,"new construction",1499.44,"okres Martin",Sučany,Sučany
Juy0vY_LraB,house,unrenovated,365.13,"okres Ružomberok",Lisková,Lisková
JuRmVJrYF51,house,"partially renovated",NULL,"okres Žilina",Rajec,Rajec
JuZeXFkM1A9,house,unrenovated,600.00,"okres Čadca","Dlhá nad Kysucou","Dlhá nad Kysucou"
JuiNO66g3Yc,house,unrenovated,138.09,"okres Liptovský Mikuláš","Liptovský Trnovec","Liptovský Trnovec"
Ju3B-41JURa,house,"new construction",1870.31,"okres Žilina",Bitarová,Bitarová
JuVYoseZcjb,house,"fully renovated",1035.00,"okres Čadca","Vysoká nad Kysucou","Vysoká nad Kysucou"
JuOrdDmjklk,house,"partially renovated",515.15,"okres Liptovský Mikuláš","Nižná Boca","Nižná Boca"
Juqo9ur2oSk,house,"partially renovated",1369.10,"okres Čadca",Raková,Raková
JuUtFPHm2FJ,house,unrenovated,1325.00,"okres Čadca",Skalité,Skalité
JuRXV1iFSPA,house,unrenovated,587.06,"okres Liptovský Mikuláš","Partizánska Ľupča","Partizánska Ľupča"
JuvFd0GqZEL,house,unrenovated,850.00,"okres Čadca",Zákopčie,Zákopčie
JuYLfbh2sq3,house,"partially renovated",1599.92,"okres Ružomberok","Liptovská Osada","Liptovská Osada"
JurXt03mBLY,house,"new construction",1870.31,"okres Žilina",Bitarová,Bitarová
JuMWbh-aIKq,house,unrenovated,268.33,"okres Žilina",Žilina,Bôrik
JupleqZX_5c,house,unrenovated,816.11,"okres Liptovský Mikuláš",Važec,Važec
JuFiX3Sq3vG,house,"partially renovated",998.52,"okres Liptovský Mikuláš",Važec,Važec
JuHzPHOV8gk,house,unrenovated,923.42,"okres Martin",Valča,Valča
JugTUA5gS8g,house,unrenovated,1223.08,"okres Čadca",Čadca,Milošová
Ju-2ATFv9rv,house,"new construction",2571.43,"okres Žilina",Žilina,Trnové
Ju-DaLUFFrZO,house,unrenovated,1013.89,"okres Čadca",Zákopčie,Zákopčie
JulhD_NcT3W,house,"partially renovated",2191.67,"okres Čadca",Čadca,"U Hluška"
JuR8MtfJ_hy,house,"partially renovated",1034.14,"okres Ružomberok",Bešeňová,Bešeňová
JuTYVNH1hyq,house,unrenovated,1388.89,"okres Žilina",Žilina,Závodie
JueXmDjP7zd,house,"partially renovated",1054.29,"okres Žilina",Žilina,Budatín
JuNLZwMInNc,house,"new construction",1687.05,"okres Bytča",Kotešová,Kotešová
JuHhaEPAecH,house,unrenovated,2102.80,"okres Žilina",Žilina,Budatín
JuybIukKsI-,house,"partially renovated",736.32,"okres Kysucké Nové Mesto",Ochodnica,Ochodnica
JuJ_XP7nrRJ,house,"partially renovated",84663.33,"okres Martin",Martin,Priekopa
JuFneDQjvVa,house,"fully renovated",NULL,"okres Žilina",Žilina,"Staré mesto"
JuUd1zO7Wmq,house,"partially renovated",NULL,"okres Liptovský Mikuláš",Východná,Východná
JuWTFerinZc,house,"partially renovated",1444.44,"okres Námestovo",Námestovo,Stred
Ju65DXWDqfO,house,unrenovated,59.69,"okres Žilina","Malá Čierna","Malá Čierna"
JuUTEYZS5iH,house,unrenovated,NULL,"okres Martin","Turčianske Kľačany","Turčianske Kľačany"
JulIOnbqCxs,house,"new construction",3180.56,"okres Liptovský Mikuláš","Partizánska Ľupča","Partizánska Ľupča"
JuJpcjTfX3t,house,"partially renovated",923.68,"okres Kysucké Nové Mesto","Kysucký Lieskovec","Kysucký Lieskovec"
JunoisVSjsE,house,"partially renovated",2000.00,"okres Liptovský Mikuláš",Dúbrava,Dúbrava
JuX0rjtWptr,house,"fully renovated",214.40,"okres Ružomberok","Liptovská Lúžna","Liptovská Lúžna"
JuzqOH1xdi0,house,"fully renovated",2048.00,"okres Čadca",Klokočov,Klokočov
JuUrORAsIzH,house,unrenovated,544.83,"okres Turčianske Teplice",Sklené,Sklené
Ju0jlVjeum2,house,"fully renovated",2375.00,"okres Kysucké Nové Mesto",Radoľa,Radoľa
Ju-n3HBlCLs,house,"new construction",4990.57,"okres Liptovský Mikuláš","Liptovský Trnovec","Liptovský Trnovec"
JuFjizTs4O6,house,"new construction",1843.75,"okres Čadca",Oščadnica,Oščadnica
Juay0YLi6eq,house,"partially renovated",NULL,"okres Liptovský Mikuláš",Huty,Huty
JumqzlfG1o5,house,"fully renovated",1620.00,"okres Ružomberok",Lisková,Lisková
JuUVlQMhocg,house,"partially renovated",1538.46,"okres Turčianske Teplice","Malý Čepčín","Malý Čepčín"
JuIvAW7ErKL,house,unrenovated,3357.00,"okres Liptovský Mikuláš","Liptovský Mikuláš","Vrbica - Nábrežie"
Juomcnw1rQn,house,"new construction",1467.92,"okres Liptovský Mikuláš",Vavrišovo,Vavrišovo
JuRDPYuJ-Ru,house,"new construction",1455.00,"okres Námestovo",Zubrohlava,Zubrohlava
JuVmgN9tviU,house,"new construction",1453.50,"okres Žilina",Rajec,Rajec
JuHZ1_tqsoJ,house,"partially renovated",493.75,"okres Turčianske Teplice",Háj,Háj
JuRsx7ULgvE,house,"new construction",512.87,"okres Liptovský Mikuláš",Ižipovce,Ižipovce
Juu-17oAoC1,house,"partially renovated",883.33,"okres Žilina",Žilina,"Považský Chlmec"
JuHTrpBIwLH,house,unrenovated,656.00,"okres Čadca","Zborov nad Bystricou","Zborov nad Bystricou"
JuXRdny6i_s,house,unrenovated,1421.05,"okres Bytča",Kolárovice,Kolárovice
JugRw5WlFvo,house,"new construction",2651.52,"okres Martin","Košťany nad Turcom","Košťany nad Turcom"
JufGT_MaCUz,house,unrenovated,653.85,"okres Kysucké Nové Mesto",Rudinská,Rudinská
Juoz04a647Q,house,"partially renovated",1625.00,"okres Žilina",Žilina,Budatín
Jul4_uLItfd,house,"new construction",2162.50,"okres Čadca",Čadca,Horelica
Ju1Kl-Z5Rmy,house,unrenovated,900.00,"okres Čadca",Svrčinovec,Svrčinovec
JuyNnLnMYyC,house,"partially renovated",NULL,"okres Čadca",Oščadnica,Oščadnica
JuF46fUq-Yw,house,unrenovated,NULL,"okres Martin",Blatnica,Blatnica
JuKQcfqPzaF,house,unrenovated,1598.21,"okres Ružomberok",Ľubochňa,Ľubochňa
Jum6j-Ej2-f,house,"fully renovated",NULL,"okres Martin","Turčianske Kľačany","Turčianske Kľačany"
JuytovsywXn,house,"new construction",1546.96,"okres Žilina",Bitarová,Bitarová
JucRk_dUu__,house,"new construction",1994.12,"okres Liptovský Mikuláš",Ižipovce,Ižipovce
JuWBhReJsOQ,house,"fully renovated",2369.57,"okres Ružomberok",Ružomberok,"Staré mesto"
Jub5AmyEEcs,house,"new construction",NULL,"okres Čadca",Makov,Makov
JuobJik_lQu,house,"partially renovated",729.17,"okres Martin",Žabokreky,Žabokreky
JupxniZ3HTo,house,"partially renovated",1047.06,"okres Turčianske Teplice",Brieštie,Brieštie
JuT8nBQBdJW,house,"partially renovated",725.00,"okres Turčianske Teplice",Dubové,Dubové
JuX6zPqRWEF,house,unrenovated,NULL,"okres Martin",Vrútky,"Dolné Vrútky"
JuMM6zZvZxw,house,"partially renovated",NULL,"okres Bytča",Bytča,"Hliník nad Váhom"
JuBhi6vWwWF,house,"partially renovated",1666.67,"okres Ružomberok",Hubová,Hubová
Jud1nB5cUDA,house,"new construction",1534.88,"okres Námestovo",Ťapešovo,Ťapešovo
JusY0XVc742,house,"new construction",2682.59,"okres Žilina",Varín,Varín
Ju0x3Q-Isx2,house,"partially renovated",NULL,"okres Martin",Martin,Jahodníky
JusBzzX4MYn,house,unrenovated,937.08,"okres Martin",Martin,Stráne
JuTbyPBzXmh,house,unrenovated,NULL,"okres Čadca","Zborov nad Bystricou","Zborov nad Bystricou"
JuyGuuau4bp,house,"new construction",2213.57,"okres Čadca",Skalité,Skalité
JuZg89p6Hy7,house,"fully renovated",1608.65,"okres Žilina",Terchová,Terchová
JuEnivfsQqG,house,"partially renovated",NULL,"okres Turčianske Teplice","Horná Štubňa","Horná Štubňa"
Ju90ROUj5tm,house,"fully renovated",1826.09,"okres Liptovský Mikuláš",Ľubeľa,Ľubeľa
JuIgiXtxn7E,house,"partially renovated",NULL,"okres Martin",Martin,Stráne
JufpZ_mPYDs,house,"fully renovated",NULL,"okres Ružomberok",Ľubochňa,Ľubochňa
Ju1ty2ZUYgk,house,"new construction",NULL,"okres Martin",Príbovce,Príbovce
JuGmzsgn_AA,house,unrenovated,998.00,"okres Kysucké Nové Mesto","Kysucké Nové Mesto",Oškerda
Ju_5Xv4V0EB,house,"fully renovated",NULL,"okres Liptovský Mikuláš","Liptovský Hrádok",Dovalovo
JuQuGs-1s6D,house,"partially renovated",644.33,"okres Čadca",Turzovka,Stred
JuZvI3pSm0g,house,"partially renovated",821.74,"okres Žilina","Lietavská Svinná-Babkov","Lietavská Svinná-Babkov"
Ju4QNdSEtTJo,house,"under construction",1612.47,"okres Bytča",Bytča,"Bytča - sever"
JuhaIw0usS1,house,"partially renovated",NULL,"okres Čadca","Krásno nad Kysucou",Blažkov
JuTyI-EzXJs,house,unrenovated,NULL,"okres Žilina",Žilina,"Staré mesto"
Ju6Y8lDrPPx,house,"new construction",3253.62,"okres Žilina",Hôrky,Hôrky
JuRjgYMudUi,house,"partially renovated",933.33,"okres Bytča",Kotešová,Kotešová
JuQMRIcKumi,house,"under construction",1545.88,"okres Liptovský Mikuláš",Ľubeľa,Ľubeľa
JuemrlNxbW5,house,unrenovated,444.44,"okres Ružomberok",Ružomberok,Polík
JueAKgCSgAy,house,"fully renovated",NULL,"okres Žilina",Turie,Turie
Ju73dWwYIf4,house,"fully renovated",733.33,"okres Ružomberok","Liptovské Sliače","Liptovské Sliače"
JuL77Ktof8v,house,"new construction",314.72,"okres Ružomberok","Liptovská Štiavnica","Liptovská Štiavnica"
Juwx2kMBKdR,house,unrenovated,1200.00,"okres Kysucké Nové Mesto",Povina,Povina
Ju11dVJkRkl,house,unrenovated,NULL,"okres Žilina",Žilina,Závodie
Ju6OXC5e_2f,house,"partially renovated",NULL,"okres Liptovský Mikuláš",Jakubovany,Jakubovany
JuAWKeHNgzP,house,unrenovated,370.16,"okres Liptovský Mikuláš",Východná,Východná
JufFtzCmoZI,house,"fully renovated",1552.91,"okres Žilina",Rosina,Rosina
JuT75QcQxxP,house,"fully renovated",2160.00,"okres Dolný Kubín","Dolný Kubín","Malý Bysterec"
JunaNl4t7YD,house,unrenovated,333.33,"okres Žilina",Žilina,Bytčica
Ju_rwk44XIO,house,unrenovated,1043.18,"okres Žilina",Žilina,Závodie
JuDlx9y21vs,house,unrenovated,NULL,"okres Turčianske Teplice",Turček,Turček
JuaEOE3NvBE,house,"new construction",2062.50,"okres Martin",Rakovo,Rakovo
Juidd703LOU,house,unrenovated,745.00,"okres Žilina",Lysica,Lysica
Ju-OE670leB,house,unrenovated,NULL,"okres Bytča",Predmier,Predmier
JukIEPbTzbs,house,unrenovated,NULL,"okres Žilina",Hôrky,Hôrky
JuRG-vEhd9B,house,"partially renovated",1454.05,"okres Žilina","Lietavská Lúčka","Lietavská Lúčka"
Ju9pzA6kp29,house,"partially renovated",630.00,"okres Čadca",Makov,Makov
Juf5JJugsJj,house,"fully renovated",2000.00,"okres Turčianske Teplice","Horná Štubňa","Horná Štubňa"
JulEUnG0Jam,house,unrenovated,NULL,"okres Turčianske Teplice","Turčianske Teplice",Stred
Ju0Bq6SU1wr,house,"new construction",1382.47,"okres Žilina","Rajecké Teplice","Rajecké Teplice"
Juk1Q-owy0o,house,"partially renovated",2079.90,"okres Liptovský Mikuláš","Liptovský Mikuláš",Okoličné
Ju9iqAyYgBP,house,"partially renovated",NULL,"okres Martin",Martin,Priekopa
JuRU-kTFsF-J,house,unrenovated,1150.00,"okres Turčianske Teplice","Horná Štubňa","Horná Štubňa"
JuO6fvSVJ1V,house,unrenovated,218.26,"okres Čadca",Klokočov,Klokočov
JuGR3fH9qik,house,"new construction",1443.30,"okres Žilina",Bitarová,Bitarová
Jun_xJ64Vjc,house,unrenovated,NULL,"okres Žilina",Konská,Konská
JuH_zZRV3ue,house,unrenovated,1175.00,"okres Liptovský Mikuláš",Bobrovec,Bobrovec
Juo44m6iiNj,house,unrenovated,2360.00,"okres Žilina",Žilina,"Staré mesto"
JuTTJWsaBgO,house,"partially renovated",532.92,"okres Čadca","Zborov nad Bystricou","Zborov nad Bystricou"
Ju56OOXxa00,house,"under construction",1493.53,"okres Dolný Kubín",Párnica,Párnica
JusG-CBmKRn,house,unrenovated,2203.88,"okres Liptovský Mikuláš",Trstené,Trstené
Ju-ovwkHGP4,house,unrenovated,633.33,"okres Bytča","Veľké Rovné","Veľké Rovné"
Ju7tj2F-ptw,house,unrenovated,NULL,"okres Martin",Martin,Stráne
JuWpJ-Sbi1l,house,unrenovated,645.00,"okres Čadca",Turzovka,Stred
Ju9ruJn5dvg,house,"new construction",NULL,"okres Martin",Slovany,Slovany
Ju2peJN838G,house,unrenovated,1230.16,"okres Žilina",Svederník,Svederník
JuKxAN_EaMu,house,"partially renovated",1686.21,"okres Žilina",Terchová,Terchová
Juc0OLvyRFq,house,"new construction",1330.65,"okres Bytča",Bytča,"Hliník nad Váhom"
Ju3paQMk-CF,house,unrenovated,916.67,"okres Dolný Kubín","Sedliacka Dubová","Sedliacka Dubová"
Ju1ogGmfwSn,house,"new construction",1688.37,"okres Žilina",Konská,Konská
JuG7o38qa_3q,house,unrenovated,1142.86,"okres Martin","Turčiansky Peter","Turčiansky Peter"
JumEIr24W_g,house,unrenovated,890.00,"okres Turčianske Teplice","Slovenské Pravno","Slovenské Pravno"
Juq9Pjjnp8z,house,"new construction",2881.48,"okres Ružomberok","Liptovská Štiavnica","Liptovská Štiavnica"
JuXqO07RrTD,house,"under construction",2343.75,"okres Turčianske Teplice","Turčianske Teplice","Turčiansky Michal"
JuYcAohEk_m,house,unrenovated,153.33,"okres Čadca",Svrčinovec,Svrčinovec
JuT5ppNKCia,house,unrenovated,407.41,"okres Čadca",Raková,Raková
Ju-75DBwgfk,house,unrenovated,888.89,"okres Martin",Sučany,Sučany
JureCrsruRg,house,"partially renovated",NULL,"okres Liptovský Mikuláš","Liptovský Hrádok",Prekážka
JutHib1B1xR,house,"partially renovated",270.59,"okres Kysucké Nové Mesto","Kysucký Lieskovec","Kysucký Lieskovec"
JuB8NSIuUep,house,unrenovated,NULL,"okres Žilina",Žilina,Brodno
Juw8ClGcgML,house,"partially renovated",1246.44,"okres Ružomberok",Stankovany,Stankovany
Juue_okjXNw,house,"new construction",1201.92,"okres Bytča",Bytča,"Bytča - sever"
JugpipVmZe_,house,unrenovated,1454.55,"okres Kysucké Nové Mesto","Kysucké Nové Mesto","Budatínska Lehota"
JujzuFjr_sw,house,unrenovated,1352.94,"okres Liptovský Mikuláš","Svätý Kríž","Svätý Kríž"
JuXTh3yHj3W,house,unrenovated,712.50,"okres Martin","Košťany nad Turcom","Košťany nad Turcom"
JuucJQK8h5P,house,"partially renovated",566.67,"okres Liptovský Mikuláš","Nižná Boca","Nižná Boca"
JupsrE6Y27i,house,unrenovated,351.62,"okres Martin",Martin,Stráne
Juf1-SHsN6y,house,"new construction",492.31,"okres Ružomberok",Ružomberok,"Staré mesto"
JuEljZtEPoT,house,"new construction",2726.19,"okres Čadca",Raková,Raková
Juxato9q4rN,house,"new construction",NULL,"okres Žilina",Kľače,Kľače
JuDQ5AS8LzC,house,"new construction",1625.00,"okres Liptovský Mikuláš","Liptovský Ondrej","Liptovský Ondrej"
JusAHp2VimF,house,"partially renovated",638.89,"okres Liptovský Mikuláš",Východná,Východná
JuWdcFlgLA9,house,"new construction",3194.17,"okres Žilina",Turie,Turie
JuSSMtgR56t,house,"new construction",2036.97,"okres Žilina",Ovčiarsko,Ovčiarsko
JuirYeDybOq,house,"partially renovated",NULL,"okres Žilina",Podhorie,Podhorie
JuQ3jpCSPOt,house,unrenovated,1011.90,"okres Ružomberok",Ludrová,Ludrová
JuVHwGe_6K2,house,"fully renovated",3607.91,"okres Žilina",Višňové,Višňové
Juyxeic3AFZ,house,"partially renovated",933.33,"okres Čadca",Turzovka,Hlinené
Ju5nlLB7ljN,house,"partially renovated",869.42,"okres Žilina",Žilina,Bytčica
Jup1g8TJ1Ud,house,unrenovated,3232.76,"okres Martin","Kláštor pod Znievom","Kláštor pod Znievom"
JuHXcrjjNm5,house,unrenovated,630.25,"okres Ružomberok","Valaská Dubová","Valaská Dubová"
JudSeGPXKHG,house,"fully renovated",1056.25,"okres Čadca","Vysoká nad Kysucou","Vysoká nad Kysucou"
JuU3IYp6uhY,house,unrenovated,1839.08,"okres Martin",Vrútky,"Dolné Vrútky"
JuobOWSlbyq,house,"fully renovated",1616.34,"okres Žilina","Rajecké Teplice","Rajecké Teplice"
Jup4EgHcPTP,house,"partially renovated",NULL,"okres Ružomberok","Liptovské Revúce","Liptovské Revúce"
Ju8g_PgmzSw,house,unrenovated,533.33,"okres Čadca",Svrčinovec,Svrčinovec
JuWoB6KY-Fv,house,"under construction",2584.27,"okres Žilina","Teplička nad Váhom","Teplička nad Váhom"
Jujja8Oem9Ja,house,"partially renovated",194.50,"okres Námestovo",Zubrohlava,Zubrohlava
JutFPWQnH3V,house,"partially renovated",475.71,"okres Liptovský Mikuláš",Bobrovec,Bobrovec
JuTPpgXbJM9,house,"fully renovated",2228.92,"okres Žilina",Višňové,Višňové
JuwlU3wQsXG,house,"new construction",2164.18,"okres Liptovský Mikuláš",Jamník,Jamník
Ju_GJzZVy3l,house,"fully renovated",3155.56,"okres Čadca",Čadca,Husárikovci
Ju2MLh38AzW,house,"partially renovated",735.29,"okres Liptovský Mikuláš","Liptovský Mikuláš","Vrbica - Nábrežie"
JujrHGAONfL,house,"new construction",1649.50,"okres Martin",Martin,Sever
JuiBk9pN0nv,house,"partially renovated",718.18,"okres Čadca",Čadca,Milošová
JuqlrZXWQYv,house,"partially renovated",833.33,"okres Čadca",Podvysoká,Podvysoká
JuLD_F55WFh,house,"partially renovated",768.46,"okres Čadca",Raková,Raková
JuQ_edW4pqG,house,"partially renovated",1000.00,"okres Žilina",Rajec,Rajec
JuLIxD4sKGK,house,unrenovated,2487.50,"okres Žilina",Žilina,Rosinky
JuFh6vU7_2A,house,unrenovated,2920.21,"okres Žilina","Teplička nad Váhom","Teplička nad Váhom"
Juhkwp9VTaS,house,"partially renovated",2415.79,"okres Žilina",Stránske,Stránske
JusD2Dor1mJ,house,"fully renovated",1660.71,"okres Liptovský Mikuláš",Východná,Východná
Ju6xP8_FpVZ,house,"fully renovated",3300.00,"okres Čadca",Čadca,Podzávoz
JuBfL7XLVQ9,house,unrenovated,595.00,"okres Turčianske Teplice",Rudno,Rudno
JuKrQbUiYIO,house,unrenovated,412.14,"okres Liptovský Mikuláš",Pribylina,Pribylina
JudHzue4NhQ,house,"partially renovated",470.20,"okres Dolný Kubín",Zázrivá,Zázrivá
JuHkAYV6JoA,house,"partially renovated",1353.57,"okres Liptovský Mikuláš",Bobrovec,Bobrovec
JurDwbnUMLP,house,unrenovated,596.54,"okres Liptovský Mikuláš",Vlachy,Vlachy
Jugf4rDrfFo,house,"partially renovated",1773.96,"okres Žilina",Žilina,Závodie
JuZoVvDAQMx,house,unrenovated,558.82,"okres Čadca","Dlhá nad Kysucou","Dlhá nad Kysucou"
JujkenW1_dD,house,"partially renovated",1587.06,"okres Turčianske Teplice",Sklené,Sklené
JulOG-brCZ9,house,"new construction",NULL,"okres Liptovský Mikuláš","Liptovský Hrádok",Dovalovo
JuIIElHC0cU,house,"fully renovated",1596.00,"okres Žilina",Žilina,"Malá Praha"
JuOwPTDIr94,house,"partially renovated",1065.00,"okres Martin",Martin,Priekopa
Jug496eX3Gs,house,unrenovated,354.17,"okres Turčianske Teplice",Mošovce,Mošovce
JuvykS9-KBJ0,house,"under construction",1333.33,"okres Žilina",Mojš,Mojš
JuTIxLYmsaK,house,"partially renovated",312.50,"okres Ružomberok",Hubová,Hubová
JuOddvSg_iO,house,"new construction",NULL,"okres Čadca",Zákopčie,Zákopčie
Ju_f1P774-u,house,unrenovated,800.00,"okres Žilina",Terchová,Terchová
JuLULBR692w,house,unrenovated,712.86,"okres Bytča","Veľké Rovné","Veľké Rovné"
Ju0LSKjfViu,house,"fully renovated",2193.33,"okres Dolný Kubín",Párnica,Párnica
JuFJihogKZr,house,"new construction",2574.63,"okres Martin","Turčianske Kľačany","Turčianske Kľačany"
Juw-GSUdmIG,house,unrenovated,NULL,"okres Žilina",Žilina,Bytčica
JujV2EHmiVM,house,"fully renovated",0.01,"okres Žilina",Žilina,Bánová
Ju-hUCgY0a1,house,"partially renovated",923.68,"okres Kysucké Nové Mesto","Kysucký Lieskovec","Kysucký Lieskovec"
JuAF4QcTzrfs,house,"partially renovated",1184.62,"okres Turčianske Teplice","Turčianske Teplice",Diviaky
Ju_WEW0Dt4l,house,"new construction",2430.89,"okres Liptovský Mikuláš","Liptovský Mikuláš",Andice
Jucdr_EmdH7,house,unrenovated,232.88,"okres Žilina","Teplička nad Váhom","Teplička nad Váhom"
Ju5C1H5Abo0,house,unrenovated,1231.34,"okres Ružomberok",Ružomberok,Hrboltová
Ju-cAw3rC7V,house,unrenovated,1225.00,"okres Martin",Vrícko,Vrícko
JuRyz27itEW,house,unrenovated,596.54,"okres Liptovský Mikuláš",Vlachy,Vlachy
JuPc1_kIcTs,house,unrenovated,1290.00,"okres Martin",Turany,Turany
JuJvW8l5-15,house,"partially renovated",1936.36,"okres Liptovský Mikuláš","Demänovská Dolina","Demänovská Dolina"
Ju0Eh3sKXhb,house,"fully renovated",NULL,"okres Martin",Martin,Priekopa
JuwEY-XQ--d,house,"fully renovated",NULL,"okres Liptovský Mikuláš",Vavrišovo,Vavrišovo
JuCDqPuA034,house,unrenovated,1020.00,"okres Turčianske Teplice",Mošovce,Mošovce
JuhhjX7seSg,house,"new construction",1519.84,"okres Žilina",Žilina,Trnové
Ju9MyQ5uKi3,house,"new construction",NULL,"okres Žilina","Rajecké Teplice","Rajecké Teplice"
JuOzT9FClFp,house,unrenovated,276.67,"okres Martin",Záborie,Záborie
Ju1tXdldNyS,house,"partially renovated",1521.74,"okres Liptovský Mikuláš","Liptovský Mikuláš","Staré mesto"
JuQ2hrgTY7r,house,"fully renovated",1350.00,"okres Liptovský Mikuláš",Pribylina,Pribylina
JuqU9D7znCx,house,"new construction",2616.28,"okres Turčianske Teplice","Turčianske Teplice",Stred
JuL3EMccaWT,house,"new construction",2241.67,"okres Ružomberok","Liptovské Sliače","Liptovské Sliače"
Juo6QlN-W6H,house,unrenovated,660.00,"okres Žilina",Divinka,Divinka
JuXXQno7cBY,house,"partially renovated",NULL,"okres Liptovský Mikuláš",Podtureň,Podtureň
Ju3zQ1Nh4jQ,house,"new construction",2441.18,"okres Ružomberok","Liptovské Sliače","Liptovské Sliače"
Junzj9FwgBR,house,"partially renovated",1044.55,"okres Liptovský Mikuláš",Važec,Važec
JukPbMQp4vL,house,"new construction",1998.18,"okres Ružomberok","Liptovské Sliače","Liptovské Sliače"
JukD8xcsDDl,house,"partially renovated",1093.92,"okres Žilina",Rajec,Rajec
JurZyKShYtB,house,"partially renovated",1204.17,"okres Kysucké Nové Mesto","Horný Vadičov","Horný Vadičov"
JuIgoGx2_v8,house,"partially renovated",861.11,"okres Čadca",Čadca,Rieka
JuwqZ5PtbUb,house,"partially renovated",1500.00,"okres Martin",Martin,Jahodníky
JuxW1O4IZfX,house,unrenovated,1200.00,"okres Dolný Kubín",Kraľovany,Kraľovany
JuZfxEunNEv,house,"under construction",NULL,"okres Čadca","Vysoká nad Kysucou","Vysoká nad Kysucou"
JudwE3rIvVz,house,"under construction",1449.44,"okres Čadca",Oščadnica,Oščadnica
Ju7kXMAX0QT,house,unrenovated,1260.00,"okres Martin",Valča,Valča
JupYywFi6D_,house,"new construction",2627.49,"okres Žilina",Bitarová,Bitarová
JuIGrD00dbC,house,"partially renovated",1778.57,"okres Žilina",Žilina,Bytčica
JuV6E0eOThi,house,unrenovated,NULL,"okres Liptovský Mikuláš","Liptovský Hrádok",Dovalovo
Jul4Dd3O9uR,house,"partially renovated",NULL,"okres Martin","Kláštor pod Znievom","Kláštor pod Znievom"
JuFvFbiV3nGH,house,"partially renovated",1150.00,"okres Kysucké Nové Mesto","Kysucký Lieskovec","Kysucký Lieskovec"
JulkobtfeMA,house,"fully renovated",2213.57,"okres Liptovský Mikuláš",Dúbrava,Dúbrava
JuILcPMYY3I,house,unrenovated,NULL,"okres Čadca",Svrčinovec,Svrčinovec
Ju9prTXn5Xw,house,unrenovated,NULL,"okres Bytča",Kolárovice,Kolárovice
JuOXuzHr_5v,house,"partially renovated",1186.05,"okres Kysucké Nové Mesto","Kysucké Nové Mesto",NULL
JugA13oDi48,house,"under construction",1947.92,"okres Žilina","Dolný Hričov","Dolný Hričov"
JuboTIFLqNK,house,"new construction",NULL,"okres Martin",Slovany,Slovany
JuDKS0g6D3f,house,"new construction",2617.11,"okres Žilina",Bitarová,Bitarová
JuJU1QTMNeE,house,"partially renovated",350.00,"okres Turčianske Teplice",Jazernica,Jazernica
Ju4eYX0tWAV,house,unrenovated,440.00,"okres Kysucké Nové Mesto",Snežnica,Snežnica
Jud5gsaD9sR,house,"partially renovated",1355.36,"okres Žilina",Krasňany,Krasňany
JuYDxLuRjG3,house,"fully renovated",1280.49,"okres Martin",Trebostovo,Trebostovo
Juaq4WwW9vx,house,"new construction",2307.69,"okres Martin",Slovany,Slovany
JuOJxRj9DKw,house,"under construction",2332.22,"okres Čadca",Čierne,Čierne
JuMfU94cmO0,house,unrenovated,NULL,"okres Martin",Príbovce,Príbovce
JuwiSGum6al,house,unrenovated,944.06,"okres Žilina",Stránske,Stránske
JuDnu0rzPNR,house,"partially renovated",1122.07,"okres Liptovský Mikuláš","Liptovský Ján","Liptovský Ján"
JuJ4xyA2Mvr,land,"partially renovated",NULL,"okres Martin",Podhradie,Podhradie
JudYTXBsh4Y,house,"new construction",NULL,"okres Žilina",Divina,Divina
JupYVGV2PGl,house,"fully renovated",1224.49,"okres Martin",Martin,Jahodníky
JuDwofoMvZp,house,"partially renovated",399.00,"okres Martin",Dražkovce,Dražkovce
JuqvJh14Wgu,house,"partially renovated",448.47,"okres Ružomberok",Ružomberok,"Biely Potok"
JuF72cqi1ME,house,unrenovated,348.19,"okres Žilina",Lietava,Lietava
JuT__REr8vI,house,"partially renovated",NULL,"okres Žilina",Žilina,"Staré mesto"
JuORrTudHFM,house,unrenovated,733.33,"okres Ružomberok","Liptovská Lúžna","Liptovská Lúžna"
Ju4BYb2OXbI,house,"new construction",434.33,"okres Martin",Necpaly,Necpaly
JuWoCIVD5v7,house,unrenovated,977.80,"okres Martin",Vrútky,Mexiko
JuP68rfpcZn,house,"new construction",680.58,"okres Martin",Martin,Záturčie
JuiBTU_jIjf,house,"new construction",2233.73,"okres Žilina",Višňové,Višňové
JuEM42o9KEz,house,"partially renovated",1738.46,"okres Žilina",Žilina,"Mojšová Lúčka"
JuBBhpjm8uU,house,"new construction",NULL,"okres Žilina",Varín,Varín
JuB-eq5YpsZ,house,"partially renovated",1035.71,"okres Martin",Martin,Stred
JugwkPLjiSd,house,"partially renovated",1098.84,"okres Čadca",Turzovka,Stred
JuWZZxteQ48,house,"fully renovated",1379.31,"okres Čadca",Čadca,NULL
JuvSq281jGh,house,"new construction",213.31,"okres Ružomberok","Liptovské Revúce","Liptovské Revúce"
JuNOgX2BOnQ,house,unrenovated,368.13,"okres Liptovský Mikuláš",Pribylina,Pribylina
Jui_ZoBED_0,house,"partially renovated",1330.00,"okres Žilina",Višňové,Višňové
JuJYdMwBoGD,house,unrenovated,NULL,"okres Liptovský Mikuláš","Liptovský Hrádok",Dovalovo
Ju8_creUM11,house,unrenovated,679.60,"okres Čadca",Oščadnica,Oščadnica
JuRsdZ8Jr2V,house,"partially renovated",1336.63,"okres Ružomberok",Ružomberok,"Biely Potok"
JuCaZmfJRdP,house,unrenovated,1215.69,"okres Ružomberok",Ludrová,Ludrová
Ju4MXYA6Wg9,house,"new construction",3000.00,"okres Žilina",Bitarová,Bitarová
JuE3pQZRo1O,house,"fully renovated",1499.93,"okres Kysucké Nové Mesto","Kysucký Lieskovec","Kysucký Lieskovec"
JuAxDS1KQP8,house,unrenovated,1075.00,"okres Žilina","Lietavská Lúčka","Lietavská Lúčka"
JuKYmK8mVw6,house,"fully renovated",2391.30,"okres Žilina",Stránske,Stránske
Juvh3BjYac_,house,"new construction",2782.47,"okres Žilina",Krasňany,Krasňany
Ju5k47Z1Q5X,house,"fully renovated",1935.34,"okres Žilina",Žilina,Bánová
JunvCN2R0KwV,house,unrenovated,141.21,"okres Bytča",Hvozdnica,Hvozdnica
Jurd_8tAg0w,house,"new construction",2855.95,"okres Čadca",Čadca,NULL
Jugb1InFMah,house,"partially renovated",2330.00,"okres Liptovský Mikuláš","Liptovský Mikuláš",Okoličné
JuaFi1HiKe0,house,"new construction",2576.92,"okres Žilina","Rajecké Teplice","Rajecké Teplice"
JuMFo7ruEBZ,house,unrenovated,0.01,"okres Martin",Valča,Valča
JuX-ONSG7MW,house,unrenovated,NULL,"okres Ružomberok",Ružomberok,NULL
Ju0kW7lOKRF,house,"new construction",NULL,"okres Žilina",Lietava,Lietava
JuOaESnNFiy,house,"new construction",NULL,"okres Žilina",Kunerad,Kunerad
JuYD8Gn0PV5,house,"partially renovated",NULL,"okres Ružomberok",Ružomberok,Polík
JuhLO-Heh52,house,"under construction",NULL,"okres Čadca",NULL,NULL
JuF7UnEWPwr,house,unrenovated,920.00,"okres Čadca",Klokočov,Klokočov
JuWoA-3_Vhw,house,"partially renovated",235.00,"okres Žilina",Mojš,Mojš
JuagtPiMN9S,house,"fully renovated",0.00,"okres Bytča",Súľov-Hradná,Súľov-Hradná
JuG6_2wmBUe_,house,"fully renovated",1296.30,"okres Žilina",Konská,Konská
JuTJoEU1yhL,house,"new construction",NULL,"okres Žilina",Kľače,Kľače
Jux1LioPBDR,house,"fully renovated",1857.14,"okres Martin",Valča,Valča
Ju1Zyt94p9m,house,unrenovated,1173.91,"okres Tvrdošín",Podbiel,Podbiel
JuSFm2ck_qD,house,unrenovated,835.00,"okres Ružomberok",Ružomberok,Rybárpole
JuRFzODyKkv,house,unrenovated,NULL,"okres Čadca",Čadca,NULL
Ju0haqvRmrK,house,"new construction",1271.70,"okres Martin",Slovany,Slovany
JuR9KTBJMCB,house,"partially renovated",326.46,"okres Turčianske Teplice",Turček,Turček
Ju2Dvk7KVfE,house,"fully renovated",340.28,"okres Martin",Sučany,Sučany
JuvNL72ZHI4,house,"partially renovated",1142.86,"okres Ružomberok",Likavka,Likavka
JuUyJggM4z1,house,"new construction",2345.45,"okres Martin","Kláštor pod Znievom","Kláštor pod Znievom"
JuR4pf3ePqS,house,unrenovated,340.38,"okres Čadca",Makov,Makov
Jufy8CKURgq,house,unrenovated,813.33,"okres Žilina",Terchová,Terchová
Jul6ieKbYlp,house,"new construction",1875.54,"okres Žilina",Višňové,Višňové
JuRRdB5MPo6,house,"partially renovated",1842.11,"okres Liptovský Mikuláš",Bukovina,Bukovina
Juo6oycVN3c,house,"fully renovated",650.60,"okres Martin",Sučany,Sučany
Ju2VjIyIlVx,house,"partially renovated",825.00,"okres Čadca",Klokočov,Klokočov
Ju95SyJKFz2,house,"fully renovated",650.60,"okres Martin",Sučany,Sučany
JuxzSRLNzXu,house,unrenovated,NULL,"okres Ružomberok","Liptovská Lúžna","Liptovská Lúžna"
JuLzQl1X89Z,house,unrenovated,1020.00,"okres Martin",Martin,Priekopa
JuKWyVNMM2k,house,"partially renovated",NULL,"okres Martin",Martin,Stráne
Ju-Ov-V98je,house,"new construction",3593.75,"okres Žilina",Svederník,Svederník
JuGmc6FHo9t,house,"new construction",2570.97,"okres Bytča",Bytča,"Hliník nad Váhom"
JuuHc7n3_6p,house,"partially renovated",100.35,"okres Ružomberok",Ružomberok,"Nová Hrboltová"
JuAHK-zDu1n,house,"new construction",NULL,"okres Martin",Martin,Stráne
JuNzCNAc9Wz,house,"new construction",4191.18,"okres Dolný Kubín",Zázrivá,Zázrivá
JupJ40WhVz4,house,"partially renovated",NULL,"okres Bytča",Bytča,"Veľká Bytča"
JuCH2kzzbIV,house,unrenovated,194.17,"okres Čadca",Klokočov,Klokočov
JudaRDHzHMh,house,unrenovated,1650.00,"okres Turčianske Teplice",Blažovce,Blažovce
JuGJrcpb-9J,house,unrenovated,2000.00,"okres Čadca","Krásno nad Kysucou",Stred
JuJ545cqJWH,house,unrenovated,1008.67,"okres Kysucké Nové Mesto",Povina,Povina
JuH4UL-NFsu,house,"fully renovated",869.57,"okres Martin",Podhradie,Podhradie
JuPRgX9VgXE,house,unrenovated,1142.57,"okres Liptovský Mikuláš","Partizánska Ľupča","Partizánska Ľupča"
Juk7YsiM63G,house,"under construction",1264.71,"okres Ružomberok",Ružomberok,Baničné
Ju9WjpqJLA4,house,unrenovated,1500.00,"okres Liptovský Mikuláš","Liptovský Trnovec","Liptovský Trnovec"
Ju7QPzGiQmY,house,"new construction",2053.44,"okres Žilina",Žilina,Strážov
Jubs_Rgnyxf,house,"partially renovated",1562.09,"okres Žilina",Kunerad,Kunerad
JukbTdt_vUz,house,unrenovated,2095.24,"okres Ružomberok",Lúčky,Lúčky
Jul8ny-uWFg,house,"partially renovated",856.43,"okres Turčianske Teplice","Horná Štubňa","Horná Štubňa"
JuPpsgs77n2,house,"development project",2893.91,"okres Liptovský Mikuláš","Liptovské Kľačany","Liptovské Kľačany"
JuhnPs38z4P,house,unrenovated,1608.26,"okres Žilina","Rajecké Teplice","Rajecké Teplice"
Jub4mmrjTfE,house,"new construction",2824.99,"okres Dolný Kubín",Jasenová,Jasenová
JuzY7TnxlPO,house,"fully renovated",NULL,"okres Martin",Bystrička,Bystrička
JuHri8JYCPm,house,"partially renovated",503.37,"okres Liptovský Mikuláš","Liptovský Trnovec","Liptovský Trnovec"
JupIfiIMuTQ,house,"fully renovated",463.53,"okres Liptovský Mikuláš",Važec,Važec
Ju43uV08_mz,house,"new construction",NULL,"okres Žilina",Bitarová,Bitarová
JumvXW6cFIn,house,unrenovated,1327.27,"okres Žilina","Veľká Čierna","Veľká Čierna"
Juulf_xdqDW,house,"fully renovated",2391.30,"okres Žilina",Stránske,Stránske
JupwP8lNDDm,house,"under construction",1880.16,"okres Žilina",Višňové,Višňové
JuVzLEYHq9B,house,"partially renovated",206.67,"okres Turčianske Teplice","Horná Štubňa","Horná Štubňa"
JuSe-G6QpFq,house,"fully renovated",1894.68,"okres Žilina",Žilina,Závodie
JuIWDdc4brD,house,unrenovated,482.71,"okres Liptovský Mikuláš","Liptovský Trnovec","Liptovský Trnovec"
Jui5kD-W6hC,house,"partially renovated",960.40,"okres Čadca","Krásno nad Kysucou",Stred
JuP8WIuTbXh,house,"partially renovated",986.67,"okres Námestovo","Oravská Lesná","Oravská Lesná"
Junzbld49fm,house,"new construction",4239.13,"okres Žilina",Rosina,Rosina
Ju0Cnj5HUET,house,"under construction",NULL,"okres Čadca","Vysoká nad Kysucou","Vysoká nad Kysucou"
Jurqon-UYJo,house,"fully renovated",1564.89,"okres Liptovský Mikuláš","Liptovská Porúbka","Liptovská Porúbka"
JuJo8q5h32F,house,"new construction",1411.48,"okres Bytča",Bytča,"Hliník nad Váhom"
JuZJcyLSBEx,house,"new construction",NULL,"okres Čadca",Čadca,NULL
JuyniXzYO6f,house,"fully renovated",950.00,"okres Čadca",Makov,Makov
JuHn9lViGyf,house,"partially renovated",NULL,"okres Turčianske Teplice",Mošovce,Mošovce
JuJuIHXfekH,house,unrenovated,1662.50,"okres Liptovský Mikuláš",Podtureň,Podtureň
JulGQ6sAAqR,house,unrenovated,460.99,"okres Ružomberok",Ludrová,Ludrová
JuaNEutdar9,house,unrenovated,3453.61,"okres Žilina",Žilina,"Staré mesto"
Jum9sBowvy-,house,unrenovated,2153.85,"okres Martin",Daňová,Ďanová
Ju3IEZxl8sI,house,"new construction",2990.34,"okres Žilina",Hôrky,Hôrky
Juz7ZSlTDXe,house,"fully renovated",1037.04,"okres Bytča","Veľké Rovné","Veľké Rovné"
Ju6zOlWlIEn,house,"partially renovated",503.69,"okres Námestovo",Námestovo,NULL
JumqO7twJWm,house,"fully renovated",211.17,"okres Turčianske Teplice","Slovenské Pravno","Slovenské Pravno"
JuUDQggiASV,house,"new construction",1536.00,"okres Turčianske Teplice",Turček,Turček
JuWd2pCrRH_,house,"fully renovated",2606.21,"okres Čadca",Makov,Makov
JuRSkMGH43Z,house,"partially renovated",340.78,"okres Martin",Sučany,Sučany
JuPV9PU2Pc2,house,unrenovated,NULL,"okres Čadca",Zákopčie,Zákopčie
JuvpwpffhEi,house,unrenovated,950.00,"okres Turčianske Teplice",Turček,Turček
JuPH-vU7UCa,house,"new construction",2529.68,"okres Liptovský Mikuláš","Liptovský Hrádok",Celiny
Ju4t5QuZmxI,house,"new construction",2860.15,"okres Žilina",Bitarová,Bitarová
JuWqe9aFJtO,house,"fully renovated",NULL,"okres Čadca",Makov,Makov
Ju1u_LxXjv_,house,unrenovated,681.37,"okres Námestovo",Hruštín,Hruštín
JuZH2c0UQaC,house,unrenovated,1500.00,"okres Dolný Kubín",Istebné,Istebné
JuyMQUBcXpS,house,"fully renovated",NULL,"okres Žilina",Terchová,Terchová
JugYdPbrkJ-,house,unrenovated,NULL,"okres Liptovský Mikuláš",Dúbrava,Dúbrava
JuifoQkrLih,house,"new construction",1548.81,"okres Kysucké Nové Mesto","Horný Vadičov","Horný Vadičov"
JuZODJoLhj5,house,"partially renovated",NULL,"okres Čadca",Raková,Raková
JuT_Z-uedyr,house,"new construction",NULL,"okres Martin","Turčiansky Peter","Turčiansky Peter"
JuVUBQ_BboU,house,"partially renovated",795.18,"okres Žilina",Varín,Varín
Juc6GgFARDk,house,"partially renovated",NULL,"okres Turčianske Teplice",Mošovce,Mošovce
Ju99kiZ5_Lw,house,"partially renovated",1329.17,"okres Martin",Vrútky,NULL
Ju3g9Tmxsx0,house,"partially renovated",691.63,"okres Tvrdošín",Tvrdošín,NULL
Ju5WlUoNnF_,house,unrenovated,NULL,"okres Ružomberok","Liptovská Lúžna","Liptovská Lúžna"
JuD5uzQaJoc,house,"under construction",1035.98,"okres Čadca",Staškov,Staškov
Ju7YL1bOSxr,house,"new construction",3024.59,"okres Martin",Martin,Tomčany
Juq4naEVRo8,house,"partially renovated",1295.00,"okres Tvrdošín",Podbiel,Podbiel
Juucm8blLMb,house,"partially renovated",1944.44,"okres Turčianske Teplice","Slovenské Pravno","Slovenské Pravno"
JuLldceaNDG,house,"partially renovated",1076.00,"okres Žilina","Lietavská Lúčka","Lietavská Lúčka"
JuUtmIZFvND,house,unrenovated,1125.00,"okres Žilina",Zbyňov,Zbyňov
Jux8MtDRHBs,house,"fully renovated",187.11,"okres Ružomberok",Ludrová,Ludrová
JutC-Cu36o8,house,unrenovated,853.66,"okres Ružomberok",Lúčky,Lúčky
JuXWfmmUD8x,house,unrenovated,NULL,"okres Ružomberok","Liptovská Lúžna","Liptovská Lúžna"
Juv8BFemkVy,house,"fully renovated",3804.12,"okres Ružomberok",Bešeňová,Bešeňová
Jus17nMd2mT,house,"new construction",1962.77,"okres Žilina",Divinka,Divinka
JuDfYgIpdG6,house,"partially renovated",621.43,"okres Turčianske Teplice",Turček,Turček
Jut1FKOGHsr,house,unrenovated,173.67,"okres Ružomberok","Liptovské Revúce","Liptovské Revúce"
JuzL3Tg4FHZ,house,"new construction",1232.39,"okres Žilina",Ovčiarsko,Ovčiarsko
JuNjxGvR8-8K,house,"new construction",NULL,"okres Martin",Necpaly,Necpaly
Ju03oBXaeQc,house,"new construction",2453.85,"okres Žilina","Rajecké Teplice","Rajecké Teplice"
JufhG56lKjf,house,"partially renovated",933.33,"okres Žilina",Nededza,Nededza
JuKqDyif0fX,house,"new construction",1272.22,"okres Liptovský Mikuláš",Ižipovce,Ižipovce
JuzDr69odLH,house,"under construction",NULL,"okres Liptovský Mikuláš","Liptovský Peter","Liptovský Peter"
JuiqUvi14Ah,house,"new construction",1752.94,"okres Dolný Kubín","Dolný Kubín",Brezovec
Jut7QcdjJY5,house,unrenovated,1370.00,"okres Ružomberok","Liptovský Michal","Liptovský Michal"
JuwZ6NJ-dUG,house,"new construction",NULL,"okres Kysucké Nové Mesto","Kysucké Nové Mesto",Suľkov
JuhPLsUvGvt,house,"partially renovated",1460.00,"okres Bytča",Kolárovice,Kolárovice
JutBfnbUyCO,house,"partially renovated",754.46,"okres Čadca",Turzovka,Stred
Jui278_mFqV,house,"under construction",1617.98,"okres Turčianske Teplice","Turčianske Teplice",Diviaky
Ju7H01GL5VL,house,"new construction",3628.57,"okres Liptovský Mikuláš","Liptovský Ján","Liptovský Ján"
JuGDOocgqAc,house,"partially renovated",NULL,"okres Liptovský Mikuláš","Liptovský Hrádok",Prekážka
Ju93SZsV6kw,house,unrenovated,596.54,"okres Liptovský Mikuláš",Vlachy,Vlachy
Jus8h9w72dE,house,unrenovated,NULL,"okres Turčianske Teplice",Mošovce,Mošovce
JumiXs0CTuk,house,unrenovated,1625.00,"okres Žilina",Žilina,Bôrik
JudhYxOMjs-,house,"partially renovated",1665.00,"okres Martin","Turčianske Jaseno","Turčianske Jaseno"
JuBupKbsyvd,house,"fully renovated",799.50,"okres Turčianske Teplice","Turčianske Teplice",Diviaky
JuRpz_IH6YR,house,"new construction",0.01,"okres Martin",Príbovce,Príbovce
JuGOUcoOOnY,house,"new construction",393.69,"okres Martin",Ratkovo,Ratkovo
JuwFC0un5b_,house,"under construction",2739.13,"okres Žilina",Svederník,Svederník
JuZdGf3bWpL,house,"fully renovated",997.50,"okres Martin",Martin,Stráne
JuD3uZlGgpH,house,"fully renovated",1073.94,"okres Martin",Blatnica,Blatnica
JuudsKv8ZzL,house,"under construction",117.19,"okres Ružomberok","Liptovské Revúce","Liptovské Revúce"
Ju6-QSVU-qk,house,unrenovated,1583.33,"okres Martin",Martin,Stred
JuHNF3pBoBi,house,"under construction",1999.00,"okres Bytča",Bytča,"Hliník nad Váhom"
Jugcs0uLwc2,house,"partially renovated",1659.09,"okres Ružomberok",Ivachnová,Ivachnová
JuO9hxI47lb,house,"partially renovated",863.33,"okres Liptovský Mikuláš",Vlachy,Vlachy
Juyo-JecQoZ,house,unrenovated,187.50,"okres Martin",Trebostovo,Trebostovo
JuvA5APODGz,house,"partially renovated",1125.00,"okres Ružomberok",Ružomberok,Hrboltová
JuNaVEIvSqO,house,"new construction",771.08,"okres Žilina",Žilina,Bytčica
JuC0hqQ5K-3,house,"partially renovated",758.00,"okres Martin",Belá-Dulice,Belá-Dulice
JuNWUZoKon_,house,"new construction",2961.54,"okres Žilina",Žilina,Trnové
JuNIAiX-3DT,house,"new construction",3490.00,"okres Žilina",Zbyňov,Zbyňov
JuKdkYrCkFc,house,unrenovated,2233.33,"okres Žilina",Žilina,"Staré mesto"
Ju1n1rQGodR,house,"new construction",NULL,"okres Turčianske Teplice","Turčianske Teplice","Turčiansky Michal"
Juv2G90qWzS,house,"new construction",1250.00,"okres Čadca",Čadca,Rieka
Ju5rRr5_rO4,house,"new construction",1954.25,"okres Žilina",Bitarová,Bitarová
Ju9Ur37Ixsd,house,"fully renovated",1395.42,"okres Žilina","Teplička nad Váhom","Teplička nad Váhom"
JuQOZ5dK_ne,house,"fully renovated",1276.92,"okres Martin",Belá-Dulice,Belá-Dulice
Judy6S4RLDv,house,"new construction",446.67,"okres Turčianske Teplice",Sklené,Sklené
Ju8hKWbYUWy,house,"new construction",1760.92,"okres Kysucké Nové Mesto","Horný Vadičov","Horný Vadičov"
JuCptOdcKVJ,house,"partially renovated",1249.58,"okres Martin",Turany,Turany
Ju7tnCJHH6a,house,unrenovated,757.83,"okres Žilina","Lietavská Svinná-Babkov","Lietavská Svinná-Babkov"
JuqGAjkW2wB,house,"under construction",2516.16,"okres Liptovský Mikuláš","Liptovský Hrádok",Celiny
Ju67L89jvFA,house,"fully renovated",NULL,"okres Martin",Martin,Jahodníky
JuX-Od8Y1qK,house,"fully renovated",1596.70,"okres Žilina",Žilina,"Malá Praha"
JuFs-_Bf_af,house,unrenovated,NULL,"okres Bytča","Hlboké nad Váhom","Hlboké nad Váhom"
Ju4PmqrQDXe,house,unrenovated,353.92,"okres Liptovský Mikuláš","Liptovský Mikuláš",Bodice
JumZ3KaibB-,house,unrenovated,479.60,"okres Dolný Kubín","Dlhá nad Oravou","Dlhá nad Oravou"
JuNJQwnH7BK,house,"under construction",1173.68,"okres Ružomberok",Ružomberok,Roveň
JuOxQMLskud,house,"new construction",1741.07,"okres Žilina",Mojš,Mojš
Juo53M0tI-p,house,"fully renovated",0.00,"okres Martin",Žabokreky,Žabokreky
JuptDHkjOFq,house,"partially renovated",340.78,"okres Martin",Sučany,Sučany
Ju3J0qgjHl5,house,"new construction",3109.09,"okres Námestovo","Oravská Lesná","Oravská Lesná"
Ju2Gi9KH9b9,house,"partially renovated",815.42,"okres Žilina",Varín,Varín
Juyu3gyyoUE,house,"new construction",NULL,"okres Žilina",Konská,Konská
Juci-VafLS1,house,"fully renovated",2640.00,"okres Martin",Martin,Stred
JulGanHAPf5,house,"partially renovated",475.48,"okres Martin",Martin,Stráne
JuzJzITWl1v,house,"partially renovated",NULL,"okres Bytča",Kotešová,Kotešová
JulcRSD3gjg,house,unrenovated,NULL,"okres Bytča",Predmier,Predmier
JubBq7UdImI,house,"fully renovated",NULL,"okres Čadca",Čadca,Husárikovci
JuwqK7Dudy6,house,"new construction",NULL,"okres Liptovský Mikuláš","Liptovské Kľačany","Liptovské Kľačany"
JuVDUmXCC0b,house,"partially renovated",NULL,"okres Liptovský Mikuláš","Liptovský Trnovec","Liptovský Trnovec"
JuEGZyoSAd7,house,"new construction",1183.33,"okres Liptovský Mikuláš","Liptovský Mikuláš",NULL
JuRPbrRONba,house,"under construction",1595.18,"okres Liptovský Mikuláš","Veterná Poruba","Veterná Poruba"
Ju9IkfFOfMa,house,"partially renovated",NULL,"okres Turčianske Teplice","Horná Štubňa","Horná Štubňa"
Ju9Oh18pKW-,house,"new construction",1095.00,"okres Martin",Valča,Valča
Jul-5SUTLOW,house,"partially renovated",1162.79,"okres Martin",Vrútky,"Horné Vrútky"
JuPKcjp9xEd,house,"new construction",NULL,"okres Martin",Valča,Valča
Ju1hmKLqP8g,house,unrenovated,1584.15,"okres Dolný Kubín","Dolný Kubín",Mokraď
JunsD4FQ9fg,house,"partially renovated",NULL,"okres Liptovský Mikuláš","Liptovský Trnovec","Liptovský Trnovec"
JunEHVtE89L,house,"partially renovated",NULL,"okres Martin",Martin,Stráne
JupOom9u70b,house,unrenovated,152.03,"okres Ružomberok",Lúčky,Lúčky
JuYzFawuXq5,house,"fully renovated",2232.67,"okres Žilina","Teplička nad Váhom","Teplička nad Váhom"
Ju0rAUqUjgL,house,"partially renovated",2758.82,"okres Žilina",Žilina,"Staré mesto"
Ju30Zqi5n0z,house,"under construction",2461.54,"okres Martin",Slovany,Slovany
JuCHMAziUOL,house,unrenovated,687.50,"okres Martin",Krpeľany,Krpeľany
Ju9q0Byrbad,house,"new construction",2372.88,"okres Liptovský Mikuláš",Východná,Východná
Juw56vbFeXZ,house,"fully renovated",672.41,"okres Martin",Vrútky,"Karvaša a Bláhovca"
JudexsMMWLq,house,"new construction",NULL,"okres Bytča",Kotešová,Kotešová
JupsJLU23Ow,house,unrenovated,925.00,"okres Liptovský Mikuláš","Liptovská Kokava","Liptovská Kokava"
JuD0RMwirEa,house,"fully renovated",2065.70,"okres Ružomberok","Liptovské Revúce","Liptovské Revúce"
JumwW8ylM2r,house,"new construction",2277.27,"okres Žilina",Žilina,"Žilinská Lehota"
JuxTgYg_YqW,house,"partially renovated",405.40,"okres Čadca",Čadca,Horelica
Jui7jyAQtCR,house,"new construction",2625.00,"okres Liptovský Mikuláš","Liptovská Sielnica","Liptovská Sielnica"
JuU0HWFwzX3,house,unrenovated,2333.33,"okres Žilina",Žilina,Bytčica
JuQnmh9T2iX,house,unrenovated,378.02,"okres Čadca","Dlhá nad Kysucou","Dlhá nad Kysucou"
JuVQq2TIIOM,house,"new construction",1908.40,"okres Martin","Košťany nad Turcom","Košťany nad Turcom"
JuHoYrf0eK_,house,"fully renovated",2024.39,"okres Turčianske Teplice","Horná Štubňa","Horná Štubňa"
Ju6--Y2X6T3,house,"new construction",NULL,"okres Kysucké Nové Mesto","Kysucké Nové Mesto",Suľkov
JuOgzsSfPxy,house,"partially renovated",1778.57,"okres Ružomberok","Liptovské Sliače","Liptovské Sliače"
JuwkeSmHDEB,house,"new construction",2636.36,"okres Martin",Valča,Valča
JuK5t-4VCJ4,house,"new construction",1875.54,"okres Žilina",Višňové,Višňové
Ju6vaHOHcqi,house,"fully renovated",888.16,"okres Žilina",Belá,Belá
JuR54DrWWfx,land,unrenovated,214.29,"okres Námestovo",Rabča,Rabča
Ju33SFzO_eU,house,"partially renovated",NULL,"okres Žilina",Žilina,Trnové
Ju9syh9ycRi,house,unrenovated,800.00,"okres Žilina",Terchová,Terchová
JudspgTQPox,house,unrenovated,1483.33,"okres Liptovský Mikuláš",Jakubovany,Jakubovany
JuWRJBDqxZU,house,"new construction",2616.28,"okres Martin",Martin,Jahodníky
JucU49przXp,house,"partially renovated",2062.50,"okres Žilina",Žilina,Bytčica
JuHloqFiiMy,house,"new construction",2281.65,"okres Bytča","Veľké Rovné","Veľké Rovné"
JuMF2TBH415,house,"fully renovated",1458.33,"okres Čadca",Čadca,Podzávoz
Juj5mPJZurA,house,"partially renovated",784.21,"okres Ružomberok",Kalameny,Kalameny
Ju0MEaj2qZ5,house,"new construction",NULL,"okres Žilina",Svederník,Svederník
JukV9h68kmJ,house,"partially renovated",271.90,"okres Žilina",Lietava,Lietava
JurmJUyDt1Y,house,unrenovated,1236.00,"okres Liptovský Mikuláš","Liptovský Mikuláš",Ploštín
JuIUgSVHd_-,house,"partially renovated",150.44,"okres Dolný Kubín",Malatiná,Malatiná
JuSpPsKRXfN,house,"partially renovated",720.00,"okres Žilina","Rajecká Lesná","Rajecká Lesná"
JuNuINWKCa2,house,"fully renovated",1551.09,"okres Žilina",Žilina,"Staré mesto"
JuElQR6VJXT,house,"new construction",NULL,"okres Žilina",Varín,Varín
JugpfnfthRi,house,"fully renovated",1000.00,"okres Martin","Kláštor pod Znievom","Kláštor pod Znievom"
JuXgUKUYl2D,house,"new construction",1095.00,"okres Martin",Valča,Valča
JunQKWe1VdC,house,"new construction",NULL,"okres Čadca",Raková,Raková
JuBRCEsLH8a,house,"partially renovated",NULL,"okres Turčianske Teplice","Turčianske Teplice",Diviaky
JunnoZAS6r4,house,"fully renovated",540.94,"okres Žilina",Šuja,Šuja
JubDt8HjaHe,house,unrenovated,561.88,"okres Čadca",Turzovka,Turkov
JuezaaUAQTl,house,unrenovated,178.57,"okres Liptovský Mikuláš","Liptovský Mikuláš","Vrbica - Nábrežie"
JuQDs3mKg8t,house,"fully renovated",1358.38,"okres Martin","Turčianske Kľačany","Turčianske Kľačany"
JuLMYErMTc7,house,"fully renovated",NULL,"okres Tvrdošín",Nižná,Nižná
JucjxVVq04h,house,"fully renovated",1586.67,"okres Turčianske Teplice","Malý Čepčín","Malý Čepčín"
Juu8tQQ6S3G,house,"new construction",NULL,"okres Žilina",Terchová,Terchová
JumTdoXdYLm,house,"new construction",609.71,"okres Žilina",Svederník,Svederník
JurRSzjWlL8,house,"new construction",NULL,"okres Dolný Kubín","Dolný Kubín",Brezovec
JuriX67hMEI,house,"new construction",3300.00,"okres Martin",Martin,Tomčany
JuxO5mp6Vad,house,"new construction",NULL,"okres Ružomberok",Švošov,Švošov
JuO-ay8jwWD,house,"new construction",1300.00,"okres Martin","Turčiansky Peter","Turčiansky Peter"
JuJID0tPHnq,house,"new construction",1078.22,"okres Námestovo","Oravská Polhora","Oravská Polhora"
JuLBQXVqbdX,house,"new construction",3062.50,"okres Liptovský Mikuláš",Bukovina,Bukovina
Ju7eOmn6zgP,house,"fully renovated",1538.08,"okres Čadca",Oščadnica,Oščadnica
JuZ8oOwqQdG,house,"fully renovated",1400.00,"okres Turčianske Teplice","Turčianske Teplice","Dolná Štubňa"
Juw93jw-f31,house,unrenovated,NULL,"okres Liptovský Mikuláš",Hybe,Hybe
JuARm8MK_Jy,house,unrenovated,519.96,"okres Čadca",Olešná,Olešná
Jus9h_TYBDi,house,unrenovated,320.54,"okres Martin",Martin,Ľadoveň
JuNTZT4Nroa,house,"new construction",NULL,"okres Žilina",Žilina,"Žilinská Lehota"
JurxVAeUfVk,house,unrenovated,690.00,"okres Martin",Belá-Dulice,Belá-Dulice
JuAaa-osCgW,house,"partially renovated",1619.05,"okres Turčianske Teplice",Turček,Turček
Ju2kIhSkruG,house,"partially renovated",722.58,"okres Kysucké Nové Mesto",Nesluša,Nesluša
Ju4FJGWuX8K,house,unrenovated,NULL,"okres Čadca","Vysoká nad Kysucou","Vysoká nad Kysucou"
JuuW_lWTRhF,house,"new construction",3127.45,"okres Liptovský Mikuláš","Svätý Kríž","Svätý Kríž"
JuZWywKzXos,house,"fully renovated",3094.29,"okres Kysucké Nové Mesto",Snežnica,Snežnica
JunnDHXXyHF,house,"partially renovated",266.54,"okres Martin",Martin,"Kolónia Hviezda"
JuehhqekRE3,house,"new construction",2956.99,"okres Martin",Sučany,Sučany
JuUIjP7PegI,house,"new construction",2361.49,"okres Tvrdošín",Habovka,Habovka
JueF3aQCPcy,house,"new construction",1435.00,"okres Dolný Kubín","Oravská Poruba","Oravská Poruba"
Jux6Z04Xzh-,house,unrenovated,330.07,"okres Ružomberok",Ružomberok,"Staré mesto"
JudcWud0S5R,house,"new construction",1165.50,"okres Čadca",Oščadnica,Oščadnica
JuWsjVyvGYF,house,"fully renovated",NULL,"okres Žilina",Žilina,Budatín
Ju2Af8_9s5q,house,"partially renovated",1317.57,"okres Žilina","Rajecké Teplice","Rajecké Teplice"
JuXODWR0O8-,house,unrenovated,260.00,"okres Liptovský Mikuláš","Malé Borové","Malé Borové"
JuZIWdD4tzb,house,"new construction",1095.00,"okres Martin",Valča,Valča
JuOZyO98HPQT,house,unrenovated,888.89,"okres Martin",Sučany,Sučany
JuPaAE99_20,house,"new construction",NULL,"okres Ružomberok",Ružomberok,Gejdák
JuRjiZLlPKY,house,"new construction",2990.34,"okres Žilina",Hôrky,Hôrky
JueEpOsUCTO,house,unrenovated,1025.00,"okres Martin",Nolčovo,Nolčovo
JugQaDVNZYB,house,unrenovated,681.82,"okres Čadca",Oščadnica,Oščadnica
Ju6B6hGeR8q,house,"partially renovated",900.00,"okres Žilina",Rajec,Rajec
JuLCVpKj44A,house,"partially renovated",377.12,"okres Turčianske Teplice",Čremošné,Čremošné
JuKaa51rOO4,house,"new construction",2354.33,"okres Žilina",Turie,Turie
JuEn5otkiFX,house,unrenovated,860.00,"okres Martin",Martin,Stráne
JuzvCto22Um,house,"partially renovated",1146.45,"okres Kysucké Nové Mesto","Kysucké Nové Mesto",Suľkov
JuTP76BJSu5,house,"partially renovated",1025.00,"okres Tvrdošín",Vitanová,Vitanová
Juc0qnwekhj,house,unrenovated,1733.32,"okres Žilina",Žilina,Strážov
JuaiG-4_MyI,house,"fully renovated",1521.01,"okres Žilina",Žilina,Brodno
JuZHoBEOwFW,house,"partially renovated",NULL,"okres Bytča",Kolárovice,Kolárovice
JuPQ4qxicEp,house,"new construction",NULL,"okres Turčianske Teplice",Kaľamenová,Kaľamenová
Ju_z9MMC1dy,house,"new construction",2157.45,"okres Žilina",Žilina,Strážov
Juqdw7QyPcz,house,"fully renovated",1397.16,"okres Liptovský Mikuláš",Važec,Važec
JuDgbTTsbUm,house,"fully renovated",1922.07,"okres Čadca",Oščadnica,Oščadnica
JujrEA5_sFt,house,unrenovated,956.52,"okres Čadca",Čadca,Horelica
JuN1DWMcWPA,house,"new construction",NULL,"okres Martin",Martin,Priekopa
Ju6pyYBIZG6,house,"under construction",NULL,"okres Liptovský Mikuláš",Prosiek,Prosiek
JuFMkd6Ft4u,house,"new construction",1322.58,"okres Martin",Martin,Tomčany
Juq8C9WZ_ld,house,"new construction",4499.98,"okres Martin",Martin,Stráne
JuBQnHxf835,house,"partially renovated",NULL,"okres Ružomberok",Ivachnová,Ivachnová
JuUGbhQf4wL,house,"new construction",1951.05,"okres Žilina","Rajecké Teplice",Poluvsie
Ju9v343jGsQ,house,unrenovated,2237.50,"okres Liptovský Mikuláš","Svätý Kríž","Svätý Kríž"
JuLFmLF8PRr,house,"partially renovated",977.27,"okres Bytča",Bytča,"Hliník nad Váhom"
JuvaiQpricT,house,"new construction",2011.24,"okres Žilina",Terchová,Terchová
JuBLiYfiieE,house,"new construction",1795.00,"okres Žilina",Turie,Turie
Ju6JqIt-z8V,house,unrenovated,2471.43,"okres Žilina","Horný Hričov","Horný Hričov"
Jub69pejgUi,house,"partially renovated",1075.00,"okres Bytča","Veľké Rovné","Veľké Rovné"
Ju6USQNI4A_,house,"new construction",1400.00,"okres Martin","Turčiansky Peter","Turčiansky Peter"
Ju8oUNOWXin,house,unrenovated,1555.56,"okres Žilina",Svederník,Svederník
JuK4J7tWBLU,house,"new construction",1827.59,"okres Martin","Košťany nad Turcom","Košťany nad Turcom"
Ju1OQAznjJC,house,unrenovated,1277.78,"okres Ružomberok",Likavka,Likavka
JuXGC09hAid,house,"new construction",888.89,"okres Tvrdošín",Nižná,Nižná
Ju7Rv9aLBbf,house,"under construction",NULL,"okres Liptovský Mikuláš",Vlachy,Vlachy
Jur2iE4GKyv,land,NULL,120.00,"okres Martin",Sklabiňa,Sklabiňa
Ju5Ehcheq2v,land,NULL,89.68,"okres Žilina",Višňové,Višňové
JuhyQTsj1LU,land,NULL,218.36,"okres Žilina",Hôrky,Hôrky
JuPp6sukGjm,land,unrenovated,NULL,"okres Žilina",Žilina,Bôrik
JuAINHKEpb9,land,NULL,241.67,"okres Žilina",Žilina,Trnové
JubBzZv3CZ4,land,NULL,125.00,"okres Žilina","Lietavská Svinná-Babkov","Lietavská Svinná-Babkov"
Jubyz8KHpaA,land,NULL,NULL,"okres Liptovský Mikuláš",Lazisko,Lazisko
JuWu8X5e0jn,land,unrenovated,145.60,"okres Liptovský Mikuláš","Liptovský Mikuláš",Stošice
Ju5paSEB6Nv,land,"new construction",160.00,"okres Žilina",Terchová,Terchová
JuaCQD06zTh,land,NULL,65.22,"okres Kysucké Nové Mesto","Horný Vadičov","Horný Vadičov"
JuKYxcrrEwh,land,NULL,98.69,"okres Námestovo",Zákamenné,Zákamenné
JuJYKVSAq2k,land,NULL,133.22,"okres Bytča",Súľov-Hradná,Súľov-Hradná
JusCOC7JYu5,land,NULL,125.45,"okres Ružomberok",Štiavnička,Štiavnička
Juv5TkPsj9T,land,NULL,40.00,"okres Turčianske Teplice","Turčianske Teplice","Turčiansky Michal"
JuRufzqYfTo,land,NULL,558.64,"okres Žilina",Žilina,Budatín
JuB6HhfZSPN,land,NULL,189.80,"okres Žilina",Žilina,Budatín
JuNR7iOAWOb,land,unrenovated,101.33,"okres Liptovský Mikuláš","Liptovské Kľačany","Liptovské Kľačany"
JuNztztwtJj,land,NULL,440.00,"okres Žilina",Žilina,Bôrik
JudgSom7ejT,land,unrenovated,87.40,"okres Čadca",Staškov,Staškov
Ju98hXHMfyH,land,NULL,29.50,"okres Čadca",Olešná,Olešná
JuEJOqphXdZ,land,NULL,65.00,"okres Čadca",Raková,Raková
Jul095-F2H-,land,NULL,120.00,"okres Martin",Sklabiňa,Sklabiňa
JuPGYcuAlfl,land,NULL,99.00,"okres Liptovský Mikuláš","Liptovská Anna","Liptovská Anna"
JuLNhT-3oNA,land,NULL,129.96,"okres Bytča",Maršová-Rašov,Maršová-Rašov
Jus3WMnENIj,land,NULL,65.00,"okres Žilina",Zbyňov,Zbyňov
JuWnFD5OAUU,land,NULL,64.79,"okres Námestovo","Oravská Jasenica","Oravská Jasenica"
Ju-0W9ug2Ol,land,NULL,38.41,"okres Čadca",Turzovka,Predmier
JuizzObcJTE,land,NULL,100.00,"okres Ružomberok","Liptovské Sliače","Liptovské Sliače"
JugrI7ZBfpT,land,unrenovated,173.40,"okres Žilina",Krasňany,Krasňany
JuiwS-gpQB1,land,NULL,68.00,"okres Martin",Laskár,Laskár
JujdYIr-c-p,land,NULL,70.00,"okres Liptovský Mikuláš","Liptovské Beharovce","Liptovské Beharovce"
JusoxTNDyJI,land,NULL,319.41,"okres Námestovo",Námestovo,Brehy
Ju7_LrB_NNB,land,NULL,73.76,"okres Žilina",Žilina,Trnové
JufLDox5EGX,land,NULL,73.00,"okres Bytča",Hvozdnica,Hvozdnica
Jux6EDO87ml,land,NULL,98.00,"okres Kysucké Nové Mesto","Kysucké Nové Mesto",Suľkov
Judk1z1b1Nd,land,unrenovated,105.18,"okres Martin",Blatnica,Blatnica
JuUiQvR03zd,land,NULL,200.00,"okres Žilina",Hôrky,Hôrky
JuYxVfR__Nx,land,NULL,55.45,"okres Čadca",Oščadnica,Oščadnica
JuxusjEdK8z,land,NULL,123.19,"okres Martin",Sučany,Sučany
Juisb1V01uC,land,"new construction",107.09,"okres Žilina",Ovčiarsko,Ovčiarsko
Jur-h57QXWc,land,NULL,178.30,"okres Žilina",Žilina,Budatín
Ju9rSU4gBpn,land,NULL,151.36,"okres Žilina",Ovčiarsko,Ovčiarsko
JuGKRtmsaxJ,land,unrenovated,22.15,"okres Čadca",Oščadnica,Oščadnica
Jurn7Tjk47J,land,NULL,289.09,"okres Žilina",Bitarová,Bitarová
JuFdP62I-_O,land,NULL,35000.00,"okres Liptovský Mikuláš",Prosiek,Prosiek
JugjLuDjRtG,land,NULL,149.75,"okres Žilina",Varín,Varín
Ju9yYyvLM4S,land,unrenovated,NULL,"okres Liptovský Mikuláš","Pavčina Lehota","Pavčina Lehota"
JuEOlFJy7eI,land,NULL,44.22,"okres Liptovský Mikuláš","Svätý Kríž","Svätý Kríž"
Ju_3Vu8GkBj,land,NULL,NULL,"okres Žilina",Žilina,Brodno
JuCdo9RybP_,land,NULL,53.37,"okres Čadca",Svrčinovec,Svrčinovec
JuQqb1Uylo_,land,NULL,26.92,"okres Turčianske Teplice","Horná Štubňa","Horná Štubňa"
Juo4-ERrO5Y,land,NULL,NULL,"okres Martin",Turany,Turany
JuqKis-FMaT,land,NULL,153.45,"okres Žilina",Svederník,Svederník
Ju11TbSO8Lx,land,"new construction",NULL,"okres Martin",Valča,Valča
Jumx1pcB1EA,land,NULL,103.29,"okres Žilina","Dolná Tižina","Dolná Tižina"
Ju_om9GbVZa,land,NULL,NULL,"okres Martin",Martin,Priekopa
JuDFkgbrvLz,land,NULL,152.89,"okres Dolný Kubín",Veličná,Veličná
JuWNBUmtL8H,land,NULL,96.46,"okres Čadca",Čadca,Podzávoz
JuI3WIo1gnr,land,NULL,100.00,"okres Kysucké Nové Mesto",Povina,Povina
JuHPdbSyfw3,land,unrenovated,19.00,"okres Turčianske Teplice",Turček,Turček
JummK5hE8Lr,land,NULL,124.33,"okres Žilina",Žilina,"Žilinská Lehota"
Jue_IKSyNYA,land,NULL,30.00,"okres Čadca",Raková,Raková
Jufp6SmYJxs,land,NULL,131.43,"okres Martin",Vrútky,"Karvaša a Bláhovca"
JuKcCOH5Bgu,land,NULL,68.98,"okres Žilina",Ovčiarsko,Ovčiarsko
JuQXoAMiC5M,land,NULL,60.00,"okres Žilina",Kunerad,Kunerad
JujYYo9Qtpi,land,NULL,NULL,"okres Bytča","Hlboké nad Váhom","Hlboké nad Váhom"
JuY_o0Hq1ua,land,unrenovated,39.45,"okres Kysucké Nové Mesto",Snežnica,Snežnica
Ju9DTwAgiHG,land,NULL,139.00,"okres Liptovský Mikuláš",Beňadiková,Beňadiková
JuARnh9cPNq,land,NULL,108.00,"okres Liptovský Mikuláš",Jamník,Jamník
Ju_Khlvp1_L,land,NULL,123.00,"okres Liptovský Mikuláš",Podtureň,Podtureň
JuwYiWFslPL,land,NULL,NULL,"okres Martin",Trnovo,Trnovo
Ju6_q9iLcH2,land,NULL,59.22,"okres Kysucké Nové Mesto",Povina,Povina
JuVeKcRGSvF,land,NULL,73.14,"okres Martin",Turany,Turany
JuUUj1AEgQf,land,NULL,74.93,"okres Dolný Kubín",Malatiná,Malatiná
JuAewW0gIjM,land,"new construction",102.34,"okres Žilina",Ovčiarsko,Ovčiarsko
JutgQ5gFNVe,land,unrenovated,79.00,"okres Kysucké Nové Mesto","Kysucké Nové Mesto",Suľkov
Ju2DkJ0tL0r,land,NULL,65.00,"okres Liptovský Mikuláš",Kvačany,Kvačany
JusNOhzmA1cV,land,NULL,86.00,"okres Žilina","Dlhé Pole","Dlhé Pole"
Julm5UqUwbF,land,unrenovated,157.91,"okres Martin",Vrícko,Vrícko
JuoWIuSbW9f,land,NULL,NULL,"okres Martin",Turany,Turany
Ju3DHGm3SX3,land,NULL,385.38,"okres Žilina",Žilina,"Žilinská Lehota"
JujU-NvkZd5,land,NULL,135.43,"okres Žilina","Lietavská Svinná-Babkov","Lietavská Svinná-Babkov"
JuuLvwvMnqi,land,NULL,120.00,"okres Dolný Kubín",Veličná,Veličná
Ju7-tv2yvGe,land,NULL,88.95,"okres Bytča",Štiavnik,Štiavnik
Ju2XjdxAKiA,land,NULL,NULL,"okres Dolný Kubín","Dlhá nad Oravou","Dlhá nad Oravou"
JuMA67ZT6Dj,land,NULL,97.93,"okres Žilina",Svederník,Svederník
Ju5G02PfLPf,land,NULL,105.00,"okres Martin","Turčiansky Jaseno","Turčiansky Jaseno"
Jurrvwf7__Y,land,unrenovated,NULL,"okres Martin","Turčianske Kľačany","Turčianske Kľačany"
JuxqyTwKPA7,land,unrenovated,NULL,"okres Čadca",Oščadnica,Oščadnica
Ju3pFJiSu2s,land,NULL,35.43,"okres Dolný Kubín",Zázrivá,Zázrivá
JupsaGq4wbB,land,NULL,46.84,"okres Martin",Turany,Turany
JusMGCS4uqf,land,NULL,91.04,"okres Žilina",Stránske,Stránske
JuCWsWXxn1N,land,NULL,91.32,"okres Liptovský Mikuláš",Jamník,Jamník
Jus70LjxyN8,land,NULL,79.00,"okres Čadca",Skalité,Skalité
JuWllUMOah9,land,NULL,264.53,"okres Žilina",Žilina,Budatín
JuZjAAYPCXKg,land,NULL,38.00,"okres Dolný Kubín","Horná Lehota","Horná Lehota"
JulXTVjCmG0,land,unrenovated,NULL,"okres Turčianske Teplice",Jazernica,Jazernica
JuRVHpRHSGQ,land,NULL,114.78,"okres Martin","Dolný Kalník","Dolný Kalník"
JumCABBKmrv,land,NULL,NULL,"okres Žilina",Žilina,Hájik
JuyrQlq623r,land,NULL,270.00,"okres Žilina",Rosina,Rosina
JuHPJ-p52W2,land,NULL,70.00,"okres Ružomberok","Liptovský Michal","Liptovský Michal"
Ju7mSPUl1TY3,land,NULL,113.00,"okres Námestovo","Oravská Jasenica","Oravská Jasenica"
Juarq9_UTUn,land,"partially renovated",89.81,"okres Námestovo",Ťapešovo,Ťapešovo
Jud1n40d-dn,land,NULL,123.36,"okres Žilina",Krasňany,Krasňany
Ju2_HPkQ8s2,land,NULL,164.04,"okres Dolný Kubín",Párnica,Párnica
JuXDdV7DuGH,land,NULL,151.52,"okres Dolný Kubín",Veličná,Veličná
JuXGG7E_fDg,land,unrenovated,84.18,"okres Ružomberok","Liptovská Štiavnica","Liptovská Štiavnica"
Ju9QSsEf9gw,land,unrenovated,NULL,"okres Dolný Kubín",Párnica,Párnica
JuWNTIbPUJS,land,NULL,20.40,"okres Liptovský Mikuláš","Liptovský Mikuláš","Staré mesto"
Jue_9ALQet2b,land,NULL,0.00,"okres Martin","Turčianske Kľačany","Turčianske Kľačany"
Jut36Rci3LJ,land,unrenovated,NULL,"okres Žilina",Žilina,Strážov
JumDim2HAtJ,land,NULL,189.80,"okres Žilina",Žilina,Budatín
JuhJeiPLlID,land,NULL,185.00,"okres Žilina",Žilina,Trnové
JuWSeZfgL-Y,land,NULL,4.40,"okres Liptovský Mikuláš",Vavrišovo,Vavrišovo
Jub-7EwQ_Rho,land,unrenovated,NULL,"okres Ružomberok",Ružomberok,Černová
Ju5nXGRiNlM,land,NULL,NULL,"okres Martin",Ratkovo,Ratkovo
Ju_bN-ewyhS,land,NULL,125.67,"okres Žilina",Kunerad,Kunerad
JujRK5xYV79,land,NULL,118.00,"okres Dolný Kubín","Vyšný Kubín","Vyšný Kubín"
JueuBN1Nu8x,land,unrenovated,116.28,"okres Ružomberok","Liptovská Osada","Liptovská Osada"
JudQL3RTdOS,land,NULL,90.00,"okres Žilina",Turie,Turie
JuhckkiisBJp,land,NULL,91.88,"okres Čadca",Čierne,Čierne
Ju9e7LtrfAt,land,NULL,59.12,"okres Žilina",Lysica,Lysica
Ju0yTvWbSXD,land,NULL,53.60,"okres Žilina",Žilina,Bytčica
JuhEf6udQZD,land,NULL,NULL,"okres Dolný Kubín","Vyšný Kubín","Vyšný Kubín"
JuaHyO1MbDH,land,NULL,67.51,"okres Čadca",Svrčinovec,Svrčinovec
Ju6g_Z5mX7e,land,NULL,220.00,"okres Martin",Martin,Stráne
JuLljn1aubH,land,"new construction",85.00,"okres Martin",Slovany,Slovany
JuU1wLvylPv,land,NULL,129.75,"okres Kysucké Nové Mesto",Snežnica,Snežnica
JunDvn09Q9U,land,NULL,54.00,"okres Čadca",Čierne,Čierne
JuDeXKjjRHY,land,NULL,124.52,"okres Bytča",Bytča,"Bytča - sever"
JuDIbuwkSMQ,land,NULL,79.11,"okres Ružomberok",Ružomberok,Hrabovo
JuuPfKXcC_S,land,NULL,75.00,"okres Čadca",Čadca,Horelica
JulD1JVCqAd,land,unrenovated,113.86,"okres Martin",Sučany,Sučany
JuQ2QYedCFa,land,NULL,80.00,"okres Žilina",Ovčiarsko,Ovčiarsko
JuMiM4qhAck,land,NULL,160.00,"okres Žilina",Turie,Turie
JuJrQI4ug9X,land,NULL,90.54,"okres Dolný Kubín","Dolný Kubín","Malý Bysterec"
JuriEZGWaqe,land,NULL,41.00,"okres Dolný Kubín",Malatiná,Malatiná
JudrqxfcGTR,land,NULL,75.32,"okres Liptovský Mikuláš",Vlachy,Vlachy
JuJ6HTdPmEs,land,"partially renovated",NULL,"okres Liptovský Mikuláš",Ižipovce,Ižipovce
Ju_QlVk-YXH,land,"new construction",228.71,"okres Žilina",Mojš,Mojš
JuVff9I-9I0,land,NULL,75.00,"okres Martin",Valča,Valča
JuLjH4Ztr0P,land,NULL,82.38,"okres Tvrdošín",Liesek,Liesek
JuBnZj34L44,land,NULL,33.00,"okres Bytča","Hlboké nad Váhom","Hlboké nad Váhom"
JuYMxTrMThn,land,NULL,79.00,"okres Čadca",Skalité,Skalité
Juo26F3NF2G,land,NULL,141.40,"okres Ružomberok",Likavka,Likavka
Juc0JQaKZWu,land,NULL,75.32,"okres Liptovský Mikuláš",Vlachy,Vlachy
JuH2DC2P8Ud,land,NULL,49.00,"okres Dolný Kubín",Párnica,Párnica
JuVQ4EF1fqG,land,NULL,110.00,"okres Liptovský Mikuláš","Liptovský Mikuláš","Liptovská Ondrašová"
Ju3Lr4SqXpm,land,unrenovated,250.00,"okres Martin",Martin,Stráne
JumOEZa9NyW,land,unrenovated,19.52,"okres Liptovský Mikuláš",Prosiek,Prosiek
JuoKzORdNaI,land,NULL,97.00,"okres Liptovský Mikuláš",Jamník,Jamník
JuaXdatuUjs,land,NULL,NULL,"okres Kysucké Nové Mesto","Dolný Vadičov","Dolný Vadičov"
JudOJ7xWOxA,land,NULL,65.00,"okres Turčianske Teplice","Turčianske Teplice","Turčiansky Michal"
Ju2UzK1gp3R,land,unrenovated,27.00,"okres Čadca",Oščadnica,Oščadnica
JunD1SrFXPT,land,NULL,79.00,"okres Čadca",Skalité,Skalité
JuJTvvQyvPv,land,NULL,50.00,"okres Čadca",Makov,Makov
JuUi2C1CE8-,land,NULL,38.87,"okres Čadca",Turzovka,Predmier
Jua5wAoApR5,land,NULL,73.97,"okres Kysucké Nové Mesto",Rudina,Rudina
Ju1rBpBDljg,land,NULL,56.17,"okres Martin",Žabokreky,Žabokreky
JuTZg0TY8JC,land,NULL,85.00,"okres Martin",Belá-Dulice,Belá-Dulice
JuzydWNY1w-,land,unrenovated,49.00,"okres Čadca",Olešná,Olešná
Jup4_5dTntt,land,unrenovated,68.76,"okres Martin",Daňová,Daňová
JucXhJ-7RIW,land,NULL,89.00,"okres Liptovský Mikuláš",Bobrovník,Bobrovník
JuPITfSI3H0,land,NULL,18.21,"okres Čadca",Staškov,Staškov
JuKVQligYhM,land,"new construction",179.43,"okres Žilina",Bitarová,Bitarová
Ju_nFFJjAlC,land,NULL,182.59,"okres Žilina",Ovčiarsko,Ovčiarsko
Juz77F3qzjt,land,NULL,73.97,"okres Kysucké Nové Mesto",Rudina,Rudina
JuGN-E0XFUo,land,NULL,169.32,"okres Martin",Martin,Priekopa
JuNKPbY78gy,land,NULL,NULL,"okres Žilina",Terchová,Terchová
Ju8tqbpzEho,land,"partially renovated",134.12,"okres Bytča",Štiavnik,Štiavnik
JuWy3Av11B2,land,NULL,40.70,"okres Liptovský Mikuláš",Vlachy,Vlachy
JuWpZopSoYC,land,NULL,185.00,"okres Žilina",Ovčiarsko,Ovčiarsko
JuI9ai4mRCA,land,NULL,NULL,"okres Martin",Martin,Tomčany
JuG7n8qbXvU,land,NULL,281.82,"okres Žilina",Žilina,Trnové
JulK1E26g9e,land,NULL,21.11,"okres Čadca",Klokočov,Klokočov
JunWOzEcRHK,land,unrenovated,62.43,"okres Čadca",Makov,Makov
Ju9bTv_8--p,land,NULL,59.46,"okres Námestovo","Oravská Lesná","Oravská Lesná"
JuEl39vdmi7,land,NULL,93.44,"okres Žilina","Kotrčiná Lúčka","Kotrčiná Lúčka"
Ju9T9motLi6,land,NULL,130.37,"okres Žilina",Divina,Divina
Ju9IFe2gRus,land,NULL,44.93,"okres Turčianske Teplice",Sklené,Sklené
JulC2goTuDK,land,NULL,480.77,"okres Žilina",Žilina,Vlčince
JufmowlUURT,land,NULL,78.00,"okres Čadca",Skalité,Skalité
JujO5TgvXtG,land,NULL,NULL,"okres Dolný Kubín",Párnica,Párnica
Juidgw39ied,land,"partially renovated",123.00,"okres Liptovský Mikuláš",Podtureň,Podtureň
JueE0RaoId9,land,NULL,0.26,"okres Liptovský Mikuláš","Liptovská Sielnica","Liptovská Sielnica"
JuOd8JFAh_B,land,NULL,230.00,"okres Žilina",Žilina,Trnové
Ju8z5R1jfB3,land,"partially renovated",NULL,"okres Liptovský Mikuláš","Svätý Kríž","Svätý Kríž"
Juu2KYnLJH8,land,NULL,108.46,"okres Bytča",Bytča,"Hliník nad Váhom"
Jug6QXb2mr0,land,NULL,13.00,"okres Ružomberok","Liptovská Štiavnica","Liptovská Štiavnica"
JuUooEhgJl4,land,NULL,68.88,"okres Čadca",Raková,Raková
Ju4d7oCmzgt,land,NULL,60.00,"okres Čadca",Raková,Raková
JuHSEHdVoIU,land,NULL,100.00,"okres Turčianske Teplice","Turčianske Teplice",Diviaky
JurXAjyEx4Y,land,NULL,102.00,"okres Martin",Necpaly,Necpaly
Jubn_BmVZq4,land,"partially renovated",61.86,"okres Ružomberok","Liptovské Sliače","Liptovské Sliače"
JuAYbMU687z,land,NULL,70.00,"okres Liptovský Mikuláš","Liptovský Ján","Liptovský Ján"
Ju5AeA4FaTa,land,NULL,99.00,"okres Žilina",Bitarová,Bitarová
Ju6BOs5U974,land,NULL,81.48,"okres Žilina","Kotrčiná Lúčka","Kotrčiná Lúčka"
JuLOTbilQnB,land,NULL,86.38,"okres Martin",Rakovo,Rakovo
JuQixUnoW4u,land,NULL,95.00,"okres Žilina",Višňové,Višňové
JuIlHogl4wQ,land,NULL,38.00,"okres Čadca",Turzovka,Predmier
Ju2i2SZUYUh,land,NULL,105.00,"okres Martin",Trebostovo,Trebostovo
JuuE0IH089Q,land,NULL,NULL,"okres Martin",Ratkovo,Ratkovo
JuP4Qge949G,land,NULL,26.00,"okres Čadca",Makov,Makov
JuCxQUnpNN5,land,NULL,25.00,"okres Turčianske Teplice","Turčianske Teplice",Diviaky
JuOoDP05xJ-,land,NULL,87.72,"okres Liptovský Mikuláš","Liptovské Matiašovce","Liptovské Matiašovce"
JujWzeAd4Mq,land,NULL,80.00,"okres Martin",Karlová,Karlová
JuhYAT13Gs1,land,NULL,85.00,"okres Martin",Martin,Záturčie
JuHoLMOAPyD,land,NULL,276.03,"okres Žilina",Višňové,Višňové
JuvDIHl7nu4,land,NULL,47.93,"okres Čadca",Dunajov,Dunajov
JuW5XYXfIA2,land,NULL,79.00,"okres Čadca",Skalité,Skalité
JufKEzTwdq8,land,NULL,17.32,"okres Čadca",Čadca,Milošová
JuZ7zgc43wy,land,NULL,NULL,"okres Martin",Martin,Podháj
JuG8w7lDdu46,land,NULL,NULL,"okres Martin",Turany,Turany
JunGp6hRXR2,land,unrenovated,NULL,"okres Žilina",Divina,Divina
JumKl3xs_Yl,land,NULL,NULL,"okres Martin",Vrútky,"Karvaša a Bláhovca"
JuHRetqPaNB,land,NULL,139.00,"okres Dolný Kubín",Jasenová,Jasenová
Judf0zzhq5f,land,NULL,NULL,"okres Bytča",Bytča,"Veľká Bytča"
JuFovldbtlH,land,NULL,100.00,"okres Žilina",Nededza,Nededza
JueyWGcCtCo,land,NULL,90.00,"okres Martin",Necpaly,Necpaly
Ju16HqVho2l,land,NULL,90.00,"okres Dolný Kubín","Dolný Kubín",Mokraď
Juxlwl0cqfI,land,NULL,123.00,"okres Liptovský Mikuláš",Podtureň,Podtureň
JuvwILxsaLE,land,NULL,35.95,"okres Kysucké Nové Mesto","Dolný Vadičov","Dolný Vadičov"
JuoEkan0OM3,land,NULL,120.00,"okres Dolný Kubín",Veličná,Veličná
JuEX_l_3Eqg,land,NULL,100.00,"okres Liptovský Mikuláš","Liptovská Sielnica","Liptovská Sielnica"
JuCmj-PgWTq,land,NULL,26.81,"okres Čadca",Dunajov,Dunajov
JuASY12odtk,land,unrenovated,100.00,"okres Liptovský Mikuláš","Liptovská Anna","Liptovská Anna"
Ju-_lgQgjvC,land,unrenovated,120.02,"okres Liptovský Mikuláš",Ižipovce,Ižipovce
JueMz2TcIL-I,land,NULL,100.00,"okres Ružomberok","Liptovské Sliače","Liptovské Sliače"
JuIw5kl0QB9,land,unrenovated,15.42,"okres Ružomberok",Ružomberok,Podsuchá
Ju0UqyDriGS,land,unrenovated,67.32,"okres Žilina",Lietava,Lietava
Jul7ugPXcvQ,land,NULL,100.00,"okres Martin",Martin,Záturčie
Ju4lACVtBvB,land,NULL,79.30,"okres Čadca",Oščadnica,Oščadnica
JufBIzJWZ0T,land,NULL,24.34,"okres Čadca",Korňa,Korňa
JuJ0YMlVen2,land,NULL,75.00,"okres Dolný Kubín","Dlhá nad Oravou","Dlhá nad Oravou"
JuxIvOImC9j,land,NULL,71.74,"okres Bytča",Bytča,Pšurnovice
JufCqQz59Ij,land,NULL,114.11,"okres Žilina",Kunerad,Kunerad
JuJGNURQ8kY,land,NULL,37.53,"okres Kysucké Nové Mesto",Snežnica,Snežnica
JuS3utLekJS,land,NULL,79.35,"okres Martin",Karlová,Karlová
JushtsOsA5D,land,NULL,81.74,"okres Martin","Košťany nad Turcom","Košťany nad Turcom"
JuPmsU7zgrG,land,unrenovated,NULL,"okres Ružomberok",Ludrová,Ludrová
JumG3BQ732C,land,NULL,90.41,"okres Žilina",Ovčiarsko,Ovčiarsko
JuY5ba5W_4i,land,NULL,NULL,"okres Martin",Blatnica,Blatnica
JuzolLKcQyU,land,NULL,80.21,"okres Námestovo",Krušetnica,Krušetnica
JuLfvRq95qS,land,NULL,NULL,"okres Liptovský Mikuláš","Liptovská Anna","Liptovská Anna"
JuBfaxcwUwF,land,NULL,64.00,"okres Martin",Karlová,Karlová
JuVv2XDLd9H,land,"partially renovated",173.19,"okres Žilina",Varín,Varín
Ju3oEfAZYzP,land,NULL,13.06,"okres Liptovský Mikuláš",Východná,Východná
JuMAMHXJq7S,land,NULL,25.00,"okres Liptovský Mikuláš",Beňadiková,Beňadiková
JuNaGXxLOzZ,land,NULL,9.00,"okres Kysucké Nové Mesto",Snežnica,Snežnica
JuCjQgzupuY,land,NULL,NULL,"okres Bytča",Bytča,"Veľká Bytča"
JuhCsanvxln,land,NULL,62.70,"okres Čadca",Svrčinovec,Svrčinovec
JuqxH07lW-i,land,"new construction",44.26,"okres Žilina",Ovčiarsko,Ovčiarsko
JuH12tFyQw2,land,NULL,200.00,"okres Žilina",Višňové,Višňové
JuEjJSCiW8Ze,land,NULL,79.00,"okres Čadca",Skalité,Skalité
JupXbR8DGJn,land,NULL,149700.00,"okres Dolný Kubín","Dolný Kubín",Banisko
JuMvZKQOSvd,land,NULL,575.45,"okres Bytča","Veľké Rovné","Veľké Rovné"
Ju1CjLHLW69,land,unrenovated,NULL,"okres Dolný Kubín","Dlhá nad Oravou","Dlhá nad Oravou"
Ju22ZGBmO93,land,NULL,90.00,"okres Liptovský Mikuláš","Liptovská Anna","Liptovská Anna"
JuwTH_LMEMX,land,NULL,NULL,"okres Liptovský Mikuláš","Liptovské Kľačany","Liptovské Kľačany"
JufJ-j5ky3T,land,unrenovated,149.80,"okres Žilina","Dolná Tižina","Dolná Tižina"
JuPGBZu28Sz,land,NULL,53.53,"okres Čadca",Oščadnica,Oščadnica
JuXRWhaK2fl,land,NULL,30.00,"okres Turčianske Teplice",Mošovce,Mošovce
Jutyprw4Nso,land,NULL,71.74,"okres Bytča",Bytča,Pšurnovice
JutjPZbTZEK,land,NULL,NULL,"okres Martin",Sučany,Sučany
Juzs-YHkwHj,land,NULL,82.00,"okres Martin","Turčianske Jaseno","Turčianske Jaseno"
JupRRfszbzs,land,NULL,41.50,"okres Turčianske Teplice",Sklené,Sklené
JuiFvyOCpZO,land,NULL,105.00,"okres Žilina",Višňové,Višňové
JuqfHhV7H4_,land,NULL,95.65,"okres Žilina",Lietava,Lietava
JuhB5IsnAP3,land,NULL,10.09,"okres Martin",Šútovo,Šútovo
Ju4HZvYxEQL,land,NULL,69.00,"okres Dolný Kubín",Párnica,Párnica
JuR1Vqvk3FA,land,NULL,185.87,"okres Martin",Martin,Záturčie
JuD-E2E_yvf,land,NULL,40.00,"okres Námestovo",Novoť,Novoť
JujqHk5Nsu-,land,NULL,110.00,"okres Čadca",Čadca,"U Sneheľníka"
JumHegVgatu,land,NULL,47.65,"okres Martin",Podhradie,Podhradie
JuYSlKjn22V2,land,unrenovated,62.28,"okres Turčianske Teplice","Slovenské Pravno","Slovenské Pravno"
JuTN7hEMhfs,land,NULL,38.40,"okres Čadca",Turzovka,Predmier
JuTmTC_fKnC,"holiday apartment","new construction",NULL,"okres Dolný Kubín","Dolný Kubín","Kubínska hoľa"
Juo_LCQm7Zx,land,NULL,127.19,"okres Žilina",Svederník,Svederník
JucfeqPEDUI,land,NULL,59.00,"okres Turčianske Teplice",Jazernica,Jazernica
JuyewzTZPFk,land,NULL,130.32,"okres Žilina",Lysica,Lysica
Jug8evCrAgI,land,NULL,79.00,"okres Čadca",Skalité,Skalité
JubfWlbtgdy,land,NULL,NULL,"okres Čadca",Olešná,Olešná
JuY9N1R47k4,land,NULL,776.05,"okres Žilina",Žilina,Bôrik
JuGtn_qttBC,land,unrenovated,130.00,"okres Liptovský Mikuláš","Liptovský Trnovec","Liptovský Trnovec"
Ju26ASiELkU,land,NULL,162.32,"okres Žilina","Dolná Tižina","Dolná Tižina"
JuoYPByad-u,land,NULL,35.00,"okres Dolný Kubín",Malatiná,Malatiná
JueDQ4t8F1t,land,unrenovated,NULL,"okres Kysucké Nové Mesto",Povina,Povina
JuJBjXorHPL,land,"partially renovated",NULL,"okres Ružomberok",Turík,Turík
JugbHbksCr-,land,NULL,95.00,"okres Žilina",Višňové,Višňové
JuRn13yIVnF,land,NULL,39.11,"okres Čadca",Dunajov,Dunajov
Ju67f0ZUF6a,land,NULL,53.00,"okres Žilina","Dlhé Pole","Dlhé Pole"
Jus7PkExcYQ,land,NULL,NULL,"okres Žilina",Rajec,Rajec
JuuNE4PQz6D,land,NULL,231.40,"okres Žilina",Žilina,Budatín
Ju1YLWtdCP4,land,NULL,130.00,"okres Liptovský Mikuláš",Lazisko,Lazisko
Jul88RI0614,land,unrenovated,167.00,"okres Liptovský Mikuláš",Beňadiková,Beňadiková
Ju192g79OHm,land,NULL,62.00,"okres Martin",Belá-Dulice,Belá-Dulice
JusbhL9UXOL,land,NULL,35.21,"okres Čadca",Staškov,Staškov
JuWIabvMs8m,land,unrenovated,39.00,"okres Čadca",Čadca,Rieka
JukIKAnSuKC,land,NULL,150.00,"okres Martin","Dolný Kalník","Dolný Kalník"
JubUi5eOFbH,land,NULL,89.39,"okres Ružomberok","Liptovská Štiavnica","Liptovská Štiavnica"
JupQ7ehcKIt,land,NULL,392.59,"okres Žilina",Žilina,Budatín
JuUn4gk-elR,land,NULL,91.16,"okres Žilina","Kotrčiná Lúčka","Kotrčiná Lúčka"
Ju7lj_P0z5e,land,unrenovated,NULL,"okres Žilina","Dolný Hričov","Dolný Hričov"
JufEhhRezN-,land,NULL,NULL,"okres Dolný Kubín","Dolný Kubín",Stred
JuqQ2VY6uD-,land,"new construction",130.15,"okres Kysucké Nové Mesto",Snežnica,Snežnica
Ju97QEdz5sX,land,"new construction",62.93,"okres Čadca",Raková,Raková
JubAI3EWquo,land,NULL,NULL,"okres Liptovský Mikuláš","Liptovská Anna","Liptovská Anna"
JutVFvRJpYd,land,NULL,169.20,"okres Žilina",Višňové,Višňové
JutuKcNv2OP,land,NULL,404.93,"okres Martin",Martin,Stred
JuErvfknoQB,land,NULL,228.29,"okres Dolný Kubín","Vyšný Kubín","Vyšný Kubín"
JurzykGoa8Y,land,NULL,79.00,"okres Čadca",Skalité,Skalité
JuTu2EKoaZM,land,NULL,125.00,"okres Dolný Kubín",Veličná,Veličná
JuB1sJQkopm,land,"new construction",53.63,"okres Kysucké Nové Mesto",Povina,Povina
JusK3lTtUjZ,land,NULL,55.00,"okres Bytča","Veľké Rovné","Veľké Rovné"
Ju6FhwnbvkK,land,NULL,60.00,"okres Martin",Martin,Tomčany
JuMHyeDGK2f,land,NULL,93.56,"okres Martin",Necpaly,Necpaly
JubNHDCg93x,land,NULL,119.06,"okres Námestovo","Oravská Jasenica","Oravská Jasenica"
JubzyQhnL5j,land,NULL,19.09,"okres Turčianske Teplice",Sklené,Sklené
JuMFxRcxLzj,land,NULL,90.41,"okres Žilina",Ovčiarsko,Ovčiarsko
JuMg-KktE1Q,land,NULL,18.00,"okres Dolný Kubín",Zázrivá,Zázrivá
Jukt7sZSrva,land,NULL,158.71,"okres Žilina",Ovčiarsko,Ovčiarsko
JuLGf5aS3L1,land,unrenovated,120.82,"okres Kysucké Nové Mesto","Kysucké Nové Mesto",Suľkov
JuTUUGHEQpu,land,NULL,65.00,"okres Martin",Martin,NULL
JubI61zDvAA,land,"development project",NULL,"okres Žilina",Svederník,Svederník
JupXyVwksGj,land,NULL,NULL,"okres Martin","Horný Kalník","Horný Kalník"
JuzsaTgRy0A,land,unrenovated,32.69,"okres Čadca",Staškov,Staškov
JuqT9jZ4Nn0,land,unrenovated,90.00,"okres Liptovský Mikuláš","Liptovská Sielnica","Liptovská Sielnica"
JuzowjqYdqV,land,NULL,17.00,"okres Čadca",Staškov,Staškov
Juw-BV-BqJp,land,NULL,130.00,"okres Žilina",Lietava,Lietava
Ju2_2a_gc9I,land,NULL,96.00,"okres Liptovský Mikuláš","Liptovská Sielnica","Liptovská Sielnica"
Jus9HjYi9K6,land,NULL,74.86,"okres Liptovský Mikuláš",Vlachy,Vlachy
Ju-Vs-ZZEsP,land,NULL,52.36,"okres Čadca",Turzovka,NULL
JuypdHR9V5h,land,"new construction",120.00,"okres Žilina","Lietavská Svinná-Babkov","Lietavská Svinná-Babkov"
JuC5HWpBoue,land,NULL,26.50,"okres Čadca",Staškov,Staškov
JuTMeTjk733,land,unrenovated,NULL,"okres Žilina",Rajec,Rajec
JuvBlvKpVOg,land,NULL,96.61,"okres Liptovský Mikuláš",Jamník,Jamník
JuLSvBwv_I5,land,"new construction",250.00,"okres Žilina",Krasňany,Krasňany
Ju0KCQtbTTW,land,NULL,66.02,"okres Čadca",Čadca,Podzávoz
JuaPQ_8Etfd,land,NULL,55.76,"okres Martin",Trnovo,Trnovo
Ju9G8aO6wQl,land,NULL,120.00,"okres Liptovský Mikuláš","Pavčina Lehota","Pavčina Lehota"
JuY9JBEYXXO,land,unrenovated,65.19,"okres Čadca",Staškov,Staškov
JuEr-eDWZ62,land,NULL,NULL,"okres Martin",Turany,Turany
JuuQurqTomT,land,unrenovated,186.46,"okres Liptovský Mikuláš","Liptovský Mikuláš",Podbreziny
JuXLA7wyDLl,land,NULL,143.38,"okres Žilina",Čičmany,Čičmany
Ju1OJ87gVSa,land,NULL,NULL,"okres Žilina",Bitarová,Bitarová
JuaF9UiM3uR1,land,NULL,97.80,"okres Žilina","Rajecké Teplice","Rajecké Teplice"
Jui0b4gHHzV,land,unrenovated,NULL,"okres Čadca",Oščadnica,Oščadnica
Jua_BRtxi_0,land,NULL,120.00,"okres Kysucké Nové Mesto",Snežnica,Snežnica
Jud4Z0QIxb1B,land,NULL,NULL,"okres Martin",Blatnica,Blatnica
JumHCt0Er1_,land,NULL,184.33,"okres Liptovský Mikuláš","Liptovský Mikuláš",NULL
Ju6XcncfywZ,land,"new construction",43.64,"okres Žilina",Ovčiarsko,Ovčiarsko
Ju6R4Oxuhvk,land,unrenovated,41.77,"okres Bytča","Veľké Rovné","Veľké Rovné"
JuiJEU2gvVS,land,unrenovated,48.00,"okres Čadca",Oščadnica,Oščadnica
JuJIq68G1za,land,NULL,65.00,"okres Martin",Martin,Záturčie
Ju5OGHyG1_Y,land,NULL,61.59,"okres Čadca",Raková,Raková
JupQvlRFk0k,land,NULL,49.00,"okres Žilina",Kunerad,Kunerad
Ju2hmMFZQ4X,land,NULL,279.42,"okres Žilina",Višňové,Višňové
Ju1-_Cu9mID,land,NULL,NULL,"okres Martin","Turčiansky Peter","Turčiansky Peter"
JuX4tTXYKir,land,NULL,35.21,"okres Kysucké Nové Mesto","Horný Vadičov","Horný Vadičov"
JuI4QwFHXkB,land,NULL,120.00,"okres Liptovský Mikuláš","Liptovský Mikuláš","Liptovská Ondrašová"
Juw3LRApeaS,land,NULL,160.10,"okres Žilina","Horný Hričov","Horný Hričov"
JueC24ZQ1o3,land,unrenovated,15.25,"okres Žilina",Varín,Varín
Juh_NFZPlxN,land,NULL,179.00,"okres Žilina",Ovčiarsko,Ovčiarsko
Ju_KMqj7vmd,land,NULL,99.00,"okres Martin",Rakovo,Rakovo
JujjYxzg2zO,land,NULL,86.06,"okres Kysucké Nové Mesto",Nesluša,Nesluša
JudcG-iBr32,land,unrenovated,139.11,"okres Žilina",Divinka,Divinka
Jug0yKTQ2pn,land,NULL,55.00,"okres Čadca",Raková,Raková
JuveNCiurSC,land,NULL,75.02,"okres Dolný Kubín",Žaškov,Žaškov
JuMmLaRBnk-,land,NULL,238.46,"okres Martin",Martin,Stráne
JuAEEafI2yh,land,NULL,110.00,"okres Žilina",Kľače,Kľače
JuGEa5Szg2S,land,NULL,94.03,"okres Bytča",Súľov-Hradná,Súľov-Hradná
JuldPobEyqZ,land,NULL,42.17,"okres Bytča","Veľké Rovné","Veľké Rovné"
JuxUrTWen36,land,unrenovated,NULL,"okres Žilina",Ďurčiná,Ďurčiná
JutHLS-i8Kk,land,NULL,59.22,"okres Kysucké Nové Mesto",Povina,Povina
JuFMSKsdInV,land,NULL,155.83,"okres Žilina",Bitarová,Bitarová
Ju266Dr49Ba,land,NULL,52.00,"okres Kysucké Nové Mesto","Dolný Vadičov","Dolný Vadičov"
JubyLcoXkeA,land,NULL,287.29,"okres Žilina",Gbeľany,Gbeľany
JuDgMZQaDeJ,land,unrenovated,48.50,"okres Čadca",Oščadnica,Oščadnica
Juv8WDTsSPy,land,unrenovated,111.74,"okres Žilina",Konská,Konská
Ju9noiJ3M5h,land,NULL,50.19,"okres Martin",Vrícko,Vrícko
JuPmyuLY0AU,land,NULL,123.00,"okres Liptovský Mikuláš",Podtureň,Podtureň
JunJu6IyBiX,land,NULL,37.50,"okres Turčianske Teplice",Sklené,Sklené
JuhDFgB8Eya,land,unrenovated,90.00,"okres Kysucké Nové Mesto",Povina,Povina
Jukxm6yZ0hf6,land,NULL,79.00,"okres Čadca",Skalité,Skalité
JuQnOzH4Mve,land,unrenovated,NULL,"okres Žilina",Svederník,Svederník
JuO__97iq4d,land,"new construction",122.98,"okres Žilina","Lietavská Svinná-Babkov","Lietavská Svinná-Babkov"
JukIX3v-4aJ,land,unrenovated,50.00,"okres Žilina",Kľače,Kľače
Ju5L-boRlBV,land,NULL,50.00,"okres Čadca",Podvysoká,Podvysoká
JuxLDdGxofv,land,NULL,65.00,"okres Liptovský Mikuláš",Kvačany,Kvačany
Jur27j-ejmc,land,NULL,65.00,"okres Martin",Martin,Záturčie
Juxv4BCWFjN,land,NULL,109.76,"okres Liptovský Mikuláš",Hybe,Hybe
JuH2wdrPPMN,land,NULL,253.60,"okres Žilina",Hôrky,Hôrky
JuoLQW0Li8l,land,NULL,NULL,"okres Žilina",Bitarová,Bitarová
JuI-7Aiqe6M,land,unrenovated,55.48,"okres Čadca","Vysoká nad Kysucou","Vysoká nad Kysucou"
Ju1V4Qfns7o,land,NULL,50.00,"okres Liptovský Mikuláš","Liptovské Beharovce","Liptovské Beharovce"
JuApbqYiTwl,land,NULL,82.00,"okres Martin","Dolný Kalník","Dolný Kalník"
JuXs9XHVo90,land,NULL,131.43,"okres Martin",Vrútky,"Karvaša a Bláhovca"
JuSvmhJEqG1,land,NULL,60.00,"okres Martin",Vrútky,"Karvaša a Bláhovca"
JuYB0zOc7gD,land,NULL,40.00,"okres Ružomberok","Liptovské Sliače","Liptovské Sliače"
JuXWDVHuKu7,land,NULL,32.73,"okres Bytča",Petrovice,Petrovice
Jui1yUD8ZRT,land,NULL,91.67,"okres Čadca",Turzovka,Predmier
Ju8HOtKyMF8,land,unrenovated,NULL,"okres Žilina",Višňové,Višňové
JuOZEwkJjt3,land,NULL,120.82,"okres Dolný Kubín","Dolný Kubín",Mokraď
JukvtXQXqqN,land,NULL,188.47,"okres Žilina",Višňové,Višňové
JuIyQ6FpRLK,land,NULL,55.00,"okres Námestovo",Vasiľov,Vasiľov
Ju1cmZVZL9p,land,NULL,65.00,"okres Martin",Martin,NULL
JuFjy1TVvsF,land,NULL,NULL,"okres Bytča",NULL,NULL
Ju_utm8DAV9,land,unrenovated,99.00,"okres Čadca",Čadca,Rieka
JuaoRgRgfTM,land,NULL,0.00,"okres Kysucké Nové Mesto",Nesluša,Nesluša
JuVIY0GAADR,land,NULL,99.00,"okres Ružomberok","Liptovské Sliače","Liptovské Sliače"
JuC0KIbI5oB,land,unrenovated,75.00,"okres Čadca",Raková,Raková
JuSc9mnlTNp,land,NULL,90.00,"okres Liptovský Mikuláš","Liptovská Sielnica","Liptovská Sielnica"
JuE8ApW_7eF,land,NULL,67.50,"okres Čadca",Raková,Raková
JuM_aepmWiE,land,NULL,96.35,"okres Martin",Sučany,Sučany
JubvMgx0Xlu,land,NULL,118.00,"okres Dolný Kubín","Vyšný Kubín","Vyšný Kubín"
JuCafss2FQP,land,NULL,220.00,"okres Liptovský Mikuláš","Liptovský Mikuláš",Vitálišovce
Ju3KUswXUz_,land,unrenovated,12.22,"okres Bytča","Hlboké nad Váhom","Hlboké nad Váhom"
Jup8u-k4Epi,land,NULL,35.17,"okres Bytča",Predmier,Predmier
JuMCxXCgucb,land,NULL,200.00,"okres Liptovský Mikuláš","Liptovský Mikuláš","Liptovská Mara - Tatralandia"
Ju6EZukLTos,land,NULL,66.00,"okres Čadca",Čadca,Podzávoz
JufB0mJ4fBT,land,unrenovated,NULL,"okres Liptovský Mikuláš",Gôtovany,Gôtovany
Ju0PCzCiNgB,land,NULL,NULL,"okres Martin",Žabokreky,Žabokreky
JuuPBY6Ot9Q,land,NULL,69.01,"okres Turčianske Teplice","Turčianske Teplice","Turčiansky Michal"
Jut0tUa88wB,land,NULL,247.59,"okres Žilina",Rosina,Rosina
JuXoUVcEWR0,land,NULL,170.04,"okres Žilina",Ovčiarsko,Ovčiarsko
Juz3m4uVQID,land,NULL,109.09,"okres Dolný Kubín","Oravská Poruba","Oravská Poruba"
JuD0_PFG0ni,land,NULL,27.82,"okres Turčianske Teplice",Sklené,Sklené
JuNxdVDCwxP,land,NULL,60.00,"okres Námestovo",Novoť,Novoť
JuMd2LfAtcs,land,unrenovated,42.00,"okres Čadca","Dlhá nad Kysucou","Dlhá nad Kysucou"
JurUF8OlH6u,land,NULL,25.00,"okres Čadca",Turzovka,Hlinené
JuKqcvokzbp,land,NULL,50.99,"okres Martin",Socovce,Socovce
Jufivg-_9rM,land,NULL,NULL,"okres Dolný Kubín","Dolný Kubín","Malý Bysterec"
JuT8srAbvDd,land,"under construction",NULL,"okres Žilina","Kamenná Poruba","Kamenná Poruba"
JuiaMHS2a8S,land,NULL,67.53,"okres Čadca",Oščadnica,Oščadnica
Juuliwtz_LA,land,NULL,58.82,"okres Martin",Necpaly,Necpaly
Ju7kkzPHIc1,land,NULL,62.00,"okres Žilina",Krasňany,Krasňany
Ju78oHKGop9R,land,"new construction",61.93,"okres Žilina","Kotrčiná Lúčka","Kotrčiná Lúčka"
JuFPPvDcbTI,land,NULL,13.06,"okres Liptovský Mikuláš",Východná,Východná
Juhz-iIvfOR,land,NULL,187.50,"okres Dolný Kubín",Zázrivá,Zázrivá
Jul34-9Uznd,land,NULL,106.63,"okres Žilina",Stránske,Stránske
Juz8n3k63O_,land,unrenovated,30.00,"okres Liptovský Mikuláš",Beňadiková,Beňadiková
JuBCn0k3F8q,land,NULL,56.78,"okres Ružomberok",Ružomberok,"Nová Hrboltová"
JuPab66wdox,land,NULL,100.00,"okres Dolný Kubín","Dolný Kubín",Mokraď
JulxtEGlU-r,land,unrenovated,55.00,"okres Turčianske Teplice",Budiš,Budiš
JuGjdMCF3ve,land,NULL,180.18,"okres Žilina",Žilina,Bytčica
JuywSKYexoR,land,NULL,80.00,"okres Tvrdošín",Zábiedovo,Zábiedovo
Jujfy0BeWOa,land,NULL,58.00,"okres Ružomberok",Bešeňová,Bešeňová
JumyeY6xnwq,land,NULL,111.36,"okres Martin",Turany,Turany
JulrIqN4RR6,land,NULL,86.35,"okres Liptovský Mikuláš",Hybe,Hybe
JuLNEujfvDD,land,NULL,147.92,"okres Žilina",Strečno,Strečno
JuIvQC1jBvw,land,NULL,53.11,"okres Turčianske Teplice",Turček,Turček
JuuH6wyOTi6,land,NULL,99.78,"okres Bytča",Bytča,"Hliník nad Váhom"
JuR03LYWket,land,NULL,106.25,"okres Žilina",Stráňavy,Stráňavy
JujNQV7OCek,land,NULL,45.00,"okres Žilina",Lysica,Lysica
Jup9VNie0hE,land,NULL,43.29,"okres Čadca",Dunajov,Dunajov
Juv0pBqllQb,land,NULL,100.00,"okres Námestovo","Oravské Veselé","Oravské Veselé"
JuUpsFDNSQ5,land,NULL,60.00,"okres Žilina",Ovčiarsko,Ovčiarsko
Ju_1RuhBfmB,land,unrenovated,55.00,"okres Turčianske Teplice",Budiš,Budiš
JuPvBOIDHAu,land,NULL,15.00,"okres Turčianske Teplice",Háj,Háj
JuI63s8eiN7,land,"new construction",157.58,"okres Bytča",Jablonové,Jablonové
JuO_8tOz9vO,land,NULL,182.54,"okres Bytča",Bytča,"Bytča - sever"
Ju_rYNBo_cl,land,NULL,NULL,"okres Bytča","Hlboké nad Váhom","Hlboké nad Váhom"
JuCzxidULuR,land,unrenovated,21.02,"okres Kysucké Nové Mesto",Snežnica,Snežnica
JuCAQgOYAnl,land,NULL,81.50,"okres Bytča",Predmier,Predmier
JumgYXab6nd,land,NULL,41.00,"okres Čadca",Klokočov,Klokočov
Ju4qZolzI7i,land,NULL,NULL,"okres Martin",Diaková,Diaková
JuMcJmeaUcO,land,NULL,75.00,"okres Dolný Kubín",Leštiny,Leštiny
JuNitLYneeA,land,NULL,73.99,"okres Čadca",Čierne,Čierne
JuVw0hmTAno,land,NULL,49.00,"okres Liptovský Mikuláš",Gôtovany,Gôtovany
JuFVNjbiRLu,land,NULL,64.42,"okres Martin","Turčianske Kľačany","Turčianske Kľačany"
JuSTrxbH01x,land,NULL,153.76,"okres Žilina",Terchová,Terchová
JuGnc9OXHGX,land,NULL,202.70,"okres Dolný Kubín","Dolný Kubín","Malý Bysterec"
Jus89N19pVi,land,NULL,NULL,"okres Dolný Kubín",Zázrivá,Zázrivá
JuUCvHHqEXR,land,NULL,160.00,"okres Žilina",Krasňany,Krasňany
JutSxfNRIvL,land,NULL,66.97,"okres Čadca",Oščadnica,Oščadnica
Jugj8_j4hFt,land,unrenovated,NULL,"okres Čadca",Oščadnica,Oščadnica
JuVy8PAIz5F,land,NULL,75.00,"okres Liptovský Mikuláš","Liptovský Trnovec","Liptovský Trnovec"
Juy-u_8MLhRu,land,NULL,105.00,"okres Martin",Trebostovo,Trebostovo
Ju-hAf6SLZe,land,unrenovated,70.00,"okres Námestovo","Oravská Jasenica","Oravská Jasenica"
Ju0xrW-pJiv,land,unrenovated,127.75,"okres Žilina",Bitarová,Bitarová
JuHEexV-ME8,land,NULL,172.25,"okres Žilina",Višňové,Višňové
JuvqrgrxLUT,land,NULL,26.00,"okres Kysucké Nové Mesto",Snežnica,Snežnica
JuvU5Bk6XNz,land,NULL,250.00,"okres Žilina",Žilina,Trnové
JuawfvC1dso,land,NULL,29.00,"okres Čadca",Makov,Makov
JuujbPaHD-l,land,NULL,52.44,"okres Žilina","Veľká Čierna","Veľká Čierna"
Ju2DjUagLIB,land,NULL,106.41,"okres Liptovský Mikuláš","Pavčina Lehota","Pavčina Lehota"
Jud80emJ1h-,land,unrenovated,NULL,"okres Žilina",Stráňavy,Stráňavy
JuscYJe7Tsp,land,NULL,134.40,"okres Žilina",Bitarová,Bitarová
JuRN7oIh-bh,land,"new construction",NULL,"okres Bytča",Maršová-Rašov,Maršová-Rašov
JuYlSKGJKl6,land,NULL,79.67,"okres Martin","Horný Kalník","Horný Kalník"
JuueVyS2YYG,land,NULL,102.00,"okres Turčianske Teplice","Turčianske Teplice",NULL
JuPNAYZ0O8w,land,NULL,250.00,"okres Žilina",Žilina,Trnové
Ju051T1JZ-l,land,NULL,79.97,"okres Žilina",Žilina,Trnové
JufVWTW_WTc,land,NULL,65.00,"okres Martin",Martin,Záturčie
JubU6tCkKGs,land,NULL,126.11,"okres Žilina",Ovčiarsko,Ovčiarsko
JusGZR37Rrf,land,NULL,170.00,"okres Žilina",Terchová,Terchová
JuZCt8qZhH9,land,unrenovated,72.00,"okres Čadca","Krásno nad Kysucou",NULL
JumXY6voBY_,land,NULL,170.53,"okres Liptovský Mikuláš","Liptovský Mikuláš",Podbreziny
JuaTUWSOToW,land,NULL,79.00,"okres Čadca",Skalité,Skalité
JuhsDIhlQ5j,land,NULL,NULL,"okres Žilina",Bitarová,Bitarová
JumBIzQEPOK,land,NULL,99.00,"okres Liptovský Mikuláš","Liptovský Trnovec","Liptovský Trnovec"
JuJ6A83KPJ2,land,NULL,132.81,"okres Žilina",Stránske,Stránske
Ju0Wth3fmJb,land,NULL,109.15,"okres Liptovský Mikuláš",Kvačany,Kvačany
Ju-yASPSDbI,land,NULL,220.00,"okres Liptovský Mikuláš","Liptovský Mikuláš",Vitálišovce
Ju7bdNS7Wbu,land,unrenovated,NULL,"okres Martin",Valča,Valča
JuFbQAoDlAy,land,NULL,NULL,"okres Tvrdošín",Habovka,Habovka
JutmSdgoB8o,land,NULL,206.25,"okres Martin",Martin,Tomčany
Ju-TgYUkwq0,land,NULL,9.00,"okres Kysucké Nové Mesto",Snežnica,Snežnica
JuzpdzmMNmY,land,NULL,148.00,"okres Martin",Valča,Valča
JuR5ionId5V,land,NULL,117.24,"okres Martin",Blatnica,Blatnica
JuSojlAQh6I,land,NULL,79.00,"okres Čadca",Skalité,Skalité
JuJs7LAy2Ca,land,NULL,38.35,"okres Čadca",Klokočov,Klokočov
JunsxT9D57Y,land,NULL,67.39,"okres Čadca",Svrčinovec,Svrčinovec
JuyhzX_H2M6,land,NULL,57.85,"okres Čadca",Skalité,Skalité
JuFDWrhfI93,land,NULL,NULL,"okres Bytča","Veľké Rovné","Veľké Rovné"
JuRGpe_vleW,land,NULL,100.00,"okres Ružomberok",Bešeňová,Bešeňová
JuOtIHsfVL7r,land,NULL,NULL,"okres Martin",Ratkovo,Ratkovo
JuIk-JMXLCM,land,NULL,NULL,"okres Žilina",Višňové,Višňové
JutkRgdiYBy,land,NULL,NULL,"okres Ružomberok","Liptovská Štiavnica","Liptovská Štiavnica"
Ju2owwvd0Ks,land,NULL,52.65,"okres Námestovo","Oravská Lesná","Oravská Lesná"
JuCvtDrSDpm,land,NULL,148.01,"okres Žilina",Brezany,Brezany
Ju120_vTrodT,land,NULL,254.83,"okres Žilina",Hôrky,Hôrky
Juf2tcjNcp8,land,NULL,98.00,"okres Liptovský Mikuláš",Gôtovany,Gôtovany
Juvljk31CAz,land,NULL,86.76,"okres Dolný Kubín",Žaškov,Žaškov
JuzXf_udfUb,land,NULL,77.00,"okres Bytča",Bytča,Pšurnovice
JuTnhisKw2A,land,NULL,26.00,"okres Čadca",Makov,Makov
JuOs44Ibx4E,land,NULL,102.79,"okres Martin","Kláštor pod Znievom","Kláštor pod Znievom"
JuArm-RO0qx,land,NULL,100.00,"okres Liptovský Mikuláš","Liptovský Mikuláš","Liptovská Ondrašová"
JuNwfzXAT-U,land,NULL,88.24,"okres Martin",Príbovce,Príbovce
JuI1xGqBjgz,land,NULL,104.90,"okres Martin",Turany,Turany
Jue9eL-lcIx,land,NULL,116.64,"okres Čadca",Raková,Raková
JuaLB21Fxl_,land,NULL,NULL,"okres Liptovský Mikuláš","Liptovský Mikuláš","Vrbica - Nábrežie"
Ju2-GQn0P3G,land,NULL,76.56,"okres Martin",Martin,Priekopa
JuIBgVzzEhH,land,unrenovated,51.72,"okres Čadca",Raková,Raková
JuCe3m72ocp,land,NULL,89.00,"okres Martin","Turčianska Štiavnička","Turčianska Štiavnička"
Julifs4IZ1R,land,unrenovated,250.00,"okres Martin",Martin,Stráne
JuIesZUseBj,land,NULL,100.00,"okres Žilina",Zbyňov,Zbyňov
JuPr2yDWLko,land,NULL,363.76,"okres Žilina","Teplička nad Váhom","Teplička nad Váhom"
JuX4O4UZ7BH_,land,"partially renovated",NULL,"okres Ružomberok",Ivachnová,Ivachnová
JutBiDVPJVF,land,NULL,159.95,"okres Žilina",Višňové,Višňové
Juo5DPi-NX1,land,NULL,100.00,"okres Ružomberok","Liptovské Sliače","Liptovské Sliače"
Juvu6M7-uvD,land,NULL,140.00,"okres Žilina",Žilina,Budatín
JuePvBO4qUqh,land,unrenovated,55.01,"okres Žilina",Žilina,Brodno
JuPJNYaejL9,land,NULL,120.00,"okres Čadca",Čadca,"U Hluška"
JuqAOfMLMS5,land,NULL,9876.00,"okres Ružomberok",Likavka,Likavka
JusxvqCVQpI,land,NULL,23.67,"okres Bytča","Hlboké nad Váhom","Hlboké nad Váhom"
JuvLnr4RMW3,land,NULL,140.00,"okres Martin",Sučany,Sučany
JuoQejBMBhm,land,NULL,NULL,"okres Martin",Martin,Priekopa
JuOx6alhDY_,land,"partially renovated",44.93,"okres Bytča",Štiavnik,Štiavnik
JuIwevgorag,land,NULL,120.00,"okres Martin",Sučany,Sučany
JuTkoqi-k1y,land,NULL,100.00,"okres Ružomberok","Liptovské Sliače","Liptovské Sliače"
JuJ_jH0Ka-F,land,NULL,41.42,"okres Turčianske Teplice",Dubové,Dubové
JuiAYjSrynL,land,"new construction",160.00,"okres Žilina",Terchová,Terchová
JuQX408bw8H,land,unrenovated,67.18,"okres Dolný Kubín",Žaškov,Žaškov
Ju3teAVBtOxF,land,NULL,NULL,"okres Liptovský Mikuláš",Beňadiková,Beňadiková
JurgCKxDYu4,land,unrenovated,NULL,"okres Žilina",Svederník,Svederník
JufImX742Ut,land,unrenovated,184.31,"okres Liptovský Mikuláš","Liptovský Mikuláš",Podbreziny
JuLYYDsAsCoc,land,unrenovated,70.00,"okres Námestovo","Oravská Jasenica","Oravská Jasenica"
JuCdelRdGA1,land,NULL,148.00,"okres Martin",Vrútky,"Karvaša a Bláhovca"
Ju6jOmyHOzk,land,NULL,165.00,"okres Žilina",Krasňany,Krasňany
JuLQGD34QeZ,land,NULL,NULL,"okres Žilina",Ovčiarsko,Ovčiarsko
JuJ9RlquSBH,land,NULL,100.00,"okres Dolný Kubín","Dolný Kubín",Mokraď
JuiHO4ziDsX,land,NULL,222.00,"okres Liptovský Mikuláš","Liptovský Mikuláš",Podbreziny
JuWsp-GzHhf,land,NULL,80.56,"okres Liptovský Mikuláš",Vlachy,Vlachy
JunNzT26gJt,land,NULL,135.53,"okres Žilina",Kunerad,Kunerad
JuqRYP4Ii_m,land,NULL,95.24,"okres Martin",Necpaly,Necpaly
JureB0xysPE,land,NULL,NULL,"okres Martin",Necpaly,Necpaly
JueabChri5n,land,NULL,100.00,"okres Žilina","Kotrčiná Lúčka","Kotrčiná Lúčka"
JuO_g9A6a9wi,land,NULL,NULL,"okres Martin",Záborie,Záborie
Ju4ExXlTo3S,land,NULL,50.00,"okres Martin",Necpaly,Necpaly
Ju5eolzpNXf,land,NULL,33.00,"okres Bytča","Hlboké nad Váhom","Hlboké nad Váhom"
Juovk415JFh,land,NULL,NULL,"okres Žilina",Žilina,Rosinky
Ju6amfxFDHs,land,"partially renovated",25.44,"okres Bytča","Hlboké nad Váhom","Hlboké nad Váhom"
JuPvieB5wD8,land,NULL,105.00,"okres Žilina",Mojš,Mojš
JuE953fYUaJ,land,NULL,0.07,"okres Martin",Lipovec,Lipovec
JuUwHBfeaJH,land,NULL,65.00,"okres Kysucké Nové Mesto","Horný Vadičov","Horný Vadičov"
JulnuV6b4dq,land,NULL,103.00,"okres Martin",Dražkovce,Dražkovce
Julb8CQS_U3,land,NULL,60.88,"okres Turčianske Teplice",Sklené,Sklené
JuSuQFG8xu1,land,unrenovated,21.97,"okres Čadca",Makov,Makov
JuwNYa-6iOH,land,NULL,NULL,"okres Žilina",Bitarová,Bitarová
JuUlwzFbYFD,land,NULL,35.00,"okres Dolný Kubín",Kraľovany,Kraľovany
JuJOjhQbYoo,land,NULL,71.00,"okres Turčianske Teplice","Turčianske Teplice","Turčiansky Michal"
JuRzGNU0BD2,land,unrenovated,NULL,"okres Turčianske Teplice","Turčianske Teplice",Stred
Juk20aBZ0Ls,land,NULL,55.00,"okres Čadca",Raková,Raková
Ju00kypR_p_,land,NULL,61.10,"okres Žilina",Rajec,Rajec
JuEWO1OepoK,land,unrenovated,85.00,"okres Martin","Kláštor pod Znievom","Kláštor pod Znievom"
JutWL9k4SH-,land,NULL,149.11,"okres Dolný Kubín","Dolný Kubín","Malý Bysterec"
JuwL0eI__3n8,land,NULL,115.62,"okres Kysucké Nové Mesto",Rudina,Rudina
Ju7PRPwxRRPQ,land,NULL,125.24,"okres Žilina",Podhorie,Podhorie
Ju7VNOVgGEX,land,NULL,120.00,"okres Martin",Sučany,Sučany
JuzcT2nMl5E,land,NULL,38.08,"okres Kysucké Nové Mesto","Horný Vadičov","Horný Vadičov"
JutEPw1J-xD,land,NULL,83.00,"okres Žilina",Žilina,Zádubnie
JubLSsddj46,land,NULL,59.41,"okres Liptovský Mikuláš","Liptovský Mikuláš","Staré mesto"
JuMUzvKUv9i,land,NULL,65.00,"okres Martin",Martin,Záturčie
Ju2dDwgittj,land,NULL,92.54,"okres Žilina",Stránske,Stránske
JuYCEnwkjLX,land,NULL,NULL,"okres Bytča",Súľov-Hradná,Súľov-Hradná
JulcGjr0HkD,land,NULL,100.00,"okres Martin",Lipovec,Lipovec
JuVP0HZPxQP,land,NULL,85.63,"okres Čadca",Oščadnica,Oščadnica
JuDxiaz2nPZ,land,NULL,NULL,"okres Liptovský Mikuláš","Liptovská Anna","Liptovská Anna"
JuV3Yr0Tkt7,land,NULL,179.00,"okres Žilina",Terchová,Terchová
Ju3lYLQgij-,land,NULL,104.00,"okres Čadca",Čadca,Rieka
Ju7o2vN-Kj5,land,NULL,104.32,"okres Žilina",Žilina,Trnové
JuYtpUq3Ljt,land,NULL,92.82,"okres Martin",Necpaly,Necpaly
JuLF3n8V0u0,land,NULL,66.95,"okres Turčianske Teplice","Slovenské Pravno","Slovenské Pravno"
Jua-87P0brZ,land,NULL,NULL,"okres Liptovský Mikuláš","Liptovská Anna","Liptovská Anna"
Judikv0pXVX,land,NULL,133.33,"okres Kysucké Nové Mesto",Snežnica,Snežnica
JuQE6iaf57k,land,"new construction",94.88,"okres Žilina",Ovčiarsko,Ovčiarsko
JuZenYjsJ5j,land,unrenovated,82.01,"okres Žilina","Lietavská Svinná-Babkov","Lietavská Svinná-Babkov"
JunoJZqtPKv,land,NULL,63.29,"okres Bytča",Kotešová,Kotešová
JuFDHnuYFxT,land,NULL,NULL,"okres Martin",Martin,Sever
JuCZD2XgLKU,land,unrenovated,49.00,"okres Čadca","Krásno nad Kysucou",Kalinov
JuB4oTBd8tj,land,"new construction",NULL,"okres Žilina","Dolný Hričov","Dolný Hričov"
Ju6v5X2xr8N,land,NULL,85.00,"okres Žilina",Turie,Turie
JumpjkKxSdz,land,NULL,NULL,"okres Dolný Kubín",Zázrivá,Zázrivá
JuQ7vhVLfEg,land,NULL,85.00,"okres Námestovo",Námestovo,NULL
JuvOhFg_IIq,land,NULL,105.00,"okres Martin","Turčiansky Peter","Turčiansky Peter"
JubkW3740OB,land,NULL,112.33,"okres Bytča",Kotešová,Kotešová
Ju8TvPJCfAu,land,NULL,135.80,"okres Žilina",Terchová,Terchová
Jue0k_6k3BC,land,NULL,NULL,"okres Martin",Podhradie,Podhradie
Juy9B79A4J4,land,NULL,73.41,"okres Turčianske Teplice",Jazernica,Jazernica
Jufbp419kLn,land,NULL,220.64,"okres Liptovský Mikuláš","Uhorská Ves","Uhorská Ves"
JuoM1a2vfjr,land,unrenovated,82.00,"okres Čadca",Čadca,Kyčerka
JuCX6DjrhAx,land,NULL,99.00,"okres Liptovský Mikuláš",Kvačany,Kvačany
Ju3m-dUNJYI,land,NULL,15.17,"okres Liptovský Mikuláš","Liptovské Beharovce","Liptovské Beharovce"
JuaWAXYq8CN,land,NULL,30.00,"okres Kysucké Nové Mesto","Dolný Vadičov","Dolný Vadičov"
JuAOp73hEtJ,land,NULL,15.81,"okres Turčianske Teplice",Bodorová,Bodorová
Juml9ZbpWBM,land,unrenovated,169.07,"okres Žilina",Rosina,Rosina
JuoqzBB_9Ic,land,NULL,98.87,"okres Dolný Kubín",Párnica,Párnica
JuLeQIMuEoJ,land,NULL,61.99,"okres Turčianske Teplice",Mošovce,Mošovce
JuvLJIIUOfY,land,unrenovated,100.67,"okres Liptovský Mikuláš",Lazisko,Lazisko
Ju3PLVbW63-,land,NULL,85.00,"okres Dolný Kubín",Veličná,Veličná
Jup1kPgQpEa,land,NULL,NULL,"okres Žilina",Lietava,Lietava
JuVYqJ0JX1k,land,NULL,NULL,"okres Žilina",Žilina,Budatín
JuOOdwBZpnq,land,NULL,48.00,"okres Dolný Kubín",Pribiš,Pribiš
JuFHiiWQjoz,land,NULL,NULL,"okres Žilina","Veľká Čierna","Veľká Čierna"
JuxCQhpzaPp,land,NULL,NULL,"okres Martin",Trnovo,Trnovo
Ju2vqxn_y5h,land,unrenovated,49.90,"okres Čadca",Skalité,Skalité
JuVQc2LdTTG,land,NULL,95.02,"okres Martin",Sučany,Sučany
JuUUpLR6AWM,land,NULL,116.95,"okres Žilina","Dolná Tižina","Dolná Tižina"
Juod5b-P5x2,land,NULL,558.64,"okres Žilina",Žilina,Budatín
Julqx-OsWd4,land,NULL,23.67,"okres Bytča","Hlboké nad Váhom","Hlboké nad Váhom"
JuNDmq9QqWV,land,NULL,173.41,"okres Liptovský Mikuláš",Východná,Východná
JuAW0SJGZe9,land,"new construction",NULL,"okres Žilina","Kotrčiná Lúčka","Kotrčiná Lúčka"
JuL1tbUXhpj,land,NULL,28.12,"okres Kysucké Nové Mesto",Lodno,Lodno
Ju55_tGfxfr,land,NULL,150.00,"okres Liptovský Mikuláš","Liptovský Mikuláš",Stošice
Juv_OE5QhUq,land,NULL,196.72,"okres Žilina",Terchová,Terchová
Ju68Dykgvdc,land,"partially renovated",0.03,"okres Žilina","Dolná Tižina","Dolná Tižina"
Ju8oY2HaCv1,land,NULL,NULL,"okres Martin",Martin,Jahodníky
JuRanZisa5Z,land,unrenovated,NULL,"okres Žilina",Marčk,Marčk
Juz-5oPyoQW,land,"development project",NULL,"okres Žilina",Rosina,Rosina
Ju0UmYe9Px-,land,NULL,18.00,"okres Čadca",Staškov,Staškov
JuDwRiMatNB,land,NULL,120.00,"okres Martin",Sklabiňa,Sklabiňa
JugG3vyzxv0,land,NULL,24.03,"okres Martin","Turčianska Štiavnička","Turčianska Štiavnička"
Ju5LTX3e1H6,land,NULL,126.55,"okres Čadca",Oščadnica,Oščadnica
JuMxwj9KkkZ,land,"new construction",87.09,"okres Námestovo","Oravská Jasenica","Oravská Jasenica"
JuicyD7lpub,land,NULL,108.75,"okres Žilina",Žilina,Budatín
JubcbkupV-K,land,unrenovated,146.56,"okres Bytča",Bytča,"Bytča - sever"
Ju4Q_gSlKhh,land,NULL,85.00,"okres Žilina",Kľače,Kľače
JuQ9QuExnST,land,NULL,65.00,"okres Martin",Martin,Záturčie
JuSwT_XLgPV,land,NULL,11.00,"okres Ružomberok",Ružomberok,"Revúcka dolina"
JuD1-Yw-h6R,land,NULL,163.45,"okres Žilina","Dolná Tižina","Dolná Tižina"
JuDFS7ZcUKC,land,NULL,29.00,"okres Čadca",Makov,Makov
JugiMieeEs_,land,unrenovated,103.59,"okres Martin",Vrútky,"Dolné Vrútky"
JunYVarhNpk,land,NULL,50.00,"okres Žilina","Dolný Hričov","Dolný Hričov"
JuOBPA2nCGL,land,NULL,45.00,"okres Žilina","Teplička nad Váhom","Teplička nad Váhom"
JuwNxJhCDfg,land,NULL,134.82,"okres Bytča",Bytča,"Hliník nad Váhom"
JuvQg4wxWiM,land,NULL,NULL,"okres Žilina",Bitarová,Bitarová
JuVBbGfUDf1,land,NULL,98.97,"okres Ružomberok",Ivachnová,Ivachnová
JuOwj2nckB1,land,NULL,183.67,"okres Žilina",Rosina,Rosina
JulYy4ldFQa1,land,unrenovated,130.00,"okres Žilina",Bitarová,Bitarová
JuflONHQOiV,land,NULL,NULL,"okres Dolný Kubín","Vyšný Kubín","Vyšný Kubín"
JuvkGcZpCKL,land,NULL,NULL,"okres Námestovo","Oravská Lesná","Oravská Lesná"
JutxQo51THJ,land,NULL,60.00,"okres Čadca",Raková,Raková
JuY_kixqoQW,land,NULL,90.00,"okres Liptovský Mikuláš",Kvačany,Kvačany
JuafO7D1C5y,land,NULL,119.00,"okres Liptovský Mikuláš",Jamník,Jamník
JuojulIxoMm,land,unrenovated,NULL,"okres Liptovský Mikuláš",Pribylina,Pribylina
Juk7ESYVk3r,land,NULL,37.25,"okres Námestovo",Vasiľov,Vasiľov
JuDPVSkdjbb,land,unrenovated,123.07,"okres Bytča",Kotešová,Kotešová
JuSMDjKsDMw,land,NULL,37.87,"okres Bytča","Veľké Rovné","Veľké Rovné"
JuK4j_sbxpH,land,NULL,70.04,"okres Žilina",Kľače,Kľače
JuDu2MlXcTn,land,unrenovated,NULL,"okres Martin",Ratkovo,Ratkovo
JuvZDfX9h0j,land,NULL,82.00,"okres Čadca",Staškov,Staškov
JufxtZp_N5P,land,NULL,112.71,"okres Liptovský Mikuláš","Závažná Poruba","Závažná Poruba"
JuB8mFJnVT3,land,NULL,120.16,"okres Martin",Príbovce,Príbovce
JuNyZWoxw0A,land,NULL,106.27,"okres Martin","Turčiansky Peter","Turčiansky Peter"
Juu-qpDOYIv,land,NULL,135.00,"okres Žilina",Mojš,Mojš
JuOPdmvhEwO,land,NULL,108.48,"okres Martin",Necpaly,Necpaly
JuJ2_wybbaK,land,NULL,100.00,"okres Žilina",Žilina,"Žilinská Lehota"
JueBhRnur92,land,unrenovated,49.86,"okres Čadca",Čadca,Podzávoz
JuvVzNYO2xk,land,unrenovated,NULL,"okres Liptovský Mikuláš","Liptovské Kľačany","Liptovské Kľačany"
Ju_fVXnqYH3,land,NULL,38.17,"okres Čadca","Dlhá nad Kysucou","Dlhá nad Kysucou"
Ju-SZF8QBN4,land,NULL,56.10,"okres Čadca",Oščadnica,Oščadnica
JufBtLiGIPk,land,NULL,65.00,"okres Kysucké Nové Mesto",Rudinská,Rudinská
JudMigoHhfK,land,"partially renovated",90.00,"okres Liptovský Mikuláš","Liptovská Sielnica","Liptovská Sielnica"
JuWPMQs-4VM,land,NULL,163.01,"okres Martin",Lipovec,Lipovec
JuR6b65HC4k,land,unrenovated,79.00,"okres Čadca",Skalité,Skalité
JuzOGUk6m--,land,NULL,10.09,"okres Martin",Šútovo,Šútovo
JuGRHQWEm6t,land,NULL,259.56,"okres Žilina",Divina,Divina
JuxeTnNf4SA,land,unrenovated,50.00,"okres Žilina",Žilina,Strážov
JuvbiaDUOpH,land,"new construction",NULL,"okres Žilina",Žilina,Budatín
JusTHrdS9S-,land,NULL,33.08,"okres Čadca",Korňa,Korňa
JuZHBvu_y5k,land,NULL,120.00,"okres Žilina","Lietavská Lúčka","Lietavská Lúčka"
JuFCukJYH3o,land,NULL,47.00,"okres Dolný Kubín","Dolný Kubín",Záskalie
JufaT9ciPca,land,unrenovated,NULL,"okres Liptovský Mikuláš",Ľubeľa,Ľubeľa
JupbvvbWZFWc,land,NULL,NULL,"okres Martin",Martin,Sever
JugYDWGaYrW,land,"new construction",94.72,"okres Žilina","Dolný Hričov","Dolný Hričov"
JuTbm-HYgXk,land,NULL,125.87,"okres Čadca",Čadca,NULL
JujaAjDinmCV,land,NULL,NULL,"okres Liptovský Mikuláš",Ižipovce,Ižipovce
JuwpErO1oQo,land,NULL,187.05,"okres Martin",Vrútky,"Karvaša a Bláhovca"
JuXyzVvMfD0,land,NULL,47.00,"okres Dolný Kubín","Dolný Kubín","Veľký Bysterec"
Jur2dnOd-h4,land,NULL,25.00,"okres Čadca",Čadca,Rieka
JuL88g5odPF,land,unrenovated,99.00,"okres Čadca",Čadca,Rieka
Ju9K2ce3tAr,land,NULL,108.83,"okres Dolný Kubín",Osádka,Osádka
Ju-NDMj5LtQ,land,NULL,NULL,"okres Ružomberok",Štiavnička,Štiavnička
JuUM9axhhyU,land,NULL,77.58,"okres Žilina","Lietavská Svinná-Babkov","Lietavská Svinná-Babkov"
JuAZ6fgfjuZ,land,NULL,54.00,"okres Čadca",Čierne,Čierne
JucTCCPlXaR,land,NULL,60.00,"okres Martin",Martin,NULL
JuhoPxrS652,land,unrenovated,0.00,"okres Ružomberok",Hubová,Hubová
Juvwo3yus2z,land,"new construction",125.54,"okres Žilina",Bitarová,Bitarová
Ju-MIVcElKG,land,NULL,270.00,"okres Žilina",Žilina,Budatín
Ju_1W8VjrZV,land,NULL,125.54,"okres Žilina",Bitarová,Bitarová
Ju4W-q9O29Z,land,NULL,75.00,"okres Bytča",Predmier,Predmier
Juw8Xkyweh9,land,unrenovated,NULL,"okres Žilina",Rosina,Rosina
JuQ6qmIjohw,land,NULL,154.75,"okres Námestovo",Námestovo,Čerchle
JuN4Ko5MTcJ,land,unrenovated,159.43,"okres Liptovský Mikuláš","Liptovský Mikuláš",Podbreziny
JusslN-MwRD,land,unrenovated,48.03,"okres Čadca",Makov,Makov
JupMjKkwPeV,land,NULL,69.00,"okres Liptovský Mikuláš",Kvačany,Kvačany
JutcLxhDE3o,land,NULL,61.41,"okres Žilina",Kunerad,Kunerad
JukIBS7GOVs,land,NULL,66.00,"okres Martin",Martin,Priekopa
JuAgx4tBYzv,land,unrenovated,27.00,"okres Čadca",Staškov,Staškov
JuDHH4NlCyqo,land,unrenovated,112.68,"okres Liptovský Mikuláš","Svätý Kríž","Svätý Kríž"
Jujch7drC6q,land,NULL,125.00,"okres Liptovský Mikuláš","Liptovský Ján","Liptovský Ján"
JusCy__yyRZ,land,NULL,83.00,"okres Turčianske Teplice",Mošovce,Mošovce
JuW8aAxjxNx,land,NULL,18.70,"okres Liptovský Mikuláš",Prosiek,Prosiek
JutdkjPNxRS,land,NULL,253.62,"okres Žilina",Rosina,Rosina
JuW_12z2Y4f,land,NULL,60.02,"okres Martin",Belá-Dulice,Belá-Dulice
Ju4g9YHwdlx,land,NULL,80.00,"okres Žilina",Zbyňov,Zbyňov
Ju4ms2VGYuHG,land,"new construction",65.00,"okres Žilina",Terchová,Terchová
JuEpEk6fWjH,land,"new construction",87.09,"okres Žilina","Dolný Hričov","Dolný Hričov"
JuxTRMglx-W,land,NULL,26.00,"okres Čadca",Raková,Raková
JuvJszhFBaP,land,NULL,45.19,"okres Turčianske Teplice",Mošovce,Mošovce
JuixgWiuI-g,land,NULL,28.00,"okres Martin",Príbovce,Príbovce
Judc1EdBcup,land,NULL,NULL,"okres Turčianske Teplice",Kaľamenová,Kaľamenová
JudYr0kY49Z,land,NULL,117.24,"okres Martin",Blatnica,Blatnica
JuPbTvxxFti,land,NULL,164.15,"okres Žilina",Krasňany,Krasňany
JutjlsqdjlN,land,NULL,0.00,"okres Martin",Diaková,Diaková
Ju3PrO2eSPN,land,NULL,40.00,"okres Čadca",Korňa,Korňa
Ju2NQev2SId,land,NULL,8.00,"okres Liptovský Mikuláš",Jakubovany,Jakubovany
JuxYYBPBmey,land,NULL,50.19,"okres Martin",Vrícko,Vrícko
JutnFvbh17V,land,NULL,160.00,"okres Liptovský Mikuláš","Liptovský Peter","Liptovský Peter"
JutbpFV_5ly,land,unrenovated,100.00,"okres Martin",Lipovec,Lipovec
JuscZOsY1gt,land,unrenovated,55.56,"okres Čadca",Staškov,Staškov
JuDU5D47va2,land,NULL,28.77,"okres Ružomberok",Komjatná,Komjatná
JuXhVixLVGG,land,NULL,241.80,"okres Žilina","Lietavská Svinná-Babkov","Lietavská Svinná-Babkov"
JuLRr4cyAPf,land,unrenovated,54.95,"okres Námestovo","Oravská Lesná","Oravská Lesná"
Ju9cyC56Bl4,land,unrenovated,79.00,"okres Kysucké Nové Mesto","Kysucké Nové Mesto",Suľkov
Ju7pU7Ouw32,land,unrenovated,25.06,"okres Čadca",Korňa,Korňa
Ju9SYtrH9Xk,land,NULL,49.02,"okres Turčianske Teplice","Horná Štubňa","Horná Štubňa"
Ju9A78TekYt,land,NULL,61.82,"okres Bytča","Veľké Rovné","Veľké Rovné"
JuMK_ZB-5jG,land,NULL,100.00,"okres Martin",Valča,Valča
Jutfm6VQ_-o,land,"development project",NULL,"okres Žilina",Rosina,Rosina
JuZeBBGEyyq,land,NULL,NULL,"okres Martin",Vrútky,"Karvaša a Bláhovca"
JuYoMQAxiBt,land,NULL,516.05,"okres Žilina","Kamenná Poruba","Kamenná Poruba"
JuzTBHETb5G,land,NULL,42.67,"okres Bytča",Kolárovice,Kolárovice
Ju_Srz9D_6-,land,NULL,70.39,"okres Turčianske Teplice",Čremošné,Čremošné
Ju7lkcp0j1X,land,NULL,123.00,"okres Ružomberok","Liptovské Sliače","Liptovské Sliače"
JuxrV_XvqkB,land,NULL,60.19,"okres Žilina",Ovčiarsko,Ovčiarsko
JuP8rlC8Xco,land,NULL,430.33,"okres Žilina",Žilina,Trnové
Ju9EWCUTpfs,land,NULL,67.00,"okres Liptovský Mikuláš","Uhorská Ves","Uhorská Ves"
JuEl_5mhIIG,land,NULL,NULL,"okres Liptovský Mikuláš","Svätý Kríž","Svätý Kríž"
JuYP7ILQfhI,land,NULL,45.89,"okres Žilina",Varín,Varín
JuGjSvB2SWb,land,NULL,196.00,"okres Žilina",Višňové,Višňové
JufDqWof_NN,land,unrenovated,22.50,"okres Čadca",Olešná,Olešná
Juv3W5C4xtN_,land,NULL,100.00,"okres Ružomberok","Liptovské Sliače","Liptovské Sliače"
JuYP_MCF9yI,land,unrenovated,41.24,"okres Čadca","Nová Bystrica","Nová Bystrica"
Ju2u6VZSsgd,land,NULL,75.00,"okres Liptovský Mikuláš","Liptovský Trnovec","Liptovský Trnovec"
Juvdw9xd7yr,land,NULL,149.63,"okres Žilina",Varín,Varín
JufFFiGUtxN,land,NULL,164.84,"okres Liptovský Mikuláš","Liptovský Mikuláš",Vitálišovce
JuWpmO3Yrkb,land,NULL,148.00,"okres Martin",Sučany,Sučany
JuowzNUzni4,land,NULL,140.22,"okres Dolný Kubín",Veličná,Veličná
JuIGtLwLscT,land,NULL,62.30,"okres Liptovský Mikuláš","Liptovský Mikuláš",Stošice
JuPzrcI9eBw,land,NULL,37.75,"okres Martin",Turany,Turany
Ju40F3aMhkE,land,NULL,120.00,"okres Ružomberok",Ružomberok,Baničné
Ju6ppfqXAjT,land,NULL,243.89,"okres Žilina","Rajecké Teplice","Rajecké Teplice"
Ju3Z449GlG4T,land,NULL,111.56,"okres Ružomberok","Liptovská Osada","Liptovská Osada"
JurmiShq5P1,land,NULL,28.00,"okres Liptovský Mikuláš","Pavlova Ves","Pavlova Ves"
Ju4gSJihj6x,land,NULL,199.00,"okres Liptovský Mikuláš","Liptovská Kokava","Liptovská Kokava"
Ju059DbP17Y,land,unrenovated,55.00,"okres Čadca","Krásno nad Kysucou",Kalinov
Ju5Yf4qkhg3,land,NULL,115.00,"okres Martin",Martin,Jahodníky
Ju_yHqt6C9a,land,NULL,198.14,"okres Liptovský Mikuláš","Liptovský Mikuláš",Podbreziny
JuF30aynSVM,land,unrenovated,NULL,"okres Žilina","Dolný Hričov","Dolný Hričov"
JufsgjSWfFu,land,NULL,NULL,"okres Martin",Martin,Tomčany
Junb65_vEvr,land,unrenovated,53.27,"okres Žilina","Kotrčiná Lúčka","Kotrčiná Lúčka"
JupHBupprCN,land,NULL,30.27,"okres Bytča","Veľké Rovné","Veľké Rovné"
JuiwnKuifVR,land,NULL,50.00,"okres Žilina",Svederník,Svederník
JuoouzvegJf,land,NULL,158.31,"okres Žilina","Nezbudská Lúčka","Nezbudská Lúčka"
Ju8BkkuvGLX,land,NULL,392.55,"okres Žilina",Ovčiarsko,Ovčiarsko
Ju4xxL085OL,land,NULL,46.53,"okres Dolný Kubín",Zázrivá,Zázrivá
JuHjoC-ETw9,land,NULL,105.00,"okres Ružomberok",Likavka,Likavka
JucXLuegzy5,land,"partially renovated",61.42,"okres Bytča",Štiavnik,Štiavnik
JuaD2PNZ2ay,land,unrenovated,24.00,"okres Čadca",Korňa,Korňa
JujKWinPkki,land,NULL,102.09,"okres Čadca",Oščadnica,Oščadnica
JueoLey_u82,land,NULL,160.00,"okres Liptovský Mikuláš","Liptovský Trnovec","Liptovský Trnovec"
Ju_mTTZVoJx,land,NULL,98.28,"okres Žilina","Kotrčiná Lúčka","Kotrčiná Lúčka"
JuRt0myx8AI,land,unrenovated,99.90,"okres Čadca",Raková,Raková
JuxqXS7gyRr,land,"new construction",86.24,"okres Žilina","Dolný Hričov","Dolný Hričov"
Juht1btctzZ,land,NULL,86.99,"okres Čadca",Turzovka,Predmier
JuJf2fmgFtM,land,NULL,62.42,"okres Martin",Valča,Valča
JuVqVOpkjj1,land,NULL,65.00,"okres Martin",Martin,Záturčie
JuUl164inch,land,unrenovated,126.96,"okres Liptovský Mikuláš",Ižipovce,Ižipovce
JuYIPkTCQff,land,NULL,125.00,"okres Žilina",Žilina,Bôrik
JuBBCee0nxo,land,NULL,26.00,"okres Čadca",Raková,Raková
JuuuoTcUpiv,land,NULL,128.12,"okres Liptovský Mikuláš",Malatíny,Malatíny
JuYADQBEJQK,land,unrenovated,NULL,"okres Žilina",Strečno,Strečno
Ju0fo_oieoh,land,unrenovated,24.91,"okres Čadca",Korňa,Korňa
JuPHlOJ8jWO,land,NULL,NULL,"okres Dolný Kubín",Veličná,Veličná
JudmThIv8pi,land,NULL,169.35,"okres Žilina",Zbyňov,Zbyňov
JuWbfEDE4eQ,land,NULL,91.66,"okres Martin",Martin,Podháj
JuSx0xp8txp,land,NULL,47.89,"okres Martin","Turčianske Kľačany","Turčianske Kľačany"
JuUy9icWXXx,land,unrenovated,60.77,"okres Liptovský Mikuláš",Gôtovany,Gôtovany
Ju7Ywnw6_Bk,land,NULL,65.00,"okres Žilina",Zbyňov,Zbyňov
JurPtkmJGHM,land,NULL,430.33,"okres Žilina",Žilina,Trnové
JutIg8nIDtY,land,NULL,81.46,"okres Martin","Kláštor pod Znievom","Kláštor pod Znievom"
JuCc2IAocam,land,NULL,123.00,"okres Liptovský Mikuláš",Podtureň,Podtureň
Ju7iSwFbAaJ,land,NULL,38.79,"okres Žilina",Lietava,Lietava
JuUJvcqmSGz,land,NULL,88.24,"okres Martin",Príbovce,Príbovce
JuHRIMSYVCE4,land,NULL,25.00,"okres Turčianske Teplice",Brieštie,Brieštie
Ju93D7kxk57,land,NULL,122.00,"okres Čadca",Turzovka,Stred
JurcJ2k2neE,land,NULL,69.86,"okres Bytča",Súľov-Hradná,Súľov-Hradná
JuiSfM5MiE3,land,NULL,NULL,"okres Martin",Martin,Priekopa
JutLp8axckym,land,NULL,8.00,"okres Čadca",Oščadnica,Oščadnica
JuCYY9E7vm0,land,NULL,100.00,"okres Námestovo","Oravské Veselé","Oravské Veselé"
Jur4zTPDBjU,land,NULL,105.00,"okres Žilina",Stráňavy,Stráňavy
JuKoA0CHMAn,land,unrenovated,NULL,"okres Žilina",Turie,Turie
JuHjqfxC4fX,land,NULL,88.00,"okres Žilina",Bitarová,Bitarová
Ju0N6saLXmx,land,NULL,34.85,"okres Bytča",Petrovice,Petrovice
Ju8TQv-MjJF,land,NULL,0.00,"okres Martin",Martin,Stráne
JuaSPQ-WWc2,land,NULL,35.48,"okres Turčianske Teplice","Malý Čepčín","Malý Čepčín"
Ju48Cz332dR,land,NULL,139.90,"okres Bytča",Bytča,"Bytča - sever"
JuzjY-k3id9,land,NULL,73.00,"okres Žilina",Turie,Turie
Ju7IL3wpb9W,land,"new construction",60.19,"okres Čadca",Raková,Raková
Ju5vA5Uv4Dw,land,NULL,254.36,"okres Žilina",Rosina,Rosina
JuKY6m4zwWy,land,NULL,267.18,"okres Žilina","Teplička nad Váhom","Teplička nad Váhom"
Jul0O76BpGg,land,NULL,201.95,"okres Martin",Martin,Stráne
Ju5YLNtCIvp,land,NULL,26.92,"okres Turčianske Teplice","Horná Štubňa","Horná Štubňa"
JuGs0JNeT94,land,NULL,100.00,"okres Liptovský Mikuláš","Liptovská Anna","Liptovská Anna"
JuJBQYv5uVc,land,NULL,85.00,"okres Martin",Martin,Záturčie
Ju0Lru91bls8,land,NULL,50.00,"okres Martin","Turčianske Jaseno","Turčianske Jaseno"
JuJNd1CrfWJ,land,NULL,NULL,"okres Kysucké Nové Mesto",Radoľa,Radoľa
Ju3X3Wu7oZN,land,unrenovated,NULL,"okres Dolný Kubín",Veličná,Veličná
JufStanr4w4,land,unrenovated,123.00,"okres Liptovský Mikuláš",Podtureň,Podtureň
JuWr2D7Iu3W,land,NULL,109.84,"okres Námestovo",Zákamenné,Zákamenné
JujdKV83oGm,land,NULL,75.00,"okres Žilina","Dolný Hričov","Dolný Hričov"
JuTNX1DN12b,land,unrenovated,50.00,"okres Žilina",Kľače,Kľače
JuEGNHbH38e,land,NULL,120.90,"okres Žilina",Žilina,Budatín
JuUul__8DQL,land,NULL,68.00,"okres Martin",Laskár,Laskár
Ju21Xr2V_AF,land,"new construction",77.87,"okres Žilina",Žilina,Trnové
JuWW4q9AnNy,land,NULL,187.06,"okres Liptovský Mikuláš","Liptovský Mikuláš",Vitálišovce
JuUxR9kCtc9,land,NULL,38.00,"okres Dolný Kubín","Horná Lehota","Horná Lehota"
JuzEmUFhicY,land,"partially renovated",NULL,"okres Martin",Martin,"Kolónia Hviezda"
JucgwdqxbsLG,land,NULL,20.13,"okres Žilina",Žilina,Strážov
Juo_OtW5DNn,land,NULL,95.00,"okres Žilina",Turie,Turie
JuIxEHS21qj,land,NULL,89.23,"okres Ružomberok","Liptovský Michal","Liptovský Michal"
JudwIpu1_KR,land,NULL,80.00,"okres Martin","Turčiansky Ďur","Turčiansky Ďur"
JutZ9u4w49X,land,NULL,0.05,"okres Námestovo","Oravské Veselé","Oravské Veselé"
Ju3gbFnsxzj,land,NULL,105.00,"okres Žilina",Divina,Divina
Ju-AMIyF1en,land,NULL,163.64,"okres Bytča",Jablonové,Jablonové
Juilp9keLdt,land,NULL,35.85,"okres Kysucké Nové Mesto","Lopušné Pažite","Lopušné Pažite"
Ju5EqGDbrv9,land,NULL,38.20,"okres Čadca",Podvysoká,Podvysoká
JuVnYv0MGhb,land,NULL,49.00,"okres Kysucké Nové Mesto","Horný Vadičov","Horný Vadičov"
Ju0A5SWcXU0,land,NULL,147.76,"okres Liptovský Mikuláš","Vyšná Boca","Vyšná Boca"
JunK6YyRJzr,land,NULL,NULL,"okres Liptovský Mikuláš","Svätý Kríž","Svätý Kríž"
Jus2h_zTLaE,land,NULL,44.22,"okres Liptovský Mikuláš","Svätý Kríž","Svätý Kríž"
JuRDGTVaaYE,land,NULL,147.12,"okres Liptovský Mikuláš",Jamník,Jamník
JuaAqZtT-Nl,land,NULL,113.00,"okres Martin",Vrútky,"Dolné Vrútky"
JuIZ-_6smXF,land,unrenovated,99.00,"okres Čadca",Makov,Makov
Juuidu63ceb,land,NULL,174.46,"okres Žilina",Hôrky,Hôrky
Ju8fJuQfeqw,land,NULL,100.00,"okres Martin","Dolný Kalník","Dolný Kalník"
JugKtMa2KWc,land,NULL,60.81,"okres Žilina",Zbyňov,Zbyňov
JunMP_jTjvX,land,NULL,89.21,"okres Kysucké Nové Mesto",Rudina,Rudina
JuMkkypcseP,land,NULL,117.65,"okres Kysucké Nové Mesto","Kysucké Nové Mesto",Suľkov
JuyZQBxrqQr,land,NULL,120.00,"okres Kysucké Nové Mesto",Snežnica,Snežnica
JuhqDcjNAJB,land,NULL,64.77,"okres Dolný Kubín",Žaškov,Žaškov
JuD52DaFWEx,land,NULL,115.00,"okres Liptovský Mikuláš",Jamník,Jamník
JuwmLXW6GAr,land,"partially renovated",NULL,"okres Liptovský Mikuláš","Liptovské Beharovce","Liptovské Beharovce"
JunZs7mX2Hr,land,NULL,51.81,"okres Liptovský Mikuláš","Partizánska Ľupča","Partizánska Ľupča"
Jur0-m7ixLR,land,NULL,NULL,"okres Žilina",Divina,Divina
JuIrw7O-EJl,land,NULL,90.00,"okres Liptovský Mikuláš",Malatíny,Malatíny
Ju4f4j-Yy0S,land,NULL,200.00,"okres Žilina",Žilina,Trnové
JuFl-uxAAfA,land,NULL,500.00,"okres Žilina",Žilina,Bôrik
JujQDiA2uup,land,unrenovated,38.24,"okres Čadca",Čadca,Podzávoz
JuaG4dc-Ff7B,land,NULL,205.00,"okres Žilina",Hôrky,Hôrky
Ju8Esr41W6Y,land,NULL,NULL,"okres Čadca",Oščadnica,Oščadnica
Jud5jOQlY3b,land,NULL,42.80,"okres Dolný Kubín",Pucov,Pucov
JuY7QZv_rvd,land,"partially renovated",159.79,"okres Liptovský Mikuláš","Liptovský Trnovec","Liptovský Trnovec"
JuS4rgPD6x3,land,NULL,20.00,"okres Kysucké Nové Mesto",Nesluša,Nesluša
JufNsLwTyrG,land,NULL,57.40,"okres Martin",Martin,Tomčany
JuCeJvEPD_0,land,NULL,361.50,"okres Žilina",Lietava,Lietava
JuDEvr7ONsp,land,"new construction",85.00,"okres Žilina","Dolný Hričov","Dolný Hričov"
JuGICOuIWEi,land,NULL,50.44,"okres Námestovo",Krušetnica,Krušetnica
JuZOnWEYPFE,land,NULL,NULL,"okres Dolný Kubín",Párnica,Párnica
Juq3D1w-q7E,land,NULL,60.00,"okres Martin",Belá-Dulice,Belá-Dulice
Juye6i7s5GK,land,"new construction",135.24,"okres Čadca",Oščadnica,Oščadnica
Ju_fnU9p20E,land,NULL,22.35,"okres Žilina",Ovčiarsko,Ovčiarsko
JuWJNL9j7v1,land,NULL,104.32,"okres Liptovský Mikuláš",Trstené,Trstené
Ju0yrLUSkjq,land,NULL,140.24,"okres Žilina","Nezbudská Lúčka","Nezbudská Lúčka"
JubO9HcP4C7,land,NULL,123.00,"okres Liptovský Mikuláš",Podtureň,Podtureň
JuyY6pWleh8,land,NULL,124.25,"okres Martin","Košťany nad Turcom","Košťany nad Turcom"
Ju2nlxPJxWn,land,NULL,26.00,"okres Turčianske Teplice","Horná Štubňa","Horná Štubňa"
JuTLgLBu59j,land,NULL,79.00,"okres Čadca",Skalité,Skalité
JuzRwokuDbj,land,NULL,74.94,"okres Liptovský Mikuláš",Vlachy,Vlachy
JuWrE_LeVuk,land,NULL,NULL,"okres Martin",Záborie,Záborie
JumZm9PSyYH,land,NULL,87.30,"okres Bytča",Bytča,Pšurnovice
JuG7FW7c5Gb,land,NULL,208.33,"okres Martin",Vrútky,"Karvaša a Bláhovca"
JulIpxSm_gw,land,NULL,96.00,"okres Dolný Kubín","Vyšný Kubín","Vyšný Kubín"
Ju7tRkb4O1-,land,NULL,59.22,"okres Kysucké Nové Mesto",Povina,Povina
Ju9tw1vQmR0,land,NULL,10.09,"okres Martin",Šútovo,Šútovo
JuVPG71X4Wz,land,NULL,85.00,"okres Ružomberok",Ružomberok,Baničné
Ju3qLGqmZKr,land,NULL,61.42,"okres Žilina","Kamenná Poruba","Kamenná Poruba"
JuNiupBfJ_W,land,NULL,110.00,"okres Čadca",Oščadnica,Oščadnica
JulHoywVWzv,land,"new construction",146.55,"okres Žilina",Žilina,Trnové
Ju81LTbk2gV,land,NULL,381.82,"okres Bytča",Jablonové,Jablonové
JuSu12c9sEn,land,NULL,NULL,"okres Žilina",Kľače,Kľače
