offer_id,offer_type,property_type,location_district,location_city,location_area,agency,office_city
JuLecgRv95A,sale,"3-room apartment","okres Žilina",Žilina,Bôrik,"RES GROUP, s.r.o.",Žilina
JuzjcjA88fI,rent,"2-room apartment","okres Bytča",Bytča,"Veľká Bytča","Fortio Popper s.r.o.",Bytča
JuR9IQwr1DX,rent,"3-room apartment","okres Žilina",Žilina,Hliny,"MGM reality",Žilina
JueQeTeryjC,rent,"4-room apartment","okres Dolný Kubín","Dolný Kubín",Brezovec,NULL,NULL
JufbBHYx-coz,sale,"1-room apartment","okres Liptovský Mikuláš","Liptovský Mikuláš","Staré mesto","AstonReal s.r.o.","Banská Bystrica"
JusEglMU0v8,sale,"3-room apartment","okres Martin",Martin,Jahodníky,"HD reality group s.r.o","Banská Bystrica"
JuHU9WStTAs,sale,"3-room apartment","okres Martin",Necpaly,Necpaly,"B10 Slovensko, a. s.",Žilina
Ju-48631_aJ,sale,"3-room apartment","okres Dolný Kubín","Dolný Kubín","Veľký Bysterec","RK Dalmia s. r. o.","Dolný Kubín"
JujzGN4k6bn,rent,"2-room apartment","okres Martin",Martin,Sever,"Reality Alpia",Martin
JuyUZh4v08L,rent,"2-room apartment","okres Liptovský Mikuláš","Liptovský Mikuláš",Palúdzka,NULL,NULL
Ju9d7v-lee8,sale,"3-room apartment","okres Tvrdošín",Zuberec,Zuberec,"OREA, s.r.o.","Dolný Kubín"
JuvALHP6cN9,sale,"2-room apartment","okres Kysucké Nové Mesto","Kysucké Nové Mesto",Sídlisko,"Safe reality s. r. o.",Žilina
Ju8a3kcGYvG,rent,"2-room apartment","okres Dolný Kubín","Dolný Kubín",Brezovec,"FINREA - ak vám záleží na výsledku","Dolný Kubín"
Jue47kLBSm8,sale,"3-room apartment","okres Čadca",Čadca,Centrum,"Vianema s.r.o.",Bratislava
JucquL8E-bM,rent,"3-room apartment","okres Martin",Martin,Stred,NULL,NULL
Jui14FUG-ZO,sale,"3-room apartment","okres Turčianske Teplice",Rakša,Rakša,"TUreality s.r.o.",Žilina
JuTiIF5zkxo3,rent,"2-room apartment","okres Dolný Kubín","Dolný Kubín",Záskalie,"VAŠA REALITKA s.r.o.",Ružomberok
JuFpZug_t62,sale,"1-room apartment","okres Kysucké Nové Mesto","Kysucké Nové Mesto",Kamence,"TRI LIPY, s. r. o.",Čadca
JuUnWH-g8Yz,sale,"3-room apartment","okres Žilina",Žilina,"Staré mesto","Realitné kancelárie SR",Bratislava
JuUCL8fPL9h,rent,"studio apartment","okres Martin",Vrútky,"Horné Vrútky","FINREA - ak vám záleží na výsledku","Dolný Kubín"
JuV8a82JG_s,sale,"4-room apartment","okres Žilina",Žilina,"Staré mesto",NULL,NULL
JuvjDSTvTKy,sale,"2-room apartment","okres Bytča","Veľké Rovné","Veľké Rovné","GAMA Reality, s.r.o.",Bytča
Ju3gs_noUEz,rent,"2-room apartment","okres Čadca","Krásno nad Kysucou",Kalinov,NULL,NULL
JuXcyij9eMf_,sale,"3-room apartment","okres Žilina",Žilina,"Staré mesto","Financial Hotels Management, s.r.o.",Žilina
JufYiP4E7Es,sale,"3-room apartment","okres Žilina",Žilina,Hliny,"ROMDOM, s. r. o",Žilina
JuKkjtqN4VW,sale,"2-room apartment","okres Martin",Martin,Stred,"RE/MAX Slovakia",Bratislava
JuH-SEIASle,sale,"3-room apartment","okres Ružomberok",Ružomberok,Roveň,"ODEKO manažment s.r.o.",Žilina
Ju_IBACCGzT,rent,"2-room apartment","okres Kysucké Nové Mesto","Kysucké Nové Mesto",Sídlisko,"Vianema s.r.o.",Bratislava
Ju_7fjs1rDI,sale,"2-room apartment","okres Liptovský Mikuláš","Liptovský Mikuláš","Liptovská Mara - Tatralandia","RK SPIRIT s.r.o.","Liptovský Mikuláš"
JuO3IQpQk2Q,sale,"2-room apartment","okres Čadca",Makov,Makov,"SLNOVRAT, s.r.o.",Olešná
JukCOBdi-HG,sale,"3-room apartment","okres Žilina",Žilina,Vlčince,"RIEŠIME BÝVANIE",Bratislava
JuatrleUyRX,rent,"3-room apartment","okres Liptovský Mikuláš","Liptovský Mikuláš",Podbreziny,"AstonReal s.r.o.","Banská Bystrica"
JuqBZCEixbC,rent,"2-room apartment","okres Žilina",Žilina,Hliny,"Reality Alpia",Martin
JuCuiefKh4P,sale,"4-room apartment","okres Martin",Martin,Priekopa,Reality+,Žilina
JucFUY5N5xW,sale,"3-room apartment","okres Martin",Martin,Priekopa,"TARGETreal s. r. o.",Žilina
JuSPwAqNDjb,sale,"2-room apartment","okres Ružomberok",Ružomberok,Hrabovo,"OREA, s.r.o.","Dolný Kubín"
JujrtOK9Ltj,sale,"3-room apartment","okres Žilina",Žilina,"Staré mesto","Safe reality s. r. o.",Žilina
Ju2TzdFfXkg,sale,"2-room apartment","okres Žilina",Žilina,"Staré mesto","Renovo Reality",Žilina
JuVO5WLrTZ3,sale,"2-room apartment","okres Kysucké Nové Mesto","Kysucké Nové Mesto",Sídlisko,"Safe reality s. r. o.",Žilina
JuC08OMa82u,sale,"4-room apartment","okres Žilina",Žilina,Hájik,"RIEŠIME BÝVANIE",Bratislava
Jupw1bQT1Jh,sale,"3-room apartment","okres Žilina",Žilina,Vlčince,"Reinoo a.s.",Žilina
JuFqSi2fYOk,sale,"2-room apartment","okres Kysucké Nové Mesto","Kysucké Nové Mesto",Nábrežie,"HOLESTIAK.sk reality s.r.o.",Čadca
JunnFbGwfA5,rent,"2-room apartment","okres Žilina",Žilina,Vlčince,"Wealth Group, s.r.o.","Nová Dedinka"
JuFv7NTgqug,sale,"holiday apartment","okres Čadca",Makov,Makov,"Ing. Gerlinda Bérešová - Esti",Žilina
JuxZgQdKO7u,sale,"2-room apartment","okres Bytča",Bytča,"Veľká Bytča","PRIMA reality s.r.o.",Žilina
Ju0iFsZ1mnv,sale,"2-room apartment","okres Liptovský Mikuláš","Liptovský Mikuláš","Liptovská Ondrašová","Bosen Group s.r.o.",Bratislava
JuN4KXjUyk-,sale,"4-room apartment","okres Čadca",Čadca,Podzávoz,"JPE. Reality - Jozef Pajer",Čadca
JuWV1dgtiBd,sale,"holiday apartment","okres Liptovský Mikuláš","Liptovský Mikuláš",Demänová,"Reality Alpia",Martin
Judmv08qh2A,sale,"4-room apartment","okres Žilina",Žilina,"Staré mesto","RIEŠIME BÝVANIE",Bratislava
JugXYWqkt4N,rent,"1-room apartment","okres Martin",Vrútky,"Horné Vrútky","Reality ASTORIA, s.r.o.",Martin
JuqvNgpYqrd,rent,"1-room apartment","okres Dolný Kubín","Dolný Kubín",Mokraď,"OREA, s.r.o.","Dolný Kubín"
Ju_Lr-2Vc09,sale,"1-room apartment","okres Liptovský Mikuláš","Liptovský Hrádok",Dovalovo,"TUreality s.r.o.",Žilina
JubDtFpPZPz,sale,"holiday apartment","okres Turčianske Teplice","Turčianske Teplice",Stred,"Reality MT s.r.o.",Martin
Ju46Wlvz4BP,sale,"2-room apartment","okres Čadca",Čadca,Kyčerka,"Trioreality, s.r.o.",Čadca
Jus8fVVapj9,sale,"3-room apartment","okres Martin",Martin,Jahodníky,"CANGURU s.r.o.","Rajecké Teplice"
JurldwLKNhM,sale,"1-room apartment","okres Liptovský Mikuláš","Partizánska Ľupča","Partizánska Ľupča","A-Byt Consult, s.r.o.",Ružomberok
JulollxgJp5,sale,"2-room apartment","okres Martin",Martin,Jahodníky,"CANGURU s.r.o.","Rajecké Teplice"
JupBjnV0coU,sale,"3-room apartment","okres Čadca",Raková,Raková,"1. Reality Rent, s.r.o.",Žilina
JuqAM-ZO9ir,sale,"2-room apartment","okres Liptovský Mikuláš","Malé Borové","Malé Borové",NULL,NULL
Ju5VjRRX_4J,sale,"3-room apartment","okres Žilina",Žilina,Hliny,NULL,NULL
Juarr5O2upK,sale,"1-room apartment","okres Kysucké Nové Mesto","Kysucké Nové Mesto",Kamence,"Istrofinal, s. r. o.",Žilina
JuXRtZdfweI,sale,"4-room apartment","okres Martin",Martin,Ľadoveň,"Reality Center, s.r.o.",Martin
JuNZupA7Ru4,sale,"2-room apartment","okres Žilina","Rajecké Teplice","Rajecké Teplice","ŽILINAREAL, s.r.o.",Žilina
JuA8-pf41pn,rent,"3-room apartment","okres Martin",Martin,Stred,"Reality Alpia",Martin
JumbMyGo4iI,sale,"2-room apartment","okres Ružomberok",Bešeňová,Bešeňová,"RESIDENCE realitná kancelária","Liptovský Mikuláš"
JuaCjfZIx81,sale,"2-room apartment","okres Ružomberok",Ružomberok,Roveň,"ODEKO manažment s.r.o.",Žilina
JuUnD0myJmK,sale,"2-room apartment","okres Žilina",Žilina,Hájik,"Piata Avenue",Žilina
JuIP59md355,sale,"4-room apartment","okres Ružomberok",Ružomberok,Roveň,"ODEKO manažment s.r.o.",Žilina
JuIh9K2txJ3,sale,"3-room apartment","okres Námestovo",Zubrohlava,Zubrohlava,"BeMi realitná kancelária",Nitra
Jub5nNi4yTF,sale,"2-room apartment","okres Žilina",Žilina,Vlčince,"RIEŠIME BÝVANIE",Bratislava
Juqj8-BDIgQ,sale,"3-room apartment","okres Námestovo","Oravské Veselé","Oravské Veselé","OREA, s.r.o.","Dolný Kubín"
JuQfQh_4sSF,sale,"2-room apartment","okres Žilina",Žilina,Hliny,"MGM reality",Žilina
JujYXXx5gXi,sale,"3-room apartment","okres Žilina",Žilina,"Staré mesto",NULL,NULL
JuxBkaifl6df,rent,"holiday apartment","okres Liptovský Mikuláš","Liptovský Mikuláš",Iľanovo,"Reality Alpia",Martin
JugTLMsHTVi,sale,"2-room apartment","okres Martin",Martin,Podháj,"B10 Slovensko, a. s.",Žilina
Jul7be3Lkz5,sale,"holiday apartment","okres Liptovský Mikuláš","Liptovský Mikuláš",Demänová,"RK SPIRIT s.r.o.","Liptovský Mikuláš"
JuPT1z2mBzV,sale,"1-room apartment","okres Žilina",Žilina,Vlčince,"R2 SK, s.r.o.",Žilina
Ju4hZgzLszu,sale,"2-room apartment","okres Tvrdošín",Trstená,Trstená,NULL,NULL
JuKlHRPhAEF,sale,"2-room apartment","okres Martin",Vrútky,"Horné Vrútky","HALO reality, s.r.o.",Prievidza
JuvFESSKGWN,sale,"3-room apartment","okres Martin",Vrútky,"Horné Vrútky","Reality D.P.A.",Martin
JusgW9odCAS,sale,"4-room apartment","okres Martin",Martin,Priekopa,Time4dreams,Nitra
Juvk9S_5ltU,sale,"2-room apartment","okres Žilina",Žilina,Hliny,NULL,NULL
JunBqR0DBP9,rent,"2-room apartment","okres Žilina",Žilina,"Staré mesto",NULL,NULL
JuDCMQupxo0,sale,"2-room apartment","okres Tvrdošín",Tvrdošín,Medvedzie,"TUreality s.r.o.",Žilina
JufAeKZk5m-,sale,"2-room apartment","okres Žilina",Bitarová,Bitarová,"Direct Real, spol. s r.o.",Bratislava
JuNguQDV0Zn,sale,"2-room apartment","okres Liptovský Mikuláš","Liptovský Mikuláš",Podbreziny,"Direct Real, spol. s r.o.",Bratislava
JuKOtZwcbir-,sale,"holiday apartment","okres Ružomberok",Ružomberok,Hrabovo,"Reality Alpia",Martin
JuMm4AW_gBf,sale,"5+ room apartment","okres Žilina","Rajecké Teplice","Rajecké Teplice","Reality IQ, s.r.o.",Žilina
JuSYwKOlQ-6,sale,"3-room apartment","okres Dolný Kubín","Dolný Kubín",NULL,"Nové bývanie",Nitra
JuZqtWo-t_S,sale,"holiday apartment","okres Liptovský Mikuláš","Liptovský Mikuláš","Liptovská Mara - Tatralandia","Prvá Realitná Kancelária, s.r.o.",Bratislava
JuJCzmrTicR,sale,"2-room apartment","okres Martin",Martin,Záturčie,NULL,NULL
JumsfvMXhg-,sale,"3-room apartment","okres Žilina",Žilina,Solinky,"Direct Real, spol. s r.o.",Bratislava
JuymkoAFG_6,sale,"2-room apartment","okres Kysucké Nové Mesto","Kysucké Nové Mesto",Sídlisko,"HOLESTIAK.sk reality s.r.o.",Čadca
JucOec67NRR,sale,"1-room apartment","okres Tvrdošín",Nižná,Nižná,"Vianema s.r.o.",Bratislava
JuyOHLJxsdS,sale,"3-room apartment","okres Žilina",Žilina,"Staré mesto","Local reality s. r. o.",Malinovo
Ju_yl2A922o,sale,"2-room apartment","okres Turčianske Teplice","Turčianske Teplice",Stred,NULL,NULL
JuDoLB83xqT,sale,"3-room apartment","okres Liptovský Mikuláš",Malužiná,Malužiná,"HALO reality, s.r.o.",Prievidza
JuQvJ7BykSU,sale,"2-room apartment","okres Martin",Martin,Sever,"WFG reality, s.r.o.",Žilina
JucOhPXEpxa,rent,"2-room apartment","okres Žilina",Žilina,"Staré mesto",NULL,NULL
JuFqVxR2Rua,rent,"2-room apartment","okres Liptovský Mikuláš","Liptovský Mikuláš",Palúdzka,"RESIDENCE realitná kancelária","Liptovský Mikuláš"
JuLEeBcqSvN,rent,"2-room apartment","okres Bytča",Bytča,"Veľká Bytča","Fortio Popper s.r.o.",Bytča
JuHLqjLk9w7,sale,"2-room apartment","okres Čadca",Oščadnica,Oščadnica,"1. Reality Rent, s.r.o.",Žilina
Juhlf1Su_tu,sale,"studio apartment","okres Žilina",Žilina,Závodie,"RIEŠIME BÝVANIE",Bratislava
Ju4aGAgIjVo,sale,"3-room apartment","okres Martin",Martin,Stred,"LIF REAL",Martin
JuHC3L7PHAo,rent,"studio apartment","okres Martin",Martin,Stred,"RE/MAX Slovakia",Bratislava
Ju4nG9JDEKF,sale,"3-room apartment","okres Martin",Martin,Ľadoveň,"TUreality s.r.o.",Žilina
JuxsO06uVZG,rent,"1-room apartment","okres Žilina",Žilina,Hájik,"Realitná kancelária SYMPATIA REAL s. r. o.",Žilina
JuxQsJlXHSK,rent,"3-room apartment","okres Bytča",Bytča,"Veľká Bytča","Fortio Popper s.r.o.",Bytča
JuJrBHwvfXe,sale,"holiday apartment","okres Liptovský Mikuláš","Demänovská Dolina","Demänovská Dolina","AstonReal s.r.o.","Banská Bystrica"
JuVk3AeemQd,sale,"3-room apartment","okres Kysucké Nové Mesto","Kysucké Nové Mesto",Kamence,"Istrofinal, s. r. o.",Žilina
JucIMMNEosV,sale,"3-room apartment","okres Ružomberok",Ružomberok,Baničné,"A-Byt Consult, s.r.o.",Ružomberok
Ju2EMTkOn53,sale,"2-room apartment","okres Žilina",Žilina,Vlčince,"Reinoo a.s.",Žilina
JuYbhGZmbC7,sale,"2-room apartment","okres Ružomberok","Liptovská Lúžna","Liptovská Lúžna","Obec Liptovská Lúžna","Liptovská Lúžna"
JucmUHZL9fQ,rent,"2-room apartment","okres Žilina",Žilina,"Staré mesto",NULL,NULL
Ju59v0S7Gi9,sale,"3-room apartment","okres Liptovský Mikuláš","Liptovský Mikuláš",Podbreziny,"RK SPIRIT s.r.o.","Liptovský Mikuláš"
Ju4SvmwHoAg,sale,"3-room apartment","okres Ružomberok","Liptovská Teplá","Liptovská Teplá","FINREA - ak vám záleží na výsledku","Dolný Kubín"
JuJBn5ZeVAm,rent,"2-room apartment","okres Žilina",Žilina,Hliny,"Realitná kancelária",Bratislava
Juk9u-rNEqG,rent,"2-room apartment","okres Bytča",Bytča,"Veľká Bytča","Fortio Popper s.r.o.",Bytča
JuNRFKe9B5N6,sale,"4-room apartment","okres Martin",Sučany,Sučany,"TARGETreal s. r. o.",Žilina
JuG99-vnL8U,sale,"4-room apartment","okres Martin",Martin,Košúty,"Reality Alpia",Martin
JuvzAFSDr4x,sale,"3-room apartment","okres Žilina",Žilina,Bôrik,"Realitná kancelária",Bratislava
JuDorfwK08d,rent,"2-room apartment","okres Martin",Martin,Stred,"FINREA - ak vám záleží na výsledku","Dolný Kubín"
Jul_OGhX8QT,sale,"3-room apartment","okres Ružomberok",Ružomberok,Hrabovo,"Piešťany Reality",Piešťany
Ju7UFzA6VtL,sale,"2-room apartment","okres Žilina",Žilina,"Staré mesto","WFG reality, s.r.o.",Žilina
Ju9qrQrSqzm,rent,"studio apartment","okres Žilina",Žilina,Vlčince,NULL,NULL
Ju4Vd5pUjXm,sale,"3-room apartment","okres Liptovský Mikuláš","Liptovský Mikuláš","Staré mesto","Direct Real, spol. s r.o.",Bratislava
JuA1jb9HH8o,sale,"2-room apartment","okres Ružomberok",Ružomberok,"Staré mesto","Reality Alpia",Martin
JuVp8M6bnwG,rent,"3-room apartment","okres Liptovský Mikuláš","Liptovský Mikuláš",Palúdzka,"ŠIRINY, s.r.o.",Zvolen
JuKJT8WJuFF,rent,"1-room apartment","okres Čadca",Čadca,Centrum,"HOLESTIAK.sk reality s.r.o.",Čadca
Ju8mh8KzH4f,rent,"2-room apartment","okres Liptovský Mikuláš","Liptovský Mikuláš","Staré mesto","Realitná kancelária Peter Hubka","Liptovský Mikuláš"
Ju9k2e7JWOr,sale,"1-room apartment","okres Martin",Turany,Turany,"Like Reality s.r.o.","Považská Bystrica"
JuXNm9NwSwi,sale,"3-room apartment","okres Žilina",Žilina,Hájik,"MGM reality",Žilina
JuOnQ9rym-h,sale,"4-room apartment","okres Žilina",Žilina,"Staré mesto","RIEŠIME BÝVANIE",Bratislava
JuFNpzHutiG,sale,"3-room apartment","okres Žilina",Žilina,Hliny,"TUreality s.r.o.",Žilina
JuZ8UmPHnMd,sale,"2-room apartment","okres Čadca",Staškov,Staškov,"SLNOVRAT, s.r.o.",Olešná
JuWLCChouGh,sale,"3-room apartment","okres Martin",Sučany,Sučany,"TARGETreal s. r. o.",Žilina
JuS6qI_HXQ_,sale,"4-room apartment","okres Žilina",Žilina,Bôrik,"1. Reality Rent, s.r.o.",Žilina
JuvIFSCKDaN,sale,"2-room apartment","okres Martin",Martin,Priekopa,"TUreality s.r.o.",Žilina
JuJITXm9Zsf,sale,"3-room apartment","okres Liptovský Mikuláš","Liptovská Kokava","Liptovská Kokava","ARBIZ real estate & finance s. r. o.",Ružomberok
JueaFakyLvY,sale,"3-room apartment","okres Žilina",Žilina,"Staré mesto","KORSO Project, s.r.o.",Žilina
Ju1F-eiNHx4,sale,"3-room apartment","okres Žilina",Žilina,"Staré mesto","RIEŠIME BÝVANIE",Bratislava
JuL3MT7o1WL,sale,"2-room apartment","okres Martin",Martin,Stred,"Realitná kancelária",Bratislava
Ju_qGSnLBzz,rent,"2-room apartment","okres Bytča",Bytča,"Thurzove sady",NULL,NULL
JuhigkHR5x2,sale,"4-room apartment","okres Liptovský Mikuláš","Demänovská Dolina","Demänovská Dolina","Occam New Home",Bratislava
Ju5eub1EsyB,sale,"3-room apartment","okres Žilina",Žilina,Bôrik,"Gro & Partners",Žilina
JuDetN4gLGy,sale,"holiday apartment","okres Liptovský Mikuláš","Demänovská Dolina","Demänovská Dolina","Tatra Invest",Podtureň
JuxJN0jj6xv,sale,"1-room apartment","okres Martin",Martin,Tomčany,"Reality AK, spol. s r.o.",Martin
JuQY1ZnmE4m,rent,"studio apartment","okres Dolný Kubín","Dolný Kubín",Brezovec,"OREA, s.r.o.","Dolný Kubín"
Ju9zHP-4dng,sale,"3-room apartment","okres Liptovský Mikuláš","Liptovský Mikuláš",Podbreziny,"HALO reality, s.r.o.",Prievidza
JuTy8iCXD6j,sale,"2-room apartment","okres Martin",Martin,Tomčany,"Reality AK, spol. s r.o.",Martin
JuMhyPasgwl,rent,"1-room apartment","okres Martin",Vrútky,"Horné Vrútky","B10 Slovensko, a. s.",Žilina
JuPet_Ep-JW,rent,"studio apartment","okres Liptovský Mikuláš","Liptovský Hrádok",NULL,"TUreality s.r.o.",Žilina
JuGJ3bcseaG,sale,"1-room apartment","okres Čadca",Čadca,Žarec,"Renovo Reality",Žilina
JuI3iwt9MRR,sale,"studio apartment","okres Dolný Kubín","Dolný Kubín",Brezovec,"OREA, s.r.o.","Dolný Kubín"
JumSU3uP1r7,sale,"holiday apartment","okres Čadca",Oščadnica,Oščadnica,NULL,NULL
JuCyeszuCeF,sale,"3-room apartment","okres Čadca",Čadca,"Sídlisko 3",NULL,NULL
JuDZ3hA20uQ,sale,"4-room apartment","okres Dolný Kubín",Zázrivá,Zázrivá,"TUreality s.r.o.",Žilina
Ju1Cm4LoVXM,sale,"studio apartment","okres Ružomberok",Ružomberok,"Staré mesto",NULL,NULL
JuOOVFGvzwX,sale,"2-room apartment","okres Ružomberok","Liptovská Teplá","Liptovská Teplá",Limaxreal,"Liptovský Mikuláš"
JuuuYAHYGX8,sale,"2-room apartment","okres Dolný Kubín","Dolný Kubín",Brezovec,NULL,NULL
Juw69usHNF6,rent,"3-room apartment","okres Žilina",Žilina,"Staré mesto","R2 SK, s.r.o.",Žilina
Jup6mGYDCrv,rent,"2-room apartment","okres Martin",Martin,Stred,"Reality Center, s.r.o.",Martin
Ju5R24o6GQR,sale,"3-room apartment","okres Dolný Kubín","Dolný Kubín",Brezovec,"RK Dalmia s. r. o.","Dolný Kubín"
Ju8_AnIgnrX,sale,"2-room apartment","okres Čadca",Čadca,Žarec,"MENÍME BÝVANIE",Čadca
JuY4e0DxXsH,rent,"2-room apartment","okres Dolný Kubín","Dolný Kubín",Stred,"OREA, s.r.o.","Dolný Kubín"
Jue5OG4Sl5k,rent,"2-room apartment","okres Žilina",Žilina,"Staré mesto",NULL,NULL
Juo19uqWHqv,sale,"3-room apartment","okres Martin",Vrútky,"Horné Vrútky","Reality MT s.r.o.",Martin
JumQaXesU-y,rent,"studio apartment","okres Kysucké Nové Mesto","Kysucké Nové Mesto",Kamence,"Realitné kancelárie SR",Bratislava
JuEVg7e9gge,sale,"3-room apartment","okres Martin",Martin,Záturčie,"R2 SK, s.r.o.",Žilina
JuXIzNjmik_,rent,"3-room apartment","okres Žilina",Žilina,"Staré mesto","Realitné kancelárie SR",Bratislava
Juv94EKwgh6,sale,"3-room apartment","okres Ružomberok","Liptovská Teplá","Liptovská Teplá","AstonReal s.r.o.","Banská Bystrica"
JukKH41KaWr,rent,"3-room apartment","okres Martin",Martin,Stred,"TUreality s.r.o.",Žilina
JuhxRDKuEfi,sale,"2-room apartment","okres Ružomberok","Liptovská Teplá","Liptovská Teplá",donidDevelop,"Dolný Kubín"
JuRJykTdszG,sale,"4-room apartment","okres Martin",Sučany,Sučany,"JKV REAL",Prievidza
JuDJ_hnDscM,sale,"2-room apartment","okres Martin",Martin,Stred,"Realitná kancelária",Bratislava
JulzEF1iR1R,sale,"2-room apartment","okres Žilina",Žilina,"Staré mesto","ŽILINAREAL, s.r.o.",Žilina
Jus2f1I5Shb,sale,"3-room apartment","okres Žilina",Žilina,Hliny,"MGM reality",Žilina
JuWzCETm2y0,rent,"3-room apartment","okres Čadca",Čadca,Kyčerka,"SLNOVRAT, s.r.o.",Olešná
Ju12shpSBga,sale,"3-room apartment","okres Liptovský Mikuláš","Liptovský Mikuláš",Demänová,"RESIDENCE realitná kancelária","Liptovský Mikuláš"
JuXnw8EKWYI,sale,"3-room apartment","okres Žilina",Žilina,"Staré mesto","RS Mansory s.r.o.",Bratislava
JuJM07aUO0O,sale,"5+ room apartment","okres Žilina",Žilina,Hliny,"RIEŠIME BÝVANIE",Bratislava
JuVtdEgquxp,sale,"3-room apartment","okres Dolný Kubín","Dolný Kubín",Brezovec,"OREA, s.r.o.","Dolný Kubín"
JuP6qyzD4rb,sale,"holiday apartment","okres Liptovský Mikuláš","Liptovský Mikuláš",Demänová,"RK SPIRIT s.r.o.","Liptovský Mikuláš"
JuP-xJVwuxh,sale,"3-room apartment","okres Martin","Košťany nad Turcom","Košťany nad Turcom","B10 Slovensko, a. s.",Žilina
Ju2skZ_XIuH,rent,"3-room apartment","okres Čadca",Čierne,Čierne,NULL,NULL
JuxYMJGR4NW,sale,"1-room apartment","okres Ružomberok",Ružomberok,Baničné,"OVERENÉ REALITY","Banská Bystrica"
JuWx4I1iGWR,rent,"2-room apartment","okres Námestovo",Mútne,Mútne,"BeMi realitná kancelária",Nitra
Jubx4f_wHQY,sale,"3-room apartment","okres Žilina",Žilina,Vlčince,"RK4 REALITY",Bratislava
JuBjT8MmAiR,sale,"3-room apartment","okres Kysucké Nové Mesto","Kysucké Nové Mesto",Kamence,"Istrofinal, s. r. o.",Žilina
Ju8qAJxGCh0,sale,"3-room apartment","okres Martin",Martin,Záturčie,"Mgr. Silvia Lukáčová - RealPoint",Martin
Ju-DovddXIY,sale,"2-room apartment","okres Liptovský Mikuláš","Liptovský Mikuláš","Vrbica - Nábrežie","RE/MAX Slovakia",Bratislava
Ju6ap4Twr5W,rent,"3-room apartment","okres Ružomberok",Ružomberok,Klačno,NULL,NULL
JuVlvDHUEHV,rent,"2-room apartment","okres Dolný Kubín","Dolný Kubín",Mokraď,"OREA, s.r.o.","Dolný Kubín"
JukzS9fkGsH,rent,"3-room apartment","okres Žilina",Žilina,Vlčince,"Safe reality s. r. o.",Žilina
Jum2zoM9dK0,sale,"2-room apartment","okres Žilina",Žilina,Vlčince,"Reinoo a.s.",Žilina
JuwxWNhZHvq,rent,"2-room apartment","okres Žilina",Žilina,"Staré mesto","DreamReality s.r.o.",Žilina
JuNh7AtADFs,rent,"2-room apartment","okres Čadca","Krásno nad Kysucou",Kalinov,"MGM reality",Žilina
JuoVEcjPg5o,rent,"3-room apartment","okres Námestovo",Rabčice,Rabčice,"RE/MAX Slovakia",Bratislava
JuyUHlMcv_Q,rent,"3-room apartment","okres Kysucké Nové Mesto","Kysucké Nové Mesto",Kamence,"Realitná kancelária RED, s.r.o.",Žilina
JuXQxA2vSe6,sale,"2-room apartment","okres Žilina",Žilina,Vlčince,"EASY centrum bývania, s.r.o.",Žilina
Jufd89QZCSO,sale,"holiday apartment","okres Liptovský Mikuláš","Pavčina Lehota","Pavčina Lehota","PASS Reality, s.r.o.",Bratislava
Ju2hVjHchsA,sale,"2-room apartment","okres Martin",Martin,Stred,"Buby reality, s.r.o.",Žilina
Ju9Zm5FKDvx,sale,"2-room apartment","okres Žilina",Žilina,Hliny,"Realitná kancelária RED, s.r.o.",Žilina
Ju_q6RS-fKo,sale,"3-room apartment","okres Námestovo","Oravské Veselé","Oravské Veselé","OREA, s.r.o.","Dolný Kubín"
Jutomv1SERc,rent,"2-room apartment","okres Martin",Martin,Jahodníky,"Reality Alpia",Martin
Jukc07qMxPz,sale,"2-room apartment","okres Žilina",Žilina,Bytčica,"Realitná kancelária RED, s.r.o.",Žilina
JuZPdvGyLq9,sale,"3-room apartment","okres Žilina",Žilina,"Staré mesto","TUreality s.r.o.",Žilina
Ju8xVwtKo3R,sale,"1-room apartment","okres Námestovo",Námestovo,Stred,"BeMi realitná kancelária",Nitra
JuIK5SS5weX,rent,"2-room apartment","okres Martin",Martin,Stred,"Like Reality s.r.o.","Považská Bystrica"
JuzzHVLtL7p,sale,"3-room apartment","okres Tvrdošín",Tvrdošín,Medvedzie,"Vianema s.r.o.",Bratislava
Ju7J-Smt48P,sale,"2-room apartment","okres Tvrdošín",Trstená,Trstená,"RK SPIRIT s.r.o.","Liptovský Mikuláš"
JuvxR6XXHxE,rent,"3-room apartment","okres Bytča",Bytča,"Veľká Bytča","Fortio Popper s.r.o.",Bytča
JuRuuJuhfW8,sale,"3-room apartment","okres Martin",Vrútky,"Horné Vrútky","Like Reality s.r.o.","Považská Bystrica"
JuZK70yldNu,sale,"1-room apartment","okres Liptovský Mikuláš","Liptovský Mikuláš","Liptovská Mara - Tatralandia","OVERENÉ REALITY","Banská Bystrica"
JuzSqFzglhO,sale,"3-room apartment","okres Kysucké Nové Mesto","Kysucké Nové Mesto",Kamence,Reality+,Žilina
JuT8ujDpM1g,rent,"1-room apartment","okres Žilina",Žilina,"Staré mesto","WFG reality, s.r.o.",Žilina
JuzmSjYalDj,sale,"3-room apartment","okres Martin",Vrútky,"Horné Vrútky","Like Reality s.r.o.","Považská Bystrica"
Ju6pkdVbtRp,sale,"3-room apartment","okres Ružomberok",Ružomberok,Klačno,"NajBývanie, s.r.o.",Ružomberok
JudnXUbr0fH,sale,"2-room apartment","okres Liptovský Mikuláš",Východná,Východná,"REALITY TATRY",Levoča
JuBIZmW7FwQ,sale,"3-room apartment","okres Kysucké Nové Mesto","Kysucké Nové Mesto",Sídlisko,NULL,NULL
JuPDRHaKHGy,sale,"2-room apartment","okres Žilina",Žilina,Hliny,"ŽILINAREAL, s.r.o.",Žilina
JuD8hcoEgT4,sale,"2-room apartment","okres Žilina",Žilina,Vlčince,"Realitná kancelária RED, s.r.o.",Žilina
JukBZSTP0a5,sale,"2-room apartment","okres Turčianske Teplice","Turčianske Teplice",Stred,"TARGETreal s. r. o.",Žilina
Ju1AcChzPhX,sale,"3-room apartment","okres Liptovský Mikuláš","Vyšná Boca","Vyšná Boca","REALITY SPOLU",Bratislava
JuE-VhHgCax,sale,"1-room apartment","okres Žilina",Terchová,Terchová,"Bonjour real",Bučany
JuBAitX8aRy,rent,"2-room apartment","okres Ružomberok",Ružomberok,Baničné,"FINREA - ak vám záleží na výsledku","Dolný Kubín"
JuYm2hUT2pj,rent,"3-room apartment","okres Martin",Martin,Stred,"ALT REAL, s.r.o.",Martin
Ju6opeOUPUx,sale,"2-room apartment","okres Žilina",Žilina,"Staré mesto","Realitné kancelárie SR",Bratislava
JuvmTUfehMc,rent,"2-room apartment","okres Kysucké Nové Mesto",Rudinka,Rudinka,Reality+,Žilina
JuaMkijSYs-,rent,"studio apartment","okres Dolný Kubín","Dolný Kubín",Brezovec,"FINREA - ak vám záleží na výsledku","Dolný Kubín"
JuZL3wORd4j,rent,"1-room apartment","okres Liptovský Mikuláš","Liptovský Mikuláš",Stošice,"DVOŘÁK & PARTNERS s. r. o.","Banská Bystrica"
JunBxeMXtVv,sale,"3-room apartment","okres Bytča","Veľké Rovné","Veľké Rovné","RIEŠIME BÝVANIE",Bratislava
JufXt9veplf,sale,"2-room apartment","okres Martin",Martin,Košúty,"B10 Slovensko, a. s.",Žilina
Ju1v-rz6S-g,sale,"3-room apartment","okres Žilina",Rajec,Rajec,"TUreality s.r.o.",Žilina
JuK8NkfUxDo,sale,"3-room apartment","okres Martin","Turčianska Štiavnička","Turčianska Štiavnička","LICITOR group, a.s.",Žilina
JuhvRDg8Y4C,rent,"2-room apartment","okres Námestovo",Námestovo,Stred,"RIEŠIME BÝVANIE",Bratislava
JuqqisVRKbE,sale,"3-room apartment","okres Liptovský Mikuláš","Liptovský Mikuláš","Staré mesto","GERT , s.r.o.","Liptovský Mikuláš"
JupIznadChw,sale,"3-room apartment","okres Martin",Martin,Stred,"B10 Slovensko, a. s.",Žilina
JuCtiU-W9oK,sale,"3-room apartment","okres Ružomberok",Ružomberok,Klačno,"BEEVAM, s.r.o.","Banská Bystrica"
JuQUQOdCbAJ,sale,"4-room apartment","okres Žilina",Žilina,"Staré mesto","Reality IQ, s.r.o.",Žilina
JuEGUe9TZYw,rent,"3-room apartment","okres Žilina",Žilina,Vlčince,"WFG reality, s.r.o.",Žilina
JuJTUgZNUdL,sale,"3-room apartment","okres Martin",Turany,Turany,"Reality D.P.A.",Martin
JugdzCpEbZl,sale,"2-room apartment","okres Žilina",Žilina,Hliny,"KES - RV s.r.o.",Rožňava
JuJ1fx159Ms,sale,"3-room apartment","okres Čadca",Turzovka,Stred,OPENREALITY,Brno
JuUWRcxAAYr,sale,"2-room apartment","okres Liptovský Mikuláš","Liptovský Mikuláš","Staré mesto","KA Real","Banská Bystrica"
JucFSMwZ-YV,sale,"3-room apartment","okres Martin",Martin,Priekopa,"Reality Center, s.r.o.",Martin
JuHBGisy5-E,sale,"2-room apartment","okres Ružomberok",Ružomberok,Hrabovo,"NajBývanie, s.r.o.",Ružomberok
JuInv_n4G9P,sale,"2-room apartment","okres Žilina",Žilina,"Staré mesto","Teraz, a.s.",Žilina
JuUFq9Wci3W,rent,"studio apartment","okres Martin",Martin,Ľadoveň,"Reality Alpia",Martin
JuBnUuJa9ic,sale,"2-room apartment","okres Žilina",Žilina,"Staré mesto","Financial Hotels Management, s.r.o.",Žilina
Ju2txZynSMnS,sale,"4-room apartment","okres Námestovo",Námestovo,Brehy,"TUreality s.r.o.",Žilina
Jucm4yaaOJ2,sale,"3-room apartment","okres Dolný Kubín","Dolný Kubín",Brezovec,"RK Dalmia s. r. o.","Dolný Kubín"
JuT9LmGMkpW,sale,"holiday apartment","okres Liptovský Mikuláš","Liptovský Mikuláš",Demänová,jabyvam.sk,"Liptovský Mikuláš"
JuuOQAIf3eQ,sale,"2-room apartment","okres Žilina",Žilina,"Staré mesto","WFG reality, s.r.o.",Žilina
JuhSIJae8jB,sale,"holiday apartment","okres Liptovský Mikuláš",Smrečany,Smrečany,"Porto Real Group",Bratislava
Ju20KERTu8I,sale,"2-room apartment","okres Liptovský Mikuláš","Liptovský Mikuláš",Podbreziny,"RESIDENCE realitná kancelária","Liptovský Mikuláš"
JuGfHZevCsA,rent,"3-room apartment","okres Martin",Martin,Stred,"Realitná kancelária DR, s.r.o.",Martin
JufXjo0g1k9,rent,"2-room apartment","okres Liptovský Mikuláš","Liptovský Mikuláš",Palúdzka,"RESIDENCE realitná kancelária","Liptovský Mikuláš"
JuPNe1hyDeq,rent,"2-room apartment","okres Bytča",Bytča,"Veľká Bytča","Fortio Popper s.r.o.",Bytča
Jumt5qe1Qm47,sale,"2-room apartment","okres Ružomberok",Ružomberok,Klačno,"AstonReal s.r.o.","Banská Bystrica"
JuI6MQ6tc2T,sale,"2-room apartment","okres Liptovský Mikuláš","Liptovský Mikuláš","Liptovská Mara - Tatralandia","BeMi realitná kancelária",Nitra
Ju4eeNbxgyr,rent,"2-room apartment","okres Žilina",Žilina,Solinky,"Realitná kancelária RED, s.r.o.",Žilina
JuN3wzC2QtN,rent,"1-room apartment","okres Martin",Martin,Sever,"Like Reality s.r.o.","Považská Bystrica"
JuZdOmvD2ic,sale,"4-room apartment","okres Kysucké Nové Mesto","Kysucké Nové Mesto",Kamence,"Istrofinal, s. r. o.",Žilina
JuQG3Tg2HJV,sale,"holiday apartment","okres Liptovský Mikuláš","Demänovská Dolina","Demänovská Dolina","RESIDENCE realitná kancelária","Liptovský Mikuláš"
Ju7i7kUX31N,rent,"2-room apartment","okres Námestovo",Lokca,Lokca,"RE/MAX Slovakia",Bratislava
JuT7xzp7Ax-,sale,"2-room apartment","okres Martin",Martin,Stred,AZUR.RE,Bratislava
JuTL4AQg4bH,rent,"2-room apartment","okres Martin",Martin,Jahodníky,"Reality ASTORIA, s.r.o.",Martin
JuYNcMLobvd,rent,"4-room apartment","okres Žilina",Žilina,Trnové,NULL,NULL
JuCgojI4KWH,sale,"3-room apartment","okres Čadca",Čadca,Žarec,"Trioreality, s.r.o.",Čadca
JukjSccuSX6,sale,"2-room apartment","okres Martin",Vrútky,NULL,"TUreality s.r.o.",Žilina
JuvuB2q_3M4,sale,"holiday apartment","okres Liptovský Mikuláš","Demänovská Dolina","Demänovská Dolina","Tatry mountain resorts, a.s.","Liptovský Mikuláš"
Jum788VaVl8,sale,"1-room apartment","okres Žilina",Žilina,"Staré mesto","WFG reality, s.r.o.",Žilina
JuRDv8rOGAN,rent,"2-room apartment","okres Bytča",Bytča,"Veľká Bytča","Fortio Popper s.r.o.",Bytča
JuguMiG6Pot,sale,"other apartment type","okres Žilina",Rajec,Rajec,"Euro Bauer s.r.o.",Žilina
JunSqXxyUya,sale,"1-room apartment","okres Žilina",Žilina,"Staré mesto","WFG reality, s.r.o.",Žilina
Juzl0Ycup_I,sale,"holiday apartment","okres Martin",Martin,"Martinské hole",donidDevelop,"Dolný Kubín"
JuMrpN3u-gh,sale,"2-room apartment","okres Žilina",Žilina,Hájik,"Reality Alpia",Martin
JuG-jkKlogR,rent,"2-room apartment","okres Martin",Martin,Stred,"Reality Alpia",Martin
Ju-seNslb4u,sale,"2-room apartment","okres Martin",Martin,Priekopa,"Realitná kancelária RED, s.r.o.",Žilina
JuKxd6XdpfQ,rent,"3-room apartment","okres Kysucké Nové Mesto","Kysucké Nové Mesto",Kamence,NULL,NULL
JuddoVYZYie,sale,"1-room apartment","okres Ružomberok","Liptovská Teplá","Liptovská Teplá",Limaxreal,"Liptovský Mikuláš"
Ju4lN_U1N_8,sale,"3-room apartment","okres Liptovský Mikuláš","Liptovský Mikuláš",Stošice,"ARBIZ real estate & finance s. r. o.",Ružomberok
JuNQHesGhEl,sale,"3-room apartment","okres Kysucké Nové Mesto","Kysucké Nové Mesto",Kamence,"Istrofinal, s. r. o.",Žilina
Juv6SZd0pv9,sale,"3-room apartment","okres Martin",Vrútky,NULL,"Reality AK, spol. s r.o.",Martin
Ju01CyxoHbS,sale,"holiday apartment","okres Žilina",Terchová,Terchová,"KORSO Project, s.r.o.",Žilina
JuQxdKNuhGj,sale,"3-room apartment","okres Žilina",Žilina,"Staré mesto","Piata Avenue",Žilina
JuMc4nt1NbY,sale,maisonette,"okres Liptovský Mikuláš","Liptovský Hrádok",Celiny,"RK SPIRIT s.r.o.","Liptovský Mikuláš"
JuykyParod3,rent,"3-room apartment","okres Bytča","Veľké Rovné","Veľké Rovné","RENOME REAL",Žilina
Ju4N6fIAndO,sale,"3-room apartment","okres Liptovský Mikuláš","Liptovský Mikuláš","Liptovská Ondrašová","TUreality s.r.o.",Žilina
JuiNHN3K-2n,sale,"2-room apartment","okres Čadca",Staškov,Staškov,"SLNOVRAT, s.r.o.",Olešná
JucceUznreI,sale,"2-room apartment","okres Liptovský Mikuláš","Liptovský Mikuláš","Staré mesto","BEŇO REALITY","Liptovský Mikuláš"
JuzGrB3SDsa,rent,"studio apartment","okres Martin",Vrútky,"Horné Vrútky","Felicita Real s. r. o.",Martin
JuCJs2os-i-x,sale,"1-room apartment","okres Martin",Martin,Stred,"Buby reality, s.r.o.",Žilina
Ju3z3M9TPDa,sale,"2-room apartment","okres Žilina",Žilina,Závodie,"GAMA Reality, s.r.o.",Bytča
JuDxBcaveH8,sale,"3-room apartment","okres Martin",Vrútky,"Horné Vrútky","Reality Center, s.r.o.",Martin
Ju_5trjiiyY,sale,"2-room apartment","okres Žilina",Žilina,Solinky,"Piata Avenue",Žilina
Juo9yc6U_zm,sale,"3-room apartment","okres Kysucké Nové Mesto","Kysucké Nové Mesto",Stred,"BeMi realitná kancelária",Nitra
JueZYUzuLYA,sale,"1-room apartment","okres Ružomberok",Bešeňová,Bešeňová,"OREA, s.r.o.","Dolný Kubín"
Juqo1hWp_Zj,sale,"3-room apartment","okres Martin",Martin,Stred,"TUreality s.r.o.",Žilina
Ju3pgjh4OY7,rent,"2-room apartment","okres Žilina",Žilina,Hájik,"WFG reality, s.r.o.",Žilina
JueVCjlarhT,sale,"3-room apartment","okres Tvrdošín",Nižná,Nižná,"HD reality group s.r.o","Banská Bystrica"
JuX7LFsuKfI,sale,"2-room apartment","okres Kysucké Nové Mesto","Kysucké Nové Mesto",Nábrežie,"ROSA reality","Kysucké Nové Mesto"
JuV0WpoDBe_,rent,"1-room apartment","okres Liptovský Mikuláš","Liptovský Mikuláš","Staré mesto",NULL,NULL
Ju2PTXS03nR,sale,"3-room apartment","okres Bytča","Veľké Rovné","Veľké Rovné","RIEŠIME BÝVANIE",Bratislava
Ju1Fw0u3Cah,sale,"3-room apartment","okres Liptovský Mikuláš","Liptovský Mikuláš","Vrbica - Nábrežie","Direct Real, spol. s r.o.",Bratislava
JuckFfec6yi,sale,"3-room apartment","okres Ružomberok",Ružomberok,"Staré mesto","Reality Alpia",Martin
JuiYPO6c35-,sale,"4-room apartment","okres Martin",Martin,Stráne,"Reality Center, s.r.o.",Martin
Jup8gJ48Fqt,sale,"2-room apartment","okres Žilina",Žilina,"Staré mesto","KORSO Project, s.r.o.",Žilina
JuQ3YUuwUTb,rent,"4-room apartment","okres Žilina",Žilina,Hliny,"RIEŠIME BÝVANIE",Bratislava
JutqtoD-x5N,rent,"2-room apartment","okres Čadca",Čadca,Centrum,"Realitné kancelárie SR",Bratislava
Juu8kqRVDip,rent,"3-room apartment","okres Liptovský Mikuláš","Liptovský Mikuláš",Podbreziny,"Direct Real, spol. s r.o.",Bratislava
Jub6sy4N9gp,sale,"2-room apartment","okres Liptovský Mikuláš","Liptovský Mikuláš","Staré mesto","TATRA CITY RESIDENCE s. r. o.",Zvolen
JuL2muHqM6p,rent,"3-room apartment","okres Žilina",Žilina,"Staré mesto","PRIMA reality s.r.o.",Žilina
Ju28AQVsAqz,sale,"3-room apartment","okres Ružomberok",Ružomberok,Baničné,"RECLOUD Reality a.s.",Bratislava
JuuVvHxxC-m,sale,"3-room apartment","okres Liptovský Mikuláš","Liptovský Mikuláš",Podbreziny,"HALO reality, s.r.o.",Prievidza
JuzUlNr7U_e,rent,"3-room apartment","okres Žilina",Žilina,Vlčince,"Wealth Group, s.r.o.","Nová Dedinka"
Jumr_ISbK0Z,sale,"3-room apartment","okres Žilina",Žilina,Hájik,"Reality Alpia",Martin
JuxXBGk_4Zo,sale,"1-room apartment","okres Čadca",Turzovka,Stred,"Ing. Marcela Pišteková",Turzovka
JuZK9MB7o6G,rent,"4-room apartment","okres Žilina",Žilina,Solinky,NULL,NULL
JuSreilLACi,rent,"3-room apartment","okres Žilina",Žilina,"Staré mesto","Realitná kancelária RED, s.r.o.",Žilina
JudTaFLI7V1,sale,"1-room apartment","okres Martin",Martin,Stred,"Reality AK, spol. s r.o.",Martin
JulUy_Gy-T7,sale,"1-room apartment","okres Liptovský Mikuláš","Liptovský Mikuláš","Staré mesto","XEMAR realitná spoločnosť s.r.o.","Banská Bystrica"
JuTgtQtwGXl,sale,"2-room apartment","okres Martin",Martin,Sever,"RE/MAX Slovakia",Bratislava
JuAoUEm3GbZ,sale,"3-room apartment","okres Martin",Martin,Ľadoveň,"ALT REAL, s.r.o.",Martin
JuZFiZ0fwgL,sale,"2-room apartment","okres Dolný Kubín","Dolný Kubín","Veľký Bysterec","AstonReal s.r.o.","Banská Bystrica"
JuZLDF7L6J1,rent,"3-room apartment","okres Žilina",Žilina,"Staré mesto","PRIMA reality s.r.o.",Žilina
JuH6sKr2JgO,sale,"holiday apartment","okres Liptovský Mikuláš","Demänovská Dolina","Demänovská Dolina","MK-CORP s.r.o.",Malacky
Ju34-Gac91u,sale,"2-room apartment","okres Liptovský Mikuláš","Demänovská Dolina","Demänovská Dolina","BEDES | Realitná kancelária",Prievidza
Ju7lDmg4T0n,sale,"holiday apartment","okres Liptovský Mikuláš","Liptovský Mikuláš","Liptovská Ondrašová","KRUPPKY, s.r.o.","Liptovský Mikuláš"
JuR7qWw7H0C,sale,"3-room apartment","okres Liptovský Mikuláš","Liptovský Mikuláš","Staré mesto",NULL,NULL
JuKOidVb0W7,rent,"3-room apartment","okres Liptovský Mikuláš","Liptovský Hrádok",Belánska,"Reality Alpia",Martin
JuIDpA00OUN,rent,"2-room apartment","okres Martin",Martin,Stred,"ML realitný& finančny servis s.r.o. , BrokerSoft s.r.o. , Monika Launerová - SZČO","Banská Bystrica"
Ju6FesX3XoQ,sale,"3-room apartment","okres Martin",Turany,Turany,"Realitná kancelária",Bratislava
JuTBls071FE,sale,"holiday apartment","okres Martin",Valča,Valča,"B10 Slovensko, a. s.",Žilina
JukANoj_iFm,sale,"1-room apartment","okres Liptovský Mikuláš","Demänovská Dolina","Demänovská Dolina","RESIDENCE realitná kancelária","Liptovský Mikuláš"
Juj0AUCC2FC,sale,"3-room apartment","okres Liptovský Mikuláš","Demänovská Dolina","Demänovská Dolina","DLUGO reality",Poprad
JuEg-jxdD7t,rent,"3-room apartment","okres Martin",Martin,Stred,"ML realitný& finančny servis s.r.o. , BrokerSoft s.r.o. , Monika Launerová - SZČO","Banská Bystrica"
JuBSH-C3TAe,rent,"2-room apartment","okres Martin",Vrútky,"Horné Vrútky",NULL,NULL
Juh1ylk55iy,sale,"1-room apartment","okres Liptovský Mikuláš","Liptovský Mikuláš","Liptovská Mara - Tatralandia","RK SPIRIT s.r.o.","Liptovský Mikuláš"
JupjDJ9XYhE,sale,"holiday apartment","okres Ružomberok",Bešeňová,Bešeňová,"REALITY SPOLU",Bratislava
JuDV2pnh02W,rent,"2-room apartment","okres Martin",Sučany,Sučany,"Realitná kancelária",Bratislava
JuN-Pnp6KBM,sale,"3-room apartment","okres Čadca",Turzovka,Stred,"Safe reality s. r. o.",Žilina
JuPcc0iMceY,sale,"holiday apartment","okres Ružomberok",Ružomberok,Hrabovo,"ARCHEUS Partners a.s.",Bratislava
JudyIRiA8kq,sale,"holiday apartment","okres Liptovský Mikuláš","Demänovská Dolina","Demänovská Dolina",ZEIRA,Bratislava
JuUZC8aojHf,sale,"4-room apartment","okres Turčianske Teplice","Turčianske Teplice",Stred,"Arvin & Benet",Bratislava
JuMZVzeIVRp,sale,"holiday apartment","okres Ružomberok",Ružomberok,Hrabovo,NULL,NULL
Ju892FRo72v,sale,"4-room apartment","okres Žilina",Žilina,"Staré mesto",NULL,NULL
JuODe5tlbwG,sale,"4-room apartment","okres Martin",Martin,Priekopa,"FINREA - ak vám záleží na výsledku","Dolný Kubín"
JuBpZ_BskLa,rent,"2-room apartment","okres Martin",Martin,Priekopa,NULL,NULL
JulQn0N46Be,sale,"2-room apartment","okres Žilina",Žilina,Bôrik,"ATP stavby s.r.o.","Teplička nad Váhom"
JuFuOGe_LXE,rent,"3-room apartment","okres Žilina",Žilina,Hliny,NULL,NULL
Ju1BpgSKaaX,sale,"2-room apartment","okres Čadca",Čadca,Žarec,"MGM reality",Žilina
JuVTyDRO6Fo,sale,"4-room apartment","okres Ružomberok",Ružomberok,Klačno,NULL,NULL
JuKXwzVXskc,rent,"4-room apartment","okres Žilina",Žilina,"Staré mesto","Realitná kancelária RED, s.r.o.",Žilina
JueuOSIj-04,sale,"3-room apartment","okres Martin",Vrútky,"Horné Vrútky","Realitná kancelária",Bratislava
JutPVr1bWDy,sale,"3-room apartment","okres Liptovský Mikuláš",Pribylina,Pribylina,"OVERENÉ REALITY","Banská Bystrica"
JuuAb4gfi_M,sale,"holiday apartment","okres Tvrdošín","Suchá Hora","Suchá Hora",NULL,NULL
Ju90gNOpUS1,sale,"3-room apartment","okres Martin",Martin,Jahodníky,"CANGURU s.r.o.","Rajecké Teplice"
JuaoWKxAUyW,rent,"3-room apartment","okres Žilina",Žilina,Solinky,"WFG reality, s.r.o.",Žilina
Ju1vHkMA9-i,sale,"3-room apartment","okres Dolný Kubín","Dolný Kubín",Stred,"RE/MAX Slovakia",Bratislava
Ju-a60L4yJH,sale,"2-room apartment","okres Dolný Kubín","Dolný Kubín",Brezovec,"FINREA - ak vám záleží na výsledku","Dolný Kubín"
JuWACwgZ0JW,sale,"3-room apartment","okres Bytča","Veľké Rovné","Veľké Rovné","Reality Alpia",Martin
JuhldTbf0YC,sale,"3-room apartment","okres Martin",Sučany,Sučany,"Constario REALTY s.r.o.",Žilina
Ju-zlCEP8xA,sale,"holiday apartment","okres Liptovský Mikuláš","Demänovská Dolina","Demänovská Dolina","Nové bývanie",Nitra
JuyMZex0bdp,sale,"2-room apartment","okres Žilina",Žilina,Bôrik,"Renovo Reality",Žilina
Jux3XqE2ppP,sale,"holiday apartment","okres Liptovský Mikuláš","Demänovská Dolina","Demänovská Dolina","XEMAR realitná spoločnosť s.r.o.","Banská Bystrica"
Juwu97tpKpb,rent,"2-room apartment","okres Martin",Martin,Stred,"MAX PROFI REALITY",Martin
JuCx6JHdbha,sale,"2-room apartment","okres Žilina",Žilina,Vlčince,"Reinoo a.s.",Žilina
JuNAef2PSXl,rent,"4-room apartment","okres Žilina",Žilina,Hliny,NULL,NULL
Jul4B6HJsMz,sale,"holiday apartment","okres Ružomberok",Bešeňová,Bešeňová,"MK-CORP s.r.o.",Malacky
JuITiNm8gMP,sale,"2-room apartment","okres Martin",Martin,Stred,NULL,NULL
JuZyhdrORR4,sale,"2-room apartment","okres Martin",Martin,Jahodníky,"CANGURU s.r.o.","Rajecké Teplice"
JunvsP3a8hf,rent,"holiday apartment","okres Liptovský Mikuláš","Liptovský Mikuláš",Demänová,liptoreal,"Liptovský Mikuláš"
Jun_e5pu1kO,sale,"3-room apartment","okres Žilina",Žilina,Vlčince,"Reinoo a.s.",Žilina
JuD2CR5HuKc,sale,"1-room apartment","okres Ružomberok",Ružomberok,Rybárpole,"A-Byt Consult, s.r.o.",Ružomberok
Ju4j49rCz8N,sale,"3-room apartment","okres Ružomberok",Ružomberok,"Staré mesto",NULL,NULL
Ju5mXWZ29s_,sale,"2-room apartment","okres Ružomberok",Ružomberok,"Staré mesto","Reality Alpia",Martin
Jurvv0ZHBuR,sale,"1-room apartment","okres Žilina",Žilina,Vlčince,"PSynchro RK32",Žilina
JuAxXn7nLOP,sale,"2-room apartment","okres Žilina",Žilina,Bôrik,"ŽILINAREAL, s.r.o.",Žilina
JuHpUtcCNg-,sale,"3-room apartment","okres Martin",Martin,Ľadoveň,"Financie a reality od A po Z",Martin
JuQIDFd_kHU,sale,"holiday apartment","okres Žilina",Terchová,Terchová,"KORSO Project, s.r.o.",Žilina
JudmgOWhHLZ1,sale,"2-room apartment","okres Čadca",Staškov,Staškov,"SLNOVRAT, s.r.o.",Olešná
Ju0hF7AM_5h,sale,"3-room apartment","okres Čadca",Čadca,Kyčerka,NULL,NULL
JuEeA2GuHj3,sale,"3-room apartment","okres Ružomberok",Ružomberok,Roveň,"A-Byt Consult, s.r.o.",Ružomberok
JuDDQHUehhw,sale,"1-room apartment","okres Turčianske Teplice","Turčianske Teplice",Stred,"TARGETreal s. r. o.",Žilina
Ju0xJVhINu5,sale,"2-room apartment","okres Čadca",Turzovka,Stred,"1. Reality Rent, s.r.o.",Žilina
JuTiMVE781u,sale,"3-room apartment","okres Ružomberok","Liptovská Osada","Liptovská Osada","AstonReal s.r.o.","Banská Bystrica"
JuV9QF4vC1L,sale,"3-room apartment","okres Martin",Martin,Stred,"Reality AK, spol. s r.o.",Martin
JumNtvscU-s,sale,"holiday apartment","okres Liptovský Mikuláš","Demänovská Dolina","Demänovská Dolina","CreeX Reality s.r.o.",Trnava
JuSTl0QkI_h,sale,"holiday apartment","okres Ružomberok",Ružomberok,Hrabovo,"NajBývanie, s.r.o.",Ružomberok
JuJZPVcldrZ,sale,"4-room apartment","okres Žilina",Žilina,Vlčince,"HMS Services, a. s.",Žilina
JuSSppam0PC,sale,"1-room apartment","okres Liptovský Mikuláš","Liptovský Mikuláš","Staré mesto","TATRA CITY RESIDENCE s. r. o.",Zvolen
JucYBy-FPZ5,sale,"2-room apartment","okres Žilina",Žilina,Vlčince,"Reinoo a.s.",Žilina
JuuJ1uhMrN8,rent,"2-room apartment","okres Námestovo",Námestovo,Stred,"BeMi realitná kancelária",Nitra
JuTc88Wux9w,sale,"2-room apartment","okres Ružomberok",Ružomberok,Polík,"GARANT REALITY",Ružomberok
Ju-cD3Eglt7,sale,"2-room apartment","okres Liptovský Mikuláš",Východná,Východná,"REALITY TATRY",Levoča
JuTbC9RkGly,rent,"4-room apartment","okres Žilina",Žilina,"Staré mesto","Realitná kancelária RED, s.r.o.",Žilina
JuKzHgnrtuZ,rent,"2-room apartment","okres Kysucké Nové Mesto","Kysucké Nové Mesto",Sídlisko,"Realitné kancelárie SR",Bratislava
Jua8nBfq4pP,sale,"4-room apartment","okres Žilina",Strečno,Strečno,"Realitná kancelária RED, s.r.o.",Žilina
JupAkSKIIBk,rent,"4-room apartment","okres Ružomberok",Ružomberok,"Staré mesto","Reality Alpia",Martin
Ju5Yoj_C-t-,sale,"2-room apartment","okres Martin",Martin,Stred,NULL,NULL
Ju0FWK0oDmX,sale,"1-room apartment","okres Žilina",Žilina,Hájik,"Reality Alpia",Martin
JucrRlUBTDv,sale,"3-room apartment","okres Čadca","Krásno nad Kysucou",NULL,"SLNOVRAT, s.r.o.",Olešná
JunvOdNMl-j,rent,"2-room apartment","okres Martin",Martin,Stred,"Reality MT s.r.o.",Martin
JuXll0okDmg,sale,"2-room apartment","okres Žilina",Žilina,Bôrik,"Realitná kancelária RED, s.r.o.",Žilina
Ju5MSxaC_U4,rent,"studio apartment","okres Čadca",Čadca,Žarec,"KUBALA REALITY, s.r.o.",Čadca
Ju0sE49cmdc,rent,"3-room apartment","okres Liptovský Mikuláš","Liptovský Mikuláš","Staré mesto",liptoreal,"Liptovský Mikuláš"
Ju8oShU9enl,sale,"4-room apartment","okres Bytča",Bytča,"Veľká Bytča","HALO reality, s.r.o.",Prievidza
JuOobPaFHGD,sale,"2-room apartment","okres Žilina",Kunerad,Kunerad,"JKV REAL",Prievidza
Ju9wHsIIJEO,rent,"4-room apartment","okres Žilina",Žilina,Trnové,"Realitné kancelárie SR",Bratislava
Ju6hdfe5kDA,sale,"holiday apartment","okres Liptovský Mikuláš","Demänovská Dolina","Demänovská Dolina","Tatry mountain resorts, a.s.","Liptovský Mikuláš"
JukheJ1B1aD,sale,"2-room apartment","okres Liptovský Mikuláš","Demänovská Dolina","Demänovská Dolina","RESIDENCE realitná kancelária","Liptovský Mikuláš"
JuXvJNkXrX-,sale,"holiday apartment","okres Liptovský Mikuláš","Demänovská Dolina","Demänovská Dolina","Reality Now",Bratislava
JuARmayf-nL,sale,"2-room apartment","okres Žilina",Žilina,Hliny,"Reality Alpia",Martin
JueWH91Qt062,sale,"holiday apartment","okres Ružomberok",Ružomberok,Hrabovo,"DOMUM realitná spoločnosť s. r. o.","Nové Mesto nad Váhom"
JuaBQ-omPcs,sale,"studio apartment","okres Martin",Martin,Sever,"Realitná kancelária",Bratislava
JuKfjwtr3uv,sale,"3-room apartment","okres Dolný Kubín",Leštiny,Leštiny,"FINREA - ak vám záleží na výsledku","Dolný Kubín"
JuBgCxlwRO1,sale,"3-room apartment","okres Kysucké Nové Mesto","Kysucké Nové Mesto",Kamence,"Pro Real, s. r. o. realitná kancelária",Žilina
JupJ5OCoIez,rent,"2-room apartment","okres Žilina",Žilina,Hájik,NULL,NULL
Juq8SVDOmLX,sale,"2-room apartment","okres Žilina",Žilina,Solinky,NULL,NULL
JuqvAhg9dB7,rent,"3-room apartment","okres Čadca","Krásno nad Kysucou",Stred,"KUBALA REALITY, s.r.o.",Čadca
JudvlSKcuB3,rent,"2-room apartment","okres Martin",Martin,Košúty,"Realitná kancelária DR, s.r.o.",Martin
Ju71Or7iIz1,rent,"2-room apartment","okres Kysucké Nové Mesto","Kysucké Nové Mesto",Stred,"Realitné kancelárie SR",Bratislava
Ju8f4W9RYX2,sale,"holiday apartment","okres Liptovský Mikuláš","Demänovská Dolina","Demänovská Dolina","Tatra Invest",Podtureň
JupbJt5OZmn,rent,"3-room apartment","okres Dolný Kubín","Dolný Kubín",Brezovec,NULL,NULL
JuUrbdc3pDN,sale,"2-room apartment","okres Liptovský Mikuláš","Liptovský Hrádok",Celiny,"RK SPIRIT s.r.o.","Liptovský Mikuláš"
Ju-XczSJwZk,rent,"3-room apartment","okres Bytča",Bytča,"Veľká Bytča","Fortio Popper s.r.o.",Bytča
JucfuBBHTMn,sale,"1-room apartment","okres Liptovský Mikuláš","Liptovský Mikuláš","Staré mesto","KA Real","Banská Bystrica"
JuoQ5zgqUF8,rent,"3-room apartment","okres Žilina",Žilina,"Staré mesto","STAREA, s. r. o.",Žilina
JuDyAq3LxaR,sale,"2-room apartment","okres Kysucké Nové Mesto","Kysucké Nové Mesto",Sídlisko,"Realitná kancelária RED, s.r.o.",Žilina
JuPoZE57z5D,sale,"4-room apartment","okres Žilina",Žilina,Vlčince,"RK4 REALITY",Bratislava
JuQ010q_mPp,sale,"studio apartment","okres Žilina",Žilina,Hliny,"House Real Žilina",Žilina
Ju6NM6rUyuq,rent,"1-room apartment","okres Liptovský Mikuláš","Liptovský Mikuláš","Liptovská Ondrašová","BEŇO REALITY","Liptovský Mikuláš"
Ju2W2fwASSP,sale,"3-room apartment","okres Dolný Kubín","Dolný Kubín",Brezovec,"TUreality s.r.o.",Žilina
Jun4cFPr-JJ,sale,"2-room apartment","okres Žilina",Žilina,Závodie,"R2 SK, s.r.o.",Žilina
JuU41-eIe2m,sale,"4-room apartment","okres Kysucké Nové Mesto","Kysucké Nové Mesto",Kamence,"Istrofinal, s. r. o.",Žilina
JuC7FB5n3i0,sale,"1-room apartment","okres Tvrdošín",Trstená,Trstená,"RK SPIRIT s.r.o.","Liptovský Mikuláš"
JuYWEki50At,rent,"studio apartment","okres Žilina",Žilina,"Staré mesto","1. Reality Rent, s.r.o.",Žilina
Julagh5blsT,rent,"2-room apartment","okres Martin",Martin,Stred,"FINREA - ak vám záleží na výsledku","Dolný Kubín"
JuL2CqQ6bTm,sale,"2-room apartment","okres Čadca",Turzovka,Stred,"BeMi realitná kancelária",Nitra
JuaDMLn46eO,rent,"2-room apartment","okres Martin",Martin,Stred,"FINREA - ak vám záleží na výsledku","Dolný Kubín"
JudWcaYczoj,sale,"studio apartment","okres Liptovský Mikuláš","Liptovský Mikuláš","Staré mesto","RESIDENCE realitná kancelária","Liptovský Mikuláš"
JuTaGlgOIm6,sale,"4-room apartment","okres Liptovský Mikuláš","Demänovská Dolina","Demänovská Dolina","Occam New Home",Bratislava
JuzwzT16anT,rent,"4-room apartment","okres Žilina",Žilina,Hliny,"Realitná kancelária RED, s.r.o.",Žilina
JuF5BDGmyHN,sale,"2-room apartment","okres Martin",Martin,Jahodníky,"CANGURU s.r.o.","Rajecké Teplice"
Ju-q6Oh2szF,sale,"3-room apartment","okres Kysucké Nové Mesto","Kysucké Nové Mesto",Sídlisko,"Realitná kancelária DOM",Žilina
Ju4T4al4Vz1,sale,"2-room apartment","okres Martin",Martin,Jahodníky,"CANGURU s.r.o.","Rajecké Teplice"
JuU5AQijDSV,sale,"2-room apartment","okres Liptovský Mikuláš","Liptovský Mikuláš","Staré mesto",G-REAL,"Liptovský Mikuláš"
JuMBGx19jQm,sale,"2-room apartment","okres Martin",Martin,Stred,"RE/MAX Slovakia",Bratislava
JuK1t12r-oH,rent,"2-room apartment","okres Žilina",Žilina,Hliny,"TUreality s.r.o.",Žilina
JuhxKlECA3G,sale,"4-room apartment","okres Ružomberok",Ružomberok,Roveň,"ODEKO manažment s.r.o.",Žilina
Ju9BdsvYTHj,sale,"4-room apartment","okres Žilina",Žilina,"Staré mesto","Teraz, a.s.",Žilina
Ju6Co8ebtz8,sale,"4-room apartment","okres Žilina",Žilina,Hájik,"B10 Slovensko, a. s.",Žilina
Ju7WBBedEh6,rent,"3-room apartment","okres Žilina",Žilina,Vlčince,NULL,NULL
Ju0fvkzNIT_,sale,"3-room apartment","okres Liptovský Mikuláš","Liptovský Mikuláš","Staré mesto","RESIDENCE realitná kancelária","Liptovský Mikuláš"
Ju4lV1--VGV,sale,"3-room apartment","okres Žilina",Žilina,"Staré mesto","Realitka pre každého",Žilina
JuFVUTYq75r,rent,"2-room apartment","okres Dolný Kubín","Dolný Kubín",Mokraď,"OREA, s.r.o.","Dolný Kubín"
JuktUK0BQQK,rent,"2-room apartment","okres Žilina",Žilina,Hliny,NULL,NULL
JuuN3hIqf_p,sale,"2-room apartment","okres Liptovský Mikuláš","Liptovský Mikuláš",Podbreziny,"OVERENÉ REALITY","Banská Bystrica"
Jug3tmEab8dn,sale,"3-room apartment","okres Liptovský Mikuláš","Liptovský Mikuláš",Podbreziny,"TUreality s.r.o.",Žilina
Ju0wXtJ_miO,sale,"3-room apartment","okres Liptovský Mikuláš","Liptovský Mikuláš","Liptovská Mara - Tatralandia","Prvá Realitná Kancelária, s.r.o.",Bratislava
JuGN2-1NoX2,sale,"2-room apartment","okres Žilina",Žilina,Vlčince,"Reinoo a.s.",Žilina
JuSqYMaXIJ4,rent,"3-room apartment","okres Liptovský Mikuláš","Liptovský Mikuláš",Palúdzka,"RESIDENCE realitná kancelária","Liptovský Mikuláš"
Ju_mj9AejcW,sale,"3-room apartment","okres Martin",Martin,Priekopa,"RECLOUD Reality a.s.",Bratislava
Jul4sW3x805,sale,"other apartment type","okres Žilina",Žilina,"Staré mesto","WFG reality, s.r.o.",Žilina
Juty1iBq1Em,rent,"3-room apartment","okres Žilina",Žilina,"Staré mesto","ŽILINAREAL, s.r.o.",Žilina
Ju-1tp0yEDG,sale,"3-room apartment","okres Martin",Martin,Stred,"FINREA - ak vám záleží na výsledku","Dolný Kubín"
JuDeBuW3pN0,sale,"3-room apartment","okres Martin",Martin,Jahodníky,"Buby reality, s.r.o.",Žilina
JuDjC6lbUrb,sale,"2-room apartment","okres Ružomberok",Ružomberok,Baničné,"ODEKO manažment s.r.o.",Žilina
JukiyEnJ5hw,sale,"4-room apartment","okres Žilina",Žilina,Hliny,"Realitná kancelária RED, s.r.o.",Žilina
Ju35wiOj2hS,sale,"3-room apartment","okres Žilina",Žilina,Vlčince,"Reinoo a.s.",Žilina
JuIYGEaJFQ7,sale,"2-room apartment","okres Liptovský Mikuláš","Demänovská Dolina","Demänovská Dolina",G-REAL,"Liptovský Mikuláš"
Ju4n_bUHLJ9,rent,"2-room apartment","okres Martin",Martin,Stred,"FINREA - ak vám záleží na výsledku","Dolný Kubín"
JuDt4JSbLor,rent,"2-room apartment","okres Martin",Martin,Podháj,"FINREA - ak vám záleží na výsledku","Dolný Kubín"
JuK5fZIIPNG,sale,"3-room apartment","okres Dolný Kubín","Dolný Kubín",Brezovec,NULL,NULL
Jui1mJgPtv9,rent,"3-room apartment","okres Martin",Vrútky,"Horné Vrútky","FINREA - ak vám záleží na výsledku","Dolný Kubín"
JuFG7fBeyGR,sale,"3-room apartment","okres Martin",Martin,Ľadoveň,"B10 Slovensko, a. s.",Žilina
JuKfm2wXtCP,sale,"2-room apartment","okres Žilina","Rajecké Teplice","Rajecké Teplice","B10 Slovensko, a. s.",Žilina
JufWdbgp6A3,sale,"3-room apartment","okres Martin",Martin,Stred,"TARGETreal s. r. o.",Žilina
Jud1TyzIUXK,rent,"2-room apartment","okres Liptovský Mikuláš","Liptovský Mikuláš",Palúdzka,"Loviu, s.r.o.","Liptovský Mikuláš"
Ju5fikmM7T5,sale,"3-room apartment","okres Liptovský Mikuláš","Liptovský Mikuláš","Staré mesto","RK SPIRIT s.r.o.","Liptovský Mikuláš"
JuewVCwJvGy,rent,"holiday apartment","okres Žilina",Žilina,Vlčince,"MK CAR, s.r.o.",Bitarová
JuGV5aus1Gq,sale,"3-room apartment","okres Kysucké Nové Mesto","Kysucké Nové Mesto",Kamence,"WFG reality, s.r.o.",Žilina
JuTVD1EJqzO,sale,"2-room apartment","okres Martin",Martin,Záturčie,"BENCONT DEVELOPMENT, a.s.",Bratislava
JuH7sCfx0Xw,sale,"2-room apartment","okres Čadca",Staškov,Staškov,"SLNOVRAT, s.r.o.",Olešná
Jux9NoUYkfu,sale,"3-room apartment","okres Ružomberok",Ružomberok,Baničné,"ODEKO manažment s.r.o.",Žilina
JuEE_KosY1x,sale,"2-room apartment","okres Žilina",Žilina,"Staré mesto","Realitné kancelárie SR",Bratislava
JuYp1Zctty0,sale,"2-room apartment","okres Martin",Turany,Turany,"Reality Alpia",Martin
JuoZ1J6Es1y,rent,"2-room apartment","okres Žilina",Žilina,Hájik,"bezmaklérov, s.r.o.",Žilina
JuWQ2JltmXN,rent,"3-room apartment","okres Kysucké Nové Mesto","Kysucké Nové Mesto",Stred,"WFG reality, s.r.o.",Žilina
Juwpt8fo8iw,sale,"3-room apartment","okres Martin",Martin,Sever,"KARIN & PARTNERS, s.r.o.",Bratislava
Ju4MMsyYZ5L,rent,"studio apartment","okres Kysucké Nové Mesto","Kysucké Nové Mesto",Sídlisko,"DRR INVEST, s. r. o.","Horný Hričov"
JuzbyOpl5Xf,rent,"3-room apartment","okres Bytča",Bytča,"Veľká Bytča","Fortio Popper s.r.o.",Bytča
JuFU83JdcqO,rent,"3-room apartment","okres Dolný Kubín","Dolný Kubín","Veľký Bysterec","FINREA - ak vám záleží na výsledku","Dolný Kubín"
Jut7vhqlQ5I,sale,"2-room apartment","okres Martin",Lipovec,Lipovec,"Like Reality s.r.o.","Považská Bystrica"
JubDyUATEXA,sale,"4-room apartment","okres Martin",Martin,Priekopa,"Reality D.P.A.",Martin
JuqdVslmKGx,sale,"2-room apartment","okres Martin",Martin,Sever,"Realitné kancelárie SR",Bratislava
JucGgWWz-uF,rent,"1-room apartment","okres Čadca",Čadca,Centrum,"Realitné kancelárie SR",Bratislava
JueR5kVH0gB,rent,"2-room apartment","okres Martin",Martin,"Horné Vrútky",NULL,NULL
Jugl5WLVOis,rent,"2-room apartment","okres Liptovský Mikuláš","Liptovský Mikuláš","Vrbica - Nábrežie",NULL,NULL
Ju1AWDIaxaK,sale,"3-room apartment","okres Ružomberok",Ružomberok,Roveň,"RK SPIRIT s.r.o.","Liptovský Mikuláš"
JuVx84ohOxh,rent,"1-room apartment","okres Martin",Martin,Stráne,"FINREA - ak vám záleží na výsledku","Dolný Kubín"
JuFQj_B37XO,sale,"2-room apartment","okres Žilina",Žilina,"Staré mesto","ROMDOM, s. r. o",Žilina
JuRxO-wu66d,sale,"4-room apartment","okres Žilina",Žilina,Vlčince,"LAVENTURA s.r.o.",Žilina
Juq924pqMXb,sale,"3-room apartment","okres Žilina","Horný Hričov","Horný Hričov","Buby reality, s.r.o.",Žilina
JuEVkw9ddDA,sale,"3-room apartment","okres Martin",Martin,Stred,"Reality ASTORIA, s.r.o.",Martin
JumX8n0CV3C,sale,"1-room apartment","okres Žilina",Žilina,Hájik,"Realitná kancelária",Bratislava
JuHfT6EkWLg,sale,"2-room apartment","okres Liptovský Mikuláš","Liptovský Mikuláš","Vrbica - Nábrežie","J.M.H. s.r.o.","Liptovský Hrádok"
JucNvh6xi3X,sale,"4-room apartment","okres Žilina",Žilina,"Staré mesto","KORSO Project, s.r.o.",Žilina
Jujveqa78vA,sale,"3-room apartment","okres Žilina",Žilina,"Staré mesto","ŽILINAREAL, s.r.o.",Žilina
JuSTaf-asxr,sale,"3-room apartment","okres Liptovský Mikuláš","Liptovský Hrádok",Prekážka,"HALO reality, s.r.o.",Prievidza
Ju65cZ1we6J,rent,"1-room apartment","okres Žilina",Žilina,"Staré mesto",NULL,NULL
Ju-XTfWbu4x,rent,"2-room apartment","okres Čadca",Čadca,Centrum,"SLNOVRAT, s.r.o.",Olešná
JujKiw_LZU1,sale,"3-room apartment","okres Kysucké Nové Mesto","Horný Vadičov","Horný Vadičov","RK4 REALITY",Bratislava
JueIY5hIK7c,sale,"3-room apartment","okres Žilina",Žilina,Vlčince,"Reinoo a.s.",Žilina
JuqmFIXrbkG,rent,"studio apartment","okres Dolný Kubín","Dolný Kubín",Brezovec,"FINREA - ak vám záleží na výsledku","Dolný Kubín"
JubxOFYENrS,sale,"holiday apartment","okres Liptovský Mikuláš",Smrečany,Smrečany,"Pegas real s.r.o.",Bratislava
Julrxc4m4jW,sale,"2-room apartment","okres Žilina",Žilina,Solinky,"MGM reality",Žilina
JuNbGbpkzSB,rent,"4-room apartment","okres Žilina",Žilina,Vlčince,"Piata Avenue",Žilina
JuOHl43if-S,rent,"2-room apartment","okres Dolný Kubín","Dolný Kubín",Mokraď,"OREA, s.r.o.","Dolný Kubín"
Jugmk_Ze8Rz,sale,"3-room apartment","okres Liptovský Mikuláš","Liptovský Mikuláš","Vrbica - Nábrežie","OVERENÉ REALITY","Banská Bystrica"
Ju3RyhBnxqn,sale,"3-room apartment","okres Liptovský Mikuláš","Demänovská Dolina","Demänovská Dolina","DLUGO reality",Poprad
Juv-PlaXTBH,rent,"3-room apartment","okres Martin",Martin,Záturčie,"Reality Alpia",Martin
Ju7JTdVZY88,sale,"4-room apartment","okres Kysucké Nové Mesto","Kysucké Nové Mesto",Kamence,"Istrofinal, s. r. o.",Žilina
JuiXqsf4YYv,rent,"4-room apartment","okres Liptovský Mikuláš","Liptovský Mikuláš","Staré mesto",NULL,NULL
Juacbmz9XNp,sale,"2-room apartment","okres Ružomberok",Ružomberok,Roveň,"Reality Alpia",Martin
Juuc5eYfRcY,rent,"2-room apartment","okres Martin",Martin,Podháj,"RE/MAX Slovakia",Bratislava
JuWeCQ_05jp,sale,"holiday apartment","okres Liptovský Mikuláš","Demänovská Dolina","Demänovská Dolina","RESIDENCE realitná kancelária","Liptovský Mikuláš"
Ju7dMBplPsC,sale,"2-room apartment","okres Kysucké Nové Mesto","Kysucké Nové Mesto",Kamence,"Istrofinal, s. r. o.",Žilina
JuEJsd-IFWc,sale,"2-room apartment","okres Liptovský Mikuláš","Liptovský Mikuláš","Staré mesto","TATRA CITY RESIDENCE s. r. o.",Zvolen
JuvU6HPzzl0,rent,"2-room apartment","okres Liptovský Mikuláš","Liptovský Mikuláš","Liptovská Ondrašová","OVERENÉ REALITY","Banská Bystrica"
Jus-41FaUT-,sale,"2-room apartment","okres Žilina",Žilina,"Staré mesto","Safe reality s. r. o.",Žilina
Jugd0CIH9AR,sale,"3-room apartment","okres Žilina",Žilina,Hliny,"MGM reality",Žilina
JuULfuWRHXy,sale,"2-room apartment","okres Martin",Turany,Turany,"Reality D.P.A.",Martin
JuG0SlTwzlu,sale,"4-room apartment","okres Žilina",Žilina,Hliny,"MGM reality",Žilina
JuzhJPXxvIr,sale,"2-room apartment","okres Martin",Martin,Tomčany,"Reality AK, spol. s r.o.",Martin
Ju67d-dUTmu,rent,"3-room apartment","okres Žilina",Žilina,"Staré mesto","JKV REAL",Prievidza
Ju3GPN81c0G6,sale,"5+ room apartment","okres Žilina",Žilina,"Staré mesto","Realitná kancelária DOM",Žilina
JupEyEEjkVM,sale,"3-room apartment","okres Žilina",Žilina,Vlčince,"Jacek reality s. r. o.","Považská Bystrica"
Juo3yMu_z5E,sale,"5+ room apartment","okres Martin",Martin,Stred,"RS Mansory s.r.o.",Bratislava
JutGSTAuW2R,rent,"2-room apartment","okres Martin",Martin,Stred,"Reality Alpia",Martin
JueaMJQ3i3k,sale,"3-room apartment","okres Tvrdošín",Tvrdošín,Medvedzie,"TUreality s.r.o.",Žilina
JuZCBswYwaN1,rent,"holiday apartment","okres Liptovský Mikuláš","Liptovský Mikuláš",Demänová,NULL,NULL
Ju4LJ_g_D6K,rent,"3-room apartment","okres Bytča",Bytča,"Veľká Bytča","Fortio Popper s.r.o.",Bytča
JukApNg-M8K,sale,"3-room apartment","okres Žilina",Žilina,"Malá Praha",NULL,NULL
Ju9y0Y4mbAj,sale,"3-room apartment","okres Martin",Vrútky,"Horné Vrútky","GRAVITAS a. s.",Bratislava
JuLuLPY-Qsq,sale,"2-room apartment","okres Martin",Martin,Stred,"Buby reality, s.r.o.",Žilina
JudMJ6hNCSy,rent,"2-room apartment","okres Liptovský Mikuláš","Liptovský Mikuláš",Palúdzka,NULL,NULL
JuMLTI5Qk7o,sale,"holiday apartment","okres Liptovský Mikuláš","Demänovská Dolina","Demänovská Dolina","MK-CORP s.r.o.",Malacky
JuRdtZI3MuC,sale,"2-room apartment","okres Liptovský Mikuláš",Ľubeľa,Ľubeľa,G-REAL,"Liptovský Mikuláš"
Ju6MmU5y4t_,rent,"4-room apartment","okres Žilina",Žilina,Rosinky,"Realitné kancelárie SR",Bratislava
Juq_j6YQYsV,rent,"2-room apartment","okres Martin",Martin,Stred,"Reality ASTORIA, s.r.o.",Martin
JuoJ3kkyC7Y,rent,"2-room apartment","okres Martin",Martin,Stred,"FINREA - ak vám záleží na výsledku","Dolný Kubín"
JuVvUzJnXTu,rent,"2-room apartment","okres Žilina",Žilina,"Staré mesto","Realitné kancelárie SR",Bratislava
Ju5ImCNB76o,sale,"4-room apartment","okres Kysucké Nové Mesto","Kysucké Nové Mesto",Kamence,"MGM reality",Žilina
JuNw9r8KaEc,rent,"studio apartment","okres Martin",Martin,Stred,"FINREA - ak vám záleží na výsledku","Dolný Kubín"
Juxpt8YRG2_,sale,"3-room apartment","okres Ružomberok",Ružomberok,Baničné,"Reality Alpia",Martin
Ju_V7mSpqiT,rent,"1-room apartment","okres Žilina",Žilina,Závodie,"TARGETreal s. r. o.",Žilina
Ju4y_fscQPu,sale,"3-room apartment","okres Martin",Vrútky,"Horné Vrútky","FINREA - ak vám záleží na výsledku","Dolný Kubín"
Juso4TLY6UW,sale,"2-room apartment","okres Martin",Martin,Košúty,"FINREA - ak vám záleží na výsledku","Dolný Kubín"
JukGyJ3rkzi,sale,"3-room apartment","okres Čadca",Čadca,Kyčerka,"Realitná kancelária",Bratislava
JueH_k99MSI,sale,"3-room apartment","okres Liptovský Mikuláš","Liptovský Mikuláš","Staré mesto","RESIDENCE realitná kancelária","Liptovský Mikuláš"
JuVD_m1Cal89,sale,"2-room apartment","okres Dolný Kubín",Istebné,Istebné,"FINREA - ak vám záleží na výsledku","Dolný Kubín"
Juh1ajbcNdb,sale,"3-room apartment","okres Martin",Martin,Ľadoveň,"Realitná kancelária",Bratislava
JulVwlSvctK,sale,"2-room apartment","okres Liptovský Mikuláš","Liptovský Mikuláš","Liptovská Mara - Tatralandia","Prvá Realitná Kancelária, s.r.o.",Bratislava
JuZMRwuUCim,rent,"3-room apartment","okres Kysucké Nové Mesto",Nesluša,Nesluša,"Reality IQ, s.r.o.",Žilina
JuSBcLlOavm,sale,"2-room apartment","okres Žilina",Žilina,Hájik,"RIEŠIME BÝVANIE",Bratislava
JufTJtipeK4,sale,"3-room apartment","okres Martin",Martin,Ľadoveň,"Felicita Real s. r. o.",Martin
JuauRurLCyp,sale,"2-room apartment","okres Žilina",Žilina,Hájik,"Realitné kancelárie SR",Bratislava
Ju3sbzAOfWW,sale,"4-room apartment","okres Bytča","Veľké Rovné","Veľké Rovné","B10 Slovensko, a. s.",Žilina
JuyXVDLxEni,rent,"2-room apartment","okres Liptovský Mikuláš","Liptovský Mikuláš",Palúdzka,NULL,NULL
Ju9DwSC6oJu,sale,"2-room apartment","okres Ružomberok",Ružomberok,Polík,"RK Dalmia s. r. o.","Dolný Kubín"
Ju1eGXbZzUb,sale,"3-room apartment","okres Žilina",Žilina,Vlčince,"Wealth Group, s.r.o.","Nová Dedinka"
JuU7r63X4wA,sale,"3-room apartment","okres Liptovský Mikuláš","Liptovský Mikuláš",Podbreziny,"AstonReal s.r.o.","Banská Bystrica"
JuwIRVaQL-Z,sale,"2-room apartment","okres Žilina",Fačkov,Fačkov,"Realitné kancelárie SR",Bratislava
JuZIrRq5Yby,sale,"4-room apartment","okres Tvrdošín",Trstená,Trstená,"BeMi realitná kancelária",Nitra
Juzc7VOLXGcb,sale,"3-room apartment","okres Čadca",Raková,Raková,"RECLOUD Reality a.s.",Bratislava
Juh069sIM8t,sale,"4-room apartment","okres Žilina",Žilina,Závodie,"TUreality s.r.o.",Žilina
Juq7qf85SJ_x,rent,"2-room apartment","okres Kysucké Nové Mesto","Kysucké Nové Mesto",Suľkov,"Realitné kancelárie SR",Bratislava
JuHNiSC8Wtj,sale,"holiday apartment","okres Liptovský Mikuláš","Demänovská Dolina","Demänovská Dolina","J.M.H. s.r.o.","Liptovský Hrádok"
JuW48-9PwOZ,rent,"1-room apartment","okres Čadca","Krásno nad Kysucou",Stred,"JPE. Reality - Jozef Pajer",Čadca
JuMvD_EgmbK,sale,"3-room apartment","okres Žilina",Žilina,Hliny,"RIEŠIME BÝVANIE",Bratislava
Ju6MXg-E6En,sale,"1-room apartment","okres Martin",Martin,Podháj,"Buby reality, s.r.o.",Žilina
Ju9pwW3rFN2,rent,"1-room apartment","okres Čadca",Čadca,Centrum,"HOLESTIAK.sk reality s.r.o.",Čadca
Ju5kidrwmrO2,rent,"2-room apartment","okres Kysucké Nové Mesto","Kysucké Nové Mesto",Sídlisko,"Safe reality s. r. o.",Žilina
JukVrVsK1ht,sale,"3-room apartment","okres Žilina",Žilina,Hájik,"Realitná kancelária RED, s.r.o.",Žilina
Jufdn1ln-Ke,sale,"2-room apartment","okres Liptovský Mikuláš","Liptovský Mikuláš",NULL,"bezmaklérov, s.r.o.",Žilina
JuzAfAnhSmB,sale,"4-room apartment","okres Martin",Martin,Priekopa,"NajBývanie, s.r.o.",Ružomberok
JuokG910TrR,rent,"1-room apartment","okres Martin",Martin,Stred,"FINREA - ak vám záleží na výsledku","Dolný Kubín"
JuJqHGEd9oq,rent,"holiday apartment","okres Žilina","Rajecké Teplice","Rajecké Teplice","AnoReal, s.r.o.",Stráňavy
Ju9itHE-Ye8,rent,"2-room apartment","okres Martin",Martin,Stred,"Reality Alpia",Martin
JuE1GXKIL78,rent,"1-room apartment","okres Žilina",Žilina,Vlčince,NULL,NULL
JuIlrGNiow6,sale,"3-room apartment","okres Liptovský Mikuláš","Liptovská Sielnica","Liptovská Sielnica","Q REAL s.r.o.",Bratislava
JuIpF-cJ7Wj,sale,"2-room apartment","okres Žilina",Žilina,"Staré mesto","BR ACADEMY, s. r. o.","Kysucké Nové Mesto"
Ju0lQAOkvtE,sale,"1-room apartment","okres Žilina",Žilina,"Staré mesto","WFG reality, s.r.o.",Žilina
Ju7XXF2jsra,sale,"3-room apartment","okres Žilina",Žilina,Vlčince,"Realitná kancelária RED, s.r.o.",Žilina
Juhxp3dqjhf,rent,"1-room apartment","okres Martin",Martin,Podháj,"Realitné kancelárie SR",Bratislava
JuqDc5JA0z2,sale,"4-room apartment","okres Dolný Kubín","Dolný Kubín",Brezovec,"OREA, s.r.o.","Dolný Kubín"
JufwsWkzi_8,rent,"1-room apartment","okres Martin",Martin,Stred,"Realitná kancelária",Bratislava
Ju3mlopyrCW,sale,"2-room apartment","okres Turčianske Teplice","Turčianske Teplice",Stred,"TARGETreal s. r. o.",Žilina
JuW-h1lHUAf,sale,"2-room apartment","okres Liptovský Mikuláš","Liptovský Mikuláš","Staré mesto","TATRA CITY RESIDENCE s. r. o.",Zvolen
JuuIsQ7Faa3,sale,"3-room apartment","okres Žilina",Žilina,"Staré mesto",NULL,NULL
JucaEIsV4JC,sale,"3-room apartment","okres Žilina",Mojš,Mojš,"NajBývanie, s.r.o.",Ružomberok
Ju3Edwy5E9k,sale,"4-room apartment","okres Žilina",Žilina,"Staré mesto","Realitné kancelárie SR",Bratislava
JuOF4HNBZNF,sale,"3-room apartment","okres Ružomberok",Ľubochňa,Ľubochňa,"TUreality s.r.o.",Žilina
Jubt5q54oGG,sale,"2-room apartment","okres Liptovský Mikuláš","Demänovská Dolina","Demänovská Dolina","Realitné kancelárie SR",Bratislava
Juq2JDI17SL,rent,"1-room apartment","okres Žilina",Žilina,Vlčince,NULL,NULL
JufIcrH5ACA,rent,"2-room apartment","okres Žilina",Žilina,"Staré mesto","Piata Avenue",Žilina
Ju9Ws1QPS3n,rent,"4-room apartment","okres Žilina",Žilina,Vlčince,"MGM reality",Žilina
Ju-rzMotwKF,sale,"1-room apartment","okres Liptovský Mikuláš","Liptovský Mikuláš","Liptovská Mara - Tatralandia","ARCHEUS Partners a.s.",Bratislava
JuxMPXZzAel,sale,"2-room apartment","okres Čadca",Čadca,Žarec,"BeMi realitná kancelária",Nitra
JuEHAn3LwGR,sale,"2-room apartment","okres Dolný Kubín","Dolný Kubín",Stred,NULL,NULL
JuazplczVyT,rent,"1-room apartment","okres Liptovský Mikuláš","Liptovský Mikuláš","Staré mesto","KA Real","Banská Bystrica"
Ju_TGzIFNk3,sale,"holiday apartment","okres Liptovský Mikuláš","Liptovský Mikuláš",Demänová,NULL,NULL
JuuM-q0SgiK,rent,"4-room apartment","okres Žilina",Žilina,Vlčince,"Direct Real, spol. s r.o.",Bratislava
Ju-lRWjvao3,sale,"2-room apartment","okres Liptovský Mikuláš","Liptovský Mikuláš","Staré mesto","RESIDENCE realitná kancelária","Liptovský Mikuláš"
JunWCB0DrwG,sale,"3-room apartment","okres Čadca",Čadca,"Sídlisko 3","1. Reality Rent, s.r.o.",Žilina
JuxyNbJ2-r9,sale,"holiday apartment","okres Ružomberok",Ružomberok,Hrabovo,"Reality Alpia",Martin
JuUW30jCiXY,sale,"3-room apartment","okres Liptovský Mikuláš","Liptovský Mikuláš",Podbreziny,"sunnyreal s.r.o.",Senec
JuKqTd0J1IQ,sale,"2-room apartment","okres Liptovský Mikuláš","Liptovský Mikuláš","Staré mesto","RESIDENCE realitná kancelária","Liptovský Mikuláš"
Juz-nuV7qfY,sale,"4-room apartment","okres Žilina",Žilina,Vlčince,"DreamReality s.r.o.",Žilina
Juvr_afUfgc,sale,"4-room apartment","okres Žilina",Žilina,"Staré mesto","Realitná kancelária RED, s.r.o.",Žilina
JuSB5VX7uLX,sale,"3-room apartment","okres Dolný Kubín","Dolný Kubín",NULL,"TUreality s.r.o.",Žilina
JuA0NKQExXq,sale,"3-room apartment","okres Žilina",Žilina,Hliny,"Pro Real, s. r. o. realitná kancelária",Žilina
Ju_JHpt6_hD,sale,"studio apartment","okres Liptovský Mikuláš","Demänovská Dolina","Demänovská Dolina",G-REAL,"Liptovský Mikuláš"
Juo05IpENrn,sale,"3-room apartment","okres Liptovský Mikuláš","Liptovský Mikuláš",Demänová,"Svoboda&Williams Slovakia s.r.o.",Bratislava
JuZG0VM_IM4,sale,"3-room apartment","okres Bytča",Štiavnik,Štiavnik,"R2 SK, s.r.o.",Žilina
JuUOO-LXy23,rent,"3-room apartment","okres Liptovský Mikuláš","Liptovský Mikuláš","Staré mesto",jabyvam.sk,"Liptovský Mikuláš"
JucyrM14fby,rent,"4-room apartment","okres Žilina",Žilina,Vlčince,"Realitné kancelárie SR",Bratislava
JuYEF2k-qam,sale,"3-room apartment","okres Liptovský Mikuláš","Liptovský Mikuláš","Vrbica - Nábrežie","RESIDENCE realitná kancelária","Liptovský Mikuláš"
JuLJzHZSfxX,sale,"2-room apartment","okres Martin",Martin,Sever,"RIEŠIME BÝVANIE",Bratislava
JuxE6cxjVt5,rent,"3-room apartment","okres Martin",Martin,Priekopa,"Reality Center, s.r.o.",Martin
JuSt-eGDLO6,sale,"studio apartment","okres Ružomberok",Ružomberok,"Staré mesto",NULL,NULL
JuaEFYi_BYt,sale,"2-room apartment","okres Liptovský Mikuláš","Liptovský Mikuláš","Staré mesto","Realitné kancelárie SR",Bratislava
Ju8vp_eBF_v,sale,"3-room apartment","okres Kysucké Nové Mesto","Kysucké Nové Mesto",Kamence,"Istrofinal, s. r. o.",Žilina
JuRTwACBCKF,sale,"3-room apartment","okres Námestovo",Zubrohlava,Zubrohlava,"Nové bývanie",Nitra
JubsYNuv_gH,sale,"2-room apartment","okres Dolný Kubín","Dolný Kubín",Stred,NULL,NULL
Jubm9fi-mY2v,sale,"2-room apartment","okres Liptovský Mikuláš","Malé Borové","Malé Borové",NULL,NULL
JudLF_FsgcX,sale,"4-room apartment","okres Žilina",Žilina,Vlčince,"Reality Alpia",Martin
JuS9mzdfL46,rent,"2-room apartment","okres Žilina",Žilina,Vlčince,NULL,NULL
Juopd9f8gHL,rent,"2-room apartment","okres Martin",Martin,Priekopa,"Realitné kancelárie SR",Bratislava
Ju2UJpNwB9y,sale,"2-room apartment","okres Čadca",Staškov,Staškov,"SLNOVRAT, s.r.o.",Olešná
JuUmF3RUVmb,sale,"studio apartment","okres Martin",Martin,Sever,"Realitná kancelária",Bratislava
JudlhMNjWfy,sale,"3-room apartment","okres Martin",Martin,Záturčie,"Realitné kancelárie SR",Bratislava
JuKXKn_6Mq6,sale,"2-room apartment","okres Žilina",Žilina,Solinky,"Realitná kancelária RED, s.r.o.",Žilina
JuKVuQz4tJM,rent,"2-room apartment","okres Dolný Kubín","Dolný Kubín",Mokraď,"OREA, s.r.o.","Dolný Kubín"
JuFvtb1f76m,sale,"3-room apartment","okres Žilina",Žilina,Vlčince,NULL,NULL
JufchRWgj96,sale,"1-room apartment","okres Žilina",Žilina,"Staré mesto","WFG reality, s.r.o.",Žilina
JuXqaBy1YwX,sale,"2-room apartment","okres Žilina",Žilina,"Staré mesto","Realitné kancelárie SR",Bratislava
JuMU6JiyoDi,sale,"3-room apartment","okres Žilina",Višňové,Višňové,"TUreality s.r.o.",Žilina
JuFIplbJnri,sale,"4-room apartment","okres Čadca",Čadca,Centrum,"MGM reality",Žilina
JuXU3OM1vfY,rent,"3-room apartment","okres Žilina",Žilina,"Staré mesto",NULL,NULL
Ju7W5q5NyuP,rent,"holiday apartment","okres Tvrdošín",NULL,NULL,"Fine Living",Nitra
Ju1cXQ08ziY,sale,"2-room apartment","okres Dolný Kubín","Dolný Kubín",Brezovec,"RK Dalmia s. r. o.","Dolný Kubín"
Ju4Mn0S0K8V,sale,"1-room apartment","okres Martin",Martin,Tomčany,"Reality AK, spol. s r.o.",Martin
JuyiYLCVsIz,sale,"2-room apartment","okres Ružomberok",Ružomberok,Roveň,"NajBývanie, s.r.o.",Ružomberok
JupinWd8ZQVD,sale,"2-room apartment","okres Žilina",Žilina,"Staré mesto","TARGETreal s. r. o.",Žilina
Ju-7v4T1AY6H,rent,"2-room apartment","okres Martin",Martin,Priekopa,"Reality Alpia",Martin
Juqwj6nqGVe,rent,"3-room apartment","okres Kysucké Nové Mesto","Kysucké Nové Mesto",Kamence,Reality+,Žilina
JueZM646cTy,sale,"holiday apartment","okres Ružomberok",Bešeňová,Bešeňová,"OREA, s.r.o.","Dolný Kubín"
JufIYFnXqFe,rent,"3-room apartment","okres Martin",Martin,Stred,"RE/MAX Slovakia",Bratislava
JuhmvsftjdY,sale,"3-room apartment","okres Martin",Martin,Jahodníky,"Buby reality, s.r.o.",Žilina
JuUk6PkKhU1,rent,"2-room apartment","okres Žilina",Žilina,"Staré mesto","JKV REAL",Prievidza
JumYoLK7UqZ,rent,"1-room apartment","okres Martin",Martin,Stred,NULL,NULL
Jub_GkQafv9,sale,"2-room apartment","okres Martin",Martin,Podháj,"B10 Slovensko, a. s.",Žilina
JuCMuZyrXT9,sale,"3-room apartment","okres Čadca",Čadca,Žarec,"1. Reality Rent, s.r.o.",Žilina
JuGtWZEOQoM,sale,"2-room apartment","okres Žilina",Žilina,"Staré mesto","TUreality s.r.o.",Žilina
JuJZH5W0xc8,rent,"2-room apartment","okres Liptovský Mikuláš","Liptovský Mikuláš","Staré mesto","RESIDENCE realitná kancelária","Liptovský Mikuláš"
JursQitkieS,sale,"studio apartment","okres Žilina",Žilina,Bánová,"PRIMA reality s.r.o.",Žilina
JuhY6PtUUUQ,sale,"4-room apartment","okres Kysucké Nové Mesto","Kysucké Nové Mesto",Kamence,"Istrofinal, s. r. o.",Žilina
JuwolRsTXje,sale,"3-room apartment","okres Liptovský Mikuláš","Liptovský Mikuláš",Podbreziny,"OVERENÉ REALITY","Banská Bystrica"
JulmjMPVf2y,sale,"4-room apartment","okres Martin",Martin,Stred,"Constario REALTY s.r.o.",Žilina
JuXYI9YrjoJ,sale,"3-room apartment","okres Žilina",Žilina,Hájik,"ODEKO manažment s.r.o.",Žilina
Juluyhlg8Mb,rent,"studio apartment","okres Martin",Martin,Sever,"Realitná kancelária",Bratislava
JumN63g2ReF,sale,"3-room apartment","okres Žilina",Varín,Varín,Maxareality,Prievidza
JuF-0hmTSgb,sale,"holiday apartment","okres Ružomberok",Bešeňová,Bešeňová,"MK-CORP s.r.o.",Malacky
JuiYcneQxM0,sale,"3-room apartment","okres Čadca",Čadca,Kyčerka,"Realitná kancelária",Bratislava
JuJrPj7p6LA,sale,"holiday apartment","okres Liptovský Mikuláš","Pavčina Lehota","Pavčina Lehota",NULL,NULL
Ju-S5IE7Y0K,sale,"holiday apartment","okres Liptovský Mikuláš","Závažná Poruba","Závažná Poruba",NULL,NULL
JutAxM54sI9,sale,"2-room apartment","okres Martin",Martin,Sever,"Realitná kancelária",Bratislava
JuBT9IU3F1g,sale,"3-room apartment","okres Žilina",Žilina,"Staré mesto","KORSO Project, s.r.o.",Žilina
Ju-j_zRPy7a,sale,"2-room apartment","okres Martin",Martin,Záturčie,"Real Reality Development s.r.o.",Martin
Jub-qUAwi4z,sale,"3-room apartment","okres Martin",Martin,Košúty,NULL,NULL
JuluCbW3ZHE,sale,"3-room apartment","okres Žilina",Žilina,Vlčince,"HMS Services, a. s.",Žilina
JunIK4vBJDk,sale,"4-room apartment","okres Martin",Martin,Tomčany,"Buby reality, s.r.o.",Žilina
JuNrqMazgdo,sale,"3-room apartment","okres Martin",Martin,Priekopa,"ALT REAL, s.r.o.",Martin
Ju9yeRQLBJd,sale,"2-room apartment","okres Dolný Kubín","Dolný Kubín","Kubínska hoľa","OREA, s.r.o.","Dolný Kubín"
JuE57rFMsYf,rent,"2-room apartment","okres Liptovský Mikuláš","Liptovský Mikuláš","Staré mesto",NULL,NULL
Ju6xkslUZo-,rent,"2-room apartment","okres Žilina",Žilina,Bôrik,"Renovo Reality",Žilina
JujUQv7hvyj,sale,"3-room apartment","okres Žilina","Dlhé Pole","Dlhé Pole","DRR INVEST, s. r. o.","Horný Hričov"
Ju_noeKeCn0,sale,"holiday apartment","okres Liptovský Mikuláš","Liptovský Mikuláš",Demänová,"Reality Alpia",Martin
JuFKoH6piMc,sale,"3-room apartment","okres Ružomberok",Ružomberok,Klačno,"Reality Alpia",Martin
JuwbdEJILXn,rent,"2-room apartment","okres Žilina",Žilina,Hájik,NULL,NULL
JuoCz53ml38,sale,"holiday apartment","okres Liptovský Mikuláš","Demänovská Dolina","Demänovská Dolina","RESIDENCE realitná kancelária","Liptovský Mikuláš"
JuvOvL67CnW,rent,"4-room apartment","okres Dolný Kubín","Dolný Kubín",Stred,"VAŠA REALITKA s.r.o.",Ružomberok
Ju6NLOs0FvZ,sale,"3-room apartment","okres Martin",Martin,Jahodníky,"Reality Center, s.r.o.",Martin
Jum6U0_5m9N,rent,"2-room apartment","okres Žilina",Žilina,Vlčince,NULL,NULL
Ju79Oyn1X3B,sale,"holiday apartment","okres Liptovský Mikuláš","Demänovská Dolina","Demänovská Dolina",Limaxreal,"Liptovský Mikuláš"
JuQVA2vA49W,sale,"1-room apartment","okres Martin",Vrútky,"Horné Vrútky","Like Reality s.r.o.","Považská Bystrica"
JuoiWz-kUDq,rent,"2-room apartment","okres Liptovský Mikuláš","Liptovský Mikuláš",Palúdzka,"OVERENÉ REALITY","Banská Bystrica"
JueA04xvA0H,sale,"3-room apartment","okres Žilina",Žilina,Hliny,"RIEŠIME BÝVANIE",Bratislava
JuD4zRss3yP,sale,"3-room apartment","okres Žilina",Žilina,Solinky,NULL,NULL
JuCYzVbHujF,sale,"3-room apartment","okres Martin",Príbovce,Príbovce,"Like Reality s.r.o.","Považská Bystrica"
JuGDxnx-MGv,sale,"3-room apartment","okres Turčianske Teplice","Turčianske Teplice",Stred,NULL,NULL
JuuYTb7aXin,sale,"3-room apartment","okres Liptovský Mikuláš","Liptovský Hrádok",NULL,"bezmaklérov, s.r.o.",Žilina
JuZdV5jCSUO,sale,"3-room apartment","okres Liptovský Mikuláš","Liptovský Hrádok",Dovalovo,"TUreality s.r.o.",Žilina
JuKVTIO-aDH,sale,"3-room apartment","okres Liptovský Mikuláš","Liptovský Mikuláš","Staré mesto","TUreality s.r.o.",Žilina
JuNgEGp-EQa,sale,"holiday apartment","okres Liptovský Mikuláš","Liptovský Ján","Liptovský Ján","Reality Alpia",Martin
JuxN0XX5d2L,rent,"3-room apartment","okres Bytča",Bytča,"Veľká Bytča","Fortio Popper s.r.o.",Bytča
Judr92_ylzz,sale,"2-room apartment","okres Tvrdošín",Tvrdošín,Medvedzie,"TUreality s.r.o.",Žilina
JuXHjhU272A,sale,"3-room apartment","okres Žilina",Žilina,Hliny,"Reality IQ, s.r.o.",Žilina
Ju_ePT-_LMH,sale,"2-room apartment","okres Námestovo",Námestovo,Brehy,"EVER SK, s.r.o.",NULL
JuzuxPMP-Xr,sale,"3-room apartment","okres Kysucké Nové Mesto","Kysucké Nové Mesto",Sídlisko,"Realitná kancelária DOM",Žilina
JuDXnrUS-p1,sale,"holiday apartment","okres Ružomberok",Ružomberok,Hrabovo,"Reality Alpia",Martin
JuQfDarw60S,rent,"2-room apartment","okres Martin",Martin,Podháj,"ALT REAL, s.r.o.",Martin
Jux_7MHZ0xE,sale,"1-room apartment","okres Liptovský Mikuláš","Liptovský Mikuláš",Stošice,"DVOŘÁK & PARTNERS s. r. o.","Banská Bystrica"
JuUTD1Lj0lr,sale,"3-room apartment","okres Žilina",Žilina,"Staré mesto","Realitná kancelária RED, s.r.o.",Žilina
JuPs0jZ4Upm,rent,"3-room apartment","okres Kysucké Nové Mesto","Kysucké Nové Mesto",Nábrežie,"Realitné kancelárie SR",Bratislava
JuZ2eoxoyai,rent,"3-room apartment","okres Liptovský Mikuláš","Partizánska Ľupča","Partizánska Ľupča",NULL,NULL
JuuvbPIMl4t,sale,"4-room apartment","okres Žilina",Žilina,Solinky,"ACTIVE - Reality, s. r. o.",Žilina
Ju7DJIriKhh,sale,"4-room apartment","okres Kysucké Nové Mesto","Kysucké Nové Mesto",Stred,"Safe reality s. r. o.",Žilina
Ju2ogwd19a4,sale,"3-room apartment","okres Martin",Martin,Záturčie,"Like Reality s.r.o.","Považská Bystrica"
JuVooxZWg4s,sale,"4-room apartment","okres Žilina",Žilina,"Staré mesto","ŽILINAREAL, s.r.o.",Žilina
JuuvunHgeuI,sale,"2-room apartment","okres Tvrdošín",Tvrdošín,Medvedzie,"RE/MAX Slovakia",Bratislava
JuhpxD8Q4V6,sale,"3-room apartment","okres Martin",Martin,Jahodníky,"CANGURU s.r.o.","Rajecké Teplice"
Jun8Wp9H-1m,sale,"3-room apartment","okres Liptovský Mikuláš","Liptovský Hrádok",Celiny,"RK SPIRIT s.r.o.","Liptovský Mikuláš"
JuKMOepiUjn,sale,"1-room apartment","okres Žilina",Žilina,Vlčince,"Safe reality s. r. o.",Žilina
JuyIru5Z-bn,sale,"2-room apartment","okres Liptovský Mikuláš","Liptovský Mikuláš","Staré mesto","KA Real","Banská Bystrica"
JurHWDFucoi,sale,"2-room apartment","okres Liptovský Mikuláš","Liptovský Mikuláš",Stošice,"HALO reality, s.r.o.",Prievidza
JuuLiOVYceV,sale,"3-room apartment","okres Čadca",Raková,Raková,"Realitná kancelária",Bratislava
Ju6KRY_ibJj,rent,"3-room apartment","okres Ružomberok",Ružomberok,Polík,NULL,NULL
JuuS6FA8WTM,rent,"1-room apartment","okres Čadca",Čadca,Žarec,"JPE. Reality - Jozef Pajer",Čadca
JuGqA0i3EO8,sale,"3-room apartment","okres Žilina",Žilina,"Staré mesto","DreamReality s.r.o.",Žilina
JuFxU-EPo7k,sale,"3-room apartment","okres Liptovský Mikuláš","Liptovská Porúbka","Liptovská Porúbka","HALO reality, s.r.o.",Prievidza
JuJDcaBGFgv,sale,"3-room apartment","okres Čadca",Čadca,Škrabákovci,"Realitné kancelárie SR",Bratislava
JuwDKSHdYOM,rent,"3-room apartment","okres Čadca",Čadca,Centrum,"SLNOVRAT, s.r.o.",Olešná
JuKE1haIfBQ,rent,"1-room apartment","okres Žilina",Žilina,"Staré mesto",NULL,NULL
Juf3UQk266Q,sale,"1-room apartment","okres Martin",Sučany,Sučany,"Constario REALTY s.r.o.",Žilina
JuiUg7kx_Xo,sale,"4-room apartment","okres Kysucké Nové Mesto","Kysucké Nové Mesto",Kamence,"Istrofinal, s. r. o.",Žilina
JuX_Y10XQMs,sale,"holiday apartment","okres Liptovský Mikuláš","Demänovská Dolina","Demänovská Dolina","Juraj Hegyi Reality & Development s.r.o.",Bratislava
JuhdlIDH7jm,sale,"1-room apartment","okres Martin",Martin,Podháj,"Piata Avenue",Žilina
JukH94BLOrl,rent,"1-room apartment","okres Martin",Turany,Turany,"Like Reality s.r.o.","Považská Bystrica"
JuiXegD6ESI,sale,"3-room apartment","okres Dolný Kubín","Dolný Kubín","Veľký Bysterec","AstonReal s.r.o.","Banská Bystrica"
Ju-U6VvTf4d,sale,"3-room apartment","okres Martin",Martin,Stred,"B10 Slovensko, a. s.",Žilina
Ju_P4weQ1yi,rent,"3-room apartment","okres Liptovský Mikuláš","Liptovský Mikuláš","Staré mesto","RESIDENCE realitná kancelária","Liptovský Mikuláš"
Ju4jUNHrCaa,rent,"2-room apartment","okres Žilina",Žilina,Hliny,"EASY centrum bývania, s.r.o.",Žilina
JuRDmAO0N5y,sale,"2-room apartment","okres Ružomberok",Ružomberok,Roveň,"ODEKO manažment s.r.o.",Žilina
JuOLPMJrkFk,sale,"3-room apartment","okres Žilina",Žilina,"Staré mesto","TUreality s.r.o.",Žilina
JueFBhJMkEL,rent,"studio apartment","okres Čadca",Čadca,Žarec,"KUBALA REALITY, s.r.o.",Čadca
JuiowNIBmX1,rent,"3-room apartment","okres Čadca",Čadca,Kyčerka,NULL,NULL
Ju1swh97q_w,sale,"2-room apartment","okres Liptovský Mikuláš","Liptovský Ján","Liptovský Ján","RE/MAX Slovakia",Bratislava
JuJjSbvP3y1,sale,"2-room apartment","okres Kysucké Nové Mesto","Kysucké Nové Mesto",Kamence,"Istrofinal, s. r. o.",Žilina
JueVg_uFAEX,sale,"3-room apartment","okres Martin",Martin,Záturčie,"Like Reality s.r.o.","Považská Bystrica"
JubLUnnldKg,sale,"2-room apartment","okres Martin",Martin,Ľadoveň,"B10 Slovensko, a. s.",Žilina
JuNlpRocmfd,sale,"3-room apartment","okres Martin",Martin,Stred,"Reality Turiec s.r o.",Martin
JujxzbLeFDf,sale,"2-room apartment","okres Žilina","Rajecké Teplice","Rajecké Teplice","STAREA, s. r. o.",Žilina
Jut2p_8fnwk,sale,"3-room apartment","okres Ružomberok",Ružomberok,Klačno,"AstonReal s.r.o.","Banská Bystrica"
JuZUmgJDVA2,sale,"4-room apartment","okres Ružomberok",Ružomberok,"Staré mesto",NULL,NULL
JuIVoMRmHSz,sale,"1-room apartment","okres Martin",Turany,Turany,"TUreality s.r.o.",Žilina
Ju7NnD-cxZu,sale,"4-room apartment","okres Ružomberok",Ružomberok,Klačno,"OVERENÉ REALITY","Banská Bystrica"
JuLyRXzb7sF,sale,"holiday apartment","okres Ružomberok",Bešeňová,Bešeňová,"Reality Alpia",Martin
JuFzCj_c-LQ,sale,"2-room apartment","okres Žilina",Žilina,"Staré mesto","MENS s. r. o.",Žilina
JuuDv2Zd85o,sale,"3-room apartment","okres Žilina",Žilina,Bôrik,"TUreality s.r.o.",Žilina
Ju5JJVitOH3,sale,"3-room apartment","okres Tvrdošín",Trstená,Trstená,"RK SPIRIT s.r.o.","Liptovský Mikuláš"
Jue8OEdDtFX,sale,"2-room apartment","okres Ružomberok",Ružomberok,Baničné,"ODEKO manažment s.r.o.",Žilina
JusujBj0j9H,rent,"3-room apartment","okres Žilina",Žilina,Vlčince,NULL,NULL
JuwJKqBh04b,sale,"2-room apartment","okres Liptovský Mikuláš","Liptovský Mikuláš","Staré mesto","AstonReal s.r.o.","Banská Bystrica"
JuMDiaehTE4,sale,"holiday apartment","okres Liptovský Mikuláš","Demänovská Dolina","Demänovská Dolina",NULL,NULL
JuGTmonCdFp,sale,"2-room apartment","okres Liptovský Mikuláš","Liptovský Mikuláš","Staré mesto","Realitné kancelárie SR",Bratislava
JucNmI_DO7B,sale,"holiday apartment","okres Čadca",Oščadnica,Oščadnica,"NIKO-REAL, s.r.o.",Bratislava
JultM3IWcXG,sale,"2-room apartment","okres Liptovský Mikuláš","Liptovský Peter","Liptovský Peter","REINVEST s.r.o.",Bratislava
JuZGQrt1Ff6m,sale,"2-room apartment","okres Liptovský Mikuláš","Liptovský Mikuláš",Iľanovo,"NajBývanie, s.r.o.",Ružomberok
Juwy9k5pZPS,sale,"holiday apartment","okres Martin",Valča,Valča,"Realitné kancelárie SR",Bratislava
Jux-AEYjDab,sale,"2-room apartment","okres Žilina",Žilina,Solinky,NULL,NULL
JuuQ3yxLaqS,sale,"2-room apartment","okres Ružomberok","Liptovská Teplá","Liptovská Teplá","AstonReal s.r.o.","Banská Bystrica"
JuXUHfW6DDJ,sale,"2-room apartment","okres Liptovský Mikuláš","Liptovský Hrádok",Prekážka,"HALO reality, s.r.o.",Prievidza
Jup1HeEGFtW,sale,"1-room apartment","okres Žilina",Žilina,Hájik,"ODEKO manažment s.r.o.",Žilina
JuCX2-0gKW3,sale,"4-room apartment","okres Liptovský Mikuláš","Liptovský Mikuláš",Demänová,"RK SPIRIT s.r.o.","Liptovský Mikuláš"
Ju1sYuOumZf,rent,"3-room apartment","okres Ružomberok",Ružomberok,Klačno,NULL,NULL
JuAtADtbyIN,sale,"3-room apartment","okres Žilina",Žilina,Budatín,"B10 Slovensko, a. s.",Žilina
JupXiFdQKs1,rent,"3-room apartment","okres Žilina",Žilina,Solinky,"PRIVAT Reality spol.s.r.o",Bratislava
Jux885vgQgO,sale,"holiday apartment","okres Liptovský Mikuláš","Liptovský Trnovec","Liptovský Trnovec","Tatra Invest",Podtureň
JuIZkq9C4-v,sale,"2-room apartment","okres Martin",Martin,Jahodníky,"CANGURU s.r.o.","Rajecké Teplice"
Jus-du7SK4F,sale,"3-room apartment","okres Žilina",Žilina,Bytčica,"Realitná kancelária RED, s.r.o.",Žilina
JuqmAmZk9jG,sale,"1-room apartment","okres Žilina",Žilina,Vlčince,"MGM reality",Žilina
JuJF4572cY0,sale,"2-room apartment","okres Martin",Martin,Sever,"Reality Center, s.r.o.",Martin
JufKPFE3Y2M,sale,"2-room apartment","okres Ružomberok","Liptovská Lúžna","Liptovská Lúžna","Obec Liptovská Lúžna","Liptovská Lúžna"
JuQPXllO6ks,sale,"2-room apartment","okres Žilina",Žilina,Hájik,"ODEKO manažment s.r.o.",Žilina
JuFnOWI1i1c,sale,"3-room apartment","okres Turčianske Teplice",Jazernica,Jazernica,"Reality AK, spol. s r.o.",Martin
JufGDO__GbO,sale,"4-room apartment","okres Žilina",Žilina,"Staré mesto","KORSO Project, s.r.o.",Žilina
Jut7GOvY7Cs,rent,"3-room apartment","okres Námestovo","Oravské Veselé","Oravské Veselé","OREA, s.r.o.","Dolný Kubín"
JuUusk-Q8GE,sale,"2-room apartment","okres Žilina",Žilina,Bytčica,"Realitná kancelária RED, s.r.o.",Žilina
JuucDO18CeY,rent,"3-room apartment","okres Žilina",Žilina,Bôrik,NULL,NULL
JuBD3ecZzdA,sale,"2-room apartment","okres Žilina",Žilina,Závodie,"Realitná kancelária RED, s.r.o.",Žilina
Juga_SyTI4R,sale,"2-room apartment","okres Liptovský Mikuláš","Liptovský Mikuláš","Liptovská Mara - Tatralandia","RE/MAX Slovakia",Bratislava
Ju7kGUvVlwS,sale,"3-room apartment","okres Liptovský Mikuláš","Partizánska Ľupča","Partizánska Ľupča","OVERENÉ REALITY","Banská Bystrica"
JuCKdo4C-vu,sale,"3-room apartment","okres Žilina",Žilina,Vlčince,"Reinoo a.s.",Žilina
JuD_7kPVbjf,sale,"3-room apartment","okres Žilina",Žilina,"Staré mesto","Effecting s.r.o.",Bratislava
JuxM7Oxk3ZF,sale,"3-room apartment","okres Ružomberok","Liptovská Teplá","Liptovská Teplá","TUreality s.r.o.",Žilina
JujtAMfUep-,sale,"4-room apartment","okres Martin",Martin,Stred,NULL,NULL
JubYzTZOLz1,sale,"3-room apartment","okres Žilina","Rajecké Teplice","Rajecké Teplice","TUreality s.r.o.",Žilina
JuhBW328SAS,sale,"3-room apartment","okres Martin",Vrútky,"Horné Vrútky",NULL,NULL
JuOr71wM3AE,sale,"2-room apartment","okres Martin",Vrútky,"Horné Vrútky","B10 Slovensko, a. s.",Žilina
Juiqajk1kjr,sale,"2-room apartment","okres Liptovský Mikuláš","Malé Borové","Malé Borové",NULL,NULL
Ju_N2iy5JWS,rent,"studio apartment","okres Martin",Necpaly,Necpaly,"Reality ASTORIA, s.r.o.",Martin
JuYWFp89fWK,sale,"3-room apartment","okres Martin",Martin,Sever,"Like Reality s.r.o.","Považská Bystrica"
JuVCZnRxN5m,sale,"4-room apartment","okres Liptovský Mikuláš","Liptovský Hrádok",Celiny,"RK SPIRIT s.r.o.","Liptovský Mikuláš"
JukxcpBCVX8,rent,"1-room apartment","okres Žilina",Žilina,Vlčince,NULL,NULL
Ju-cA70OjPb,sale,"2-room apartment","okres Liptovský Mikuláš","Liptovský Ján","Liptovský Ján","TUreality s.r.o.",Žilina
Junbds6mBD4,sale,"3-room apartment","okres Martin",Martin,Jahodníky,"CANGURU s.r.o.","Rajecké Teplice"
JuIhf4tExMf,sale,"3-room apartment","okres Martin",Vrútky,"Horné Vrútky","NajBývanie, s.r.o.",Ružomberok
JuupBH8LvJz,sale,"2-room apartment","okres Liptovský Mikuláš","Liptovský Mikuláš",Demänová,G-REAL,"Liptovský Mikuláš"
JuuqMAsXTsE,sale,"2-room apartment","okres Martin",Sučany,Sučany,"Constario REALTY s.r.o.",Žilina
JuqDuiRmYdZ,sale,"1-room apartment","okres Žilina",Žilina,Vlčince,NULL,NULL
Ju-fM3SCXjma,sale,"3-room apartment","okres Liptovský Mikuláš","Liptovský Mikuláš","Staré mesto",G-REAL,"Liptovský Mikuláš"
JuRhJZ24FBr,sale,"3-room apartment","okres Ružomberok",Ľubochňa,Ľubochňa,NULL,NULL
JuH66opZMTi,sale,"3-room apartment","okres Martin",Martin,Sever,"TUreality s.r.o.",Žilina
Jujvvp196-y,sale,"2-room apartment","okres Žilina",Žilina,"Staré mesto","TUreality s.r.o.",Žilina
JurBk73cOr3,sale,"holiday apartment","okres Liptovský Mikuláš","Demänovská Dolina","Demänovská Dolina","RESIDENCE realitná kancelária","Liptovský Mikuláš"
Ju42s8vNbRj,sale,"2-room apartment","okres Martin",Vrútky,NULL,"Real Reality Development s.r.o.",Martin
JuyD0Z9BTN-,rent,"2-room apartment","okres Bytča",Bytča,"Veľká Bytča","Fortio Popper s.r.o.",Bytča
Ju9LPOOoAn-,rent,"3-room apartment","okres Martin",Martin,Stred,"Financie a reality od A po Z",Martin
Ju1uEl1Mf6f,sale,"holiday apartment","okres Ružomberok",Ružomberok,Hrabovo,"Romantické Chalupy, s.r.o.",Bratislava
Juq3cdm2VSm,rent,"2-room apartment","okres Bytča",Bytča,"Veľká Bytča","Fortio Popper s.r.o.",Bytča
JuoeNbuLPVP,sale,"holiday apartment","okres Liptovský Mikuláš","Liptovský Mikuláš","Staré mesto","RK SPIRIT s.r.o.","Liptovský Mikuláš"
Ju7EPTNZ0Hy,sale,"3-room apartment","okres Martin",Turany,Turany,"Like Reality s.r.o.","Považská Bystrica"
JuR8QLXp0Yx,sale,"3-room apartment","okres Ružomberok",Ružomberok,Roveň,"Direct Real, spol. s r.o.",Bratislava
Ju_cu57wiSa,sale,"1-room apartment","okres Martin",Martin,Priekopa,"TUreality s.r.o.",Žilina
JuQKd8tqljP,sale,"3-room apartment","okres Martin",Martin,Záturčie,"LIF REAL",Martin
Jum7aZZZlIy,rent,"1-room apartment","okres Martin",Martin,Košúty,"Vianema s.r.o.",Bratislava
JujQYigyRBf,rent,"2-room apartment","okres Martin",Martin,Sever,"Reality ASTORIA, s.r.o.",Martin
Ju6nNzmPk_9,rent,"2-room apartment","okres Bytča",Bytča,"Veľká Bytča","Fortio Popper s.r.o.",Bytča
JuVihEbzRbP,sale,"holiday apartment","okres Ružomberok",Ružomberok,Hrabovo,NULL,NULL
Ju6oJmE8oWf,rent,"2-room apartment","okres Čadca",Čadca,Centrum,"SLNOVRAT, s.r.o.",Olešná
JuKUZKmUiwu,sale,"4-room apartment","okres Martin",Sučany,Sučany,"Constario REALTY s.r.o.",Žilina
JunzJsFHg6A,sale,"4-room apartment","okres Čadca",Čadca,Centrum,"BeMi realitná kancelária",Nitra
JuyxsUVgHii,sale,"4-room apartment","okres Dolný Kubín","Dolný Kubín",Brezovec,"RK Dalmia s. r. o.","Dolný Kubín"
JuLIL3RkWDn,sale,"3-room apartment","okres Martin",Martin,Priekopa,"ALT REAL, s.r.o.",Martin
JuUPsPRqomX,sale,"1-room apartment","okres Námestovo",Námestovo,Brehy,"BeMi realitná kancelária",Nitra
JuXmK-edCSR,rent,"3-room apartment","okres Bytča",Bytča,"Veľká Bytča","Fortio Popper s.r.o.",Bytča
JuURItmx0gz,rent,"2-room apartment","okres Žilina",Terchová,Terchová,"WFG reality, s.r.o.",Žilina
Ju3ft9crnfA,sale,"3-room apartment","okres Dolný Kubín","Dolný Kubín","Veľký Bysterec","TUreality s.r.o.",Žilina
JuUveEvLKHX,sale,"studio apartment","okres Martin",Vrútky,NULL,"FINREA - ak vám záleží na výsledku","Dolný Kubín"
JuBNi2HSNwg,rent,"3-room apartment","okres Martin",Martin,Ľadoveň,"FINREA - ak vám záleží na výsledku","Dolný Kubín"
Ju9HXOkK5Vc,sale,"2-room apartment","okres Čadca","Krásno nad Kysucou",Kalinov,"MGM reality",Žilina
JuWN3KhPvB7,sale,"2-room apartment","okres Čadca",Čadca,Centrum,"Safe reality s. r. o.",Žilina
JuJGytVBKhB,rent,"2-room apartment","okres Martin",Martin,Podháj,"Like Reality s.r.o.","Považská Bystrica"
JunoLrzCTv8,sale,"3-room apartment","okres Čadca",Raková,Raková,"MGM reality",Žilina
JuxK_a_NiWB,sale,"2-room apartment","okres Ružomberok",Ružomberok,Roveň,"NajBývanie, s.r.o.",Ružomberok
JuvOboUvobu,sale,"3-room apartment","okres Liptovský Mikuláš","Malé Borové","Malé Borové",NULL,NULL
Ju5YBv9ykGI,sale,"4-room apartment","okres Kysucké Nové Mesto","Kysucké Nové Mesto",Kamence,"Istrofinal, s. r. o.",Žilina
JuUwCeqXqPl,sale,"3-room apartment","okres Martin",Martin,Jahodníky,"Buby reality, s.r.o.",Žilina
JuaIL0ybcDR,rent,"3-room apartment","okres Žilina",Žilina,"Staré mesto","1. Reality Rent, s.r.o.",Žilina
JuHMn6qkBSk,sale,"holiday apartment","okres Liptovský Mikuláš","Demänovská Dolina","Demänovská Dolina","RESIDENCE realitná kancelária","Liptovský Mikuláš"
JubGyQoKm-F,rent,"2-room apartment","okres Kysucké Nové Mesto","Kysucké Nové Mesto",Nábrežie,NULL,NULL
JuZFqxjae7G,sale,"holiday apartment","okres Liptovský Mikuláš","Liptovský Mikuláš",Demänová,"ML realitný& finančny servis s.r.o. , BrokerSoft s.r.o. , Monika Launerová - SZČO","Banská Bystrica"
JueQ0ot5J2r,sale,"3-room apartment","okres Čadca",Čadca,Žarec,"RIEŠIME BÝVANIE",Bratislava
Ju-sWIMoFGT,sale,"1-room apartment","okres Námestovo",Námestovo,Stred,"BeMi realitná kancelária",Nitra
JuMlNRioczT,rent,"3-room apartment","okres Liptovský Mikuláš","Liptovský Mikuláš","Staré mesto","RESIDENCE realitná kancelária","Liptovský Mikuláš"
Ju7yQFu2G0Z,sale,"3-room apartment","okres Martin",Vrútky,"Horné Vrútky","Realitná kancelária",Bratislava
JudVZxPODEn,sale,"3-room apartment","okres Žilina",Žilina,Solinky,"Realitná kancelária RED, s.r.o.",Žilina
JuNPxF24aaA,sale,"4-room apartment","okres Žilina",Žilina,Vlčince,"Realitná kancelária RED, s.r.o.",Žilina
Juy6Dr8MOeS,sale,"4-room apartment","okres Žilina",Žilina,Vlčince,NULL,NULL
Ju4RLACJEuN,sale,"4-room apartment","okres Žilina",Žilina,Bôrik,"MGM reality",Žilina
JuIQ6bOnZsGz,sale,"3-room apartment","okres Žilina",Žilina,"Staré mesto","Realitná kancelária RED, s.r.o.",Žilina
JuIZo2BnWQa,sale,"holiday apartment","okres Liptovský Mikuláš","Demänovská Dolina","Demänovská Dolina","RESIDENCE realitná kancelária","Liptovský Mikuláš"
JusjmbO9Bnp,sale,"2-room apartment","okres Žilina",Gbeľany,Gbeľany,"AnReal s. r. o.",Mojš
Ju3_oCKPJ8H,sale,"3-room apartment","okres Liptovský Mikuláš","Liptovský Peter","Liptovský Peter","OVERENÉ REALITY","Banská Bystrica"
JuKy-dL9Ryo,rent,"2-room apartment","okres Žilina",Žilina,Vlčince,"WFG reality, s.r.o.",Žilina
JuR0t0CZHt8,rent,"2-room apartment","okres Liptovský Mikuláš","Liptovský Mikuláš","Staré mesto","Loviu, s.r.o.","Liptovský Mikuláš"
JuhcvPxM513,sale,"4-room apartment","okres Námestovo",Námestovo,NULL,"TUreality s.r.o.",Žilina
JunH7oZsc9z,sale,"1-room apartment","okres Žilina",Žilina,Vlčince,"HMS Services, a. s.",Žilina
JuyBFHxJEo2F,rent,"2-room apartment","okres Čadca",Čadca,Centrum,"B10 Slovensko, a. s.",Žilina
JuUknu_3A4k,sale,"2-room apartment","okres Žilina",Žilina,"Staré mesto",NULL,NULL
Ju7faBpvibU,sale,"3-room apartment","okres Martin",Martin,Záturčie,"Realitná kancelária",Bratislava
JuUS8gVE7MB,sale,"2-room apartment","okres Čadca",Čadca,Žarec,"JPE. Reality - Jozef Pajer",Čadca
JuS8GjjsXwr,sale,"holiday apartment","okres Martin",Valča,Valča,"RIGHT POWER DEVELOPMENT, s.r.o.",Žilina
JuLlR3SdY11,sale,"2-room apartment","okres Ružomberok","Liptovská Lúžna","Liptovská Lúžna","Obec Liptovská Lúžna","Liptovská Lúžna"
Ju3xvc6aD2Y,sale,"holiday apartment","okres Liptovský Mikuláš","Liptovský Ján","Liptovský Ján","RESIDENCE realitná kancelária","Liptovský Mikuláš"
Jus0-bkZHge,rent,"3-room apartment","okres Martin",Martin,Ľadoveň,"Realitná kancelária",Bratislava
Jul8pXByFOl,sale,"3-room apartment","okres Žilina",Žilina,Vlčince,NULL,NULL
JuEK28Decyb,sale,"2-room apartment","okres Žilina",Žilina,"Staré mesto","WFG reality, s.r.o.",Žilina
JujBEFh3fPq,sale,"3-room apartment","okres Martin",Martin,Priekopa,"Like Reality s.r.o.","Považská Bystrica"
Jubh8FOR_C9,rent,"studio apartment","okres Martin",Martin,Sever,NULL,NULL
Jultmw18Gne,sale,"holiday apartment","okres Liptovský Mikuláš","Demänovská Dolina","Demänovská Dolina","Occam New Home",Bratislava
JuDmcjiRx8S,sale,"4-room apartment","okres Žilina",Žilina,Solinky,"ACTIVE - Reality, s. r. o.",Žilina
Junnm3hR6W5,sale,"2-room apartment","okres Martin",Martin,Priekopa,"Reality Alpia",Martin
JurzQ4OXOH_,rent,"studio apartment","okres Žilina",Žilina,Hliny,"Reality Alpia",Martin
Ju88ayVM-YP5,rent,"4-room apartment","okres Turčianske Teplice","Turčianske Teplice",Diviaky,"OVERENÉ REALITY","Banská Bystrica"
Jui1Zkf_kg-,sale,"1-room apartment","okres Čadca",Čadca,Centrum,"1. Reality Rent, s.r.o.",Žilina
Jun79Tn_Ep0,sale,"3-room apartment","okres Žilina",Žilina,Vlčince,"KRALIKOVA reality","Považská Bystrica"
JuR1WqY3g_N,sale,"2-room apartment","okres Žilina",Žilina,Hliny,"Georgi Conev",Žilina
JuITWn48g9Q,sale,"1-room apartment","okres Martin","Turčianska Štiavnička","Turčianska Štiavnička","LuxReality, s.r.o.","Nové Mesto nad Váhom"
JuiQqoYVioM,sale,"2-room apartment","okres Liptovský Mikuláš",Ľubeľa,Ľubeľa,G-REAL,"Liptovský Mikuláš"
JuE40RXyw1_,sale,"2-room apartment","okres Žilina",Žilina,Hájik,"Realitná kancelária RED, s.r.o.",Žilina
JuvTw1ebtHj,sale,"2-room apartment","okres Kysucké Nové Mesto","Kysucké Nové Mesto",Kamence,"Istrofinal, s. r. o.",Žilina
Ju27eP_ig4Z,rent,"2-room apartment","okres Žilina",Žilina,Hliny,"Safe reality s. r. o.",Žilina
JuwdgQhbLJx,sale,"3-room apartment","okres Martin",Martin,Košúty,"Realitná kancelária",Bratislava
JuYwrDdapt0,sale,"3-room apartment","okres Čadca",Čadca,"U Hluška","Trioreality, s.r.o.",Čadca
JuQhVUDoHMr,sale,"2-room apartment","okres Martin",Martin,Sever,"Felicita Real s. r. o.",Martin
JuzIKTQ0UvK,sale,"4-room apartment","okres Liptovský Mikuláš","Liptovský Hrádok",Belánska,"HALO reality, s.r.o.",Prievidza
JuTnsSFnlFI,sale,"3-room apartment","okres Martin",Martin,Sever,"B10 Slovensko, a. s.",Žilina
JuY5BHrBXS_,rent,"4-room apartment","okres Martin",Martin,Košúty,"AstonReal s.r.o.","Banská Bystrica"
JuDGw-se-Mg,rent,"1-room apartment","okres Kysucké Nové Mesto","Kysucké Nové Mesto",Sídlisko,"Safe reality s. r. o.",Žilina
JuOMOLcEq4z,sale,"3-room apartment","okres Čadca",Čadca,Kyčerka,"SLNOVRAT, s.r.o.",Olešná
JuQ4Jf_xqij,rent,"2-room apartment","okres Kysucké Nové Mesto","Kysucké Nové Mesto",Sídlisko,"BeMi realitná kancelária",Nitra
Ju8GQ26KaaT,sale,"2-room apartment","okres Ružomberok",Ružomberok,Roveň,"RK SPIRIT s.r.o.","Liptovský Mikuláš"
JuCMZI1bT6r,sale,"3-room apartment","okres Martin",Martin,NULL,"RS Mansory s.r.o.",Bratislava
Ju9csMkjbyN,rent,"3-room apartment","okres Martin",Martin,Ľadoveň,"B10 Slovensko, a. s.",Žilina
JuXGzvpMBBm,sale,"2-room apartment","okres Liptovský Mikuláš","Liptovský Mikuláš","Vrbica - Nábrežie","HALO reality, s.r.o.",Prievidza
Ju52lG6Waej,sale,"studio apartment","okres Žilina",Žilina,Vlčince,"RIEŠIME BÝVANIE",Bratislava
JuTQd4u0n33,sale,"2-room apartment","okres Liptovský Mikuláš","Liptovský Mikuláš",Demänová,"RK SPIRIT s.r.o.","Liptovský Mikuláš"
JuwMlHIuC26,rent,"2-room apartment","okres Martin","Turčianska Štiavnička","Turčianska Štiavnička","LEVEL REAL, s.r.o.",Trnava
Juuarx0CWmR,sale,"2-room apartment","okres Turčianske Teplice","Turčianske Teplice",Stred,"Estate Invest",Bratislava
Juh7IlKkDn_,sale,"4-room apartment","okres Liptovský Mikuláš","Liptovský Hrádok",Belánska,"Direct Real, spol. s r.o.",Bratislava
JuN8mAtD42x,rent,"3-room apartment","okres Čadca",Klubina,Klubina,"Trioreality, s.r.o.",Čadca
JujdOeJ69tb,sale,"3-room apartment","okres Martin",Martin,Jahodníky,"Realitná kancelária",Bratislava
Jun8HaIrjPB,rent,"3-room apartment","okres Dolný Kubín","Dolný Kubín","Veľký Bysterec","OREA, s.r.o.","Dolný Kubín"
JuuKYbAy2In,sale,"3-room apartment","okres Martin",Martin,Ľadoveň,"B10 Slovensko, a. s.",Žilina
JuZ6EDDylkC,rent,"3-room apartment","okres Žilina",Žilina,"Staré mesto",NULL,NULL
JuuQTLwI4_c,sale,"1-room apartment","okres Žilina",Žilina,"Staré mesto","WFG reality, s.r.o.",Žilina
JuKXwWNmxYg,sale,"2-room apartment","okres Žilina",Žilina,Hájik,"DRR INVEST, s. r. o.","Horný Hričov"
JutKizwTOP3,sale,"3-room apartment","okres Žilina",Žilina,"Staré mesto","Reality IQ, s.r.o.",Žilina
Juki5wHUVn2,sale,"4-room apartment","okres Liptovský Mikuláš","Liptovský Mikuláš","Liptovská Ondrašová","Bosen Group s.r.o.",Bratislava
Ju_PmXVPtoo,sale,"2-room apartment","okres Žilina",Žilina,Hliny,"Crystin reality, s.r.o.",Žilina
JuaWfCrgS3s,sale,"4-room apartment","okres Kysucké Nové Mesto","Kysucké Nové Mesto",Kamence,"Istrofinal, s. r. o.",Žilina
Ju1cdYuex4G,sale,"3-room apartment","okres Dolný Kubín","Dolný Kubín",Stred,"RE/MAX Slovakia",Bratislava
Ju6cRlkmMC_,rent,"1-room apartment","okres Dolný Kubín",Istebné,Istebné,"FINREA - ak vám záleží na výsledku","Dolný Kubín"
JuFBiuRLpoy,rent,"2-room apartment","okres Liptovský Mikuláš","Liptovský Mikuláš","Vrbica - Nábrežie","Direct Real, spol. s r.o.",Bratislava
JuJEoP397IJ,sale,"3-room apartment","okres Ružomberok","Liptovská Teplá","Liptovská Teplá","AstonReal s.r.o.","Banská Bystrica"
JuCISBa6iwp,sale,"2-room apartment","okres Ružomberok",Ružomberok,Roveň,"NajBývanie, s.r.o.",Ružomberok
JuQZcPPu9nd,sale,maisonette,"okres Žilina",Žilina,"Staré mesto","MGM reality",Žilina
JuYHImgOHO_,sale,"3-room apartment","okres Liptovský Mikuláš","Liptovský Mikuláš","Staré mesto","TATRA CITY RESIDENCE s. r. o.",Zvolen
JuIgM2fUqeh,rent,"2-room apartment","okres Martin",Martin,Podháj,"Reality Simply",Martin
JuQydtvhuaC,sale,"3-room apartment","okres Tvrdošín",Tvrdošín,Medvedzie,"TUreality s.r.o.",Žilina
Ju6JFF73eZc,sale,"4-room apartment","okres Žilina",Žilina,Hliny,"ACTIVE - Reality, s. r. o.",Žilina
JupURRP8axF,sale,"4-room apartment","okres Žilina",Žilina,"Staré mesto","WFG reality, s.r.o.",Žilina
Ju5Pax6FaXd,sale,"2-room apartment","okres Žilina",Žilina,Hliny,"TUreality s.r.o.",Žilina
Juh13qbi4yL,sale,"2-room apartment","okres Žilina",Žilina,Hájik,"ODEKO manažment s.r.o.",Žilina
JurbbuyjxWx,rent,"3-room apartment","okres Žilina",Žilina,"Staré mesto","Realitná kancelária RED, s.r.o.",Žilina
JuPkeS3sVco,sale,"2-room apartment","okres Liptovský Mikuláš","Liptovský Mikuláš","Staré mesto","Direct Real, spol. s r.o.",Bratislava
JuqmZcqjzL5,sale,"2-room apartment","okres Žilina",Žilina,"Staré mesto","Teraz, a.s.",Žilina
JuRJMz106O3,sale,"holiday apartment","okres Liptovský Mikuláš","Liptovský Mikuláš","Liptovská Mara - Tatralandia","RK SPIRIT s.r.o.","Liptovský Mikuláš"
Junr7vOGfgp,sale,"holiday apartment","okres Ružomberok",Bešeňová,Bešeňová,"MK-CORP s.r.o.",Malacky
JuhrMWK4tz6,sale,"3-room apartment","okres Liptovský Mikuláš","Liptovský Mikuláš","Staré mesto","RESIDENCE realitná kancelária","Liptovský Mikuláš"
Jug-_AT8Wmt,sale,"3-room apartment","okres Kysucké Nové Mesto","Kysucké Nové Mesto",Kamence,"Pro Real, s. r. o. realitná kancelária",Žilina
JuT4OhvaBo8,sale,"4-room apartment","okres Žilina",Žilina,"Staré mesto",NULL,NULL
JuXxgiFzaw2,sale,"holiday apartment","okres Žilina",Terchová,Terchová,"KORSO Project, s.r.o.",Žilina
Juta8FGg1ms,sale,"4-room apartment","okres Žilina","Rajecké Teplice","Rajecké Teplice","Bosen Group s.r.o.",Bratislava
JutRcPoSw48,sale,"3-room apartment","okres Žilina",Žilina,Vlčince,"DRR INVEST, s. r. o.","Horný Hričov"
JunhLdbpvMU,sale,"3-room apartment","okres Martin",Martin,Stred,"Buby reality, s.r.o.",Žilina
JuAo_CCFbGo,sale,"1-room apartment","okres Martin",Martin,Priekopa,"TARGETreal s. r. o.",Žilina
JuIcnUNxIlt,sale,"2-room apartment","okres Martin",Martin,Košúty,"ALFA SALUTO REAL s.r.o",Bratislava
JuroNkYo0Ud,sale,"3-room apartment","okres Martin",Vrútky,"Horné Vrútky","LIF REAL",Martin
JuSS030a7te,rent,"1-room apartment","okres Žilina",Žilina,Vlčince,"Realitka pre každého",Žilina
JuoB7gmYVp_,sale,"2-room apartment","okres Liptovský Mikuláš","Liptovský Mikuláš",Demänová,"RK SPIRIT s.r.o.","Liptovský Mikuláš"
Juw2GAhwVDz,sale,"3-room apartment","okres Martin",Martin,Záturčie,"TUreality s.r.o.",Žilina
JuNxbiZtMJl,sale,"2-room apartment","okres Žilina",Žilina,Hliny,"StorkReal s. r. o.","Rajecká Lesná"
Ju93xLSe03c,rent,"1-room apartment","okres Martin",Martin,Záturčie,"MGM reality",Žilina
Ju8y_HCffnI,sale,"studio apartment","okres Čadca",Čadca,Žarec,"Reality Alpia",Martin
JuDpUKm1R87,sale,"3-room apartment","okres Martin",Martin,Jahodníky,"CANGURU s.r.o.","Rajecké Teplice"
JuyticuaW7A,sale,"3-room apartment","okres Ružomberok",Ružomberok,Roveň,"ODEKO manažment s.r.o.",Žilina
JutwTj3bM_v,sale,"2-room apartment","okres Martin",Martin,Sever,"TUreality s.r.o.",Žilina
JuRvQ8h5ljK,rent,"3-room apartment","okres Žilina",Žilina,Vlčince,NULL,NULL
Ju-D0j5Tx8q,sale,"3-room apartment","okres Martin",Martin,Sever,"Realitná kancelária",Bratislava
JuqL8yAiSJt,rent,"2-room apartment","okres Čadca","Krásno nad Kysucou",Kalinov,"ETHOS reality, s. r. o.","Krásno nad Kysucou"
Juaqewf1vyV,sale,"3-room apartment","okres Martin",Martin,Košúty,"B10 Slovensko, a. s.",Žilina
JufCUUh8n1P,sale,"3-room apartment","okres Ružomberok",Ružomberok,Baničné,"LOYAL REALITY s.r.o.","Dolný Kubín"
JuEOy8Ch_fK,sale,"4-room apartment","okres Žilina",Žilina,Vlčince,"Reinoo a.s.",Žilina
JuAjD-DNY5d,sale,"studio apartment","okres Žilina",Žilina,Vlčince,"Gro & Partners",Žilina
JuXBeof4cBw,sale,"3-room apartment","okres Ružomberok",Ružomberok,Baničné,"ODEKO manažment s.r.o.",Žilina
JuCHpapFKG8,rent,"2-room apartment","okres Martin",Martin,Záturčie,"Reality ASTORIA, s.r.o.",Martin
JufBWbzCmcn,sale,"4-room apartment","okres Martin",Martin,Stred,"Cooper Real s.r.o",Bratislava
JuN-wthtGNF,sale,"3-room apartment","okres Žilina",Žilina,Hájik,"Realitná kancelária",Bratislava
Ju54zsovXgd,rent,"3-room apartment","okres Žilina",Žilina,Hliny,"EASY centrum bývania, s.r.o.",Žilina
JuZqmgmus3f,sale,"3-room apartment","okres Martin",Turany,Turany,"Realitná kancelária",Bratislava
JuUygteSgA9,rent,"2-room apartment","okres Žilina",Žilina,"Staré mesto","Safe reality s. r. o.",Žilina
JuEhBGLGdyB,sale,"3-room apartment","okres Martin",Martin,Košúty,"RE/MAX Slovakia",Bratislava
Juhy56IDgaZ,sale,"2-room apartment","okres Martin",Martin,Podháj,"Reality Center, s.r.o.",Martin
Ju8yXfa5xfL,sale,"3-room apartment","okres Ružomberok",Ružomberok,Baničné,"TUreality s.r.o.",Žilina
Jul5uPR1of1,sale,"2-room apartment","okres Liptovský Mikuláš","Liptovský Mikuláš","Staré mesto","RESIDENCE realitná kancelária","Liptovský Mikuláš"
JuySZhvO7pX,sale,"3-room apartment","okres Ružomberok",Ružomberok,"Staré mesto",NULL,NULL
Ju4YZRhAzaf,sale,"studio apartment","okres Žilina",Žilina,Bôrik,"RIEŠIME BÝVANIE",Bratislava
JuvxnqGhrvB,rent,"3-room apartment","okres Čadca",Čadca,NULL,"Realitné kancelárie SR",Bratislava
JudF4Y5NRYO,rent,"2-room apartment","okres Liptovský Mikuláš","Liptovský Mikuláš","Liptovská Mara - Tatralandia","RESIDENCE realitná kancelária","Liptovský Mikuláš"
JuAyS5TfUDQ,sale,"3-room apartment","okres Žilina",Rajec,Rajec,"Direct Real, spol. s r.o.",Bratislava
JuWSXBSHA4W,rent,"studio apartment","okres Čadca",Čadca,Žarec,"1. Reality Rent, s.r.o.",Žilina
JuSwv58uXFj,rent,"studio apartment","okres Dolný Kubín","Dolný Kubín",Brezovec,"FINREA - ak vám záleží na výsledku","Dolný Kubín"
JuSEGf_jb32,rent,"2-room apartment","okres Námestovo","Oravské Veselé","Oravské Veselé","BeMi realitná kancelária",Nitra
JuiTYBIhgYl,sale,"3-room apartment","okres Žilina",Žilina,Hájik,"DRR INVEST, s. r. o.","Horný Hričov"
JuHOcENm8Ia,sale,"2-room apartment","okres Liptovský Mikuláš","Liptovský Mikuláš","Vrbica - Nábrežie","AstonReal s.r.o.","Banská Bystrica"
Juf0d9bgzD3,sale,"4-room apartment","okres Žilina",Rosina,Rosina,"MGM reality",Žilina
JucQo5vONzU,sale,"3-room apartment","okres Žilina",Žilina,Solinky,"MGM reality",Žilina
JugZvx-B3PM,sale,"1-room apartment","okres Dolný Kubín","Dolný Kubín",Banisko,"TUreality s.r.o.",Žilina
Ju6YQzBpIXw,sale,"4-room apartment","okres Kysucké Nové Mesto","Kysucké Nové Mesto",Kamence,"Istrofinal, s. r. o.",Žilina
JuFfQA7zSPP,sale,"3-room apartment","okres Čadca","Nová Bystrica","Nová Bystrica","RECLOUD Reality a.s.",Bratislava
JuTapZ_iKYW,sale,"3-room apartment","okres Žilina",Žilina,"Staré mesto","Mamud Reality s. r. o.",Žilina
JudSBCw12x9,sale,"2-room apartment","okres Žilina",Žilina,Vlčince,"TUreality s.r.o.",Žilina
JujwaDNeJ1i,rent,"2-room apartment","okres Kysucké Nové Mesto","Kysucké Nové Mesto",Sídlisko,"BR ACADEMY, s. r. o.","Kysucké Nové Mesto"
Jugv6VHMojr,sale,"3-room apartment","okres Čadca",Čierne,Čierne,"Safe reality s. r. o.",Žilina
Jud2teyAuDu,sale,"1-room apartment","okres Liptovský Mikuláš","Demänovská Dolina","Demänovská Dolina","RESIDENCE realitná kancelária","Liptovský Mikuláš"
Jusrma_M5xf,rent,"3-room apartment","okres Žilina",Žilina,Solinky,NULL,NULL
Ju2WQT7unmV,sale,"4-room apartment","okres Martin","Košťany nad Turcom","Košťany nad Turcom","RE/MAX Slovakia",Bratislava
JuJvNTKAcv8,sale,"1-room apartment","okres Kysucké Nové Mesto","Kysucké Nové Mesto",Kamence,"MG real, s.r.o.",Topoľčany
Ju8f-wmtjXf,sale,"3-room apartment","okres Dolný Kubín","Dolný Kubín","Veľký Bysterec","FINREA - ak vám záleží na výsledku","Dolný Kubín"
JuqcGRiE3sH,sale,"2-room apartment","okres Liptovský Mikuláš","Liptovský Mikuláš","Staré mesto","OVERENÉ REALITY","Banská Bystrica"
Jue9scT0OOX,sale,"2-room apartment","okres Martin",Martin,Jahodníky,"CANGURU s.r.o.","Rajecké Teplice"
JuauSxK_Grt,sale,"3-room apartment","okres Dolný Kubín","Dolný Kubín","Veľký Bysterec","TUreality s.r.o.",Žilina
JuETFY0yocs,rent,"3-room apartment","okres Žilina",Žilina,Hliny,"Realitné kancelárie SR",Bratislava
JucHYWmAD9T,sale,"2-room apartment","okres Tvrdošín",Nižná,Nižná,"TUreality s.r.o.",Žilina
Juh6SSze_tY,sale,"3-room apartment","okres Čadca",Staškov,Staškov,"SLNOVRAT, s.r.o.",Olešná
Ju5yq04Fo6g,sale,"holiday apartment","okres Liptovský Mikuláš","Liptovský Mikuláš",Demänová,"REALITY SPOLU",Bratislava
JuUEgGZy7bV,sale,"holiday apartment","okres Žilina",Terchová,Terchová,"KORSO Project, s.r.o.",Žilina
Juo8y036wNc,rent,"2-room apartment","okres Bytča",Bytča,"Veľká Bytča","Fortio Popper s.r.o.",Bytča
JuPeIRhvo6g,rent,"2-room apartment","okres Martin",Martin,Stred,"BRATISLAVA REAL s.r.o.",Senec
Juq3ES8kVdO,rent,"2-room apartment","okres Martin",Martin,Stred,"B10 Slovensko, a. s.",Žilina
Ju6GKonKAZ1,sale,"holiday apartment","okres Liptovský Mikuláš","Liptovský Mikuláš",Demänová,"RESIDENCE realitná kancelária","Liptovský Mikuláš"
JupL8ZjnO78,rent,"1-room apartment","okres Žilina",Žilina,Vlčince,NULL,NULL
JuzI-cY3VGB,rent,"2-room apartment","okres Žilina",Žilina,"Staré mesto","WFG reality, s.r.o.",Žilina
Jurvisl8PBq,rent,"2-room apartment","okres Martin",Martin,Stred,"Buby reality, s.r.o.",Žilina
JuaFgvo5Zms,sale,"3-room apartment","okres Martin",Martin,Stred,"B10 Slovensko, a. s.",Žilina
JuZWfK8jXMU,sale,"2-room apartment","okres Liptovský Mikuláš","Liptovský Mikuláš","Vrbica - Nábrežie","YFE, s.r.o.",Žilina
Ju-TqbMGsYQ,sale,"1-room apartment","okres Martin",Vrútky,NULL,"TUreality s.r.o.",Žilina
JuV4el-7B8H,sale,"3-room apartment","okres Žilina",Žilina,"Staré mesto","Financial Hotels Management, s.r.o.",Žilina
JuC3qFxZRHA,rent,"2-room apartment","okres Martin",Martin,Stred,"TARGETreal s. r. o.",Žilina
JuMvMAnJyAh,sale,"2-room apartment","okres Martin",Martin,Stred,"Reality Center, s.r.o.",Martin
JuOtmAhAnN-,rent,"3-room apartment","okres Žilina",Žilina,"Staré mesto","LAVENTURA s.r.o.",Žilina
Ju2vUj8wFP4,sale,"2-room apartment","okres Liptovský Mikuláš","Malé Borové","Malé Borové",NULL,NULL
Ju3mlVUzkyZ,sale,"2-room apartment","okres Martin",Sučany,Sučany,"TARGETreal s. r. o.",Žilina
JuogofXpdYk,sale,"holiday apartment","okres Liptovský Mikuláš","Liptovský Mikuláš",Demänová,liptoreal,"Liptovský Mikuláš"
Ju6MtpU11Ir,sale,"3-room apartment","okres Martin",Príbovce,Príbovce,"B10 Slovensko, a. s.",Žilina
Ju7oSLy3Fih,sale,"holiday apartment","okres Ružomberok",Ružomberok,Hrabovo,"All 4 Life, s.r.o.",Piešťany
JuuGHfugsJe,rent,"2-room apartment","okres Žilina",Terchová,Terchová,"WFG reality, s.r.o.",Žilina
JuK1Ou62x1-,rent,"2-room apartment","okres Martin",Martin,Stred,"RECLOUD Reality a.s.",Bratislava
JubVv2aiyY0,sale,"4-room apartment","okres Liptovský Mikuláš","Liptovský Mikuláš",Demänová,"PROMINENT REAL s.r.o.",Bratislava
JuhBe2gFJxv,sale,"4-room apartment","okres Žilina",Žilina,Hliny,NULL,NULL
Juw-fZcag7r,sale,"3-room apartment","okres Žilina",Žilina,Hájik,"ODEKO manažment s.r.o.",Žilina
JuTBd7ApfBa,sale,"1-room apartment","okres Martin",Martin,Priekopa,"Eli real realitná kancelária",Košice
JuUG1bLiAAp,sale,"2-room apartment","okres Bytča","Veľké Rovné","Veľké Rovné",NULL,NULL
JudWP4utpDg,sale,"1-room apartment","okres Čadca",Čadca,Centrum,"TARGETreal s. r. o.",Žilina
JuajpkZsNxA,sale,"4-room apartment","okres Ružomberok",Ružomberok,"Staré mesto","A-Byt Consult, s.r.o.",Ružomberok
Jum1UMzjJKg,sale,"2-room apartment","okres Čadca",Staškov,Staškov,"SLNOVRAT, s.r.o.",Olešná
Ju4BxKT1MU9,sale,"holiday apartment","okres Žilina","Rajecké Teplice","Rajecké Teplice","Realitné kancelárie SR",Bratislava
JuQ9TAROpsL,sale,"3-room apartment","okres Čadca",Čadca,Centrum,"PhDr. Miloš Kocúr - BKM Consulting",Skalité
JuTSuAfPUaV,sale,"holiday apartment","okres Liptovský Mikuláš","Demänovská Dolina","Demänovská Dolina","Tatry mountain resorts, a.s.","Liptovský Mikuláš"
Juqt_RyaYSM,sale,"4-room apartment","okres Kysucké Nové Mesto","Kysucké Nové Mesto",Kamence,"Istrofinal, s. r. o.",Žilina
JuxOi4dlZ8Z,rent,"2-room apartment","okres Martin",Martin,Košúty,"Reality Alpia",Martin
JuPxUBuwHJ4,sale,"4-room apartment","okres Žilina",Žilina,Hliny,"RIEŠIME BÝVANIE",Bratislava
JuWJdu9GaUY,sale,"2-room apartment","okres Žilina",Kunerad,Kunerad,NULL,NULL
JuxSKEPCvI9,rent,"1-room apartment","okres Čadca",Oščadnica,Oščadnica,"JPE. Reality - Jozef Pajer",Čadca
Juk34S4WJno,sale,"3-room apartment","okres Žilina",Žilina,Hliny,"MGM reality",Žilina
JuBHdW0whmB,sale,"3-room apartment","okres Martin",Martin,Ľadoveň,"B10 Slovensko, a. s.",Žilina
Ju0roQQA2MK,sale,"holiday apartment","okres Liptovský Mikuláš","Demänovská Dolina","Demänovská Dolina","ML realitný& finančny servis s.r.o. , BrokerSoft s.r.o. , Monika Launerová - SZČO","Banská Bystrica"
JugFcThrxWKY,sale,"3-room apartment","okres Liptovský Mikuláš",Ľubeľa,Ľubeľa,G-REAL,"Liptovský Mikuláš"
JumIry3ptkT,rent,"2-room apartment","okres Námestovo",Mútne,Mútne,"BeMi realitná kancelária",Nitra
JuJkIhlhMxu,rent,"3-room apartment","okres Čadca",Čadca,Kyčerka,"1. Reality Rent, s.r.o.",Žilina
JuJvkR7cHC5,sale,"3-room apartment","okres Martin",Lipovec,Lipovec,"Realitná kancelária",Bratislava
JuPAGeZeFHi,sale,"2-room apartment","okres Dolný Kubín","Dolný Kubín",Brezovec,"FINREA - ak vám záleží na výsledku","Dolný Kubín"
JuFc31jRHf3,sale,"2-room apartment","okres Žilina",Žilina,Vlčince,NULL,NULL
Jux8wTB74lK,sale,"3-room apartment","okres Liptovský Mikuláš","Liptovský Mikuláš","Staré mesto","AstonReal s.r.o.","Banská Bystrica"
JuHzNQ7Qr-d,sale,"3-room apartment","okres Martin",Martin,Jahodníky,"Realitná kancelária",Bratislava
JuWNJll5MyrA,sale,"3-room apartment","okres Žilina",Žilina,Vlčince,"Reinoo a.s.",Žilina
JunnDIKOU8H,rent,"2-room apartment","okres Kysucké Nové Mesto","Kysucké Nové Mesto",Sídlisko,NULL,NULL
JuvSfTkJipf,sale,"2-room apartment","okres Ružomberok",Ružomberok,Baničné,"ODEKO manažment s.r.o.",Žilina
Ju1CJs1XMWM,rent,"2-room apartment","okres Martin",Martin,Stred,NULL,NULL
Ju52OxQfZ-e,rent,"3-room apartment","okres Dolný Kubín","Dolný Kubín",Brezovec,"FINREA - ak vám záleží na výsledku","Dolný Kubín"
JulIgw-I980,sale,"studio apartment","okres Liptovský Mikuláš","Pavčina Lehota","Pavčina Lehota","Direct Real, spol. s r.o.",Bratislava
JutKisdKgjR,sale,"2-room apartment","okres Liptovský Mikuláš","Liptovský Mikuláš","Staré mesto","RESIDENCE realitná kancelária","Liptovský Mikuláš"
JulDE6qv7sX,sale,"4-room apartment","okres Žilina",Žilina,"Staré mesto","Realitná kancelária DOM",Žilina
Ju_WUvCjVPC,sale,"holiday apartment","okres Ružomberok",Bešeňová,Bešeňová,"Reality Alpia",Martin
JuI7RPoOfX3,sale,"3-room apartment","okres Čadca",Turzovka,Stred,"Reality IQ, s.r.o.",Žilina
Jug8bqAUxzc,sale,"2-room apartment","okres Liptovský Mikuláš","Liptovský Mikuláš","Vrbica - Nábrežie","HD reality group s.r.o","Banská Bystrica"
JuNYFhhNxB9,sale,"holiday apartment","okres Martin",Martin,Stred,"Buby reality, s.r.o.",Žilina
JuTJKH0pdjPh,sale,"4-room apartment","okres Liptovský Mikuláš","Liptovský Mikuláš",NULL,"TUreality s.r.o.",Žilina
JuyttBliR9C,sale,"3-room apartment","okres Žilina","Rajecké Teplice","Rajecké Teplice","B10 Slovensko, a. s.",Žilina
JuMi-Tt27An,sale,"2-room apartment","okres Liptovský Mikuláš","Liptovský Mikuláš",Palúdzka,"STRATEGIC REALITY","Liptovský Mikuláš"
JuWmtnyPS8K,sale,"3-room apartment","okres Martin",Lipovec,Lipovec,"B10 Slovensko, a. s.",Žilina
Juv5BxkBnXj,sale,"4-room apartment","okres Žilina",Žilina,Hájik,"Realitná kancelária",Bratislava
Juhppb1YIBH,sale,"2-room apartment","okres Ružomberok",Ružomberok,Hrabovo,"FISCHER & PARTNERS, s.r.o.",Ružomberok
Juug2Jz1Pse,rent,"1-room apartment","okres Liptovský Mikuláš","Liptovský Mikuláš","Staré mesto","KA Real","Banská Bystrica"
JuUcmtKJgcX,sale,"2-room apartment","okres Žilina",Žilina,"Staré mesto","HD reality group s.r.o","Banská Bystrica"
JuZrguawZAO,sale,"2-room apartment","okres Bytča",Bytča,"Veľká Bytča",NULL,NULL
JuR_XmdYxiI,rent,"1-room apartment","okres Martin",Martin,Stred,"Reality Alpia",Martin
JugHDSXoGA9,sale,"3-room apartment","okres Čadca",Turzovka,Stred,"bezmaklérov, s.r.o.",Žilina
Ju7QL5RGfkF,sale,"studio apartment","okres Bytča",Kotešová,Kotešová,"Reality Alpia",Martin
JuKdeWhe2o7,sale,"holiday apartment","okres Liptovský Mikuláš","Demänovská Dolina","Demänovská Dolina",Limaxreal,"Liptovský Mikuláš"
JuN5ogzbwb6,sale,"studio apartment","okres Žilina",Žilina,Vlčince,"MGM reality",Žilina
JukyEz3oR2iD,sale,"2-room apartment","okres Liptovský Mikuláš","Liptovský Mikuláš","Staré mesto","Direct Real, spol. s r.o.",Bratislava
JuUrOuQWCVS,sale,"3-room apartment","okres Liptovský Mikuláš","Liptovský Hrádok",Dovalovo,"TUreality s.r.o.",Žilina
JuOrA9qwl7f,sale,"3-room apartment","okres Turčianske Teplice","Turčianske Teplice",Stred,"TUreality s.r.o.",Žilina
JuwL1ope4JQ,rent,"2-room apartment","okres Žilina",Žilina,Hliny,NULL,NULL
JuGLEI81NEj,sale,"3-room apartment","okres Žilina",Žilina,"Staré mesto","MGM reality",Žilina
Jur94HxnWLm,rent,"studio apartment","okres Čadca",Čadca,Kyčerka,"JPE. Reality - Jozef Pajer",Čadca
Ju3hr4RXLjv,sale,maisonette,"okres Čadca",Čadca,Centrum,"RECLOUD Reality a.s.",Bratislava
JugZ1tAn0SZ,rent,"1-room apartment","okres Martin",Martin,Jahodníky,NULL,NULL
Juc_BdIYUe1,rent,"3-room apartment","okres Dolný Kubín","Dolný Kubín","Veľký Bysterec",NULL,NULL
JuOs2hhR_fq,sale,"1-room apartment","okres Liptovský Mikuláš","Liptovský Mikuláš","Liptovská Mara - Tatralandia","HALO reality, s.r.o.",Prievidza
JuWjsR8x7Sv,rent,"2-room apartment","okres Martin",Vrútky,NULL,"FINREA - ak vám záleží na výsledku","Dolný Kubín"
Ju89eBckNJI,sale,"2-room apartment","okres Martin",Martin,Jahodníky,"CANGURU s.r.o.","Rajecké Teplice"
JuUeGi9MZcI,sale,"holiday apartment","okres Liptovský Mikuláš","Demänovská Dolina","Demänovská Dolina","RESIDENCE realitná kancelária","Liptovský Mikuláš"
JuztOys4YDo,sale,"holiday apartment","okres Liptovský Mikuláš","Demänovská Dolina","Demänovská Dolina","J.M.H. s.r.o.","Liptovský Hrádok"
JuBe2LSvIsNx,sale,"2-room apartment","okres Ružomberok","Liptovská Teplá","Liptovská Teplá","AstonReal s.r.o.","Banská Bystrica"
JuX5UJf-pU4,sale,"holiday apartment","okres Liptovský Mikuláš","Liptovský Mikuláš",Demänová,"RESIDENCE realitná kancelária","Liptovský Mikuláš"
Juh8S_7FwJj,sale,"1-room apartment","okres Tvrdošín",Tvrdošín,Medvedzie,"Vianema s.r.o.",Bratislava
JukRhMNGZ-C,sale,"2-room apartment","okres Ružomberok",Ružomberok,Roveň,NULL,NULL
JunH90jZGku,sale,"1-room apartment","okres Žilina",Žilina,Bytčica,"Effecting s.r.o.",Bratislava
JuzxsN9HYse,sale,"2-room apartment","okres Liptovský Mikuláš","Liptovský Mikuláš",Demänová,"OVERENÉ REALITY","Banská Bystrica"
JulRM1RZW6m,rent,"4-room apartment","okres Žilina",Žilina,"Staré mesto","Realitná kancelária RED, s.r.o.",Žilina
JuIVEdX9aqM,sale,"2-room apartment","okres Martin",Martin,Sever,"FINREA - ak vám záleží na výsledku","Dolný Kubín"
Ju23LHSYosl,sale,"1-room apartment","okres Liptovský Mikuláš","Demänovská Dolina","Demänovská Dolina",G-REAL,"Liptovský Mikuláš"
JuNnPRzxLFf,rent,"2-room apartment","okres Žilina",Žilina,Hliny,NULL,NULL
JuMfaZM03jX,sale,"3-room apartment","okres Dolný Kubín","Dolný Kubín","Veľký Bysterec","TUreality s.r.o.",Žilina
Ju1KgFqJaOR,sale,"2-room apartment","okres Liptovský Mikuláš","Malé Borové","Malé Borové","REALITY FAIR","Banská Bystrica"
Ju4lgcUtMo2,rent,"2-room apartment","okres Žilina",Žilina,"Staré mesto","X-REAL, s. r. o.",Žilina
Ju2DPhpZEXH,sale,"4-room apartment","okres Žilina",Žilina,"Staré mesto","KORSO Project, s.r.o.",Žilina
JuqFaXjCOjj,sale,"1-room apartment","okres Martin",Martin,Košúty,"Reality ASTORIA, s.r.o.",Martin
JuoHqPCC27P,sale,"holiday apartment","okres Ružomberok",Bešeňová,Bešeňová,"REALITY SPOLU",Bratislava
Ju8yXTZyQ0c,sale,"3-room apartment","okres Liptovský Mikuláš","Liptovský Hrádok",Dovalovo,"TUreality s.r.o.",Žilina
Juh0xQ8lAwr,sale,"holiday apartment","okres Liptovský Mikuláš","Demänovská Dolina","Demänovská Dolina","MK-CORP s.r.o.",Malacky
JuFMzwDkckH,rent,"3-room apartment","okres Žilina",Žilina,Vlčince,NULL,NULL
JuB3Z9PEAiq,rent,"3-room apartment","okres Žilina",Žilina,Závodie,"Safe reality s. r. o.",Žilina
JuolQI_qYfx,sale,"holiday apartment","okres Liptovský Mikuláš","Demänovská Dolina","Demänovská Dolina","RESIDENCE realitná kancelária","Liptovský Mikuláš"
JujVD_-rIKd,sale,"2-room apartment","okres Ružomberok",Ružomberok,Hrabovo,NULL,NULL
JuGX51SpwM8,rent,"3-room apartment","okres Dolný Kubín","Dolný Kubín","Veľký Bysterec","OREA, s.r.o.","Dolný Kubín"
Ju8MQ6z2y19,sale,"1-room apartment","okres Žilina",Žilina,"Staré mesto","WFG reality, s.r.o.",Žilina
JudIm98MNcc,sale,"3-room apartment","okres Žilina",Žilina,Vlčince,"Realitná kancelária RED, s.r.o.",Žilina
JuEn89TLzyn,rent,"2-room apartment","okres Žilina",Žilina,Hliny,NULL,NULL
JuDVCgxcWoV,rent,"1-room apartment","okres Dolný Kubín","Dolný Kubín",Stred,"KES - RV s.r.o.",Rožňava
JurCt3kGKjX,sale,"3-room apartment","okres Kysucké Nové Mesto","Kysucké Nové Mesto",Sídlisko,"ROSA reality","Kysucké Nové Mesto"
Ju4rzPnW6--,rent,"1-room apartment","okres Žilina",Rajec,Rajec,NULL,NULL
JudLFAAMGyd,sale,"3-room apartment","okres Liptovský Mikuláš","Liptovský Mikuláš","Vrbica - Nábrežie","RESIDENCE realitná kancelária","Liptovský Mikuláš"
JuAF6zTk4aw,sale,"3-room apartment","okres Žilina",Žilina,Hájik,"ODEKO manažment s.r.o.",Žilina
JurXcD9fbrUY,sale,"4-room apartment","okres Žilina",Žilina,"Staré mesto","Realitná kancelária RED, s.r.o.",Žilina
JuPIcosPUIK,rent,"2-room apartment","okres Žilina",Žilina,Hliny,NULL,NULL
JuviN4c9fMi,sale,"2-room apartment","okres Liptovský Mikuláš","Liptovský Mikuláš",Demänová,G-REAL,"Liptovský Mikuláš"
Jux3fZyBY08,sale,"2-room apartment","okres Martin",Martin,Sever,"HD reality group s.r.o","Banská Bystrica"
JuzYHHeYN5Y,sale,"3-room apartment","okres Žilina",Žilina,Vlčince,"Safe reality s. r. o.",Žilina
JulrtoBvNUl,sale,"4-room apartment","okres Žilina",Žilina,Vlčince,"MGM reality",Žilina
JunJQlPuUZ5,sale,"3-room apartment","okres Ružomberok",Ružomberok,"Staré mesto",NULL,NULL
Ju7Y_BuXfpd,sale,"3-room apartment","okres Martin",Martin,Sever,"Reality Center, s.r.o.",Martin
JuIQRanSNHE,sale,"holiday apartment","okres Liptovský Mikuláš","Demänovská Dolina","Demänovská Dolina","MK-CORP s.r.o.",Malacky
Ju-oy7KMPvG,sale,"2-room apartment","okres Martin",Martin,Priekopa,"CANGURU s.r.o.","Rajecké Teplice"
JuGK6bfHjeP,sale,"1-room apartment","okres Ružomberok",Ružomberok,Hrabovo,"Reality ELIÁŠ",Nitra
Juow0UUu95a,sale,"holiday apartment","okres Liptovský Mikuláš","Liptovský Ján","Liptovský Ján","RIEŠIME BÝVANIE",Bratislava
Jua2VQSxknR,rent,"2-room apartment","okres Žilina",Žilina,"Staré mesto","Safe reality s. r. o.",Žilina
Jute43unDDv,rent,"2-room apartment","okres Martin",Martin,Sever,"FINREA - ak vám záleží na výsledku","Dolný Kubín"
JuhboaiL4kD,sale,"holiday apartment","okres Čadca",Makov,Makov,"Apollo House",Bratislava
JuvEgSpY9yR,sale,"3-room apartment","okres Ružomberok",Ružomberok,"Staré mesto",NULL,NULL
JunTVXk3Mti,sale,"3-room apartment","okres Martin",Martin,Stred,"Real Reality Development s.r.o.",Martin
JuuSRj_dS1E,sale,"1-room apartment","okres Martin",Martin,Ľadoveň,NULL,NULL
Ju4H966Coro,sale,"1-room apartment","okres Ružomberok",Bešeňová,Bešeňová,"OREA, s.r.o.","Dolný Kubín"
Ju6-B7-KyuQ,sale,"2-room apartment","okres Žilina",Žilina,"Staré mesto","WFG reality, s.r.o.",Žilina
JuhnGApypwY,sale,"3-room apartment","okres Žilina",Žilina,Vlčince,NULL,NULL
Ju7xovoPDxC,sale,"2-room apartment","okres Ružomberok",Ružomberok,Roveň,"RE/MAX Slovakia",Bratislava
Ju_EiSHONLK,sale,"2-room apartment","okres Bytča",Kotešová,Kotešová,"Realitná kancelária",Bratislava
JuNbmfaprZN,rent,"2-room apartment","okres Liptovský Mikuláš","Liptovský Mikuláš","Staré mesto","Reality Alpia",Martin
JukTLg0JPLo,sale,"2-room apartment","okres Žilina",Žilina,"Staré mesto","ŽILINAREAL, s.r.o.",Žilina
Ju5nlrwa9YA,sale,"3-room apartment","okres Čadca",Čadca,Centrum,"Vianema s.r.o.",Bratislava
JuxqWwCd3Bc,sale,"holiday apartment","okres Ružomberok",Bešeňová,Bešeňová,"Reality Alpia",Martin
Ju-lEoc2XSC,sale,"3-room apartment","okres Žilina",Žilina,Hájik,"ODEKO manažment s.r.o.",Žilina
JuPFzcSTrpI,sale,"2-room apartment","okres Žilina",Žilina,Hájik,"MGM reality",Žilina
JuBGOlYijOs,sale,"3-room apartment","okres Dolný Kubín",Leštiny,Leštiny,"FINREA - ak vám záleží na výsledku","Dolný Kubín"
JuzSVrg19-5,sale,"3-room apartment","okres Dolný Kubín","Dolný Kubín",Stred,"OREA, s.r.o.","Dolný Kubín"
Ju4DmwiiW-b,sale,"4-room apartment","okres Kysucké Nové Mesto","Kysucké Nové Mesto",Kamence,"Istrofinal, s. r. o.",Žilina
JuqfZpnefqB,rent,"3-room apartment","okres Žilina",Žilina,"Staré mesto",NULL,NULL
Juu9JOj3Rtxf,sale,"3-room apartment","okres Dolný Kubín",Leštiny,Leštiny,"FINREA - ak vám záleží na výsledku","Dolný Kubín"
JuqrzDEx4zp,sale,"3-room apartment","okres Žilina","Dlhé Pole","Dlhé Pole","DRR INVEST, s. r. o.","Horný Hričov"
JuMDbkTFIEs,rent,"studio apartment","okres Martin",Martin,Sever,"Reality ASTORIA, s.r.o.",Martin
JuKOSky-gaQ,rent,"2-room apartment","okres Bytča",Bytča,"Veľká Bytča","Fortio Popper s.r.o.",Bytča
Ju6HxyuWwow,sale,"3-room apartment","okres Žilina",Žilina,"Staré mesto","RENOME REAL",Žilina
Jug-3hxWFLu,rent,"3-room apartment","okres Žilina",Žilina,Hliny,"Realitné kancelárie SR",Bratislava
Ju7k48dIljM,sale,"2-room apartment","okres Liptovský Mikuláš","Liptovský Mikuláš","Staré mesto","HALO reality, s.r.o.",Prievidza
Jumh9UnxAYr,rent,"2-room apartment","okres Žilina",Žilina,Vlčince,"ROMDOM, s. r. o",Žilina
JuN_WBxnd6g,sale,"2-room apartment","okres Liptovský Mikuláš","Malé Borové","Malé Borové",NULL,NULL
JujoQo2VGUJ,rent,"1-room apartment","okres Bytča",Bytča,"Veľká Bytča","PRIMA reality s.r.o.",Žilina
JuVrf5-P_w2,sale,"2-room apartment","okres Martin",Martin,Sever,"Reality AK, spol. s r.o.",Martin
JuhprznFXvm,sale,"1-room apartment","okres Bytča",Bytča,"Thurzove sady","4FIN s.r.o.",Beluša
JubdDMCwkS-,sale,"2-room apartment","okres Martin",Martin,Záturčie,"Realitná kancelária DR, s.r.o.",Martin
Jur10DDDefn,rent,"2-room apartment","okres Bytča",Bytča,"Veľká Bytča","Fortio Popper s.r.o.",Bytča
JuAFSeapxAr,sale,"4-room apartment","okres Žilina",Žilina,Hájik,"ODEKO manažment s.r.o.",Žilina
JunM5Oyfta7,sale,"4-room apartment","okres Liptovský Mikuláš","Liptovský Hrádok",NULL,"Direct Real, spol. s r.o.",Bratislava
JulljNn3BQ6,rent,"3-room apartment","okres Žilina",Žilina,"Staré mesto","JKV REAL",Prievidza
Ju-DQSmNMMQ,sale,"4-room apartment","okres Žilina",Žilina,"Staré mesto","Realitná kancelária RED, s.r.o.",Žilina
Juzy2CD4C3Q,sale,"3-room apartment","okres Liptovský Mikuláš","Liptovský Mikuláš","Staré mesto",NULL,NULL
JuyFJFlxmNe,sale,"holiday apartment","okres Ružomberok",Ružomberok,Hrabovo,"Reality Alpia",Martin
JudFUrfv3xN,sale,"2-room apartment","okres Dolný Kubín","Dolný Kubín",Brezovec,"OREA, s.r.o.","Dolný Kubín"
JuTZyCvuUzR,sale,"3-room apartment","okres Martin",Martin,Sever,"Reality ASTORIA, s.r.o.",Martin
Juip-IYlQVA,sale,"3-room apartment","okres Martin",Martin,Záturčie,"Realitná kancelária",Bratislava
JuRjoCvdqrS,rent,"3-room apartment","okres Martin",Martin,Košúty,"Realitná kancelária",Bratislava
Jubh97mv2uS,sale,"2-room apartment","okres Martin",Martin,Stred,"RE/MAX Slovakia",Bratislava
JuX28I09sjk,rent,"3-room apartment","okres Martin",Martin,Podháj,"TUreality s.r.o.",Žilina
JuC150gf4x0,rent,"3-room apartment","okres Martin",Martin,Stred,"Reality ASTORIA, s.r.o.",Martin
JuWE0lIaFPD,sale,"3-room apartment","okres Žilina",Žilina,Hliny,"TUreality s.r.o.",Žilina
JuOHtDh4ssx,rent,"3-room apartment","okres Žilina",Žilina,"Staré mesto","JKV REAL",Prievidza
JucmQgleApT,sale,"4-room apartment","okres Žilina",Žilina,"Staré mesto","KORSO Project, s.r.o.",Žilina
Juwx2mgp7mc,sale,"3-room apartment","okres Martin",Martin,Sever,"Reality AK, spol. s r.o.",Martin
Juefy0T6TSp,sale,"4-room apartment","okres Kysucké Nové Mesto","Kysucké Nové Mesto",NULL,"Safe reality s. r. o.",Žilina
JuOlH8L9nB_,sale,"2-room apartment","okres Žilina",Žilina,Vlčince,"Reinoo a.s.",Žilina
JuP6ftsrJ5D,sale,"2-room apartment","okres Žilina",Žilina,Hliny,NULL,NULL
JuXhj_2xCZd,sale,"3-room apartment","okres Martin",Martin,Stráne,"B10 Slovensko, a. s.",Žilina
JuFDFkP8ndy,sale,"1-room apartment","okres Žilina",Žilina,"Staré mesto","WFG reality, s.r.o.",Žilina
Ju99QRQeIB6,rent,"1-room apartment","okres Liptovský Mikuláš","Liptovský Mikuláš",Okoličné,"Reality Alpia",Martin
Ju0vPaBxKXU,sale,"2-room apartment","okres Liptovský Mikuláš","Liptovský Mikuláš","Vrbica - Nábrežie","RESIDENCE realitná kancelária","Liptovský Mikuláš"
JuY5LGMMCXw,rent,"commercial space","okres Martin",Sučany,Sučany,"iO Partners Slovakia s.r.o.",Bratislava
Jul_zSmXyuk,sale,"3-room apartment","okres Žilina",Žilina,Bytčica,"Realitná kancelária RED, s.r.o.",Žilina
Juc13_FCZgH,rent,maisonette,"okres Liptovský Mikuláš","Liptovský Mikuláš","Staré mesto","GERT , s.r.o.","Liptovský Mikuláš"
JuTx27ZW8X8,sale,"holiday apartment","okres Liptovský Mikuláš",Lazisko,Lazisko,"RK SPIRIT s.r.o.","Liptovský Mikuláš"
Jun0m0ZrnOH,sale,"holiday apartment","okres Liptovský Mikuláš","Demänovská Dolina","Demänovská Dolina","Tatry mountain resorts, a.s.","Liptovský Mikuláš"
JuIW7C6rFGH,sale,"3-room apartment","okres Martin",Turany,Turany,"LIF REAL",Martin
JupsSzyT0cr,rent,"2-room apartment","okres Martin",Vrútky,"Horné Vrútky","Reality AK, spol. s r.o.",Martin
JuL2iQbOhc4,sale,"holiday apartment","okres Námestovo","Oravská Lesná","Oravská Lesná","KUBALA REALITY, s.r.o.",Čadca
JuDUhZhbscW,rent,"3-room apartment","okres Martin",Martin,Sever,NULL,NULL
JuU_yP2Leq5,sale,"2-room apartment","okres Žilina",Žilina,Hliny,"ROMDOM, s. r. o",Žilina
JudTzF1WzhJ,rent,"2-room apartment","okres Žilina",Žilina,"Malá Praha",NULL,NULL
JuZZDPtR2IXg,rent,"1-room apartment","okres Bytča",Bytča,"Veľká Bytča","PRIMA reality s.r.o.",Žilina
Ju6CbHXXMaR,rent,"2-room apartment","okres Liptovský Mikuláš","Liptovský Mikuláš","Vrbica - Nábrežie","RESIDENCE realitná kancelária","Liptovský Mikuláš"
JuJyLb9uZkF,rent,"2-room apartment","okres Martin",Martin,Stred,"FINREA - ak vám záleží na výsledku","Dolný Kubín"
JuZsnFqHRPo,sale,"4-room apartment","okres Žilina",Žilina,Závodie,"MGM reality",Žilina
JubcX2eX1Ec,rent,"2-room apartment","okres Martin",Martin,Stred,NULL,NULL
JuHVIRVpUCc,sale,"holiday apartment","okres Liptovský Mikuláš","Liptovský Mikuláš","Staré mesto","RK SPIRIT s.r.o.","Liptovský Mikuláš"
Ju43Fk0eYYh,rent,"3-room apartment","okres Čadca",Čadca,Žarec,"1. Reality Rent, s.r.o.",Žilina
JuN7uIfPm4u,rent,"3-room apartment","okres Žilina",Žilina,Vlčince,"AnoReal, s.r.o.",Stráňavy
JuunJga2z_k,sale,"2-room apartment","okres Liptovský Mikuláš","Demänovská Dolina","Demänovská Dolina","RE/MAX Slovakia",Bratislava
JuAChQKUc2K,rent,"3-room apartment","okres Martin",Martin,Stred,"Reality Center, s.r.o.",Martin
Ju0haPUlmUa,sale,"3-room apartment","okres Žilina",Žilina,Hliny,NULL,NULL
JuMd5Se4xMY,sale,"3-room apartment","okres Martin",Martin,Košúty,"Realitná kancelária",Bratislava
JusbD5cQ3a4,sale,"3-room apartment","okres Martin",Martin,Košúty,"B10 Slovensko, a. s.",Žilina
JuM34gAq3oh,rent,"3-room apartment","okres Čadca",Čadca,Centrum,"SLNOVRAT, s.r.o.",Olešná
JuMB3dfOXp8,sale,"3-room apartment","okres Liptovský Mikuláš","Liptovský Mikuláš",Palúdzka,"AstonReal s.r.o.","Banská Bystrica"
JubzWbhcDfO,sale,"3-room apartment","okres Turčianske Teplice","Turčianske Teplice",NULL,"TUreality s.r.o.",Žilina
JuVAMiylcZs,sale,"holiday apartment","okres Liptovský Mikuláš","Liptovský Mikuláš","Liptovská Mara - Tatralandia","RK SPIRIT s.r.o.","Liptovský Mikuláš"
JunEHNrbeFP,sale,"holiday apartment","okres Liptovský Mikuláš","Liptovský Ján","Liptovský Ján","GERT , s.r.o.","Liptovský Mikuláš"
JuUPtRtKqg1,rent,"holiday apartment","okres Tvrdošín",Nižná,Nižná,"Realitné kancelárie SR",Bratislava
Juqo7TnYgwu,sale,"3-room apartment","okres Liptovský Mikuláš","Liptovský Mikuláš",Palúdzka,"Direct Real, spol. s r.o.",Bratislava
JuS-j-NozyD,rent,"3-room apartment","okres Žilina",Žilina,Hliny,"Realitná kancelária RED, s.r.o.",Žilina
Ju6448VMXkm,rent,"2-room apartment","okres Martin",Vrútky,NULL,"TUreality s.r.o.",Žilina
Ju1i5P66bxL,sale,"4-room apartment","okres Martin",Martin,Ľadoveň,"Realitná kancelária",Bratislava
JuYIUYhGIcc,sale,"3-room apartment","okres Žilina",Žilina,Vlčince,"Realitné kancelárie SR",Bratislava
JuNO1HdGb3E,sale,"2-room apartment","okres Martin",Martin,Stred,"Buby reality, s.r.o.",Žilina
JuR_dv_w6nb,rent,"3-room apartment","okres Martin",Martin,Záturčie,"Reality Turiec s.r o.",Martin
JulFrto6Z8R,sale,"holiday apartment","okres Liptovský Mikuláš","Demänovská Dolina","Demänovská Dolina","Tatra Invest",Podtureň
Ju3o-SF0dKF,sale,"1-room apartment","okres Žilina",Žilina,"Staré mesto","WFG reality, s.r.o.",Žilina
Juena3XeNrr,sale,"2-room apartment","okres Liptovský Mikuláš",Ľubeľa,Ľubeľa,"Direct Real, spol. s r.o.",Bratislava
JuvUgr_LkF7,sale,"3-room apartment","okres Liptovský Mikuláš","Liptovský Mikuláš","Liptovská Ondrašová","Bosen Group s.r.o.",Bratislava
Ju-oP3i-Pkz,sale,"3-room apartment","okres Martin",Martin,Priekopa,"Reality ASTORIA, s.r.o.",Martin
JuEWaQqDH0I,sale,"2-room apartment","okres Martin",Martin,Jahodníky,"Reality Center, s.r.o.",Martin
JuqQMoNXFYc,sale,"3-room apartment","okres Martin",Martin,Stred,"Reality Center, s.r.o.",Martin
Ju6LKRO0_U9,sale,"2-room apartment","okres Žilina",Žilina,"Staré mesto","Realitná kancelária RED, s.r.o.",Žilina
Ju_TYGvbGhv,sale,"holiday apartment","okres Liptovský Mikuláš","Demänovská Dolina","Demänovská Dolina","RESIDENCE realitná kancelária","Liptovský Mikuláš"
Juq7WGTR85M,sale,"2-room apartment","okres Tvrdošín",Trstená,Trstená,"HD reality group s.r.o","Banská Bystrica"
JuOvpv4GR0X,sale,"2-room apartment","okres Liptovský Mikuláš","Liptovský Mikuláš",NULL,"BeMi realitná kancelária",Nitra
Ju65g8tl_o6,rent,"2-room apartment","okres Bytča",Bytča,"Veľká Bytča","Fortio Popper s.r.o.",Bytča
Ju7s-G2xWRrv,sale,"2-room apartment","okres Dolný Kubín","Dolný Kubín","Veľký Bysterec","OREA, s.r.o.","Dolný Kubín"
Jur9DmBKE6k,rent,"3-room apartment","okres Čadca",Turzovka,Stred,NULL,NULL
Juethr02QAh,rent,"3-room apartment","okres Dolný Kubín","Dolný Kubín",Mokraď,"OREA, s.r.o.","Dolný Kubín"
JuRPpAPhQaY,rent,"3-room apartment","okres Žilina",Žilina,"Staré mesto","Realitná kancelária RED, s.r.o.",Žilina
JuXIhW2sDRX,sale,"4-room apartment","okres Žilina",Žilina,Vlčince,"Direct Real, spol. s r.o.",Bratislava
JukVWGCXzBK,rent,"3-room apartment","okres Žilina",Žilina,"Staré mesto","MGM reality",Žilina
JuA1hP6Bd3t,sale,"4-room apartment","okres Liptovský Mikuláš","Liptovský Mikuláš",Demänová,G-REAL,"Liptovský Mikuláš"
JunJ76UrnXo,sale,"2-room apartment","okres Martin",Martin,Sever,"FINREA - ak vám záleží na výsledku","Dolný Kubín"
Juy4b8nUUh5,sale,"3-room apartment","okres Žilina",Žilina,Hájik,"TARGETreal s. r. o.",Žilina
JuoKym-eugj,sale,"holiday apartment","okres Ružomberok",Ružomberok,Hrabovo,"Reality Alpia",Martin
JuxugnKSQZO,sale,"2-room apartment","okres Dolný Kubín","Dolný Kubín",NULL,"RE/MAX Slovakia",Bratislava
Ju0Ee02A6Iy,sale,"2-room apartment","okres Žilina",Žilina,Vlčince,"HMS Services, a. s.",Žilina
JuZUv2TX6Jz,sale,"holiday apartment","okres Ružomberok",Bešeňová,Bešeňová,"Reality Alpia",Martin
Ju-GH82Bvcv,sale,"3-room apartment","okres Liptovský Mikuláš","Liptovský Mikuláš",Palúdzka,"ŠIRINY, s.r.o.",Zvolen
JumwKAHAQZ-,sale,"holiday apartment","okres Bytča",Súľov-Hradná,Súľov-Hradná,"RIEŠIME BÝVANIE",Bratislava
Ju36lkCzKpS,sale,"2-room apartment","okres Martin",Martin,Priekopa,"NajBývanie, s.r.o.",Ružomberok
JuVL9EcWc2t,rent,"2-room apartment","okres Bytča",Bytča,"Veľká Bytča","Fortio Popper s.r.o.",Bytča
JuXRr8c0-gp,sale,"holiday apartment","okres Liptovský Mikuláš","Liptovský Ján","Liptovský Ján","KRUPPKY, s.r.o.","Liptovský Mikuláš"
JuUYkSiI3DC,sale,"holiday apartment","okres Liptovský Mikuláš","Liptovský Mikuláš","Liptovská Mara - Tatralandia","ARCHEUS Partners a.s.",Bratislava
JuqLWeKD7Wh,sale,"2-room apartment","okres Liptovský Mikuláš","Liptovský Mikuláš",Podbreziny,liptoreal,"Liptovský Mikuláš"
Juq8LRZ6yKQ,sale,"3-room apartment","okres Ružomberok",Ružomberok,Roveň,"AstonReal s.r.o.","Banská Bystrica"
Ju_IKpLJHsv,sale,"holiday apartment","okres Ružomberok",Bešeňová,Bešeňová,"OREA, s.r.o.","Dolný Kubín"
JugAp1u_qk1,rent,"studio apartment","okres Žilina",Žilina,Vlčince,"EASY centrum bývania, s.r.o.",Žilina
JuJPy3KQ41X,rent,"2-room apartment","okres Martin",Martin,Priekopa,"Reality Alpia",Martin
Ju_bbWxDvZ7,rent,"1-room apartment","okres Liptovský Mikuláš","Liptovský Mikuláš",NULL,"RESIDENCE realitná kancelária","Liptovský Mikuláš"
JuuKGKckyxy,sale,"3-room apartment","okres Martin",Vrútky,"Horné Vrútky","Reality MT s.r.o.",Martin
Ju7lyYOfLaW,sale,"1-room apartment","okres Žilina",Žilina,Hliny,"RIEŠIME BÝVANIE",Bratislava
Ju7UlN5liG9,sale,"3-room apartment","okres Martin",Martin,Jahodníky,"Buby reality, s.r.o.",Žilina
JuVUnBR3tKh,sale,"2-room apartment","okres Žilina",Žilina,Bôrik,"Realitná kancelária RED, s.r.o.",Žilina
JuQBqq7Pwpu,rent,"2-room apartment","okres Žilina",Žilina,"Staré mesto","Realitná kancelária RED, s.r.o.",Žilina
Jux-89v_b-H,sale,"3-room apartment","okres Kysucké Nové Mesto","Kysucké Nové Mesto",Kamence,"MGM reality",Žilina
JuRirU25uGC,sale,"4-room apartment","okres Žilina",Žilina,"Staré mesto","Realitná kancelária RED, s.r.o.",Žilina
JuH61G00WWP,sale,"3-room apartment","okres Liptovský Mikuláš","Liptovský Mikuláš",Podbreziny,"HALO reality, s.r.o.",Prievidza
JuzhlHJjU2y,sale,"3-room apartment","okres Kysucké Nové Mesto","Kysucké Nové Mesto",Kamence,"Renovo Reality",Žilina
JuTPBH57dwB,sale,"4-room apartment","okres Liptovský Mikuláš","Liptovský Mikuláš","Staré mesto","TATRA CITY RESIDENCE s. r. o.",Zvolen
JuA6AvNGWkt,sale,"2-room apartment","okres Liptovský Mikuláš","Liptovský Mikuláš","Staré mesto","XEMAR realitná spoločnosť s.r.o.","Banská Bystrica"
JuV3Qm6Wkc0,sale,"4-room apartment","okres Žilina",Martin,Priekopa,"Buby reality, s.r.o.",Žilina
JuzpWPdpylQ,sale,"3-room apartment","okres Žilina",Žilina,Vlčince,"Reinoo a.s.",Žilina
JukmrMnXO9z,sale,"2-room apartment","okres Martin",Martin,Košúty,"ALFA SALUTO REAL s.r.o",Bratislava
JuYVsYrHNhK,sale,"3-room apartment","okres Turčianske Teplice","Turčianske Teplice",Stred,"Ing.Zuzana Paverová","Turčianske Teplice"
JulaIQCE-Uz,rent,"2-room apartment","okres Liptovský Mikuláš","Liptovský Mikuláš",Palúdzka,"RESIDENCE realitná kancelária","Liptovský Mikuláš"
JuVfkYvfV4D,sale,"holiday apartment","okres Žilina",Žilina,"Staré mesto","Financial Hotels Management, s.r.o.",Žilina
JuXClsCim_Y,rent,"3-room apartment","okres Žilina",Žilina,"Staré mesto",NULL,NULL
JufDkMDnCvm,rent,"3-room apartment","okres Žilina",Žilina,Bytčica,"Stanislav Motyčík - MK",Žilina
JukJYQ0D3dC,sale,"3-room apartment","okres Žilina",Čičmany,Čičmany,"TUreality s.r.o.",Žilina
JuF1TjEV1Ru,sale,"3-room apartment","okres Martin","Košťany nad Turcom","Košťany nad Turcom","B10 Slovensko, a. s.",Žilina
JuNLjCrLJ47,sale,"other apartment type","okres Martin",Martin,Stred,"Reality MT s.r.o.",Martin
JuVvtE4iYcW,sale,"holiday apartment","okres Dolný Kubín","Dolný Kubín",Stred,"RK SPIRIT s.r.o.","Liptovský Mikuláš"
Ju8ym9e1pKJ,sale,"1-room apartment","okres Čadca",Čadca,Žarec,"1. Reality Rent, s.r.o.",Žilina
JugsT-r1Fjq,sale,"studio apartment","okres Martin",Martin,Sever,"RECLOUD Reality a.s.",Bratislava
JuRvKY-BDAM,sale,"studio apartment","okres Liptovský Mikuláš","Liptovská Porúbka","Liptovská Porúbka","HALO reality, s.r.o.",Prievidza
JuXB6L99RjI,rent,"2-room apartment","okres Žilina",Žilina,Vlčince,"MGM reality",Žilina
Ju6Fxzj1aPV,sale,"3-room apartment","okres Turčianske Teplice","Turčianske Teplice",Stred,"TARGETreal s. r. o.",Žilina
JuvyqEQLT9W,rent,"4-room apartment","okres Martin",Martin,Priekopa,"Reality Alpia",Martin
Ju8nwr--d8J,sale,"holiday apartment","okres Liptovský Mikuláš","Demänovská Dolina","Demänovská Dolina","Tatry mountain resorts, a.s.","Liptovský Mikuláš"
JuB0hydoQt_,sale,"2-room apartment","okres Liptovský Mikuláš","Liptovský Mikuláš","Staré mesto","ADOMOS REAL s.r.o.",Košice
JuM_6zn3dEU,sale,"4-room apartment","okres Martin",Martin,Ľadoveň,"TARGETreal s. r. o.",Žilina
JuCSthEMyi8,sale,"4-room apartment","okres Žilina",Žilina,"Staré mesto","R2 SK, s.r.o.",Žilina
JuUgt1O2AUN,sale,"2-room apartment","okres Liptovský Mikuláš","Malé Borové","Malé Borové",NULL,NULL
JuNZ8PQ1HeL,sale,"3-room apartment","okres Ružomberok",Ružomberok,Polík,"AstonReal s.r.o.","Banská Bystrica"
JubK5ISUXOm,sale,"4-room apartment","okres Kysucké Nové Mesto","Kysucké Nové Mesto",Kamence,"Istrofinal, s. r. o.",Žilina
JuktNGvsiwv,sale,"1-room apartment","okres Žilina",Žilina,"Staré mesto","WFG reality, s.r.o.",Žilina
Ju5B5pSVvke,rent,"3-room apartment","okres Žilina",Žilina,"Staré mesto","RIEŠIME BÝVANIE",Bratislava
JugR8pX-gZX,sale,"3-room apartment","okres Martin",Martin,Ľadoveň,"TUreality s.r.o.",Žilina
JumTQJJZB7H,sale,"3-room apartment","okres Žilina",Žilina,Hájik,"TUreality s.r.o.",Žilina
JuaFAuw30OV,sale,loft,"okres Žilina",Žilina,"Staré mesto","Renovo Reality",Žilina
Ju-FXGTnvER,sale,"4-room apartment","okres Žilina",Žilina,Vlčince,"Reality Alpia",Martin
JuHXoN0ryfa,sale,"3-room apartment","okres Žilina",Žilina,Vlčince,"MGM reality",Žilina
JuYsJLbvRpN,sale,"2-room apartment","okres Kysucké Nové Mesto","Kysucké Nové Mesto",Sídlisko,"1. Reality Rent, s.r.o.",Žilina
JuRYP3Oa6YZ,sale,"4-room apartment","okres Dolný Kubín","Dolný Kubín",Stred,"RK Dalmia s. r. o.","Dolný Kubín"
JuKfypJ44Pi,rent,"2-room apartment","okres Čadca",Klubina,Klubina,"Trioreality, s.r.o.",Čadca
JuB63TyYdjm,sale,loft,"okres Liptovský Mikuláš","Liptovský Mikuláš","Staré mesto","TATRA CITY RESIDENCE s. r. o.",Zvolen
JuwdDOrpGK5,sale,"4-room apartment","okres Martin",Martin,Priekopa,"Buby reality, s.r.o.",Žilina
JuQLJpNFPOX,rent,"1-room apartment","okres Dolný Kubín","Dolný Kubín","Veľký Bysterec","FINREA - ak vám záleží na výsledku","Dolný Kubín"
JupfL7Qxmcc,rent,"3-room apartment","okres Žilina",Žilina,Hliny,"STAREA, s. r. o.",Žilina
JuF5xNSQO5x,sale,"1-room apartment","okres Čadca",Čadca,Žarec,"BeMi realitná kancelária",Nitra
Juk3yNZ7Eva,rent,"2-room apartment","okres Žilina","Rajecké Teplice","Rajecké Teplice","Realitná kancelária",Bratislava
JuiS9BjPEIo,sale,"2-room apartment","okres Liptovský Mikuláš","Demänovská Dolina","Demänovská Dolina","HD reality group s.r.o","Banská Bystrica"
Jug3a9-mziM,sale,"2-room apartment","okres Liptovský Mikuláš","Liptovský Hrádok",Celiny,"RK SPIRIT s.r.o.","Liptovský Mikuláš"
JuZzvx283W0,rent,"1-room apartment","okres Martin",Martin,Stred,NULL,NULL
Ju8DPYGWH3G,sale,"2-room apartment","okres Dolný Kubín","Dolný Kubín",Stred,"RK SPIRIT s.r.o.","Liptovský Mikuláš"
JuP5uFTNe1Q,rent,"3-room apartment","okres Žilina",Žilina,Vlčince,"KVArent, s.r.o.",Žilina
JuALKaJfivV,rent,"3-room apartment","okres Žilina",Žilina,Hájik,"B10 Slovensko, a. s.",Žilina
Juns9vrGm9z,sale,"holiday apartment","okres Námestovo","Oravská Lesná","Oravská Lesná","Occam New Home",Bratislava
JuviBInVrFn,rent,"1-room apartment","okres Martin",Martin,Stred,NULL,NULL
JuqUuNNcs6x,rent,"2-room apartment","okres Liptovský Mikuláš","Liptovský Mikuláš",Palúdzka,"RESIDENCE realitná kancelária","Liptovský Mikuláš"
Juy-j07S1W7,sale,"holiday apartment","okres Turčianske Teplice","Turčianske Teplice",Stred,"TARGETreal s. r. o.",Žilina
JuIG-Ap8rLX,sale,"3-room apartment","okres Tvrdošín",Zuberec,Zuberec,"OREA, s.r.o.","Dolný Kubín"
Ju3G8jSFFI9,rent,"2-room apartment","okres Čadca",Čadca,Centrum,"JPE. Reality - Jozef Pajer",Čadca
JuQKqXinTqJ,sale,"3-room apartment","okres Žilina",Žilina,Hájik,"ODEKO manažment s.r.o.",Žilina
Ju7FBuvMeEz,sale,"3-room apartment","okres Žilina",Žilina,"Považský Chlmec","RIEŠIME BÝVANIE",Bratislava
Jus3m-rZi5G,rent,"2-room apartment","okres Bytča",Bytča,"Veľká Bytča","Fortio Popper s.r.o.",Bytča
JuIV5E-BtYf,sale,"3-room apartment","okres Turčianske Teplice","Turčianske Teplice",Stred,"IDEÁLNE BÝVANIE, s.r.o.",Žilina
JuoJ6B-WiVu,sale,"2-room apartment","okres Liptovský Mikuláš","Liptovský Mikuláš",Demänová,"RE/MAX Slovakia",Bratislava
JuCUhlSV9_h,sale,"4-room apartment","okres Martin",Martin,Záturčia,"YNI reality",Žilina
Juk5yDVhn6R,sale,"3-room apartment","okres Liptovský Mikuláš","Liptovský Mikuláš","Staré mesto",NULL,NULL
Julv6O2K4io,rent,"2-room apartment","okres Martin",Martin,Sever,"B10 Slovensko, a. s.",Žilina
Ju1Hfz04CkU,sale,"3-room apartment","okres Bytča",Súľov-Hradná,Súľov-Hradná,"RENOME REAL",Žilina
JuT66Fppd38,sale,"studio apartment","okres Dolný Kubín","Oravský Podzámok","Oravský Podzámok","RE/MAX Slovakia",Bratislava
Ju75IN_Zjx0,sale,"2-room apartment","okres Čadca",Turzovka,Stred,"SLNOVRAT, s.r.o.",Olešná
JupU33o9uCP,sale,"1-room apartment","okres Ružomberok",Ružomberok,Hrabovo,"RK SPIRIT s.r.o.","Liptovský Mikuláš"
JuxRPO2xwZZ,rent,"2-room apartment","okres Martin",Martin,Stred,"DreamReality s.r.o.",Žilina
Jugu2Y2-InX,rent,"2-room apartment","okres Žilina",Žilina,Bôrik,"Buby reality, s.r.o.",Žilina
JuxFFLySNPg,sale,"3-room apartment","okres Ružomberok",Ružomberok,Roveň,"ODEKO manažment s.r.o.",Žilina
Ju7ymmOZXTG,sale,"1-room apartment","okres Žilina",Žilina,"Staré mesto","WFG reality, s.r.o.",Žilina
JuPbmK8oIXM,sale,"2-room apartment","okres Liptovský Mikuláš","Liptovský Mikuláš",Palúdzka,"STRATEGIC REALITY","Liptovský Mikuláš"
JuFA8PJP0f8,rent,"2-room apartment","okres Martin",Martin,Stred,"RE/MAX Slovakia",Bratislava
Juwwl8fsexY,sale,"holiday apartment","okres Ružomberok",Ružomberok,Hrabovo,"Top Real Košice s.r.o.",Košice
JuziSU1LhLt,rent,"studio apartment","okres Martin",Martin,Podháj,NULL,NULL
JucVDDFBRT8,rent,"4-room apartment","okres Bytča",Bytča,"Veľká Bytča","Fortio Popper s.r.o.",Bytča
JuANNBb14Ku,rent,"1-room apartment","okres Dolný Kubín",Istebné,Istebné,"FINREA - ak vám záleží na výsledku","Dolný Kubín"
JuKXYAqOf2e,sale,"holiday apartment","okres Liptovský Mikuláš","Liptovský Mikuláš",Demänová,"RK SPIRIT s.r.o.","Liptovský Mikuláš"
Ju9bVHvcqcL,sale,"holiday apartment","okres Námestovo","Oravská Lesná","Oravská Lesná","RIEŠIME BÝVANIE",Bratislava
Ju8feO0vuod,sale,"4-room apartment","okres Bytča",Bytča,"Thurzove sady","Realitná kancelária RED, s.r.o.",Žilina
JuIFK1fc6FD,rent,"3-room apartment","okres Martin",Martin,Sever,"FINREA - ak vám záleží na výsledku","Dolný Kubín"
Juea9VaEEz4,sale,"2-room apartment","okres Žilina","Rajecké Teplice","Rajecké Teplice","STAREA, s. r. o.",Žilina
Jueq_fze_5r,rent,"2-room apartment","okres Liptovský Mikuláš","Liptovský Mikuláš",Palúdzka,NULL,NULL
Ju3RCMQs9vo,rent,"2-room apartment","okres Liptovský Mikuláš","Liptovský Mikuláš","Staré mesto","KRUPPKY, s.r.o.","Liptovský Mikuláš"
JuXdiDoNNIv,sale,"2-room apartment","okres Martin",Martin,Stred,"AstonReal s.r.o.","Banská Bystrica"
Ju0lAAcuMC-,sale,"3-room apartment","okres Žilina",Žilina,"Staré mesto","B10 Slovensko, a. s.",Žilina
Ju-yDJSlQCf,sale,"4-room apartment","okres Žilina",Žilina,Závodie,"TUreality s.r.o.",Žilina
JuSCw29I996,rent,"3-room apartment","okres Liptovský Mikuláš","Liptovský Hrádok",Prekážka,"Reality Alpia",Martin
Ju34bdWwwrW,sale,"3-room apartment","okres Martin",Martin,Sever,"TUreality s.r.o.",Žilina
JuSL8akIpnl,sale,"2-room apartment","okres Dolný Kubín","Dolný Kubín",Brezovec,"Bosen Group s.r.o.",Bratislava
JunNE3gm3lK,sale,"holiday apartment","okres Ružomberok",Bešeňová,Bešeňová,"RK SPIRIT s.r.o.","Liptovský Mikuláš"
JubD2pJKl5g,sale,"3-room apartment","okres Žilina",Žilina,"Staré mesto","Financial Hotels Management, s.r.o.",Žilina
JuLSY56QzCa,sale,"3-room apartment","okres Martin",Vrútky,"Horné Vrútky","Reality ASTORIA, s.r.o.",Martin
JuiHekkzZ0E,sale,"3-room apartment","okres Liptovský Mikuláš","Liptovský Mikuláš","Vrbica - Nábrežie",NULL,NULL
JuLjftxvY7o,sale,"4-room apartment","okres Dolný Kubín","Dolný Kubín",Brezovec,"FINREA - ak vám záleží na výsledku","Dolný Kubín"
JuOipBrhKGg,sale,"2-room apartment","okres Námestovo",Námestovo,Brehy,"BeMi realitná kancelária",Nitra
JulLkJwhVa1,sale,"3-room apartment","okres Martin",Martin,Sever,"Realitná kancelária",Bratislava
JuYmnqxfCfU,rent,"2-room apartment","okres Bytča",Bytča,"Veľká Bytča","Fortio Popper s.r.o.",Bytča
Ju8j-hPnALY,sale,"holiday apartment","okres Liptovský Mikuláš","Demänovská Dolina","Demänovská Dolina","RESIDENCE realitná kancelária","Liptovský Mikuláš"
Ju2RLrI1kcS,rent,"2-room apartment","okres Žilina",Žilina,Vlčince,"DreamReality s.r.o.",Žilina
JunCOKnq7PY,sale,"3-room apartment","okres Kysucké Nové Mesto","Kysucké Nové Mesto",Stred,"SLNOVRAT, s.r.o.",Olešná
JuPViaCTmSo,sale,"3-room apartment","okres Liptovský Mikuláš",Východná,Východná,"REALITY TATRY",Levoča
JuniaoRdvqE,sale,"2-room apartment","okres Liptovský Mikuláš","Liptovský Mikuláš","Staré mesto",G-REAL,"Liptovský Mikuláš"
JueF3dmbicv,sale,"3-room apartment","okres Čadca","Dlhá nad Kysucou","Dlhá nad Kysucou","MENÍME BÝVANIE",Čadca
JuLfK4N9KuJ,rent,"4-room apartment","okres Žilina",Žilina,"Staré mesto","PRIMA reality s.r.o.",Žilina
JuKI6_CGWPh,sale,"holiday apartment","okres Liptovský Mikuláš","Liptovský Mikuláš",Demänová,jabyvam.sk,"Liptovský Mikuláš"
JuwROzF7MPz,sale,"1-room apartment","okres Ružomberok",Ružomberok,Klačno,"LOYAL REALITY s.r.o.","Dolný Kubín"
JuVxrPNOwNZ,sale,"3-room apartment","okres Námestovo",Námestovo,Polom,donidDevelop,"Dolný Kubín"
JusbqvfGHuD,sale,"studio apartment","okres Martin",Martin,Priekopa,"NajBývanie, s.r.o.",Ružomberok
Juf6pNtbqh1,sale,"3-room apartment","okres Martin",Martin,Stred,"RE/MAX Slovakia",Bratislava
JuXFWi9ToVv,rent,"1-room apartment","okres Námestovo",Námestovo,NULL,"HD reality group s.r.o","Banská Bystrica"
Juc4p__s1-a,sale,"2-room apartment","okres Žilina",Žilina,"Staré mesto","Realitné kancelárie SR",Bratislava
JubH8PB1O7h,sale,"3-room apartment","okres Martin",Martin,Stred,"Constario REALTY s.r.o.",Žilina
JuIAvskne5z,rent,"2-room apartment","okres Liptovský Mikuláš","Liptovský Mikuláš","Vrbica - Nábrežie","GERT , s.r.o.","Liptovský Mikuláš"
JuPKK388ZCm,sale,"2-room apartment","okres Čadca",Staškov,Staškov,"SLNOVRAT, s.r.o.",Olešná
JumrPKthwP7,rent,"2-room apartment","okres Bytča",Maršová-Rašov,Maršová-Rašov,"ŽILINAREAL, s.r.o.",Žilina
JuewRpsuNGh,rent,"1-room apartment","okres Martin",Martin,Podháj,NULL,NULL
JuOCwlB4zqX,rent,"2-room apartment","okres Martin",Martin,Podháj,NULL,NULL
Juaxt90u-z9,sale,"4-room apartment","okres Bytča",Bytča,"Hliník nad Váhom","House Real Žilina",Žilina
JuU9JEZLTwi,sale,"3-room apartment","okres Turčianske Teplice",Turček,Turček,"HALO reality, s.r.o.",Prievidza
Ju6c9z03WhY,rent,"2-room apartment","okres Martin",Martin,Stred,"Reality Center, s.r.o.",Martin
JunIIQTPa44,sale,"4-room apartment","okres Liptovský Mikuláš","Liptovský Mikuláš","Staré mesto","TATRA CITY RESIDENCE s. r. o.",Zvolen
Juz4W9SDfoY,sale,"2-room apartment","okres Žilina",Žilina,Solinky,"RENOME REAL",Žilina
Ju5NSmHtePH,sale,"3-room apartment","okres Martin",Martin,Záturčie,"TARGETreal s. r. o.",Žilina
JuUaKO5dYge,sale,"3-room apartment","okres Dolný Kubín","Dolný Kubín",Stred,"OREA, s.r.o.","Dolný Kubín"
Ju6w7wQRZXw,sale,"holiday apartment","okres Čadca",Oščadnica,Oščadnica,"PhDr. Miloš Kocúr - BKM Consulting",Skalité
JupVQ9BHiZG,sale,"2-room apartment","okres Žilina",Žilina,Hliny,"Realitná kancelária RED, s.r.o.",Žilina
JueYWDVVrdd,rent,"2-room apartment","okres Námestovo",Mútne,Mútne,"BeMi realitná kancelária",Nitra
Ju9hEcnte9-,rent,"3-room apartment","okres Námestovo",Námestovo,Brehy,NULL,NULL
JuYML_WMLmL,sale,"2-room apartment","okres Liptovský Mikuláš","Liptovský Mikuláš","Vrbica - Nábrežie","AstonReal s.r.o.","Banská Bystrica"
JuInvssV5eE,sale,"1-room apartment","okres Ružomberok",Ružomberok,Roveň,"ODEKO manažment s.r.o.",Žilina
JuZ68DUQRpn,sale,"3-room apartment","okres Liptovský Mikuláš","Malé Borové","Malé Borové",NULL,NULL
JupACoTE9Yo,sale,"3-room apartment","okres Martin",Martin,Košúty,"B10 Slovensko, a. s.",Žilina
Ju5bhE-1H2z,sale,"1-room apartment","okres Ružomberok",Ružomberok,Hrabovo,"DOMUM realitná spoločnosť s. r. o.","Nové Mesto nad Váhom"
Jukzit6pFoZ,sale,"2-room apartment","okres Martin",Martin,Stred,"Constario REALTY s.r.o.",Žilina
JuipAuQVd0x,sale,"1-room apartment","okres Martin",Martin,Záturčie,"Reality Center, s.r.o.",Martin
Ju12bwYQ7nT,rent,"3-room apartment","okres Martin",Martin,Záturčie,"Reality ASTORIA, s.r.o.",Martin
JudGtDjR-sv,sale,"2-room apartment","okres Liptovský Mikuláš","Liptovský Mikuláš","Staré mesto","HALO reality, s.r.o.",Prievidza
JuMuHR9ALAx,sale,"2-room apartment","okres Liptovský Mikuláš","Liptovský Hrádok",Prekážka,NULL,NULL
JubXkgOc5Vf,sale,"holiday apartment","okres Liptovský Mikuláš","Liptovský Mikuláš",Demänová,"Reality Alpia",Martin
JuykdgfJYfL,sale,"2-room apartment","okres Žilina",Žilina,Bytčica,"Realitná kancelária RED, s.r.o.",Žilina
JutR_NlarhR,rent,"2-room apartment","okres Žilina",Žilina,Bôrik,"DreamReality s.r.o.",Žilina
JuGMS7Q7AS7,sale,"3-room apartment","okres Liptovský Mikuláš","Liptovský Mikuláš","Staré mesto","TATRA CITY RESIDENCE s. r. o.",Zvolen
Juuzq73KdvI,sale,"2-room apartment","okres Žilina",Žilina,Hliny,"ROMDOM, s. r. o",Žilina
JuSGqC8nbbl,rent,"3-room apartment","okres Žilina",Žilina,Hliny,NULL,NULL
Ju6fwBTV6P6,rent,"2-room apartment","okres Žilina",Žilina,Bôrik,"MGM reality",Žilina
JuPaHBO-gez,sale,"2-room apartment","okres Martin",Martin,NULL,"NajBývanie, s.r.o.",Ružomberok
JupFlDUtQOE,rent,"2-room apartment","okres Žilina",Žilina,"Staré mesto",NULL,NULL
JuoVsoGKe3I,sale,"3-room apartment","okres Ružomberok",Ružomberok,Roveň,"NajBývanie, s.r.o.",Ružomberok
JuYypAB3WNO,rent,"studio apartment","okres Žilina",Žilina,Vlčince,"Mgr. Nina Herčková, RSc.",Žilina
JuZJo0wlRRU,sale,"1-room apartment","okres Ružomberok","Liptovská Teplá","Liptovská Teplá",donidDevelop,"Dolný Kubín"
JuakfUC89nT,sale,"studio apartment","okres Žilina",Žilina,Vlčince,"Safe reality s. r. o.",Žilina
JuwiNiRwZ-G,rent,"3-room apartment","okres Bytča",Bytča,"Veľká Bytča","Fortio Popper s.r.o.",Bytča
JuOFc-qmQAu,rent,"2-room apartment","okres Liptovský Mikuláš","Liptovský Mikuláš",Palúdzka,NULL,NULL
JuVMUFYMKhd,sale,"1-room apartment","okres Žilina",Žilina,"Staré mesto","Realitka pre každého",Žilina
JuWtaJ8gYmY,sale,"3-room apartment","okres Dolný Kubín","Dolný Kubín",Stred,"Bosen Group s.r.o.",Bratislava
Judqch1ikzy,sale,"1-room apartment","okres Tvrdošín",Nižná,Nižná,"RIEŠIME BÝVANIE",Bratislava
JumDGD_wH9E,sale,"4-room apartment","okres Žilina","Rajecké Teplice","Rajecké Teplice","Bosen Group s.r.o.",Bratislava
JuV9NY1IIlj,sale,"1-room apartment","okres Ružomberok",Ružomberok,Roveň,"ODEKO manažment s.r.o.",Žilina
Jutms5kvMoG,sale,"4-room apartment","okres Martin",Martin,Stred,"TUreality s.r.o.",Žilina
JuTcLcPMeUX,rent,"2-room apartment","okres Martin",Vrútky,"Horné Vrútky","ALT REAL, s.r.o.",Martin
Ju3fRh58rlQ,rent,"2-room apartment","okres Liptovský Mikuláš","Liptovský Mikuláš","Vrbica - Nábrežie","OVERENÉ REALITY","Banská Bystrica"
JuvBgKU_KI7,sale,"4-room apartment","okres Žilina",Žilina,"Staré mesto","Realitná kancelária RED, s.r.o.",Žilina
Jueqkk2FQTK,sale,"3-room apartment","okres Žilina",Žilina,Bôrik,"DreamReality s.r.o.",Žilina
JuMqUg0JlP-,sale,"4-room apartment","okres Ružomberok",Ružomberok,"Staré mesto","BB - REALITY,  s.r.o.","Banská Bystrica"
Jujum4J4wb2,rent,"2-room apartment","okres Martin",Martin,Ľadoveň,"Reality ASTORIA, s.r.o.",Martin
JuMQiZOnaxz,sale,"2-room apartment","okres Turčianske Teplice","Turčianske Teplice",Stred,"Svoboda&Williams Slovakia s.r.o.",Bratislava
JuhS38paEh6,sale,"4-room apartment","okres Žilina",Žilina,"Staré mesto","KORSO Project, s.r.o.",Žilina
Ju_1ltAlD0n,sale,"1-room apartment","okres Ružomberok",Bešeňová,Bešeňová,"XEMAR realitná spoločnosť s.r.o.","Banská Bystrica"
Ju6oo_vEaT-,sale,"holiday apartment","okres Liptovský Mikuláš","Demänovská Dolina","Demänovská Dolina","MK-CORP s.r.o.",Malacky
JuLxu_TUApX,sale,"2-room apartment","okres Žilina",Žilina,Hájik,"ODEKO manažment s.r.o.",Žilina
Ju72GUoSgLH,sale,"2-room apartment","okres Žilina",Žilina,Vlčince,"Reinoo a.s.",Žilina
Ju3VAHb4p44,sale,"2-room apartment","okres Kysucké Nové Mesto","Kysucké Nové Mesto",Sídlisko,"TUreality s.r.o.",Žilina
JuEI53pWqzW,rent,"3-room apartment","okres Martin",Martin,Stred,"Reality Alpia",Martin
JuxCreRo0qw,sale,"1-room apartment","okres Žilina",Žilina,"Staré mesto","Financial Hotels Management, s.r.o.",Žilina
JuzOH2MtpxX,sale,"2-room apartment","okres Martin",Martin,Sever,"NajBývanie, s.r.o.",Ružomberok
JuEDjVYN-JT,sale,"2-room apartment","okres Žilina",Žilina,Bytčica,"Realitná kancelária RED, s.r.o.",Žilina
JusqNW2Fg5o,rent,"1-room apartment","okres Liptovský Mikuláš","Pavčina Lehota","Pavčina Lehota","Direct Real, spol. s r.o.",Bratislava
JucJbLC42bG,sale,"5+ room apartment","okres Žilina",Žilina,Hájik,"TARGETreal s. r. o.",Žilina
JupibY8fOsV,sale,"3-room apartment","okres Kysucké Nové Mesto","Horný Vadičov","Horný Vadičov","RK4 REALITY",Bratislava
JuoszPD854T,sale,"3-room apartment","okres Liptovský Mikuláš","Liptovský Hrádok",Dovalovo,"TUreality s.r.o.",Žilina
JumaaMybJmZ,sale,"3-room apartment","okres Žilina",Žilina,Hájik,"TARGETreal s. r. o.",Žilina
JuOxbo4pSSp,rent,"3-room apartment","okres Žilina",Žilina,Vlčince,"TARGETreal s. r. o.",Žilina
JudrbteyWzE,sale,"1-room apartment","okres Dolný Kubín","Dolný Kubín",Brezovec,NULL,NULL
JuoS3WYoWLk,sale,"holiday apartment","okres Liptovský Mikuláš","Demänovská Dolina","Demänovská Dolina","RK 38- Miroslav Antoška",Poprad
Ju9t-oEiYBZ,rent,"3-room apartment","okres Liptovský Mikuláš","Liptovský Hrádok",NULL,NULL,NULL
JubfQKHfr_c,sale,"1-room apartment","okres Martin",Valča,Valča,"Vianema s.r.o.",Bratislava
JuOC5yzde-c,sale,"2-room apartment","okres Žilina","Rajecké Teplice","Rajecké Teplice","ŽILINAREAL, s.r.o.",Žilina
JueYB6GvrEe,rent,"3-room apartment","okres Žilina",Žilina,Hliny,"Realitné kancelárie SR",Bratislava
JuinVbJn01k,sale,"4-room apartment","okres Žilina",Žilina,Hájik,"Reality Alpia",Martin
JurI-U1p2qQ,sale,"1-room apartment","okres Liptovský Mikuláš","Liptovský Mikuláš","Staré mesto","XEMAR realitná spoločnosť s.r.o.","Banská Bystrica"
JuhS9MQTC4v,sale,"2-room apartment","okres Žilina",Žilina,Vlčince,"Realitná kancelária RED, s.r.o.",Žilina
JuPLeekzh_5,sale,"1-room apartment","okres Ružomberok",Ružomberok,"Staré mesto","A-Byt Consult, s.r.o.",Ružomberok
JuG0JmIY6PQ,rent,"2-room apartment","okres Žilina",Žilina,Vlčince,NULL,NULL
JuTcgjCG15n,sale,"2-room apartment","okres Žilina",Žilina,Hájik,"B10 Slovensko, a. s.",Žilina
JucZiE4o7Os,sale,"2-room apartment","okres Čadca",Staškov,Staškov,"SLNOVRAT, s.r.o.",Olešná
JuudHQ4gWHh,sale,"2-room apartment","okres Žilina",Žilina,"Staré mesto","EASY centrum bývania, s.r.o.",Žilina
Ju1HQtU3BUR,sale,"3-room apartment","okres Ružomberok",Ružomberok,"Staré mesto","AstonReal s.r.o.","Banská Bystrica"
JuhRFtZO6yy,sale,"2-room apartment","okres Žilina",Žilina,"Staré mesto","Realitná kancelária RED, s.r.o.",Žilina
Ju300FaVEg0,sale,"holiday apartment","okres Čadca",Makov,Makov,"Ing. Gerlinda Bérešová - Esti",Žilina
JugoHMXehPQ,sale,"2-room apartment","okres Dolný Kubín","Dolný Kubín",Brezovec,"HD reality group s.r.o","Banská Bystrica"
JuOLK-0T1Mn,rent,"2-room apartment","okres Žilina",Žilina,"Staré mesto","RIEŠIME BÝVANIE",Bratislava
Ju5-9cSZw35,rent,"3-room apartment","okres Martin",Martin,Stred,"ALT REAL, s.r.o.",Martin
Ju75jE-v_Ti,sale,"3-room apartment","okres Martin",Martin,Priekopa,"ALT REAL, s.r.o.",Martin
JuDoM_pyCOY,sale,"3-room apartment","okres Martin",Sučany,Sučany,"Reality ASTORIA, s.r.o.",Martin
JujnVWbv0Ea,sale,"3-room apartment","okres Martin",Vrútky,"Horné Vrútky","Reality Simply",Martin
Ju0XKwDGI6a,sale,"2-room apartment","okres Žilina",Žilina,"Staré mesto","STAREA, s. r. o.",Žilina
Juu0CU0P8i0,sale,"3-room apartment","okres Liptovský Mikuláš","Svätý Kríž","Svätý Kríž","RE/MAX Slovakia",Bratislava
JuykAcnsUj0,rent,"3-room apartment","okres Žilina",Žilina,"Staré mesto","MGM reality",Žilina
JuaeBjYnlrd,sale,"1-room apartment","okres Žilina",Žilina,"Staré mesto","WFG reality, s.r.o.",Žilina
JuoaEOkD_KF,rent,"3-room apartment","okres Žilina",Žilina,"Staré mesto",NULL,NULL
Jug2x-YuHAi,sale,"1-room apartment","okres Žilina",Žilina,"Staré mesto","WFG reality, s.r.o.",Žilina
JuFDFNeJqxq,sale,"3-room apartment","okres Martin",Martin,Ľadoveň,"Reality D.P.A.",Martin
Ju-CieQQxUN,rent,"2-room apartment","okres Liptovský Mikuláš","Liptovský Mikuláš",Palúdzka,"RESIDENCE realitná kancelária","Liptovský Mikuláš"
JuL6Lg1QL2c,sale,"2-room apartment","okres Martin",Martin,Priekopa,"Realitná kancelária",Bratislava
JutjYOCC9EK,rent,"2-room apartment","okres Žilina",Žilina,"Staré mesto","DreamReality s.r.o.",Žilina
JuawIhGVyvh,rent,"3-room apartment","okres Námestovo",Námestovo,Stred,"BeMi realitná kancelária",Nitra
JuE8s31Sl55,sale,"3-room apartment","okres Bytča",Bytča,Pšurnovice,"TOCA, s.r.o. Realitná činnosť",Bytča
JuJeYUPavsEk,sale,"holiday apartment","okres Liptovský Mikuláš","Demänovská Dolina","Demänovská Dolina","RESIDENCE realitná kancelária","Liptovský Mikuláš"
JuzuJS1LpbR,sale,"2-room apartment","okres Žilina",Žilina,Hliny,"Reality Alpia",Martin
JuQ4A208KjZ,sale,"holiday apartment","okres Liptovský Mikuláš","Demänovská Dolina","Demänovská Dolina","RESIDENCE realitná kancelária","Liptovský Mikuláš"
JuKlYZCt0j5,sale,"studio apartment","okres Liptovský Mikuláš",Vlachy,Vlachy,NULL,NULL
JuFzBbUk-Xv,sale,"holiday apartment","okres Liptovský Mikuláš","Demänovská Dolina","Demänovská Dolina","RESIDENCE realitná kancelária","Liptovský Mikuláš"
JuGfQvKSzkr,sale,"3-room apartment","okres Martin",Martin,Záturčie,"Reality Center, s.r.o.",Martin
JuMq5sG1YBG,rent,"2-room apartment","okres Martin",Martin,Košúty,"MTS Reality, s.r.o.",Martin
JuzW5XpNDH7,rent,"holiday apartment","okres Liptovský Mikuláš","Liptovský Mikuláš",Demänová,liptoreal,"Liptovský Mikuláš"
Ju5SD8mmuUt,sale,"2-room apartment","okres Žilina",Žilina,"Staré mesto","Financial Hotels Management, s.r.o.",Žilina
JuL4Of85hI-,sale,"holiday apartment","okres Liptovský Mikuláš","Liptovský Mikuláš",Demänová,"Reality Alpia",Martin
JuSWGTnCZur,sale,"3-room apartment","okres Martin",Martin,Košúty,"MAX PROFI REALITY",Martin
JuWKKdSpysj,sale,"4-room apartment","okres Liptovský Mikuláš","Liptovský Mikuláš",Demänová,"RE/MAX Slovakia",Bratislava
JulmO4nyPV1,sale,"4-room apartment","okres Martin",Martin,Priekopa,"Financie a reality od A po Z",Martin
JuqHgAmAWwG,sale,"3-room apartment","okres Kysucké Nové Mesto","Kysucké Nové Mesto",Kamence,"Istrofinal, s. r. o.",Žilina
JuSXCvc_TgO,sale,"2-room apartment","okres Žilina",Žilina,Hájik,"Realitná kancelária",Bratislava
Ju-aCcpkFTl,sale,"3-room apartment","okres Kysucké Nové Mesto","Kysucké Nové Mesto",Kamence,"Istrofinal, s. r. o.",Žilina
JukgHXnk_FH,sale,"2-room apartment","okres Martin",Martin,Stred,"Realitná kancelária",Bratislava
JuppkYCT654,sale,"1-room apartment","okres Martin",Martin,Stred,"TUreality s.r.o.",Žilina
JuEvHi31Kuc,sale,"3-room apartment","okres Žilina",Žilina,"Staré mesto","Realitná kancelária RED, s.r.o.",Žilina
Julb0pINzt_,sale,"4-room apartment","okres Žilina",Žilina,Vlčince,"Piata Avenue",Žilina
JuQtjXuvBCs,sale,"studio apartment","okres Čadca",Turzovka,Stred,"JPE. Reality - Jozef Pajer",Čadca
Ju0bNiistMRJ,rent,"1-room apartment","okres Bytča",Bytča,"Thurzove sady","Realitná kancelária RED, s.r.o.",Žilina
JueB0gAOmwn,sale,"2-room apartment","okres Žilina",Žilina,Hliny,"B10 Slovensko, a. s.",Žilina
Ju9UkKAGv88,sale,"4-room apartment","okres Žilina",Žilina,Vlčince,"Realitná kancelária RED, s.r.o.",Žilina
JujO1vhWS9Y,rent,"3-room apartment","okres Martin",Martin,Sever,NULL,NULL
Ju28v4oyz1R,rent,"1-room apartment","okres Kysucké Nové Mesto",Nesluša,Nesluša,NULL,NULL
JuemfCeEc7H,sale,"2-room apartment","okres Žilina","Rajecké Teplice","Rajecké Teplice","ŽILINAREAL, s.r.o.",Žilina
Ju4uaW2Y4yL,sale,"holiday apartment","okres Liptovský Mikuláš","Demänovská Dolina","Demänovská Dolina","DLUGO reality",Poprad
JuOBBX6-RMz,sale,"2-room apartment","okres Martin",Martin,Stred,"TARGETreal s. r. o.",Žilina
JuWIHesej0g,sale,"2-room apartment","okres Žilina",Žilina,"Staré mesto","MGM reality",Žilina
JuKnGrQfPf8P,sale,"2-room apartment","okres Žilina",Žilina,Bytčica,"Realitná kancelária RED, s.r.o.",Žilina
JuocwBv9B8E,sale,"3-room apartment","okres Žilina","Dlhé Pole","Dlhé Pole","Realitná kancelária",Bratislava
JuTk10X0x-i,sale,"holiday apartment","okres Liptovský Mikuláš","Demänovská Dolina","Demänovská Dolina",Limaxreal,"Liptovský Mikuláš"
JuP28alhfCi,sale,"3-room apartment","okres Žilina",Žilina,Hliny,"B10 Slovensko, a. s.",Žilina
JuwnuvEmJ5E,sale,"3-room apartment","okres Námestovo",Zubrohlava,Zubrohlava,"RK Dalmia s. r. o.","Dolný Kubín"
JuFa19Ow0Dt,sale,"3-room apartment","okres Martin",Martin,Stred,"Felicita Real s. r. o.",Martin
JuCqI77KeMc,sale,"2-room apartment","okres Martin",Turany,Turany,"Reality MT s.r.o.",Martin
JueW1n9AoIx,sale,"3-room apartment","okres Žilina",Žilina,Závodie,"RENOME REAL",Žilina
JuH32c8NNad,rent,"2-room apartment","okres Martin",Martin,Priekopa,"AstonReal s.r.o.","Banská Bystrica"
JujhD3lGKSF,sale,"2-room apartment","okres Žilina",Žilina,Vlčince,"JKV REAL",Prievidza
JuwdAcDikt2,sale,"2-room apartment","okres Žilina",Žilina,Závodie,"Reality IQ, s.r.o.",Žilina
JuNwRfCAG1O,sale,"2-room apartment","okres Martin",Martin,Jahodníky,"CANGURU s.r.o.","Rajecké Teplice"
JuUgOGFJBDF,sale,"4-room apartment","okres Kysucké Nové Mesto","Kysucké Nové Mesto",Sídlisko,NULL,NULL
JuQwMUprpPT,sale,"3-room apartment","okres Kysucké Nové Mesto","Kysucké Nové Mesto",Sídlisko,"Realitná kancelária DOM",Žilina
JucEibGbMaV,sale,"holiday apartment","okres Liptovský Mikuláš","Liptovský Mikuláš",Demänová,"RK SPIRIT s.r.o.","Liptovský Mikuláš"
JuB4nMTbdT2,rent,"3-room apartment","okres Námestovo",Vavrečka,Vavrečka,"bezmaklérov, s.r.o.",Žilina
Juc7SyZSucw0,sale,"holiday apartment","okres Liptovský Mikuláš","Demänovská Dolina","Demänovská Dolina","United Professionals s.r.o.",Bratislava
JuktwYpm4CV,rent,"2-room apartment","okres Martin",Martin,Záturčie,"Buby reality, s.r.o.",Žilina
Juszi7YaqvT,sale,"3-room apartment","okres Ružomberok",Ružomberok,NULL,"A-Byt Consult, s.r.o.",Ružomberok
Ju8T6cE3M46O,sale,"2-room apartment","okres Ružomberok",Ružomberok,Hrabovo,"ARCHEUS Partners a.s.",Bratislava
JujjF4h9vha,rent,"2-room apartment","okres Martin",Martin,Stred,NULL,NULL
Ju6ic7zNy9_,sale,"3-room apartment","okres Žilina","Lietavská Lúčka","Lietavská Lúčka","Safe reality s. r. o.",Žilina
JuMCWySZsct,sale,"4-room apartment","okres Žilina",Žilina,Vlčince,"Reinoo a.s.",Žilina
JuRdV1LIJPu,rent,"1-room apartment","okres Liptovský Mikuláš","Liptovský Mikuláš","Staré mesto","AstonReal s.r.o.","Banská Bystrica"
Ju0_qpYyImE,sale,"1-room apartment","okres Liptovský Mikuláš","Liptovský Mikuláš","Staré mesto","KA Real","Banská Bystrica"
JuQo0PP1022,sale,"2-room apartment","okres Žilina",Žilina,Vlčince,"Reinoo a.s.",Žilina
Ju8w7xSU6tn,sale,"2-room apartment","okres Žilina",Žilina,Bôrik,"MENS s. r. o.",Žilina
JuUPYByvH-3,sale,"4-room apartment","okres Žilina",Žilina,"Staré mesto","KORSO Project, s.r.o.",Žilina
Ju8gkOV9Ua-,sale,"holiday apartment","okres Ružomberok",Bešeňová,Bešeňová,"RK SPIRIT s.r.o.","Liptovský Mikuláš"
JudjVeywOJE,sale,"2-room apartment","okres Martin",Martin,Sever,"AstonReal s.r.o.","Banská Bystrica"
JuMOG3S1mHU,sale,"2-room apartment","okres Martin",Martin,Tomčany,"Reality AK, spol. s r.o.",Martin
JuGHqD4k0Bi,sale,"3-room apartment","okres Čadca",Čadca,Kyčerka,"B10 Slovensko, a. s.",Žilina
JuirbsBqAtw,sale,"5+ room apartment","okres Martin",Lipovec,Lipovec,"Realitná kancelária",Bratislava
JuX6bDcbxKm,sale,"3-room apartment","okres Martin",Martin,Stred,"Reality ASTORIA, s.r.o.",Martin
JuO5mITkYRm,sale,"1-room apartment","okres Kysucké Nové Mesto","Kysucké Nové Mesto",Sídlisko,"Direct Real, spol. s r.o.",Bratislava
JuT8T2mhbPp,rent,"2-room apartment","okres Martin",Martin,Stred,"RE/MAX Slovakia",Bratislava
JuRBfIzNbvG,sale,"holiday apartment","okres Liptovský Mikuláš","Demänovská Dolina","Demänovská Dolina","RESIDENCE realitná kancelária","Liptovský Mikuláš"
Juvh354emFK,rent,"3-room apartment","okres Žilina",Žilina,"Staré mesto","Safe reality s. r. o.",Žilina
JugK_iVZsVR,sale,"2-room apartment","okres Ružomberok",Ružomberok,Baničné,"OVERENÉ REALITY","Banská Bystrica"
JuCzDBx82gn,sale,"2-room apartment","okres Ružomberok",Ružomberok,"Staré mesto","BeMi realitná kancelária",Nitra
JuwR10kFsHB,rent,"2-room apartment","okres Žilina",Žilina,Vlčince,"Renovo Reality",Žilina
Juo-BgN_Y9D,sale,maisonette,"okres Liptovský Mikuláš","Liptovský Mikuláš","Liptovská Ondrašová","Bosen Group s.r.o.",Bratislava
JuzTIfdr-oi,sale,"4-room apartment","okres Žilina",Žilina,"Staré mesto","Realitná kancelária RED, s.r.o.",Žilina
JuY2fWI7qOb,sale,"1-room apartment","okres Martin",Martin,Priekopa,"CANGURU s.r.o.","Rajecké Teplice"
JukBksFoVDN,sale,"holiday apartment","okres Ružomberok",Ružomberok,Hrabovo,"Domovia s. r. o.",Bratislava
JuZiQf_R1fN,sale,"3-room apartment","okres Žilina",Divina,Divina,"Realitná kancelária RED, s.r.o.",Žilina
JuarCLPx8dZ,rent,"2-room apartment","okres Liptovský Mikuláš","Liptovský Mikuláš","Staré mesto","RESIDENCE realitná kancelária","Liptovský Mikuláš"
JuyhufYl9nJ,sale,"4-room apartment","okres Žilina",Ďurčiná,Ďurčiná,"StorkReal s. r. o.","Rajecká Lesná"
JuICDmblLAV,sale,"3-room apartment","okres Liptovský Mikuláš","Liptovský Mikuláš","Vrbica - Nábrežie","AstonReal s.r.o.","Banská Bystrica"
JulVRQnK87Q,sale,"3-room apartment","okres Čadca",Čadca,Kyčerka,"BeMi realitná kancelária",Nitra
JugCrJ6aqt6,sale,"2-room apartment","okres Liptovský Mikuláš","Demänovská Dolina","Demänovská Dolina",G-REAL,"Liptovský Mikuláš"
Juq3lnZLMdJ,sale,"studio apartment","okres Žilina",Žilina,Závodie,"REALITY SPOLU",Bratislava
JuNgKsGWJb_,sale,"3-room apartment","okres Žilina",Žilina,Vlčince,"MENS s. r. o.",Žilina
JuFOaiRGATh,sale,"3-room apartment","okres Ružomberok",Ružomberok,Roveň,"ODEKO manažment s.r.o.",Žilina
Juqh8kAz6Ws,sale,"2-room apartment","okres Liptovský Mikuláš",Dúbrava,Dúbrava,"HALO reality, s.r.o.",Prievidza
JuIgXokL5hc,sale,"4-room apartment","okres Martin",Martin,Priekopa,"Like Reality s.r.o.","Považská Bystrica"
JuD6R0F6XVX,sale,"3-room apartment","okres Martin",Sučany,Sučany,"TUreality s.r.o.",Žilina
JuG8ggFzvSj,rent,"3-room apartment","okres Žilina",Žilina,"Staré mesto","R2 SK, s.r.o.",Žilina
JuSh4rLdnzP,sale,"1-room apartment","okres Žilina",Žilina,"Staré mesto","WFG reality, s.r.o.",Žilina
JuiOse4gKiU,sale,"2-room apartment","okres Liptovský Mikuláš","Liptovský Hrádok",Celiny,"RK SPIRIT s.r.o.","Liptovský Mikuláš"
JuRMVAMTIbE,sale,"2-room apartment","okres Liptovský Mikuláš","Demänovská Dolina","Demänovská Dolina","RexDeco s.r.o.",Přerov
JuxasD7Z9Ys,rent,"2-room apartment","okres Martin",Martin,Stred,"ALT REAL, s.r.o.",Martin
Ju0CrnhCGrs,sale,"4-room apartment","okres Žilina",Žilina,"Staré mesto","MGM reality",Žilina
JuwgpofL0aK,sale,"2-room apartment","okres Námestovo",Námestovo,NULL,NULL,NULL
JudY9Gw22hd,sale,"2-room apartment","okres Ružomberok",Ružomberok,Baničné,"ODEKO manažment s.r.o.",Žilina
JuKkQSr7yLI,sale,"3-room apartment","okres Martin",Martin,Košúty,"TUreality s.r.o.",Žilina
JumCrfhYhfV,sale,"holiday apartment","okres Liptovský Mikuláš","Demänovská Dolina","Demänovská Dolina","RESIDENCE realitná kancelária","Liptovský Mikuláš"
Ju5L8AAHtJp,sale,"1-room apartment","okres Martin",Martin,Stred,"TUreality s.r.o.",Žilina
Ju46o5YnbQR,sale,"2-room apartment","okres Ružomberok",Bešeňová,Bešeňová,"XEMAR realitná spoločnosť s.r.o.","Banská Bystrica"
JuAZvxGvcMl,sale,"2-room apartment","okres Žilina",Žilina,"Staré mesto","Realitné kancelárie SR",Bratislava
JuU-rP3IJ1-,rent,"2-room apartment","okres Žilina",Žilina,"Staré mesto","WFG reality, s.r.o.",Žilina
Juo8hsv1xWR,sale,"holiday apartment","okres Martin",Valča,Valča,"Realitné kancelárie SR",Bratislava
JukVF1PHUJU,sale,"3-room apartment","okres Martin",Martin,Záturčie,"Reality Center, s.r.o.",Martin
JuaD4qSzRhl,sale,"4-room apartment","okres Žilina","Dolný Hričov","Dolný Hričov",NULL,NULL
JuVuoYcJToJ,sale,"studio apartment","okres Žilina",Žilina,Vlčince,"B10 Slovensko, a. s.",Žilina
JuXBGzjsqRS,rent,"3-room apartment","okres Bytča",Bytča,"Thurzove sady",NULL,NULL
JuqRHR8iBLi,sale,"3-room apartment","okres Čadca","Krásno nad Kysucou",Stred,"Reality IQ, s.r.o.",Žilina
JuDHzNZw0-F,rent,"3-room apartment","okres Martin",Martin,Priekopa,"Reality Alpia",Martin
Jugh-H3CM-c,rent,"2-room apartment","okres Námestovo",Mútne,Mútne,"BeMi realitná kancelária",Nitra
Ju_mO5F1KAW,sale,"4-room apartment","okres Žilina",Žilina,"Staré mesto",NULL,NULL
JuRHCARxbUa,sale,"3-room apartment","okres Martin",Martin,Stred,"Buby reality, s.r.o.",Žilina
JuY6ZkaPSRF,sale,"1-room apartment","okres Ružomberok",Bešeňová,Bešeňová,"OREA, s.r.o.","Dolný Kubín"
JuG5b3bSJJl,sale,"2-room apartment","okres Martin",Martin,Podháj,"LIF REAL",Martin
Juatx6SLjDH,sale,"3-room apartment","okres Dolný Kubín","Dolný Kubín","Veľký Bysterec","FINREA - ak vám záleží na výsledku","Dolný Kubín"
Ju3IaCCie7D,rent,"4-room apartment","okres Martin",Martin,Ľadoveň,"Reality Alpia",Martin
Ju7pt9GBh0f,sale,"4-room apartment","okres Martin",Martin,Ľadoveň,"Reality Alpia",Martin
JuYxNvuFp4O,sale,"1-room apartment","okres Liptovský Mikuláš",Bobrovník,Bobrovník,"RE/MAX Slovakia",Bratislava
Ju2F2PEA16h,sale,"2-room apartment","okres Ružomberok",Bešeňová,Bešeňová,"RESIDENCE realitná kancelária","Liptovský Mikuláš"
JugymUldnU-,sale,house,"okres Martin",Sučany,Sučany,"Realitná kancelária",Bratislava
Justu1hySer,sale,house,"okres Čadca",Makov,Makov,"Realitná kancelária DOM",Žilina
JurZTuUssP0,sale,house,"okres Bytča",Bytča,"Hliník nad Váhom","TOCA, s.r.o. Realitná činnosť",Bytča
JutFw8pKjMj,sale,house,"okres Kysucké Nové Mesto",Lodno,Lodno,"WFG reality, s.r.o.",Žilina
JuKW3SQ8Df4,sale,house,"okres Čadca",Makov,Makov,"1. Reality Rent, s.r.o.",Žilina
JulChkHGviO,sale,house,"okres Čadca",Radôstka,Radôstka,"Realitná sieť UPgreat",Šamorín
Ju4fcPQtwwm,sale,house,"okres Žilina",Žilina,"Mojšová Lúčka","Realitné kancelárie SR",Bratislava
JuODbu2kNkQ,sale,house,"okres Martin",Slovany,Slovany,"RES GROUP, s.r.o.",Žilina
JuLJB10v5yK,sale,house,"okres Žilina",Žilina,Trnové,"TUreality s.r.o.",Žilina
Ju2gistO4oo,sale,house,"okres Martin",Martin,Priekopa,"Realitná kancelária",Bratislava
JuDeBj46p9m,sale,house,"okres Turčianske Teplice","Turčianske Teplice",Stred,"TARGETreal s. r. o.",Žilina
JubUhU28foO,sale,house,"okres Kysucké Nové Mesto",Rudinská,Rudinská,"Reality Alpia",Martin
JuSsCe7WLb6P,sale,house,"okres Ružomberok","Liptovské Revúce","Liptovské Revúce","Reality Alpia",Martin
JuB2SVYi89D,sale,house,"okres Žilina","Rajecká Lesná","Rajecká Lesná","1. Reality Rent, s.r.o.",Žilina
JuO8b3FD9Ii,sale,house,"okres Liptovský Mikuláš","Liptovská Sielnica","Liptovská Sielnica","RECLOUD Reality a.s.",Bratislava
Ju30CSFlSqq,sale,house,"okres Martin",Martin,Stred,"Realitné kancelárie SR",Bratislava
JuLk2inqSKl,sale,house,"okres Ružomberok",Bešeňová,Bešeňová,"REALITY SPOLU",Bratislava
JuYNloJYOdw,sale,house,"okres Martin",Príbovce,Príbovce,"Reality MT s.r.o.",Martin
JuzM9_Wad8Q,sale,house,"okres Žilina",Žilina,"Považský Chlmec","Realitná kancelária",Bratislava
JurM0RjMVTd,sale,house,"okres Liptovský Mikuláš","Liptovské Beharovce","Liptovské Beharovce",NULL,NULL
Jus9K8u_7WI,sale,house,"okres Námestovo",Vavrečka,Vavrečka,"VICTORY REALITY Residence s. r. o.","Banská Bystrica"
JulZg30zNO8,sale,house,"okres Žilina","Lietavská Lúčka","Lietavská Lúčka","AstonReal s.r.o.","Banská Bystrica"
JuJjPVMhkUw,sale,house,"okres Martin",Martin,Priekopa,"Georgi Conev",Žilina
JudQy8A1FLU,sale,house,"okres Kysucké Nové Mesto",Ochodnica,Ochodnica,"Pro Real, s. r. o. realitná kancelária",Žilina
Ju1eOtgzhMF,sale,house,"okres Bytča","Veľké Rovné","Veľké Rovné","TARGETreal s. r. o.",Žilina
Jui4dVLb9Ci,sale,house,"okres Martin","Kláštor pod Znievom","Kláštor pod Znievom","Reality AK, spol. s r.o.",Martin
JuC8my3kfcD,sale,house,"okres Liptovský Mikuláš","Demänovská Dolina","Demänovská Dolina","Romantické Chalupy, s.r.o.",Bratislava
JultKoQUF1n,sale,house,"okres Martin",Valča,Valča,"Reality Alpia",Martin
JuSbYhRyin-,sale,house,"okres Žilina","Teplička nad Váhom","Teplička nad Váhom","Mamud Reality s. r. o.",Žilina
JucbDZIqH5K,sale,house,"okres Dolný Kubín","Medzibrodie nad Oravou","Medzibrodie nad Oravou","OREA, s.r.o.","Dolný Kubín"
JuTe9xTBEze,sale,house,"okres Žilina","Rajecké Teplice","Rajecké Teplice","EASY centrum bývania, s.r.o.",Žilina
Ju9jNRRDueP,sale,house,"okres Liptovský Mikuláš","Liptovský Ján","Liptovský Ján","TUreality s.r.o.",Žilina
Ju7QtyDiguT,sale,house,"okres Liptovský Mikuláš","Liptovský Trnovec","Liptovský Trnovec","KRUPPKY, s.r.o.","Liptovský Mikuláš"
Ju8LEFRICza,sale,house,"okres Liptovský Mikuláš","Liptovský Mikuláš","Vrbica - Nábrežie",donidDevelop,"Dolný Kubín"
JuCFEhTrJgF,sale,house,"okres Žilina","Lietavská Svinná-Babkov","Lietavská Svinná-Babkov","Real Estate Group4U","Považská Bystrica"
Juec1wGmCc3,sale,house,"okres Žilina","Veľká Čierna","Veľká Čierna","RIEŠIME BÝVANIE",Bratislava
JucEPDkzxLE,sale,house,"okres Liptovský Mikuláš","Liptovský Hrádok",Dovalovo,"HALO reality, s.r.o.",Prievidza
JuLVnnHvRdJ,sale,house,"okres Martin",Daňová,Ďanová,"Reality IQ, s.r.o.",Žilina
JuxpGt9B3Fh,sale,house,"okres Martin",Príbovce,Príbovce,"CreeX Reality s.r.o.",Trnava
Ju3Q6cuW_-I,sale,house,"okres Ružomberok","Liptovské Revúce","Liptovské Revúce","RE/MAX Slovakia",Bratislava
Jul9YtuXJRu,sale,house,"okres Ružomberok",Ružomberok,Baničné,"FISCHER & PARTNERS, s.r.o.",Ružomberok
Jukf6G0DA_c,sale,house,"okres Bytča",Bytča,"Veľká Bytča","B10 Slovensko, a. s.",Žilina
JurJNQloNhD,sale,house,"okres Kysucké Nové Mesto",Radoľa,Radoľa,"BR ACADEMY, s. r. o.","Kysucké Nové Mesto"
JuDIjw5Cu2m,sale,house,"okres Turčianske Teplice","Slovenské Pravno","Slovenské Pravno","FINREA - ak vám záleží na výsledku","Dolný Kubín"
Jula1jRu3yY,rent,house,"okres Žilina","Dolný Hričov","Dolný Hričov","Realitná kancelária RED, s.r.o.",Žilina
Ju_HmYYnmau,sale,house,"okres Martin",Martin,Stred,"ALT REAL, s.r.o.",Martin
Juoe47l29P7,sale,house,"okres Žilina",Žilina,Trnové,"R2 SK, s.r.o.",Žilina
Ju00Y-txNcF,sale,house,"okres Liptovský Mikuláš",Pribylina,Pribylina,"TUreality s.r.o.",Žilina
Ju9Co1t0hDa,sale,house,"okres Žilina",Porúbka,Porúbka,"Direct Real, spol. s r.o.",Bratislava
Ju4LWhuX-Wj,sale,house,"okres Ružomberok",Ružomberok,"Biely Potok","TUreality s.r.o.",Žilina
Ju6imjQhc-A,sale,house,"okres Liptovský Mikuláš",Pribylina,Pribylina,"Realitná kancelária",Bratislava
Ju8NNuGE6Yk,sale,house,"okres Martin","Turčiansky Peter","Turčiansky Peter","Reality MT s.r.o.",Martin
Jubn7zHTz__,sale,house,"okres Tvrdošín",Nižná,Nižná,"RK Dalmia s. r. o.","Dolný Kubín"
JuqnxCpkC06,sale,house,"okres Dolný Kubín","Oravská Poruba","Oravská Poruba","Georgi Conev",Žilina
Juic0vZirTi,sale,house,"okres Martin",Martin,Stred,"Reality Alpia",Martin
Ju1Ow9ypb4x,sale,house,"okres Námestovo","Oravská Lesná","Oravská Lesná",NULL,NULL
JuS8ciWyKMi,sale,house,"okres Ružomberok",Ružomberok,"Staré mesto","RE/MAX Slovakia",Bratislava
JubTPdj-awZ,sale,house,"okres Turčianske Teplice",Budiš,Budiš,"Reality MT s.r.o.",Martin
JuwyMSYxoql,sale,house,"okres Žilina","Dolný Hričov","Dolný Hričov","Buby reality, s.r.o.",Žilina
JuGIhhHbPqD,sale,house,"okres Turčianske Teplice","Malý Čepčín","Malý Čepčín","TUreality s.r.o.",Žilina
JuxiHYI3lEP,sale,house,"okres Žilina",Bitarová,Bitarová,"Realitná kancelária RED, s.r.o.",Žilina
JuS_u3LjF53,sale,house,"okres Martin",Martin,Stráne,"TARGETreal s. r. o.",Žilina
JuIAC6P7EYu,sale,house,"okres Dolný Kubín",Párnica,Párnica,"TUreality s.r.o.",Žilina
JubCxmg2ZUA,sale,house,"okres Čadca",Oščadnica,Oščadnica,RealityOne,Bratislava
JuSi1nzOb00,sale,house,"okres Kysucké Nové Mesto","Horný Vadičov","Horný Vadičov","DRR INVEST, s. r. o.","Horný Hričov"
JuwBtG9o2r1,sale,house,"okres Čadca","Nová Bystrica","Nová Bystrica","SLNOVRAT, s.r.o.",Olešná
JuN_zFqT9wt,sale,house,"okres Martin","Turčianska Štiavnička","Turčianska Štiavnička","Reality MT s.r.o.",Martin
JuR8Ev-aWaZ,sale,house,"okres Martin",Sučany,Sučany,"Like Reality s.r.o.","Považská Bystrica"
JuJogxACsrH,sale,house,"okres Čadca","Stará Bystrica","Stará Bystrica","BeMi realitná kancelária",Nitra
JuZBjxQ80zt,sale,house,"okres Ružomberok",Ružomberok,"Pod Skalami","FISCHER & PARTNERS, s.r.o.",Ružomberok
JuGyarQH5Tu,sale,house,"okres Martin",Žabokreky,Žabokreky,"Reality Center, s.r.o.",Martin
JusX_sL1pCY,sale,house,"okres Ružomberok",Ružomberok,Baničné,"Reality Alpia",Martin
JuMReNzFrmm,sale,house,"okres Ružomberok","Liptovské Revúce","Liptovské Revúce","KOSIBA reality s.r.o.",Bernolákovo
JufUCJs2WIN,sale,house,"okres Martin","Košťany nad Turcom","Košťany nad Turcom","ŽILINAREAL, s.r.o.",Žilina
JuApxJ94ky1,sale,house,"okres Martin",Trebostovo,Trebostovo,"Prom Real",Pezinok
JuViiwQVAc8,sale,house,"okres Martin",Vrútky,"Karvaša a Bláhovca","TUreality s.r.o.",Žilina
Ju7iLKVUgMi,sale,house,"okres Martin",Valča,Valča,"Reality AK, spol. s r.o.",Martin
Ju_j96JYJ3R,sale,house,"okres Žilina",Stráňavy,Stráňavy,"B10 Slovensko, a. s.",Žilina
JuacBqltuem,sale,house,"okres Žilina","Teplička nad Váhom","Teplička nad Váhom","Reality Alpia",Martin
Ju5jLRFNJLG,sale,house,"okres Bytča",Bytča,"Hliník nad Váhom","Realitná kancelária RED, s.r.o.",Žilina
JuzhCWgXTbr,sale,house,"okres Žilina",Gbeľany,Gbeľany,"TUreality s.r.o.",Žilina
Ju7pOpcYmHI,sale,house,"okres Žilina",Podhorie,Podhorie,"TARGETreal s. r. o.",Žilina
Jueg5nyRwtD,sale,house,"okres Žilina",Terchová,Terchová,"Reality Alpia",Martin
Jua2IIfvhoU,sale,house,"okres Martin",Vrútky,"Karvaša a Bláhovca","Reality Alpia",Martin
Juq1uzcK3Zo,sale,house,"okres Turčianske Teplice",Mošovce,Mošovce,"Reality MT s.r.o.",Martin
JuwSpmc62PT,sale,house,"okres Žilina",Lysica,Lysica,"RE/MAX Slovakia",Bratislava
Jue8D9Iu4Hk,sale,house,"okres Martin",Martin,Podháj,"U9, a.s.",Bratislava
JuPi43juw_9,sale,house,"okres Čadca",Oščadnica,Oščadnica,"Trioreality, s.r.o.",Čadca
JuIasSYB1E7,sale,house,"okres Martin","Dolný Kalník","Dolný Kalník","Reality MT s.r.o.",Martin
JuE3k8ViQWV,sale,house,"okres Žilina",Žilina,Trnové,"Reality IQ, s.r.o.",Žilina
JurU1U7jogn,sale,house,"okres Martin",Vrútky,"Dolné Vrútky","LIF REAL",Martin
Ju_X-eauvqo,sale,house,"okres Kysucké Nové Mesto","Lopušné Pažite","Lopušné Pažite","RES GROUP, s.r.o.",Žilina
Ju3rTqNsM-F,sale,house,"okres Liptovský Mikuláš","Liptovský Mikuláš","Staré mesto","GERT , s.r.o.","Liptovský Mikuláš"
JuOWl6BKLUg,sale,house,"okres Čadca",Staškov,Staškov,"Direct Real, spol. s r.o.",Bratislava
JuJKCTa_I_C,sale,house,"okres Martin",Belá-Dulice,Belá-Dulice,"B10 Slovensko, a. s.",Žilina
JuV4X4JdJ77,sale,house,"okres Turčianske Teplice","Turčianske Teplice","Turčiansky Michal","Reality MT s.r.o.",Martin
JujjP_MAirA,sale,house,"okres Dolný Kubín","Dolný Kubín",Mokraď,"FINREA - ak vám záleží na výsledku","Dolný Kubín"
JueY97MJhb3,sale,house,"okres Žilina",Žilina,"Malá Praha","TOP Living s.r.o.","Banská Bystrica"
JuEYMzmIY0N,sale,house,"okres Turčianske Teplice","Horná Štubňa","Horná Štubňa","Romantické Chalupy, s.r.o.",Bratislava
JubZoYrfSp9,sale,house,"okres Žilina",Žilina,Bánová,"Ing. Gerlinda Bérešová - Esti",Žilina
JuNCU6i77yo,sale,house,"okres Martin",Sučany,Sučany,"Reality MT s.r.o.",Martin
Jui2H8Mq_jX,sale,house,"okres Liptovský Mikuláš",Prosiek,Prosiek,"RECLOUD Reality a.s.",Bratislava
JuhR8_uiRxX,sale,house,"okres Ružomberok",Komjatná,Komjatná,"VAŠA REALITKA s.r.o.",Ružomberok
JuOitn_WAgJ,sale,house,"okres Liptovský Mikuláš","Veľké Borové","Veľké Borové","OVERENÉ REALITY","Banská Bystrica"
JueomUxUD_x,sale,house,"okres Kysucké Nové Mesto","Lopušné Pažite","Lopušné Pažite","BeMi realitná kancelária",Nitra
JuIa9S8sGpG,sale,house,"okres Žilina",Žilina,Trnové,"RIEŠIME BÝVANIE",Bratislava
JuhybejcNce,sale,house,"okres Žilina",Žilina,"Staré mesto","TUreality s.r.o.",Žilina
JudjXQh6SyX,sale,house,"okres Ružomberok",Stankovany,Stankovany,"BeMi realitná kancelária",Nitra
JujhU5M-jAg,sale,house,"okres Martin",Bystrička,Bystrička,"Realitné kancelárie SR",Bratislava
JudzDOvNunu,sale,house,"okres Martin",Martin,"Kolónia Hviezda","Reality Alpia",Martin
JuqIXurDwQ_,sale,house,"okres Žilina",Turie,Turie,"RES GROUP, s.r.o.",Žilina
Ju-2w5wgukg,sale,house,"okres Liptovský Mikuláš","Partizánska Ľupča","Partizánska Ľupča","HALO reality, s.r.o.",Prievidza
Ju4X02ZQGPa,sale,house,"okres Kysucké Nové Mesto",Snežnica,Snežnica,"BeMi realitná kancelária",Nitra
JuPdbj_I7Hc,sale,house,"okres Ružomberok",Ružomberok,Černová,NULL,NULL
JuEHqE5JgWy,sale,house,"okres Tvrdošín",Zábiedovo,Zábiedovo,NULL,NULL
Ju88y75X0Gs,sale,house,"okres Ružomberok",Ružomberok,"Biely Potok","IVANING, s. r. o.",Ružomberok
JukLj5VG39M,sale,house,"okres Žilina","Rajecká Lesná","Rajecká Lesná","Real Estate Group4U","Považská Bystrica"
Ju3I_NXNtd2,sale,house,"okres Turčianske Teplice","Turčianske Teplice","Turčiansky Michal",NULL,NULL
Ju0TAHkXz3F,sale,house,"okres Žilina",Mojš,Mojš,"Realitná kancelária RED, s.r.o.",Žilina
JujeHqSaOD9,sale,house,"okres Kysucké Nové Mesto",Rudinská,Rudinská,"MGM reality",Žilina
JumkXTsGPeO,sale,house,"okres Martin",Necpaly,Necpaly,"RES GROUP, s.r.o.",Žilina
JuhK758b38X,sale,house,"okres Žilina",Divina,Divina,"Real Estate Group4U","Považská Bystrica"
Ju2mmFeZCca,rent,house,"okres Žilina",Žilina,Hliny,"Realitná kancelária RED, s.r.o.",Žilina
Ju_D1IbOI5l,sale,house,"okres Liptovský Mikuláš","Závažná Poruba","Závažná Poruba","RK SPIRIT s.r.o.","Liptovský Mikuláš"
JucYnfxB91V,sale,house,"okres Ružomberok","Liptovské Sliače","Liptovské Sliače","Good Reality s.r.o.",Rovinka
JufRC9onHuL,sale,house,"okres Čadca",Oščadnica,Oščadnica,"Arvin & Benet",Bratislava
JuvbAAJAVQ8,sale,house,"okres Turčianske Teplice","Turčianske Teplice",Stred,"TARGETreal s. r. o.",Žilina
Ju5R8pDPeWZ,sale,house,"okres Martin",Martin,"Kolónia Hviezda","ALT REAL, s.r.o.",Martin
Ju6HLriDjfB,sale,house,"okres Ružomberok","Liptovská Štiavnica","Liptovská Štiavnica","ALT REAL, s.r.o.",Martin
Ju7mrdPR_cn,sale,house,"okres Bytča",Štiavnik,Štiavnik,"RIEŠIME BÝVANIE",Bratislava
Ju-2YZ37zxt,sale,house,"okres Liptovský Mikuláš",Važec,Važec,liptoreal,"Liptovský Mikuláš"
Ju1cp4Zdad9,sale,house,"okres Ružomberok","Liptovské Sliače","Liptovské Sliače",donidDevelop,"Dolný Kubín"
JuImZsLhUXIL,sale,house,"okres Čadca",Skalité,Skalité,"BeMi realitná kancelária",Nitra
JulXcIcccXx,sale,house,"okres Martin",Valča,Valča,"Wealth Group, s.r.o.","Nová Dedinka"
Ju2sBY5BIo1,sale,house,"okres Žilina",Mojš,Mojš,"RIEŠIME BÝVANIE",Bratislava
JuE7_yY48hp,sale,house,"okres Liptovský Mikuláš","Liptovská Kokava","Liptovská Kokava","Romantické Chalupy, s.r.o.",Bratislava
JutBfeFBhgA,sale,house,"okres Dolný Kubín",Osádka,Osádka,"Winners Reality Slovakia, s.r.o.",Bratislava
JuZhO-rErgT,sale,house,"okres Čadca","Vysoká nad Kysucou","Vysoká nad Kysucou","SLNOVRAT, s.r.o.",Olešná
JuDTlIGxbmz,sale,house,"okres Kysucké Nové Mesto","Horný Vadičov","Horný Vadičov","PRIMA reality s.r.o.",Žilina
JuOha8XJ-eZ,sale,house,"okres Martin",Vrútky,"Karvaša a Bláhovca","Reality ASTORIA, s.r.o.",Martin
Ju2EG21S4h4,sale,house,"okres Liptovský Mikuláš",Bobrovník,Bobrovník,"RK SPIRIT s.r.o.","Liptovský Mikuláš"
Jum5hTEjQIq,sale,house,"okres Turčianske Teplice","Turčianske Teplice",Stred,"Reality Alpia",Martin
JuG-bGr9or0,sale,house,"okres Martin",Martin,Stráne,"Reality Alpia",Martin
JumII_lj6i4,sale,house,"okres Žilina",Svederník,Svederník,"TARGETreal s. r. o.",Žilina
JunpOFmuQsM,sale,house,"okres Čadca",Makov,Makov,"1. Reality Rent, s.r.o.",Žilina
JuPk491VBKN,sale,house,"okres Žilina",Stráňavy,Stráňavy,"TARGETreal s. r. o.",Žilina
JuaDU5eWN9y,sale,house,"okres Čadca","Stará Bystrica","Stará Bystrica","ADH-REAL s.r.o. Hirjaková Adriana",Ovčiarsko
JumPsboVI0c,sale,house,"okres Kysucké Nové Mesto","Horný Vadičov","Horný Vadičov","Vianema s.r.o.",Bratislava
JucsRg9RieN,sale,house,"okres Martin",Martin,Priekopa,"Reality ASTORIA, s.r.o.",Martin
JuM4P4vy0RV,sale,house,"okres Žilina",Žilina,"Žilinská Lehota","IDEÁLNE BÝVANIE, s.r.o.",Žilina
JufSen-CtV2,sale,house,"okres Martin","Kláštor pod Znievom","Kláštor pod Znievom","Realitná kancelária",Bratislava
Ju2TFOMHJIO,sale,house,"okres Martin",Lipovec,Lipovec,"Piata Avenue",Žilina
JuUMimgiwBf,sale,house,"okres Kysucké Nové Mesto","Kysucké Nové Mesto","Budatínska Lehota","HALO reality, s.r.o.",Prievidza
Jukz4cqoQIH,sale,house,"okres Čadca",Makov,Makov,"SIERA realitná kancelária s.r.o.",Trnava
JuKIg369MuS,sale,house,"okres Liptovský Mikuláš",Bukovina,Bukovina,"TUreality s.r.o.",Žilina
JuBqrsBTBJs,sale,house,"okres Ružomberok",Ružomberok,"Staré mesto","ALT REAL, s.r.o.",Martin
JuVsKCgx10t,sale,house,"okres Žilina",Višňové,Višňové,"Realitná kancelária",Bratislava
Ju39WLkWIa0,sale,house,"okres Martin","Turčiansky Peter","Turčiansky Peter","Piata Avenue",Žilina
JuYakCSM7Er,sale,house,"okres Turčianske Teplice",Háj,Háj,"RES GROUP, s.r.o.",Žilina
JuNQro8eb1w,sale,house,"okres Turčianske Teplice",Turček,Turček,"BV REAL PD, s.r.o.",Prievidza
Ju9aPEa8o9x,rent,house,"okres Liptovský Mikuláš","Liptovská Sielnica","Liptovská Sielnica","Direct Real, spol. s r.o.",Bratislava
Jusa_KVAuJ7,sale,house,"okres Čadca",Svrčinovec,Svrčinovec,"JPE. Reality - Jozef Pajer",Čadca
Jupd__eIrfW,sale,house,"okres Martin",Vrútky,"Karvaša a Bláhovca","Romantické Chalupy, s.r.o.",Bratislava
Ju419iKir6V,rent,house,"okres Liptovský Mikuláš","Liptovský Mikuláš","Liptovská Ondrašová","AstonReal s.r.o.","Banská Bystrica"
JuVNXqUSw6h,sale,house,"okres Ružomberok",Ružomberok,"Staré mesto","FatraReal s. r. o.",Ružomberok
Ju0JlS9gfjG,sale,house,"okres Žilina",Turie,Turie,"RES GROUP, s.r.o.",Žilina
JuV0_j6OG4Q,sale,house,"okres Čadca","Stará Bystrica","Stará Bystrica","RES GROUP, s.r.o.",Žilina
JuE4imxVWwa,sale,house,"okres Žilina",Žilina,Budatín,"Real Estate Group4U","Považská Bystrica"
Juoa-Iz2VRV,sale,house,"okres Čadca",Olešná,Olešná,"1. Reality Rent, s.r.o.",Žilina
JuNQtFNCOxb,sale,house,"okres Liptovský Mikuláš","Uhorská Ves","Uhorská Ves","Direct Real, spol. s r.o.",Bratislava
JuEW0eTR9MG,rent,house,"okres Žilina",Žilina,"Staré mesto","RENOME REAL",Žilina
Ju7atSyCG1P,sale,house,"okres Žilina",Žilina,Bytčica,"ADH-REAL s.r.o. Hirjaková Adriana",Ovčiarsko
JuvIyu9zHe0,sale,house,"okres Bytča",Bytča,"Hliník nad Váhom","TOCA, s.r.o. Realitná činnosť",Bytča
Ju23oRXuRNw,sale,house,"okres Čadca",Čadca,Horelica,"HOLESTIAK.sk reality s.r.o.",Čadca
JudhN1eg-Z1,sale,house,"okres Liptovský Mikuláš","Liptovský Mikuláš",Demänová,"TUreality s.r.o.",Žilina
Ju9kLci6QHU,sale,house,"okres Liptovský Mikuláš","Liptovská Porúbka","Liptovská Porúbka","TUreality s.r.o.",Žilina
JuUeAjh6h4i,sale,house,"okres Ružomberok",Ružomberok,Gejdák,"REALITY SPOLU",Bratislava
JuddrVo_6K8,sale,house,"okres Tvrdošín",Zábiedovo,Zábiedovo,"TUreality s.r.o.",Žilina
JuiyJgEkcp7,sale,house,"okres Dolný Kubín",Veličná,Veličná,NULL,NULL
JuP7ORLd_oZ,sale,house,"okres Žilina",Svederník,Svederník,"Realitné kancelárie SR",Bratislava
JubSXyHD9FS,sale,house,"okres Žilina",Bitarová,Bitarová,"MGM reality",Žilina
Ju2bFduldFu,sale,house,"okres Žilina",Žilina,"Staré mesto","MGM reality",Žilina
JueNBBfFeD4,sale,house,"okres Žilina",Varín,Varín,"TARGETreal s. r. o.",Žilina
Ju9gt_dtFmu,sale,house,"okres Martin","Turčiansky Peter","Turčiansky Peter","Piata Avenue",Žilina
JuCx5OqxogO,sale,house,"okres Žilina",Rajec,Rajec,"AnoReal, s.r.o.",Stráňavy
JugBNFAg1HA,sale,house,"okres Ružomberok",Ružomberok,Rybárpole,"NajBývanie, s.r.o.",Ružomberok
JuE1L7QIb5r,sale,house,"okres Martin",Martin,Priekopa,"Reality Simply",Martin
Ju0MsknUaYA,sale,house,"okres Žilina",Terchová,Terchová,"Realitná kancelária RED, s.r.o.",Žilina
Ju-iigXRX-E,sale,house,"okres Martin",Martin,Priekopa,"ROMDOM, s. r. o",Žilina
JuP-ssdj9MS,sale,house,"okres Čadca",Oščadnica,Oščadnica,NULL,NULL
Ju8trZQFbnP,sale,house,"okres Liptovský Mikuláš",Dúbrava,Dúbrava,"Direct Real, spol. s r.o.",Bratislava
Ju2H7rNABro,sale,house,"okres Dolný Kubín","Dolný Kubín",Záskalie,"FINREA - ak vám záleží na výsledku","Dolný Kubín"
Ju1GDbbrB55,sale,house,"okres Čadca",Čadca,Podzávoz,"1. Reality Rent, s.r.o.",Žilina
JueseIeLY2v,sale,house,"okres Čadca","Stará Bystrica","Stará Bystrica","Realitné kancelárie SR",Bratislava
JuYd_ySpDkY,sale,house,"okres Martin",Martin,Priekopa,NULL,NULL
JuaMaWInHEa,sale,house,"okres Žilina","Dolný Hričov","Dolný Hričov","DreamReality s.r.o.",Žilina
JujFiU7wF23,sale,house,"okres Bytča",Bytča,"Bytča - sever","RIEŠIME BÝVANIE",Bratislava
Jun5lwMOykP,sale,house,"okres Dolný Kubín",Istebné,Istebné,"FINREA - ak vám záleží na výsledku","Dolný Kubín"
JuxEotSi75n,sale,house,"okres Čadca",Makov,Makov,"Ing. Marcela Pišteková",Turzovka
JugeXc96z-v,sale,house,"okres Dolný Kubín","Dolný Kubín",Mokraď,NULL,NULL
Ju5GSMP-mjz,sale,house,"okres Čadca",Čadca,Horelica,"HOLESTIAK.sk reality s.r.o.",Čadca
JujtVzSs6Xp,sale,house,"okres Martin",Necpaly,Necpaly,"RIEŠIME BÝVANIE",Bratislava
JuHDbG3yLMb,sale,house,"okres Liptovský Mikuláš",Pribylina,Pribylina,"NajBývanie, s.r.o.",Ružomberok
Jug4SIOybnO,sale,house,"okres Martin",Martin,Stred,"Reality Alpia",Martin
Ju1tsUeFhRS,sale,house,"okres Žilina",Rosina,Rosina,"TUreality s.r.o.",Žilina
Juws22--sLM,sale,house,"okres Liptovský Mikuláš","Liptovský Trnovec","Liptovský Trnovec","GERT , s.r.o.","Liptovský Mikuláš"
Ju3gJr9Nl-f,sale,house,"okres Martin",Necpaly,Necpaly,"RES GROUP, s.r.o.",Žilina
JuiKlGUbKmU,sale,house,"okres Tvrdošín",Vitanová,Vitanová,"OREA, s.r.o.","Dolný Kubín"
JuvemPDdxob,sale,house,"okres Kysucké Nové Mesto","Kysucké Nové Mesto","Budatínska Lehota","ŽILINAREAL, s.r.o.",Žilina
Juv-ZyHYN0s,sale,house,"okres Žilina",Hôrky,Hôrky,"TOCA, s.r.o. Realitná činnosť",Bytča
Ju9NWPjsyPl,sale,house,"okres Čadca",Zákopčie,Zákopčie,"HOLESTIAK.sk reality s.r.o.",Čadca
JuFzDxVJ2q6,sale,house,"okres Ružomberok","Liptovské Revúce","Liptovské Revúce","Romantické Chalupy, s.r.o.",Bratislava
JumvGr4WHDN,sale,house,"okres Žilina",Gbeľany,Gbeľany,"MGM reality",Žilina
JumL89VNCQA,sale,house,"okres Ružomberok",Ružomberok,"Staré mesto","NajBývanie, s.r.o.",Ružomberok
Juxt1OSVKJl,sale,house,"okres Žilina",Žilina,Závodie,"Realitné kancelárie SR",Bratislava
JuE93RTyEY1k,sale,house,"okres Ružomberok","Liptovská Lúžna","Liptovská Lúžna","Romantické Chalupy, s.r.o.",Bratislava
JuKa1Trlsqb,sale,house,"okres Žilina","Dlhé Pole","Dlhé Pole","RENOME REAL",Žilina
JuO1xdQLtDm,sale,house,"okres Čadca",Čadca,Horelica,"SLNOVRAT, s.r.o.",Olešná
JuatbTPjpIq,sale,house,"okres Čadca","Krásno nad Kysucou",Blažkov,"Piata Avenue",Žilina
JucPea4Ivtx,sale,house,"okres Žilina",Žilina,Brodno,"Realitná kancelária RED, s.r.o.",Žilina
JufqC5RH_Te,sale,house,"okres Turčianske Teplice","Turčianske Teplice",Stred,"Ing.Zuzana Paverová","Turčianske Teplice"
JuFqa8ebzxy,sale,house,"okres Žilina",Terchová,Terchová,"Georgi Conev",Žilina
Ju9Mn4e894N,sale,house,"okres Žilina",Ďurčiná,Ďurčiná,NULL,NULL
JuWeOewD3Gg,sale,house,"okres Liptovský Mikuláš",Dúbrava,Dúbrava,"FatraReal s. r. o.",Ružomberok
JuuJvOruCyE,sale,house,"okres Martin",Martin,Sever,"Buby reality, s.r.o.",Žilina
Ju1Fv2ySoaS,sale,house,"okres Martin",Príbovce,Príbovce,"Realitná kancelária Kľúč",Trnava
JuFC-aJuKRa,sale,house,"okres Žilina","Malá Čierna","Malá Čierna","Reality Alpia",Martin
JuM2ROndAws,sale,house,"okres Martin",Martin,Priekopa,"Piata Avenue",Žilina
JuSs3N5i3rL,sale,house,"okres Liptovský Mikuláš","Liptovský Mikuláš",Benice,"TUreality s.r.o.",Žilina
JuKx19d2RCd,sale,house,"okres Martin",Martin,Jahodníky,"Reality ASTORIA, s.r.o.",Martin
JuY-SPBwd8P,sale,house,"okres Liptovský Mikuláš",Smrečany,Smrečany,mojaRK,Bratislava
JuLWBKzZeJE,sale,house,"okres Martin",Necpaly,Necpaly,"Reality MT s.r.o.",Martin
JuD8rezKquD,sale,house,"okres Turčianske Teplice","Turčianske Teplice",Diviaky,"AstonReal s.r.o.","Banská Bystrica"
Ju6NukP0wBz,sale,house,"okres Liptovský Mikuláš","Liptovský Trnovec","Liptovský Trnovec","REALITY SPOLU",Bratislava
JubU0eKdiVr,sale,house,"okres Bytča",Bytča,"Hliník nad Váhom","TOCA, s.r.o. Realitná činnosť",Bytča
Jupwy58HyS3,sale,house,"okres Liptovský Mikuláš","Liptovské Kľačany","Liptovské Kľačany","HD reality group s.r.o","Banská Bystrica"
JuIbHiaSfl0,rent,house,"okres Bytča",Bytča,"Veľká Bytča",NULL,NULL
Ju-h4ZgFDNR,sale,house,"okres Liptovský Mikuláš",Hybe,Hybe,"U9, a.s.",Bratislava
Jux_9WVvE-Q,sale,house,"okres Turčianske Teplice","Horná Štubňa","Horná Štubňa","Romantické Chalupy, s.r.o.",Bratislava
JupBKdvb5-A,sale,house,"okres Liptovský Mikuláš","Liptovský Trnovec","Liptovský Trnovec","TUreality s.r.o.",Žilina
JuCoSlVNCl5,sale,house,"okres Žilina",Strečno,Strečno,"Realitná kancelária",Bratislava
JugvlRDwxML,sale,house,"okres Žilina",Lietava,Lietava,"Real Estate Group4U","Považská Bystrica"
JuqOiX2gk_s,sale,house,"okres Liptovský Mikuláš","Liptovský Mikuláš","Liptovská Ondrašová","Realitné kancelárie SR",Bratislava
JusOQ86lFSqV,sale,house,"okres Žilina",Žilina,"Považský Chlmec","Realitná kancelária",Bratislava
JuDOSPT3oT9,sale,house,"okres Žilina",Hôrky,Hôrky,"Piata Avenue",Žilina
JuoQ_50mfjv,sale,house,"okres Žilina",Stránske,Stránske,"Safe reality s. r. o.",Žilina
JuOCwLlVc6x,sale,house,"okres Kysucké Nové Mesto","Kysucký Lieskovec","Kysucký Lieskovec",NULL,NULL
JuHnEHB35K0,sale,house,"okres Žilina",Terchová,Terchová,"HALO reality, s.r.o.",Prievidza
JuiW01vp_No,sale,house,"okres Čadca",Čadca,Čadečka,"MENÍME BÝVANIE",Čadca
JugGPssQETW,sale,house,"okres Dolný Kubín",Zázrivá,Zázrivá,"Reality Alpia",Martin
JuVBGZswzO8,sale,house,"okres Žilina","Rajecké Teplice","Rajecké Teplice","Reality Alpia",Martin
Ju6igj_0jNC,sale,house,"okres Dolný Kubín","Oravský Podzámok","Oravský Podzámok","RK Dalmia s. r. o.","Dolný Kubín"
Jun0rUiHHId,sale,house,"okres Martin","Turčiansky Peter","Turčiansky Peter","ALT REAL, s.r.o.",Martin
JubExmFeQF5H,sale,house,"okres Liptovský Mikuláš","Závažná Poruba","Závažná Poruba","Direct Real, spol. s r.o.",Bratislava
JuRC_sngF0m,sale,house,"okres Žilina",Terchová,Terchová,"1. Reality Rent, s.r.o.",Žilina
JumabMEntjy,sale,house,"okres Kysucké Nové Mesto",Povina,Povina,"Nové bývanie",Nitra
Jupi9oHSOxK,sale,house,"okres Turčianske Teplice",Háj,Háj,"Reality férovo, s. r. o.",Šaľa
JuhlHrJa9hV,sale,house,"okres Martin",Martin,Stráne,"ALT REAL, s.r.o.",Martin
Jufj_0Gj-0k,sale,house,"okres Liptovský Mikuláš",Ľubeľa,Ľubeľa,"OVERENÉ REALITY","Banská Bystrica"
JuqStupTj78,sale,house,"okres Žilina",Žilina,"Staré mesto","WFG reality, s.r.o.",Žilina
Juk3KAL7-tq,sale,house,"okres Martin",Podhradie,Podhradie,"Realitná kancelária DR, s.r.o.",Martin
JudpEUux9d7,sale,house,"okres Liptovský Mikuláš","Závažná Poruba","Závažná Poruba",Limaxreal,"Liptovský Mikuláš"
Ju3LCu23qXh,sale,house,"okres Ružomberok",Ružomberok,"Staré mesto","NajBývanie, s.r.o.",Ružomberok
JutKedpOXQk,sale,house,"okres Liptovský Mikuláš","Partizánska Ľupča","Partizánska Ľupča",NULL,NULL
Juwr4hT_Hw4,sale,house,"okres Martin",Martin,Priekopa,"Reality AK, spol. s r.o.",Martin
JuLejb12kjD,sale,house,"okres Kysucké Nové Mesto",Povina,Povina,"Pro Real, s. r. o. realitná kancelária",Žilina
JuGgpJ73Uj2,sale,house,"okres Dolný Kubín","Dolný Kubín",Brezovec,"OREA, s.r.o.","Dolný Kubín"
JuT41GyTcye,sale,house,"okres Čadca",Makov,Makov,NULL,NULL
Ju3CARY9OXA,sale,house,"okres Čadca",Čadca,Centrum,"HOLESTIAK.sk reality s.r.o.",Čadca
JujozXo5nt1,sale,house,"okres Turčianske Teplice",Dubové,Dubové,"RES GROUP, s.r.o.",Žilina
JuuOm3BAvYEs,sale,house,"okres Martin",NULL,NULL,"1. Reality Rent, s.r.o.",Žilina
JuiyrWA4fnU,sale,house,"okres Čadca",Turzovka,Závodie,"B10 Slovensko, a. s.",Žilina
JuT3DyFpT5w,sale,house,"okres Liptovský Mikuláš",Hybe,Hybe,"Direct Real, spol. s r.o.",Bratislava
JuwmzGWznze,sale,house,"okres Liptovský Mikuláš",Dúbrava,Dúbrava,"HALO reality, s.r.o.",Prievidza
JuZLXRA74dF,sale,house,"okres Martin",Ležiachov,Ležiachov,"B10 Slovensko, a. s.",Žilina
JuuVW7D3CC4,rent,house,"okres Liptovský Mikuláš","Liptovský Mikuláš","Liptovská Ondrašová","AstonReal s.r.o.","Banská Bystrica"
JuEHT7VVEBz,sale,house,"okres Žilina",Varín,Varín,"Nové bývanie",Nitra
Ju9dPAZvZDN,sale,house,"okres Liptovský Mikuláš","Liptovská Porúbka","Liptovská Porúbka",NULL,NULL
JucFteCcorV,sale,house,"okres Čadca",Raková,Raková,"1. Reality Rent, s.r.o.",Žilina
JutrNWqo1mF,sale,house,"okres Martin",Žabokreky,Žabokreky,"Real Reality Development s.r.o.",Martin
JuINrC73hf2,sale,house,"okres Žilina","Teplička nad Váhom","Teplička nad Váhom","Realitné kancelárie SR",Bratislava
Ju91riyeIY0,sale,house,"okres Liptovský Mikuláš","Svätý Kríž","Svätý Kríž","RESIDENCE realitná kancelária","Liptovský Mikuláš"
JuJVlSLNzUp,sale,house,"okres Turčianske Teplice","Horná Štubňa","Horná Štubňa","TARGETreal s. r. o.",Žilina
Jugx_wMlZ3E,sale,house,"okres Kysucké Nové Mesto",Rudinská,Rudinská,"Vianema s.r.o.",Bratislava
JuDis4x18zz,sale,house,"okres Liptovský Mikuláš",Ižipovce,Ižipovce,"PT-com s. r. o.","Banská Bystrica"
JuDZksNmp-x,sale,house,"okres Ružomberok","Liptovská Teplá","Liptovská Teplá","OVERENÉ REALITY","Banská Bystrica"
Ju-NcnxkRbA,sale,house,"okres Ružomberok",Stankovany,Stankovany,"ARBIZ real estate & finance s. r. o.",Ružomberok
JuT8DWNBWjF,sale,house,"okres Žilina",Žilina,"Malá Praha","ŽILINAREAL, s.r.o.",Žilina
JuGbXL5nuWt,sale,house,"okres Čadca",Oščadnica,Oščadnica,"VAŠE REALITY s.r.o.",Trenčín
JuCQvl5wSHc,sale,house,"okres Čadca",Korňa,Korňa,"Ing. Marcela Pišteková",Turzovka
JuMul7PwvM2d,sale,house,"okres Žilina",Višňové,Višňové,"Realitná kancelária RED, s.r.o.",Žilina
Ju8Q97pjRsq,sale,house,"okres Ružomberok",Ivachnová,Ivachnová,"OVERENÉ REALITY","Banská Bystrica"
Ju2NkOjuxZI,sale,house,"okres Žilina","Rajecké Teplice","Rajecké Teplice","MGM reality",Žilina
JuIaBwHCjWo,sale,house,"okres Turčianske Teplice","Malý Čepčín","Malý Čepčín","Realitná kancelária",Bratislava
JuJ5uCQt9op,sale,house,"okres Žilina","Lietavská Svinná-Babkov","Lietavská Svinná-Babkov","RIEŠIME BÝVANIE",Bratislava
JuXSgDSAhl3,sale,house,"okres Žilina",Terchová,Terchová,"Pegas real s.r.o.",Bratislava
JuI7pHVr8cE,sale,house,"okres Bytča",Jablonové,Jablonové,"Realitná kancelária",Bratislava
JuCwuVypfFN,sale,house,"okres Žilina","Teplička nad Váhom","Teplička nad Váhom","Realitná kancelária RED, s.r.o.",Žilina
Ju8E81QIHh9,sale,house,"okres Bytča",Bytča,"Hliník nad Váhom","Realitné kancelárie SR",Bratislava
JurLHZvtaEy,sale,house,"okres Martin",Martin,Stred,"AstonReal s.r.o.","Banská Bystrica"
JuhczzRboRF,sale,house,"okres Žilina",Žilina,Závodie,NULL,NULL
Juxivp9KfQ0,sale,house,"okres Žilina",Rosina,Rosina,"IDEÁLNE BÝVANIE, s.r.o.",Žilina
Jud93oHCOHE,sale,house,"okres Martin",Bystrička,Bystrička,"Reality Alpia",Martin
JuJsyjovPfc,sale,house,"okres Čadca","Dlhá nad Kysucou","Dlhá nad Kysucou","HOLESTIAK.sk reality s.r.o.",Čadca
JuOaEJ-u0ZG,sale,house,"okres Čadca",Svrčinovec,Svrčinovec,"1. Reality Rent, s.r.o.",Žilina
Ju02FWXcSxg,sale,house,"okres Turčianske Teplice",Mošovce,Mošovce,"ALT REAL, s.r.o.",Martin
JuNBS73Ff1Z,sale,house,"okres Martin",Turany,Turany,"Reality ASTORIA, s.r.o.",Martin
Juet0DuhtSi,sale,house,"okres Liptovský Mikuláš",Prosiek,Prosiek,liptoreal,"Liptovský Mikuláš"
JutC2YgCUCh,sale,house,"okres Martin",Bystrička,Bystrička,"MAX PROFI REALITY",Martin
JuxTlJngqfx,sale,house,"okres Žilina",Hôrky,Hôrky,"Realitná kancelária RED, s.r.o.",Žilina
JuTG5fkPlv9,sale,house,"okres Turčianske Teplice",Abramová,Abramová,"B10 Slovensko, a. s.",Žilina
JuzPTiI9dEx,sale,house,"okres Žilina",Žilina,"Staré mesto","ŽILINAREAL, s.r.o.",Žilina
JunogbuFikZ,sale,house,"okres Ružomberok",Stankovany,Stankovany,"OVERENÉ REALITY","Banská Bystrica"
JuQYvnGYftR,sale,house,"okres Martin",Martin,Stráne,"TUreality s.r.o.",Žilina
JuE2xdPeLMB,sale,house,"okres Žilina",Žilina,Budatín,"Realitné kancelárie SR",Bratislava
JuQBGbl9GCs,sale,house,"okres Bytča",Kolárovice,Kolárovice,"1. Reality Rent, s.r.o.",Žilina
JuuYuhMI403,sale,house,"okres Liptovský Mikuláš","Liptovský Hrádok",Dovalovo,"HALO reality, s.r.o.",Prievidza
Ju_uHTH2LKy,sale,house,"okres Bytča","Veľké Rovné","Veľké Rovné","RIEŠIME BÝVANIE",Bratislava
JucgDISpkFu,sale,house,"okres Ružomberok","Liptovská Štiavnica","Liptovská Štiavnica","NajBývanie, s.r.o.",Ružomberok
Juf5RoOgfBW,sale,house,"okres Bytča",Bytča,"Hliník nad Váhom","TOCA, s.r.o. Realitná činnosť",Bytča
JuZFa40Foop,sale,house,"okres Kysucké Nové Mesto",NULL,NULL,"ROSA reality","Kysucké Nové Mesto"
JuJib1snd7W,sale,house,"okres Žilina",Žilina,Bytčica,"Realitné kancelárie SR",Bratislava
Juako0agoSO,sale,house,"okres Žilina",Stránske,Stránske,"ADH-REAL s.r.o. Hirjaková Adriana",Ovčiarsko
JuoV-wTSH0S,sale,house,"okres Žilina",Rosina,Rosina,"RES GROUP, s.r.o.",Žilina
Jubj0GQo0yb,sale,house,"okres Čadca",Zákopčie,Zákopčie,"RK Finanz Real, s.r.o.",Trnava
JuCh945YdSl,sale,house,"okres Námestovo",Námestovo,"Slanická Osada","BeMi realitná kancelária",Nitra
JuDwCbbbd6Z,sale,house,"okres Liptovský Mikuláš",Ľubeľa,Ľubeľa,"Realitné kancelárie SR",Bratislava
Juv33DUvv0m,sale,house,"okres Žilina",Žilina,Závodie,"Realitná kancelária RED, s.r.o.",Žilina
JuP5LbmRSZ8,sale,house,"okres Turčianske Teplice",Kaľamenová,Kaľamenová,"REALITY SPOLU",Bratislava
JufilbyD1c1,sale,house,"okres Ružomberok",Ružomberok,"Biely Potok","Romantické Chalupy, s.r.o.",Bratislava
JutjBXS2rky,sale,house,"okres Žilina",Žilina,Trnové,NULL,NULL
Juii36MitpD,sale,house,"okres Námestovo",Ťapešovo,Ťapešovo,"Direct Real, spol. s r.o.",Bratislava
JutiSbVRe_4,sale,house,"okres Žilina",Žilina,Bôrik,"TUreality s.r.o.",Žilina
JuNs-c1_Jug,sale,house,"okres Čadca",Staškov,Staškov,"PROFI INVEST družstvo",Košice
JuQ8RNQVTuL,sale,house,"okres Čadca",Čadca,Čadečka,"BeMi realitná kancelária",Nitra
JunPSVDxWEH,sale,house,"okres Martin",Martin,"Kolónia Hviezda","Reality Alpia",Martin
Jut7J495GN0,sale,house,"okres Turčianske Teplice","Turčianske Teplice",Diviaky,"LICITOR group, a.s.",Žilina
Jujj9R6pdLi,sale,house,"okres Žilina",Konská,Konská,"Reality IQ, s.r.o.",Žilina
JuCuq9xsJt1,sale,house,"okres Žilina",Rosina,Rosina,NULL,NULL
JuX1WyelwxA,sale,house,"okres Žilina","Malá Čierna","Malá Čierna","Reality Alpia",Martin
JuuA60psrH_,sale,house,"okres Turčianske Teplice",Dubové,Dubové,"Realitné kancelárie SR",Bratislava
JuiwpIv6ZO8n,sale,house,"okres Turčianske Teplice","Turčianske Teplice","Turčiansky Michal","Realitné kancelárie SR",Bratislava
JuzAGRifcCv,sale,house,"okres Čadca","Krásno nad Kysucou",Stred,"GAMA Reality, s.r.o.",Bytča
JuWLq7Wh8lf,sale,house,"okres Martin","Kláštor pod Znievom","Kláštor pod Znievom","Reality AK, spol. s r.o.",Martin
Ju9fCSXKuI8,sale,house,"okres Liptovský Mikuláš",Važec,Važec,"HALO reality, s.r.o.",Prievidza
JuVnevlBgml,sale,house,"okres Turčianske Teplice","Turčianske Teplice",Stred,NULL,NULL
JuzfaiaPF1e,sale,house,"okres Martin",Martin,Jahodníky,"DOBRÉ REALITY s.r.o.",Prievidza
Ju_jNWgq4Ah,sale,house,"okres Liptovský Mikuláš","Kráľova Lehota","Kráľova Lehota","RIEŠIME BÝVANIE",Bratislava
JuWqGCp2oW6,sale,house,"okres Čadca",Svrčinovec,Svrčinovec,"HOLESTIAK.sk reality s.r.o.",Čadca
JukqbzsVg5j,sale,house,"okres Martin",Belá-Dulice,Belá-Dulice,"Reality Center, s.r.o.",Martin
Ju7p-ibu19t,sale,house,"okres Liptovský Mikuláš","Liptovská Porúbka","Liptovská Porúbka","RIEŠIME BÝVANIE",Bratislava
JuhM9MWOU0h,sale,house,"okres Liptovský Mikuláš","Liptovský Trnovec","Liptovský Trnovec","Nové bývanie",Nitra
JuHbG5bC-AQ,sale,house,"okres Martin",Martin,Stráne,"Reality AK, spol. s r.o.",Martin
JuMpX9TQAHl,sale,house,"okres Dolný Kubín","Dolný Kubín",Brezovec,"OREA, s.r.o.","Dolný Kubín"
Ju2L-GyOw3O,sale,house,"okres Žilina",Strečno,Strečno,"Direct Real, spol. s r.o.",Bratislava
JuTNxy0mSKf,sale,house,"okres Kysucké Nové Mesto","Kysucké Nové Mesto",Suľkov,"BR ACADEMY, s. r. o.","Kysucké Nové Mesto"
Juwnal8LZ_c,sale,house,"okres Žilina",Žilina,"Žilinská Lehota","DRR INVEST, s. r. o.","Horný Hričov"
JukKOW5g8ic,sale,house,"okres Ružomberok",Kalameny,Kalameny,"NajBývanie, s.r.o.",Ružomberok
JufvMyqhmxo,sale,house,"okres Martin",Vrícko,Vrícko,"Reality Alpia",Martin
JufcWIOgVI-,sale,house,"okres Žilina",Žilina,Strážov,"RS Mansory s.r.o.",Bratislava
JuUuFP8LBad,sale,house,"okres Dolný Kubín",Malatiná,Malatiná,"RK Dalmia s. r. o.","Dolný Kubín"
JuGlgzti-Xv,sale,house,"okres Čadca",Staškov,Staškov,"Trioreality, s.r.o.",Čadca
Ju-fppxOVlc,sale,house,"okres Čadca",Zákopčie,Zákopčie,"Direct Real, spol. s r.o.",Bratislava
JuLLKbrzsGT,sale,house,"okres Žilina",Žilina,Budatín,"Allrisk Slovakia Reality & Financie, s.r.o.",Bratislava
JuHzzpFEcq7,sale,house,"okres Žilina",Terchová,Terchová,"Briliant Reality, s.r.o.",Senec
JuMN3BXlr1V,sale,house,"okres Čadca",Klokočov,Klokočov,"BeMi realitná kancelária",Nitra
JuZv0Yfgbp2,sale,house,"okres Martin",Belá-Dulice,Belá-Dulice,"Realitné kancelárie SR",Bratislava
JuAHn1RYaaM,sale,house,"okres Čadca",Korňa,Korňa,"SLNOVRAT, s.r.o.",Olešná
Jub_f4tKd7Q,sale,house,"okres Kysucké Nové Mesto","Kysucký Lieskovec","Kysucký Lieskovec","ROMDOM, s. r. o",Žilina
JuUyDXLqSR7,sale,house,"okres Tvrdošín",Nižná,Nižná,"RK Dalmia s. r. o.","Dolný Kubín"
Ju9mMuon122,sale,house,"okres Kysucké Nové Mesto",Ochodnica,Ochodnica,"Realitné kancelárie SR",Bratislava
JuxqHjwv5kQ,sale,house,"okres Martin","Kláštor pod Znievom","Kláštor pod Znievom","Reality ASTORIA, s.r.o.",Martin
JuNBVjN_DWw_,sale,house,"okres Žilina",Rajec,Rajec,"Real Estate Group4U","Považská Bystrica"
JukjLL6Pznq,sale,house,"okres Bytča","Hlboké nad Váhom","Hlboké nad Váhom","1. Reality Rent, s.r.o.",Žilina
JuEdQgaYA3w,sale,house,"okres Martin",Príbovce,Príbovce,"Reality BL, s.r.o.","Kysucké Nové Mesto"
JucVvBL8mQZ,sale,house,"okres Žilina",Brezany,Brezany,"ŽILINAREAL, s.r.o.",Žilina
Juzanri8hki,sale,house,"okres Bytča",Bytča,"Hliník nad Váhom","TOCA, s.r.o. Realitná činnosť",Bytča
JubVEhZEHQu,sale,house,"okres Martin",Martin,Priekopa,"FINREA - ak vám záleží na výsledku","Dolný Kubín"
JuNKxzZQlzf,sale,house,"okres Žilina",Višňové,Višňové,"Ing. Gerlinda Bérešová - Esti",Žilina
JuLre6AewXY,sale,house,"okres Ružomberok",Ivachnová,Ivachnová,"Romantické Chalupy, s.r.o.",Bratislava
JuJF0aEq48e,sale,house,"okres Žilina",Hôrky,Hôrky,"Safe reality s. r. o.",Žilina
JuepuA7Tiw0,sale,house,"okres Liptovský Mikuláš","Liptovský Mikuláš",Palúdzka,"RESIDENCE realitná kancelária","Liptovský Mikuláš"
JuHgJ7Vnt5C,sale,house,"okres Bytča",Bytča,"Hliník nad Váhom","Romantické Chalupy, s.r.o.",Bratislava
Ju2bCMkIGvc,sale,house,"okres Bytča",Štiavnik,Štiavnik,"Romantické Chalupy, s.r.o.",Bratislava
JuHinPus21r,sale,house,"okres Ružomberok",Lisková,Lisková,"RK Dalmia s. r. o.","Dolný Kubín"
Ju3sdsvW1qf,sale,house,"okres Ružomberok",Ružomberok,"Staré mesto","bezmaklérov, s.r.o.",Žilina
JuyMjKXoFpJ,sale,house,"okres Žilina",Žilina,Bytčica,NULL,NULL
Ju-HjJmEJ0m,sale,house,"okres Turčianske Teplice",Čremošné,Čremošné,"Reality ASTORIA, s.r.o.",Martin
JuS7vOeFGIN,sale,house,"okres Kysucké Nové Mesto","Horný Vadičov","Horný Vadičov","Nové bývanie",Nitra
JujgFHysqby,sale,house,"okres Martin","Turčianske Kľačany","Turčianske Kľačany","AstonReal s.r.o.","Banská Bystrica"
Juec3rJbHzE,sale,house,"okres Liptovský Mikuláš","Liptovská Sielnica","Liptovská Sielnica","HALO reality, s.r.o.",Prievidza
JuVTTY5wrme,sale,house,"okres Turčianske Teplice","Turčianske Teplice",Diviaky,"Reality MT s.r.o.",Martin
Ju-Gmi7_Mm7,sale,house,"okres Čadca","Vysoká nad Kysucou","Vysoká nad Kysucou","Realitná kancelária",Bratislava
JuDuqsttF6H,sale,house,"okres Liptovský Mikuláš","Liptovský Mikuláš","Staré mesto",NULL,NULL
Ju002dUmryq,rent,house,"okres Žilina",Žilina,"Staré mesto","Buby reality, s.r.o.",Žilina
JufEAKik-mc,sale,house,"okres Martin",Podhradie,Podhradie,"B10 Slovensko, a. s.",Žilina
Ju8UQkGga6F,sale,house,"okres Ružomberok",Lisková,Lisková,"RK VILLEA, s. r. o.","Dolný Kubín"
JuMmB0vZcwg,sale,house,"okres Žilina",Žilina,Bôrik,"Realitná kancelária RED, s.r.o.",Žilina
Juu4bOArZvB,sale,house,"okres Ružomberok",Lúčky,Lúčky,"Romantické Chalupy, s.r.o.",Bratislava
JuG-JRPmhAG,sale,house,"okres Žilina",NULL,NULL,"Realitná kancelária DOM",Žilina
Ju6-BxY4Q9v,sale,house,"okres Martin",Blatnica,Blatnica,"Romantické Chalupy, s.r.o.",Bratislava
Ju4_CW18xww,sale,house,"okres Žilina","Paština Závada","Paština Závada","WFG reality, s.r.o.",Žilina
JujfdD-5RPO,sale,house,"okres Ružomberok",Komjatná,Komjatná,"AstonReal s.r.o.","Banská Bystrica"
JuJ5z8J0t7V,sale,house,"okres Žilina",Žilina,Budatín,"MGM reality",Žilina
JuLlnmGgMKV,sale,house,"okres Žilina",Rajec,Rajec,"REAL21 Invest-consult, s.r.o.","Považská Bystrica"
Ju7pKhqP4zK,sale,house,"okres Martin",Sučany,Sučany,"Like Reality s.r.o.","Považská Bystrica"
Juq12PkyNpf,sale,house,"okres Žilina",Višňové,Višňové,"RES GROUP, s.r.o.",Žilina
JuRty8qQQ_7,sale,house,"okres Tvrdošín",Tvrdošín,Tvrdošín,"AstonReal s.r.o.","Banská Bystrica"
Jut7Cik7fcS,sale,house,"okres Bytča",Petrovice,Petrovice,"RS Mansory s.r.o.",Bratislava
Juv0ePbKA7G,sale,house,"okres Dolný Kubín",Kraľovany,Kraľovany,"AstonReal s.r.o.","Banská Bystrica"
JuKz9mvEvI_,sale,house,"okres Liptovský Mikuláš",Važec,Važec,"REALITY TATRY",Levoča
JulKhf0qSVY,sale,house,"okres Žilina",Rajec,Rajec,"Real Estate Group4U","Považská Bystrica"
JunAaEjMO5H,sale,house,"okres Liptovský Mikuláš",Važec,Važec,"DRAŽOBNÍK, s.r.o.",Košice
JuYo9zvFOwy,sale,house,"okres Žilina",Divina,Divina,"TARGETreal s. r. o.",Žilina
JuVJGPaHJOp,sale,house,"okres Čadca",Zákopčie,Zákopčie,"Realitná kancelária RED, s.r.o.",Žilina
JuqydMjWuh4,sale,house,"okres Žilina",Lysica,Lysica,"TARGETreal s. r. o.",Žilina
JunkMQWQbHn,sale,house,"okres Žilina",Žilina,Bánová,"TUreality s.r.o.",Žilina
JuoBv0wotbR,sale,house,"okres Martin",Martin,Ľadoveň,"Realitné kancelárie SR",Bratislava
JuM-6ImZqgg,sale,house,"okres Čadca",Čadca,Centrum,"HOLESTIAK.sk reality s.r.o.",Čadca
Jup9Yn-xSxK,sale,house,"okres Žilina",Bitarová,Bitarová,"MGM reality",Žilina
Juu1RPAQAYx,sale,house,"okres Liptovský Mikuláš","Liptovský Trnovec","Liptovský Trnovec","ADOMOS REAL s.r.o.",Košice
JuB8tqpRaSl,sale,house,"okres Ružomberok",Ružomberok,"Pod Skalami","RE/MAX Slovakia",Bratislava
Ju4OltTKR0f,sale,house,"okres Žilina",Žilina,Bánová,"Realitné kancelárie SR",Bratislava
Juu2Y87Z-DK,sale,house,"okres Čadca",Skalité,Skalité,"TUreality s.r.o.",Žilina
JupTefFT3SIq,sale,house,"okres Turčianske Teplice","Turčianske Teplice",NULL,"Romantické Chalupy, s.r.o.",Bratislava
JuAxm4BTAPE,sale,house,"okres Čadca",Turzovka,NULL,"BeMi realitná kancelária",Nitra
JuTmTC_fKnC,sale,"holiday apartment","okres Dolný Kubín","Dolný Kubín","Kubínska hoľa","YNI reality",Žilina
JukEQsAHFmW,sale,house,"okres Turčianske Teplice",Budiš,Budiš,"B10 Slovensko, a. s.",Žilina
JuIfd2KOAqJ,rent,house,"okres Žilina","Dolný Hričov","Dolný Hričov","Realitné kancelárie SR",Bratislava
Juq41p0QoVh,sale,house,"okres Martin","Kláštor pod Znievom","Kláštor pod Znievom","Realitná kancelária",Bratislava
JuE5s_J_0mm,sale,house,"okres Čadca",Klokočov,Klokočov,"BeMi realitná kancelária",Nitra
JuI2CpNT1P5,sale,house,"okres Žilina",Varín,Varín,"Vianema s.r.o.",Bratislava
JumgmN6Y0Rr,sale,house,"okres Turčianske Teplice",Sklené,Sklené,"Realitná kancelária",Bratislava
Ju9JGGI9iqn,sale,house,"okres Žilina",Stránske,Stránske,"RS Mansory s.r.o.",Bratislava
JuMiWG_Bjr-,sale,house,"okres Žilina",Varín,Varín,"Safe reality s. r. o.",Žilina
JuoozgHS-2r,sale,house,"okres Čadca",Čadca,"U Hluška","B10 Slovensko, a. s.",Žilina
Juzaery-uaM,sale,house,"okres Martin",Martin,Tomčany,"Buby reality, s.r.o.",Žilina
JuJSekEM4oc,sale,house,"okres Ružomberok","Liptovské Sliače","Liptovské Sliače","Apollo House",Bratislava
Jub5SX0zXuB,sale,house,"okres Žilina",Divina,Divina,"Realitné kancelárie SR",Bratislava
JubJO0qS-zH,sale,house,"okres Liptovský Mikuláš",Ľubeľa,Ľubeľa,jabyvam.sk,"Liptovský Mikuláš"
JueA1N-Ntfj,sale,house,"okres Liptovský Mikuláš","Závažná Poruba","Závažná Poruba","RK SPIRIT s.r.o.","Liptovský Mikuláš"
JuHtgn-PdTN,sale,house,"okres Martin","Turčianske Kľačany","Turčianske Kľačany","TUreality s.r.o.",Žilina
Jub25_ejcJA,sale,house,"okres Čadca",Oščadnica,Oščadnica,"Nestor Capital s.r.o.",Bratislava
JuvMlRWqyJoo,sale,house,"okres Kysucké Nové Mesto",Nesluša,Nesluša,"MGM reality",Žilina
JuImMdEmrRE,sale,house,"okres Turčianske Teplice","Horná Štubňa","Horná Štubňa","BV REAL PD, s.r.o.",Prievidza
JuzSO8DcIjL,sale,house,"okres Martin",Diaková,Diaková,"Reality Simply",Martin
JuT-mCUWMWu,sale,house,"okres Liptovský Mikuláš",Bobrovník,Bobrovník,liptoreal,"Liptovský Mikuláš"
Ju14mSBpDUx,sale,house,"okres Čadca",Oščadnica,Oščadnica,"HOLESTIAK.sk reality s.r.o.",Čadca
Ju9vhNLIhpv,sale,house,"okres Žilina",Žilina,"Staré mesto","Realitná kancelária DOM",Žilina
Ju07wpce3-e,sale,house,"okres Ružomberok",Turík,Turík,"Romantické Chalupy, s.r.o.",Bratislava
JuiIP6qTDBs,sale,house,"okres Liptovský Mikuláš",Vlachy,Vlachy,"OVERENÉ REALITY","Banská Bystrica"
JuWA9aOrYrn,sale,house,"okres Martin",Žabokreky,Žabokreky,"ALT REAL, s.r.o.",Martin
JuTaKGvu-_W,sale,house,"okres Bytča",Štiavnik,Štiavnik,"Romantické Chalupy, s.r.o.",Bratislava
Juolbg2gxyQ,sale,house,"okres Liptovský Mikuláš",Ižipovce,Ižipovce,"RE/MAX Slovakia",Bratislava
JuOzMZP3NXD,sale,house,"okres Čadca","Krásno nad Kysucou",Kalinov,"1. Reality Rent, s.r.o.",Žilina
Ju0_zNn7daF,sale,house,"okres Liptovský Mikuláš",Pribylina,Pribylina,"Direct Real, spol. s r.o.",Bratislava
JuhiXx9KEAl,sale,house,"okres Dolný Kubín","Dolný Kubín",Medzihradné,"Reality BL, s.r.o.","Kysucké Nové Mesto"
JuXifi6XaeN,sale,house,"okres Žilina",Žilina,Závodie,NULL,NULL
JuD_VuWF7qU,sale,house,"okres Dolný Kubín",Istebné,Istebné,"RK Dalmia s. r. o.","Dolný Kubín"
Ju7FT7K1T9V,sale,house,"okres Žilina",Svederník,Svederník,"Reality IQ, s.r.o.",Žilina
Ju1tEs_gT7e,sale,house,"okres Žilina",Gbeľany,Gbeľany,"1. Reality Rent, s.r.o.",Žilina
JufiwULhgJw,sale,house,"okres Martin",Šútovo,Šútovo,"Real Reality Development s.r.o.",Martin
JujDi-L-0hf,sale,house,"okres Čadca",Olešná,Olešná,"RE/MAX Slovakia",Bratislava
JuWVZLxkLMK,sale,house,"okres Ružomberok",Ružomberok,Hrabovo,"Reality Alpia",Martin
JuUrENnUrd4,sale,house,"okres Martin","Turčiansky Peter","Turčiansky Peter","Reality Center, s.r.o.",Martin
JuKIEskdsEp,sale,house,"okres Žilina",Bitarová,Bitarová,"Real Estate Group4U","Považská Bystrica"
JuRBO1iDcGe,sale,house,"okres Martin",Sučany,Sučany,"Felicita Real s. r. o.",Martin
JuMud2YGw9_,sale,house,"okres Ružomberok",Likavka,Likavka,NULL,NULL
JuipKl1rZoI,sale,house,"okres Čadca","Vysoká nad Kysucou","Vysoká nad Kysucou",NULL,NULL
JuzawK4H-li,sale,house,"okres Kysucké Nové Mesto","Dolný Vadičov","Dolný Vadičov","BR ACADEMY, s. r. o.","Kysucké Nové Mesto"
Ju6l6A2iskM,sale,house,"okres Žilina",Svederník,Svederník,"BeMi realitná kancelária",Nitra
JuiNBbsX-1P,rent,house,"okres Žilina",Žilina,Bytčica,"RIEŠIME BÝVANIE",Bratislava
JuIGCsa_wh0,sale,house,"okres Martin",Blatnica,Blatnica,"Buby reality, s.r.o.",Žilina
JunwM7MkcDW,sale,house,"okres Žilina",Žilina,Závodie,"Realitné kancelárie SR",Bratislava
JuCbUaiZ-t8,sale,house,"okres Čadca",Skalité,Skalité,"HOLESTIAK.sk reality s.r.o.",Čadca
JuPBoWiotP6,sale,house,"okres Turčianske Teplice","Horná Štubňa","Horná Štubňa","RIEŠIME BÝVANIE",Bratislava
Ju39TpZdQum,sale,house,"okres Žilina",Mojš,Mojš,NULL,NULL
Juc86BqO6w7,sale,house,"okres Turčianske Teplice","Horná Štubňa","Horná Štubňa","FINREA - ak vám záleží na výsledku","Dolný Kubín"
JuGKJDezGKy,sale,house,"okres Žilina",Terchová,Terchová,"RS Mansory s.r.o.",Bratislava
JuyVW5GYHzb,sale,house,"okres Žilina",Lysica,Lysica,"YFE, s.r.o.",Žilina
JufXd7f876u,sale,house,"okres Žilina",Žilina,Bánová,"RIEŠIME BÝVANIE",Bratislava
JuvDMV343M4,sale,house,"okres Bytča",Bytča,"Hliník nad Váhom","TOCA, s.r.o. Realitná činnosť",Bytča
JuGGmyAKTE2V,sale,house,"okres Martin",Vrícko,Vrícko,"Realitné kancelárie SR",Bratislava
JunqWaLvLjb,sale,house,"okres Liptovský Mikuláš","Liptovská Sielnica","Liptovská Sielnica","NajBývanie, s.r.o.",Ružomberok
JufxA_4siD5,sale,house,"okres Námestovo",Námestovo,"Slanická Osada","GRAVITAS a. s.",Bratislava
JuNEJj6Bobe,sale,house,"okres Liptovský Mikuláš",Ľubeľa,Ľubeľa,"New Ways Reality&Financie",Poprad
Ju7GkmUpk7w,sale,house,"okres Ružomberok","Liptovská Lúžna","Liptovská Lúžna","NajBývanie, s.r.o.",Ružomberok
JueqFSdFlNV,sale,house,"okres Námestovo",Hruštín,Hruštín,"OREA, s.r.o.","Dolný Kubín"
Ju5uqi4FeNX,sale,house,"okres Liptovský Mikuláš","Liptovský Ján","Liptovský Ján","HALO reality, s.r.o.",Prievidza
JuugYuyjxCy,sale,house,"okres Čadca",Raková,Raková,NajlepšíMakléri.sk,Bratislava
JuENmSVbf52,sale,house,"okres Žilina",Rosina,Rosina,"Reality Alpia",Martin
JuSDor_pBw9,sale,house,"okres Martin",Slovany,Slovany,"Buby reality, s.r.o.",Žilina
JuEl9XITon-,sale,house,"okres Turčianske Teplice",Rudno,Rudno,"Romantické Chalupy, s.r.o.",Bratislava
JuQ4i8mNwlL,sale,house,"okres Bytča",Kotešová,Kotešová,"TARGETreal s. r. o.",Žilina
Ju3IlwS0uHk,sale,house,"okres Žilina",NULL,NULL,"DreamReality s.r.o.",Žilina
JurqmynKY4o,sale,house,"okres Dolný Kubín","Oravský Podzámok","Oravský Podzámok","RE/MAX Slovakia",Bratislava
JuhsSA9jVzs,sale,house,"okres Martin","Turčianske Kľačany","Turčianske Kľačany","B10 Slovensko, a. s.",Žilina
JuvA9DjdPST,sale,house,"okres Ružomberok",Lisková,Lisková,"ALT REAL, s.r.o.",Martin
JuXVSVVWVLI,sale,house,"okres Liptovský Mikuláš",Dúbrava,Dúbrava,"Romantické Chalupy, s.r.o.",Bratislava
JuETUDXgsIk,sale,house,"okres Žilina","Teplička nad Váhom","Teplička nad Váhom","Piata Avenue",Žilina
JuYGxQztZEP,sale,house,"okres Liptovský Mikuláš","Liptovské Kľačany","Liptovské Kľačany",NULL,NULL
Juv2ewXXJKK,sale,house,"okres Martin",Vrútky,"Karvaša a Bláhovca","TARGETreal s. r. o.",Žilina
Juy6D0BMpPr,sale,house,"okres Martin",Belá-Dulice,Belá-Dulice,"Reality Center, s.r.o.",Martin
JuRvLvEuC6c,sale,house,"okres Čadca",Turzovka,NULL,"SLNOVRAT, s.r.o.",Olešná
JuwhHVVh05e,sale,house,"okres Liptovský Mikuláš",Gôtovany,Gôtovany,"Direct Real, spol. s r.o.",Bratislava
JubBBZpieJ3,sale,house,"okres Turčianske Teplice","Horná Štubňa","Horná Štubňa","Romantické Chalupy, s.r.o.",Bratislava
JupqlbF43-v,sale,house,"okres Bytča","Veľké Rovné","Veľké Rovné","StorkReal s. r. o.","Rajecká Lesná"
JuqhO5GsZ4W,sale,house,"okres Žilina","Lietavská Svinná-Babkov","Lietavská Svinná-Babkov","Realitné kancelárie SR",Bratislava
Juc74a1hN-t,sale,house,"okres Žilina",Mojš,Mojš,NULL,NULL
JuZgj6k1S7C,sale,house,"okres Martin",Martin,Stráne,"TARGETreal s. r. o.",Žilina
JuvbGiTBrMG,sale,house,"okres Liptovský Mikuláš",Lazisko,Lazisko,"New Ways Reality&Financie",Poprad
JutexiRTg9m,sale,house,"okres Martin",Martin,Stred,"RS Mansory s.r.o.",Bratislava
Ju6pNzkI7kN,sale,house,"okres Martin",Martin,Stráne,"Reality Alpia",Martin
JuIyY_wrQVH,sale,house,"okres Bytča",Bytča,"Veľká Bytča","WFG reality, s.r.o.",Žilina
JuhQKNPNiRq,sale,house,"okres Žilina","Rajecké Teplice","Rajecké Teplice","AnoReal, s.r.o.",Stráňavy
JuSh2BSeYCy,sale,house,"okres Čadca",Podvysoká,Podvysoká,"BeMi realitná kancelária",Nitra
Jua80WPKb_h,sale,house,"okres Liptovský Mikuláš","Liptovský Hrádok","Nižné Fabriky","LICITOR group, a.s.",Žilina
JuWDHMTcRk5,sale,house,"okres Čadca",Klokočov,Klokočov,"Nové bývanie",Nitra
JuXLOLWve3w,sale,house,"okres Martin",Martin,Stráne,"Realitná kancelária",Bratislava
JuQ6y__HQN4,sale,house,"okres Martin","Kláštor pod Znievom","Kláštor pod Znievom","LIF REAL",Martin
JuXlTElDSTb,sale,house,"okres Žilina",Žilina,Závodie,"DreamReality s.r.o.",Žilina
JuL5-OdofNk,sale,house,"okres Žilina",Terchová,Terchová,"RAJA, spol. s r.o.","Svätý Jur"
JudAAa45gzT,sale,house,"okres Martin",Martin,Jahodníky,"B10 Slovensko, a. s.",Žilina
JuptIY7K5YK,sale,house,"okres Čadca",Turzovka,Predmier,"Reality Alpia",Martin
JuMof2f50da,sale,house,"okres Žilina",Žilina,"Považský Chlmec","Reality IQ, s.r.o.",Žilina
JunBZ5UZ987,sale,house,"okres Čadca",Klokočov,Klokočov,"Realitné kancelárie SR",Bratislava
JuZgBXj7DfA,sale,house,"okres Liptovský Mikuláš",Bobrovec,Bobrovec,"RE/MAX Slovakia",Bratislava
Ju5BwjQ6s7y,sale,house,"okres Čadca",Čierne,Čierne,"SLNOVRAT, s.r.o.",Olešná
JuQab_JUcgQ,rent,house,"okres Martin",Vrútky,"Karvaša a Bláhovca","Reality ASTORIA, s.r.o.",Martin
JuEB6osELcj,sale,house,"okres Turčianske Teplice",Sklené,Sklené,"Romantické Chalupy, s.r.o.",Bratislava
Ju34HqZzlYZ,sale,house,"okres Žilina",Terchová,Terchová,"Realitná kancelária RED, s.r.o.",Žilina
Ju_JIspGy8j,sale,house,"okres Liptovský Mikuláš","Liptovský Mikuláš","Staré mesto",jabyvam.sk,"Liptovský Mikuláš"
JuwY9aBM81x,sale,house,"okres Martin",Vrútky,"Dolné Vrútky","Like Reality s.r.o.","Považská Bystrica"
Ju6FkAOvz_r,sale,house,"okres Liptovský Mikuláš","Liptovský Mikuláš",Okoličné,"AstonReal s.r.o.","Banská Bystrica"
Ju8bN6JmGCo,sale,house,"okres Martin",Martin,Ľadoveň,"Reality ASTORIA, s.r.o.",Martin
Juq7eJIJyLK,sale,house,"okres Námestovo",Klin,Klin,NULL,NULL
JuF5wwqoPt-,sale,house,"okres Ružomberok","Liptovská Osada","Liptovská Osada","Romantické Chalupy, s.r.o.",Bratislava
JuXBeZX2j2W,sale,house,"okres Martin",Sučany,Sučany,"JKV REAL",Prievidza
JuRB3GLBQlr,sale,house,"okres Žilina",Rajec,Rajec,"TUreality s.r.o.",Žilina
JulDvECm5wW,sale,house,"okres Žilina",Žilina,"Považský Chlmec","RIEŠIME BÝVANIE",Bratislava
JuWpbcAmhWj,sale,house,"okres Žilina","Lietavská Svinná-Babkov","Lietavská Svinná-Babkov","Realitné kancelárie SR",Bratislava
JutdauUbuYB,sale,house,"okres Žilina",Mojš,Mojš,"OREA, s.r.o.","Dolný Kubín"
JuKt4j2XFxX,sale,house,"okres Liptovský Mikuláš",Dúbrava,Dúbrava,"Reality Alpia",Martin
JuTM2PfA7TL,sale,house,"okres Žilina",Bitarová,Bitarová,"TUreality s.r.o.",Žilina
JuHuCArgKgQ,sale,house,"okres Námestovo",Zubrohlava,Zubrohlava,"RE/MAX Slovakia",Bratislava
JuLlb3Y20Mb,sale,house,"okres Námestovo",Zubrohlava,Zubrohlava,"BeMi realitná kancelária",Nitra
Jusa__2WO0Z,sale,house,"okres Ružomberok","Liptovské Revúce","Liptovské Revúce","XEMAR realitná spoločnosť s.r.o.","Banská Bystrica"
JujyaTVjwhA,sale,house,"okres Námestovo",Námestovo,Stred,NULL,NULL
Jucbi7PZEnm,sale,house,"okres Čadca",Klokočov,Klokočov,"1. Reality Rent, s.r.o.",Žilina
JuM1C8fcu8K,sale,house,"okres Ružomberok",Ružomberok,NULL,"TUreality s.r.o.",Žilina
Ju-vY43kOSm,sale,house,"okres Čadca",Klokočov,Klokočov,"1. Reality Rent, s.r.o.",Žilina
Ju6dKyzXet6,sale,house,"okres Žilina",Žilina,Strážov,"ŽILINAREAL, s.r.o.",Žilina
JudnXD8m-sc,sale,house,"okres Martin",Martin,Priekopa,"ROMDOM, s. r. o",Žilina
Ju6vI9Ongqb,sale,house,"okres Čadca",Klokočov,Klokočov,"YNI reality",Žilina
JuSGs9I7N10c,sale,house,"okres Turčianske Teplice",Čremošné,Čremošné,"BALAŽI REAL ESTATE s.r.o.",Topoľčany
JuQQeemtPlQ,sale,house,"okres Liptovský Mikuláš","Liptovský Trnovec","Liptovský Trnovec","TUreality s.r.o.",Žilina
JuN0fpmLbue,sale,house,"okres Turčianske Teplice","Horná Štubňa","Horná Štubňa","Pegas real s.r.o.",Bratislava
Juc14yxwCWy,sale,house,"okres Liptovský Mikuláš",Ľubeľa,Ľubeľa,"ARBIZ real estate & finance s. r. o.",Ružomberok
JuA6unfH09z,sale,house,"okres Martin",Martin,Stráne,"Reality ASTORIA, s.r.o.",Martin
JuRRi65QQer,rent,house,"okres Čadca",Čierne,Čierne,"Realitné kancelárie SR",Bratislava
JuoL9EBWGdw,sale,house,"okres Žilina",Podhorie,Podhorie,"WFG reality, s.r.o.",Žilina
Jus49Ig9CXx,sale,house,"okres Čadca",Čadca,Milošová,"JPE. Reality - Jozef Pajer",Čadca
JuT-lYDfSlr,sale,house,"okres Ružomberok","Liptovské Sliače","Liptovské Sliače","Apollo House",Bratislava
JuTsKQYVo81,sale,house,"okres Liptovský Mikuláš","Liptovský Mikuláš",Bodice,"bezmaklérov, s.r.o.",Žilina
JuvJClErKby,sale,house,"okres Kysucké Nové Mesto",Rudina,Rudina,"WFG reality, s.r.o.",Žilina
JuImgMwAlae,sale,house,"okres Žilina",Bitarová,Bitarová,"MGM reality",Žilina
Junjv5ltBRp,sale,house,"okres Turčianske Teplice",Sklené,Sklené,"Realitná kancelária",Bratislava
JuJRg0E5VNn,sale,house,"okres Martin",Valča,Valča,"ALT REAL, s.r.o.",Martin
Ju_7upNwBrj,sale,house,"okres Dolný Kubín",Malatiná,Malatiná,"RK Dalmia s. r. o.","Dolný Kubín"
Juyma4ypNNK,sale,house,"okres Turčianske Teplice","Turčianske Teplice",Diviaky,"Reality MT s.r.o.",Martin
Ju21sNa5df6,sale,house,"okres Martin",Belá-Dulice,Belá-Dulice,"Buby reality, s.r.o.",Žilina
JueQzTcIDeQ,sale,house,"okres Ružomberok",Ružomberok,Baničné,"FISCHER & PARTNERS, s.r.o.",Ružomberok
JuWFwDq9Hos,sale,house,"okres Ružomberok",Likavka,Likavka,"AstonReal s.r.o.","Banská Bystrica"
Juw-gEYpFG_,sale,house,"okres Čadca",Čadca,Milošová,"SLNOVRAT, s.r.o.",Olešná
Ju3_GjYaBPA,sale,house,"okres Čadca",Čadca,Centrum,"MENÍME BÝVANIE",Čadca
JufgKb9FR3J,sale,house,"okres Ružomberok",Ludrová,Ludrová,"Romantické Chalupy, s.r.o.",Bratislava
JunNJzhFnyu,sale,house,"okres Čadca",Čierne,Čierne,Reality+,Žilina
Juk_6IbuVg4,sale,house,"okres Kysucké Nové Mesto",Nesluša,Nesluša,"MGM reality",Žilina
JuzURL47734,sale,house,"okres Liptovský Mikuláš","Liptovský Mikuláš","Vrbica - Nábrežie","Direct Real, spol. s r.o.",Bratislava
Juhv-0ib6ND,sale,house,"okres Bytča","Hlboké nad Váhom","Hlboké nad Váhom","TOCA, s.r.o. Realitná činnosť",Bytča
JulUfy26PQZ,sale,house,"okres Liptovský Mikuláš","Závažná Poruba","Závažná Poruba","Direct Real, spol. s r.o.",Bratislava
JuFy8odNEYG,sale,house,"okres Ružomberok",Ludrová,Ludrová,"Reality Alpia",Martin
JuzPTGI_Ub6,sale,house,"okres Žilina","Dlhé Pole","Dlhé Pole","Realitná kancelária DOM",Žilina
JubVNOBehQJp,sale,house,"okres Turčianske Teplice","Horná Štubňa","Horná Štubňa","ŽILINAREAL, s.r.o.",Žilina
JujihkczWnc,sale,house,"okres Čadca",Raková,Raková,"Wealth Group, s.r.o.","Nová Dedinka"
Ju5HL9HCWYK,sale,house,"okres Liptovský Mikuláš",Podtureň,Podtureň,"TUreality s.r.o.",Žilina
JuTAR5A7Hvk,sale,house,"okres Bytča",Bytča,"Hliník nad Váhom","TOCA, s.r.o. Realitná činnosť",Bytča
Juk8YxA4P9Q,sale,house,"okres Tvrdošín",Zábiedovo,Zábiedovo,"VICTORY REALITY Residence s. r. o.","Banská Bystrica"
JuH7gFUPY7f,sale,house,"okres Žilina",Gbeľany,Gbeľany,"RIEŠIME BÝVANIE",Bratislava
JuVQBJSx5aQ,sale,house,"okres Martin",Vrútky,"Karvaša a Bláhovca","FINREA - ak vám záleží na výsledku","Dolný Kubín"
JuHEeYDAKYc,sale,house,"okres Čadca",Zákopčie,Zákopčie,"Ing. Marcela Pišteková",Turzovka
Ju4LHbtx5iy,sale,house,"okres Martin","Kláštor pod Znievom","Kláštor pod Znievom","U9, a.s.",Bratislava
Ju818YWB7Et,sale,house,"okres Martin",Valča,Valča,"Reality AK, spol. s r.o.",Martin
JuvprX5EDq1,sale,house,"okres Ružomberok",Likavka,Likavka,"OREA, s.r.o.","Dolný Kubín"
Ju769ToQ74D,sale,house,"okres Žilina",Žilina,"Žilinská Lehota","DRR INVEST, s. r. o.","Horný Hričov"
JuOV-FJAPLW,sale,house,"okres Martin","Turčiansky Peter","Turčiansky Peter","Piata Avenue",Žilina
Ju4ivccKHTO,sale,house,"okres Kysucké Nové Mesto","Kysucké Nové Mesto","Budatínska Lehota","BeMi realitná kancelária",Nitra
Juygw_dFMSa,sale,house,"okres Žilina",Žilina,"Malá Praha","RES GROUP, s.r.o.",Žilina
Ju_VPyRRw8c,sale,house,"okres Čadca",Klokočov,Klokočov,"Romantické Chalupy, s.r.o.",Bratislava
JuD_agZTj5g,sale,house,"okres Námestovo","Oravské Veselé","Oravské Veselé","Nové bývanie",Nitra
JuEyQXVJHfz,sale,house,"okres Žilina","Rajecké Teplice","Rajecké Teplice","JKV REAL",Prievidza
Juady9vqBv8,sale,house,"okres Čadca",Klokočov,Klokočov,"Ing. Marcela Pišteková",Turzovka
Juj0QibLMWk,sale,house,"okres Čadca","Krásno nad Kysucou",Stred,"JPE. Reality - Jozef Pajer",Čadca
Ju3T5ymjwHh,sale,house,"okres Martin",Vrútky,"Dolné Vrútky","Realitná kancelária",Bratislava
Ju-s0a69uoP,sale,house,"okres Žilina",Rajec,Rajec,NULL,NULL
Jua9bDzVCPy,sale,house,"okres Ružomberok",Lisková,Lisková,"RE/MAX Slovakia",Bratislava
Ju4sn1YIbXo,sale,house,"okres Námestovo",Vavrečka,Vavrečka,NULL,NULL
JuUAzZ1DM53h,sale,house,"okres Martin",Martin,Stred,"FINREA - ak vám záleží na výsledku","Dolný Kubín"
JuVWSdPVacq,sale,house,"okres Liptovský Mikuláš",Ľubeľa,Ľubeľa,"RE/MAX Slovakia",Bratislava
JuoeXyKL-xw,sale,house,"okres Martin",Martin,"Kolónia Hviezda","TB Real, spol. s r.o.",Košice
JuU-CdEC7dE,sale,house,"okres Čadca",Svrčinovec,Svrčinovec,"1. Reality Rent, s.r.o.",Žilina
JuyjJhU57Ie,sale,house,"okres Martin",Dražkovce,Dražkovce,"B10 Slovensko, a. s.",Žilina
JuUOF1Y8GRc,sale,house,"okres Ružomberok",Martinček,Martinček,"TUreality s.r.o.",Žilina
JuS_jt578hW,sale,house,"okres Žilina",Strečno,Strečno,"FINREA - ak vám záleží na výsledku","Dolný Kubín"
JuTtMGChCvj,sale,house,"okres Ružomberok",Ivachnová,Ivachnová,"TUreality s.r.o.",Žilina
JubSMkcIUwQ,sale,house,"okres Žilina",Terchová,Terchová,"Piata Avenue",Žilina
JuUPsxDPB3P,sale,house,"okres Dolný Kubín",Pribiš,Pribiš,"LICITOR group, a.s.",Žilina
JuNSm4v7OPl,sale,house,"okres Čadca","Stará Bystrica","Stará Bystrica","BeMi realitná kancelária",Nitra
Ju85rN2RkNp,sale,house,"okres Žilina",Žilina,Bôrik,"ŽILINAREAL, s.r.o.",Žilina
JuGV2Mc53Dd,sale,house,"okres Námestovo",Ťapešovo,Ťapešovo,"RE/MAX Slovakia",Bratislava
Ju_8_vlnZwY,sale,house,"okres Ružomberok",Ružomberok,"Biely Potok","IVANING, s. r. o.",Ružomberok
JulClHeflP9,sale,house,"okres Žilina","Lietavská Lúčka","Lietavská Lúčka","Babony TRE s.r.o.",Bratislava
JuQiG2ih2SK,sale,house,"okres Liptovský Mikuláš","Liptovský Mikuláš",Demänová,"HALO reality, s.r.o.",Prievidza
JugmUi1YrCL,sale,house,"okres Turčianske Teplice",Jasenovo,Jasenovo,NULL,NULL
JuAUegGsDW_,sale,house,"okres Turčianske Teplice",Turček,Turček,"TARGETreal s. r. o.",Žilina
JuLc8gW9OHd,sale,house,"okres Žilina",Žilina,Závodie,"RS Mansory s.r.o.",Bratislava
JuD5IEP-_uU,sale,house,"okres Žilina","Lietavská Svinná-Babkov","Lietavská Svinná-Babkov","TUreality s.r.o.",Žilina
Juh02qpId7f,sale,house,"okres Čadca",Čadca,Rieka,"HOLESTIAK.sk reality s.r.o.",Čadca
JudW0vCLa-q,sale,house,"okres Žilina",Žilina,Budatín,"ŽILINAREAL, s.r.o.",Žilina
JuZSCNK7v3l,sale,house,"okres Žilina",Žilina,"Staré mesto","RIEŠIME BÝVANIE",Bratislava
JuNXUaLV7F5,sale,house,"okres Čadca",Čadca,Kyzkovci,"HOLESTIAK.sk reality s.r.o.",Čadca
Jubpxb0JsTj,sale,house,"okres Čadca",Klokočov,Klokočov,"Trioreality, s.r.o.",Čadca
Ju4kDIYSKlj,sale,house,"okres Martin",Žabokreky,Žabokreky,"RIEŠIME BÝVANIE",Bratislava
Jua9FHHUfWA,sale,house,"okres Turčianske Teplice","Slovenské Pravno","Slovenské Pravno","Realitné kancelárie SR",Bratislava
JufVXI6GuhC,sale,house,"okres Turčianske Teplice","Horná Štubňa","Horná Štubňa","BV REAL PD, s.r.o.",Prievidza
Juevnd4jsoA,sale,house,"okres Kysucké Nové Mesto",Nesluša,Nesluša,"ROMDOM, s. r. o",Žilina
JuY6OUpbXjU,sale,house,"okres Žilina",Mojš,Mojš,"Realitná kancelária RED, s.r.o.",Žilina
Jug6zZpbgms,sale,house,"okres Žilina",Terchová,Terchová,"RIEŠIME BÝVANIE",Bratislava
JuP0XzI2a8X,sale,house,"okres Námestovo",Lomná,Lomná,"RE/MAX Slovakia",Bratislava
JuQ_I0ff1WB,sale,house,"okres Bytča",Kotešová,Kotešová,"TOCA, s.r.o. Realitná činnosť",Bytča
JuxsRe4hFI1,sale,house,"okres Martin","Košťany nad Turcom","Košťany nad Turcom","ALT REAL, s.r.o.",Martin
JurFmDveVmQ,sale,house,"okres Čadca",Radôstka,Radôstka,NULL,NULL
JuqBCTYKWBNV,sale,house,"okres Žilina","Rajecké Teplice",Poluvsie,"Nové bývanie",Nitra
JuOH45yXH5x,sale,house,"okres Žilina",Rajec,Rajec,"Wealth Group, s.r.o.","Nová Dedinka"
JuNAkKLTuvU,sale,house,"okres Žilina",Brezany,Brezany,"TARGETreal s. r. o.",Žilina
JubXfE9326q,sale,house,"okres Liptovský Mikuláš","Liptovský Mikuláš",Bodice,"RESIDENCE realitná kancelária","Liptovský Mikuláš"
JurPQrgAzVa,sale,house,"okres Žilina",Varín,Varín,"ROMDOM, s. r. o",Žilina
JuO0hdGmTXM,sale,house,"okres Martin","Kláštor pod Znievom","Kláštor pod Znievom","Reality AK, spol. s r.o.",Martin
Ju99F1V9-a5,rent,house,"okres Martin",Vrútky,"Karvaša a Bláhovca","Reality Alpia",Martin
JuGAfyDq6Le,sale,house,"okres Liptovský Mikuláš","Liptovská Kokava","Liptovská Kokava","BeMi realitná kancelária",Nitra
Jud-pgAdAnR,sale,house,"okres Žilina",Žilina,Závodie,"Realitné kancelárie SR",Bratislava
JunMD2_PHX1,sale,house,"okres Žilina",Žilina,Budatín,"R2 SK, s.r.o.",Žilina
Jut9hBMvkj1,sale,house,"okres Žilina",Hôrky,Hôrky,"Realitná kancelária RED, s.r.o.",Žilina
JuNkZt-5-PV,sale,house,"okres Martin",Martin,Stred,"Vianema s.r.o.",Bratislava
JuMIjDzPJlV,sale,house,"okres Žilina","Dolná Tižina","Dolná Tižina","Realitná kancelária RED, s.r.o.",Žilina
Ju08TjjVb3y,sale,house,"okres Žilina",Mojš,Mojš,"TUreality s.r.o.",Žilina
Juove7AkwvT,sale,house,"okres Martin",Valča,Valča,"ALT REAL, s.r.o.",Martin
JuqQL7cMBce,sale,house,"okres Žilina",Žilina,Bôrik,"WFG reality, s.r.o.",Žilina
JuoK79RAO1k,sale,house,"okres Čadca",Čadca,Horelica,"HOLESTIAK.sk reality s.r.o.",Čadca
JuyE1SKm9MG,sale,house,"okres Dolný Kubín","Dolný Kubín","Veľký Bysterec","RE/MAX Slovakia",Bratislava
JugZv3txcdX,sale,house,"okres Liptovský Mikuláš","Liptovský Mikuláš",Palúdzka,"REALITY SPOLU",Bratislava
JuAUIyCgthV,sale,house,"okres Turčianske Teplice",Dubové,Dubové,"Ing.Zuzana Paverová","Turčianske Teplice"
Ju2CLffbgDO,sale,house,"okres Čadca",Čierne,Čierne,"Realitné kancelárie SR",Bratislava
JulOKuOiom0,sale,house,"okres Martin",Martin,Stráne,"Reality AK, spol. s r.o.",Martin
JuV6m-uCHri,sale,house,"okres Ružomberok",Komjatná,Komjatná,"NajBývanie, s.r.o.",Ružomberok
Ju1ofqUKnGJ,rent,house,"okres Bytča",Bytča,"Veľká Bytča",NULL,NULL
JuPf2GxFke-,sale,house,"okres Martin",Martin,Jahodníky,"Realitné kancelárie SR",Bratislava
JuBb5_6WbFx,sale,house,"okres Liptovský Mikuláš",Prosiek,Prosiek,liptoreal,"Liptovský Mikuláš"
JuBFSGXIbQg,sale,house,"okres Martin",Martin,Stred,"Reality D.P.A.",Martin
JuSEx_tCHgm,sale,house,"okres Martin",Sučany,Sučany,"Reality ASTORIA, s.r.o.",Martin
Ju8D90dPeWn,sale,house,"okres Čadca","Stará Bystrica","Stará Bystrica","TRI LIPY, s. r. o.",Čadca
JuSIu9gfLrM,sale,house,"okres Martin",Turany,Turany,"Reality Alpia",Martin
JuZZAG3gZ4P,sale,house,"okres Martin",Bystrička,Bystrička,"Realitné kancelárie SR",Bratislava
Jubw55XES_L,sale,house,"okres Žilina",Rajec,Rajec,"Realitná kancelária RED, s.r.o.",Žilina
Ju4qLAERlSe,sale,house,"okres Turčianske Teplice",Sklené,Sklené,"HERRYS s.r.o.",Bratislava
Ju7bwTEg95z,sale,house,"okres Martin",Slovany,Slovany,"RES GROUP, s.r.o.",Žilina
JuyVs7iUVpH,sale,house,"okres Žilina",Žilina,Budatín,"Real Estate Group4U","Považská Bystrica"
JuQLhnk0fIJ,sale,house,"okres Námestovo",Bobrov,Bobrov,"RK Dalmia s. r. o.","Dolný Kubín"
JuTHsp0WSDj,sale,house,"okres Čadca",Čierne,Čierne,"B10 Slovensko, a. s.",Žilina
Juq9xnQNQkn,sale,house,"okres Ružomberok","Liptovské Sliače","Liptovské Sliače",donidDevelop,"Dolný Kubín"
JuyzhTATpQT,sale,house,"okres Žilina","Rajecké Teplice","Rajecké Teplice","RS Mansory s.r.o.",Bratislava
Ju201YVcPl9,sale,house,"okres Martin",Martin,Priekopa,"Reality Alpia",Martin
JuEkXTiy4W0,sale,house,"okres Čadca",Turzovka,Predmier,"Ing. Marcela Pišteková",Turzovka
JuRCZxG-Ooz,sale,house,"okres Turčianske Teplice",Brieštie,Brieštie,"Romantické Chalupy, s.r.o.",Bratislava
Ju2g9qDY7C2,sale,house,"okres Žilina","Lietavská Lúčka","Lietavská Lúčka","LAVENTURA s.r.o.",Žilina
JuiurmGxqdw,sale,house,"okres Liptovský Mikuláš",Galovany,Galovany,jabyvam.sk,"Liptovský Mikuláš"
Ju5l4eqQWuo,sale,house,"okres Martin","Dolný Kalník","Dolný Kalník",NULL,NULL
JubPnkGYuzd,sale,house,"okres Žilina","Lietavská Svinná-Babkov","Lietavská Svinná-Babkov","Romantické Chalupy, s.r.o.",Bratislava
JutUghljOFb,sale,house,"okres Martin","Košťany nad Turcom","Košťany nad Turcom","TARGETreal s. r. o.",Žilina
JuOcMarFG9f,sale,house,"okres Martin",Martin,Priekopa,"B10 Slovensko, a. s.",Žilina
Ju1nsnm6Thh,sale,house,"okres Martin",Sučany,Sučany,"Realitné kancelárie SR",Bratislava
JueL_62vkzy,sale,house,"okres Bytča",Petrovice,Petrovice,"Arvin & Benet",Bratislava
JuZ5Od87-Gum,sale,house,"okres Žilina","Kamenná Poruba","Kamenná Poruba","Real Estate Group4U","Považská Bystrica"
JuVjafOp1qo,sale,house,"okres Liptovský Mikuláš",Jamník,Jamník,"RESIDENCE realitná kancelária","Liptovský Mikuláš"
Ju83GL9bzob,sale,house,"okres Liptovský Mikuláš",Pribylina,Pribylina,"Reality Alpia",Martin
JuOWTKqdph-,sale,house,"okres Žilina",Brezany,Brezany,"TARGETreal s. r. o.",Žilina
JuJ_aSROqsa,sale,house,"okres Bytča",Maršová-Rašov,Maršová-Rašov,"Realitná kancelária RED, s.r.o.",Žilina
JuZb8UCK_rZ,sale,house,"okres Čadca",Svrčinovec,Svrčinovec,"Romantické Chalupy, s.r.o.",Bratislava
JuTlV6vu9KV,sale,house,"okres Čadca",Turzovka,Hlinené,"RK ANNA, s.r.o.",Bratislava
Ju50VIWT3Qq,sale,house,"okres Čadca","Nová Bystrica","Nová Bystrica",NULL,NULL
JuHMOf4_aEt,sale,house,"okres Martin",Martin,Podháj,"OVERENÉ REALITY","Banská Bystrica"
JuExQtw6qVs,sale,house,"okres Žilina",Bitarová,Bitarová,"TOCA, s.r.o. Realitná činnosť",Bytča
JuWdOUuOqTq,sale,house,"okres Bytča","Veľké Rovné","Veľké Rovné","Realitná kancelária RED, s.r.o.",Žilina
JuCQquJMobX,sale,house,"okres Liptovský Mikuláš","Liptovský Mikuláš","Staré mesto",jabyvam.sk,"Liptovský Mikuláš"
JueH30MBugi,sale,house,"okres Martin",Turany,Turany,"FINREA - ak vám záleží na výsledku","Dolný Kubín"
JuCZFv2-6ou,sale,house,"okres Martin",Sučany,Sučany,"Reality AK, spol. s r.o.",Martin
Juy0vY_LraB,sale,house,"okres Ružomberok",Lisková,Lisková,NULL,NULL
JuRmVJrYF51,sale,house,"okres Žilina",Rajec,Rajec,"HALO reality, s.r.o.",Prievidza
JuZeXFkM1A9,sale,house,"okres Čadca","Dlhá nad Kysucou","Dlhá nad Kysucou","WFG reality, s.r.o.",Žilina
JuiNO66g3Yc,sale,house,"okres Liptovský Mikuláš","Liptovský Trnovec","Liptovský Trnovec","Reality Alpia",Martin
Ju3B-41JURa,sale,house,"okres Žilina",Bitarová,Bitarová,"ŽILINAREAL, s.r.o.",Žilina
JuVYoseZcjb,sale,house,"okres Čadca","Vysoká nad Kysucou","Vysoká nad Kysucou","Stanislav Slovák",Příbor
JuOrdDmjklk,sale,house,"okres Liptovský Mikuláš","Nižná Boca","Nižná Boca","Nové bývanie",Nitra
Juqo9ur2oSk,sale,house,"okres Čadca",Raková,Raková,"1. Reality Rent, s.r.o.",Žilina
JuUtFPHm2FJ,sale,house,"okres Čadca",Skalité,Skalité,"HOLESTIAK.sk reality s.r.o.",Čadca
JuRXV1iFSPA,sale,house,"okres Liptovský Mikuláš","Partizánska Ľupča","Partizánska Ľupča","B10 Slovensko, a. s.",Žilina
JuvFd0GqZEL,sale,house,"okres Čadca",Zákopčie,Zákopčie,"Romantické Chalupy, s.r.o.",Bratislava
JuYLfbh2sq3,sale,house,"okres Ružomberok","Liptovská Osada","Liptovská Osada","Joyel s.r.o.",Galanta
JurXt03mBLY,sale,house,"okres Žilina",Bitarová,Bitarová,"ŽILINAREAL, s.r.o.",Žilina
JuMWbh-aIKq,sale,house,"okres Žilina",Žilina,Bôrik,"MGM reality",Žilina
Ju6T3Ft89-v,rent,house,"okres Martin",Martin,Záturčie,"Buby reality, s.r.o.",Žilina
JupleqZX_5c,sale,house,"okres Liptovský Mikuláš",Važec,Važec,"HALO reality, s.r.o.",Prievidza
JuFiX3Sq3vG,sale,house,"okres Liptovský Mikuláš",Važec,Važec,"HALO reality, s.r.o.",Prievidza
JuHzPHOV8gk,sale,house,"okres Martin",Valča,Valča,NULL,NULL
JugTUA5gS8g,sale,house,"okres Čadca",Čadca,Milošová,"JPE. Reality - Jozef Pajer",Čadca
Ju-2ATFv9rv,sale,house,"okres Žilina",Žilina,Trnové,"MGM reality",Žilina
Ju-DaLUFFrZO,sale,house,"okres Čadca",Zákopčie,Zákopčie,"1. Reality Rent, s.r.o.",Žilina
JulhD_NcT3W,sale,house,"okres Čadca",Čadca,"U Hluška","JPE. Reality - Jozef Pajer",Čadca
JuR8MtfJ_hy,sale,house,"okres Ružomberok",Bešeňová,Bešeňová,jabyvam.sk,"Liptovský Mikuláš"
JuTYVNH1hyq,sale,house,"okres Žilina",Žilina,Závodie,"Realitná kancelária RED, s.r.o.",Žilina
JueXmDjP7zd,sale,house,"okres Žilina",Žilina,Budatín,"Realitné kancelárie SR",Bratislava
JuNLZwMInNc,sale,house,"okres Bytča",Kotešová,Kotešová,"Realitné kancelárie SR",Bratislava
JuHhaEPAecH,sale,house,"okres Žilina",Žilina,Budatín,"Realitná kancelária RED, s.r.o.",Žilina
JuybIukKsI-,sale,house,"okres Kysucké Nové Mesto",Ochodnica,Ochodnica,NULL,NULL
JuJ_XP7nrRJ,sale,house,"okres Martin",Martin,Priekopa,"Piata Avenue",Žilina
JuFneDQjvVa,sale,house,"okres Žilina",Žilina,"Staré mesto","Realitné kancelárie SR",Bratislava
JuUd1zO7Wmq,sale,house,"okres Liptovský Mikuláš",Východná,Východná,"RK SPIRIT s.r.o.","Liptovský Mikuláš"
JuWTFerinZc,sale,house,"okres Námestovo",Námestovo,Stred,NULL,NULL
Ju65DXWDqfO,sale,house,"okres Žilina","Malá Čierna","Malá Čierna","Reality Alpia",Martin
JuUTEYZS5iH,sale,house,"okres Martin","Turčianske Kľačany","Turčianske Kľačany","Realitné kancelárie SR",Bratislava
JulIOnbqCxs,sale,house,"okres Liptovský Mikuláš","Partizánska Ľupča","Partizánska Ľupča","MK-CORP s.r.o.",Malacky
JuJpcjTfX3t,sale,house,"okres Kysucké Nové Mesto","Kysucký Lieskovec","Kysucký Lieskovec","ROMDOM, s. r. o",Žilina
JunoisVSjsE,sale,house,"okres Liptovský Mikuláš",Dúbrava,Dúbrava,"RK SPIRIT s.r.o.","Liptovský Mikuláš"
JuX0rjtWptr,sale,house,"okres Ružomberok","Liptovská Lúžna","Liptovská Lúžna","VAŠA REALITKA s.r.o.",Ružomberok
JuzqOH1xdi0,sale,house,"okres Čadca",Klokočov,Klokočov,"BeMi realitná kancelária",Nitra
JuUrORAsIzH,sale,house,"okres Turčianske Teplice",Sklené,Sklené,"KARIN & PARTNERS, s.r.o.",Bratislava
Ju0jlVjeum2,sale,house,"okres Kysucké Nové Mesto",Radoľa,Radoľa,"Safe reality s. r. o.",Žilina
Ju-n3HBlCLs,sale,house,"okres Liptovský Mikuláš","Liptovský Trnovec","Liptovský Trnovec","HALO reality, s.r.o.",Prievidza
JuFjizTs4O6,sale,house,"okres Čadca",Oščadnica,Oščadnica,NULL,NULL
Juay0YLi6eq,sale,house,"okres Liptovský Mikuláš",Huty,Huty,"HALO reality, s.r.o.",Prievidza
JumqzlfG1o5,sale,house,"okres Ružomberok",Lisková,Lisková,"OVERENÉ REALITY","Banská Bystrica"
JuUVlQMhocg,sale,house,"okres Turčianske Teplice","Malý Čepčín","Malý Čepčín","Reality Center, s.r.o.",Martin
JuIvAW7ErKL,sale,house,"okres Liptovský Mikuláš","Liptovský Mikuláš","Vrbica - Nábrežie",jabyvam.sk,"Liptovský Mikuláš"
Juomcnw1rQn,sale,house,"okres Liptovský Mikuláš",Vavrišovo,Vavrišovo,"Realitná kancelária Peter Hubka","Liptovský Mikuláš"
JuRDPYuJ-Ru,sale,house,"okres Námestovo",Zubrohlava,Zubrohlava,"BeMi realitná kancelária",Nitra
JuVmgN9tviU,sale,house,"okres Žilina",Rajec,Rajec,"Real Estate Group4U","Považská Bystrica"
JuHZ1_tqsoJ,sale,house,"okres Turčianske Teplice",Háj,Háj,"TARGETreal s. r. o.",Žilina
JuRsx7ULgvE,sale,house,"okres Liptovský Mikuláš",Ižipovce,Ižipovce,"TUreality s.r.o.",Žilina
Juu-17oAoC1,sale,house,"okres Žilina",Žilina,"Považský Chlmec","R2 SK, s.r.o.",Žilina
JuHTrpBIwLH,sale,house,"okres Čadca","Zborov nad Bystricou","Zborov nad Bystricou","HOLESTIAK.sk reality s.r.o.",Čadca
JuXRdny6i_s,sale,house,"okres Bytča",Kolárovice,Kolárovice,"RS Mansory s.r.o.",Bratislava
JugRw5WlFvo,sale,house,"okres Martin","Košťany nad Turcom","Košťany nad Turcom","CPM Real Estate",Bratislava
JufGT_MaCUz,sale,house,"okres Kysucké Nové Mesto",Rudinská,Rudinská,"BR ACADEMY, s. r. o.","Kysucké Nové Mesto"
Juoz04a647Q,sale,house,"okres Žilina",Žilina,Budatín,"ŽILINAREAL, s.r.o.",Žilina
Jul4_uLItfd,sale,house,"okres Čadca",Čadca,Horelica,"BeMi realitná kancelária",Nitra
Ju1Kl-Z5Rmy,sale,house,"okres Čadca",Svrčinovec,Svrčinovec,"1. Reality Rent, s.r.o.",Žilina
JuyNnLnMYyC,sale,house,"okres Čadca",Oščadnica,Oščadnica,"SLNOVRAT, s.r.o.",Olešná
JuF46fUq-Yw,sale,house,"okres Martin",Blatnica,Blatnica,"YNI reality",Žilina
JuKQcfqPzaF,sale,house,"okres Ružomberok",Ľubochňa,Ľubochňa,"IVANING, s. r. o.",Ružomberok
Jum6j-Ej2-f,sale,house,"okres Martin","Turčianske Kľačany","Turčianske Kľačany","Mgr. Silvia Lukáčová - RealPoint",Martin
JuytovsywXn,sale,house,"okres Žilina",Bitarová,Bitarová,"Bosen Group s.r.o.",Bratislava
JucRk_dUu__,sale,house,"okres Liptovský Mikuláš",Ižipovce,Ižipovce,"PT-com s. r. o.","Banská Bystrica"
JuWBhReJsOQ,sale,house,"okres Ružomberok",Ružomberok,"Staré mesto","Reality Alpia",Martin
Jub5AmyEEcs,sale,house,"okres Čadca",Makov,Makov,"BeMi realitná kancelária",Nitra
JuobJik_lQu,sale,house,"okres Martin",Žabokreky,Žabokreky,"FINREA - ak vám záleží na výsledku","Dolný Kubín"
JupxniZ3HTo,sale,house,"okres Turčianske Teplice",Brieštie,Brieštie,"B10 Slovensko, a. s.",Žilina
JuT8nBQBdJW,sale,house,"okres Turčianske Teplice",Dubové,Dubové,"RES GROUP, s.r.o.",Žilina
JuX6zPqRWEF,sale,house,"okres Martin",Vrútky,"Dolné Vrútky","Reality Center, s.r.o.",Martin
JuMM6zZvZxw,sale,house,"okres Bytča",Bytča,"Hliník nad Váhom","TOCA, s.r.o. Realitná činnosť",Bytča
JuBhi6vWwWF,sale,house,"okres Ružomberok",Hubová,Hubová,"RESIDENCE realitná kancelária","Liptovský Mikuláš"
Jud1nB5cUDA,sale,house,"okres Námestovo",Ťapešovo,Ťapešovo,"BeMi realitná kancelária",Nitra
JusY0XVc742,sale,house,"okres Žilina",Varín,Varín,"R2 SK, s.r.o.",Žilina
Ju0x3Q-Isx2,sale,house,"okres Martin",Martin,Jahodníky,"Reality Alpia",Martin
JusBzzX4MYn,sale,house,"okres Martin",Martin,Stráne,"Financie a reality od A po Z",Martin
JuTbyPBzXmh,sale,house,"okres Čadca","Zborov nad Bystricou","Zborov nad Bystricou","Wealth Group, s.r.o.","Nová Dedinka"
JuyGuuau4bp,sale,house,"okres Čadca",Skalité,Skalité,"HOLESTIAK.sk reality s.r.o.",Čadca
JuZg89p6Hy7,sale,house,"okres Žilina",Terchová,Terchová,"TARGETreal s. r. o.",Žilina
JuEnivfsQqG,sale,house,"okres Turčianske Teplice","Horná Štubňa","Horná Štubňa","HALO reality, s.r.o.",Prievidza
Ju90ROUj5tm,sale,house,"okres Liptovský Mikuláš",Ľubeľa,Ľubeľa,"OVERENÉ REALITY","Banská Bystrica"
JuIgiXtxn7E,sale,house,"okres Martin",Martin,Stráne,"Realitné kancelárie SR",Bratislava
JufpZ_mPYDs,sale,house,"okres Ružomberok",Ľubochňa,Ľubochňa,"ARBIZ real estate & finance s. r. o.",Ružomberok
Ju1ty2ZUYgk,sale,house,"okres Martin",Príbovce,Príbovce,"RECLOUD Reality a.s.",Bratislava
JuGmzsgn_AA,sale,house,"okres Kysucké Nové Mesto","Kysucké Nové Mesto",Oškerda,"WFG reality, s.r.o.",Žilina
Ju_5Xv4V0EB,sale,house,"okres Liptovský Mikuláš","Liptovský Hrádok",Dovalovo,"RECLOUD Reality a.s.",Bratislava
JuQuGs-1s6D,sale,house,"okres Čadca",Turzovka,Stred,"REALITY SPOLU",Bratislava
JuZvI3pSm0g,sale,house,"okres Žilina","Lietavská Svinná-Babkov","Lietavská Svinná-Babkov","RIEŠIME BÝVANIE",Bratislava
Ju4QNdSEtTJo,sale,house,"okres Bytča",Bytča,"Bytča - sever","ADH-REAL s.r.o. Hirjaková Adriana",Ovčiarsko
JuhaIw0usS1,sale,house,"okres Čadca","Krásno nad Kysucou",Blažkov,"Piata Avenue",Žilina
JuTyI-EzXJs,sale,house,"okres Žilina",Žilina,"Staré mesto","BR ACADEMY, s. r. o.","Kysucké Nové Mesto"
Ju6Y8lDrPPx,sale,house,"okres Žilina",Hôrky,Hôrky,NULL,NULL
JuRjgYMudUi,sale,house,"okres Bytča",Kotešová,Kotešová,"TARGETreal s. r. o.",Žilina
JuQMRIcKumi,sale,house,"okres Liptovský Mikuláš",Ľubeľa,Ľubeľa,"ARBIZ real estate & finance s. r. o.",Ružomberok
JuemrlNxbW5,sale,house,"okres Ružomberok",Ružomberok,Polík,"Reality Alpia",Martin
JueAKgCSgAy,sale,house,"okres Žilina",Turie,Turie,"RES GROUP, s.r.o.",Žilina
Ju73dWwYIf4,sale,house,"okres Ružomberok","Liptovské Sliače","Liptovské Sliače","AstonReal s.r.o.","Banská Bystrica"
JuL77Ktof8v,sale,house,"okres Ružomberok","Liptovská Štiavnica","Liptovská Štiavnica","Reality Alpia",Martin
Juwx2kMBKdR,sale,house,"okres Kysucké Nové Mesto",Povina,Povina,"BeMi realitná kancelária",Nitra
Ju11dVJkRkl,sale,house,"okres Žilina",Žilina,Závodie,NajlepšíMakléri.sk,Bratislava
Ju6OXC5e_2f,sale,house,"okres Liptovský Mikuláš",Jakubovany,Jakubovany,"Reality Alpia",Martin
JuAWKeHNgzP,sale,house,"okres Liptovský Mikuláš",Východná,Východná,"Direct Real, spol. s r.o.",Bratislava
JufFtzCmoZI,sale,house,"okres Žilina",Rosina,Rosina,"MGM reality",Žilina
JuT75QcQxxP,sale,house,"okres Dolný Kubín","Dolný Kubín","Malý Bysterec","OREA, s.r.o.","Dolný Kubín"
JunaNl4t7YD,sale,house,"okres Žilina",Žilina,Bytčica,"Piata Avenue",Žilina
Ju_rwk44XIO,sale,house,"okres Žilina",Žilina,Závodie,"MGM reality",Žilina
JuDlx9y21vs,sale,house,"okres Turčianske Teplice",Turček,Turček,"RECLOUD Reality a.s.",Bratislava
JuaEOE3NvBE,sale,house,"okres Martin",Rakovo,Rakovo,"Reality MT s.r.o.",Martin
Juidd703LOU,sale,house,"okres Žilina",Lysica,Lysica,"Realitná kancelária RED, s.r.o.",Žilina
Ju-OE670leB,sale,house,"okres Bytča",Predmier,Predmier,"TOCA, s.r.o. Realitná činnosť",Bytča
JukIEPbTzbs,sale,house,"okres Žilina",Hôrky,Hôrky,"K&B Partners, s.r.o.",Trenčín
JuRG-vEhd9B,sale,house,"okres Žilina","Lietavská Lúčka","Lietavská Lúčka","Piata Avenue",Žilina
Ju9pzA6kp29,sale,house,"okres Čadca",Makov,Makov,"B10 Slovensko, a. s.",Žilina
Juf5JJugsJj,sale,house,"okres Turčianske Teplice","Horná Štubňa","Horná Štubňa","Romantické Chalupy, s.r.o.",Bratislava
JulEUnG0Jam,sale,house,"okres Turčianske Teplice","Turčianske Teplice",Stred,"Realitné kancelárie SR",Bratislava
Ju0Bq6SU1wr,sale,house,"okres Žilina","Rajecké Teplice","Rajecké Teplice","Real Estate Group4U","Považská Bystrica"
Juk1Q-owy0o,sale,house,"okres Liptovský Mikuláš","Liptovský Mikuláš",Okoličné,jabyvam.sk,"Liptovský Mikuláš"
Ju9iqAyYgBP,sale,house,"okres Martin",Martin,Priekopa,"Like Reality s.r.o.","Považská Bystrica"
JuRU-kTFsF-J,sale,house,"okres Turčianske Teplice","Horná Štubňa","Horná Štubňa","Romantické Chalupy, s.r.o.",Bratislava
JuO6fvSVJ1V,sale,house,"okres Čadca",Klokočov,Klokočov,"MG real, s.r.o.",Topoľčany
JuGR3fH9qik,sale,house,"okres Žilina",Bitarová,Bitarová,"TOCA, s.r.o. Realitná činnosť",Bytča
Jun_xJ64Vjc,sale,house,"okres Žilina",Konská,Konská,"TARGETreal s. r. o.",Žilina
JuH_zZRV3ue,sale,house,"okres Liptovský Mikuláš",Bobrovec,Bobrovec,"REALITY SPOLU",Bratislava
Juo44m6iiNj,sale,house,"okres Žilina",Žilina,"Staré mesto","RIEŠIME BÝVANIE",Bratislava
JuTTJWsaBgO,sale,house,"okres Čadca","Zborov nad Bystricou","Zborov nad Bystricou","ETHOS reality, s. r. o.","Krásno nad Kysucou"
Ju56OOXxa00,sale,house,"okres Dolný Kubín",Párnica,Párnica,"FINREA - ak vám záleží na výsledku","Dolný Kubín"
JusG-CBmKRn,sale,house,"okres Liptovský Mikuláš",Trstené,Trstené,"WFG reality, s.r.o.",Žilina
Ju-ovwkHGP4,sale,house,"okres Bytča","Veľké Rovné","Veľké Rovné","Realitné kancelárie SR",Bratislava
Ju7tj2F-ptw,sale,house,"okres Martin",Martin,Stráne,"Reality ASTORIA, s.r.o.",Martin
JuWpJ-Sbi1l,sale,house,"okres Čadca",Turzovka,Stred,"1. Reality Rent, s.r.o.",Žilina
Ju9ruJn5dvg,sale,house,"okres Martin",Slovany,Slovany,"Buby reality, s.r.o.",Žilina
Ju2peJN838G,sale,house,"okres Žilina",Svederník,Svederník,"Reality IQ, s.r.o.",Žilina
JuKxAN_EaMu,sale,house,"okres Žilina",Terchová,Terchová,"MGM reality",Žilina
Juc0OLvyRFq,sale,house,"okres Bytča",Bytča,"Hliník nad Váhom","TOCA, s.r.o. Realitná činnosť",Bytča
Ju3paQMk-CF,sale,house,"okres Dolný Kubín","Sedliacka Dubová","Sedliacka Dubová","Realitné kancelárie SR",Bratislava
Ju1ogGmfwSn,sale,house,"okres Žilina",Konská,Konská,NULL,NULL
JuG7o38qa_3q,sale,house,"okres Martin","Turčiansky Peter","Turčiansky Peter","Realitná kancelária DR, s.r.o.",Martin
JumEIr24W_g,sale,house,"okres Turčianske Teplice","Slovenské Pravno","Slovenské Pravno","Ing.Zuzana Paverová","Turčianske Teplice"
Juq9Pjjnp8z,sale,house,"okres Ružomberok","Liptovská Štiavnica","Liptovská Štiavnica","ALT REAL, s.r.o.",Martin
JuXqO07RrTD,sale,house,"okres Turčianske Teplice","Turčianske Teplice","Turčiansky Michal","Reality MT s.r.o.",Martin
JuYcAohEk_m,sale,house,"okres Čadca",Svrčinovec,Svrčinovec,"PhDr. Miloš Kocúr - BKM Consulting",Skalité
JuT5ppNKCia,sale,house,"okres Čadca",Raková,Raková,"TRI LIPY, s. r. o.",Čadca
Ju-75DBwgfk,sale,house,"okres Martin",Sučany,Sučany,"Reality D.P.A.",Martin
JureCrsruRg,sale,house,"okres Liptovský Mikuláš","Liptovský Hrádok",Prekážka,"TUreality s.r.o.",Žilina
JutHib1B1xR,sale,house,"okres Kysucké Nové Mesto","Kysucký Lieskovec","Kysucký Lieskovec","TUreality s.r.o.",Žilina
JuB8NSIuUep,sale,house,"okres Žilina",Žilina,Brodno,"Realitná kancelária",Bratislava
Juw8ClGcgML,sale,house,"okres Ružomberok",Stankovany,Stankovany,"NajBývanie, s.r.o.",Ružomberok
Juue_okjXNw,sale,house,"okres Bytča",Bytča,"Bytča - sever","ADH-REAL s.r.o. Hirjaková Adriana",Ovčiarsko
JugpipVmZe_,sale,house,"okres Kysucké Nové Mesto","Kysucké Nové Mesto","Budatínska Lehota","1. Reality Rent, s.r.o.",Žilina
JujzuFjr_sw,sale,house,"okres Liptovský Mikuláš","Svätý Kríž","Svätý Kríž","RESIDENCE realitná kancelária","Liptovský Mikuláš"
JuXTh3yHj3W,sale,house,"okres Martin","Košťany nad Turcom","Košťany nad Turcom","Reality MT s.r.o.",Martin
JuucJQK8h5P,sale,house,"okres Liptovský Mikuláš","Nižná Boca","Nižná Boca","HALO reality, s.r.o.",Prievidza
JupsrE6Y27i,sale,house,"okres Martin",Martin,Stráne,"Reality Alpia",Martin
Juf1-SHsN6y,sale,house,"okres Ružomberok",Ružomberok,"Staré mesto","OVERENÉ REALITY","Banská Bystrica"
JuEljZtEPoT,sale,house,"okres Čadca",Raková,Raková,"RS Mansory s.r.o.",Bratislava
Juxato9q4rN,sale,house,"okres Žilina",Kľače,Kľače,"Realitná kancelária RED, s.r.o.",Žilina
JuDQ5AS8LzC,sale,house,"okres Liptovský Mikuláš","Liptovský Ondrej","Liptovský Ondrej","Romantické Chalupy, s.r.o.",Bratislava
JusAHp2VimF,sale,house,"okres Liptovský Mikuláš",Východná,Východná,"RESIDENCE realitná kancelária","Liptovský Mikuláš"
JuWdcFlgLA9,sale,house,"okres Žilina",Turie,Turie,"Realitná kancelária RED, s.r.o.",Žilina
JuSSMtgR56t,sale,house,"okres Žilina",Ovčiarsko,Ovčiarsko,"Real Estate Group4U","Považská Bystrica"
JuirYeDybOq,sale,house,"okres Žilina",Podhorie,Podhorie,NULL,NULL
JuQ3jpCSPOt,sale,house,"okres Ružomberok",Ludrová,Ludrová,"NajBývanie, s.r.o.",Ružomberok
JuVHwGe_6K2,sale,house,"okres Žilina",Višňové,Višňové,"RES GROUP, s.r.o.",Žilina
Juyxeic3AFZ,sale,house,"okres Čadca",Turzovka,Hlinené,"HOLESTIAK.sk reality s.r.o.",Čadca
Ju5nlLB7ljN,sale,house,"okres Žilina",Žilina,Bytčica,"Realitná kancelária RED, s.r.o.",Žilina
JuLfF3NK-DH,rent,house,"okres Žilina",Žilina,Trnové,"MGM reality",Žilina
Jup1g8TJ1Ud,sale,house,"okres Martin","Kláštor pod Znievom","Kláštor pod Znievom",NULL,NULL
JuHXcrjjNm5,sale,house,"okres Ružomberok","Valaská Dubová","Valaská Dubová","KARIN & PARTNERS, s.r.o.",Bratislava
JudSeGPXKHG,sale,house,"okres Čadca","Vysoká nad Kysucou","Vysoká nad Kysucou","Ing. Marcela Pišteková",Turzovka
JuU3IYp6uhY,sale,house,"okres Martin",Vrútky,"Dolné Vrútky","Ing.Zuzana Paverová","Turčianske Teplice"
JuobOWSlbyq,sale,house,"okres Žilina","Rajecké Teplice","Rajecké Teplice","Realitná kancelária RED, s.r.o.",Žilina
Jup4EgHcPTP,sale,house,"okres Ružomberok","Liptovské Revúce","Liptovské Revúce",NULL,NULL
Ju8g_PgmzSw,sale,house,"okres Čadca",Svrčinovec,Svrčinovec,"JPE. Reality - Jozef Pajer",Čadca
JuWoB6KY-Fv,sale,house,"okres Žilina","Teplička nad Váhom","Teplička nad Váhom","TARGETreal s. r. o.",Žilina
Jujja8Oem9Ja,sale,house,"okres Námestovo",Zubrohlava,Zubrohlava,"MGM reality",Žilina
JutFPWQnH3V,sale,house,"okres Liptovský Mikuláš",Bobrovec,Bobrovec,"Reality Alpia",Martin
JuTPpgXbJM9,sale,house,"okres Žilina",Višňové,Višňové,"ŽILINAREAL, s.r.o.",Žilina
JuwlU3wQsXG,sale,house,"okres Liptovský Mikuláš",Jamník,Jamník,"Realitné kancelárie SR",Bratislava
Ju_GJzZVy3l,sale,house,"okres Čadca",Čadca,Husárikovci,"1. Reality Rent, s.r.o.",Žilina
Ju2MLh38AzW,sale,house,"okres Liptovský Mikuláš","Liptovský Mikuláš","Vrbica - Nábrežie","OVERENÉ REALITY","Banská Bystrica"
JujrHGAONfL,sale,house,"okres Martin",Martin,Sever,"Buby reality, s.r.o.",Žilina
JuiBk9pN0nv,sale,house,"okres Čadca",Čadca,Milošová,"HOLESTIAK.sk reality s.r.o.",Čadca
JuqlrZXWQYv,sale,house,"okres Čadca",Podvysoká,Podvysoká,"Real Global",Bratislava
JuLD_F55WFh,sale,house,"okres Čadca",Raková,Raková,"JPE. Reality - Jozef Pajer",Čadca
JuQ_edW4pqG,sale,house,"okres Žilina",Rajec,Rajec,"StorkReal s. r. o.","Rajecká Lesná"
JuLIxD4sKGK,sale,house,"okres Žilina",Žilina,Rosinky,"BeMi realitná kancelária",Nitra
JuFh6vU7_2A,sale,house,"okres Žilina","Teplička nad Váhom","Teplička nad Váhom","TARGETreal s. r. o.",Žilina
JuLNoFvHJ5G,rent,house,"okres Liptovský Mikuláš","Liptovský Mikuláš",NULL,"RESIDENCE realitná kancelária","Liptovský Mikuláš"
Juhkwp9VTaS,sale,house,"okres Žilina",Stránske,Stránske,"TUreality s.r.o.",Žilina
JusD2Dor1mJ,sale,house,"okres Liptovský Mikuláš",Východná,Východná,"RK SPIRIT s.r.o.","Liptovský Mikuláš"
JuH3sZu4pdG,rent,house,"okres Martin",Martin,"Kolónia Hviezda","Reality ASTORIA, s.r.o.",Martin
Ju6xP8_FpVZ,sale,house,"okres Čadca",Čadca,Podzávoz,"BeMi realitná kancelária",Nitra
JuBfL7XLVQ9,sale,house,"okres Turčianske Teplice",Rudno,Rudno,"Realitná kancelária DR, s.r.o.",Martin
JuKrQbUiYIO,sale,house,"okres Liptovský Mikuláš",Pribylina,Pribylina,"RIEŠIME BÝVANIE",Bratislava
JudHzue4NhQ,sale,house,"okres Dolný Kubín",Zázrivá,Zázrivá,"TUreality s.r.o.",Žilina
JuHkAYV6JoA,sale,house,"okres Liptovský Mikuláš",Bobrovec,Bobrovec,"GERT , s.r.o.","Liptovský Mikuláš"
JurDwbnUMLP,sale,house,"okres Liptovský Mikuláš",Vlachy,Vlachy,"Reality Alpia",Martin
Ju3lxuv_5ktW,rent,house,"okres Čadca",Čadca,Podzávoz,"BeMi realitná kancelária",Nitra
Jugf4rDrfFo,sale,house,"okres Žilina",Žilina,Závodie,"MGM reality",Žilina
JuZoVvDAQMx,sale,house,"okres Čadca","Dlhá nad Kysucou","Dlhá nad Kysucou","WFG reality, s.r.o.",Žilina
JujkenW1_dD,sale,house,"okres Turčianske Teplice",Sklené,Sklené,"DOBRÉ REALITY s.r.o.",Prievidza
JulOG-brCZ9,sale,house,"okres Liptovský Mikuláš","Liptovský Hrádok",Dovalovo,"HALO reality, s.r.o.",Prievidza
JuIIElHC0cU,sale,house,"okres Žilina",Žilina,"Malá Praha","1. Reality Rent, s.r.o.",Žilina
JuOwPTDIr94,sale,house,"okres Martin",Martin,Priekopa,"RE/MAX Slovakia",Bratislava
Jug496eX3Gs,sale,house,"okres Turčianske Teplice",Mošovce,Mošovce,"Real Reality Development s.r.o.",Martin
JuvykS9-KBJ0,sale,house,"okres Žilina",Mojš,Mojš,"DreamReality s.r.o.",Žilina
JuTIxLYmsaK,sale,house,"okres Ružomberok",Hubová,Hubová,"Reality Alpia",Martin
JuOddvSg_iO,sale,house,"okres Čadca",Zákopčie,Zákopčie,"1. Reality Rent, s.r.o.",Žilina
Ju_f1P774-u,sale,house,"okres Žilina",Terchová,Terchová,"ALT REAL, s.r.o.",Martin
JuLULBR692w,sale,house,"okres Bytča","Veľké Rovné","Veľké Rovné","RS Mansory s.r.o.",Bratislava
Ju0LSKjfViu,sale,house,"okres Dolný Kubín",Párnica,Párnica,"B10 Slovensko, a. s.",Žilina
JuFJihogKZr,sale,house,"okres Martin","Turčianske Kľačany","Turčianske Kľačany","Reality Turiec s.r o.",Martin
Juw-GSUdmIG,sale,house,"okres Žilina",Žilina,Bytčica,"Mgr. Nina Herčková, RSc.",Žilina
JujV2EHmiVM,sale,house,"okres Žilina",Žilina,Bánová,"Wealth Group, s.r.o.","Nová Dedinka"
Ju-hUCgY0a1,sale,house,"okres Kysucké Nové Mesto","Kysucký Lieskovec","Kysucký Lieskovec","ROMDOM, s. r. o",Žilina
JuAF4QcTzrfs,sale,house,"okres Turčianske Teplice","Turčianske Teplice",Diviaky,"Realitné kancelárie SR",Bratislava
Ju_WEW0Dt4l,sale,house,"okres Liptovský Mikuláš","Liptovský Mikuláš",Andice,"RESIDENCE realitná kancelária","Liptovský Mikuláš"
Jucdr_EmdH7,sale,house,"okres Žilina","Teplička nad Váhom","Teplička nad Váhom","DRR INVEST, s. r. o.","Horný Hričov"
Ju5C1H5Abo0,sale,house,"okres Ružomberok",Ružomberok,Hrboltová,"NajBývanie, s.r.o.",Ružomberok
Ju-cAw3rC7V,sale,house,"okres Martin",Vrícko,Vrícko,"Romantické Chalupy, s.r.o.",Bratislava
JuRyz27itEW,sale,house,"okres Liptovský Mikuláš",Vlachy,Vlachy,"Reality Alpia",Martin
JuPc1_kIcTs,sale,house,"okres Martin",Turany,Turany,"RE/MAX Slovakia",Bratislava
JuJvW8l5-15,sale,house,"okres Liptovský Mikuláš","Demänovská Dolina","Demänovská Dolina","BeMi realitná kancelária",Nitra
Ju0Eh3sKXhb,sale,house,"okres Martin",Martin,Priekopa,"Mgr. Silvia Lukáčová - RealPoint",Martin
JuwEY-XQ--d,sale,house,"okres Liptovský Mikuláš",Vavrišovo,Vavrišovo,"Reality Alpia",Martin
JujgHpJn1F3,rent,house,"okres Liptovský Mikuláš",Važec,Važec,"REALITY TATRY",Levoča
JuCDqPuA034,sale,house,"okres Turčianske Teplice",Mošovce,Mošovce,"RE/MAX Slovakia",Bratislava
JuhhjX7seSg,sale,house,"okres Žilina",Žilina,Trnové,"Reality IQ, s.r.o.",Žilina
Ju9MyQ5uKi3,sale,house,"okres Žilina","Rajecké Teplice","Rajecké Teplice","AnoReal, s.r.o.",Stráňavy
JuOzT9FClFp,sale,house,"okres Martin",Záborie,Záborie,"Like Reality s.r.o.","Považská Bystrica"
Ju1tXdldNyS,sale,house,"okres Liptovský Mikuláš","Liptovský Mikuláš","Staré mesto",liptoreal,"Liptovský Mikuláš"
JuQ2hrgTY7r,sale,house,"okres Liptovský Mikuláš",Pribylina,Pribylina,"Realitná kancelária RED, s.r.o.",Žilina
JuqU9D7znCx,sale,house,"okres Turčianske Teplice","Turčianske Teplice",Stred,"RIEŠIME BÝVANIE",Bratislava
JuL3EMccaWT,sale,house,"okres Ružomberok","Liptovské Sliače","Liptovské Sliače","Apollo House",Bratislava
Juo6QlN-W6H,sale,house,"okres Žilina",Divinka,Divinka,"1. Reality Rent, s.r.o.",Žilina
JuXXQno7cBY,sale,house,"okres Liptovský Mikuláš",Podtureň,Podtureň,"TUreality s.r.o.",Žilina
Ju3zQ1Nh4jQ,sale,house,"okres Ružomberok","Liptovské Sliače","Liptovské Sliače","Apollo House",Bratislava
Junzj9FwgBR,sale,house,"okres Liptovský Mikuláš",Važec,Važec,jabyvam.sk,"Liptovský Mikuláš"
JukPbMQp4vL,sale,house,"okres Ružomberok","Liptovské Sliače","Liptovské Sliače","VAŠA REALITKA s.r.o.",Ružomberok
JukD8xcsDDl,sale,house,"okres Žilina",Rajec,Rajec,"REAL21 Invest-consult, s.r.o.","Považská Bystrica"
JurZyKShYtB,sale,house,"okres Kysucké Nové Mesto","Horný Vadičov","Horný Vadičov","TUreality s.r.o.",Žilina
JuIgoGx2_v8,sale,house,"okres Čadca",Čadca,Rieka,"SLNOVRAT, s.r.o.",Olešná
JuwqZ5PtbUb,sale,house,"okres Martin",Martin,Jahodníky,"RE/MAX Slovakia",Bratislava
JuxW1O4IZfX,sale,house,"okres Dolný Kubín",Kraľovany,Kraľovany,"AstonReal s.r.o.","Banská Bystrica"
JuZCH4Z4GtW,rent,house,"okres Martin",Vrútky,"Dolné Vrútky","Reality ASTORIA, s.r.o.",Martin
JuZfxEunNEv,sale,house,"okres Čadca","Vysoká nad Kysucou","Vysoká nad Kysucou","Realitná kancelária",Bratislava
JudwE3rIvVz,sale,house,"okres Čadca",Oščadnica,Oščadnica,"SLNOVRAT, s.r.o.",Olešná
Ju7kXMAX0QT,sale,house,"okres Martin",Valča,Valča,NULL,NULL
JupYywFi6D_,sale,house,"okres Žilina",Bitarová,Bitarová,"Real Estate Group4U","Považská Bystrica"
JuIGrD00dbC,sale,house,"okres Žilina",Žilina,Bytčica,"TUreality s.r.o.",Žilina
JuV6E0eOThi,sale,house,"okres Liptovský Mikuláš","Liptovský Hrádok",Dovalovo,"RECLOUD Reality a.s.",Bratislava
Jul4Dd3O9uR,sale,house,"okres Martin","Kláštor pod Znievom","Kláštor pod Znievom","LIF REAL",Martin
JuFvFbiV3nGH,sale,house,"okres Kysucké Nové Mesto","Kysucký Lieskovec","Kysucký Lieskovec","PRIVAT Reality spol.s.r.o",Bratislava
JulkobtfeMA,sale,house,"okres Liptovský Mikuláš",Dúbrava,Dúbrava,"RK SPIRIT s.r.o.","Liptovský Mikuláš"
JuILcPMYY3I,sale,house,"okres Čadca",Svrčinovec,Svrčinovec,"Reality IQ, s.r.o.",Žilina
Ju9prTXn5Xw,sale,house,"okres Bytča",Kolárovice,Kolárovice,"B10 Slovensko, a. s.",Žilina
JuOXuzHr_5v,sale,house,"okres Kysucké Nové Mesto","Kysucké Nové Mesto",NULL,"1. Reality Rent, s.r.o.",Žilina
JugA13oDi48,sale,house,"okres Žilina","Dolný Hričov","Dolný Hričov","Tribeca Group s. r. o",Žilina
JuboTIFLqNK,sale,house,"okres Martin",Slovany,Slovany,"Buby reality, s.r.o.",Žilina
JuDKS0g6D3f,sale,house,"okres Žilina",Bitarová,Bitarová,"MGM reality",Žilina
JuJU1QTMNeE,sale,house,"okres Turčianske Teplice",Jazernica,Jazernica,"Reality AK, spol. s r.o.",Martin
Ju4eYX0tWAV,sale,house,"okres Kysucké Nové Mesto",Snežnica,Snežnica,"PhDr. Miloš Kocúr - BKM Consulting",Skalité
Jud5gsaD9sR,sale,house,"okres Žilina",Krasňany,Krasňany,"HALO reality, s.r.o.",Prievidza
JuYDxLuRjG3,sale,house,"okres Martin",Trebostovo,Trebostovo,"VAŠE REALITY s.r.o.",Trenčín
Juaq4WwW9vx,sale,house,"okres Martin",Slovany,Slovany,"Reality ASTORIA, s.r.o.",Martin
JuOJxRj9DKw,sale,house,"okres Čadca",Čierne,Čierne,"TARGETreal s. r. o.",Žilina
JuMfU94cmO0,sale,house,"okres Martin",Príbovce,Príbovce,"RECLOUD Reality a.s.",Bratislava
JuwiSGum6al,sale,house,"okres Žilina",Stránske,Stránske,"RS Mansory s.r.o.",Bratislava
JuDnu0rzPNR,sale,house,"okres Liptovský Mikuláš","Liptovský Ján","Liptovský Ján","RESIDENCE realitná kancelária","Liptovský Mikuláš"
JuJ4xyA2Mvr,sale,land,"okres Martin",Podhradie,Podhradie,"RE/MAX Slovakia",Bratislava
JudYTXBsh4Y,sale,house,"okres Žilina",Divina,Divina,"RES GROUP, s.r.o.",Žilina
JupYVGV2PGl,sale,house,"okres Martin",Martin,Jahodníky,"Reality Alpia",Martin
JuDwofoMvZp,sale,house,"okres Martin",Dražkovce,Dražkovce,"TUreality s.r.o.",Žilina
JuqvJh14Wgu,sale,house,"okres Ružomberok",Ružomberok,"Biely Potok","Reality Alpia",Martin
JuF72cqi1ME,sale,house,"okres Žilina",Lietava,Lietava,"RIEŠIME BÝVANIE",Bratislava
JuT__REr8vI,sale,house,"okres Žilina",Žilina,"Staré mesto","Reality Alpia",Martin
JuORrTudHFM,sale,house,"okres Ružomberok","Liptovská Lúžna","Liptovská Lúžna","REALITY SPOLU",Bratislava
Ju4BYb2OXbI,sale,house,"okres Martin",Necpaly,Necpaly,"Reality Alpia",Martin
JuWoCIVD5v7,sale,house,"okres Martin",Vrútky,Mexiko,"LICITOR group, a.s.",Žilina
JuP68rfpcZn,sale,house,"okres Martin",Martin,Záturčie,"Buby reality, s.r.o.",Žilina
JuiBTU_jIjf,sale,house,"okres Žilina",Višňové,Višňové,"RES GROUP, s.r.o.",Žilina
JuEM42o9KEz,sale,house,"okres Žilina",Žilina,"Mojšová Lúčka","Mamud Reality s. r. o.",Žilina
JuBBhpjm8uU,sale,house,"okres Žilina",Varín,Varín,"MGM reality",Žilina
JuB-eq5YpsZ,sale,house,"okres Martin",Martin,Stred,"RIEŠIME BÝVANIE",Bratislava
JugwkPLjiSd,sale,house,"okres Čadca",Turzovka,Stred,"KUBALA REALITY, s.r.o.",Čadca
JuWZZxteQ48,sale,house,"okres Čadca",Čadca,NULL,"Vianema s.r.o.",Bratislava
JuvSq281jGh,sale,house,"okres Ružomberok","Liptovské Revúce","Liptovské Revúce","Reality Alpia",Martin
JuNOgX2BOnQ,sale,house,"okres Liptovský Mikuláš",Pribylina,Pribylina,"Mgr. Renáta Kolenčíková",Nitra
Jui_ZoBED_0,sale,house,"okres Žilina",Višňové,Višňové,"WFG reality, s.r.o.",Žilina
JuJYdMwBoGD,sale,house,"okres Liptovský Mikuláš","Liptovský Hrádok",Dovalovo,"GERT , s.r.o.","Liptovský Mikuláš"
Ju8_creUM11,sale,house,"okres Čadca",Oščadnica,Oščadnica,"Realitná kancelária",Bratislava
JuRsdZ8Jr2V,sale,house,"okres Ružomberok",Ružomberok,"Biely Potok","NajBývanie, s.r.o.",Ružomberok
JuCaZmfJRdP,sale,house,"okres Ružomberok",Ludrová,Ludrová,"NajBývanie, s.r.o.",Ružomberok
Ju4MXYA6Wg9,sale,house,"okres Žilina",Bitarová,Bitarová,"Real Estate Group4U","Považská Bystrica"
JuE3pQZRo1O,sale,house,"okres Kysucké Nové Mesto","Kysucký Lieskovec","Kysucký Lieskovec","MGM reality",Žilina
JuAxDS1KQP8,sale,house,"okres Žilina","Lietavská Lúčka","Lietavská Lúčka","Babony TRE s.r.o.",Bratislava
JuKYmK8mVw6,sale,house,"okres Žilina",Stránske,Stránske,"RIEŠIME BÝVANIE",Bratislava
Juvh3BjYac_,sale,house,"okres Žilina",Krasňany,Krasňany,"Realitné kancelárie SR",Bratislava
Ju5k47Z1Q5X,sale,house,"okres Žilina",Žilina,Bánová,NULL,NULL
JunvCN2R0KwV,sale,house,"okres Bytča",Hvozdnica,Hvozdnica,"TUreality s.r.o.",Žilina
Jurd_8tAg0w,sale,house,"okres Čadca",Čadca,NULL,"RS Mansory s.r.o.",Bratislava
Jugb1InFMah,sale,house,"okres Liptovský Mikuláš","Liptovský Mikuláš",Okoličné,jabyvam.sk,"Liptovský Mikuláš"
JuaFi1HiKe0,sale,house,"okres Žilina","Rajecké Teplice","Rajecké Teplice","Bosen Group s.r.o.",Bratislava
JuMFo7ruEBZ,sale,house,"okres Martin",Valča,Valča,"B10 Slovensko, a. s.",Žilina
JuX-ONSG7MW,sale,house,"okres Ružomberok",Ružomberok,NULL,"TUreality s.r.o.",Žilina
Ju0kW7lOKRF,sale,house,"okres Žilina",Lietava,Lietava,NULL,NULL
JuOaESnNFiy,sale,house,"okres Žilina",Kunerad,Kunerad,"R2 SK, s.r.o.",Žilina
JuYD8Gn0PV5,sale,house,"okres Ružomberok",Ružomberok,Polík,"OVERENÉ REALITY","Banská Bystrica"
JuhLO-Heh52,sale,house,"okres Čadca",NULL,NULL,"MGM reality",Žilina
JuF7UnEWPwr,sale,house,"okres Čadca",Klokočov,Klokočov,"BeMi realitná kancelária",Nitra
JuWoA-3_Vhw,sale,house,"okres Žilina",Mojš,Mojš,"TUreality s.r.o.",Žilina
JuagtPiMN9S,sale,house,"okres Bytča",Súľov-Hradná,Súľov-Hradná,"B10 Slovensko, a. s.",Žilina
JuG6_2wmBUe_,sale,house,"okres Žilina",Konská,Konská,"Realitné kancelárie SR",Bratislava
JuTJoEU1yhL,sale,house,"okres Žilina",Kľače,Kľače,"OVERENÉ REALITY","Banská Bystrica"
Jux1LioPBDR,sale,house,"okres Martin",Valča,Valča,"B10 Slovensko, a. s.",Žilina
Ju1Zyt94p9m,sale,house,"okres Tvrdošín",Podbiel,Podbiel,"RIEŠIME BÝVANIE",Bratislava
JuSFm2ck_qD,sale,house,"okres Ružomberok",Ružomberok,Rybárpole,"NajBývanie, s.r.o.",Ružomberok
JuRFzODyKkv,sale,house,"okres Čadca",Čadca,NULL,"SLNOVRAT, s.r.o.",Olešná
Ju0haqvRmrK,sale,house,"okres Martin",Slovany,Slovany,NULL,NULL
JuR9KTBJMCB,sale,house,"okres Turčianske Teplice",Turček,Turček,"Reality Alpia",Martin
Ju2Dvk7KVfE,sale,house,"okres Martin",Sučany,Sučany,"Realitná kancelária",Bratislava
JuvNL72ZHI4,sale,house,"okres Ružomberok",Likavka,Likavka,"Bosen Group s.r.o.",Bratislava
JuUyJggM4z1,sale,house,"okres Martin","Kláštor pod Znievom","Kláštor pod Znievom","Realitná kancelária",Bratislava
JuR4pf3ePqS,sale,house,"okres Čadca",Makov,Makov,"1. Reality Rent, s.r.o.",Žilina
Jufy8CKURgq,sale,house,"okres Žilina",Terchová,Terchová,"TARGETreal s. r. o.",Žilina
Jul6ieKbYlp,sale,house,"okres Žilina",Višňové,Višňové,"MGM reality",Žilina
JuRRdB5MPo6,sale,house,"okres Liptovský Mikuláš",Bukovina,Bukovina,"REALITY SPOLU",Bratislava
Juo6oycVN3c,sale,house,"okres Martin",Sučany,Sučany,"R2 SK, s.r.o.",Žilina
Ju2VjIyIlVx,sale,house,"okres Čadca",Klokočov,Klokočov,"SLNOVRAT, s.r.o.",Olešná
Ju95SyJKFz2,sale,house,"okres Martin",Sučany,Sučany,"R2 SK, s.r.o.",Žilina
JuxzSRLNzXu,sale,house,"okres Ružomberok","Liptovská Lúžna","Liptovská Lúžna","REALITY SPOLU",Bratislava
JuLzQl1X89Z,sale,house,"okres Martin",Martin,Priekopa,"ALT REAL, s.r.o.",Martin
JuKWyVNMM2k,sale,house,"okres Martin",Martin,Stráne,"Like Reality s.r.o.","Považská Bystrica"
Ju-Ov-V98je,sale,house,"okres Žilina",Svederník,Svederník,NULL,NULL
JuGmc6FHo9t,sale,house,"okres Bytča",Bytča,"Hliník nad Váhom","Stanislav Motyčík - MK",Žilina
JuuHc7n3_6p,sale,house,"okres Ružomberok",Ružomberok,"Nová Hrboltová","Reality Alpia",Martin
JuAHK-zDu1n,sale,house,"okres Martin",Martin,Stráne,"Like Reality s.r.o.","Považská Bystrica"
JuNzCNAc9Wz,sale,house,"okres Dolný Kubín",Zázrivá,Zázrivá,"FINREA - ak vám záleží na výsledku","Dolný Kubín"
JupJ40WhVz4,sale,house,"okres Bytča",Bytča,"Veľká Bytča","TOCA, s.r.o. Realitná činnosť",Bytča
JuCH2kzzbIV,sale,house,"okres Čadca",Klokočov,Klokočov,"REAL21 Invest-consult, s.r.o.","Považská Bystrica"
JudaRDHzHMh,sale,house,"okres Turčianske Teplice",Blažovce,Blažovce,"FINREA - ak vám záleží na výsledku","Dolný Kubín"
JuGJrcpb-9J,sale,house,"okres Čadca","Krásno nad Kysucou",Stred,"Wealth Group, s.r.o.","Nová Dedinka"
JuJ545cqJWH,sale,house,"okres Kysucké Nové Mesto",Povina,Povina,NULL,NULL
JuH4UL-NFsu,sale,house,"okres Martin",Podhradie,Podhradie,"Reality ASTORIA, s.r.o.",Martin
JuPRgX9VgXE,sale,house,"okres Liptovský Mikuláš","Partizánska Ľupča","Partizánska Ľupča","Realitné kancelárie SR",Bratislava
Juk7YsiM63G,sale,house,"okres Ružomberok",Ružomberok,Baničné,"A-Byt Consult, s.r.o.",Ružomberok
Ju9WjpqJLA4,sale,house,"okres Liptovský Mikuláš","Liptovský Trnovec","Liptovský Trnovec",jabyvam.sk,"Liptovský Mikuláš"
Ju7QPzGiQmY,sale,house,"okres Žilina",Žilina,Strážov,"Realitná kancelária RED, s.r.o.",Žilina
Jubs_Rgnyxf,sale,house,"okres Žilina",Kunerad,Kunerad,"AnReal s. r. o.",Mojš
JukbTdt_vUz,sale,house,"okres Ružomberok",Lúčky,Lúčky,"NajBývanie, s.r.o.",Ružomberok
Jul8ny-uWFg,sale,house,"okres Turčianske Teplice","Horná Štubňa","Horná Štubňa","TUreality s.r.o.",Žilina
JuPpsgs77n2,sale,house,"okres Liptovský Mikuláš","Liptovské Kľačany","Liptovské Kľačany","Bosen Group s.r.o.",Bratislava
JuhnPs38z4P,sale,house,"okres Žilina","Rajecké Teplice","Rajecké Teplice",NULL,NULL
JuoVr-cpqoy,rent,house,"okres Ružomberok",Lúčky,Lúčky,"Reality Alpia",Martin
Jub4mmrjTfE,sale,house,"okres Dolný Kubín",Jasenová,Jasenová,"FINREA - ak vám záleží na výsledku","Dolný Kubín"
JuzY7TnxlPO,sale,house,"okres Martin",Bystrička,Bystrička,"TUreality s.r.o.",Žilina
JuHri8JYCPm,sale,house,"okres Liptovský Mikuláš","Liptovský Trnovec","Liptovský Trnovec","TUreality s.r.o.",Žilina
Ju87PUjUkTd,rent,house,"okres Žilina","Nezbudská Lúčka","Nezbudská Lúčka","Mamud Reality s. r. o.",Žilina
JupIfiIMuTQ,sale,house,"okres Liptovský Mikuláš",Važec,Važec,"Reality Alpia",Martin
Juesp2zf3lY,rent,house,"okres Čadca",Čadca,Podzávoz,"SLNOVRAT, s.r.o.",Olešná
Ju43uV08_mz,sale,house,"okres Žilina",Bitarová,Bitarová,"Gro & Partners",Žilina
JumvXW6cFIn,sale,house,"okres Žilina","Veľká Čierna","Veľká Čierna",NULL,NULL
Juulf_xdqDW,sale,house,"okres Žilina",Stránske,Stránske,"RIEŠIME BÝVANIE",Bratislava
JupwP8lNDDm,sale,house,"okres Žilina",Višňové,Višňové,"ATP stavby s.r.o.","Teplička nad Váhom"
JuVzLEYHq9B,sale,house,"okres Turčianske Teplice","Horná Štubňa","Horná Štubňa","Nové bývanie",Nitra
JuSe-G6QpFq,sale,house,"okres Žilina",Žilina,Závodie,"AnoReal, s.r.o.",Stráňavy
JuIWDdc4brD,sale,house,"okres Liptovský Mikuláš","Liptovský Trnovec","Liptovský Trnovec","Direct Real, spol. s r.o.",Bratislava
Jui5kD-W6hC,sale,house,"okres Čadca","Krásno nad Kysucou",Stred,"HOLESTIAK.sk reality s.r.o.",Čadca
JuP8WIuTbXh,sale,house,"okres Námestovo","Oravská Lesná","Oravská Lesná","OREA, s.r.o.","Dolný Kubín"
Junzbld49fm,sale,house,"okres Žilina",Rosina,Rosina,"WFG reality, s.r.o.",Žilina
Ju0Cnj5HUET,sale,house,"okres Čadca","Vysoká nad Kysucou","Vysoká nad Kysucou","Realitná kancelária",Bratislava
Jurqon-UYJo,sale,house,"okres Liptovský Mikuláš","Liptovská Porúbka","Liptovská Porúbka","HD reality group s.r.o","Banská Bystrica"
JuJo8q5h32F,sale,house,"okres Bytča",Bytča,"Hliník nad Váhom","TOCA, s.r.o. Realitná činnosť",Bytča
JuZJcyLSBEx,sale,house,"okres Čadca",Čadca,NULL,"Piata Avenue",Žilina
JuyniXzYO6f,sale,house,"okres Čadca",Makov,Makov,NULL,NULL
JuHn9lViGyf,sale,house,"okres Turčianske Teplice",Mošovce,Mošovce,"LIF REAL",Martin
JuJuIHXfekH,sale,house,"okres Liptovský Mikuláš",Podtureň,Podtureň,"Romantické Chalupy, s.r.o.",Bratislava
JulGQ6sAAqR,sale,house,"okres Ružomberok",Ludrová,Ludrová,"NajBývanie, s.r.o.",Ružomberok
JuaNEutdar9,sale,house,"okres Žilina",Žilina,"Staré mesto","TUreality s.r.o.",Žilina
Jum9sBowvy-,sale,house,"okres Martin",Daňová,Ďanová,"Reality Center, s.r.o.",Martin
Ju3IEZxl8sI,sale,house,"okres Žilina",Hôrky,Hôrky,"CPM Real Estate",Bratislava
Juz7ZSlTDXe,sale,house,"okres Bytča","Veľké Rovné","Veľké Rovné","Realitné kancelárie SR",Bratislava
Ju6zOlWlIEn,sale,house,"okres Námestovo",Námestovo,NULL,"TUreality s.r.o.",Žilina
JumYwG9N16J,rent,house,"okres Žilina","Dolný Hričov","Dolný Hričov","Realitná kancelária RED, s.r.o.",Žilina
JumqO7twJWm,sale,house,"okres Turčianske Teplice","Slovenské Pravno","Slovenské Pravno","Reality Alpia",Martin
JuUDQggiASV,sale,house,"okres Turčianske Teplice",Turček,Turček,"XEMAR realitná spoločnosť s.r.o.","Banská Bystrica"
JuWd2pCrRH_,sale,house,"okres Čadca",Makov,Makov,"Vianema s.r.o.",Bratislava
JuRSkMGH43Z,sale,house,"okres Martin",Sučany,Sučany,"AstonReal s.r.o.","Banská Bystrica"
JuPV9PU2Pc2,sale,house,"okres Čadca",Zákopčie,Zákopčie,NULL,NULL
JuvpwpffhEi,sale,house,"okres Turčianske Teplice",Turček,Turček,"Reality AK, spol. s r.o.",Martin
JuPH-vU7UCa,sale,house,"okres Liptovský Mikuláš","Liptovský Hrádok",Celiny,"RK SPIRIT s.r.o.","Liptovský Mikuláš"
Ju4t5QuZmxI,sale,house,"okres Žilina",Bitarová,Bitarová,"MGM reality",Žilina
JuWqe9aFJtO,sale,house,"okres Čadca",Makov,Makov,"SLNOVRAT, s.r.o.",Olešná
Ju1u_LxXjv_,sale,house,"okres Námestovo",Hruštín,Hruštín,"RK Dalmia s. r. o.","Dolný Kubín"
JuZH2c0UQaC,sale,house,"okres Dolný Kubín",Istebné,Istebné,"AstonReal s.r.o.","Banská Bystrica"
JuyMQUBcXpS,sale,house,"okres Žilina",Terchová,Terchová,"Piata Avenue",Žilina
JugYdPbrkJ-,sale,house,"okres Liptovský Mikuláš",Dúbrava,Dúbrava,"Direct Real, spol. s r.o.",Bratislava
JuifoQkrLih,sale,house,"okres Kysucké Nové Mesto","Horný Vadičov","Horný Vadičov","TARGETreal s. r. o.",Žilina
JueXjluFXOP,rent,house,"okres Žilina",Višňové,Višňové,"BeMi realitná kancelária",Nitra
JuZODJoLhj5,sale,house,"okres Čadca",Raková,Raková,"Wealth Group, s.r.o.","Nová Dedinka"
JuT_Z-uedyr,sale,house,"okres Martin","Turčiansky Peter","Turčiansky Peter","Reality ASTORIA, s.r.o.",Martin
JuVUBQ_BboU,sale,house,"okres Žilina",Varín,Varín,"Mamud Reality s. r. o.",Žilina
Juc6GgFARDk,sale,house,"okres Turčianske Teplice",Mošovce,Mošovce,"Reality AK, spol. s r.o.",Martin
Ju99kiZ5_Lw,sale,house,"okres Martin",Vrútky,NULL,"Realitná kancelária",Bratislava
Ju3g9Tmxsx0,sale,house,"okres Tvrdošín",Tvrdošín,NULL,"TUreality s.r.o.",Žilina
Ju9bxb0AsZ-,rent,house,"okres Žilina",Žilina,Bôrik,NULL,NULL
Ju5WlUoNnF_,sale,house,"okres Ružomberok","Liptovská Lúžna","Liptovská Lúžna","OVERENÉ REALITY","Banská Bystrica"
JuD5uzQaJoc,sale,house,"okres Čadca",Staškov,Staškov,"SLNOVRAT, s.r.o.",Olešná
Ju7YL1bOSxr,sale,house,"okres Martin",Martin,Tomčany,"TARGETreal s. r. o.",Žilina
JuHIlnFxXM_,rent,house,"okres Žilina",Žilina,Bôrik,"MGM reality",Žilina
Juq4naEVRo8,sale,house,"okres Tvrdošín",Podbiel,Podbiel,"Romantické Chalupy, s.r.o.",Bratislava
Juucm8blLMb,sale,house,"okres Turčianske Teplice","Slovenské Pravno","Slovenské Pravno","FINREA - ak vám záleží na výsledku","Dolný Kubín"
JuLldceaNDG,sale,house,"okres Žilina","Lietavská Lúčka","Lietavská Lúčka","AstonReal s.r.o.","Banská Bystrica"
JuUtmIZFvND,sale,house,"okres Žilina",Zbyňov,Zbyňov,"StorkReal s. r. o.","Rajecká Lesná"
Jux8MtDRHBs,sale,house,"okres Ružomberok",Ludrová,Ludrová,"Reality Alpia",Martin
JutC-Cu36o8,sale,house,"okres Ružomberok",Lúčky,Lúčky,donidDevelop,"Dolný Kubín"
JuXWfmmUD8x,sale,house,"okres Ružomberok","Liptovská Lúžna","Liptovská Lúžna","HALO reality, s.r.o.",Prievidza
Juv8BFemkVy,sale,house,"okres Ružomberok",Bešeňová,Bešeňová,"REALITY SPOLU",Bratislava
Jus17nMd2mT,sale,house,"okres Žilina",Divinka,Divinka,"Realitné kancelárie SR",Bratislava
JuDfYgIpdG6,sale,house,"okres Turčianske Teplice",Turček,Turček,"REALITY FAIR","Banská Bystrica"
Jut1FKOGHsr,sale,house,"okres Ružomberok","Liptovské Revúce","Liptovské Revúce","bezmaklérov, s.r.o.",Žilina
JuzL3Tg4FHZ,sale,house,"okres Žilina",Ovčiarsko,Ovčiarsko,"TARGETreal s. r. o.",Žilina
JuNjxGvR8-8K,sale,house,"okres Martin",Necpaly,Necpaly,"Reality Center, s.r.o.",Martin
Ju03oBXaeQc,sale,house,"okres Žilina","Rajecké Teplice","Rajecké Teplice","Bosen Group s.r.o.",Bratislava
JufhG56lKjf,sale,house,"okres Žilina",Nededza,Nededza,"DreamReality s.r.o.",Žilina
JuKqDyif0fX,sale,house,"okres Liptovský Mikuláš",Ižipovce,Ižipovce,"PT-com s. r. o.","Banská Bystrica"
JuzDr69odLH,sale,house,"okres Liptovský Mikuláš","Liptovský Peter","Liptovský Peter","Realitné kancelárie SR",Bratislava
JuiqUvi14Ah,sale,house,"okres Dolný Kubín","Dolný Kubín",Brezovec,"RK Dalmia s. r. o.","Dolný Kubín"
Jut7QcdjJY5,sale,house,"okres Ružomberok","Liptovský Michal","Liptovský Michal","FISCHER & PARTNERS, s.r.o.",Ružomberok
JuwZ6NJ-dUG,sale,house,"okres Kysucké Nové Mesto","Kysucké Nové Mesto",Suľkov,"Realitná kancelária",Bratislava
JuhPLsUvGvt,sale,house,"okres Bytča",Kolárovice,Kolárovice,"Reality IQ, s.r.o.",Žilina
JutBfnbUyCO,sale,house,"okres Čadca",Turzovka,Stred,"SLNOVRAT, s.r.o.",Olešná
Jui278_mFqV,sale,house,"okres Turčianske Teplice","Turčianske Teplice",Diviaky,"Reality MT s.r.o.",Martin
Ju7H01GL5VL,sale,house,"okres Liptovský Mikuláš","Liptovský Ján","Liptovský Ján","TUreality s.r.o.",Žilina
JuGDOocgqAc,sale,house,"okres Liptovský Mikuláš","Liptovský Hrádok",Prekážka,"TUreality s.r.o.",Žilina
Ju93SZsV6kw,sale,house,"okres Liptovský Mikuláš",Vlachy,Vlachy,"Reality Alpia",Martin
Jus8h9w72dE,sale,house,"okres Turčianske Teplice",Mošovce,Mošovce,"YNI reality",Žilina
JumiXs0CTuk,sale,house,"okres Žilina",Žilina,Bôrik,"RIEŠIME BÝVANIE",Bratislava
JudhYxOMjs-,sale,house,"okres Martin","Turčianske Jaseno","Turčianske Jaseno","B10 Slovensko, a. s.",Žilina
JuBupKbsyvd,sale,house,"okres Turčianske Teplice","Turčianske Teplice",Diviaky,"AstonReal s.r.o.","Banská Bystrica"
JuRpz_IH6YR,sale,house,"okres Martin",Príbovce,Príbovce,"Realitná kancelária",Bratislava
JuGOUcoOOnY,sale,house,"okres Martin",Ratkovo,Ratkovo,"Realitné kancelárie SR",Bratislava
JuwFC0un5b_,sale,house,"okres Žilina",Svederník,Svederník,"Realitné kancelárie SR",Bratislava
JuZdGf3bWpL,sale,house,"okres Martin",Martin,Stráne,"B10 Slovensko, a. s.",Žilina
JuD3uZlGgpH,sale,house,"okres Martin",Blatnica,Blatnica,"Reality Center, s.r.o.",Martin
JuudsKv8ZzL,sale,house,"okres Ružomberok","Liptovské Revúce","Liptovské Revúce","Reality Alpia",Martin
Ju6-QSVU-qk,sale,house,"okres Martin",Martin,Stred,"ALT REAL, s.r.o.",Martin
JuHNF3pBoBi,sale,house,"okres Bytča",Bytča,"Hliník nad Váhom","TOCA, s.r.o. Realitná činnosť",Bytča
Jugcs0uLwc2,sale,house,"okres Ružomberok",Ivachnová,Ivachnová,"RE/MAX Slovakia",Bratislava
JuO9hxI47lb,sale,house,"okres Liptovský Mikuláš",Vlachy,Vlachy,Limaxreal,"Liptovský Mikuláš"
Juyo-JecQoZ,sale,house,"okres Martin",Trebostovo,Trebostovo,"Reality Simply",Martin
JuvA5APODGz,sale,house,"okres Ružomberok",Ružomberok,Hrboltová,"FINREA - ak vám záleží na výsledku","Dolný Kubín"
JuNaVEIvSqO,sale,house,"okres Žilina",Žilina,Bytčica,NULL,NULL
JuC0hqQ5K-3,sale,house,"okres Martin",Belá-Dulice,Belá-Dulice,"Reality Turiec s.r o.",Martin
JuNWUZoKon_,sale,house,"okres Žilina",Žilina,Trnové,"Realitné kancelárie SR",Bratislava
JuNIAiX-3DT,sale,house,"okres Žilina",Zbyňov,Zbyňov,"Realitná kancelária",Bratislava
JuKdkYrCkFc,sale,house,"okres Žilina",Žilina,"Staré mesto","Realitná kancelária RED, s.r.o.",Žilina
Ju1n1rQGodR,sale,house,"okres Turčianske Teplice","Turčianske Teplice","Turčiansky Michal","Reality Simply",Martin
Juv2G90qWzS,sale,house,"okres Čadca",Čadca,Rieka,"Reality Kopanice",Krajné
Ju5rRr5_rO4,sale,house,"okres Žilina",Bitarová,Bitarová,"Realitná kancelária RED, s.r.o.",Žilina
Ju9Ur37Ixsd,sale,house,"okres Žilina","Teplička nad Váhom","Teplička nad Váhom","RIEŠIME BÝVANIE",Bratislava
JuQOZ5dK_ne,sale,house,"okres Martin",Belá-Dulice,Belá-Dulice,"Reality BL, s.r.o.","Kysucké Nové Mesto"
Judy6S4RLDv,sale,house,"okres Turčianske Teplice",Sklené,Sklené,"LIF REAL",Martin
Ju8hKWbYUWy,sale,house,"okres Kysucké Nové Mesto","Horný Vadičov","Horný Vadičov","R2 SK, s.r.o.",Žilina
JuCptOdcKVJ,sale,house,"okres Martin",Turany,Turany,NULL,NULL
Ju7tnCJHH6a,sale,house,"okres Žilina","Lietavská Svinná-Babkov","Lietavská Svinná-Babkov","TUreality s.r.o.",Žilina
JuqGAjkW2wB,sale,house,"okres Liptovský Mikuláš","Liptovský Hrádok",Celiny,"RK SPIRIT s.r.o.","Liptovský Mikuláš"
Ju67L89jvFA,sale,house,"okres Martin",Martin,Jahodníky,NULL,NULL
JuX-Od8Y1qK,sale,house,"okres Žilina",Žilina,"Malá Praha","ŽILINAREAL, s.r.o.",Žilina
JuFs-_Bf_af,sale,house,"okres Bytča","Hlboké nad Váhom","Hlboké nad Váhom","TOCA, s.r.o. Realitná činnosť",Bytča
Ju4PmqrQDXe,sale,house,"okres Liptovský Mikuláš","Liptovský Mikuláš",Bodice,"Reality Alpia",Martin
JumZ3KaibB-,sale,house,"okres Dolný Kubín","Dlhá nad Oravou","Dlhá nad Oravou","OREA, s.r.o.","Dolný Kubín"
JuNJQwnH7BK,sale,house,"okres Ružomberok",Ružomberok,Roveň,"NajBývanie, s.r.o.",Ružomberok
JuOxQMLskud,sale,house,"okres Žilina",Mojš,Mojš,"ETHOS reality, s. r. o.","Krásno nad Kysucou"
Juo53M0tI-p,sale,house,"okres Martin",Žabokreky,Žabokreky,"B10 Slovensko, a. s.",Žilina
JuptDHkjOFq,sale,house,"okres Martin",Sučany,Sučany,"AstonReal s.r.o.","Banská Bystrica"
Ju3J0qgjHl5,sale,house,"okres Námestovo","Oravská Lesná","Oravská Lesná","TUreality s.r.o.",Žilina
Ju2Gi9KH9b9,sale,house,"okres Žilina",Varín,Varín,"Reality Alpia",Martin
Juyu3gyyoUE,sale,house,"okres Žilina",Konská,Konská,"Realitná kancelária RED, s.r.o.",Žilina
Juci-VafLS1,sale,house,"okres Martin",Martin,Stred,"B10 Slovensko, a. s.",Žilina
JulGanHAPf5,sale,house,"okres Martin",Martin,Stráne,"Reality Alpia",Martin
JuzJzITWl1v,sale,house,"okres Bytča",Kotešová,Kotešová,"TOCA, s.r.o. Realitná činnosť",Bytča
JuA5lCAmCxy,rent,house,"okres Žilina","Teplička nad Váhom","Teplička nad Váhom","Piata Avenue",Žilina
JulcRSD3gjg,sale,house,"okres Bytča",Predmier,Predmier,"TOCA, s.r.o. Realitná činnosť",Bytča
JubBq7UdImI,sale,house,"okres Čadca",Čadca,Husárikovci,"BeMi realitná kancelária",Nitra
JuwqK7Dudy6,sale,house,"okres Liptovský Mikuláš","Liptovské Kľačany","Liptovské Kľačany",NULL,NULL
JuVDUmXCC0b,sale,house,"okres Liptovský Mikuláš","Liptovský Trnovec","Liptovský Trnovec","Ing. Jaroslav Minár JAVAS",Nitra
JuEGZyoSAd7,sale,house,"okres Liptovský Mikuláš","Liptovský Mikuláš",NULL,"KRUPPKY, s.r.o.","Liptovský Mikuláš"
JuRPbrRONba,sale,house,"okres Liptovský Mikuláš","Veterná Poruba","Veterná Poruba",jabyvam.sk,"Liptovský Mikuláš"
Ju9IkfFOfMa,sale,house,"okres Turčianske Teplice","Horná Štubňa","Horná Štubňa","Realitná kancelária",Bratislava
JuFISMLdmc8,rent,house,"okres Martin",Sučany,Sučany,NULL,NULL
Ju9Oh18pKW-,sale,house,"okres Martin",Valča,Valča,"Wealth Group, s.r.o.","Nová Dedinka"
Jul-5SUTLOW,sale,house,"okres Martin",Vrútky,"Horné Vrútky","Realitná kancelária",Bratislava
JuPKcjp9xEd,sale,house,"okres Martin",Valča,Valča,"Financie a reality od A po Z",Martin
Ju1hmKLqP8g,sale,house,"okres Dolný Kubín","Dolný Kubín",Mokraď,"OREA, s.r.o.","Dolný Kubín"
JunsD4FQ9fg,sale,house,"okres Liptovský Mikuláš","Liptovský Trnovec","Liptovský Trnovec","REALITY SPOLU",Bratislava
JunEHVtE89L,sale,house,"okres Martin",Martin,Stráne,"Reality ASTORIA, s.r.o.",Martin
JupOom9u70b,sale,house,"okres Ružomberok",Lúčky,Lúčky,"Reality Alpia",Martin
JuYzFawuXq5,sale,house,"okres Žilina","Teplička nad Váhom","Teplička nad Váhom","Realitná kancelária RED, s.r.o.",Žilina
Ju0rAUqUjgL,sale,house,"okres Žilina",Žilina,"Staré mesto","RIEŠIME BÝVANIE",Bratislava
Ju30Zqi5n0z,sale,house,"okres Martin",Slovany,Slovany,"Reality ASTORIA, s.r.o.",Martin
JuCHMAziUOL,sale,house,"okres Martin",Krpeľany,Krpeľany,"Romantické Chalupy, s.r.o.",Bratislava
Ju9q0Byrbad,sale,house,"okres Liptovský Mikuláš",Východná,Východná,"RE/MAX Slovakia",Bratislava
JudaUInUE_Q,rent,house,"okres Námestovo","Oravská Polhora","Oravská Polhora","OREA, s.r.o.","Dolný Kubín"
JuSpQ8TslIA,rent,house,"okres Žilina",Lysica,Lysica,"Realitná kancelária RED, s.r.o.",Žilina
Juw56vbFeXZ,sale,house,"okres Martin",Vrútky,"Karvaša a Bláhovca",NULL,NULL
JudexsMMWLq,sale,house,"okres Bytča",Kotešová,Kotešová,"TOCA, s.r.o. Realitná činnosť",Bytča
JupsJLU23Ow,sale,house,"okres Liptovský Mikuláš","Liptovská Kokava","Liptovská Kokava","RE/MAX Slovakia",Bratislava
JuD0RMwirEa,sale,house,"okres Ružomberok","Liptovské Revúce","Liptovské Revúce","RK SPIRIT s.r.o.","Liptovský Mikuláš"
JumwW8ylM2r,sale,house,"okres Žilina",Žilina,"Žilinská Lehota","Real Estate Group4U","Považská Bystrica"
JuxTgYg_YqW,sale,house,"okres Čadca",Čadca,Horelica,"Vianema s.r.o.",Bratislava
Jui7jyAQtCR,sale,house,"okres Liptovský Mikuláš","Liptovská Sielnica","Liptovská Sielnica","Q REAL s.r.o.",Bratislava
JuU0HWFwzX3,sale,house,"okres Žilina",Žilina,Bytčica,"Gro & Partners",Žilina
JuQnmh9T2iX,sale,house,"okres Čadca","Dlhá nad Kysucou","Dlhá nad Kysucou","Vianema s.r.o.",Bratislava
JuVQq2TIIOM,sale,house,"okres Martin","Košťany nad Turcom","Košťany nad Turcom","ALT REAL, s.r.o.",Martin
JuHoYrf0eK_,sale,house,"okres Turčianske Teplice","Horná Štubňa","Horná Štubňa","TARGETreal s. r. o.",Žilina
Ju6--Y2X6T3,sale,house,"okres Kysucké Nové Mesto","Kysucké Nové Mesto",Suľkov,"Realitná kancelária",Bratislava
JuOgzsSfPxy,sale,house,"okres Ružomberok","Liptovské Sliače","Liptovské Sliače","LAWIS s.r.o.",Žilina
JuwkeSmHDEB,sale,house,"okres Martin",Valča,Valča,"Real Reality Development s.r.o.",Martin
JuK5t-4VCJ4,sale,house,"okres Žilina",Višňové,Višňové,"MGM reality",Žilina
Ju6vaHOHcqi,sale,house,"okres Žilina",Belá,Belá,"TUreality s.r.o.",Žilina
JuR54DrWWfx,sale,land,"okres Námestovo",Rabča,Rabča,"RE/MAX Slovakia",Bratislava
Ju33SFzO_eU,sale,house,"okres Žilina",Žilina,Trnové,"Realitná kancelária RED, s.r.o.",Žilina
Ju9syh9ycRi,sale,house,"okres Žilina",Terchová,Terchová,"ALT REAL, s.r.o.",Martin
JudspgTQPox,sale,house,"okres Liptovský Mikuláš",Jakubovany,Jakubovany,"Romantické Chalupy, s.r.o.",Bratislava
JuWRJBDqxZU,sale,house,"okres Martin",Martin,Jahodníky,"RIEŠIME BÝVANIE",Bratislava
JucU49przXp,sale,house,"okres Žilina",Žilina,Bytčica,"Realitná kancelária RED, s.r.o.",Žilina
JuHloqFiiMy,sale,house,"okres Bytča","Veľké Rovné","Veľké Rovné","IDEÁLNE BÝVANIE, s.r.o.",Žilina
JuMF2TBH415,sale,house,"okres Čadca",Čadca,Podzávoz,"1. Reality Rent, s.r.o.",Žilina
Juj5mPJZurA,sale,house,"okres Ružomberok",Kalameny,Kalameny,"OVERENÉ REALITY","Banská Bystrica"
Ju0MEaj2qZ5,sale,house,"okres Žilina",Svederník,Svederník,"TUreality s.r.o.",Žilina
JukV9h68kmJ,sale,house,"okres Žilina",Lietava,Lietava,"TUreality s.r.o.",Žilina
JurmJUyDt1Y,sale,house,"okres Liptovský Mikuláš","Liptovský Mikuláš",Ploštín,"KRUPPKY, s.r.o.","Liptovský Mikuláš"
JuIUgSVHd_-,sale,house,"okres Dolný Kubín",Malatiná,Malatiná,"TUreality s.r.o.",Žilina
JuSpPsKRXfN,sale,house,"okres Žilina","Rajecká Lesná","Rajecká Lesná","BeMi realitná kancelária",Nitra
JuNuINWKCa2,sale,house,"okres Žilina",Žilina,"Staré mesto","DreamReality s.r.o.",Žilina
JuElQR6VJXT,sale,house,"okres Žilina",Varín,Varín,"MGM reality",Žilina
JugpfnfthRi,sale,house,"okres Martin","Kláštor pod Znievom","Kláštor pod Znievom","ALT REAL, s.r.o.",Martin
Ju7u3ZsxEKq,rent,house,"okres Žilina",Žilina,Závodie,"Effecting s.r.o.",Bratislava
JuXgUKUYl2D,sale,house,"okres Martin",Valča,Valča,"Wealth Group, s.r.o.","Nová Dedinka"
JunQKWe1VdC,sale,house,"okres Čadca",Raková,Raková,NULL,NULL
JuBRCEsLH8a,sale,house,"okres Turčianske Teplice","Turčianske Teplice",Diviaky,"JMB REALITY s.r.o.",Ľubietová
JunnoZAS6r4,sale,house,"okres Žilina",Šuja,Šuja,"TUreality s.r.o.",Žilina
JubDt8HjaHe,sale,house,"okres Čadca",Turzovka,Turkov,"Safe reality s. r. o.",Žilina
JuezaaUAQTl,sale,house,"okres Liptovský Mikuláš","Liptovský Mikuláš","Vrbica - Nábrežie","RE/MAX Slovakia",Bratislava
JuQDs3mKg8t,sale,house,"okres Martin","Turčianske Kľačany","Turčianske Kľačany","Reality Center, s.r.o.",Martin
JuLMYErMTc7,sale,house,"okres Tvrdošín",Nižná,Nižná,"KORIJKOV & AGENTS",Košice
JucjxVVq04h,sale,house,"okres Turčianske Teplice","Malý Čepčín","Malý Čepčín","OVERENÉ REALITY","Banská Bystrica"
Juu8tQQ6S3G,sale,house,"okres Žilina",Terchová,Terchová,"Realitná kancelária DOM",Žilina
JumTdoXdYLm,sale,house,"okres Žilina",Svederník,Svederník,"TUreality s.r.o.",Žilina
JurRSzjWlL8,sale,house,"okres Dolný Kubín","Dolný Kubín",Brezovec,"ALT REAL, s.r.o.",Martin
JuriX67hMEI,sale,house,"okres Martin",Martin,Tomčany,"TARGETreal s. r. o.",Žilina
JuxO5mp6Vad,sale,house,"okres Ružomberok",Švošov,Švošov,"REALITY SPOLU",Bratislava
JuO-ay8jwWD,sale,house,"okres Martin","Turčiansky Peter","Turčiansky Peter","ALT REAL, s.r.o.",Martin
JuJID0tPHnq,sale,house,"okres Námestovo","Oravská Polhora","Oravská Polhora","Bosen Group s.r.o.",Bratislava
JuLBQXVqbdX,sale,house,"okres Liptovský Mikuláš",Bukovina,Bukovina,"LEGEND realitná spoločnosť  s. r. o.","Nové Mesto nad Váhom"
Ju7eOmn6zgP,sale,house,"okres Čadca",Oščadnica,Oščadnica,"KING REAL s. r. o.",Prešov
JuZ8oOwqQdG,sale,house,"okres Turčianske Teplice","Turčianske Teplice","Dolná Štubňa","Realitná kancelária",Bratislava
Juw93jw-f31,sale,house,"okres Liptovský Mikuláš",Hybe,Hybe,"U9, a.s.",Bratislava
JuARm8MK_Jy,sale,house,"okres Čadca",Olešná,Olešná,"RENOME REAL",Žilina
Jus9h_TYBDi,sale,house,"okres Martin",Martin,Ľadoveň,"TUreality s.r.o.",Žilina
JuUZocInHXW,rent,house,"okres Námestovo",Námestovo,Stred,NULL,NULL
JuNTZT4Nroa,sale,house,"okres Žilina",Žilina,"Žilinská Lehota","Realitná kancelária RED, s.r.o.",Žilina
JurxVAeUfVk,sale,house,"okres Martin",Belá-Dulice,Belá-Dulice,"Realitné kancelárie SR",Bratislava
JuAaa-osCgW,sale,house,"okres Turčianske Teplice",Turček,Turček,NULL,NULL
Ju2kIhSkruG,sale,house,"okres Kysucké Nové Mesto",Nesluša,Nesluša,"HOLESTIAK.sk reality s.r.o.",Čadca
Ju4FJGWuX8K,sale,house,"okres Čadca","Vysoká nad Kysucou","Vysoká nad Kysucou","BeMi realitná kancelária",Nitra
JuuW_lWTRhF,sale,house,"okres Liptovský Mikuláš","Svätý Kríž","Svätý Kríž","RESIDENCE realitná kancelária","Liptovský Mikuláš"
JuZWywKzXos,sale,house,"okres Kysucké Nové Mesto",Snežnica,Snežnica,"Safe reality s. r. o.",Žilina
JunnDHXXyHF,sale,house,"okres Martin",Martin,"Kolónia Hviezda","TUreality s.r.o.",Žilina
JuehhqekRE3,sale,house,"okres Martin",Sučany,Sučany,"TARGETreal s. r. o.",Žilina
JuUIjP7PegI,sale,house,"okres Tvrdošín",Habovka,Habovka,"Realitné kancelárie SR",Bratislava
JueF3aQCPcy,sale,house,"okres Dolný Kubín","Oravská Poruba","Oravská Poruba","OREA, s.r.o.","Dolný Kubín"
Jux6Z04Xzh-,sale,house,"okres Ružomberok",Ružomberok,"Staré mesto","RIEŠIME BÝVANIE",Bratislava
JudcWud0S5R,sale,house,"okres Čadca",Oščadnica,Oščadnica,"RE/MAX Slovakia",Bratislava
JuWsjVyvGYF,sale,house,"okres Žilina",Žilina,Budatín,"MGM reality",Žilina
Ju2Af8_9s5q,sale,house,"okres Žilina","Rajecké Teplice","Rajecké Teplice","StorkReal s. r. o.","Rajecká Lesná"
JuXODWR0O8-,sale,house,"okres Liptovský Mikuláš","Malé Borové","Malé Borové","RE/MAX Slovakia",Bratislava
JuZIWdD4tzb,sale,house,"okres Martin",Valča,Valča,"Wealth Group, s.r.o.","Nová Dedinka"
JuOZyO98HPQT,sale,house,"okres Martin",Sučany,Sučany,NULL,NULL
JuPaAE99_20,sale,house,"okres Ružomberok",Ružomberok,Gejdák,"RECLOUD Reality a.s.",Bratislava
JuRjiZLlPKY,sale,house,"okres Žilina",Hôrky,Hôrky,"Realitné kancelárie SR",Bratislava
JueEpOsUCTO,sale,house,"okres Martin",Nolčovo,Nolčovo,"Reality ASTORIA, s.r.o.",Martin
JugQaDVNZYB,sale,house,"okres Čadca",Oščadnica,Oščadnica,"HOLESTIAK.sk reality s.r.o.",Čadca
Ju6B6hGeR8q,sale,house,"okres Žilina",Rajec,Rajec,"StorkReal s. r. o.","Rajecká Lesná"
JuLCVpKj44A,sale,house,"okres Turčianske Teplice",Čremošné,Čremošné,"BALAŽI REAL ESTATE s.r.o.",Topoľčany
JuKaa51rOO4,sale,house,"okres Žilina",Turie,Turie,"RES GROUP, s.r.o.",Žilina
JuEn5otkiFX,sale,house,"okres Martin",Martin,Stráne,"ALT REAL, s.r.o.",Martin
JuzvCto22Um,sale,house,"okres Kysucké Nové Mesto","Kysucké Nové Mesto",Suľkov,"HOLESTIAK.sk reality s.r.o.",Čadca
JuTP76BJSu5,sale,house,"okres Tvrdošín",Vitanová,Vitanová,"B10 Slovensko, a. s.",Žilina
Juc0qnwekhj,sale,house,"okres Žilina",Žilina,Strážov,"R2 SK, s.r.o.",Žilina
JuaiG-4_MyI,sale,house,"okres Žilina",Žilina,Brodno,"DreamReality s.r.o.",Žilina
JuZHoBEOwFW,sale,house,"okres Bytča",Kolárovice,Kolárovice,"Safe reality s. r. o.",Žilina
JuPQ4qxicEp,sale,house,"okres Turčianske Teplice",Kaľamenová,Kaľamenová,"REALITY SPOLU",Bratislava
Ju_z9MMC1dy,sale,house,"okres Žilina",Žilina,Strážov,"Effecting s.r.o.",Bratislava
Juqdw7QyPcz,sale,house,"okres Liptovský Mikuláš",Važec,Važec,"RK SPIRIT s.r.o.","Liptovský Mikuláš"
JuDgbTTsbUm,sale,house,"okres Čadca",Oščadnica,Oščadnica,"Nestor Capital s.r.o.",Bratislava
JujrEA5_sFt,sale,house,"okres Čadca",Čadca,Horelica,"BeMi realitná kancelária",Nitra
JuN1DWMcWPA,sale,house,"okres Martin",Martin,Priekopa,"Like Reality s.r.o.","Považská Bystrica"
Ju6pyYBIZG6,sale,house,"okres Liptovský Mikuláš",Prosiek,Prosiek,"Ing. Jaroslav Minár JAVAS",Nitra
JuFMkd6Ft4u,sale,house,"okres Martin",Martin,Tomčany,"Buby reality, s.r.o.",Žilina
Juq8C9WZ_ld,sale,house,"okres Martin",Martin,Stráne,"Vianema s.r.o.",Bratislava
JuBQnHxf835,sale,house,"okres Ružomberok",Ivachnová,Ivachnová,"RESIDENCE realitná kancelária","Liptovský Mikuláš"
JuUGbhQf4wL,sale,house,"okres Žilina","Rajecké Teplice",Poluvsie,"Realitná kancelária RED, s.r.o.",Žilina
Ju9v343jGsQ,sale,house,"okres Liptovský Mikuláš","Svätý Kríž","Svätý Kríž","Romantické Chalupy, s.r.o.",Bratislava
JuLFmLF8PRr,sale,house,"okres Bytča",Bytča,"Hliník nad Váhom","JKV REAL",Prievidza
JuvaiQpricT,sale,house,"okres Žilina",Terchová,Terchová,"RS Mansory s.r.o.",Bratislava
JuBLiYfiieE,sale,house,"okres Žilina",Turie,Turie,"Realitná kancelária RED, s.r.o.",Žilina
Ju6JqIt-z8V,sale,house,"okres Žilina","Horný Hričov","Horný Hričov","Realitná kancelária RED, s.r.o.",Žilina
Jub69pejgUi,sale,house,"okres Bytča","Veľké Rovné","Veľké Rovné","Romantické Chalupy, s.r.o.",Bratislava
Ju6USQNI4A_,sale,house,"okres Martin","Turčiansky Peter","Turčiansky Peter","Realitná kancelária",Bratislava
Ju8oUNOWXin,sale,house,"okres Žilina",Svederník,Svederník,"X-REAL, s. r. o.",Žilina
JuK4J7tWBLU,sale,house,"okres Martin","Košťany nad Turcom","Košťany nad Turcom","ALT REAL, s.r.o.",Martin
Ju1OQAznjJC,sale,house,"okres Ružomberok",Likavka,Likavka,"AstonReal s.r.o.","Banská Bystrica"
JuXGC09hAid,sale,house,"okres Tvrdošín",Nižná,Nižná,"RE/MAX Slovakia",Bratislava
Ju7Rv9aLBbf,sale,house,"okres Liptovský Mikuláš",Vlachy,Vlachy,"RECLOUD Reality a.s.",Bratislava
Jur2iE4GKyv,sale,land,"okres Martin",Sklabiňa,Sklabiňa,"ALT REAL, s.r.o.",Martin
Ju5Ehcheq2v,sale,land,"okres Žilina",Višňové,Višňové,"RIEŠIME BÝVANIE",Bratislava
JuhyQTsj1LU,sale,land,"okres Žilina",Hôrky,Hôrky,"TARGETreal s. r. o.",Žilina
JuPp6sukGjm,sale,land,"okres Žilina",Žilina,Bôrik,"MGM reality",Žilina
JuAINHKEpb9,sale,land,"okres Žilina",Žilina,Trnové,"Ing. Gerlinda Bérešová - Esti",Žilina
JubBzZv3CZ4,sale,land,"okres Žilina","Lietavská Svinná-Babkov","Lietavská Svinná-Babkov","Realitné kancelárie SR",Bratislava
Jubyz8KHpaA,sale,land,"okres Liptovský Mikuláš",Lazisko,Lazisko,donidDevelop,"Dolný Kubín"
JuWu8X5e0jn,sale,land,"okres Liptovský Mikuláš","Liptovský Mikuláš",Stošice,"Direct Real, spol. s r.o.",Bratislava
Ju5paSEB6Nv,sale,land,"okres Žilina",Terchová,Terchová,"RS Mansory s.r.o.",Bratislava
JuaCQD06zTh,sale,land,"okres Kysucké Nové Mesto","Horný Vadičov","Horný Vadičov","ROSA reality","Kysucké Nové Mesto"
JuKYxcrrEwh,sale,land,"okres Námestovo",Zákamenné,Zákamenné,NULL,NULL
JuJYKVSAq2k,sale,land,"okres Bytča",Súľov-Hradná,Súľov-Hradná,NULL,NULL
JusCOC7JYu5,sale,land,"okres Ružomberok",Štiavnička,Štiavnička,"NajBývanie, s.r.o.",Ružomberok
Juv5TkPsj9T,sale,land,"okres Turčianske Teplice","Turčianske Teplice","Turčiansky Michal","Reality Center, s.r.o.",Martin
JuRufzqYfTo,sale,land,"okres Žilina",Žilina,Budatín,"Real Estate Group4U","Považská Bystrica"
JuB6HhfZSPN,sale,land,"okres Žilina",Žilina,Budatín,"WFG reality, s.r.o.",Žilina
JuNR7iOAWOb,sale,land,"okres Liptovský Mikuláš","Liptovské Kľačany","Liptovské Kľačany","AstonReal s.r.o.","Banská Bystrica"
JuNztztwtJj,sale,land,"okres Žilina",Žilina,Bôrik,"ROMDOM, s. r. o",Žilina
JudgSom7ejT,sale,land,"okres Čadca",Staškov,Staškov,"Safe reality s. r. o.",Žilina
Ju98hXHMfyH,sale,land,"okres Čadca",Olešná,Olešná,"JPE. Reality - Jozef Pajer",Čadca
JuEJOqphXdZ,sale,land,"okres Čadca",Raková,Raková,"ETHOS reality, s. r. o.","Krásno nad Kysucou"
Jul095-F2H-,sale,land,"okres Martin",Sklabiňa,Sklabiňa,"ALT REAL, s.r.o.",Martin
JuPGYcuAlfl,sale,land,"okres Liptovský Mikuláš","Liptovská Anna","Liptovská Anna",NULL,NULL
JuLNhT-3oNA,sale,land,"okres Bytča",Maršová-Rašov,Maršová-Rašov,"ADH-REAL s.r.o. Hirjaková Adriana",Ovčiarsko
Jus3WMnENIj,sale,land,"okres Žilina",Zbyňov,Zbyňov,"WFG reality, s.r.o.",Žilina
JuWnFD5OAUU,sale,land,"okres Námestovo","Oravská Jasenica","Oravská Jasenica","RE/MAX Slovakia",Bratislava
Ju-0W9ug2Ol,sale,land,"okres Čadca",Turzovka,Predmier,"SLNOVRAT, s.r.o.",Olešná
JuizzObcJTE,sale,land,"okres Ružomberok","Liptovské Sliače","Liptovské Sliače","Apollo House",Bratislava
JugrI7ZBfpT,sale,land,"okres Žilina",Krasňany,Krasňany,"1. Reality Rent, s.r.o.",Žilina
JuiwS-gpQB1,sale,land,"okres Martin",Laskár,Laskár,"B10 Slovensko, a. s.",Žilina
JujdYIr-c-p,sale,land,"okres Liptovský Mikuláš","Liptovské Beharovce","Liptovské Beharovce",NULL,NULL
JusoxTNDyJI,sale,land,"okres Námestovo",Námestovo,Brehy,NULL,NULL
Ju7_LrB_NNB,sale,land,"okres Žilina",Žilina,Trnové,"BeMi realitná kancelária",Nitra
JufLDox5EGX,sale,land,"okres Bytča",Hvozdnica,Hvozdnica,"GAMA Reality, s.r.o.",Bytča
Jux6EDO87ml,sale,land,"okres Kysucké Nové Mesto","Kysucké Nové Mesto",Suľkov,"HOLESTIAK.sk reality s.r.o.",Čadca
Judk1z1b1Nd,sale,land,"okres Martin",Blatnica,Blatnica,"RECLOUD Reality a.s.",Bratislava
JuUiQvR03zd,sale,land,"okres Žilina",Hôrky,Hôrky,"Stanislav Motyčík - MK",Žilina
JuYxVfR__Nx,sale,land,"okres Čadca",Oščadnica,Oščadnica,"HOLESTIAK.sk reality s.r.o.",Čadca
JuxusjEdK8z,sale,land,"okres Martin",Sučany,Sučany,"LAWIS s.r.o.",Žilina
Juisb1V01uC,sale,land,"okres Žilina",Ovčiarsko,Ovčiarsko,"RS Mansory s.r.o.",Bratislava
Jur-h57QXWc,sale,land,"okres Žilina",Žilina,Budatín,"Georgi Conev",Žilina
Ju9rSU4gBpn,sale,land,"okres Žilina",Ovčiarsko,Ovčiarsko,"DRR INVEST, s. r. o.","Horný Hričov"
JuGKRtmsaxJ,sale,land,"okres Čadca",Oščadnica,Oščadnica,"1. Reality Rent, s.r.o.",Žilina
Jurn7Tjk47J,sale,land,"okres Žilina",Bitarová,Bitarová,"Real Estate Group4U","Považská Bystrica"
JuFdP62I-_O,sale,land,"okres Liptovský Mikuláš",Prosiek,Prosiek,NULL,NULL
JugjLuDjRtG,sale,land,"okres Žilina",Varín,Varín,"R2 SK, s.r.o.",Žilina
Ju9yYyvLM4S,sale,land,"okres Liptovský Mikuláš","Pavčina Lehota","Pavčina Lehota","AstonReal s.r.o.","Banská Bystrica"
JuEOlFJy7eI,sale,land,"okres Liptovský Mikuláš","Svätý Kríž","Svätý Kríž","Realitná kancelária",Bratislava
Ju_3Vu8GkBj,sale,land,"okres Žilina",Žilina,Brodno,"YNI reality",Žilina
JuCdo9RybP_,sale,land,"okres Čadca",Svrčinovec,Svrčinovec,"BeMi realitná kancelária",Nitra
JuQqb1Uylo_,sale,land,"okres Turčianske Teplice","Horná Štubňa","Horná Štubňa","BALAŽI REAL ESTATE s.r.o.",Topoľčany
Juo4-ERrO5Y,sale,land,"okres Martin",Turany,Turany,"BALAŽI REAL ESTATE s.r.o.",Topoľčany
JuqKis-FMaT,sale,land,"okres Žilina",Svederník,Svederník,NULL,NULL
Ju11TbSO8Lx,sale,land,"okres Martin",Valča,Valča,"MGM reality",Žilina
Jumx1pcB1EA,sale,land,"okres Žilina","Dolná Tižina","Dolná Tižina","Realitka pre každého",Žilina
Ju_om9GbVZa,sale,land,"okres Martin",Martin,Priekopa,"ROMDOM, s. r. o",Žilina
JuDFkgbrvLz,sale,land,"okres Dolný Kubín",Veličná,Veličná,"RK Dalmia s. r. o.","Dolný Kubín"
JuWNBUmtL8H,sale,land,"okres Čadca",Čadca,Podzávoz,"Realitka pre každého",Žilina
JuI3WIo1gnr,sale,land,"okres Kysucké Nové Mesto",Povina,Povina,Envire,Bratislava
JuHPdbSyfw3,sale,land,"okres Turčianske Teplice",Turček,Turček,"XEMAR realitná spoločnosť s.r.o.","Banská Bystrica"
JummK5hE8Lr,sale,land,"okres Žilina",Žilina,"Žilinská Lehota","DRR INVEST, s. r. o.","Horný Hričov"
Jue_IKSyNYA,sale,land,"okres Čadca",Raková,Raková,"JPE. Reality - Jozef Pajer",Čadca
Jufp6SmYJxs,sale,land,"okres Martin",Vrútky,"Karvaša a Bláhovca","LIF REAL",Martin
JuKcCOH5Bgu,sale,land,"okres Žilina",Ovčiarsko,Ovčiarsko,"Realitné kancelárie SR",Bratislava
JuQXoAMiC5M,sale,land,"okres Žilina",Kunerad,Kunerad,NULL,NULL
JujYYo9Qtpi,sale,land,"okres Bytča","Hlboké nad Váhom","Hlboké nad Váhom","TOCA, s.r.o. Realitná činnosť",Bytča
JuY_o0Hq1ua,sale,land,"okres Kysucké Nové Mesto",Snežnica,Snežnica,"Reality IQ, s.r.o.",Žilina
Ju9DTwAgiHG,sale,land,"okres Liptovský Mikuláš",Beňadiková,Beňadiková,"RE/MAX Slovakia",Bratislava
JuARnh9cPNq,sale,land,"okres Liptovský Mikuláš",Jamník,Jamník,"Realitné kancelárie SR",Bratislava
Ju_Khlvp1_L,sale,land,"okres Liptovský Mikuláš",Podtureň,Podtureň,"NFA Group, s.r.o.","Žiar nad Hronom"
JuwYiWFslPL,sale,land,"okres Martin",Trnovo,Trnovo,"JMB REALITY s.r.o.",Ľubietová
Ju6_q9iLcH2,sale,land,"okres Kysucké Nové Mesto",Povina,Povina,"DreamReality s.r.o.",Žilina
JuVeKcRGSvF,sale,land,"okres Martin",Turany,Turany,"BALAŽI REAL ESTATE s.r.o.",Topoľčany
JuUUj1AEgQf,sale,land,"okres Dolný Kubín",Malatiná,Malatiná,"RK Dalmia s. r. o.","Dolný Kubín"
JuAewW0gIjM,sale,land,"okres Žilina",Ovčiarsko,Ovčiarsko,"RS Mansory s.r.o.",Bratislava
JutgQ5gFNVe,sale,land,"okres Kysucké Nové Mesto","Kysucké Nové Mesto",Suľkov,"1. Reality Rent, s.r.o.",Žilina
Ju2DkJ0tL0r,sale,land,"okres Liptovský Mikuláš",Kvačany,Kvačany,"RK SPIRIT s.r.o.","Liptovský Mikuláš"
JusNOhzmA1cV,sale,land,"okres Žilina","Dlhé Pole","Dlhé Pole","BeMi realitná kancelária",Nitra
Julm5UqUwbF,sale,land,"okres Martin",Vrícko,Vrícko,"RADO Reality",Trenčín
JuoWIuSbW9f,sale,land,"okres Martin",Turany,Turany,"BALAŽI REAL ESTATE s.r.o.",Topoľčany
Ju3DHGm3SX3,sale,land,"okres Žilina",Žilina,"Žilinská Lehota","Real Estate Group4U","Považská Bystrica"
JujU-NvkZd5,sale,land,"okres Žilina","Lietavská Svinná-Babkov","Lietavská Svinná-Babkov","BALAŽI REAL ESTATE s.r.o.",Topoľčany
JuuLvwvMnqi,sale,land,"okres Dolný Kubín",Veličná,Veličná,"RK Dalmia s. r. o.","Dolný Kubín"
Ju7-tv2yvGe,sale,land,"okres Bytča",Štiavnik,Štiavnik,"Romantické Chalupy, s.r.o.",Bratislava
Ju2XjdxAKiA,sale,land,"okres Dolný Kubín","Dlhá nad Oravou","Dlhá nad Oravou","RE/MAX Slovakia",Bratislava
JuMA67ZT6Dj,sale,land,"okres Žilina",Svederník,Svederník,"Realitné kancelárie SR",Bratislava
Ju5G02PfLPf,sale,land,"okres Martin","Turčiansky Jaseno","Turčiansky Jaseno","ALT REAL, s.r.o.",Martin
Jurrvwf7__Y,sale,land,"okres Martin","Turčianske Kľačany","Turčianske Kľačany","Reality AK, spol. s r.o.",Martin
JuxqyTwKPA7,sale,land,"okres Čadca",Oščadnica,Oščadnica,"MGM reality",Žilina
Ju3pFJiSu2s,sale,land,"okres Dolný Kubín",Zázrivá,Zázrivá,"RK Dalmia s. r. o.","Dolný Kubín"
JupsaGq4wbB,sale,land,"okres Martin",Turany,Turany,"MartinTham s. r. o.",Bratislava
JusMGCS4uqf,sale,land,"okres Žilina",Stránske,Stránske,"Ing. Gerlinda Bérešová - Esti",Žilina
JuCWsWXxn1N,sale,land,"okres Liptovský Mikuláš",Jamník,Jamník,"Delta Property s.r.o.",Poprad
Jus70LjxyN8,sale,land,"okres Čadca",Skalité,Skalité,"BeMi realitná kancelária",Nitra
JuWllUMOah9,sale,land,"okres Žilina",Žilina,Budatín,"DRR INVEST, s. r. o.","Horný Hričov"
JuZjAAYPCXKg,sale,land,"okres Dolný Kubín","Horná Lehota","Horná Lehota","OREA, s.r.o.","Dolný Kubín"
JulXTVjCmG0,sale,land,"okres Turčianske Teplice",Jazernica,Jazernica,"Reality AK, spol. s r.o.",Martin
JuRVHpRHSGQ,sale,land,"okres Martin","Dolný Kalník","Dolný Kalník","Like Reality s.r.o.","Považská Bystrica"
JumCABBKmrv,sale,land,"okres Žilina",Žilina,Hájik,"Buby reality, s.r.o.",Žilina
JuyrQlq623r,sale,land,"okres Žilina",Rosina,Rosina,"Realitné kancelárie SR",Bratislava
JuHPJ-p52W2,sale,land,"okres Ružomberok","Liptovský Michal","Liptovský Michal","OVERENÉ REALITY","Banská Bystrica"
Ju7mSPUl1TY3,sale,land,"okres Námestovo","Oravská Jasenica","Oravská Jasenica","RE/MAX Slovakia",Bratislava
Juarq9_UTUn,sale,land,"okres Námestovo",Ťapešovo,Ťapešovo,"TUreality s.r.o.",Žilina
Jud1n40d-dn,sale,land,"okres Žilina",Krasňany,Krasňany,"B10 Slovensko, a. s.",Žilina
Ju2_HPkQ8s2,sale,land,"okres Dolný Kubín",Párnica,Párnica,"RE/MAX Slovakia",Bratislava
JuXDdV7DuGH,sale,land,"okres Dolný Kubín",Veličná,Veličná,"bezmaklérov, s.r.o.",Žilina
JuXGG7E_fDg,sale,land,"okres Ružomberok","Liptovská Štiavnica","Liptovská Štiavnica","AstonReal s.r.o.","Banská Bystrica"
Ju9QSsEf9gw,sale,land,"okres Dolný Kubín",Párnica,Párnica,"GRAVITAS a. s.",Bratislava
JuWNTIbPUJS,sale,land,"okres Liptovský Mikuláš","Liptovský Mikuláš","Staré mesto","Reality Alpia",Martin
Jue_9ALQet2b,sale,land,"okres Martin","Turčianske Kľačany","Turčianske Kľačany","B10 Slovensko, a. s.",Žilina
Jut36Rci3LJ,sale,land,"okres Žilina",Žilina,Strážov,"MGM reality",Žilina
JumDim2HAtJ,sale,land,"okres Žilina",Žilina,Budatín,"X-REAL, s. r. o.",Žilina
JuhJeiPLlID,sale,land,"okres Žilina",Žilina,Trnové,"WFG reality, s.r.o.",Žilina
JuWSeZfgL-Y,sale,land,"okres Liptovský Mikuláš",Vavrišovo,Vavrišovo,"SCHNEIDER Real",Bratislava
Jub-7EwQ_Rho,sale,land,"okres Ružomberok",Ružomberok,Černová,"AstonReal s.r.o.","Banská Bystrica"
Ju5nXGRiNlM,sale,land,"okres Martin",Ratkovo,Ratkovo,"BALAŽI REAL ESTATE s.r.o.",Topoľčany
Ju_bN-ewyhS,sale,land,"okres Žilina",Kunerad,Kunerad,"AnReal s. r. o.",Mojš
JujRK5xYV79,sale,land,"okres Dolný Kubín","Vyšný Kubín","Vyšný Kubín","RK Dalmia s. r. o.","Dolný Kubín"
JueuBN1Nu8x,sale,land,"okres Ružomberok","Liptovská Osada","Liptovská Osada","XEMAR realitná spoločnosť s.r.o.","Banská Bystrica"
JudQL3RTdOS,sale,land,"okres Žilina",Turie,Turie,"Realitné kancelárie SR",Bratislava
JuhckkiisBJp,sale,land,"okres Čadca",Čierne,Čierne,"BeMi realitná kancelária",Nitra
Ju9e7LtrfAt,sale,land,"okres Žilina",Lysica,Lysica,"DOBRÉ REALITY s.r.o.",Prievidza
Ju0yTvWbSXD,sale,land,"okres Žilina",Žilina,Bytčica,"BALAŽI REAL ESTATE s.r.o.",Topoľčany
JuhEf6udQZD,sale,land,"okres Dolný Kubín","Vyšný Kubín","Vyšný Kubín","RES GROUP, s.r.o.",Žilina
JuaHyO1MbDH,sale,land,"okres Čadca",Svrčinovec,Svrčinovec,"BeMi realitná kancelária",Nitra
Ju6g_Z5mX7e,sale,land,"okres Martin",Martin,Stráne,"RE/MAX Slovakia",Bratislava
JuLljn1aubH,sale,land,"okres Martin",Slovany,Slovany,"Buby reality, s.r.o.",Žilina
JuU1wLvylPv,sale,land,"okres Kysucké Nové Mesto",Snežnica,Snežnica,"Realitné kancelárie SR",Bratislava
JunDvn09Q9U,sale,land,"okres Čadca",Čierne,Čierne,"AnReal s. r. o.",Mojš
JuDeXKjjRHY,sale,land,"okres Bytča",Bytča,"Bytča - sever","Realitné kancelárie SR",Bratislava
JuDIbuwkSMQ,sale,land,"okres Ružomberok",Ružomberok,Hrabovo,"Hulka REAL Plus s.r.o.",Bratislava
JuuPfKXcC_S,sale,land,"okres Čadca",Čadca,Horelica,"SLNOVRAT, s.r.o.",Olešná
JulD1JVCqAd,sale,land,"okres Martin",Sučany,Sučany,"RECLOUD Reality a.s.",Bratislava
JuQ2QYedCFa,sale,land,"okres Žilina",Ovčiarsko,Ovčiarsko,"Reality Now",Bratislava
JuMiM4qhAck,sale,land,"okres Žilina",Turie,Turie,"RES GROUP, s.r.o.",Žilina
JuJrQI4ug9X,sale,land,"okres Dolný Kubín","Dolný Kubín","Malý Bysterec","RK Dalmia s. r. o.","Dolný Kubín"
JuriEZGWaqe,sale,land,"okres Dolný Kubín",Malatiná,Malatiná,"OVERENÉ REALITY","Banská Bystrica"
JudrqxfcGTR,sale,land,"okres Liptovský Mikuláš",Vlachy,Vlachy,"Nové bývanie",Nitra
JuJ6HTdPmEs,sale,land,"okres Liptovský Mikuláš",Ižipovce,Ižipovce,"TUreality s.r.o.",Žilina
Ju_QlVk-YXH,sale,land,"okres Žilina",Mojš,Mojš,"RS Mansory s.r.o.",Bratislava
JuVff9I-9I0,sale,land,"okres Martin",Valča,Valča,"Reality D.P.A.",Martin
JuLjH4Ztr0P,sale,land,"okres Tvrdošín",Liesek,Liesek,"BeMi realitná kancelária",Nitra
JuBnZj34L44,sale,land,"okres Bytča","Hlboké nad Váhom","Hlboké nad Váhom","DRR INVEST, s. r. o.","Horný Hričov"
JuYMxTrMThn,sale,land,"okres Čadca",Skalité,Skalité,"BeMi realitná kancelária",Nitra
Juo26F3NF2G,sale,land,"okres Ružomberok",Likavka,Likavka,"Reality Alpia",Martin
Juc0JQaKZWu,sale,land,"okres Liptovský Mikuláš",Vlachy,Vlachy,"BeMi realitná kancelária",Nitra
JuH2DC2P8Ud,sale,land,"okres Dolný Kubín",Párnica,Párnica,"OREA, s.r.o.","Dolný Kubín"
JuVQ4EF1fqG,sale,land,"okres Liptovský Mikuláš","Liptovský Mikuláš","Liptovská Ondrašová",NULL,NULL
Ju3Lr4SqXpm,sale,land,"okres Martin",Martin,Stráne,"Reality AK, spol. s r.o.",Martin
JumOEZa9NyW,sale,land,"okres Liptovský Mikuláš",Prosiek,Prosiek,"Direct Real, spol. s r.o.",Bratislava
JuoKzORdNaI,sale,land,"okres Liptovský Mikuláš",Jamník,Jamník,NULL,NULL
JuaXdatuUjs,sale,land,"okres Kysucké Nové Mesto","Dolný Vadičov","Dolný Vadičov",NULL,NULL
JudOJ7xWOxA,sale,land,"okres Turčianske Teplice","Turčianske Teplice","Turčiansky Michal","Reality Alpia",Martin
Ju2UzK1gp3R,sale,land,"okres Čadca",Oščadnica,Oščadnica,"1. Reality Rent, s.r.o.",Žilina
JunD1SrFXPT,sale,land,"okres Čadca",Skalité,Skalité,"BeMi realitná kancelária",Nitra
JuJTvvQyvPv,sale,land,"okres Čadca",Makov,Makov,"TRI LIPY, s. r. o.",Čadca
JuUi2C1CE8-,sale,land,"okres Čadca",Turzovka,Predmier,"SLNOVRAT, s.r.o.",Olešná
Jua5wAoApR5,sale,land,"okres Kysucké Nové Mesto",Rudina,Rudina,"DreamReality s.r.o.",Žilina
Ju1rBpBDljg,sale,land,"okres Martin",Žabokreky,Žabokreky,"MAX PROFI REALITY",Martin
JuTZg0TY8JC,sale,land,"okres Martin",Belá-Dulice,Belá-Dulice,"OVERENÉ REALITY","Banská Bystrica"
JuzydWNY1w-,sale,land,"okres Čadca",Olešná,Olešná,"1. Reality Rent, s.r.o.",Žilina
Jup4_5dTntt,sale,land,"okres Martin",Daňová,Daňová,"Reality AK, spol. s r.o.",Martin
JucXhJ-7RIW,sale,land,"okres Liptovský Mikuláš",Bobrovník,Bobrovník,"RE/MAX Slovakia",Bratislava
JuPITfSI3H0,sale,land,"okres Čadca",Staškov,Staškov,"SLNOVRAT, s.r.o.",Olešná
JuKVQligYhM,sale,land,"okres Žilina",Bitarová,Bitarová,"RS Mansory s.r.o.",Bratislava
Ju_nFFJjAlC,sale,land,"okres Žilina",Ovčiarsko,Ovčiarsko,"R2 SK, s.r.o.",Žilina
Juz77F3qzjt,sale,land,"okres Kysucké Nové Mesto",Rudina,Rudina,"DreamReality s.r.o.",Žilina
JuGN-E0XFUo,sale,land,"okres Martin",Martin,Priekopa,"RE/MAX Slovakia",Bratislava
JuNKPbY78gy,sale,land,"okres Žilina",Terchová,Terchová,"AnoReal, s.r.o.",Stráňavy
Ju8tqbpzEho,sale,land,"okres Bytča",Štiavnik,Štiavnik,"TUreality s.r.o.",Žilina
JuWy3Av11B2,sale,land,"okres Liptovský Mikuláš",Vlachy,Vlachy,"BeMi realitná kancelária",Nitra
JuWpZopSoYC,sale,land,"okres Žilina",Ovčiarsko,Ovčiarsko,"TARGETreal s. r. o.",Žilina
JuI9ai4mRCA,sale,land,"okres Martin",Martin,Tomčany,"MAX PROFI REALITY",Martin
JuG7n8qbXvU,sale,land,"okres Žilina",Žilina,Trnové,"WFG reality, s.r.o.",Žilina
JulK1E26g9e,sale,land,"okres Čadca",Klokočov,Klokočov,"HOLESTIAK.sk reality s.r.o.",Čadca
JunWOzEcRHK,sale,land,"okres Čadca",Makov,Makov,"1. Reality Rent, s.r.o.",Žilina
Ju9bTv_8--p,sale,land,"okres Námestovo","Oravská Lesná","Oravská Lesná","ZAJO Reality, s.r.o.",Trenčín
JuEl39vdmi7,sale,land,"okres Žilina","Kotrčiná Lúčka","Kotrčiná Lúčka","Gro & Partners",Žilina
Ju9T9motLi6,sale,land,"okres Žilina",Divina,Divina,"Mamud Reality s. r. o.",Žilina
Ju9IFe2gRus,sale,land,"okres Turčianske Teplice",Sklené,Sklené,"BeMi realitná kancelária",Nitra
JulC2goTuDK,sale,land,"okres Žilina",Žilina,Vlčince,"WFG reality, s.r.o.",Žilina
JufmowlUURT,sale,land,"okres Čadca",Skalité,Skalité,"HOLESTIAK.sk reality s.r.o.",Čadca
JujO5TgvXtG,sale,land,"okres Dolný Kubín",Párnica,Párnica,NULL,NULL
Juidgw39ied,sale,land,"okres Liptovský Mikuláš",Podtureň,Podtureň,"TUreality s.r.o.",Žilina
JueE0RaoId9,sale,land,"okres Liptovský Mikuláš","Liptovská Sielnica","Liptovská Sielnica","NFA Group, s.r.o.","Žiar nad Hronom"
JuOd8JFAh_B,sale,land,"okres Žilina",Žilina,Trnové,"Piata Avenue",Žilina
Ju8z5R1jfB3,sale,land,"okres Liptovský Mikuláš","Svätý Kríž","Svätý Kríž","TUreality s.r.o.",Žilina
Juu2KYnLJH8,sale,land,"okres Bytča",Bytča,"Hliník nad Váhom","TOCA, s.r.o. Realitná činnosť",Bytča
Jug6QXb2mr0,sale,land,"okres Ružomberok","Liptovská Štiavnica","Liptovská Štiavnica","bezmaklérov, s.r.o.",Žilina
JuUooEhgJl4,sale,land,"okres Čadca",Raková,Raková,"TRI LIPY, s. r. o.",Čadca
Ju4d7oCmzgt,sale,land,"okres Čadca",Raková,Raková,"SLNOVRAT, s.r.o.",Olešná
JuHSEHdVoIU,sale,land,"okres Turčianske Teplice","Turčianske Teplice",Diviaky,"Reality MT s.r.o.",Martin
JurXAjyEx4Y,sale,land,"okres Martin",Necpaly,Necpaly,"Reality Center, s.r.o.",Martin
Jubn_BmVZq4,sale,land,"okres Ružomberok","Liptovské Sliače","Liptovské Sliače","TUreality s.r.o.",Žilina
JuAYbMU687z,sale,land,"okres Liptovský Mikuláš","Liptovský Ján","Liptovský Ján","bezmaklérov, s.r.o.",Žilina
Ju5AeA4FaTa,sale,land,"okres Žilina",Bitarová,Bitarová,"Mamud Reality s. r. o.",Žilina
Ju6BOs5U974,sale,land,"okres Žilina","Kotrčiná Lúčka","Kotrčiná Lúčka","WFG reality, s.r.o.",Žilina
JuLOTbilQnB,sale,land,"okres Martin",Rakovo,Rakovo,"B10 Slovensko, a. s.",Žilina
JuQixUnoW4u,sale,land,"okres Žilina",Višňové,Višňové,"Realitné kancelárie SR",Bratislava
JuIlHogl4wQ,sale,land,"okres Čadca",Turzovka,Predmier,"SLNOVRAT, s.r.o.",Olešná
Ju2i2SZUYUh,sale,land,"okres Martin",Trebostovo,Trebostovo,"Reality D.P.A.",Martin
JuuE0IH089Q,sale,land,"okres Martin",Ratkovo,Ratkovo,"BALAŽI REAL ESTATE s.r.o.",Topoľčany
JuP4Qge949G,sale,land,"okres Čadca",Makov,Makov,"AP REAL, s.r.o.",Bratislava
JuCxQUnpNN5,sale,land,"okres Turčianske Teplice","Turčianske Teplice",Diviaky,NULL,NULL
JuOoDP05xJ-,sale,land,"okres Liptovský Mikuláš","Liptovské Matiašovce","Liptovské Matiašovce","RE/MAX Slovakia",Bratislava
JujWzeAd4Mq,sale,land,"okres Martin",Karlová,Karlová,"Piata Avenue",Žilina
JuhYAT13Gs1,sale,land,"okres Martin",Martin,Záturčie,"BALAŽI REAL ESTATE s.r.o.",Topoľčany
JuHoLMOAPyD,sale,land,"okres Žilina",Višňové,Višňové,NULL,NULL
JuvDIHl7nu4,sale,land,"okres Čadca",Dunajov,Dunajov,"RES GROUP, s.r.o.",Žilina
JuW5XYXfIA2,sale,land,"okres Čadca",Skalité,Skalité,"BeMi realitná kancelária",Nitra
JufKEzTwdq8,sale,land,"okres Čadca",Čadca,Milošová,"TRI LIPY, s. r. o.",Čadca
JuZ7zgc43wy,sale,land,"okres Martin",Martin,Podháj,"Reality Center, s.r.o.",Martin
JuG8w7lDdu46,sale,land,"okres Martin",Turany,Turany,"BALAŽI REAL ESTATE s.r.o.",Topoľčany
JunGp6hRXR2,sale,land,"okres Žilina",Divina,Divina,"Reality IQ, s.r.o.",Žilina
JumKl3xs_Yl,sale,land,"okres Martin",Vrútky,"Karvaša a Bláhovca","Reality Center, s.r.o.",Martin
JuHRetqPaNB,sale,land,"okres Dolný Kubín",Jasenová,Jasenová,"OREA, s.r.o.","Dolný Kubín"
Judf0zzhq5f,sale,land,"okres Bytča",Bytča,"Veľká Bytča","Realitné kancelárie SR",Bratislava
JuFovldbtlH,sale,land,"okres Žilina",Nededza,Nededza,"bezmaklérov, s.r.o.",Žilina
JueyWGcCtCo,sale,land,"okres Martin",Necpaly,Necpaly,"R2 SK, s.r.o.",Žilina
Ju16HqVho2l,sale,land,"okres Dolný Kubín","Dolný Kubín",Mokraď,"RK Dalmia s. r. o.","Dolný Kubín"
Juxlwl0cqfI,sale,land,"okres Liptovský Mikuláš",Podtureň,Podtureň,"BEŇO REALITY","Liptovský Mikuláš"
JuvwILxsaLE,sale,land,"okres Kysucké Nové Mesto","Dolný Vadičov","Dolný Vadičov","Realitné kancelárie SR",Bratislava
JuoEkan0OM3,sale,land,"okres Dolný Kubín",Veličná,Veličná,"OREA, s.r.o.","Dolný Kubín"
JuEX_l_3Eqg,sale,land,"okres Liptovský Mikuláš","Liptovská Sielnica","Liptovská Sielnica","BEŇO REALITY","Liptovský Mikuláš"
JuCmj-PgWTq,sale,land,"okres Čadca",Dunajov,Dunajov,"WFG reality, s.r.o.",Žilina
JuASY12odtk,sale,land,"okres Liptovský Mikuláš","Liptovská Anna","Liptovská Anna","Reality AK, spol. s r.o.",Martin
Ju-_lgQgjvC,sale,land,"okres Liptovský Mikuláš",Ižipovce,Ižipovce,"Direct Real, spol. s r.o.",Bratislava
JueMz2TcIL-I,sale,land,"okres Ružomberok","Liptovské Sliače","Liptovské Sliače","Apollo House",Bratislava
JuIw5kl0QB9,sale,land,"okres Ružomberok",Ružomberok,Podsuchá,"REALITY SPOLU",Bratislava
Ju0UqyDriGS,sale,land,"okres Žilina",Lietava,Lietava,NULL,NULL
Jul7ugPXcvQ,sale,land,"okres Martin",Martin,Záturčie,"ALT REAL, s.r.o.",Martin
Ju4lACVtBvB,sale,land,"okres Čadca",Oščadnica,Oščadnica,"TRI LIPY, s. r. o.",Čadca
JufBIzJWZ0T,sale,land,"okres Čadca",Korňa,Korňa,"RIEŠIME BÝVANIE",Bratislava
JuJ0YMlVen2,sale,land,"okres Dolný Kubín","Dlhá nad Oravou","Dlhá nad Oravou","OREA, s.r.o.","Dolný Kubín"
JuxIvOImC9j,sale,land,"okres Bytča",Bytča,Pšurnovice,"TOCA, s.r.o. Realitná činnosť",Bytča
JufCqQz59Ij,sale,land,"okres Žilina",Kunerad,Kunerad,"ŽILINAREAL, s.r.o.",Žilina
JuJGNURQ8kY,sale,land,"okres Kysucké Nové Mesto",Snežnica,Snežnica,"Realitné kancelárie SR",Bratislava
JuS3utLekJS,sale,land,"okres Martin",Karlová,Karlová,"ATP stavby s.r.o.","Teplička nad Váhom"
JushtsOsA5D,sale,land,"okres Martin","Košťany nad Turcom","Košťany nad Turcom","Reality MT s.r.o.",Martin
JuPmsU7zgrG,sale,land,"okres Ružomberok",Ludrová,Ludrová,"AstonReal s.r.o.","Banská Bystrica"
JumG3BQ732C,sale,land,"okres Žilina",Ovčiarsko,Ovčiarsko,"RIEŠIME BÝVANIE",Bratislava
JuY5ba5W_4i,sale,land,"okres Martin",Blatnica,Blatnica,"JMB REALITY s.r.o.",Ľubietová
JuzolLKcQyU,sale,land,"okres Námestovo",Krušetnica,Krušetnica,donidDevelop,"Dolný Kubín"
JuLfvRq95qS,sale,land,"okres Liptovský Mikuláš","Liptovská Anna","Liptovská Anna","M&G, s.r.o.",Bratislava
JuBfaxcwUwF,sale,land,"okres Martin",Karlová,Karlová,"MAX PROFI REALITY",Martin
JuVv2XDLd9H,sale,land,"okres Žilina",Varín,Varín,"TUreality s.r.o.",Žilina
Ju3oEfAZYzP,sale,land,"okres Liptovský Mikuláš",Východná,Východná,NULL,NULL
JuMAMHXJq7S,sale,land,"okres Liptovský Mikuláš",Beňadiková,Beňadiková,"RESIDENCE realitná kancelária","Liptovský Mikuláš"
JuNaGXxLOzZ,sale,land,"okres Kysucké Nové Mesto",Snežnica,Snežnica,"WFG reality, s.r.o.",Žilina
JuCjQgzupuY,sale,land,"okres Bytča",Bytča,"Veľká Bytča",NULL,NULL
JuhCsanvxln,sale,land,"okres Čadca",Svrčinovec,Svrčinovec,"SLNOVRAT, s.r.o.",Olešná
JuqxH07lW-i,sale,land,"okres Žilina",Ovčiarsko,Ovčiarsko,"RS Mansory s.r.o.",Bratislava
JuH12tFyQw2,sale,land,"okres Žilina",Višňové,Višňové,"AnoReal, s.r.o.",Stráňavy
JuEjJSCiW8Ze,sale,land,"okres Čadca",Skalité,Skalité,"JPE. Reality - Jozef Pajer",Čadca
JupXbR8DGJn,sale,land,"okres Dolný Kubín","Dolný Kubín",Banisko,"OREA, s.r.o.","Dolný Kubín"
JuMvZKQOSvd,sale,land,"okres Bytča","Veľké Rovné","Veľké Rovné","SLNOVRAT, s.r.o.",Olešná
Ju1CjLHLW69,sale,land,"okres Dolný Kubín","Dlhá nad Oravou","Dlhá nad Oravou","Bosen Group s.r.o.",Bratislava
Ju22ZGBmO93,sale,land,"okres Liptovský Mikuláš","Liptovská Anna","Liptovská Anna",NULL,NULL
JuwTH_LMEMX,sale,land,"okres Liptovský Mikuláš","Liptovské Kľačany","Liptovské Kľačany","GERT , s.r.o.","Liptovský Mikuláš"
JufJ-j5ky3T,sale,land,"okres Žilina","Dolná Tižina","Dolná Tižina","Safe reality s. r. o.",Žilina
JuPGBZu28Sz,sale,land,"okres Čadca",Oščadnica,Oščadnica,"RE/MAX Slovakia",Bratislava
JuXRWhaK2fl,sale,land,"okres Turčianske Teplice",Mošovce,Mošovce,"Realitná kancelária",Bratislava
Jutyprw4Nso,sale,land,"okres Bytča",Bytča,Pšurnovice,"TOCA, s.r.o. Realitná činnosť",Bytča
JutjPZbTZEK,sale,land,"okres Martin",Sučany,Sučany,donidDevelop,"Dolný Kubín"
Juzs-YHkwHj,sale,land,"okres Martin","Turčianske Jaseno","Turčianske Jaseno","LIF REAL",Martin
JupRRfszbzs,sale,land,"okres Turčianske Teplice",Sklené,Sklené,"Reality D.P.A.",Martin
JuiFvyOCpZO,sale,land,"okres Žilina",Višňové,Višňové,"Realitné kancelárie SR",Bratislava
JuqfHhV7H4_,sale,land,"okres Žilina",Lietava,Lietava,"Georgi Conev",Žilina
JuhB5IsnAP3,sale,land,"okres Martin",Šútovo,Šútovo,"BALAŽI REAL ESTATE s.r.o.",Topoľčany
Ju4HZvYxEQL,sale,land,"okres Dolný Kubín",Párnica,Párnica,NULL,NULL
JuR1Vqvk3FA,sale,land,"okres Martin",Martin,Záturčie,"TARGETreal s. r. o.",Žilina
JuD-E2E_yvf,sale,land,"okres Námestovo",Novoť,Novoť,"RIEŠIME BÝVANIE",Bratislava
JujqHk5Nsu-,sale,land,"okres Čadca",Čadca,"U Sneheľníka","ETHOS reality, s. r. o.","Krásno nad Kysucou"
JumHegVgatu,sale,land,"okres Martin",Podhradie,Podhradie,"Real Reality Development s.r.o.",Martin
JuYSlKjn22V2,sale,land,"okres Turčianske Teplice","Slovenské Pravno","Slovenské Pravno",Urbanista,Bratislava
JuTN7hEMhfs,sale,land,"okres Čadca",Turzovka,Predmier,"SLNOVRAT, s.r.o.",Olešná
Juo_LCQm7Zx,sale,land,"okres Žilina",Svederník,Svederník,"YFE, s.r.o.",Žilina
JucfeqPEDUI,sale,land,"okres Turčianske Teplice",Jazernica,Jazernica,"TARGETreal s. r. o.",Žilina
JuyewzTZPFk,sale,land,"okres Žilina",Lysica,Lysica,"Renovo Reality",Žilina
Jug8evCrAgI,sale,land,"okres Čadca",Skalité,Skalité,"BeMi realitná kancelária",Nitra
JubfWlbtgdy,sale,land,"okres Čadca",Olešná,Olešná,"RK4 REALITY",Bratislava
JuY9N1R47k4,sale,land,"okres Žilina",Žilina,Bôrik,NULL,NULL
JuGtn_qttBC,sale,land,"okres Liptovský Mikuláš","Liptovský Trnovec","Liptovský Trnovec","Direct Real, spol. s r.o.",Bratislava
Ju26ASiELkU,sale,land,"okres Žilina","Dolná Tižina","Dolná Tižina","Mamud Reality s. r. o.",Žilina
JuoYPByad-u,sale,land,"okres Dolný Kubín",Malatiná,Malatiná,"RAI COMPANY s.r.o.","Banská Bystrica"
JueDQ4t8F1t,sale,land,"okres Kysucké Nové Mesto",Povina,Povina,"MGM reality",Žilina
JuJBjXorHPL,sale,land,"okres Ružomberok",Turík,Turík,"TUreality s.r.o.",Žilina
JugbHbksCr-,sale,land,"okres Žilina",Višňové,Višňové,"TeEq Reality",Bratislava
JuRn13yIVnF,sale,land,"okres Čadca",Dunajov,Dunajov,"ŽILINAREAL, s.r.o.",Žilina
Ju67f0ZUF6a,sale,land,"okres Žilina","Dlhé Pole","Dlhé Pole","Realitné kancelárie SR",Bratislava
Jus7PkExcYQ,sale,land,"okres Žilina",Rajec,Rajec,"AnoReal, s.r.o.",Stráňavy
JuuNE4PQz6D,sale,land,"okres Žilina",Žilina,Budatín,"RIEŠIME BÝVANIE",Bratislava
Ju1YLWtdCP4,sale,land,"okres Liptovský Mikuláš",Lazisko,Lazisko,"RESIDENCE realitná kancelária","Liptovský Mikuláš"
Jul88RI0614,sale,land,"okres Liptovský Mikuláš",Beňadiková,Beňadiková,"Direct Real, spol. s r.o.",Bratislava
Ju192g79OHm,sale,land,"okres Martin",Belá-Dulice,Belá-Dulice,"Reality Center, s.r.o.",Martin
JusbhL9UXOL,sale,land,"okres Čadca",Staškov,Staškov,"SLNOVRAT, s.r.o.",Olešná
JuWIabvMs8m,sale,land,"okres Čadca",Čadca,Rieka,"1. Reality Rent, s.r.o.",Žilina
JukIKAnSuKC,sale,land,"okres Martin","Dolný Kalník","Dolný Kalník","Reality Alpia",Martin
JubUi5eOFbH,sale,land,"okres Ružomberok","Liptovská Štiavnica","Liptovská Štiavnica","RE/MAX Slovakia",Bratislava
JupQ7ehcKIt,sale,land,"okres Žilina",Žilina,Budatín,"Real Estate Group4U","Považská Bystrica"
JuUn4gk-elR,sale,land,"okres Žilina","Kotrčiná Lúčka","Kotrčiná Lúčka","R2 SK, s.r.o.",Žilina
Ju7lj_P0z5e,sale,land,"okres Žilina","Dolný Hričov","Dolný Hričov","MGM reality",Žilina
JufEhhRezN-,sale,land,"okres Dolný Kubín","Dolný Kubín",Stred,"RK VILLEA, s. r. o.","Dolný Kubín"
JuqQ2VY6uD-,sale,land,"okres Kysucké Nové Mesto",Snežnica,Snežnica,"RS Mansory s.r.o.",Bratislava
Ju97QEdz5sX,sale,land,"okres Čadca",Raková,Raková,"RS Mansory s.r.o.",Bratislava
JubAI3EWquo,sale,land,"okres Liptovský Mikuláš","Liptovská Anna","Liptovská Anna","M&G, s.r.o.",Bratislava
JutVFvRJpYd,sale,land,"okres Žilina",Višňové,Višňové,"Realitné kancelárie SR",Bratislava
JutuKcNv2OP,sale,land,"okres Martin",Martin,Stred,"Realitná kancelária",Bratislava
JuErvfknoQB,sale,land,"okres Dolný Kubín","Vyšný Kubín","Vyšný Kubín","RK VILLEA, s. r. o.","Dolný Kubín"
JurzykGoa8Y,sale,land,"okres Čadca",Skalité,Skalité,"BeMi realitná kancelária",Nitra
JuTu2EKoaZM,sale,land,"okres Dolný Kubín",Veličná,Veličná,donidDevelop,"Dolný Kubín"
JuB1sJQkopm,sale,land,"okres Kysucké Nové Mesto",Povina,Povina,"RS Mansory s.r.o.",Bratislava
JusK3lTtUjZ,sale,land,"okres Bytča","Veľké Rovné","Veľké Rovné","Realitné kancelárie SR",Bratislava
Ju6FhwnbvkK,sale,land,"okres Martin",Martin,Tomčany,"ŽILINAREAL, s.r.o.",Žilina
JuMHyeDGK2f,sale,land,"okres Martin",Necpaly,Necpaly,"Realitné kancelárie SR",Bratislava
JubNHDCg93x,sale,land,"okres Námestovo","Oravská Jasenica","Oravská Jasenica","RE/MAX Slovakia",Bratislava
JubzyQhnL5j,sale,land,"okres Turčianske Teplice",Sklené,Sklené,"RIEŠIME BÝVANIE",Bratislava
JuMFxRcxLzj,sale,land,"okres Žilina",Ovčiarsko,Ovčiarsko,"RIEŠIME BÝVANIE",Bratislava
JuMg-KktE1Q,sale,land,"okres Dolný Kubín",Zázrivá,Zázrivá,"RE/MAX Slovakia",Bratislava
Jukt7sZSrva,sale,land,"okres Žilina",Ovčiarsko,Ovčiarsko,"TARGETreal s. r. o.",Žilina
JuLGf5aS3L1,sale,land,"okres Kysucké Nové Mesto","Kysucké Nové Mesto",Suľkov,"1. Reality Rent, s.r.o.",Žilina
JuTUUGHEQpu,sale,land,"okres Martin",Martin,NULL,"BALAŽI REAL ESTATE s.r.o.",Topoľčany
JubI61zDvAA,sale,land,"okres Žilina",Svederník,Svederník,"MGM reality",Žilina
JupXyVwksGj,sale,land,"okres Martin","Horný Kalník","Horný Kalník","Reality BL, s.r.o.","Kysucké Nové Mesto"
JuzsaTgRy0A,sale,land,"okres Čadca",Staškov,Staškov,"1. Reality Rent, s.r.o.",Žilina
JuqT9jZ4Nn0,sale,land,"okres Liptovský Mikuláš","Liptovská Sielnica","Liptovská Sielnica","Direct Real, spol. s r.o.",Bratislava
JuzowjqYdqV,sale,land,"okres Čadca",Staškov,Staškov,"SLNOVRAT, s.r.o.",Olešná
Juw-BV-BqJp,sale,land,"okres Žilina",Lietava,Lietava,"Realitné kancelárie SR",Bratislava
Ju2_2a_gc9I,sale,land,"okres Liptovský Mikuláš","Liptovská Sielnica","Liptovská Sielnica",Limaxreal,"Liptovský Mikuláš"
Jus9HjYi9K6,sale,land,"okres Liptovský Mikuláš",Vlachy,Vlachy,"Nové bývanie",Nitra
Ju-Vs-ZZEsP,sale,land,"okres Čadca",Turzovka,NULL,"SLNOVRAT, s.r.o.",Olešná
JuypdHR9V5h,sale,land,"okres Žilina","Lietavská Svinná-Babkov","Lietavská Svinná-Babkov","RS Mansory s.r.o.",Bratislava
JuC5HWpBoue,sale,land,"okres Čadca",Staškov,Staškov,"SLNOVRAT, s.r.o.",Olešná
JuTMeTjk733,sale,land,"okres Žilina",Rajec,Rajec,"MGM reality",Žilina
JuvBlvKpVOg,sale,land,"okres Liptovský Mikuláš",Jamník,Jamník,jabyvam.sk,"Liptovský Mikuláš"
JuLSvBwv_I5,sale,land,"okres Žilina",Krasňany,Krasňany,"RS Mansory s.r.o.",Bratislava
Ju0KCQtbTTW,sale,land,"okres Čadca",Čadca,Podzávoz,"BeMi realitná kancelária",Nitra
JuaPQ_8Etfd,sale,land,"okres Martin",Trnovo,Trnovo,"Realitné kancelárie SR",Bratislava
Ju9G8aO6wQl,sale,land,"okres Liptovský Mikuláš","Pavčina Lehota","Pavčina Lehota","RE/MAX Slovakia",Bratislava
JuY9JBEYXXO,sale,land,"okres Čadca",Staškov,Staškov,"1. Reality Rent, s.r.o.",Žilina
JuEr-eDWZ62,sale,land,"okres Martin",Turany,Turany,"Reality Center, s.r.o.",Martin
JuuQurqTomT,sale,land,"okres Liptovský Mikuláš","Liptovský Mikuláš",Podbreziny,"AstonReal s.r.o.","Banská Bystrica"
JuXLA7wyDLl,sale,land,"okres Žilina",Čičmany,Čičmany,"Vianema s.r.o.",Bratislava
Ju1OJ87gVSa,sale,land,"okres Žilina",Bitarová,Bitarová,"X-REAL, s. r. o.",Žilina
JuaF9UiM3uR1,sale,land,"okres Žilina","Rajecké Teplice","Rajecké Teplice","BeMi realitná kancelária",Nitra
Jui0b4gHHzV,sale,land,"okres Čadca",Oščadnica,Oščadnica,"1. Reality Rent, s.r.o.",Žilina
Jua_BRtxi_0,sale,land,"okres Kysucké Nové Mesto",Snežnica,Snežnica,"Realitné kancelárie SR",Bratislava
Jud4Z0QIxb1B,sale,land,"okres Martin",Blatnica,Blatnica,NULL,NULL
JumHCt0Er1_,sale,land,"okres Liptovský Mikuláš","Liptovský Mikuláš",NULL,NULL,NULL
Ju6XcncfywZ,sale,land,"okres Žilina",Ovčiarsko,Ovčiarsko,"RS Mansory s.r.o.",Bratislava
Ju6R4Oxuhvk,sale,land,"okres Bytča","Veľké Rovné","Veľké Rovné","1. Reality Rent, s.r.o.",Žilina
JuiJEU2gvVS,sale,land,"okres Čadca",Oščadnica,Oščadnica,"1. Reality Rent, s.r.o.",Žilina
JuJIq68G1za,sale,land,"okres Martin",Martin,Záturčie,"BALAŽI REAL ESTATE s.r.o.",Topoľčany
Ju5OGHyG1_Y,sale,land,"okres Čadca",Raková,Raková,"HOLESTIAK.sk reality s.r.o.",Čadca
JupQvlRFk0k,sale,land,"okres Žilina",Kunerad,Kunerad,"StorkReal s. r. o.","Rajecká Lesná"
Ju2hmMFZQ4X,sale,land,"okres Žilina",Višňové,Višňové,NULL,NULL
Ju1-_Cu9mID,sale,land,"okres Martin","Turčiansky Peter","Turčiansky Peter","Reality Alpia",Martin
JuX4tTXYKir,sale,land,"okres Kysucké Nové Mesto","Horný Vadičov","Horný Vadičov","SLNOVRAT, s.r.o.",Olešná
JuI4QwFHXkB,sale,land,"okres Liptovský Mikuláš","Liptovský Mikuláš","Liptovská Ondrašová","RESIDENCE realitná kancelária","Liptovský Mikuláš"
Juw3LRApeaS,sale,land,"okres Žilina","Horný Hričov","Horný Hričov","RES GROUP, s.r.o.",Žilina
JueC24ZQ1o3,sale,land,"okres Žilina",Varín,Varín,"MGM reality",Žilina
Juh_NFZPlxN,sale,land,"okres Žilina",Ovčiarsko,Ovčiarsko,"PRIMA reality s.r.o.",Žilina
Ju_KMqj7vmd,sale,land,"okres Martin",Rakovo,Rakovo,"Reality Center, s.r.o.",Martin
JujjYxzg2zO,sale,land,"okres Kysucké Nové Mesto",Nesluša,Nesluša,"Realitka pre každého",Žilina
JudcG-iBr32,sale,land,"okres Žilina",Divinka,Divinka,"Safe reality s. r. o.",Žilina
Jug0yKTQ2pn,sale,land,"okres Čadca",Raková,Raková,"SLNOVRAT, s.r.o.",Olešná
JuveNCiurSC,sale,land,"okres Dolný Kubín",Žaškov,Žaškov,"RK VILLEA, s. r. o.","Dolný Kubín"
JuMmLaRBnk-,sale,land,"okres Martin",Martin,Stráne,"Real Reality Development s.r.o.",Martin
JuAEEafI2yh,sale,land,"okres Žilina",Kľače,Kľače,"AnoReal, s.r.o.",Stráňavy
JuGEa5Szg2S,sale,land,"okres Bytča",Súľov-Hradná,Súľov-Hradná,"ELITE reality","Považská Bystrica"
JuldPobEyqZ,sale,land,"okres Bytča","Veľké Rovné","Veľké Rovné","TARGETreal s. r. o.",Žilina
JuxUrTWen36,sale,land,"okres Žilina",Ďurčiná,Ďurčiná,"MGM reality",Žilina
JutHLS-i8Kk,sale,land,"okres Kysucké Nové Mesto",Povina,Povina,"DreamReality s.r.o.",Žilina
JuFMSKsdInV,sale,land,"okres Žilina",Bitarová,Bitarová,"Realitná kancelária",Bratislava
Ju266Dr49Ba,sale,land,"okres Kysucké Nové Mesto","Dolný Vadičov","Dolný Vadičov","BeMi realitná kancelária",Nitra
JubyLcoXkeA,sale,land,"okres Žilina",Gbeľany,Gbeľany,"bezmaklérov, s.r.o.",Žilina
JuDgMZQaDeJ,sale,land,"okres Čadca",Oščadnica,Oščadnica,"1. Reality Rent, s.r.o.",Žilina
Juv8WDTsSPy,sale,land,"okres Žilina",Konská,Konská,"1. Reality Rent, s.r.o.",Žilina
Ju9noiJ3M5h,sale,land,"okres Martin",Vrícko,Vrícko,"BALAŽI REAL ESTATE s.r.o.",Topoľčany
JuPmyuLY0AU,sale,land,"okres Liptovský Mikuláš",Podtureň,Podtureň,"Q REAL s.r.o.",Bratislava
JunJu6IyBiX,sale,land,"okres Turčianske Teplice",Sklené,Sklené,"TARGETreal s. r. o.",Žilina
JuhDFgB8Eya,sale,land,"okres Kysucké Nové Mesto",Povina,Povina,"1. Reality Rent, s.r.o.",Žilina
Jukxm6yZ0hf6,sale,land,"okres Čadca",Skalité,Skalité,"BeMi realitná kancelária",Nitra
JuQnOzH4Mve,sale,land,"okres Žilina",Svederník,Svederník,"MGM reality",Žilina
JuO__97iq4d,sale,land,"okres Žilina","Lietavská Svinná-Babkov","Lietavská Svinná-Babkov","RS Mansory s.r.o.",Bratislava
JukIX3v-4aJ,sale,land,"okres Žilina",Kľače,Kľače,NULL,NULL
Ju5L-boRlBV,sale,land,"okres Čadca",Podvysoká,Podvysoká,"HALO reality, s.r.o.",Prievidza
JuxLDdGxofv,sale,land,"okres Liptovský Mikuláš",Kvačany,Kvačany,NULL,NULL
Jur27j-ejmc,sale,land,"okres Martin",Martin,Záturčie,"BALAŽI REAL ESTATE s.r.o.",Topoľčany
Juxv4BCWFjN,sale,land,"okres Liptovský Mikuláš",Hybe,Hybe,"Realitné kancelárie SR",Bratislava
JuH2wdrPPMN,sale,land,"okres Žilina",Hôrky,Hôrky,NULL,NULL
JuoLQW0Li8l,sale,land,"okres Žilina",Bitarová,Bitarová,"Realitka pre každého",Žilina
JuI-7Aiqe6M,sale,land,"okres Čadca","Vysoká nad Kysucou","Vysoká nad Kysucou","Ing. Marcela Pišteková",Turzovka
Ju1V4Qfns7o,sale,land,"okres Liptovský Mikuláš","Liptovské Beharovce","Liptovské Beharovce","OVERENÉ REALITY","Banská Bystrica"
JuApbqYiTwl,sale,land,"okres Martin","Dolný Kalník","Dolný Kalník","Realitná kancelária",Bratislava
JuXs9XHVo90,sale,land,"okres Martin",Vrútky,"Karvaša a Bláhovca","Realitná kancelária",Bratislava
JuSvmhJEqG1,sale,land,"okres Martin",Vrútky,"Karvaša a Bláhovca","FINREA - ak vám záleží na výsledku","Dolný Kubín"
JuYB0zOc7gD,sale,land,"okres Ružomberok","Liptovské Sliače","Liptovské Sliače",NULL,NULL
JuXWDVHuKu7,sale,land,"okres Bytča",Petrovice,Petrovice,"B10 Slovensko, a. s.",Žilina
Jui1yUD8ZRT,sale,land,"okres Čadca",Turzovka,Predmier,"SLNOVRAT, s.r.o.",Olešná
Ju8HOtKyMF8,sale,land,"okres Žilina",Višňové,Višňové,"Safe reality s. r. o.",Žilina
JuOZEwkJjt3,sale,land,"okres Dolný Kubín","Dolný Kubín",Mokraď,"RK Dalmia s. r. o.","Dolný Kubín"
JukvtXQXqqN,sale,land,"okres Žilina",Višňové,Višňové,"Mgr. Nina Herčková, RSc.",Žilina
JuIyQ6FpRLK,sale,land,"okres Námestovo",Vasiľov,Vasiľov,"RK Dalmia s. r. o.","Dolný Kubín"
Ju1cmZVZL9p,sale,land,"okres Martin",Martin,NULL,"BALAŽI REAL ESTATE s.r.o.",Topoľčany
JuFjy1TVvsF,sale,land,"okres Bytča",NULL,NULL,"B10 Slovensko, a. s.",Žilina
Ju_utm8DAV9,sale,land,"okres Čadca",Čadca,Rieka,NULL,NULL
JuaoRgRgfTM,sale,land,"okres Kysucké Nové Mesto",Nesluša,Nesluša,"B10 Slovensko, a. s.",Žilina
JuVIY0GAADR,sale,land,"okres Ružomberok","Liptovské Sliače","Liptovské Sliače",NULL,NULL
JuC0KIbI5oB,sale,land,"okres Čadca",Raková,Raková,"1. Reality Rent, s.r.o.",Žilina
JuSc9mnlTNp,sale,land,"okres Liptovský Mikuláš","Liptovská Sielnica","Liptovská Sielnica","Q REAL s.r.o.",Bratislava
JuE8ApW_7eF,sale,land,"okres Čadca",Raková,Raková,"TRI LIPY, s. r. o.",Čadca
JuM_aepmWiE,sale,land,"okres Martin",Sučany,Sučany,"Svoboda&Williams Slovakia s.r.o.",Bratislava
JubvMgx0Xlu,sale,land,"okres Dolný Kubín","Vyšný Kubín","Vyšný Kubín","OREA, s.r.o.","Dolný Kubín"
JuCafss2FQP,sale,land,"okres Liptovský Mikuláš","Liptovský Mikuláš",Vitálišovce,"BIZNIS REALITY, s.r.o.",Bratislava
Ju3KUswXUz_,sale,land,"okres Bytča","Hlboké nad Váhom","Hlboké nad Váhom","RADO Reality",Trenčín
Jup8u-k4Epi,sale,land,"okres Bytča",Predmier,Predmier,"bezmaklérov, s.r.o.",Žilina
JuMCxXCgucb,sale,land,"okres Liptovský Mikuláš","Liptovský Mikuláš","Liptovská Mara - Tatralandia","RK SPIRIT s.r.o.","Liptovský Mikuláš"
Ju6EZukLTos,sale,land,"okres Čadca",Čadca,Podzávoz,"SLNOVRAT, s.r.o.",Olešná
JufB0mJ4fBT,sale,land,"okres Liptovský Mikuláš",Gôtovany,Gôtovany,"REALITY SPOLU",Bratislava
Ju0PCzCiNgB,sale,land,"okres Martin",Žabokreky,Žabokreky,"Buby reality, s.r.o.",Žilina
JuuPBY6Ot9Q,sale,land,"okres Turčianske Teplice","Turčianske Teplice","Turčiansky Michal","Reality Center, s.r.o.",Martin
Jut0tUa88wB,sale,land,"okres Žilina",Rosina,Rosina,"BeMi realitná kancelária",Nitra
JuXoUVcEWR0,sale,land,"okres Žilina",Ovčiarsko,Ovčiarsko,"BeMi realitná kancelária",Nitra
Juz3m4uVQID,sale,land,"okres Dolný Kubín","Oravská Poruba","Oravská Poruba","FINREA - ak vám záleží na výsledku","Dolný Kubín"
JuD0_PFG0ni,sale,land,"okres Turčianske Teplice",Sklené,Sklené,"BV REAL PD, s.r.o.",Prievidza
JuNxdVDCwxP,sale,land,"okres Námestovo",Novoť,Novoť,"RIEŠIME BÝVANIE",Bratislava
JuMd2LfAtcs,sale,land,"okres Čadca","Dlhá nad Kysucou","Dlhá nad Kysucou","1. Reality Rent, s.r.o.",Žilina
JurUF8OlH6u,sale,land,"okres Čadca",Turzovka,Hlinené,"SLNOVRAT, s.r.o.",Olešná
JuKqcvokzbp,sale,land,"okres Martin",Socovce,Socovce,"Buby reality, s.r.o.",Žilina
Jufivg-_9rM,sale,land,"okres Dolný Kubín","Dolný Kubín","Malý Bysterec","OREA, s.r.o.","Dolný Kubín"
JuT8srAbvDd,sale,land,"okres Žilina","Kamenná Poruba","Kamenná Poruba","MGM reality",Žilina
JuiaMHS2a8S,sale,land,"okres Čadca",Oščadnica,Oščadnica,"SLNOVRAT, s.r.o.",Olešná
Juuliwtz_LA,sale,land,"okres Martin",Necpaly,Necpaly,"Realitné kancelárie SR",Bratislava
Ju7kkzPHIc1,sale,land,"okres Žilina",Krasňany,Krasňany,"Reality Alpia",Martin
Ju78oHKGop9R,sale,land,"okres Žilina","Kotrčiná Lúčka","Kotrčiná Lúčka","RS Mansory s.r.o.",Bratislava
JuFPPvDcbTI,sale,land,"okres Liptovský Mikuláš",Východná,Východná,liptoreal,"Liptovský Mikuláš"
Juhz-iIvfOR,sale,land,"okres Dolný Kubín",Zázrivá,Zázrivá,NULL,NULL
Jul34-9Uznd,sale,land,"okres Žilina",Stránske,Stránske,"Realitné kancelárie SR",Bratislava
Juz8n3k63O_,sale,land,"okres Liptovský Mikuláš",Beňadiková,Beňadiková,"Direct Real, spol. s r.o.",Bratislava
JuBCn0k3F8q,sale,land,"okres Ružomberok",Ružomberok,"Nová Hrboltová","RK SPIRIT s.r.o.","Liptovský Mikuláš"
JuPab66wdox,sale,land,"okres Dolný Kubín","Dolný Kubín",Mokraď,"RK Dalmia s. r. o.","Dolný Kubín"
JulxtEGlU-r,sale,land,"okres Turčianske Teplice",Budiš,Budiš,"Reality AK, spol. s r.o.",Martin
JuGjdMCF3ve,sale,land,"okres Žilina",Žilina,Bytčica,"DreamReality s.r.o.",Žilina
JuywSKYexoR,sale,land,"okres Tvrdošín",Zábiedovo,Zábiedovo,NULL,NULL
Jujfy0BeWOa,sale,land,"okres Ružomberok",Bešeňová,Bešeňová,"Reality Alpia",Martin
JumyeY6xnwq,sale,land,"okres Martin",Turany,Turany,"MS Alpex, k.s.",Bratislava
JulrIqN4RR6,sale,land,"okres Liptovský Mikuláš",Hybe,Hybe,"RESIDENCE realitná kancelária","Liptovský Mikuláš"
JuLNEujfvDD,sale,land,"okres Žilina",Strečno,Strečno,"TARGETreal s. r. o.",Žilina
JuIvQC1jBvw,sale,land,"okres Turčianske Teplice",Turček,Turček,"Ing.Tomáš Hudák",Šamorín
JuuH6wyOTi6,sale,land,"okres Bytča",Bytča,"Hliník nad Váhom","TOCA, s.r.o. Realitná činnosť",Bytča
JuR03LYWket,sale,land,"okres Žilina",Stráňavy,Stráňavy,NULL,NULL
JujNQV7OCek,sale,land,"okres Žilina",Lysica,Lysica,"YFE, s.r.o.",Žilina
Jup9VNie0hE,sale,land,"okres Čadca",Dunajov,Dunajov,"ŽILINAREAL, s.r.o.",Žilina
Juv0pBqllQb,sale,land,"okres Námestovo","Oravské Veselé","Oravské Veselé","TL Agentura s.r.o",Senec
JuUpsFDNSQ5,sale,land,"okres Žilina",Ovčiarsko,Ovčiarsko,"Reality Now",Bratislava
Ju_1RuhBfmB,sale,land,"okres Turčianske Teplice",Budiš,Budiš,"Reality AK, spol. s r.o.",Martin
JuPvBOIDHAu,sale,land,"okres Turčianske Teplice",Háj,Háj,"OVERENÉ REALITY","Banská Bystrica"
JuI63s8eiN7,sale,land,"okres Bytča",Jablonové,Jablonové,"RS Mansory s.r.o.",Bratislava
JuO_8tOz9vO,sale,land,"okres Bytča",Bytča,"Bytča - sever","ADH-REAL s.r.o. Hirjaková Adriana",Ovčiarsko
Ju_rYNBo_cl,sale,land,"okres Bytča","Hlboké nad Váhom","Hlboké nad Váhom","Reality Alpia",Martin
JuCzxidULuR,sale,land,"okres Kysucké Nové Mesto",Snežnica,Snežnica,"Safe reality s. r. o.",Žilina
JuCAQgOYAnl,sale,land,"okres Bytča",Predmier,Predmier,"BeMi realitná kancelária",Nitra
JumgYXab6nd,sale,land,"okres Čadca",Klokočov,Klokočov,"SLNOVRAT, s.r.o.",Olešná
Ju4qZolzI7i,sale,land,"okres Martin",Diaková,Diaková,"Reality D.P.A.",Martin
JuMcJmeaUcO,sale,land,"okres Dolný Kubín",Leštiny,Leštiny,"OREA, s.r.o.","Dolný Kubín"
JuNitLYneeA,sale,land,"okres Čadca",Čierne,Čierne,"TRI LIPY, s. r. o.",Čadca
JuVw0hmTAno,sale,land,"okres Liptovský Mikuláš",Gôtovany,Gôtovany,"HALO reality, s.r.o.",Prievidza
JuFVNjbiRLu,sale,land,"okres Martin","Turčianske Kľačany","Turčianske Kľačany","Reality Alpia",Martin
JuSTrxbH01x,sale,land,"okres Žilina",Terchová,Terchová,"B10 Slovensko, a. s.",Žilina
JuGnc9OXHGX,sale,land,"okres Dolný Kubín","Dolný Kubín","Malý Bysterec","RES GROUP, s.r.o.",Žilina
Jus89N19pVi,sale,land,"okres Dolný Kubín",Zázrivá,Zázrivá,donidDevelop,"Dolný Kubín"
JuUCvHHqEXR,sale,land,"okres Žilina",Krasňany,Krasňany,"ŽILINAREAL, s.r.o.",Žilina
JutSxfNRIvL,sale,land,"okres Čadca",Oščadnica,Oščadnica,"TARGETreal s. r. o.",Žilina
Jugj8_j4hFt,sale,land,"okres Čadca",Oščadnica,Oščadnica,"MGM reality",Žilina
JuVy8PAIz5F,sale,land,"okres Liptovský Mikuláš","Liptovský Trnovec","Liptovský Trnovec","Realitné kancelárie SR",Bratislava
Juy-u_8MLhRu,sale,land,"okres Martin",Trebostovo,Trebostovo,"Reality D.P.A.",Martin
Ju-hAf6SLZe,sale,land,"okres Námestovo","Oravská Jasenica","Oravská Jasenica","RECLOUD Reality a.s.",Bratislava
Ju0xrW-pJiv,sale,land,"okres Žilina",Bitarová,Bitarová,"Safe reality s. r. o.",Žilina
JuHEexV-ME8,sale,land,"okres Žilina",Višňové,Višňové,"Georgi Conev",Žilina
JuvqrgrxLUT,sale,land,"okres Kysucké Nové Mesto",Snežnica,Snežnica,"WFG reality, s.r.o.",Žilina
JuvU5Bk6XNz,sale,land,"okres Žilina",Žilina,Trnové,NULL,NULL
JuawfvC1dso,sale,land,"okres Čadca",Makov,Makov,"AP REAL, s.r.o.",Bratislava
JuujbPaHD-l,sale,land,"okres Žilina","Veľká Čierna","Veľká Čierna",NULL,NULL
Ju2DjUagLIB,sale,land,"okres Liptovský Mikuláš","Pavčina Lehota","Pavčina Lehota","RK SPIRIT s.r.o.","Liptovský Mikuláš"
Jud80emJ1h-,sale,land,"okres Žilina",Stráňavy,Stráňavy,Maxareality,Prievidza
JuscYJe7Tsp,sale,land,"okres Žilina",Bitarová,Bitarová,"Realitné kancelárie SR",Bratislava
JuRN7oIh-bh,sale,land,"okres Bytča",Maršová-Rašov,Maršová-Rašov,"RS Mansory s.r.o.",Bratislava
JuYlSKGJKl6,sale,land,"okres Martin","Horný Kalník","Horný Kalník",donidDevelop,"Dolný Kubín"
JuueVyS2YYG,sale,land,"okres Turčianske Teplice","Turčianske Teplice",NULL,"Realitné kancelárie SR",Bratislava
JuPNAYZ0O8w,sale,land,"okres Žilina",Žilina,Trnové,"RIEŠIME BÝVANIE",Bratislava
Ju051T1JZ-l,sale,land,"okres Žilina",Žilina,Trnové,"Realitné kancelárie SR",Bratislava
JufVWTW_WTc,sale,land,"okres Martin",Martin,Záturčie,"BALAŽI REAL ESTATE s.r.o.",Topoľčany
JubU6tCkKGs,sale,land,"okres Žilina",Ovčiarsko,Ovčiarsko,"Kristína Čanády",Bratislava
JusGZR37Rrf,sale,land,"okres Žilina",Terchová,Terchová,"AnoReal, s.r.o.",Stráňavy
JuZCt8qZhH9,sale,land,"okres Čadca","Krásno nad Kysucou",NULL,"1. Reality Rent, s.r.o.",Žilina
JumXY6voBY_,sale,land,"okres Liptovský Mikuláš","Liptovský Mikuláš",Podbreziny,"Eden Real estate, s.r.o.",Hlohovec
JuaTUWSOToW,sale,land,"okres Čadca",Skalité,Skalité,"BeMi realitná kancelária",Nitra
JuhsDIhlQ5j,sale,land,"okres Žilina",Bitarová,Bitarová,"ŽILINAREAL, s.r.o.",Žilina
JumBIzQEPOK,sale,land,"okres Liptovský Mikuláš","Liptovský Trnovec","Liptovský Trnovec","Reality Turiec s.r o.",Martin
JuJ6A83KPJ2,sale,land,"okres Žilina",Stránske,Stránske,"Renovo Reality",Žilina
Ju0Wth3fmJb,sale,land,"okres Liptovský Mikuláš",Kvačany,Kvačany,liptoreal,"Liptovský Mikuláš"
Ju-yASPSDbI,sale,land,"okres Liptovský Mikuláš","Liptovský Mikuláš",Vitálišovce,"BIZNIS REALITY, s.r.o.",Bratislava
Ju7bdNS7Wbu,sale,land,"okres Martin",Valča,Valča,"RECLOUD Reality a.s.",Bratislava
JuFbQAoDlAy,sale,land,"okres Tvrdošín",Habovka,Habovka,"Realitné kancelárie SR",Bratislava
JutmSdgoB8o,sale,land,"okres Martin",Martin,Tomčany,"TARGETreal s. r. o.",Žilina
Ju-TgYUkwq0,sale,land,"okres Kysucké Nové Mesto",Snežnica,Snežnica,NULL,NULL
JuzpdzmMNmY,sale,land,"okres Martin",Valča,Valča,"Piata Avenue",Žilina
JuR5ionId5V,sale,land,"okres Martin",Blatnica,Blatnica,"ALT REAL, s.r.o.",Martin
JuSojlAQh6I,sale,land,"okres Čadca",Skalité,Skalité,"BeMi realitná kancelária",Nitra
JuJs7LAy2Ca,sale,land,"okres Čadca",Klokočov,Klokočov,"TRI LIPY, s. r. o.",Čadca
JunsxT9D57Y,sale,land,"okres Čadca",Svrčinovec,Svrčinovec,"SLNOVRAT, s.r.o.",Olešná
JuyhzX_H2M6,sale,land,"okres Čadca",Skalité,Skalité,"Realitná kancelária",Bratislava
JuFDWrhfI93,sale,land,"okres Bytča","Veľké Rovné","Veľké Rovné","Reality Alpia",Martin
JuRGpe_vleW,sale,land,"okres Ružomberok",Bešeňová,Bešeňová,"Apollo House",Bratislava
JuOtIHsfVL7r,sale,land,"okres Martin",Ratkovo,Ratkovo,"Buby reality, s.r.o.",Žilina
JuIk-JMXLCM,sale,land,"okres Žilina",Višňové,Višňové,"Reality Alpia",Martin
JutkRgdiYBy,sale,land,"okres Ružomberok","Liptovská Štiavnica","Liptovská Štiavnica","OVERENÉ REALITY","Banská Bystrica"
Ju2owwvd0Ks,sale,land,"okres Námestovo","Oravská Lesná","Oravská Lesná",NULL,NULL
JuCvtDrSDpm,sale,land,"okres Žilina",Brezany,Brezany,"Effecting s.r.o.",Bratislava
Ju120_vTrodT,sale,land,"okres Žilina",Hôrky,Hôrky,"TARGETreal s. r. o.",Žilina
Juf2tcjNcp8,sale,land,"okres Liptovský Mikuláš",Gôtovany,Gôtovany,"OVERENÉ REALITY","Banská Bystrica"
Juvljk31CAz,sale,land,"okres Dolný Kubín",Žaškov,Žaškov,"RK Dalmia s. r. o.","Dolný Kubín"
JuzXf_udfUb,sale,land,"okres Bytča",Bytča,Pšurnovice,NULL,NULL
JuTnhisKw2A,sale,land,"okres Čadca",Makov,Makov,"AP REAL, s.r.o.",Bratislava
JuOs44Ibx4E,sale,land,"okres Martin","Kláštor pod Znievom","Kláštor pod Znievom","RE/MAX Slovakia",Bratislava
JuArm-RO0qx,sale,land,"okres Liptovský Mikuláš","Liptovský Mikuláš","Liptovská Ondrašová","RESIDENCE realitná kancelária","Liptovský Mikuláš"
JuNwfzXAT-U,sale,land,"okres Martin",Príbovce,Príbovce,"LIF REAL",Martin
JuI1xGqBjgz,sale,land,"okres Martin",Turany,Turany,"FINREA - ak vám záleží na výsledku","Dolný Kubín"
Jue9eL-lcIx,sale,land,"okres Čadca",Raková,Raková,"SLNOVRAT, s.r.o.",Olešná
JuaLB21Fxl_,sale,land,"okres Liptovský Mikuláš","Liptovský Mikuláš","Vrbica - Nábrežie","RK SPIRIT s.r.o.","Liptovský Mikuláš"
Ju2-GQn0P3G,sale,land,"okres Martin",Martin,Priekopa,"MAX PROFI REALITY",Martin
JuIBgVzzEhH,sale,land,"okres Čadca",Raková,Raková,"1. Reality Rent, s.r.o.",Žilina
JuCe3m72ocp,sale,land,"okres Martin","Turčianska Štiavnička","Turčianska Štiavnička","ALT REAL, s.r.o.",Martin
Julifs4IZ1R,sale,land,"okres Martin",Martin,Stráne,"Reality AK, spol. s r.o.",Martin
JuIesZUseBj,sale,land,"okres Žilina",Zbyňov,Zbyňov,"Realitné kancelárie SR",Bratislava
JuPr2yDWLko,sale,land,"okres Žilina","Teplička nad Váhom","Teplička nad Váhom","Realitné kancelárie SR",Bratislava
JuX4O4UZ7BH_,sale,land,"okres Ružomberok",Ivachnová,Ivachnová,"TUreality s.r.o.",Žilina
JutBiDVPJVF,sale,land,"okres Žilina",Višňové,Višňové,"StorkReal s. r. o.","Rajecká Lesná"
Juo5DPi-NX1,sale,land,"okres Ružomberok","Liptovské Sliače","Liptovské Sliače","Apollo House",Bratislava
Juvu6M7-uvD,sale,land,"okres Žilina",Žilina,Budatín,"WFG reality, s.r.o.",Žilina
JuePvBO4qUqh,sale,land,"okres Žilina",Žilina,Brodno,"MGM reality",Žilina
JuPJNYaejL9,sale,land,"okres Čadca",Čadca,"U Hluška","WFG reality, s.r.o.",Žilina
JuqAOfMLMS5,sale,land,"okres Ružomberok",Likavka,Likavka,"PSynchro RK31",Ružomberok
JusxvqCVQpI,sale,land,"okres Bytča","Hlboké nad Váhom","Hlboké nad Váhom","TOCA, s.r.o. Realitná činnosť",Bytča
JuvLnr4RMW3,sale,land,"okres Martin",Sučany,Sučany,NULL,NULL
JuoQejBMBhm,sale,land,"okres Martin",Martin,Priekopa,"FINREA - ak vám záleží na výsledku","Dolný Kubín"
JuOx6alhDY_,sale,land,"okres Bytča",Štiavnik,Štiavnik,"TUreality s.r.o.",Žilina
JuIwevgorag,sale,land,"okres Martin",Sučany,Sučany,"Reality D.P.A.",Martin
JuTkoqi-k1y,sale,land,"okres Ružomberok","Liptovské Sliače","Liptovské Sliače","Apollo House",Bratislava
JuJ_jH0Ka-F,sale,land,"okres Turčianske Teplice",Dubové,Dubové,"RES GROUP, s.r.o.",Žilina
JuiAYjSrynL,sale,land,"okres Žilina",Terchová,Terchová,"RS Mansory s.r.o.",Bratislava
JuQX408bw8H,sale,land,"okres Dolný Kubín",Žaškov,Žaškov,"Bosen Group s.r.o.",Bratislava
Ju3teAVBtOxF,sale,land,"okres Liptovský Mikuláš",Beňadiková,Beňadiková,"GERT , s.r.o.","Liptovský Mikuláš"
JurgCKxDYu4,sale,land,"okres Žilina",Svederník,Svederník,"MGM reality",Žilina
JufImX742Ut,sale,land,"okres Liptovský Mikuláš","Liptovský Mikuláš",Podbreziny,"AstonReal s.r.o.","Banská Bystrica"
JuLYYDsAsCoc,sale,land,"okres Námestovo","Oravská Jasenica","Oravská Jasenica","RECLOUD Reality a.s.",Bratislava
JuCdelRdGA1,sale,land,"okres Martin",Vrútky,"Karvaša a Bláhovca","Reality D.P.A.",Martin
Ju6jOmyHOzk,sale,land,"okres Žilina",Krasňany,Krasňany,"ŽILINAREAL, s.r.o.",Žilina
JuLQGD34QeZ,sale,land,"okres Žilina",Ovčiarsko,Ovčiarsko,"Reality Alpia",Martin
JuJ9RlquSBH,sale,land,"okres Dolný Kubín","Dolný Kubín",Mokraď,"RK Dalmia s. r. o.","Dolný Kubín"
JuiHO4ziDsX,sale,land,"okres Liptovský Mikuláš","Liptovský Mikuláš",Podbreziny,"RESIDENCE realitná kancelária","Liptovský Mikuláš"
JuWsp-GzHhf,sale,land,"okres Liptovský Mikuláš",Vlachy,Vlachy,"RESIDENCE realitná kancelária","Liptovský Mikuláš"
JunNzT26gJt,sale,land,"okres Žilina",Kunerad,Kunerad,"Realitka pre každého",Žilina
JuqRYP4Ii_m,sale,land,"okres Martin",Necpaly,Necpaly,"ALT REAL, s.r.o.",Martin
JureB0xysPE,sale,land,"okres Martin",Necpaly,Necpaly,"B10 Slovensko, a. s.",Žilina
JueabChri5n,sale,land,"okres Žilina","Kotrčiná Lúčka","Kotrčiná Lúčka","TARGETreal s. r. o.",Žilina
JuO_g9A6a9wi,sale,land,"okres Martin",Záborie,Záborie,NULL,NULL
Ju4ExXlTo3S,sale,land,"okres Martin",Necpaly,Necpaly,"Ing.Zuzana Paverová","Turčianske Teplice"
Ju5eolzpNXf,sale,land,"okres Bytča","Hlboké nad Váhom","Hlboké nad Váhom","ŽILINAREAL, s.r.o.",Žilina
Juovk415JFh,sale,land,"okres Žilina",Žilina,Rosinky,"Reality Alpia",Martin
Ju6amfxFDHs,sale,land,"okres Bytča","Hlboké nad Váhom","Hlboké nad Váhom","TUreality s.r.o.",Žilina
JuPvieB5wD8,sale,land,"okres Žilina",Mojš,Mojš,"AnReal s. r. o.",Mojš
JuE953fYUaJ,sale,land,"okres Martin",Lipovec,Lipovec,"Realitná kancelária",Bratislava
JuUwHBfeaJH,sale,land,"okres Kysucké Nové Mesto","Horný Vadičov","Horný Vadičov","ROSA reality","Kysucké Nové Mesto"
JulnuV6b4dq,sale,land,"okres Martin",Dražkovce,Dražkovce,"Real Reality Development s.r.o.",Martin
Julb8CQS_U3,sale,land,"okres Turčianske Teplice",Sklené,Sklené,"Realitná kancelária",Bratislava
JuSuQFG8xu1,sale,land,"okres Čadca",Makov,Makov,"1. Reality Rent, s.r.o.",Žilina
JuwNYa-6iOH,sale,land,"okres Žilina",Bitarová,Bitarová,"BeMi realitná kancelária",Nitra
JuUlwzFbYFD,sale,land,"okres Dolný Kubín",Kraľovany,Kraľovany,NULL,NULL
JuJOjhQbYoo,sale,land,"okres Turčianske Teplice","Turčianske Teplice","Turčiansky Michal","Ing.Zuzana Paverová","Turčianske Teplice"
JuRzGNU0BD2,sale,land,"okres Turčianske Teplice","Turčianske Teplice",Stred,"Direct Real, spol. s r.o.",Bratislava
Juk20aBZ0Ls,sale,land,"okres Čadca",Raková,Raková,"SLNOVRAT, s.r.o.",Olešná
Ju00kypR_p_,sale,land,"okres Žilina",Rajec,Rajec,"AnoReal, s.r.o.",Stráňavy
JuEWO1OepoK,sale,land,"okres Martin","Kláštor pod Znievom","Kláštor pod Znievom","Reality AK, spol. s r.o.",Martin
JutWL9k4SH-,sale,land,"okres Dolný Kubín","Dolný Kubín","Malý Bysterec","RK Dalmia s. r. o.","Dolný Kubín"
JuwL0eI__3n8,sale,land,"okres Kysucké Nové Mesto",Rudina,Rudina,"WFG reality, s.r.o.",Žilina
Ju7PRPwxRRPQ,sale,land,"okres Žilina",Podhorie,Podhorie,"BeMi realitná kancelária",Nitra
Ju7VNOVgGEX,sale,land,"okres Martin",Sučany,Sučany,NULL,NULL
JuzcT2nMl5E,sale,land,"okres Kysucké Nové Mesto","Horný Vadičov","Horný Vadičov","Mamud Reality s. r. o.",Žilina
JutEPw1J-xD,sale,land,"okres Žilina",Žilina,Zádubnie,"BeMi realitná kancelária",Nitra
JubLSsddj46,sale,land,"okres Liptovský Mikuláš","Liptovský Mikuláš","Staré mesto","1.BCR REAL ESTATE SLOVAKIA",Bratislava
JuMUzvKUv9i,sale,land,"okres Martin",Martin,Záturčie,"BALAŽI REAL ESTATE s.r.o.",Topoľčany
Ju2dDwgittj,sale,land,"okres Žilina",Stránske,Stránske,"Ing. Gerlinda Bérešová - Esti",Žilina
JuYCEnwkjLX,sale,land,"okres Bytča",Súľov-Hradná,Súľov-Hradná,"TOCA, s.r.o. Realitná činnosť",Bytča
JulcGjr0HkD,sale,land,"okres Martin",Lipovec,Lipovec,"Piata Avenue",Žilina
JuVP0HZPxQP,sale,land,"okres Čadca",Oščadnica,Oščadnica,"SLNOVRAT, s.r.o.",Olešná
JuDxiaz2nPZ,sale,land,"okres Liptovský Mikuláš","Liptovská Anna","Liptovská Anna","M&G, s.r.o.",Bratislava
JuV3Yr0Tkt7,sale,land,"okres Žilina",Terchová,Terchová,"Realitné kancelárie SR",Bratislava
Ju3lYLQgij-,sale,land,"okres Čadca",Čadca,Rieka,"HOLESTIAK.sk reality s.r.o.",Čadca
Ju7o2vN-Kj5,sale,land,"okres Žilina",Žilina,Trnové,"RES GROUP, s.r.o.",Žilina
JuYtpUq3Ljt,sale,land,"okres Martin",Necpaly,Necpaly,"ALT REAL, s.r.o.",Martin
JuLF3n8V0u0,sale,land,"okres Turčianske Teplice","Slovenské Pravno","Slovenské Pravno","DOBRÉ REALITY s.r.o.",Prievidza
Jua-87P0brZ,sale,land,"okres Liptovský Mikuláš","Liptovská Anna","Liptovská Anna","M&G, s.r.o.",Bratislava
Judikv0pXVX,sale,land,"okres Kysucké Nové Mesto",Snežnica,Snežnica,"RK4 REALITY",Bratislava
JuQE6iaf57k,sale,land,"okres Žilina",Ovčiarsko,Ovčiarsko,"RS Mansory s.r.o.",Bratislava
JuZenYjsJ5j,sale,land,"okres Žilina","Lietavská Svinná-Babkov","Lietavská Svinná-Babkov","Safe reality s. r. o.",Žilina
JunoJZqtPKv,sale,land,"okres Bytča",Kotešová,Kotešová,"RIEŠIME BÝVANIE",Bratislava
JuFDHnuYFxT,sale,land,"okres Martin",Martin,Sever,"RECOM, s.r.o.",Martin
JuCZD2XgLKU,sale,land,"okres Čadca","Krásno nad Kysucou",Kalinov,NULL,NULL
JuB4oTBd8tj,sale,land,"okres Žilina","Dolný Hričov","Dolný Hričov","MGM reality",Žilina
Ju6v5X2xr8N,sale,land,"okres Žilina",Turie,Turie,"Ing. Gerlinda Bérešová - Esti",Žilina
JumpjkKxSdz,sale,land,"okres Dolný Kubín",Zázrivá,Zázrivá,donidDevelop,"Dolný Kubín"
JuQ7vhVLfEg,sale,land,"okres Námestovo",Námestovo,NULL,"RK Dalmia s. r. o.","Dolný Kubín"
JuvOhFg_IIq,sale,land,"okres Martin","Turčiansky Peter","Turčiansky Peter","Reality D.P.A.",Martin
JubkW3740OB,sale,land,"okres Bytča",Kotešová,Kotešová,"RIEŠIME BÝVANIE",Bratislava
Ju8TvPJCfAu,sale,land,"okres Žilina",Terchová,Terchová,"HOLESTIAK.sk reality s.r.o.",Čadca
Jue0k_6k3BC,sale,land,"okres Martin",Podhradie,Podhradie,"Reality Turiec s.r o.",Martin
Juy9B79A4J4,sale,land,"okres Turčianske Teplice",Jazernica,Jazernica,"Realitné kancelárie SR",Bratislava
Jufbp419kLn,sale,land,"okres Liptovský Mikuláš","Uhorská Ves","Uhorská Ves",NULL,NULL
JuoM1a2vfjr,sale,land,"okres Čadca",Čadca,Kyčerka,"1. Reality Rent, s.r.o.",Žilina
JuCX6DjrhAx,sale,land,"okres Liptovský Mikuláš",Kvačany,Kvačany,"Realitná kancelária",Bratislava
Ju3m-dUNJYI,sale,land,"okres Liptovský Mikuláš","Liptovské Beharovce","Liptovské Beharovce","bezmaklérov, s.r.o.",Žilina
JuaWAXYq8CN,sale,land,"okres Kysucké Nové Mesto","Dolný Vadičov","Dolný Vadičov","B10 Slovensko, a. s.",Žilina
JuAOp73hEtJ,sale,land,"okres Turčianske Teplice",Bodorová,Bodorová,"TARGETreal s. r. o.",Žilina
Juml9ZbpWBM,sale,land,"okres Žilina",Rosina,Rosina,"MGM reality",Žilina
JuoqzBB_9Ic,sale,land,"okres Dolný Kubín",Párnica,Párnica,donidDevelop,"Dolný Kubín"
JuLeQIMuEoJ,sale,land,"okres Turčianske Teplice",Mošovce,Mošovce,"Vianema s.r.o.",Bratislava
JuvLJIIUOfY,sale,land,"okres Liptovský Mikuláš",Lazisko,Lazisko,"Direct Real, spol. s r.o.",Bratislava
Ju3PLVbW63-,sale,land,"okres Dolný Kubín",Veličná,Veličná,"FINREA - ak vám záleží na výsledku","Dolný Kubín"
Jup1kPgQpEa,sale,land,"okres Žilina",Lietava,Lietava,"BeMi realitná kancelária",Nitra
JuVYqJ0JX1k,sale,land,"okres Žilina",Žilina,Budatín,"Reality Alpia",Martin
JuOOdwBZpnq,sale,land,"okres Dolný Kubín",Pribiš,Pribiš,"OREA, s.r.o.","Dolný Kubín"
JuFHiiWQjoz,sale,land,"okres Žilina","Veľká Čierna","Veľká Čierna","StorkReal s. r. o.","Rajecká Lesná"
JuxCQhpzaPp,sale,land,"okres Martin",Trnovo,Trnovo,"JMB REALITY s.r.o.",Ľubietová
Ju2vqxn_y5h,sale,land,"okres Čadca",Skalité,Skalité,"1. Reality Rent, s.r.o.",Žilina
JuVQc2LdTTG,sale,land,"okres Martin",Sučany,Sučany,"FINREA - ak vám záleží na výsledku","Dolný Kubín"
JuUUpLR6AWM,sale,land,"okres Žilina","Dolná Tižina","Dolná Tižina",NULL,NULL
Juod5b-P5x2,sale,land,"okres Žilina",Žilina,Budatín,"Real Estate Group4U","Považská Bystrica"
Julqx-OsWd4,sale,land,"okres Bytča","Hlboké nad Váhom","Hlboké nad Váhom","TOCA, s.r.o. Realitná činnosť",Bytča
JuNDmq9QqWV,sale,land,"okres Liptovský Mikuláš",Východná,Východná,"HALO reality, s.r.o.",Prievidza
JuAW0SJGZe9,sale,land,"okres Žilina","Kotrčiná Lúčka","Kotrčiná Lúčka","RS Mansory s.r.o.",Bratislava
JuL1tbUXhpj,sale,land,"okres Kysucké Nové Mesto",Lodno,Lodno,"WFG reality, s.r.o.",Žilina
Ju55_tGfxfr,sale,land,"okres Liptovský Mikuláš","Liptovský Mikuláš",Stošice,"KRUPPKY, s.r.o.","Liptovský Mikuláš"
Juv_OE5QhUq,sale,land,"okres Žilina",Terchová,Terchová,"EASY centrum bývania, s.r.o.",Žilina
Ju68Dykgvdc,sale,land,"okres Žilina","Dolná Tižina","Dolná Tižina","TUreality s.r.o.",Žilina
Ju8oY2HaCv1,sale,land,"okres Martin",Martin,Jahodníky,"Reality Alpia",Martin
JuRanZisa5Z,sale,land,"okres Žilina",Marčk,Marčk,"MGM reality",Žilina
Juu_JI3IbCE,rent,land,"okres Bytča",Bytča,"Bytča - sever","MGM reality",Žilina
Juz-5oPyoQW,sale,land,"okres Žilina",Rosina,Rosina,"MGM reality",Žilina
Ju0UmYe9Px-,sale,land,"okres Čadca",Staškov,Staškov,"BeMi realitná kancelária",Nitra
JuDwRiMatNB,sale,land,"okres Martin",Sklabiňa,Sklabiňa,"ALT REAL, s.r.o.",Martin
JugG3vyzxv0,sale,land,"okres Martin","Turčianska Štiavnička","Turčianska Štiavnička","Reality Center, s.r.o.",Martin
Ju5LTX3e1H6,sale,land,"okres Čadca",Oščadnica,Oščadnica,"BeMi realitná kancelária",Nitra
JuMxwj9KkkZ,sale,land,"okres Námestovo","Oravská Jasenica","Oravská Jasenica","RE/MAX Slovakia",Bratislava
JuicyD7lpub,sale,land,"okres Žilina",Žilina,Budatín,"EASY centrum bývania, s.r.o.",Žilina
JubcbkupV-K,sale,land,"okres Bytča",Bytča,"Bytča - sever","Reality IQ, s.r.o.",Žilina
Ju4Q_gSlKhh,sale,land,"okres Žilina",Kľače,Kľače,"Realitné kancelárie SR",Bratislava
JuQ9QuExnST,sale,land,"okres Martin",Martin,Záturčie,"BALAŽI REAL ESTATE s.r.o.",Topoľčany
JuSwT_XLgPV,sale,land,"okres Ružomberok",Ružomberok,"Revúcka dolina","PhDr. Miloš Kocúr - BKM Consulting",Skalité
JuD1-Yw-h6R,sale,land,"okres Žilina","Dolná Tižina","Dolná Tižina",NULL,NULL
JuDFS7ZcUKC,sale,land,"okres Čadca",Makov,Makov,"AP REAL, s.r.o.",Bratislava
JugiMieeEs_,sale,land,"okres Martin",Vrútky,"Dolné Vrútky","RECLOUD Reality a.s.",Bratislava
JunYVarhNpk,sale,land,"okres Žilina","Dolný Hričov","Dolný Hričov","Mgr. Renáta Kolenčíková",Nitra
JuOBPA2nCGL,sale,land,"okres Žilina","Teplička nad Váhom","Teplička nad Váhom","Realitná kancelária SYMPATIA REAL s. r. o.",Žilina
JuwNxJhCDfg,sale,land,"okres Bytča",Bytča,"Hliník nad Váhom","TOCA, s.r.o. Realitná činnosť",Bytča
JuvQg4wxWiM,sale,land,"okres Žilina",Bitarová,Bitarová,"Realitka pre každého",Žilina
JuVBbGfUDf1,sale,land,"okres Ružomberok",Ivachnová,Ivachnová,"New Ways Reality&Financie",Poprad
JuOwj2nckB1,sale,land,"okres Žilina",Rosina,Rosina,"X-REAL, s. r. o.",Žilina
JulYy4ldFQa1,sale,land,"okres Žilina",Bitarová,Bitarová,"Safe reality s. r. o.",Žilina
JuflONHQOiV,sale,land,"okres Dolný Kubín","Vyšný Kubín","Vyšný Kubín","ZRUBY RAJEC, s.r.o.",Rajec
JuvkGcZpCKL,sale,land,"okres Námestovo","Oravská Lesná","Oravská Lesná","BeMi realitná kancelária",Nitra
JutxQo51THJ,sale,land,"okres Čadca",Raková,Raková,"KUBALA REALITY, s.r.o.",Čadca
JuY_kixqoQW,sale,land,"okres Liptovský Mikuláš",Kvačany,Kvačany,"agreal.sk, spol. s r.o.",Bratislava
JuafO7D1C5y,sale,land,"okres Liptovský Mikuláš",Jamník,Jamník,"BEŇO REALITY","Liptovský Mikuláš"
JuojulIxoMm,sale,land,"okres Liptovský Mikuláš",Pribylina,Pribylina,"Direct Real, spol. s r.o.",Bratislava
Juk7ESYVk3r,sale,land,"okres Námestovo",Vasiľov,Vasiľov,"RK Dalmia s. r. o.","Dolný Kubín"
JuDPVSkdjbb,sale,land,"okres Bytča",Kotešová,Kotešová,"Safe reality s. r. o.",Žilina
JuSMDjKsDMw,sale,land,"okres Bytča","Veľké Rovné","Veľké Rovné","TARGETreal s. r. o.",Žilina
JuK4j_sbxpH,sale,land,"okres Žilina",Kľače,Kľače,"StorkReal s. r. o.","Rajecká Lesná"
JuDu2MlXcTn,sale,land,"okres Martin",Ratkovo,Ratkovo,"Direct Real, spol. s r.o.",Bratislava
JuvZDfX9h0j,sale,land,"okres Čadca",Staškov,Staškov,"HOLESTIAK.sk reality s.r.o.",Čadca
JufxtZp_N5P,sale,land,"okres Liptovský Mikuláš","Závažná Poruba","Závažná Poruba","HALO reality, s.r.o.",Prievidza
JuB8mFJnVT3,sale,land,"okres Martin",Príbovce,Príbovce,"Reality ASTORIA, s.r.o.",Martin
JuNyZWoxw0A,sale,land,"okres Martin","Turčiansky Peter","Turčiansky Peter","TARGETreal s. r. o.",Žilina
Juu-qpDOYIv,sale,land,"okres Žilina",Mojš,Mojš,"Mamud Reality s. r. o.",Žilina
JuOPdmvhEwO,sale,land,"okres Martin",Necpaly,Necpaly,"B10 Slovensko, a. s.",Žilina
JuJ2_wybbaK,sale,land,"okres Žilina",Žilina,"Žilinská Lehota","ETHOS reality, s. r. o.","Krásno nad Kysucou"
JueBhRnur92,sale,land,"okres Čadca",Čadca,Podzávoz,"1. Reality Rent, s.r.o.",Žilina
JuvVzNYO2xk,sale,land,"okres Liptovský Mikuláš","Liptovské Kľačany","Liptovské Kľačany","AstonReal s.r.o.","Banská Bystrica"
Ju_fVXnqYH3,sale,land,"okres Čadca","Dlhá nad Kysucou","Dlhá nad Kysucou","WFG reality, s.r.o.",Žilina
Ju-SZF8QBN4,sale,land,"okres Čadca",Oščadnica,Oščadnica,"SLNOVRAT, s.r.o.",Olešná
JufBtLiGIPk,sale,land,"okres Kysucké Nové Mesto",Rudinská,Rudinská,"BR ACADEMY, s. r. o.","Kysucké Nové Mesto"
JudMigoHhfK,sale,land,"okres Liptovský Mikuláš","Liptovská Sielnica","Liptovská Sielnica","TUreality s.r.o.",Žilina
JuWPMQs-4VM,sale,land,"okres Martin",Lipovec,Lipovec,"Real Reality Development s.r.o.",Martin
JuR6b65HC4k,sale,land,"okres Čadca",Skalité,Skalité,"1. Reality Rent, s.r.o.",Žilina
JuzOGUk6m--,sale,land,"okres Martin",Šútovo,Šútovo,"BALAŽI REAL ESTATE s.r.o.",Topoľčany
JuGRHQWEm6t,sale,land,"okres Žilina",Divina,Divina,"Real Estate Group4U","Považská Bystrica"
JuxeTnNf4SA,sale,land,"okres Žilina",Žilina,Strážov,"MGM reality",Žilina
JuvbiaDUOpH,sale,land,"okres Žilina",Žilina,Budatín,"RS Mansory s.r.o.",Bratislava
JusTHrdS9S-,sale,land,"okres Čadca",Korňa,Korňa,"TRI LIPY, s. r. o.",Čadca
JuZHBvu_y5k,sale,land,"okres Žilina","Lietavská Lúčka","Lietavská Lúčka","T.S.reality, s.r.o.",Brno
JuFCukJYH3o,sale,land,"okres Dolný Kubín","Dolný Kubín",Záskalie,"OREA, s.r.o.","Dolný Kubín"
JufaT9ciPca,sale,land,"okres Liptovský Mikuláš",Ľubeľa,Ľubeľa,G-REAL,"Liptovský Mikuláš"
JupbvvbWZFWc,sale,land,"okres Martin",Martin,Sever,"RECOM, s.r.o.",Martin
JugYDWGaYrW,sale,land,"okres Žilina","Dolný Hričov","Dolný Hričov","RS Mansory s.r.o.",Bratislava
JuTbm-HYgXk,sale,land,"okres Čadca",Čadca,NULL,"SLNOVRAT, s.r.o.",Olešná
JujaAjDinmCV,sale,land,"okres Liptovský Mikuláš",Ižipovce,Ižipovce,Limaxreal,"Liptovský Mikuláš"
JuwpErO1oQo,sale,land,"okres Martin",Vrútky,"Karvaša a Bláhovca","TARGETreal s. r. o.",Žilina
JuXyzVvMfD0,sale,land,"okres Dolný Kubín","Dolný Kubín","Veľký Bysterec","OREA, s.r.o.","Dolný Kubín"
Jur2dnOd-h4,sale,land,"okres Čadca",Čadca,Rieka,"SLNOVRAT, s.r.o.",Olešná
JuL88g5odPF,sale,land,"okres Čadca",Čadca,Rieka,"1. Reality Rent, s.r.o.",Žilina
Ju9K2ce3tAr,sale,land,"okres Dolný Kubín",Osádka,Osádka,"FINREA - ak vám záleží na výsledku","Dolný Kubín"
Ju-NDMj5LtQ,sale,land,"okres Ružomberok",Štiavnička,Štiavnička,NULL,NULL
JuUM9axhhyU,sale,land,"okres Žilina","Lietavská Svinná-Babkov","Lietavská Svinná-Babkov","Realitné kancelárie SR",Bratislava
JuAZ6fgfjuZ,sale,land,"okres Čadca",Čierne,Čierne,"AnReal s. r. o.",Mojš
JucTCCPlXaR,sale,land,"okres Martin",Martin,NULL,"ŽILINAREAL, s.r.o.",Žilina
JuhoPxrS652,sale,land,"okres Ružomberok",Hubová,Hubová,"REALITY SPOLU",Bratislava
Juvwo3yus2z,sale,land,"okres Žilina",Bitarová,Bitarová,"RS Mansory s.r.o.",Bratislava
Ju-MIVcElKG,sale,land,"okres Žilina",Žilina,Budatín,NULL,NULL
Ju_1W8VjrZV,sale,land,"okres Žilina",Bitarová,Bitarová,"BeMi realitná kancelária",Nitra
Ju4W-q9O29Z,sale,land,"okres Bytča",Predmier,Predmier,"Vianema s.r.o.",Bratislava
Juw8Xkyweh9,sale,land,"okres Žilina",Rosina,Rosina,"MGM reality",Žilina
JuQ6qmIjohw,sale,land,"okres Námestovo",Námestovo,Čerchle,"BeMi realitná kancelária",Nitra
JuN4Ko5MTcJ,sale,land,"okres Liptovský Mikuláš","Liptovský Mikuláš",Podbreziny,"Direct Real, spol. s r.o.",Bratislava
JusslN-MwRD,sale,land,"okres Čadca",Makov,Makov,"1. Reality Rent, s.r.o.",Žilina
JupMjKkwPeV,sale,land,"okres Liptovský Mikuláš",Kvačany,Kvačany,"Realitná kancelária",Bratislava
JutcLxhDE3o,sale,land,"okres Žilina",Kunerad,Kunerad,"StorkReal s. r. o.","Rajecká Lesná"
JukIBS7GOVs,sale,land,"okres Martin",Martin,Priekopa,"Buby reality, s.r.o.",Žilina
JuAgx4tBYzv,sale,land,"okres Čadca",Staškov,Staškov,"1. Reality Rent, s.r.o.",Žilina
JuDHH4NlCyqo,sale,land,"okres Liptovský Mikuláš","Svätý Kríž","Svätý Kríž","AstonReal s.r.o.","Banská Bystrica"
Jujch7drC6q,sale,land,"okres Liptovský Mikuláš","Liptovský Ján","Liptovský Ján","RE/MAX Slovakia",Bratislava
JusCy__yyRZ,sale,land,"okres Turčianske Teplice",Mošovce,Mošovce,"Reality D.P.A.",Martin
JuW8aAxjxNx,sale,land,"okres Liptovský Mikuláš",Prosiek,Prosiek,liptoreal,"Liptovský Mikuláš"
JutdkjPNxRS,sale,land,"okres Žilina",Rosina,Rosina,"TARGETreal s. r. o.",Žilina
JuW_12z2Y4f,sale,land,"okres Martin",Belá-Dulice,Belá-Dulice,"Reality Turiec s.r o.",Martin
Ju4g9YHwdlx,sale,land,"okres Žilina",Zbyňov,Zbyňov,"StorkReal s. r. o.","Rajecká Lesná"
Ju4ms2VGYuHG,sale,land,"okres Žilina",Terchová,Terchová,"RS Mansory s.r.o.",Bratislava
JuEpEk6fWjH,sale,land,"okres Žilina","Dolný Hričov","Dolný Hričov","RS Mansory s.r.o.",Bratislava
JuxTRMglx-W,sale,land,"okres Čadca",Raková,Raková,"BeMi realitná kancelária",Nitra
JuvJszhFBaP,sale,land,"okres Turčianske Teplice",Mošovce,Mošovce,"Real Reality Development s.r.o.",Martin
JuixgWiuI-g,sale,land,"okres Martin",Príbovce,Príbovce,"RE/MAX Slovakia",Bratislava
Judc1EdBcup,sale,land,"okres Turčianske Teplice",Kaľamenová,Kaľamenová,"Reality Alpia",Martin
JudYr0kY49Z,sale,land,"okres Martin",Blatnica,Blatnica,"ALT REAL, s.r.o.",Martin
JuPbTvxxFti,sale,land,"okres Žilina",Krasňany,Krasňany,NULL,NULL
JutjlsqdjlN,sale,land,"okres Martin",Diaková,Diaková,"B10 Slovensko, a. s.",Žilina
Ju3PrO2eSPN,sale,land,"okres Čadca",Korňa,Korňa,"ETHOS reality, s. r. o.","Krásno nad Kysucou"
Ju2NQev2SId,sale,land,"okres Liptovský Mikuláš",Jakubovany,Jakubovany,NULL,NULL
JuxYYBPBmey,sale,land,"okres Martin",Vrícko,Vrícko,"BALAŽI REAL ESTATE s.r.o.",Topoľčany
JutnFvbh17V,sale,land,"okres Liptovský Mikuláš","Liptovský Peter","Liptovský Peter","RE/MAX Slovakia",Bratislava
JutbpFV_5ly,sale,land,"okres Martin",Lipovec,Lipovec,"Reality AK, spol. s r.o.",Martin
JuscZOsY1gt,sale,land,"okres Čadca",Staškov,Staškov,"Safe reality s. r. o.",Žilina
JuDU5D47va2,sale,land,"okres Ružomberok",Komjatná,Komjatná,"FINREA - ak vám záleží na výsledku","Dolný Kubín"
JuXhVixLVGG,sale,land,"okres Žilina","Lietavská Svinná-Babkov","Lietavská Svinná-Babkov","Real Estate Group4U","Považská Bystrica"
JuLRr4cyAPf,sale,land,"okres Námestovo","Oravská Lesná","Oravská Lesná","Reality IQ, s.r.o.",Žilina
Ju9cyC56Bl4,sale,land,"okres Kysucké Nové Mesto","Kysucké Nové Mesto",Suľkov,"1. Reality Rent, s.r.o.",Žilina
Ju7pU7Ouw32,sale,land,"okres Čadca",Korňa,Korňa,"RECLOUD Reality a.s.",Bratislava
Ju9SYtrH9Xk,sale,land,"okres Turčianske Teplice","Horná Štubňa","Horná Štubňa","Realitná kancelária",Bratislava
Ju9A78TekYt,sale,land,"okres Bytča","Veľké Rovné","Veľké Rovné","IDEÁLNE BÝVANIE, s.r.o.",Žilina
JuMK_ZB-5jG,sale,land,"okres Martin",Valča,Valča,"Reality MT s.r.o.",Martin
Jutfm6VQ_-o,sale,land,"okres Žilina",Rosina,Rosina,"MGM reality",Žilina
JuZeBBGEyyq,sale,land,"okres Martin",Vrútky,"Karvaša a Bláhovca","Reality D.P.A.",Martin
JuYoMQAxiBt,sale,land,"okres Žilina","Kamenná Poruba","Kamenná Poruba","Real Estate Group4U","Považská Bystrica"
JuzTBHETb5G,sale,land,"okres Bytča",Kolárovice,Kolárovice,"Romantické Chalupy, s.r.o.",Bratislava
Ju_Srz9D_6-,sale,land,"okres Turčianske Teplice",Čremošné,Čremošné,"Romantické Chalupy, s.r.o.",Bratislava
Ju7lkcp0j1X,sale,land,"okres Ružomberok","Liptovské Sliače","Liptovské Sliače",NULL,NULL
JuxrV_XvqkB,sale,land,"okres Žilina",Ovčiarsko,Ovčiarsko,"House Real Žilina",Žilina
JuP8rlC8Xco,sale,land,"okres Žilina",Žilina,Trnové,"ATP stavby s.r.o.","Teplička nad Váhom"
Ju9EWCUTpfs,sale,land,"okres Liptovský Mikuláš","Uhorská Ves","Uhorská Ves","KRUPPKY, s.r.o.","Liptovský Mikuláš"
JuEl_5mhIIG,sale,land,"okres Liptovský Mikuláš","Svätý Kríž","Svätý Kríž","Reality Alpia",Martin
JuYP7ILQfhI,sale,land,"okres Žilina",Varín,Varín,"Reality Alpia",Martin
JuGjSvB2SWb,sale,land,"okres Žilina",Višňové,Višňové,"B10 Slovensko, a. s.",Žilina
JufDqWof_NN,sale,land,"okres Čadca",Olešná,Olešná,"1. Reality Rent, s.r.o.",Žilina
Juv3W5C4xtN_,sale,land,"okres Ružomberok","Liptovské Sliače","Liptovské Sliače","Apollo House",Bratislava
JuYP_MCF9yI,sale,land,"okres Čadca","Nová Bystrica","Nová Bystrica","1. Reality Rent, s.r.o.",Žilina
Ju2u6VZSsgd,sale,land,"okres Liptovský Mikuláš","Liptovský Trnovec","Liptovský Trnovec","Realitné kancelárie SR",Bratislava
Juvdw9xd7yr,sale,land,"okres Žilina",Varín,Varín,"Realitné kancelárie SR",Bratislava
JufFFiGUtxN,sale,land,"okres Liptovský Mikuláš","Liptovský Mikuláš",Vitálišovce,"RESIDENCE realitná kancelária","Liptovský Mikuláš"
JuWpmO3Yrkb,sale,land,"okres Martin",Sučany,Sučany,"Reality D.P.A.",Martin
JuowzNUzni4,sale,land,"okres Dolný Kubín",Veličná,Veličná,donidDevelop,"Dolný Kubín"
JuIGtLwLscT,sale,land,"okres Liptovský Mikuláš","Liptovský Mikuláš",Stošice,Limaxreal,"Liptovský Mikuláš"
JuPzrcI9eBw,sale,land,"okres Martin",Turany,Turany,"Realitné kancelárie SR",Bratislava
Ju40F3aMhkE,sale,land,"okres Ružomberok",Ružomberok,Baničné,"FISCHER & PARTNERS, s.r.o.",Ružomberok
Ju6ppfqXAjT,sale,land,"okres Žilina","Rajecké Teplice","Rajecké Teplice","Realitné kancelárie SR",Bratislava
Ju3Z449GlG4T,sale,land,"okres Ružomberok","Liptovská Osada","Liptovská Osada","Romantické Chalupy, s.r.o.",Bratislava
JurmiShq5P1,sale,land,"okres Liptovský Mikuláš","Pavlova Ves","Pavlova Ves","BeMi realitná kancelária",Nitra
Ju4gSJihj6x,sale,land,"okres Liptovský Mikuláš","Liptovská Kokava","Liptovská Kokava","RE/MAX Slovakia",Bratislava
Ju059DbP17Y,sale,land,"okres Čadca","Krásno nad Kysucou",Kalinov,"1. Reality Rent, s.r.o.",Žilina
Ju5Yf4qkhg3,sale,land,"okres Martin",Martin,Jahodníky,"Like Reality s.r.o.","Považská Bystrica"
Ju_yHqt6C9a,sale,land,"okres Liptovský Mikuláš","Liptovský Mikuláš",Podbreziny,"BEŇO REALITY","Liptovský Mikuláš"
JuF30aynSVM,sale,land,"okres Žilina","Dolný Hričov","Dolný Hričov","MGM reality",Žilina
JufsgjSWfFu,sale,land,"okres Martin",Martin,Tomčany,"Reality Alpia",Martin
Junb65_vEvr,sale,land,"okres Žilina","Kotrčiná Lúčka","Kotrčiná Lúčka","Safe reality s. r. o.",Žilina
JupHBupprCN,sale,land,"okres Bytča","Veľké Rovné","Veľké Rovné","Vianema s.r.o.",Bratislava
JuiwnKuifVR,sale,land,"okres Žilina",Svederník,Svederník,"RIEŠIME BÝVANIE",Bratislava
JuoouzvegJf,sale,land,"okres Žilina","Nezbudská Lúčka","Nezbudská Lúčka","TARGETreal s. r. o.",Žilina
Ju8BkkuvGLX,sale,land,"okres Žilina",Ovčiarsko,Ovčiarsko,"Real Estate Group4U","Považská Bystrica"
Ju4xxL085OL,sale,land,"okres Dolný Kubín",Zázrivá,Zázrivá,"RE/MAX Slovakia",Bratislava
JuHjoC-ETw9,sale,land,"okres Ružomberok",Likavka,Likavka,"OVERENÉ REALITY","Banská Bystrica"
JucXLuegzy5,sale,land,"okres Bytča",Štiavnik,Štiavnik,"TUreality s.r.o.",Žilina
JuaD2PNZ2ay,sale,land,"okres Čadca",Korňa,Korňa,"1. Reality Rent, s.r.o.",Žilina
JujKWinPkki,sale,land,"okres Čadca",Oščadnica,Oščadnica,"TRI LIPY, s. r. o.",Čadca
JueoLey_u82,sale,land,"okres Liptovský Mikuláš","Liptovský Trnovec","Liptovský Trnovec","Eden Real estate, s.r.o.",Hlohovec
Ju_mTTZVoJx,sale,land,"okres Žilina","Kotrčiná Lúčka","Kotrčiná Lúčka","DreamReality s.r.o.",Žilina
JuRt0myx8AI,sale,land,"okres Čadca",Raková,Raková,"1. Reality Rent, s.r.o.",Žilina
JuxqXS7gyRr,sale,land,"okres Žilina","Dolný Hričov","Dolný Hričov","RS Mansory s.r.o.",Bratislava
Juht1btctzZ,sale,land,"okres Čadca",Turzovka,Predmier,"JPE. Reality - Jozef Pajer",Čadca
JuJf2fmgFtM,sale,land,"okres Martin",Valča,Valča,"REALITY SPOLU",Bratislava
JuVqVOpkjj1,sale,land,"okres Martin",Martin,Záturčie,"BALAŽI REAL ESTATE s.r.o.",Topoľčany
JuUl164inch,sale,land,"okres Liptovský Mikuláš",Ižipovce,Ižipovce,"RECLOUD Reality a.s.",Bratislava
JuYIPkTCQff,sale,land,"okres Žilina",Žilina,Bôrik,"Realitné kancelárie SR",Bratislava
JuBBCee0nxo,sale,land,"okres Čadca",Raková,Raková,"SLNOVRAT, s.r.o.",Olešná
JuuuoTcUpiv,sale,land,"okres Liptovský Mikuláš",Malatíny,Malatíny,NULL,NULL
JuYADQBEJQK,sale,land,"okres Žilina",Strečno,Strečno,"MGM reality",Žilina
Ju0fo_oieoh,sale,land,"okres Čadca",Korňa,Korňa,"RECLOUD Reality a.s.",Bratislava
JuPHlOJ8jWO,sale,land,"okres Dolný Kubín",Veličná,Veličná,"OREA, s.r.o.","Dolný Kubín"
JudmThIv8pi,sale,land,"okres Žilina",Zbyňov,Zbyňov,"Realitné kancelárie SR",Bratislava
JuWbfEDE4eQ,sale,land,"okres Martin",Martin,Podháj,"Reality ASTORIA, s.r.o.",Martin
JuSx0xp8txp,sale,land,"okres Martin","Turčianske Kľačany","Turčianske Kľačany","Realitná kancelária",Bratislava
JuUy9icWXXx,sale,land,"okres Liptovský Mikuláš",Gôtovany,Gôtovany,"Direct Real, spol. s r.o.",Bratislava
Ju7Ywnw6_Bk,sale,land,"okres Žilina",Zbyňov,Zbyňov,"WFG reality, s.r.o.",Žilina
JurPtkmJGHM,sale,land,"okres Žilina",Žilina,Trnové,"StorkReal s. r. o.","Rajecká Lesná"
JutIg8nIDtY,sale,land,"okres Martin","Kláštor pod Znievom","Kláštor pod Znievom","B10 Slovensko, a. s.",Žilina
JuCc2IAocam,sale,land,"okres Liptovský Mikuláš",Podtureň,Podtureň,"Realitné kancelárie SR",Bratislava
Ju7iSwFbAaJ,sale,land,"okres Žilina",Lietava,Lietava,"RE/MAX Slovakia",Bratislava
JuUJvcqmSGz,sale,land,"okres Martin",Príbovce,Príbovce,"Realitná kancelária",Bratislava
JuHRIMSYVCE4,sale,land,"okres Turčianske Teplice",Brieštie,Brieštie,"HALO reality, s.r.o.",Prievidza
Ju93D7kxk57,sale,land,"okres Čadca",Turzovka,Stred,"HOLESTIAK.sk reality s.r.o.",Čadca
JurcJ2k2neE,sale,land,"okres Bytča",Súľov-Hradná,Súľov-Hradná,NULL,NULL
JuiSfM5MiE3,sale,land,"okres Martin",Martin,Priekopa,"Buby reality, s.r.o.",Žilina
JutLp8axckym,sale,land,"okres Čadca",Oščadnica,Oščadnica,"Realitné kancelárie SR",Bratislava
JuCYY9E7vm0,sale,land,"okres Námestovo","Oravské Veselé","Oravské Veselé",NULL,NULL
Jur4zTPDBjU,sale,land,"okres Žilina",Stráňavy,Stráňavy,"TARGETreal s. r. o.",Žilina
JuKoA0CHMAn,sale,land,"okres Žilina",Turie,Turie,"MGM reality",Žilina
JuHjqfxC4fX,sale,land,"okres Žilina",Bitarová,Bitarová,"Mamud Reality s. r. o.",Žilina
Ju0N6saLXmx,sale,land,"okres Bytča",Petrovice,Petrovice,"Slovak Estate s.r.o.",Bratislava
Ju8TQv-MjJF,sale,land,"okres Martin",Martin,Stráne,"B10 Slovensko, a. s.",Žilina
JuaSPQ-WWc2,sale,land,"okres Turčianske Teplice","Malý Čepčín","Malý Čepčín","RIEŠIME BÝVANIE",Bratislava
Ju48Cz332dR,sale,land,"okres Bytča",Bytča,"Bytča - sever",NULL,NULL
JuzjY-k3id9,sale,land,"okres Žilina",Turie,Turie,"Realitná kancelária",Bratislava
Ju7IL3wpb9W,sale,land,"okres Čadca",Raková,Raková,"RS Mansory s.r.o.",Bratislava
Ju5vA5Uv4Dw,sale,land,"okres Žilina",Rosina,Rosina,"TARGETreal s. r. o.",Žilina
JuKY6m4zwWy,sale,land,"okres Žilina","Teplička nad Váhom","Teplička nad Váhom","ROMDOM, s. r. o",Žilina
Jul0O76BpGg,sale,land,"okres Martin",Martin,Stráne,"TARGETreal s. r. o.",Žilina
Ju5YLNtCIvp,sale,land,"okres Turčianske Teplice","Horná Štubňa","Horná Štubňa","BALAŽI REAL ESTATE s.r.o.",Topoľčany
JuGs0JNeT94,sale,land,"okres Liptovský Mikuláš","Liptovská Anna","Liptovská Anna","TARGETreal s. r. o.",Žilina
JuJBQYv5uVc,sale,land,"okres Martin",Martin,Záturčie,"BALAŽI REAL ESTATE s.r.o.",Topoľčany
Ju0Lru91bls8,sale,land,"okres Martin","Turčianske Jaseno","Turčianske Jaseno","MAX PROFI REALITY",Martin
JuJNd1CrfWJ,sale,land,"okres Kysucké Nové Mesto",Radoľa,Radoľa,NULL,NULL
Ju3X3Wu7oZN,sale,land,"okres Dolný Kubín",Veličná,Veličná,"AstonReal s.r.o.","Banská Bystrica"
JufStanr4w4,sale,land,"okres Liptovský Mikuláš",Podtureň,Podtureň,"Direct Real, spol. s r.o.",Bratislava
JuWr2D7Iu3W,sale,land,"okres Námestovo",Zákamenné,Zákamenné,"RE/MAX Slovakia",Bratislava
JujdKV83oGm,sale,land,"okres Žilina","Dolný Hričov","Dolný Hričov","Realitné kancelárie SR",Bratislava
JuTNX1DN12b,sale,land,"okres Žilina",Kľače,Kľače,"1. Reality Rent, s.r.o.",Žilina
JuEGNHbH38e,sale,land,"okres Žilina",Žilina,Budatín,"WFG reality, s.r.o.",Žilina
JuUul__8DQL,sale,land,"okres Martin",Laskár,Laskár,"Realitné kancelárie SR",Bratislava
Ju21Xr2V_AF,sale,land,"okres Žilina",Žilina,Trnové,"RS Mansory s.r.o.",Bratislava
JuWW4q9AnNy,sale,land,"okres Liptovský Mikuláš","Liptovský Mikuláš",Vitálišovce,"RESIDENCE realitná kancelária","Liptovský Mikuláš"
JuUxR9kCtc9,sale,land,"okres Dolný Kubín","Horná Lehota","Horná Lehota",NULL,NULL
JuzEmUFhicY,sale,land,"okres Martin",Martin,"Kolónia Hviezda","TUreality s.r.o.",Žilina
JucgwdqxbsLG,sale,land,"okres Žilina",Žilina,Strážov,"bezmaklérov, s.r.o.",Žilina
Juo_OtW5DNn,sale,land,"okres Žilina",Turie,Turie,"RES GROUP, s.r.o.",Žilina
JuIxEHS21qj,sale,land,"okres Ružomberok","Liptovský Michal","Liptovský Michal","REALITY SPOLU",Bratislava
JudwIpu1_KR,sale,land,"okres Martin","Turčiansky Ďur","Turčiansky Ďur","Real Reality Development s.r.o.",Martin
JutZ9u4w49X,sale,land,"okres Námestovo","Oravské Veselé","Oravské Veselé","BeMi realitná kancelária",Nitra
Ju3gbFnsxzj,sale,land,"okres Žilina",Divina,Divina,"TARGETreal s. r. o.",Žilina
Ju-AMIyF1en,sale,land,"okres Bytča",Jablonové,Jablonové,"Nové bývanie",Nitra
Juilp9keLdt,sale,land,"okres Kysucké Nové Mesto","Lopušné Pažite","Lopušné Pažite","BeMi realitná kancelária",Nitra
Ju5EqGDbrv9,sale,land,"okres Čadca",Podvysoká,Podvysoká,NULL,NULL
JuVnYv0MGhb,sale,land,"okres Kysucké Nové Mesto","Horný Vadičov","Horný Vadičov","TARGETreal s. r. o.",Žilina
Ju0A5SWcXU0,sale,land,"okres Liptovský Mikuláš","Vyšná Boca","Vyšná Boca","Bosen Group s.r.o.",Bratislava
JunK6YyRJzr,sale,land,"okres Liptovský Mikuláš","Svätý Kríž","Svätý Kríž","Reality Alpia",Martin
Jus2h_zTLaE,sale,land,"okres Liptovský Mikuláš","Svätý Kríž","Svätý Kríž","Vivid House s. r. o.",Bratislava
JuRDGTVaaYE,sale,land,"okres Liptovský Mikuláš",Jamník,Jamník,"RESIDENCE realitná kancelária","Liptovský Mikuláš"
JuaAqZtT-Nl,sale,land,"okres Martin",Vrútky,"Dolné Vrútky","Reality ASTORIA, s.r.o.",Martin
JuIZ-_6smXF,sale,land,"okres Čadca",Makov,Makov,"1. Reality Rent, s.r.o.",Žilina
Juuidu63ceb,sale,land,"okres Žilina",Hôrky,Hôrky,NULL,NULL
Ju8fJuQfeqw,sale,land,"okres Martin","Dolný Kalník","Dolný Kalník","ALT REAL, s.r.o.",Martin
JugKtMa2KWc,sale,land,"okres Žilina",Zbyňov,Zbyňov,"AnoReal, s.r.o.",Stráňavy
JunMP_jTjvX,sale,land,"okres Kysucké Nové Mesto",Rudina,Rudina,"WFG reality, s.r.o.",Žilina
JuMkkypcseP,sale,land,"okres Kysucké Nové Mesto","Kysucké Nové Mesto",Suľkov,"Pro Real, s. r. o. realitná kancelária",Žilina
JuyZQBxrqQr,sale,land,"okres Kysucké Nové Mesto",Snežnica,Snežnica,"Realitná kancelária",Bratislava
JuhqDcjNAJB,sale,land,"okres Dolný Kubín",Žaškov,Žaškov,"Reality Alpia",Martin
JuD52DaFWEx,sale,land,"okres Liptovský Mikuláš",Jamník,Jamník,"Realitné kancelárie SR",Bratislava
JuwmLXW6GAr,sale,land,"okres Liptovský Mikuláš","Liptovské Beharovce","Liptovské Beharovce","TUreality s.r.o.",Žilina
JunZs7mX2Hr,sale,land,"okres Liptovský Mikuláš","Partizánska Ľupča","Partizánska Ľupča","Realitné kancelárie SR",Bratislava
Jur0-m7ixLR,sale,land,"okres Žilina",Divina,Divina,"GAMA Reality, s.r.o.",Bytča
JuIrw7O-EJl,sale,land,"okres Liptovský Mikuláš",Malatíny,Malatíny,"HALO reality, s.r.o.",Prievidza
Ju4f4j-Yy0S,sale,land,"okres Žilina",Žilina,Trnové,"WFG reality, s.r.o.",Žilina
JuFl-uxAAfA,sale,land,"okres Žilina",Žilina,Bôrik,NULL,NULL
JujQDiA2uup,sale,land,"okres Čadca",Čadca,Podzávoz,NULL,NULL
JuaG4dc-Ff7B,sale,land,"okres Žilina",Hôrky,Hôrky,NULL,NULL
Ju8Esr41W6Y,sale,land,"okres Čadca",Oščadnica,Oščadnica,"SLNOVRAT, s.r.o.",Olešná
Jud5jOQlY3b,sale,land,"okres Dolný Kubín",Pucov,Pucov,"BeMi realitná kancelária",Nitra
JuY7QZv_rvd,sale,land,"okres Liptovský Mikuláš","Liptovský Trnovec","Liptovský Trnovec","TUreality s.r.o.",Žilina
JuS4rgPD6x3,sale,land,"okres Kysucké Nové Mesto",Nesluša,Nesluša,"ROMDOM, s. r. o",Žilina
JufNsLwTyrG,sale,land,"okres Martin",Martin,Tomčany,"Piata Avenue",Žilina
JuCeJvEPD_0,sale,land,"okres Žilina",Lietava,Lietava,"Real Estate Group4U","Považská Bystrica"
JuDEvr7ONsp,sale,land,"okres Žilina","Dolný Hričov","Dolný Hričov","RS Mansory s.r.o.",Bratislava
JuGICOuIWEi,sale,land,"okres Námestovo",Krušetnica,Krušetnica,"BeMi realitná kancelária",Nitra
JuZOnWEYPFE,sale,land,"okres Dolný Kubín",Párnica,Párnica,"OREA, s.r.o.","Dolný Kubín"
Juq3D1w-q7E,sale,land,"okres Martin",Belá-Dulice,Belá-Dulice,"Reality ASTORIA, s.r.o.",Martin
Juye6i7s5GK,sale,land,"okres Čadca",Oščadnica,Oščadnica,"RS Mansory s.r.o.",Bratislava
Ju_fnU9p20E,sale,land,"okres Žilina",Ovčiarsko,Ovčiarsko,"Realitka pre každého",Žilina
JuWJNL9j7v1,sale,land,"okres Liptovský Mikuláš",Trstené,Trstené,"WFG reality, s.r.o.",Žilina
Ju0yrLUSkjq,sale,land,"okres Žilina","Nezbudská Lúčka","Nezbudská Lúčka","HALO reality, s.r.o.",Prievidza
JubO9HcP4C7,sale,land,"okres Liptovský Mikuláš",Podtureň,Podtureň,Limaxreal,"Liptovský Mikuláš"
JuyY6pWleh8,sale,land,"okres Martin","Košťany nad Turcom","Košťany nad Turcom","BALAŽI REAL ESTATE s.r.o.",Topoľčany
Ju2nlxPJxWn,sale,land,"okres Turčianske Teplice","Horná Štubňa","Horná Štubňa","PROXAM reality s.r.o.",Lučenec
JuTLgLBu59j,sale,land,"okres Čadca",Skalité,Skalité,"BeMi realitná kancelária",Nitra
JuzRwokuDbj,sale,land,"okres Liptovský Mikuláš",Vlachy,Vlachy,"BeMi realitná kancelária",Nitra
JuWrE_LeVuk,sale,land,"okres Martin",Záborie,Záborie,"Reality D.P.A.",Martin
JumZm9PSyYH,sale,land,"okres Bytča",Bytča,Pšurnovice,"TOCA, s.r.o. Realitná činnosť",Bytča
JuG7FW7c5Gb,sale,land,"okres Martin",Vrútky,"Karvaša a Bláhovca","TARGETreal s. r. o.",Žilina
JulIpxSm_gw,sale,land,"okres Dolný Kubín","Vyšný Kubín","Vyšný Kubín","RES GROUP, s.r.o.",Žilina
Ju7tRkb4O1-,sale,land,"okres Kysucké Nové Mesto",Povina,Povina,"DreamReality s.r.o.",Žilina
Ju9tw1vQmR0,sale,land,"okres Martin",Šútovo,Šútovo,"BALAŽI REAL ESTATE s.r.o.",Topoľčany
JuDqwwocInw,rent,land,"okres Martin",Lipovec,Lipovec,"Reality MT s.r.o.",Martin
JuVPG71X4Wz,sale,land,"okres Ružomberok",Ružomberok,Baničné,"FISCHER & PARTNERS, s.r.o.",Ružomberok
Ju3qLGqmZKr,sale,land,"okres Žilina","Kamenná Poruba","Kamenná Poruba","RES GROUP, s.r.o.",Žilina
JuNiupBfJ_W,sale,land,"okres Čadca",Oščadnica,Oščadnica,"Trioreality, s.r.o.",Čadca
JulHoywVWzv,sale,land,"okres Žilina",Žilina,Trnové,"RS Mansory s.r.o.",Bratislava
Ju81LTbk2gV,sale,land,"okres Bytča",Jablonové,Jablonové,"Real Estate Group4U","Považská Bystrica"
JuSu12c9sEn,sale,land,"okres Žilina",Kľače,Kľače,"Wealth Group, s.r.o.","Nová Dedinka"
