property_type,condition,location_district,dis_avg_price,agency,agency_avg_price,price_diff
"3-room apartment","fully renovated","okres Žilina",2889.718462,"Mamud Reality s. r. o.",3152.630000,0.0909817138
"3-room apartment","fully renovated","okres Martin",2109.253333,"TUreality s.r.o.",NULL,NULL
"3-room apartment","fully renovated","okres Liptovský Mikuláš",2758.873333,"RESIDENCE realitná kancelária",2913.030000,0.0558766744
"3-room apartment","fully renovated","okres Tvrdošín",2216.035000,"TUreality s.r.o.",2185.710000,-0.0136843507
"3-room apartment","fully renovated","okres Žilina",2889.718462,"Reality IQ, s.r.o.",2724.950000,-0.0570188633
"3-room apartment","fully renovated","okres Žilina",2889.718462,"KRALIKOVA reality",3507.460000,0.2137722225
"3-room apartment","fully renovated","okres Martin",2109.253333,"Realitná kancelária",2168.810000,0.0282359004
"3-room apartment","fully renovated","okres Čadca",1815.651667,"MGM reality",1882.350000,0.0367352032
"3-room apartment","fully renovated","okres Dolný Kubín",2541.287500,"TUreality s.r.o.",2455.730000,-0.0336669897
"3-room apartment","fully renovated","okres Ružomberok",1972.633333,"AstonReal s.r.o.",2039.470000,0.0338819515
"3-room apartment","fully renovated","okres Čadca",1815.651667,"Realitná kancelária",NULL,NULL
"3-room apartment","fully renovated","okres Žilina",2889.718462,"Realitná kancelária RED, s.r.o.",2680.520000,-0.0723940636
"3-room apartment","fully renovated","okres Martin",2109.253333,"Like Reality s.r.o.",1412.640000,-0.3302653703
"3-room apartment","fully renovated","okres Žilina",2889.718462,"DRR INVEST, s. r. o.",2141.665000,-0.2588672467
"3-room apartment","fully renovated","okres Martin",2109.253333,"ALT REAL, s.r.o.",1922.220000,-0.0886727687
"3-room apartment","fully renovated","okres Martin",2109.253333,NULL,2209.580000,0.0475650153
"3-room apartment","fully renovated","okres Žilina",2889.718462,Maxareality,2500.000000,-0.1348638171
"3-room apartment","fully renovated","okres Liptovský Mikuláš",2758.873333,"sunnyreal s.r.o.",2364.860000,-0.1428167536
"3-room apartment","fully renovated","okres Čadca",1815.651667,"RECLOUD Reality a.s.",NULL,NULL
"3-room apartment","fully renovated","okres Liptovský Mikuláš",2758.873333,"AstonReal s.r.o.",2427.140000,-0.1202423210
"3-room apartment","fully renovated","okres Martin",2109.253333,"Felicita Real s. r. o.",2510.770000,0.1903596219
"3-room apartment","fully renovated","okres Martin",2109.253333,"FINREA - ak vám záleží na výsledku",1645.880000,-0.2196859551
"3-room apartment","fully renovated","okres Martin",2109.253333,"GRAVITAS a. s.",NULL,NULL
"3-room apartment","fully renovated","okres Žilina",2889.718462,NULL,3072.083333,0.0631081794
"3-room apartment","fully renovated","okres Žilina",2889.718462,"Jacek reality s. r. o.",2549.280000,-0.1178102526
"3-room apartment","fully renovated","okres Liptovský Mikuláš",2758.873333,"OVERENÉ REALITY",2386.670000,-0.1349113526
"3-room apartment","fully renovated","okres Žilina",2889.718462,"ŽILINAREAL, s.r.o.",2410.260000,-0.1659187455
"3-room apartment","fully renovated","okres Liptovský Mikuláš",2758.873333,"RK SPIRIT s.r.o.",NULL,NULL
"3-room apartment","fully renovated","okres Liptovský Mikuláš",2758.873333,"TUreality s.r.o.",2261.540000,-0.1802668238
"3-room apartment","fully renovated","okres Žilina",2889.718462,"Realitka pre každého",3361.880000,0.1633936123
"3-room apartment","fully renovated","okres Dolný Kubín",2541.287500,"FINREA - ak vám záleží na výsledku",2790.340000,0.0980024889
"3-room apartment","fully renovated","okres Čadca",1815.651667,"SLNOVRAT, s.r.o.",1777.170000,-0.0211944106
"3-room apartment","fully renovated","okres Liptovský Mikuláš",2758.873333,NULL,4200.000000,0.5223605773
"3-room apartment","fully renovated","okres Ružomberok",1972.633333,"Reality Alpia",1981.350000,0.0044187974
"3-room apartment","fully renovated","okres Martin",2109.253333,"Reality AK, spol. s r.o.",NULL,NULL
"3-room apartment","fully renovated","okres Dolný Kubín",2541.287500,"RK Dalmia s. r. o.",2463.350000,-0.0306685096
"3-room apartment","fully renovated","okres Ružomberok",1972.633333,"BEEVAM, s.r.o.",1897.080000,-0.0383007484
"3-room apartment","fully renovated","okres Ružomberok",1972.633333,"NajBývanie, s.r.o.",NULL,NULL
"3-room apartment","fully renovated","okres Tvrdošín",2216.035000,"Vianema s.r.o.",2246.360000,0.0136843507
"3-room apartment","fully renovated","okres Žilina",2889.718462,"TUreality s.r.o.",2208.365000,-0.2357854133
"3-room apartment","fully renovated","okres Martin",2109.253333,"Reality MT s.r.o.",2088.240000,-0.0099624510
"3-room apartment","fully renovated","okres Liptovský Mikuláš",2758.873333,"ARBIZ real estate & finance s. r. o.",NULL,NULL
"3-room apartment","fully renovated","okres Žilina",2889.718462,"Local reality s. r. o.",3031.250000,0.0489776218
"3-room apartment","fully renovated","okres Čadca",1815.651667,"1. Reality Rent, s.r.o.",2069.440000,0.1397780960
"3-room apartment","fully renovated","okres Žilina",2889.718462,"RIEŠIME BÝVANIE",3274.712500,0.1332289090
"3-room apartment","fully renovated","okres Martin",2109.253333,"B10 Slovensko, a. s.",1863.640000,-0.1164456299
"3-room apartment","fully renovated","okres Žilina",2889.718462,"RES GROUP, s.r.o.",4196.260000,0.4521345436
"1-room apartment","new construction","okres Kysucké Nové Mesto",3728.340000,"MG real, s.r.o.",3685.710000,-0.0114340430
"1-room apartment","new construction","okres Liptovský Mikuláš",4113.190000,"RESIDENCE realitná kancelária",7394.630000,0.7977846878
"1-room apartment","new construction","okres Martin",3375.320000,"TARGETreal s. r. o.",3155.260000,-0.0651967813
"1-room apartment","new construction","okres Martin",3375.320000,"LuxReality, s.r.o.",4214.410000,0.2485956887
"1-room apartment","new construction","okres Žilina",4015.358125,"HMS Services, a. s.",3233.980000,-0.1945973686
"1-room apartment","new construction","okres Žilina",4015.358125,"ODEKO manažment s.r.o.",3722.890000,-0.0728373699
"1-room apartment","new construction","okres Liptovský Mikuláš",4113.190000,"DVOŘÁK & PARTNERS s. r. o.",3325.620000,-0.1914742572
"1-room apartment","new construction","okres Liptovský Mikuláš",4113.190000,"ARCHEUS Partners a.s.",3166.670000,-0.2301182294
"1-room apartment","new construction","okres Tvrdošín",2918.750000,"RK SPIRIT s.r.o.",2918.750000,0.0000000000
"1-room apartment","new construction","okres Liptovský Mikuláš",4113.190000,"TATRA CITY RESIDENCE s. r. o.",3949.040000,-0.0399081978
"1-room apartment","new construction","okres Žilina",4015.358125,"PSynchro RK32",NULL,NULL
"1-room apartment","new construction","okres Martin",3375.320000,"Buby reality, s.r.o.",3155.705000,-0.0650649420
"1-room apartment","new construction","okres Ružomberok",3237.006000,Limaxreal,2780.220000,-0.1411137329
"1-room apartment","new construction","okres Žilina",4015.358125,"WFG reality, s.r.o.",4071.520769,0.0139869576
"1-room apartment","new construction","okres Liptovský Mikuláš",4113.190000,"OVERENÉ REALITY",3461.540000,-0.1584293456
"1-room apartment","new construction","okres Martin",3375.320000,"Reality AK, spol. s r.o.",3414.060000,0.0114774303
"1-room apartment","new construction","okres Kysucké Nové Mesto",3728.340000,"TRI LIPY, s. r. o.",3770.970000,0.0114340430
"1-room apartment","new construction","okres Liptovský Mikuláš",4113.190000,"AstonReal s.r.o.",2716.670000,-0.3395223659
"3-room apartment",unrenovated,"okres Dolný Kubín",2270.982500,"TUreality s.r.o.",2076.920000,-0.0854531023
"3-room apartment",unrenovated,"okres Martin",1712.116500,"RS Mansory s.r.o.",2046.000000,0.1950121385
"3-room apartment",unrenovated,"okres Martin",1712.116500,"Like Reality s.r.o.",1684.290000,-0.0162526907
"3-room apartment",unrenovated,"okres Martin",1712.116500,"LIF REAL",1500.000000,-0.1238913941
"3-room apartment",unrenovated,"okres Liptovský Mikuláš",1794.306250,"OVERENÉ REALITY",1068.750000,-0.4043658935
"3-room apartment",unrenovated,"okres Dolný Kubín",2270.982500,"AstonReal s.r.o.",NULL,NULL
"3-room apartment",unrenovated,"okres Žilina",2338.332727,"Reality IQ, s.r.o.",2498.440000,0.0684706976
"3-room apartment",unrenovated,"okres Ružomberok",1637.220000,"Reality Alpia",1539.150000,-0.0599003188
"3-room apartment",unrenovated,"okres Čadca",1761.202857,"Realitná kancelária",1788.710000,0.0156183843
"3-room apartment",unrenovated,"okres Liptovský Mikuláš",1794.306250,"RESIDENCE realitná kancelária",2060.420000,0.1483101059
"3-room apartment",unrenovated,"okres Žilina",2338.332727,"Pro Real, s. r. o. realitná kancelária",2119.700000,-0.0934994086
"3-room apartment",unrenovated,"okres Čadca",1761.202857,"1. Reality Rent, s.r.o.",1822.580000,0.0348495591
"3-room apartment",unrenovated,"okres Žilina",2338.332727,"Wealth Group, s.r.o.",2498.330000,0.0684236555
"3-room apartment",unrenovated,"okres Kysucké Nové Mesto",1852.865000,"RK4 REALITY",1535.480000,-0.1712941850
"3-room apartment",unrenovated,"okres Martin",1712.116500,"KARIN & PARTNERS, s.r.o.",2062.500000,0.2046493331
"3-room apartment",unrenovated,"okres Kysucké Nové Mesto",1852.865000,"WFG reality, s.r.o.",1943.060000,0.0486786679
"3-room apartment",unrenovated,"okres Dolný Kubín",2270.982500,NULL,2875.000000,0.2659718866
"3-room apartment",unrenovated,"okres Kysucké Nové Mesto",1852.865000,"Pro Real, s. r. o. realitná kancelária",2397.440000,0.2939097020
"3-room apartment",unrenovated,"okres Čadca",1761.202857,"Safe reality s. r. o.",1613.850000,-0.0836660334
"3-room apartment",unrenovated,"okres Martin",1712.116500,"Realitná kancelária",1747.836667,0.0208631638
"3-room apartment",unrenovated,"okres Martin",1712.116500,"ALT REAL, s.r.o.",1486.490000,-0.1317822123
"3-room apartment",unrenovated,"okres Liptovský Mikuláš",1794.306250,"Direct Real, spol. s r.o.",2042.250000,0.1381836295
"3-room apartment",unrenovated,"okres Tvrdošín",NULL,"HD reality group s.r.o",NULL,NULL
"3-room apartment",unrenovated,"okres Martin",1712.116500,"Reality Center, s.r.o.",1786.263333,0.0433071190
"3-room apartment",unrenovated,"okres Čadca",1761.202857,"Trioreality, s.r.o.",1890.100000,0.0731869940
"3-room apartment",unrenovated,"okres Čadca",1761.202857,OPENREALITY,1600.000000,-0.0915299770
"3-room apartment",unrenovated,"okres Martin",1712.116500,"Reality D.P.A.",1361.110000,-0.2050132103
"3-room apartment",unrenovated,"okres Martin",1712.116500,"B10 Slovensko, a. s.",1984.620000,0.1591617743
"3-room apartment",unrenovated,"okres Martin",1712.116500,"LICITOR group, a.s.",670.710000,-0.6082567979
"3-room apartment",unrenovated,"okres Žilina",2338.332727,"TUreality s.r.o.",2593.750000,0.1092305086
"3-room apartment",unrenovated,"okres Žilina",2338.332727,"RK4 REALITY",NULL,NULL
"3-room apartment",unrenovated,"okres Martin",1712.116500,"R2 SK, s.r.o.",2070.110000,0.2090941241
"3-room apartment",unrenovated,"okres Čadca",1761.202857,NULL,1723.080000,-0.0216459205
"3-room apartment",unrenovated,"okres Liptovský Mikuláš",1794.306250,"RK SPIRIT s.r.o.",1740.260000,-0.0301209729
"3-room apartment",unrenovated,"okres Liptovský Mikuláš",1794.306250,"HALO reality, s.r.o.",1608.985000,-0.1032829541
"3-room apartment",unrenovated,"okres Žilina",2338.332727,"Direct Real, spol. s r.o.",2065.840000,-0.1165329142
"3-room apartment",unrenovated,"okres Žilina",2338.332727,"Safe reality s. r. o.",2157.315000,-0.0774131606
"3-room apartment",unrenovated,"okres Dolný Kubín",2270.982500,"RK Dalmia s. r. o.",2066.005000,-0.0902593921
"3-room apartment",unrenovated,"okres Martin",1712.116500,"HD reality group s.r.o",2013.040000,0.1757611121
"3-room apartment","new construction","okres Ružomberok",2586.624000,NULL,2494.835000,-0.0354860235
"3-room apartment","new construction","okres Liptovský Mikuláš",3608.368889,NULL,3516.485000,-0.0254641063
"3-room apartment","new construction","okres Liptovský Mikuláš",3608.368889,G-REAL,4030.920000,0.1171030801
"3-room apartment","new construction","okres Ružomberok",2586.624000,"TUreality s.r.o.",NULL,NULL
"3-room apartment","new construction","okres Žilina",3174.402286,"B10 Slovensko, a. s.",2884.490000,-0.0913281493
"3-room apartment","new construction","okres Tvrdošín",2792.540000,"RK SPIRIT s.r.o.",3118.330000,0.1166643987
"3-room apartment","new construction","okres Žilina",3174.402286,"TUreality s.r.o.",3035.595000,-0.0437270621
"3-room apartment","new construction","okres Čadca",1845.970000,"Realitné kancelárie SR",2261.250000,0.2249657362
"3-room apartment","new construction","okres Liptovský Mikuláš",3608.368889,"RK SPIRIT s.r.o.",2495.990000,-0.3082774858
"3-room apartment","new construction","okres Liptovský Mikuláš",3608.368889,"bezmaklérov, s.r.o.",2315.070000,-0.3584164837
"3-room apartment","new construction","okres Žilina",3174.402286,"HMS Services, a. s.",3357.080000,0.0575471215
"3-room apartment","new construction","okres Žilina",3174.402286,"KORSO Project, s.r.o.",3682.750000,0.1601396635
"3-room apartment","new construction","okres Žilina",3174.402286,"ODEKO manažment s.r.o.",2956.588000,-0.0686158421
"3-room apartment","new construction","okres Martin",2471.873846,"Realitné kancelárie SR",2593.220000,0.0490907553
"3-room apartment","new construction","okres Námestovo",1818.456000,"Nové bývanie",NULL,NULL
"3-room apartment","new construction","okres Liptovský Mikuláš",3608.368889,"Svoboda&Williams Slovakia s.r.o.",6527.780000,0.8090667004
"3-room apartment","new construction","okres Žilina",3174.402286,"NajBývanie, s.r.o.",3017.540000,-0.0494147471
"3-room apartment","new construction","okres Liptovský Mikuláš",3608.368889,"Q REAL s.r.o.",2625.000000,-0.2725244894
"3-room apartment","new construction","okres Žilina",3174.402286,"Realitná kancelária RED, s.r.o.",3215.394000,0.0129132071
"3-room apartment","new construction","okres Martin",2471.873846,"Buby reality, s.r.o.",2695.025000,0.0902761095
"3-room apartment","new construction","okres Liptovský Mikuláš",3608.368889,"Prvá Realitná Kancelária, s.r.o.",4024.390000,0.1152933982
"3-room apartment","new construction","okres Kysucké Nové Mesto",2572.368000,"Realitná kancelária DOM",2491.670000,-0.0313710946
"3-room apartment","new construction","okres Dolný Kubín",2835.642857,"TUreality s.r.o.",2992.210000,0.0552139853
"3-room apartment","new construction","okres Martin",2471.873846,"Financie a reality od A po Z",NULL,NULL
"3-room apartment","new construction","okres Dolný Kubín",2835.642857,"RE/MAX Slovakia",2813.215000,-0.0079092672
"3-room apartment","new construction","okres Liptovský Mikuláš",3608.368889,"DLUGO reality",6259.740000,0.7347838296
"3-room apartment","new construction","okres Liptovský Mikuláš",3608.368889,"TUreality s.r.o.",2599.186667,-0.2796782294
"3-room apartment","new construction","okres Liptovský Mikuláš",3608.368889,"ARBIZ real estate & finance s. r. o.",2610.510000,-0.2765401542
"3-room apartment","new construction","okres Martin",2471.873846,"Reality Center, s.r.o.",2479.240000,0.0029799878
"3-room apartment","new construction","okres Liptovský Mikuláš",3608.368889,"REALITY SPOLU",1912.900000,-0.4698712746
"3-room apartment","new construction","okres Kysucké Nové Mesto",2572.368000,NULL,2422.540000,-0.0582451655
"3-room apartment","new construction","okres Kysucké Nové Mesto",2572.368000,Reality+,NULL,NULL
"3-room apartment","new construction","okres Martin",2471.873846,"B10 Slovensko, a. s.",1898.585000,-0.2319247995
"3-room apartment","new construction","okres Dolný Kubín",2835.642857,"OREA, s.r.o.",2746.216667,-0.0315364785
"3-room apartment","new construction","okres Žilina",3174.402286,"RS Mansory s.r.o.",3376.340000,0.0636144054
"3-room apartment","new construction","okres Liptovský Mikuláš",3608.368889,"RESIDENCE realitná kancelária",4369.640000,0.2109737486
"3-room apartment","new construction","okres Ružomberok",2586.624000,"AstonReal s.r.o.",2734.430000,0.0571424374
"3-room apartment","new construction","okres Žilina",3174.402286,"Gro & Partners",NULL,NULL
"3-room apartment","new construction","okres Martin",2471.873846,"TARGETreal s. r. o.",1960.780000,-0.2067637258
"3-room apartment","new construction","okres Žilina",3174.402286,"MGM reality",2932.000000,-0.0763615522
"3-room apartment","new construction","okres Žilina",3174.402286,"Realitná kancelária",NULL,NULL
"3-room apartment","new construction","okres Ružomberok",2586.624000,"FINREA - ak vám záleží na výsledku",2474.590000,-0.0433128278
"3-room apartment","new construction","okres Dolný Kubín",2835.642857,"Nové bývanie",NULL,NULL
"3-room apartment","new construction","okres Žilina",3174.402286,NULL,3068.092500,-0.0334897018
"3-room apartment","new construction","okres Námestovo",1818.456000,"OREA, s.r.o.",1781.530000,-0.0203062378
"3-room apartment","new construction","okres Námestovo",1818.456000,"BeMi realitná kancelária",1455.000000,-0.1998706595
"3-room apartment","new construction","okres Žilina",3174.402286,"Reinoo a.s.",3060.415714,-0.0359080424
"3-room apartment","new construction","okres Žilina",3174.402286,"Financial Hotels Management, s.r.o.",4248.403333,0.3383317394
"3-room apartment","new construction","okres Žilina",3174.402286,"Realitné kancelárie SR",2461.120000,-0.2246981390
"3-room apartment","new construction","okres Čadca",1845.970000,"Vianema s.r.o.",1430.690000,-0.2249657362
"3-room apartment","new construction","okres Tvrdošín",2792.540000,"OREA, s.r.o.",2629.645000,-0.0583321994
"2-room apartment","partially renovated","okres Liptovský Mikuláš",2351.439000,"AstonReal s.r.o.",2660.000000,0.1312222005
"2-room apartment","partially renovated","okres Žilina",2872.318947,"StorkReal s. r. o.",2983.870000,0.0388365829
"2-room apartment","partially renovated","okres Čadca",1970.446667,"JPE. Reality - Jozef Pajer",1945.150000,-0.0128380369
"2-room apartment","partially renovated","okres Čadca",1970.446667,"Safe reality s. r. o.",2081.670000,0.0564457465
"2-room apartment","partially renovated","okres Martin",1886.342000,"Real Reality Development s.r.o.",1901.610000,0.0080939724
"2-room apartment","partially renovated","okres Žilina",2872.318947,"TUreality s.r.o.",2800.645000,-0.0249533385
"2-room apartment","partially renovated","okres Liptovský Mikuláš",2351.439000,"HALO reality, s.r.o.",1912.560000,-0.1866427324
"2-room apartment","partially renovated","okres Tvrdošín",2048.158000,"RE/MAX Slovakia",2115.370000,0.0328158277
"2-room apartment","partially renovated","okres Martin",1886.342000,"Realitná kancelária",1912.865000,0.0140605468
"2-room apartment","partially renovated","okres Liptovský Mikuláš",2351.439000,"RESIDENCE realitná kancelária",2862.070000,0.2171568133
"2-room apartment","partially renovated","okres Liptovský Mikuláš",2351.439000,"bezmaklérov, s.r.o.",3076.770000,0.3084626052
"2-room apartment","partially renovated","okres Žilina",2872.318947,"Realitné kancelárie SR",3027.060000,0.0538732139
"2-room apartment","partially renovated","okres Dolný Kubín",NULL,"FINREA - ak vám záleží na výsledku",NULL,NULL
"2-room apartment","partially renovated","okres Žilina",2872.318947,"ROMDOM, s. r. o",2663.010000,-0.0728710672
"2-room apartment","partially renovated","okres Martin",1886.342000,"Reality Alpia",1867.075000,-0.0102139485
"2-room apartment","partially renovated","okres Čadca",1970.446667,"BeMi realitná kancelária",1871.825000,-0.0500504117
"2-room apartment","partially renovated","okres Žilina",2872.318947,NULL,2923.610000,0.0178570186
"2-room apartment","partially renovated","okres Žilina",2872.318947,"Reality Alpia",NULL,NULL
"2-room apartment","partially renovated","okres Čadca",1970.446667,"1. Reality Rent, s.r.o.",NULL,NULL
"2-room apartment","partially renovated","okres Čadca",1970.446667,"MGM reality",1960.160000,-0.0052204747
"2-room apartment","partially renovated","okres Kysucké Nové Mesto",2282.426667,"ROSA reality",2235.850000,-0.0204066434
"2-room apartment","partially renovated","okres Liptovský Mikuláš",2351.439000,"BEŇO REALITY",2327.750000,-0.0100742567
"2-room apartment","partially renovated","okres Martin",1886.342000,"Realitná kancelária RED, s.r.o.",1818.180000,-0.0361344867
"2-room apartment","partially renovated","okres Ružomberok",2183.822000,"AstonReal s.r.o.",NULL,NULL
"2-room apartment","partially renovated","okres Ružomberok",2183.822000,"NajBývanie, s.r.o.",2338.240000,0.0707099754
"2-room apartment","partially renovated","okres Žilina",2872.318947,"KES - RV s.r.o.",2543.420000,-0.1145064156
"2-room apartment","partially renovated","okres Čadca",1970.446667,"MENÍME BÝVANIE",2092.050000,0.0617135876
"2-room apartment","partially renovated","okres Ružomberok",2183.822000,"Reality Alpia",2259.790000,0.0347867180
"2-room apartment","partially renovated","okres Žilina",2872.318947,"Direct Real, spol. s r.o.",2545.450000,-0.1137996695
"2-room apartment","partially renovated","okres Tvrdošín",2048.158000,"TUreality s.r.o.",2070.710000,0.0110108693
"2-room apartment","partially renovated","okres Tvrdošín",2048.158000,NULL,2000.000000,-0.0235128345
"2-room apartment","partially renovated","okres Žilina",2872.318947,"RIEŠIME BÝVANIE",2887.100000,0.0051460347
"2-room apartment","partially renovated","okres Žilina",2872.318947,"Piata Avenue",2951.550000,0.0275843506
"2-room apartment","partially renovated","okres Žilina",2872.318947,"Renovo Reality",NULL,NULL
"2-room apartment","partially renovated","okres Kysucké Nové Mesto",2282.426667,"Safe reality s. r. o.",2305.715000,0.0102033215
"3-room apartment","partially renovated","okres Čadca",1920.963333,"Safe reality s. r. o.",1644.740000,-0.1437941726
"3-room apartment","partially renovated","okres Čadca",1920.963333,"RECLOUD Reality a.s.",2571.430000,0.3386148272
"3-room apartment","partially renovated","okres Martin",1871.712143,"RE/MAX Slovakia",1984.810000,0.0604248134
"3-room apartment","partially renovated","okres Ružomberok",1988.912000,"LOYAL REALITY s.r.o.",NULL,NULL
"3-room apartment","partially renovated","okres Žilina",2360.442222,"DRR INVEST, s. r. o.",1921.440000,-0.1859830408
"3-room apartment","partially renovated","okres Kysucké Nové Mesto",2123.590000,"Pro Real, s. r. o. realitná kancelária",2138.890000,0.0072047806
"3-room apartment","partially renovated","okres Martin",1871.712143,"B10 Slovensko, a. s.",1867.226667,-0.0023964561
"3-room apartment","partially renovated","okres Čadca",1920.963333,"SLNOVRAT, s.r.o.",NULL,NULL
"3-room apartment","partially renovated","okres Čadca",1920.963333,"RIEŠIME BÝVANIE",2070.420000,0.0778029775
"3-room apartment","partially renovated","okres Ružomberok",1988.912000,"Direct Real, spol. s r.o.",2013.890000,0.0125586250
"3-room apartment","partially renovated","okres Martin",1871.712143,"NajBývanie, s.r.o.",1710.140000,-0.0863231793
"3-room apartment","partially renovated","okres Žilina",2360.442222,"Effecting s.r.o.",2972.840000,0.2594419691
"3-room apartment","partially renovated","okres Turčianske Teplice",1384.925000,"Reality AK, spol. s r.o.",NULL,NULL
"3-room apartment","partially renovated","okres Martin",1871.712143,"Reality Turiec s.r o.",NULL,NULL
"3-room apartment","partially renovated","okres Žilina",2360.442222,"DreamReality s.r.o.",2362.500000,0.0008717765
"3-room apartment","partially renovated","okres Liptovský Mikuláš",2084.653077,"TUreality s.r.o.",2831.460000,0.3582403860
"3-room apartment","partially renovated","okres Turčianske Teplice",1384.925000,NULL,NULL,NULL
"3-room apartment","partially renovated","okres Bytča",1752.222500,"R2 SK, s.r.o.",1690.130000,-0.0354364243
"3-room apartment","partially renovated","okres Ružomberok",1988.912000,"TUreality s.r.o.",1772.805000,-0.1086558882
"3-room apartment","partially renovated","okres Čadca",1920.963333,"Realitná kancelária",NULL,NULL
"3-room apartment","partially renovated","okres Ružomberok",1988.912000,"Reality Alpia",1854.400000,-0.0676309460
"3-room apartment","partially renovated","okres Tvrdošín",2149.100000,"TUreality s.r.o.",2149.100000,0.0000000000
"3-room apartment","partially renovated","okres Martin",1871.712143,"Reality ASTORIA, s.r.o.",1792.455000,-0.0423447288
"3-room apartment","partially renovated","okres Žilina",2360.442222,"Buby reality, s.r.o.",1685.200000,-0.2860659819
"3-room apartment","partially renovated","okres Martin",1871.712143,"FINREA - ak vám záleží na výsledku",1527.780000,-0.1837526910
"3-room apartment","partially renovated","okres Martin",1871.712143,"RECLOUD Reality a.s.",NULL,NULL
"3-room apartment","partially renovated","okres Liptovský Mikuláš",2084.653077,"RESIDENCE realitná kancelária",1792.450000,-0.1401686833
"3-room apartment","partially renovated","okres Martin",1871.712143,"Reality AK, spol. s r.o.",2162.175000,0.1551856454
"3-room apartment","partially renovated","okres Ružomberok",1988.912000,"AstonReal s.r.o.",NULL,NULL
"3-room apartment","partially renovated","okres Čadca",1920.963333,NULL,2213.850000,0.1524686401
"3-room apartment","partially renovated","okres Ružomberok",1988.912000,NULL,2280.515000,0.1466143298
"3-room apartment","partially renovated","okres Bytča",1752.222500,"Reality Alpia",1784.520000,0.0184323053
"3-room apartment","partially renovated","okres Liptovský Mikuláš",2084.653077,"OVERENÉ REALITY",1941.646667,-0.0685996205
"3-room apartment","partially renovated","okres Martin",1871.712143,"Realitná kancelária",2028.156667,0.0835836454
"3-room apartment","partially renovated","okres Ružomberok",1988.912000,"RECLOUD Reality a.s.",NULL,NULL
"3-room apartment","partially renovated","okres Kysucké Nové Mesto",2123.590000,"BeMi realitná kancelária",2231.880000,0.0509938359
"3-room apartment","partially renovated","okres Žilina",2360.442222,"Piata Avenue",2117.530000,-0.1029096242
"3-room apartment","partially renovated","okres Liptovský Mikuláš",2084.653077,"GERT , s.r.o.",NULL,NULL
"3-room apartment","partially renovated","okres Bytča",1752.222500,"RIEŠIME BÝVANIE",1767.120000,0.0085020595
"3-room apartment","partially renovated","okres Martin",1871.712143,"Like Reality s.r.o.",1777.767500,-0.0501918222
"3-room apartment","partially renovated","okres Martin",1871.712143,"Mgr. Silvia Lukáčová - RealPoint",NULL,NULL
"3-room apartment","partially renovated","okres Žilina",2360.442222,"MGM reality",2534.590000,0.0737776067
"3-room apartment","partially renovated","okres Liptovský Mikuláš",2084.653077,"HALO reality, s.r.o.",2133.245000,0.0233093571
"3-room apartment","partially renovated","okres Žilina",2360.442222,"TUreality s.r.o.",2298.380000,-0.0262926249
"3-room apartment","partially renovated","okres Liptovský Mikuláš",2084.653077,"Direct Real, spol. s r.o.",2307.680000,0.1069851504
"3-room apartment","partially renovated","okres Ružomberok",1988.912000,"Piešťany Reality",2833.330000,0.4245627760
"3-room apartment","partially renovated","okres Ružomberok",1988.912000,"A-Byt Consult, s.r.o.",1693.620000,-0.1484691128
"3-room apartment","partially renovated","okres Martin",1871.712143,"TUreality s.r.o.",1746.750000,-0.0667635477
"3-room apartment","partially renovated","okres Martin",1871.712143,"LIF REAL",1785.710000,-0.0459483812
"3-room apartment","partially renovated","okres Martin",1871.712143,"Reality D.P.A.",1779.070000,-0.0494959352
"3-room apartment","partially renovated","okres Žilina",2360.442222,NULL,NULL,NULL
"3-room apartment","partially renovated","okres Martin",1871.712143,"TARGETreal s. r. o.",1687.500000,-0.0984190564
"3-room apartment","partially renovated","okres Žilina",2360.442222,"ROMDOM, s. r. o",2265.330000,-0.0402942386
"3-room apartment","partially renovated","okres Turčianske Teplice",1384.925000,"TUreality s.r.o.",NULL,NULL
"4-room apartment","new construction","okres Žilina",2968.784762,"Reinoo a.s.",3500.005000,0.1789352481
"4-room apartment","new construction","okres Žilina",2968.784762,"Bosen Group s.r.o.",2515.385000,-0.1527223421
"4-room apartment","new construction","okres Žilina",2968.784762,"WFG reality, s.r.o.",3323.810000,0.1195860483
"4-room apartment","new construction","okres Liptovský Mikuláš",2746.960000,"Bosen Group s.r.o.",2895.290000,0.0539978740
"4-room apartment","new construction","okres Liptovský Mikuláš",2746.960000,"RK SPIRIT s.r.o.",2187.700000,-0.2035923348
"4-room apartment","new construction","okres Žilina",2968.784762,"KORSO Project, s.r.o.",3658.756667,0.2324088677
"4-room apartment","new construction","okres Ružomberok",2482.890000,NULL,2504.240000,0.0085988505
"4-room apartment","new construction","okres Martin",1863.000000,"Buby reality, s.r.o.",NULL,NULL
"4-room apartment","new construction","okres Čadca",1570.420000,"MGM reality",1570.420000,0.0000000000
"4-room apartment","new construction","okres Žilina",2968.784762,"DreamReality s.r.o.",2761.590000,-0.0697911026
"4-room apartment","new construction","okres Žilina",2968.784762,"TUreality s.r.o.",2386.970000,-0.1959774145
"4-room apartment","new construction","okres Žilina",2968.784762,"MGM reality",NULL,NULL
"4-room apartment","new construction","okres Žilina",2968.784762,"B10 Slovensko, a. s.",2557.250000,-0.1386206125
"4-room apartment","new construction","okres Žilina",2968.784762,"HMS Services, a. s.",3143.080000,0.0587092875
"4-room apartment","new construction","okres Turčianske Teplice",NULL,"Arvin & Benet",NULL,NULL
"4-room apartment","new construction","okres Liptovský Mikuláš",2746.960000,"Occam New Home",NULL,NULL
"4-room apartment","new construction","okres Martin",1863.000000,"Reality Alpia",NULL,NULL
"4-room apartment","new construction","okres Martin",1863.000000,"TARGETreal s. r. o.",1863.000000,0.0000000000
"4-room apartment","new construction","okres Čadca",1570.420000,"JPE. Reality - Jozef Pajer",NULL,NULL
"4-room apartment","new construction","okres Žilina",2968.784762,"RIEŠIME BÝVANIE",2023.445000,-0.3184265071
"4-room apartment","new construction","okres Žilina",2968.784762,NULL,3085.390000,0.0392770939
"2-room apartment","fully renovated","okres Liptovský Mikuláš",2689.293333,"YFE, s.r.o.",2208.030000,-0.1789553141
"2-room apartment","fully renovated","okres Liptovský Mikuláš",2689.293333,"OVERENÉ REALITY",2173.910000,-0.1916426619
"2-room apartment","fully renovated","okres Žilina",2955.898333,"DRR INVEST, s. r. o.",2741.770000,-0.0724410345
"2-room apartment","fully renovated","okres Liptovský Mikuláš",2689.293333,"RK SPIRIT s.r.o.",4244.695000,0.5783681713
"2-room apartment","fully renovated","okres Martin",2491.667778,"Felicita Real s. r. o.",2189.660000,-0.1212070809
"2-room apartment","fully renovated","okres Žilina",2955.898333,"Georgi Conev",2908.910000,-0.0158964645
"2-room apartment","fully renovated","okres Ružomberok",2533.832500,"NajBývanie, s.r.o.",2173.910000,-0.1420466822
"2-room apartment","fully renovated","okres Martin",2491.667778,"Reality Center, s.r.o.",2676.130000,0.0740316280
"2-room apartment","fully renovated","okres Žilina",2955.898333,NULL,3173.075000,0.0734723061
"2-room apartment","fully renovated","okres Liptovský Mikuláš",2689.293333,"NajBývanie, s.r.o.",2181.820000,-0.1887013688
"2-room apartment","fully renovated","okres Liptovský Mikuláš",2689.293333,"Realitné kancelárie SR",2071.240000,-0.2298199774
"2-room apartment","fully renovated","okres Liptovský Mikuláš",2689.293333,"AstonReal s.r.o.",2380.000000,-0.1150091473
"2-room apartment","fully renovated","okres Žilina",2955.898333,"MENS s. r. o.",4017.860000,0.3592686714
"2-room apartment","fully renovated","okres Námestovo",2111.700000,"EVER SK, s.r.o.",2111.700000,0.0000000000
"2-room apartment","fully renovated","okres Žilina",2955.898333,"TUreality s.r.o.",3000.000000,0.0149198863
"2-room apartment","fully renovated","okres Martin",2491.667778,"B10 Slovensko, a. s.",2355.930000,-0.0544766759
"2-room apartment","fully renovated","okres Žilina",2955.898333,"TARGETreal s. r. o.",2750.000000,-0.0696567709
"2-room apartment","fully renovated","okres Dolný Kubín",2629.365000,NULL,2314.290000,-0.1198293124
"2-room apartment","fully renovated","okres Žilina",2955.898333,"BR ACADEMY, s. r. o.",NULL,NULL
"2-room apartment","fully renovated","okres Ružomberok",2533.832500,"RK Dalmia s. r. o.",2142.860000,-0.1543008466
"2-room apartment","fully renovated","okres Martin",2491.667778,"FINREA - ak vám záleží na výsledku",2400.000000,-0.0367897273
"2-room apartment","fully renovated","okres Žilina",2955.898333,"Safe reality s. r. o.",2768.750000,-0.0633135216
"2-room apartment","fully renovated","okres Žilina",2955.898333,"MGM reality",2884.185000,-0.0242610959
"2-room apartment","fully renovated","okres Liptovský Mikuláš",2689.293333,"J.M.H. s.r.o.",3737.830000,0.3898930080
"2-room apartment","fully renovated","okres Ružomberok",2533.832500,"GARANT REALITY",2017.860000,-0.2036332315
"2-room apartment","fully renovated","okres Ružomberok",2533.832500,"Reality Alpia",1840.970000,-0.2734444759
"2-room apartment","fully renovated","okres Liptovský Mikuláš",2689.293333,"BEDES | Realitná kancelária",4907.960000,0.8249998763
"2-room apartment","fully renovated","okres Dolný Kubín",2629.365000,"AstonReal s.r.o.",2944.440000,0.1198293124
"2-room apartment","fully renovated","okres Martin",2491.667778,AZUR.RE,2313.880000,-0.0713529226
"2-room apartment","fully renovated","okres Liptovský Mikuláš",2689.293333,"KA Real",1771.035000,-0.3414496744
"2-room apartment","fully renovated","okres Žilina",2955.898333,"Realitná kancelária RED, s.r.o.",2916.800000,-0.0132272252
"2-room apartment","fully renovated","okres Žilina",2955.898333,"EASY centrum bývania, s.r.o.",3807.630000,0.2881464689
"2-room apartment","fully renovated","okres Žilina",2955.898333,"ŽILINAREAL, s.r.o.",2738.695000,-0.0734813273
"2-room apartment","fully renovated","okres Martin",2491.667778,"Realitná kancelária",2331.670000,-0.0642131264
"2-room apartment","fully renovated","okres Martin",2491.667778,"TUreality s.r.o.",NULL,NULL
"2-room apartment","fully renovated","okres Čadca",1826.004000,"1. Reality Rent, s.r.o.",2021.800000,0.1072264902
"2-room apartment","fully renovated","okres Liptovský Mikuláš",2689.293333,"Direct Real, spol. s r.o.",2646.840000,-0.0157860552
"2-room apartment","fully renovated","okres Martin",2491.667778,"HALO reality, s.r.o.",2592.980000,0.0406604054
"2-room apartment","fully renovated","okres Ružomberok",2533.832500,"RESIDENCE realitná kancelária",3645.565000,0.4387553242
"2-room apartment","fully renovated","okres Kysucké Nové Mesto",2525.256667,"HOLESTIAK.sk reality s.r.o.",2398.110000,-0.0503499976
"2-room apartment","fully renovated","okres Čadca",1826.004000,"SLNOVRAT, s.r.o.",1804.248889,-0.0119140544
"2-room apartment","fully renovated","okres Martin",2491.667778,"RE/MAX Slovakia",2603.782500,0.0449958550
"2-room apartment","fully renovated","okres Bytča",2763.730000,"GAMA Reality, s.r.o.",3000.000000,0.0854895377
"3-room apartment","under construction","okres Žilina",2686.740000,"Realitná kancelária",2028.610000,-0.2449548523
"3-room apartment","under construction","okres Liptovský Mikuláš",3442.430000,"TATRA CITY RESIDENCE s. r. o.",4009.290000,0.1646685626
"3-room apartment","under construction","okres Ružomberok",2975.950000,"RK SPIRIT s.r.o.",NULL,NULL
"3-room apartment","under construction","okres Martin",2645.646667,"Constario REALTY s.r.o.",2272.060000,-0.1412080727
"3-room apartment","under construction","okres Žilina",2686.740000,"Reality Alpia",3344.870000,0.2449548523
"3-room apartment","under construction","okres Kysucké Nové Mesto",2888.855000,"Istrofinal, s. r. o.",2888.855000,0.0000000000
"3-room apartment","under construction","okres Martin",2645.646667,"CANGURU s.r.o.",2720.364000,0.0282416144
"3-room apartment","under construction","okres Ružomberok",2975.950000,"ODEKO manažment s.r.o.",2975.950000,0.0000000000
"2-room apartment","new construction","okres Martin",2847.854545,"TARGETreal s. r. o.",2500.000000,-0.1221461769
"2-room apartment","new construction","okres Martin",2847.854545,"Reality Center, s.r.o.",3163.270000,0.1107554652
"2-room apartment","new construction","okres Turčianske Teplice",4070.915000,"Estate Invest",4961.830000,0.2188488337
"2-room apartment","new construction","okres Žilina",3561.193182,"AnReal s. r. o.",3568.700000,0.0021079502
"2-room apartment","new construction","okres Čadca",2014.910000,"MGM reality",1859.500000,-0.0771299959
"2-room apartment","new construction","okres Liptovský Mikuláš",3530.526486,"TUreality s.r.o.",3428.570000,-0.0288785501
"2-room apartment","new construction","okres Žilina",3561.193182,"ODEKO manažment s.r.o.",3403.293333,-0.0443390293
"2-room apartment","new construction","okres Ružomberok",3005.420000,"AstonReal s.r.o.",2549.880000,-0.1515728251
"2-room apartment","new construction","okres Liptovský Mikuláš",3530.526486,"REINVEST s.r.o.",1468.040000,-0.5841866629
"2-room apartment","new construction","okres Žilina",3561.193182,"STAREA, s. r. o.",3046.035000,-0.1446588701
"2-room apartment","new construction","okres Liptovský Mikuláš",3530.526486,"RE/MAX Slovakia",4211.657500,0.1929261873
"2-room apartment","new construction","okres Liptovský Mikuláš",3530.526486,"HALO reality, s.r.o.",3287.230000,-0.0689122393
"2-room apartment","new construction","okres Dolný Kubín",3896.190000,"OREA, s.r.o.",4252.380000,0.0914200796
"2-room apartment","new construction","okres Martin",2847.854545,"Real Reality Development s.r.o.",NULL,NULL
"2-room apartment","new construction","okres Dolný Kubín",3896.190000,"RK Dalmia s. r. o.",2585.710000,-0.3363491000
"2-room apartment","new construction","okres Liptovský Mikuláš",3530.526486,"Realitné kancelárie SR",2715.420000,-0.2308739190
"2-room apartment","new construction","okres Žilina",3561.193182,"RIEŠIME BÝVANIE",3599.980000,0.0108915232
"2-room apartment","new construction","okres Liptovský Mikuláš",3530.526486,"Prvá Realitná Kancelária, s.r.o.",4000.000000,0.1329754970
"2-room apartment","new construction","okres Žilina",3561.193182,"Realitné kancelárie SR",3305.410000,-0.0718251353
"2-room apartment","new construction","okres Žilina",3561.193182,"B10 Slovensko, a. s.",4050.000000,0.1372592817
"2-room apartment","new construction","okres Liptovský Mikuláš",3530.526486,G-REAL,4078.111667,0.1551001481
"2-room apartment","new construction","okres Žilina",3561.193182,"R2 SK, s.r.o.",3212.070000,-0.0980354516
"2-room apartment","new construction","okres Liptovský Mikuláš",3530.526486,"RESIDENCE realitná kancelária",3655.290000,0.0353385011
"2-room apartment","new construction","okres Žilina",3561.193182,"JKV REAL",NULL,NULL
"2-room apartment","new construction","okres Žilina",3561.193182,"Renovo Reality",4464.290000,0.2535938861
"2-room apartment","new construction","okres Dolný Kubín",3896.190000,"FINREA - ak vám záleží na výsledku",4278.070000,0.0980137006
"2-room apartment","new construction","okres Žilina",3561.193182,"KORSO Project, s.r.o.",4489.500000,0.2606729741
"2-room apartment","new construction","okres Žilina",3561.193182,"GAMA Reality, s.r.o.",3019.230000,-0.1521858417
"2-room apartment","new construction","okres Žilina",3561.193182,"Financial Hotels Management, s.r.o.",3950.550000,0.1093332482
"2-room apartment","new construction","okres Martin",2847.854545,"B10 Slovensko, a. s.",2128.570000,-0.2525706751
"2-room apartment","new construction","okres Turčianske Teplice",4070.915000,"TARGETreal s. r. o.",3180.000000,-0.2188488337
"2-room apartment","new construction","okres Tvrdošín",2988.100000,"RK SPIRIT s.r.o.",2988.100000,0.0000000000
"2-room apartment","new construction","okres Žilina",3561.193182,"Realitná kancelária RED, s.r.o.",3623.877000,0.0176019145
"2-room apartment","new construction","okres Martin",2847.854545,"Buby reality, s.r.o.",2605.810000,-0.0849918917
"2-room apartment","new construction","okres Ružomberok",3005.420000,donidDevelop,2620.690000,-0.1280120582
"2-room apartment","new construction","okres Ružomberok",3005.420000,Limaxreal,2731.710000,-0.0910721297
"2-room apartment","new construction","okres Martin",2847.854545,"Reality AK, spol. s r.o.",3357.410000,0.1789260817
"2-room apartment","new construction","okres Žilina",3561.193182,"WFG reality, s.r.o.",3722.142500,0.0451953348
"2-room apartment","new construction","okres Žilina",3561.193182,"Reinoo a.s.",3651.348750,0.0253161127
"2-room apartment","new construction","okres Martin",2847.854545,NULL,2997.770000,0.0526415421
"2-room apartment","new construction","okres Žilina",3561.193182,"MGM reality",NULL,NULL
"2-room apartment","new construction","okres Žilina",3561.193182,"ŽILINAREAL, s.r.o.",2530.136667,-0.2895255782
"2-room apartment","new construction","okres Liptovský Mikuláš",3530.526486,NULL,3239.645714,-0.0823901968
"2-room apartment","new construction","okres Čadca",2014.910000,"Trioreality, s.r.o.",2170.320000,0.0771299959
"2-room apartment","new construction","okres Liptovský Mikuláš",3530.526486,"Bosen Group s.r.o.",3968.250000,0.1239825040
"2-room apartment","new construction","okres Bytča",3041.110000,"PRIMA reality s.r.o.",3082.220000,0.0135180904
"2-room apartment","new construction","okres Ružomberok",3005.420000,"OREA, s.r.o.",4137.930000,0.3768225406
"2-room apartment","new construction","okres Liptovský Mikuláš",3530.526486,"RK SPIRIT s.r.o.",2177.653333,-0.3831930332
"4-room apartment",unrenovated,"okres Čadca",1517.010000,"BeMi realitná kancelária",1517.010000,0.0000000000
"4-room apartment",unrenovated,"okres Žilina",2022.186667,"ŽILINAREAL, s.r.o.",2031.250000,0.0044819468
"4-room apartment",unrenovated,"okres Tvrdošín",1752.940000,"BeMi realitná kancelária",1752.940000,0.0000000000
"4-room apartment",unrenovated,"okres Žilina",2022.186667,"Reality IQ, s.r.o.",1904.750000,-0.0580740982
"4-room apartment",unrenovated,"okres Martin",1488.760000,Time4dreams,1488.760000,0.0000000000
"4-room apartment",unrenovated,"okres Žilina",2022.186667,"RIEŠIME BÝVANIE",1416.670000,-0.2994365836
"4-room apartment",unrenovated,"okres Martin",1488.760000,Reality+,NULL,NULL
"holiday apartment","fully renovated","okres Martin",4312.805000,"RIGHT POWER DEVELOPMENT, s.r.o.",3286.320000,-0.2380086742
"holiday apartment","fully renovated","okres Čadca",1641.275000,"NIKO-REAL, s.r.o.",NULL,NULL
"holiday apartment","fully renovated","okres Liptovský Mikuláš",3384.775000,"Reality Alpia",3438.600000,0.0159020910
"holiday apartment","fully renovated","okres Ružomberok",3557.504000,NULL,3547.600000,-0.0027839744
"holiday apartment","fully renovated","okres Ružomberok",3557.504000,"REALITY SPOLU",3804.120000,0.0693227611
"holiday apartment","fully renovated","okres Martin",4312.805000,donidDevelop,5339.290000,0.2380086742
"holiday apartment","fully renovated","okres Ružomberok",3557.504000,"Reality Alpia",3345.904000,-0.0594799050
"holiday apartment","fully renovated","okres Čadca",1641.275000,"Ing. Gerlinda Bérešová - Esti",1641.275000,0.0000000000
"holiday apartment","new construction","okres Ružomberok",3446.845833,"All 4 Life, s.r.o.",3490.480000,0.0126591583
"holiday apartment","new construction","okres Liptovský Mikuláš",5121.123393,liptoreal,5192.310000,0.0139005842
"holiday apartment","new construction","okres Liptovský Mikuláš",5121.123393,"REALITY SPOLU",4756.760000,-0.0711491142
"holiday apartment","new construction","okres Liptovský Mikuláš",5121.123393,"Occam New Home",3498.450000,-0.3168588742
"holiday apartment","new construction","okres Liptovský Mikuláš",5121.123393,"ML realitný& finančny servis s.r.o. , BrokerSoft s.r.o. , Monika Launerová - SZČO",4324.325000,-0.1555905476
"holiday apartment","new construction","okres Ružomberok",3446.845833,NULL,3787.880000,0.0989409401
"holiday apartment","new construction","okres Martin",3112.682500,"Realitné kancelárie SR",2774.360000,-0.1086916189
"holiday apartment","new construction","okres Liptovský Mikuláš",5121.123393,"Juraj Hegyi Reality & Development s.r.o.",7407.220000,0.4464052966
"holiday apartment","new construction","okres Liptovský Mikuláš",5121.123393,Limaxreal,4736.840000,-0.0750388857
"holiday apartment","new construction","okres Ružomberok",3446.845833,"OREA, s.r.o.",3872.500000,0.1234909212
"holiday apartment","new construction","okres Liptovský Mikuláš",5121.123393,NULL,5111.110000,-0.0019553118
"holiday apartment","new construction","okres Liptovský Mikuláš",5121.123393,"J.M.H. s.r.o.",4589.025000,-0.1039026698
"holiday apartment","new construction","okres Liptovský Mikuláš",5121.123393,"Pegas real s.r.o.",2738.520000,-0.4652501434
"holiday apartment","new construction","okres Ružomberok",3446.845833,"DOMUM realitná spoločnosť s. r. o.",3093.750000,-0.1024402744
"holiday apartment","new construction","okres Liptovský Mikuláš",5121.123393,"Reality Now",4291.850000,-0.1619319296
"holiday apartment","new construction","okres Liptovský Mikuláš",5121.123393,"CreeX Reality s.r.o.",6910.140000,0.3493406563
"holiday apartment","new construction","okres Ružomberok",3446.845833,"MK-CORP s.r.o.",3261.450000,-0.0537870975
"holiday apartment","new construction","okres Liptovský Mikuláš",5121.123393,"XEMAR realitná spoločnosť s.r.o.",6910.140000,0.3493406563
"holiday apartment","new construction","okres Liptovský Mikuláš",5121.123393,"Nové bývanie",7521.740000,0.4687675775
"holiday apartment","new construction","okres Liptovský Mikuláš",5121.123393,ZEIRA,6730.770000,0.3143151382
"holiday apartment","new construction","okres Ružomberok",3446.845833,"ARCHEUS Partners a.s.",3330.770000,-0.0336759573
"holiday apartment","new construction","okres Martin",3112.682500,"B10 Slovensko, a. s.",3815.790000,0.2258847473
"holiday apartment","new construction","okres Liptovský Mikuláš",5121.123393,"KRUPPKY, s.r.o.",4858.300000,-0.0513214334
"holiday apartment","new construction","okres Liptovský Mikuláš",5121.123393,"MK-CORP s.r.o.",3371.554000,-0.3416378124
"holiday apartment","new construction","okres Liptovský Mikuláš",5121.123393,"RESIDENCE realitná kancelária",6049.060588,0.1811979763
"holiday apartment","new construction","okres Liptovský Mikuláš",5121.123393,"Porto Real Group",3229.170000,-0.3694410870
"holiday apartment","new construction","okres Liptovský Mikuláš",5121.123393,jabyvam.sk,4268.455000,-0.1665002632
"holiday apartment","new construction","okres Liptovský Mikuláš",5121.123393,"PASS Reality, s.r.o.",NULL,NULL
"holiday apartment","new construction","okres Liptovský Mikuláš",5121.123393,"Tatra Invest",5352.707500,0.0452213488
"holiday apartment","new construction","okres Liptovský Mikuláš",5121.123393,"AstonReal s.r.o.",5217.390000,0.0187979472
"holiday apartment","new construction","okres Liptovský Mikuláš",5121.123393,"Prvá Realitná Kancelária, s.r.o.",4068.970000,-0.2054536304
"holiday apartment","new construction","okres Liptovský Mikuláš",5121.123393,"RK SPIRIT s.r.o.",3639.807500,-0.2892560439
"holiday apartment","new construction","okres Liptovský Mikuláš",5121.123393,"Reality Alpia",4841.630000,-0.0545765785
"1-room apartment","partially renovated","okres Dolný Kubín",2291.670000,"TUreality s.r.o.",2291.670000,0.0000000000
"1-room apartment","partially renovated","okres Martin",2898.635000,"TUreality s.r.o.",2900.000000,0.0004709113
"1-room apartment","partially renovated","okres Martin",2898.635000,"Piata Avenue",3559.320000,0.2279296979
"1-room apartment","partially renovated","okres Turčianske Teplice",2113.460000,"TARGETreal s. r. o.",2113.460000,0.0000000000
"1-room apartment","partially renovated","okres Čadca",2690.757500,"Ing. Marcela Pišteková",NULL,NULL
"1-room apartment","partially renovated","okres Ružomberok",2825.350000,"OVERENÉ REALITY",2125.280000,-0.2477816908
"1-room apartment","partially renovated","okres Čadca",2690.757500,"Renovo Reality",2341.220000,-0.1299030106
"1-room apartment","partially renovated","okres Martin",2898.635000,"Like Reality s.r.o.",2236.840000,-0.2283126368
"1-room apartment","partially renovated","okres Žilina",4218.820000,"R2 SK, s.r.o.",3722.190000,-0.1177177505
"1-room apartment","partially renovated","okres Liptovský Mikuláš",2184.735000,"TUreality s.r.o.",2941.180000,0.3462410773
"holiday apartment","under construction","okres Liptovský Mikuláš",8650.550000,"RK SPIRIT s.r.o.",3821.530000,-0.5582327135
"holiday apartment","under construction","okres Liptovský Mikuláš",8650.550000,NULL,4869.570000,-0.4370797233
"holiday apartment","under construction","okres Liptovský Mikuláš",8650.550000,"Tatry mountain resorts, a.s.",10372.550000,0.1990624874
"holiday apartment","under construction","okres Turčianske Teplice",4459.460000,"Reality MT s.r.o.",4459.460000,0.0000000000
"1-room apartment","fully renovated","okres Čadca",2796.610000,"1. Reality Rent, s.r.o.",2796.610000,0.0000000000
"1-room apartment","fully renovated","okres Liptovský Mikuláš",2449.128333,"KA Real",2753.200000,0.1241550567
"1-room apartment","fully renovated","okres Ružomberok",2878.750000,"A-Byt Consult, s.r.o.",1745.000000,-0.3938341294
"1-room apartment","fully renovated","okres Liptovský Mikuláš",2449.128333,"RESIDENCE realitná kancelária",NULL,NULL
"1-room apartment","fully renovated","okres Liptovský Mikuláš",2449.128333,"XEMAR realitná spoločnosť s.r.o.",1961.745000,-0.1990027743
"1-room apartment","fully renovated","okres Martin",3315.735000,"Reality AK, spol. s r.o.",3152.540000,-0.0492183483
"1-room apartment","fully renovated","okres Ružomberok",2878.750000,"OREA, s.r.o.",4012.500000,0.3938341294
"1-room apartment","fully renovated","okres Žilina",5000.000000,"Bonjour real",5000.000000,0.0000000000
"1-room apartment","fully renovated","okres Liptovský Mikuláš",2449.128333,"A-Byt Consult, s.r.o.",1916.670000,-0.2174072815
"2-room apartment","under construction","okres Ružomberok",3087.710000,"RK SPIRIT s.r.o.",NULL,NULL
"2-room apartment","under construction","okres Liptovský Mikuláš",3457.133333,G-REAL,2168.290000,-0.3728069498
"2-room apartment","under construction","okres Martin",2719.446667,"Constario REALTY s.r.o.",2627.960000,-0.0336416478
"2-room apartment","under construction","okres Kysucké Nové Mesto",3120.960000,"Istrofinal, s. r. o.",3120.960000,0.0000000000
"2-room apartment","under construction","okres Martin",2719.446667,"Realitné kancelárie SR",2727.270000,0.0028768106
"2-room apartment","under construction","okres Martin",2719.446667,"BENCONT DEVELOPMENT, a.s.",2909.630000,0.0699345699
"2-room apartment","under construction","okres Liptovský Mikuláš",3457.133333,"TATRA CITY RESIDENCE s. r. o.",4638.290000,0.3416578284
"2-room apartment","under construction","okres Žilina",3414.465000,"Reality Alpia",3547.720000,0.0390266118
"2-room apartment","under construction","okres Liptovský Mikuláš",3457.133333,"REALITY TATRY",2329.820000,-0.3260832674
"2-room apartment","under construction","okres Ružomberok",3087.710000,"ODEKO manažment s.r.o.",3087.710000,0.0000000000
"2-room apartment","under construction","okres Martin",2719.446667,"CANGURU s.r.o.",2701.693333,-0.0065282891
"1-room apartment","under construction","okres Martin",2892.360000,"Constario REALTY s.r.o.",2892.360000,0.0000000000
"1-room apartment","under construction","okres Žilina",3771.195000,"Realitná kancelária",3611.200000,-0.0424255442
"1-room apartment","under construction","okres Žilina",3771.195000,"Reality Alpia",3931.190000,0.0424255442
"1-room apartment","under construction","okres Liptovský Mikuláš",NULL,"RK SPIRIT s.r.o.",NULL,NULL
"1-room apartment","under construction","okres Kysucké Nové Mesto",1420.210000,"Istrofinal, s. r. o.",1420.210000,0.0000000000
"4-room apartment","partially renovated","okres Martin",1960.471667,"Cooper Real s.r.o",1749.900000,-0.1074086765
"4-room apartment","partially renovated","okres Liptovský Mikuláš",1758.930000,"Direct Real, spol. s r.o.",1495.240000,-0.1499150051
"4-room apartment","partially renovated","okres Liptovský Mikuláš",1758.930000,"HALO reality, s.r.o.",2022.620000,0.1499150051
"4-room apartment","partially renovated","okres Ružomberok",1890.550000,"OVERENÉ REALITY",NULL,NULL
"4-room apartment","partially renovated","okres Žilina",2371.034286,"ACTIVE - Reality, s. r. o.",2297.620000,-0.0309629795
"4-room apartment","partially renovated","okres Žilina",2371.034286,"Reality Alpia",NULL,NULL
"4-room apartment","partially renovated","okres Martin",1960.471667,"NajBývanie, s.r.o.",1451.610000,-0.2595608371
"4-room apartment","partially renovated","okres Bytča",1785.055000,"B10 Slovensko, a. s.",1666.540000,-0.0663929123
"4-room apartment","partially renovated","okres Kysucké Nové Mesto",1735.425000,"MGM reality",1923.060000,0.1081204892
"4-room apartment","partially renovated","okres Martin",1960.471667,"Reality D.P.A.",NULL,NULL
"4-room apartment","partially renovated","okres Bytča",1785.055000,"HALO reality, s.r.o.",1903.570000,0.0663929123
"4-room apartment","partially renovated","okres Martin",1960.471667,"FINREA - ak vám záleží na výsledku",2244.900000,0.1450815831
"4-room apartment","partially renovated","okres Dolný Kubín",1831.830000,"TUreality s.r.o.",1831.830000,0.0000000000
"4-room apartment","partially renovated","okres Žilina",2371.034286,"1. Reality Rent, s.r.o.",2670.340000,0.1262342412
"4-room apartment","partially renovated","okres Žilina",2371.034286,"RIEŠIME BÝVANIE",2517.240000,0.0616632644
"4-room apartment","partially renovated","okres Martin",1960.471667,"Reality Center, s.r.o.",2189.350000,0.1167465650
"4-room apartment","under construction","okres Martin",2542.520000,"Constario REALTY s.r.o.",2542.520000,0.0000000000
"4-room apartment","under construction","okres Kysucké Nové Mesto",2844.571818,"Istrofinal, s. r. o.",2844.571818,0.0000000000
"4-room apartment","under construction","okres Ružomberok",2744.840000,"ODEKO manažment s.r.o.",2744.840000,0.0000000000
"2-room apartment",unrenovated,"okres Martin",1925.425455,"ALFA SALUTO REAL s.r.o",1940.720000,0.0079434626
"2-room apartment",unrenovated,"okres Žilina",2585.128333,"TUreality s.r.o.",2307.690000,-0.1073209130
"2-room apartment",unrenovated,"okres Ružomberok",1159.725000,"NajBývanie, s.r.o.",1735.290000,0.4962943801
"2-room apartment",unrenovated,"okres Žilina",2585.128333,"Crystin reality, s.r.o.",2725.450000,0.0542803486
"2-room apartment",unrenovated,"okres Žilina",2585.128333,"Realitná kancelária RED, s.r.o.",2806.155000,0.0854993016
"2-room apartment",unrenovated,"okres Martin",1925.425455,"RIEŠIME BÝVANIE",1757.140000,-0.0874016984
"2-room apartment",unrenovated,"okres Liptovský Mikuláš",3059.835000,"Realitné kancelárie SR",6882.490000,1.2493010244
"2-room apartment",unrenovated,"okres Martin",1925.425455,"Reality D.P.A.",1270.270000,-0.3402652922
"2-room apartment",unrenovated,"okres Martin",1925.425455,"Like Reality s.r.o.",1928.070000,0.0013734860
"2-room apartment",unrenovated,"okres Liptovský Mikuláš",3059.835000,"OVERENÉ REALITY",2049.180000,-0.3302972219
"2-room apartment",unrenovated,"okres Kysucké Nové Mesto",2111.785000,"Realitná kancelária RED, s.r.o.",2053.570000,-0.0275667267
"2-room apartment",unrenovated,"okres Liptovský Mikuláš",3059.835000,"BeMi realitná kancelária",3207.290000,0.0481905070
"2-room apartment",unrenovated,"okres Liptovský Mikuláš",3059.835000,"RESIDENCE realitná kancelária",2118.640000,-0.3075966515
"2-room apartment",unrenovated,"okres Žilina",2585.128333,"Realitné kancelárie SR",2272.730000,-0.1208444196
"2-room apartment",unrenovated,"okres Liptovský Mikuláš",3059.835000,"RE/MAX Slovakia",1901.410000,-0.3785906756
"2-room apartment",unrenovated,"okres Ružomberok",1159.725000,"Obec Liptovská Lúžna",967.870000,-0.1654314600
"2-room apartment",unrenovated,"okres Martin",1925.425455,"WFG reality, s.r.o.",2222.000000,0.1540306555
"2-room apartment",unrenovated,"okres Turčianske Teplice",1366.670000,NULL,1366.670000,0.0000000000
"2-room apartment",unrenovated,"okres Kysucké Nové Mesto",2111.785000,"HOLESTIAK.sk reality s.r.o.",2170.000000,0.0275667267
"2-room apartment",unrenovated,"okres Žilina",2585.128333,NULL,2592.590000,0.0028863817
"2-room apartment",unrenovated,"okres Martin",1925.425455,"B10 Slovensko, a. s.",2211.540000,0.1485980900
"5+ room apartment","partially renovated","okres Žilina",2588.316667,"RIEŠIME BÝVANIE",2990.000000,0.1551909541
"5+ room apartment","partially renovated","okres Žilina",2588.316667,"Reality IQ, s.r.o.",2326.670000,-0.1010875796
"1-room apartment",unrenovated,"okres Martin",2633.330000,"TUreality s.r.o.",NULL,NULL
"1-room apartment",unrenovated,"okres Žilina",3173.545000,NULL,NULL,NULL
"1-room apartment",unrenovated,"okres Žilina",3173.545000,"MGM reality",NULL,NULL
"1-room apartment",unrenovated,"okres Žilina",3173.545000,"Safe reality s. r. o.",2975.000000,-0.0625625287
"1-room apartment",unrenovated,"okres Martin",2633.330000,"Like Reality s.r.o.",2633.330000,0.0000000000
"1-room apartment",unrenovated,"okres Námestovo",2435.900000,"BeMi realitná kancelária",2435.900000,0.0000000000
"1-room apartment",unrenovated,"okres Tvrdošín",2632.065000,"Vianema s.r.o.",2632.065000,0.0000000000
"studio apartment","partially renovated","okres Čadca",NULL,"Reality Alpia",NULL,NULL
"studio apartment","partially renovated","okres Martin",3750.000000,"FINREA - ak vám záleží na výsledku",3750.000000,0.0000000000
"studio apartment","partially renovated","okres Ružomberok",1003.710000,NULL,1003.710000,0.0000000000
"studio apartment","partially renovated","okres Žilina",4190.105000,"RIEŠIME BÝVANIE",3702.940000,-0.1162655828
"3-room apartment","development project","okres Ružomberok",1725.015000,"ODEKO manažment s.r.o.",1725.015000,0.0000000000
"3-room apartment","development project","okres Žilina",3628.760000,"KORSO Project, s.r.o.",3628.760000,0.0000000000
"studio apartment","new construction","okres Žilina",4720.000000,"RIEŠIME BÝVANIE",4720.000000,0.0000000000
"studio apartment","new construction","okres Liptovský Mikuláš",3370.863333,G-REAL,4239.950000,0.2578231691
"studio apartment","new construction","okres Ružomberok",1815.800000,NULL,1815.800000,0.0000000000
"studio apartment","new construction","okres Dolný Kubín",3996.000000,"OREA, s.r.o.",3996.000000,0.0000000000
"holiday apartment","partially renovated","okres Ružomberok",2507.150000,"Reality Alpia",2676.060000,0.0673713180
"holiday apartment","partially renovated","okres Ružomberok",2507.150000,"NajBývanie, s.r.o.",2338.240000,-0.0673713180
"holiday apartment","partially renovated","okres Tvrdošín",2888.890000,NULL,2888.890000,0.0000000000
"holiday apartment","partially renovated","okres Čadca",3000.000000,NULL,3000.000000,0.0000000000
"2-room apartment","development project","okres Ružomberok",2706.292500,"ODEKO manažment s.r.o.",2706.292500,0.0000000000
"2-room apartment","development project","okres Žilina",5230.550000,"ATP stavby s.r.o.",4916.700000,-0.0600032501
"2-room apartment","development project","okres Žilina",5230.550000,"Teraz, a.s.",5387.475000,0.0300016251
"2-room apartment","development project","okres Dolný Kubín",2716.670000,NULL,2716.670000,0.0000000000
"4-room apartment","fully renovated","okres Martin",2216.265000,"RE/MAX Slovakia",1988.240000,-0.1028870645
"4-room apartment","fully renovated","okres Žilina",2466.374706,"MGM reality",2423.503333,-0.0173823438
"4-room apartment","fully renovated","okres Dolný Kubín",2287.120000,"RK Dalmia s. r. o.",2191.010000,-0.0420222813
"4-room apartment","fully renovated","okres Martin",2216.265000,NULL,2213.980000,-0.0010310139
"4-room apartment","fully renovated","okres Liptovský Mikuláš",2814.925000,"RK SPIRIT s.r.o.",4101.690000,0.4571223034
"4-room apartment","fully renovated","okres Kysucké Nové Mesto",1693.190000,"Safe reality s. r. o.",1346.610000,-0.2046905545
"4-room apartment","fully renovated","okres Martin",2216.265000,"Constario REALTY s.r.o.",2667.420000,0.2035654581
"4-room apartment","fully renovated","okres Žilina",2466.374706,"Realitné kancelárie SR",2663.370000,0.0798724109
"4-room apartment","fully renovated","okres Dolný Kubín",2287.120000,"OREA, s.r.o.",2383.230000,0.0420222813
"4-room apartment","fully renovated","okres Žilina",2466.374706,"LAVENTURA s.r.o.",2500.000000,0.0136334896
"4-room apartment","fully renovated","okres Žilina",2466.374706,"RK4 REALITY",2430.890000,-0.0143873945
"4-room apartment","fully renovated","okres Žilina",2466.374706,"Realitná kancelária RED, s.r.o.",2219.114444,-0.1002525129
"4-room apartment","fully renovated","okres Ružomberok",2000.000000,NULL,2000.000000,0.0000000000
"4-room apartment","fully renovated","okres Žilina",2466.374706,NULL,4734.430000,0.9195907209
"4-room apartment","fully renovated","okres Námestovo",2344.990000,"TUreality s.r.o.",2344.990000,0.0000000000
"4-room apartment","fully renovated","okres Martin",2216.265000,"JKV REAL",1799.330000,-0.1881250663
"other apartment type","new construction","okres Žilina",NULL,"Euro Bauer s.r.o.",NULL,NULL
"holiday apartment","development project","okres Žilina",4965.415000,"KORSO Project, s.r.o.",4965.415000,0.0000000000
maisonette,"new construction","okres Žilina",NULL,"MGM reality",NULL,NULL
maisonette,"new construction","okres Liptovský Mikuláš",2384.420000,"RK SPIRIT s.r.o.",2152.660000,-0.0971976414
"studio apartment",unrenovated,"okres Liptovský Mikuláš",2952.760000,"RESIDENCE realitná kancelária",2952.760000,0.0000000000
"studio apartment",unrenovated,"okres Martin",3080.000000,"Realitná kancelária",3080.000000,0.0000000000
"studio apartment","fully renovated","okres Žilina",4424.838000,"RIEŠIME BÝVANIE",4258.680000,-0.0375512053
"studio apartment","fully renovated","okres Žilina",4424.838000,"Gro & Partners",5428.570000,0.2268403951
"studio apartment","fully renovated","okres Žilina",4424.838000,"PRIMA reality s.r.o.",2241.380000,-0.4934549016
"studio apartment","fully renovated","okres Žilina",4424.838000,"House Real Žilina",4719.600000,0.0666153202
"4-room apartment","development project","okres Žilina",4174.330000,"KORSO Project, s.r.o.",3680.776667,-0.1182353415
"4-room apartment","development project","okres Žilina",4174.330000,"Teraz, a.s.",5654.990000,0.3547060247
"other apartment type",unrenovated,"okres Žilina",726.740000,"WFG reality, s.r.o.",726.740000,0.0000000000
"5+ room apartment",unrenovated,"okres Martin",1407.140000,"RS Mansory s.r.o.",1407.140000,0.0000000000
"5+ room apartment",unrenovated,"okres Žilina",1611.110000,"Realitná kancelária DOM",1611.110000,0.0000000000
"holiday apartment",unrenovated,"okres Ružomberok",3371.286667,"Romantické Chalupy, s.r.o.",3648.650000,0.0822722481
"holiday apartment",unrenovated,"okres Ružomberok",3371.286667,"Reality Alpia",3232.605000,-0.0411361242
"3-room apartment","fully renovated","okres Žilina",2889.718462,"MENS s. r. o.",NULL,NULL
"3-room apartment","fully renovated","okres Čadca",1815.651667,"B10 Slovensko, a. s.",2000.000000,0.1015328746
"3-room apartment","fully renovated","okres Martin",2109.253333,"Reality D.P.A.",2434.780000,0.1543326550
"3-room apartment","fully renovated","okres Martin",2109.253333,"Reality ASTORIA, s.r.o.",NULL,NULL
"3-room apartment","fully renovated","okres Martin",2109.253333,"TARGETreal s. r. o.",1741.570000,-0.1743191902
"3-room apartment","fully renovated","okres Martin",2109.253333,"Constario REALTY s.r.o.",3171.250000,0.5034941277
"3-room apartment","fully renovated","okres Turčianske Teplice",1791.670000,"TARGETreal s. r. o.",1791.670000,0.0000000000
"3-room apartment","fully renovated","okres Čadca",1815.651667,"Vianema s.r.o.",1367.650000,-0.2467442820
"3-room apartment","fully renovated","okres Martin",2109.253333,"Real Reality Development s.r.o.",NULL,NULL
"3-room apartment","fully renovated","okres Žilina",2889.718462,"B10 Slovensko, a. s.",2980.735000,0.0314966801
"3-room apartment","fully renovated","okres Čadca",1815.651667,"PhDr. Miloš Kocúr - BKM Consulting",1797.300000,-0.0101074823
"1-room apartment","new construction","okres Ružomberok",3237.006000,"OREA, s.r.o.",3688.100000,0.1393553178
"1-room apartment","new construction","okres Martin",3375.320000,"CANGURU s.r.o.",3472.220000,0.0287083891
"1-room apartment","new construction","okres Dolný Kubín",3515.150000,NULL,3515.150000,0.0000000000
"1-room apartment","new construction","okres Žilina",4015.358125,"Financial Hotels Management, s.r.o.",4359.090000,0.0856042884
"1-room apartment","new construction","okres Ružomberok",3237.006000,"XEMAR realitná spoločnosť s.r.o.",3695.370000,0.1416012204
"1-room apartment","new construction","okres Ružomberok",3237.006000,donidDevelop,2927.590000,-0.0955870950
"1-room apartment","new construction","okres Ružomberok",3237.006000,"DOMUM realitná spoločnosť s. r. o.",3093.750000,-0.0442557104
"1-room apartment","new construction","okres Ružomberok",3237.006000,"RK SPIRIT s.r.o.",NULL,NULL
"1-room apartment","new construction","okres Liptovský Mikuláš",4113.190000,G-REAL,4778.160000,0.1616677080
"1-room apartment","new construction","okres Martin",3375.320000,"Eli real realitná kancelária",3059.880000,-0.0934548428
"3-room apartment",unrenovated,"okres Martin",1712.116500,"Reality Simply",1517.650000,-0.1135825161
"3-room apartment",unrenovated,"okres Ružomberok",1637.220000,"NajBývanie, s.r.o.",1735.290000,0.0599003188
"3-room apartment",unrenovated,"okres Liptovský Mikuláš",1794.306250,NULL,2164.380000,0.2062489333
"3-room apartment",unrenovated,"okres Ružomberok",1637.220000,"AstonReal s.r.o.",NULL,NULL
"3-room apartment",unrenovated,"okres Turčianske Teplice",NULL,"TUreality s.r.o.",NULL,NULL
"3-room apartment",unrenovated,"okres Martin",1712.116500,"Reality ASTORIA, s.r.o.",NULL,NULL
"3-room apartment",unrenovated,"okres Žilina",2338.332727,"RENOME REAL",NULL,NULL
"3-room apartment",unrenovated,"okres Liptovský Mikuláš",1794.306250,"AstonReal s.r.o.",NULL,NULL
"3-room apartment",unrenovated,"okres Žilina",2338.332727,"MGM reality",2485.690000,0.0630180946
"3-room apartment","new construction","okres Žilina",3174.402286,"RENOME REAL",2336.960000,-0.2638110140
"3-room apartment","new construction","okres Námestovo",1818.456000,"RK Dalmia s. r. o.",2570.650000,0.4136443224
"3-room apartment","new construction","okres Bytča",2170.460000,"TOCA, s.r.o. Realitná činnosť",2170.460000,0.0000000000
"3-room apartment","new construction","okres Žilina",3174.402286,"DreamReality s.r.o.",3684.210000,0.1605995926
"3-room apartment","new construction","okres Námestovo",1818.456000,donidDevelop,1503.570000,-0.1731611873
"3-room apartment","new construction","okres Bytča",2170.460000,"RENOME REAL",NULL,NULL
"3-room apartment","new construction","okres Turčianske Teplice",2186.490000,"IDEÁLNE BÝVANIE, s.r.o.",2186.490000,0.0000000000
"3-room apartment","new construction","okres Kysucké Nové Mesto",2572.368000,"Renovo Reality",2964.290000,0.1523584495
"3-room apartment","new construction","okres Martin",2471.873846,"Reality ASTORIA, s.r.o.",3173.020000,0.2836496511
"3-room apartment","new construction","okres Liptovský Mikuláš",3608.368889,"Bosen Group s.r.o.",3527.510000,-0.0224087092
"3-room apartment","new construction","okres Liptovský Mikuláš",3608.368889,"Direct Real, spol. s r.o.",3160.920000,-0.1240030891
"2-room apartment","partially renovated","okres Námestovo",NULL,NULL,NULL,NULL
"2-room apartment","partially renovated","okres Ružomberok",2183.822000,"BeMi realitná kancelária",2048.560000,-0.0619381983
"2-room apartment","partially renovated","okres Ružomberok",2183.822000,"OVERENÉ REALITY",2481.480000,0.1363014019
"2-room apartment","partially renovated","okres Žilina",2872.318947,"Reality IQ, s.r.o.",3305.080000,0.1506660858
"2-room apartment","partially renovated","okres Martin",1886.342000,"Reality MT s.r.o.",1875.000000,-0.0060126955
"2-room apartment","partially renovated","okres Žilina",2872.318947,"B10 Slovensko, a. s.",2967.190000,0.0330294284
"2-room apartment","partially renovated","okres Žilina",2872.318947,"RENOME REAL",2980.000000,0.0374892395
"2-room apartment","partially renovated","okres Čadca",1970.446667,"SLNOVRAT, s.r.o.",NULL,NULL
"2-room apartment","partially renovated","okres Liptovský Mikuláš",2351.439000,"ADOMOS REAL s.r.o.",2088.610000,-0.1117736841
"2-room apartment","partially renovated","okres Tvrdošín",2048.158000,"HD reality group s.r.o",1984.000000,-0.0313247318
"2-room apartment","partially renovated","okres Martin",1886.342000,"Reality AK, spol. s r.o.",1696.970000,-0.1003911274
"2-room apartment","partially renovated","okres Ružomberok",2183.822000,"RE/MAX Slovakia",1791.040000,-0.1798598970
"2-room apartment","partially renovated","okres Martin",1886.342000,"FINREA - ak vám záleží na výsledku",2005.890000,0.0633755703
"2-room apartment","partially renovated","okres Liptovský Mikuláš",2351.439000,"Direct Real, spol. s r.o.",2103.510000,-0.1054371387
"2-room apartment","partially renovated","okres Liptovský Mikuláš",2351.439000,"HD reality group s.r.o",2658.000000,0.1303716575
"3-room apartment","partially renovated","okres Čadca",1920.963333,"BeMi realitná kancelária",1837.500000,-0.0434486862
"3-room apartment","partially renovated","okres Liptovský Mikuláš",2084.653077,"AstonReal s.r.o.",NULL,NULL
"3-room apartment","partially renovated","okres Martin",1871.712143,"Felicita Real s. r. o.",1885.960000,0.0076122052
"3-room apartment","partially renovated","okres Žilina",2360.442222,"Realitná kancelária",NULL,NULL
"3-room apartment","partially renovated","okres Martin",1871.712143,"MAX PROFI REALITY",2000.000000,0.0685403776
"3-room apartment","partially renovated","okres Liptovský Mikuláš",2084.653077,"RE/MAX Slovakia",1117.020000,-0.4641698361
"3-room apartment","partially renovated","okres Dolný Kubín",1965.280000,"Bosen Group s.r.o.",1965.280000,0.0000000000
"3-room apartment","partially renovated","okres Turčianske Teplice",1384.925000,"HALO reality, s.r.o.",955.560000,-0.3100276188
"3-room apartment","partially renovated","okres Čadca",1920.963333,"MENÍME BÝVANIE",1316.780000,-0.3145210128
"3-room apartment","partially renovated","okres Kysucké Nové Mesto",2123.590000,"SLNOVRAT, s.r.o.",NULL,NULL
"3-room apartment","partially renovated","okres Žilina",2360.442222,"B10 Slovensko, a. s.",3349.900000,0.4191832229
"3-room apartment","partially renovated","okres Žilina",2360.442222,"RIEŠIME BÝVANIE",2063.490000,-0.1258036393
"3-room apartment","partially renovated","okres Turčianske Teplice",1384.925000,"Ing.Zuzana Paverová",1814.290000,0.3100276188
"3-room apartment","partially renovated","okres Kysucké Nové Mesto",2123.590000,"MGM reality",NULL,NULL
"3-room apartment","partially renovated","okres Martin",1871.712143,"Reality MT s.r.o.",1911.760000,0.0213963761
"3-room apartment","partially renovated","okres Liptovský Mikuláš",2084.653077,"ŠIRINY, s.r.o.",1862.500000,-0.1065659699
"3-room apartment","partially renovated","okres Žilina",2360.442222,"TARGETreal s. r. o.",2479.170000,0.0502989554
"3-room apartment","partially renovated","okres Martin",1871.712143,"Reality Center, s.r.o.",1975.210000,0.0552958196
"3-room apartment","partially renovated","okres Žilina",2360.442222,"Realitné kancelárie SR",2607.250000,0.1045599743
"3-room apartment","partially renovated","okres Kysucké Nové Mesto",2123.590000,"ROSA reality",2000.000000,-0.0581986165
"3-room apartment","partially renovated","okres Čadca",1920.963333,"bezmaklérov, s.r.o.",1835.530000,-0.0444742133
"3-room apartment","partially renovated","okres Čadca",1920.963333,"Reality IQ, s.r.o.",1899.210000,-0.0113241792
"4-room apartment","new construction","okres Žilina",2968.784762,"Realitná kancelária RED, s.r.o.",2863.640000,-0.0354167683
"4-room apartment","new construction","okres Žilina",2968.784762,"Piata Avenue",2863.640000,-0.0354167683
"4-room apartment","new construction","okres Ružomberok",2482.890000,"BB - REALITY,  s.r.o.",2461.540000,-0.0085988505
"4-room apartment","new construction","okres Bytča",2895.350000,"Realitná kancelária RED, s.r.o.",2895.350000,0.0000000000
"4-room apartment","new construction","okres Dolný Kubín",2046.670000,"RK Dalmia s. r. o.",2046.670000,0.0000000000
"4-room apartment","new construction","okres Žilina",2968.784762,"ODEKO manažment s.r.o.",3049.000000,0.0270195533
"4-room apartment","new construction","okres Liptovský Mikuláš",2746.960000,"PROMINENT REAL s.r.o.",3157.890000,0.1495944608
"2-room apartment","fully renovated","okres Martin",2491.667778,"LIF REAL",2226.420000,-0.1064539102
"2-room apartment","fully renovated","okres Žilina",2955.898333,"JKV REAL",2544.780000,-0.1390840573
"2-room apartment","fully renovated","okres Žilina",2955.898333,"STAREA, s. r. o.",2257.730000,-0.2361949750
"2-room apartment","fully renovated","okres Kysucké Nové Mesto",2525.256667,"TUreality s.r.o.",2659.800000,0.0532790725
"2-room apartment","fully renovated","okres Martin",2491.667778,"Constario REALTY s.r.o.",2711.360000,0.0881707521
"2-room apartment","fully renovated","okres Žilina",2955.898333,"Realitné kancelárie SR",2800.000000,-0.0527414395
"2-room apartment","fully renovated","okres Kysucké Nové Mesto",2525.256667,"1. Reality Rent, s.r.o.",2517.860000,-0.0029290753
"2-room apartment","fully renovated","okres Liptovský Mikuláš",2689.293333,"XEMAR realitná spoločnosť s.r.o.",2222.420000,-0.1736044660
"2-room apartment","fully renovated","okres Martin",2491.667778,"NajBývanie, s.r.o.",2203.750000,-0.1155522339
"2-room apartment","fully renovated","okres Liptovský Mikuláš",2689.293333,"BeMi realitná kancelária",2139.240000,-0.2045345245
"2-room apartment","fully renovated","okres Martin",2491.667778,"Buby reality, s.r.o.",3054.550000,0.2259058077
"2-room apartment","fully renovated","okres Liptovský Mikuláš",2689.293333,"RESIDENCE realitná kancelária",2691.430000,0.0007945087
"2-room apartment","fully renovated","okres Martin",2491.667778,"Realitná kancelária DR, s.r.o.",2843.140000,0.1410590228
"2-room apartment","fully renovated","okres Liptovský Mikuláš",2689.293333,"HALO reality, s.r.o.",2184.130000,-0.1878424071
"2-room apartment","fully renovated","okres Bytča",2763.730000,"Realitná kancelária",2947.600000,0.0665296538
"2-room apartment","fully renovated","okres Martin",2491.667778,"HD reality group s.r.o",NULL,NULL
"2-room apartment","fully renovated","okres Bytča",2763.730000,NULL,2343.590000,-0.1520191915
"2-room apartment","fully renovated","okres Žilina",2955.898333,"HD reality group s.r.o",NULL,NULL
"2-room apartment","fully renovated","okres Ružomberok",2533.832500,"FISCHER & PARTNERS, s.r.o.",2962.960000,0.1693590638
"3-room apartment","under construction","okres Žilina",2686.740000,"Safe reality s. r. o.",NULL,NULL
"3-room apartment","under construction","okres Liptovský Mikuláš",3442.430000,"REALITY TATRY",2308.710000,-0.3293371252
"3-room apartment","under construction","okres Liptovský Mikuláš",3442.430000,NULL,NULL,NULL
"2-room apartment","new construction","okres Ružomberok",3005.420000,"XEMAR realitná spoločnosť s.r.o.",2879.780000,-0.0418044733
"2-room apartment","new construction","okres Liptovský Mikuláš",3530.526486,"RexDeco s.r.o.",6066.670000,0.7183471145
"2-room apartment","new construction","okres Ružomberok",3005.420000,"ARCHEUS Partners a.s.",3330.770000,0.1082544203
"2-room apartment","new construction","okres Turčianske Teplice",4070.915000,"Svoboda&Williams Slovakia s.r.o.",NULL,NULL
"2-room apartment","new construction","okres Dolný Kubín",3896.190000,"RK SPIRIT s.r.o.",4112.410000,0.0554952402
"2-room apartment","new construction","okres Liptovský Mikuláš",3530.526486,"HD reality group s.r.o",4841.710000,0.3713846983
"2-room apartment","new construction","okres Žilina",3561.193182,"HMS Services, a. s.",3514.100000,-0.0132239897
"2-room apartment","new construction","okres Dolný Kubín",3896.190000,"RE/MAX Slovakia",NULL,NULL
"2-room apartment","new construction","okres Liptovský Mikuláš",3530.526486,"Direct Real, spol. s r.o.",2180.000000,-0.3825283542
"2-room apartment","new construction","okres Martin",2847.854545,"CANGURU s.r.o.",3472.220000,0.2192406407
"2-room apartment","new construction","okres Liptovský Mikuláš",3530.526486,"REALITY FAIR",2458.140000,-0.3037469030
"2-room apartment","new construction","okres Liptovský Mikuláš",3530.526486,"OVERENÉ REALITY",4853.330000,0.3746759922
"2-room apartment","new construction","okres Ružomberok",3005.420000,NULL,3124.070000,0.0394786752
"2-room apartment","new construction","okres Liptovský Mikuláš",3530.526486,"STRATEGIC REALITY",3107.590000,-0.1197941689
"2-room apartment","new construction","okres Žilina",3561.193182,NULL,4016.110000,0.1277428083
"2-room apartment","new construction","okres Bytča",3041.110000,NULL,3000.000000,-0.0135180904
"4-room apartment",unrenovated,"okres Liptovský Mikuláš",NULL,"RE/MAX Slovakia",NULL,NULL
"4-room apartment",unrenovated,"okres Žilina",2022.186667,"TUreality s.r.o.",2844.040000,0.4064181346
"4-room apartment",unrenovated,"okres Žilina",2022.186667,"Reality Alpia",2325.300000,0.1498938441
"4-room apartment",unrenovated,"okres Žilina",2022.186667,"MGM reality",NULL,NULL
"4-room apartment",unrenovated,"okres Žilina",2022.186667,"Realitná kancelária DOM",1611.110000,-0.2032832447
"holiday apartment","fully renovated","okres Ružomberok",3557.504000,"Top Real Košice s.r.o.",3012.260000,-0.1532658853
"holiday apartment","fully renovated","okres Ružomberok",3557.504000,"OREA, s.r.o.",4677.420000,0.3148038625
"holiday apartment","fully renovated","okres Liptovský Mikuláš",3384.775000,"GERT , s.r.o.",3330.950000,-0.0159020910
"holiday apartment","fully renovated","okres Liptovský Mikuláš",3384.775000,"RK SPIRIT s.r.o.",NULL,NULL
"holiday apartment","new construction","okres Dolný Kubín",4112.410000,"YNI reality",NULL,NULL
"holiday apartment","new construction","okres Ružomberok",3446.845833,"Domovia s. r. o.",3023.810000,-0.1227312893
"holiday apartment","new construction","okres Liptovský Mikuláš",5121.123393,"United Professionals s.r.o.",5972.220000,0.1661933411
"holiday apartment","new construction","okres Liptovský Mikuláš",5121.123393,"DLUGO reality",6725.450000,0.3132763036
"holiday apartment","new construction","okres Ružomberok",3446.845833,"RK SPIRIT s.r.o.",3715.495000,0.0779405810
"holiday apartment","new construction","okres Námestovo",3491.395000,"RIEŠIME BÝVANIE",3401.360000,-0.0257876866
"holiday apartment","new construction","okres Turčianske Teplice",NULL,"TARGETreal s. r. o.",NULL,NULL
"holiday apartment","new construction","okres Námestovo",3491.395000,"Occam New Home",3581.430000,0.0257876866
"holiday apartment","new construction","okres Dolný Kubín",4112.410000,"RK SPIRIT s.r.o.",4112.410000,0.0000000000
"holiday apartment","new construction","okres Žilina",3809.015000,"Financial Hotels Management, s.r.o.",3700.000000,-0.0286202601
"holiday apartment","new construction","okres Liptovský Mikuláš",5121.123393,"ARCHEUS Partners a.s.",NULL,NULL
"holiday apartment","new construction","okres Bytča",NULL,"RIEŠIME BÝVANIE",NULL,NULL
"holiday apartment","new construction","okres Námestovo",3491.395000,"KUBALA REALITY, s.r.o.",NULL,NULL
"holiday apartment","new construction","okres Ružomberok",3446.845833,"Reality Alpia",3547.620000,0.0292366331
"holiday apartment","new construction","okres Liptovský Mikuláš",5121.123393,"RIEŠIME BÝVANIE",4038.460000,-0.2114113076
"holiday apartment","new construction","okres Martin",3112.682500,"Buby reality, s.r.o.",3086.220000,-0.0085015096
"holiday apartment","new construction","okres Žilina",3809.015000,"Realitné kancelárie SR",3918.030000,0.0286202601
"1-room apartment","partially renovated","okres Liptovský Mikuláš",2184.735000,"RE/MAX Slovakia",1428.290000,-0.3462410773
"1-room apartment","partially renovated","okres Žilina",4218.820000,"Realitka pre každého",4715.450000,0.1177177505
"1-room apartment","partially renovated","okres Martin",2898.635000,"Reality Center, s.r.o.",2895.650000,-0.0010297951
"1-room apartment","partially renovated","okres Ružomberok",2825.350000,"LOYAL REALITY s.r.o.",NULL,NULL
"1-room apartment","partially renovated","okres Čadca",2690.757500,"BeMi realitná kancelária",2552.630000,-0.0513340574
"1-room apartment","partially renovated","okres Čadca",2690.757500,"1. Reality Rent, s.r.o.",2400.000000,-0.1080578610
"1-room apartment","partially renovated","okres Ružomberok",2825.350000,"Reality ELIÁŠ",3525.420000,0.2477816908
"1-room apartment","partially renovated","okres Čadca",2690.757500,"TARGETreal s. r. o.",3469.180000,0.2892949290
"1-room apartment","fully renovated","okres Kysucké Nové Mesto",3206.900000,"Direct Real, spol. s r.o.",3206.900000,0.0000000000
"1-room apartment","fully renovated","okres Martin",3315.735000,"TUreality s.r.o.",NULL,NULL
"1-room apartment","fully renovated","okres Martin",3315.735000,"Vianema s.r.o.",3169.570000,-0.0440822321
"1-room apartment","fully renovated","okres Tvrdošín",2000.000000,"RIEŠIME BÝVANIE",2000.000000,0.0000000000
"1-room apartment","fully renovated","okres Martin",3315.735000,NULL,3316.670000,0.0002819888
"1-room apartment","fully renovated","okres Martin",3315.735000,"Reality ASTORIA, s.r.o.",3624.160000,0.0930185917
"1-room apartment","fully renovated","okres Liptovský Mikuláš",2449.128333,"HALO reality, s.r.o.",3348.210000,0.3671027177
"2-room apartment","under construction","okres Žilina",3414.465000,"Realitná kancelária",3281.210000,-0.0390266118
"1-room apartment","under construction","okres Ružomberok",3362.930000,"ODEKO manažment s.r.o.",3362.930000,0.0000000000
"1-room apartment","under construction","okres Bytča",2101.580000,"4FIN s.r.o.",2101.580000,0.0000000000
"4-room apartment","partially renovated","okres Martin",1960.471667,"Reality Alpia",2349.400000,0.1983850823
"4-room apartment","partially renovated","okres Žilina",2371.034286,"MGM reality",2076.880000,-0.1240615911
"4-room apartment","partially renovated","okres Dolný Kubín",1831.830000,"FINREA - ak vám záleží na výsledku",NULL,NULL
"4-room apartment","partially renovated","okres Martin",1960.471667,"YNI reality",1777.670000,-0.0932437179
"4-room apartment","partially renovated","okres Žilina",2371.034286,"R2 SK, s.r.o.",2488.110000,0.0493774867
"4-room apartment","partially renovated","okres Žilina",2371.034286,"Direct Real, spol. s r.o.",2249.430000,-0.0512874431
"4-room apartment","partially renovated","okres Kysucké Nové Mesto",1735.425000,"Safe reality s. r. o.",1547.790000,-0.1081204892
"4-room apartment","partially renovated","okres Ružomberok",1890.550000,"A-Byt Consult, s.r.o.",1890.550000,0.0000000000
"4-room apartment","under construction","okres Žilina",2200.266667,"StorkReal s. r. o.",1217.660000,-0.4465852625
"4-room apartment","under construction","okres Žilina",2200.266667,"Reality Alpia",3536.510000,0.6073097198
"4-room apartment","under construction","okres Liptovský Mikuláš",4106.070000,"TATRA CITY RESIDENCE s. r. o.",4106.070000,0.0000000000
"4-room apartment","under construction","okres Žilina",2200.266667,"Realitná kancelária",1846.630000,-0.1607244578
"2-room apartment",unrenovated,"okres Martin",1925.425455,"Realitná kancelária",2300.000000,0.1945411826
"2-room apartment",unrenovated,"okres Žilina",2585.128333,"Reality Alpia",NULL,NULL
"2-room apartment",unrenovated,"okres Dolný Kubín",2106.426667,"HD reality group s.r.o",1566.670000,-0.2562427999
"2-room apartment",unrenovated,"okres Martin",1925.425455,"NajBývanie, s.r.o.",1676.060000,-0.1295118720
"2-room apartment",unrenovated,"okres Námestovo",2090.910000,"BeMi realitná kancelária",2090.910000,0.0000000000
"2-room apartment",unrenovated,"okres Dolný Kubín",2106.426667,"Bosen Group s.r.o.",2571.430000,0.2207545794
"2-room apartment",unrenovated,"okres Martin",1925.425455,"AstonReal s.r.o.",1966.580000,0.0213742604
"2-room apartment",unrenovated,"okres Liptovský Mikuláš",3059.835000,liptoreal,2200.000000,-0.2810069824
"2-room apartment",unrenovated,"okres Dolný Kubín",2106.426667,"FINREA - ak vám záleží na výsledku",2181.180000,0.0354882200
"5+ room apartment","partially renovated","okres Martin",NULL,"Realitná kancelária",NULL,NULL
"5+ room apartment","partially renovated","okres Žilina",2588.316667,"TARGETreal s. r. o.",2448.280000,-0.0541033749
"1-room apartment",unrenovated,"okres Žilina",3173.545000,"RIEŠIME BÝVANIE",3372.090000,0.0625625287
"studio apartment","partially renovated","okres Žilina",4190.105000,"B10 Slovensko, a. s.",NULL,NULL
"studio apartment","partially renovated","okres Žilina",4190.105000,"Safe reality s. r. o.",4677.270000,0.1162655828
"studio apartment","partially renovated","okres Liptovský Mikuláš",1439.390000,"HALO reality, s.r.o.",1439.390000,0.0000000000
"studio apartment","new construction","okres Žilina",4720.000000,"REALITY SPOLU",NULL,NULL
"studio apartment","new construction","okres Liptovský Mikuláš",3370.863333,NULL,1428.570000,-0.5762005579
"studio apartment","new construction","okres Bytča",2343.750000,"Reality Alpia",2343.750000,0.0000000000
"studio apartment","new construction","okres Liptovský Mikuláš",3370.863333,"Direct Real, spol. s r.o.",4444.070000,0.3183773891
"holiday apartment","partially renovated","okres Čadca",3000.000000,"Apollo House",NULL,NULL
"4-room apartment","fully renovated","okres Martin",2216.265000,"Like Reality s.r.o.",2357.140000,0.0635641496
"4-room apartment","fully renovated","okres Kysucké Nové Mesto",1693.190000,NULL,2039.770000,0.2046905545
"4-room apartment","fully renovated","okres Martin",2216.265000,"Financie a reality od A po Z",1905.340000,-0.1402923387
"4-room apartment","fully renovated","okres Martin",2216.265000,"TUreality s.r.o.",2285.710000,0.0313342493
"4-room apartment","fully renovated","okres Bytča",1688.350000,"House Real Žilina",1688.350000,0.0000000000
"4-room apartment","fully renovated","okres Martin",2216.265000,"Buby reality, s.r.o.",2357.140000,0.0635641496
"4-room apartment","fully renovated","okres Martin",2216.265000,"TARGETreal s. r. o.",2415.730000,0.0900005189
"4-room apartment","fully renovated","okres Žilina",2466.374706,"Buby reality, s.r.o.",2357.140000,-0.0442895825
"4-room apartment","fully renovated","okres Liptovský Mikuláš",2814.925000,G-REAL,3334.750000,0.1846674423
"4-room apartment","fully renovated","okres Martin",2216.265000,"Realitná kancelária",2172.620000,-0.0196930421
"4-room apartment","fully renovated","okres Liptovský Mikuláš",2814.925000,"Direct Real, spol. s r.o.",1845.240000,-0.3444798707
"4-room apartment","fully renovated","okres Liptovský Mikuláš",2814.925000,"TUreality s.r.o.",1978.020000,-0.2973098750
maisonette,"new construction","okres Liptovský Mikuláš",2384.420000,"Bosen Group s.r.o.",2616.180000,0.0971976414
house,"under construction","okres Žilina",2196.031250,"DreamReality s.r.o.",1333.330000,-0.3928456164
house,"under construction","okres Žilina",2196.031250,"RIEŠIME BÝVANIE",3038.460000,0.3836141904
house,"under construction","okres Kysucké Nové Mesto",2111.365000,"Nové bývanie",2050.000000,-0.0290641362
house,"under construction","okres Bytča",2425.196667,"Romantické Chalupy, s.r.o.",3664.120000,0.5108547896
house,"under construction","okres Martin",2180.154286,"Reality ASTORIA, s.r.o.",2211.540000,0.0143960977
house,"under construction","okres Turčianske Teplice",1400.592000,"B10 Slovensko, a. s.",592.110000,-0.5772430515
house,"under construction","okres Liptovský Mikuláš",2001.688571,liptoreal,3061.540000,0.5294786833
house,"under construction","okres Liptovský Mikuláš",2001.688571,"HALO reality, s.r.o.",2098.950000,0.0485896909
house,"under construction","okres Martin",2180.154286,"ROMDOM, s. r. o",3333.330000,0.5289422503
house,"under construction","okres Ružomberok",1021.690000,"REALITY SPOLU",1531.180000,0.4986737660
house,"under construction","okres Čadca",1555.091667,"ADH-REAL s.r.o. Hirjaková Adriana",1645.510000,0.0581434104
house,"under construction","okres Čadca",1555.091667,"BeMi realitná kancelária",590.910000,-0.6200159691
house,"under construction","okres Kysucké Nové Mesto",2111.365000,"BeMi realitná kancelária",2172.730000,0.0290641362
house,"under construction","okres Turčianske Teplice",1400.592000,"Reality MT s.r.o.",1690.283333,0.2068349191
house,"under construction","okres Žilina",2196.031250,"R2 SK, s.r.o.",1715.850000,-0.2186586598
house,"under construction","okres Liptovský Mikuláš",2001.688571,donidDevelop,1519.950000,-0.2406660946
house,"under construction","okres Martin",2180.154286,"RES GROUP, s.r.o.",1390.446667,-0.3622255654
"studio apartment",unrenovated,"okres Martin",3080.000000,"RECLOUD Reality a.s.",3080.000000,0.0000000000
"studio apartment","fully renovated","okres Čadca",2130.000000,"JPE. Reality - Jozef Pajer",2130.000000,0.0000000000
"studio apartment","fully renovated","okres Martin",3131.580000,"NajBývanie, s.r.o.",3131.580000,0.0000000000
"studio apartment","fully renovated","okres Dolný Kubín",4820.710000,"RE/MAX Slovakia",4820.710000,0.0000000000
"studio apartment","fully renovated","okres Žilina",4424.838000,"MGM reality",5475.960000,0.2375503917
"4-room apartment","development project","okres Liptovský Mikuláš",3081.190000,"TATRA CITY RESIDENCE s. r. o.",3081.190000,0.0000000000
"other apartment type",unrenovated,"okres Martin",5050.000000,"Reality MT s.r.o.",5050.000000,0.0000000000
"holiday apartment",unrenovated,"okres Liptovský Mikuláš",4536.515000,"Reality Alpia",4398.030000,-0.0305267369
"holiday apartment",unrenovated,"okres Liptovský Mikuláš",4536.515000,"RK 38- Miroslav Antoška",4675.000000,0.0305267369
"holiday apartment",unrenovated,"okres Čadca",2151.160000,"PhDr. Miloš Kocúr - BKM Consulting",2151.160000,0.0000000000
maisonette,"fully renovated","okres Čadca",NULL,"RECLOUD Reality a.s.",NULL,NULL
"1-room apartment","development project","okres Žilina",4008.410000,"Effecting s.r.o.",4008.410000,0.0000000000
loft,"partially renovated","okres Žilina",4184.120000,"Renovo Reality",4184.120000,0.0000000000
loft,"under construction","okres Liptovský Mikuláš",3374.090000,"TATRA CITY RESIDENCE s. r. o.",3374.090000,0.0000000000
house,"fully renovated","okres Martin",1320.420000,"Mgr. Silvia Lukáčová - RealPoint",NULL,NULL
house,"fully renovated","okres Tvrdošín",NULL,"KORIJKOV & AGENTS",NULL,NULL
house,"fully renovated","okres Liptovský Mikuláš",1755.859333,"HALO reality, s.r.o.",NULL,NULL
house,"fully renovated","okres Turčianske Teplice",1178.806154,"FINREA - ak vám záleží na výsledku",1000.000000,-0.1516841029
house,"fully renovated","okres Ružomberok",1785.110000,NULL,1352.000000,-0.2426237039
house,"fully renovated","okres Martin",1320.420000,"Reality Simply",NULL,NULL
house,"fully renovated","okres Čadca",1546.860870,"Nestor Capital s.r.o.",1908.745000,0.2339474332
house,"fully renovated","okres Liptovský Mikuláš",1755.859333,"RK SPIRIT s.r.o.",1890.777500,0.0768388244
house,"fully renovated","okres Žilina",1807.076250,"Vianema s.r.o.",1815.260000,0.0045287242
house,"fully renovated","okres Martin",1320.420000,"B10 Slovensko, a. s.",1205.628333,-0.0869357227
house,"fully renovated","okres Čadca",1546.860870,"Realitná kancelária",1100.000000,-0.2888823932
house,"fully renovated","okres Martin",1320.420000,"Reality BL, s.r.o.",1251.760000,-0.0519986065
house,"fully renovated","okres Bytča",1029.108000,"1. Reality Rent, s.r.o.",1325.000000,0.2875227867
house,"fully renovated","okres Kysucké Nové Mesto",2019.985000,"Realitné kancelárie SR",790.480000,-0.6086703614
house,"fully renovated","okres Martin",1320.420000,"Realitné kancelárie SR",1545.910000,0.1707714212
house,"fully renovated","okres Kysucké Nové Mesto",2019.985000,"BR ACADEMY, s. r. o.",NULL,NULL
house,"fully renovated","okres Martin",1320.420000,"DOBRÉ REALITY s.r.o.",4189.470000,2.1728313718
house,"fully renovated","okres Turčianske Teplice",1178.806154,NULL,1805.560000,0.5316852511
house,"fully renovated","okres Martin",1320.420000,"Reality AK, spol. s r.o.",967.230000,-0.2674830736
house,"fully renovated","okres Čadca",1546.860870,"PROFI INVEST družstvo",2615.380000,0.6907661515
house,"fully renovated","okres Čadca",1546.860870,"RK Finanz Real, s.r.o.",863.640000,-0.4416821727
house,"fully renovated","okres Žilina",1807.076250,"ADH-REAL s.r.o. Hirjaková Adriana",648.500000,-0.6411330180
house,"fully renovated","okres Žilina",1807.076250,"Realitné kancelárie SR",1755.463333,-0.0285615601
house,"fully renovated","okres Martin",1320.420000,"MAX PROFI REALITY",1789.860000,0.3555232426
house,"fully renovated","okres Martin",1320.420000,"AstonReal s.r.o.",2926.580000,1.2164008422
house,"fully renovated","okres Ružomberok",1785.110000,"OVERENÉ REALITY",1620.000000,-0.0924928996
house,"fully renovated","okres Turčianske Teplice",1178.806154,"TARGETreal s. r. o.",1370.743333,0.1628233602
house,"fully renovated","okres Liptovský Mikuláš",1755.859333,NULL,NULL,NULL
house,"fully renovated","okres Čadca",1546.860870,NULL,1084.373333,-0.2989845732
house,"fully renovated","okres Ružomberok",1785.110000,"NajBývanie, s.r.o.",1860.000000,0.0419525968
house,"fully renovated","okres Žilina",1807.076250,"1. Reality Rent, s.r.o.",1803.335000,-0.0020703332
house,"fully renovated","okres Dolný Kubín",1207.650000,"RK Dalmia s. r. o.",NULL,NULL
house,"fully renovated","okres Dolný Kubín",1207.650000,"Reality Alpia",639.670000,-0.4703183869
house,"fully renovated","okres Liptovský Mikuláš",1755.859333,"Realitné kancelárie SR",2552.380000,0.4536358079
house,"fully renovated","okres Žilina",1807.076250,"Realitná kancelária",NULL,NULL
house,"fully renovated","okres Turčianske Teplice",1178.806154,"AstonReal s.r.o.",799.500000,-0.3217714403
house,"fully renovated","okres Martin",1320.420000,"Reality ASTORIA, s.r.o.",435.565000,-0.6701314733
house,"fully renovated","okres Liptovský Mikuláš",1755.859333,"FatraReal s. r. o.",889.880000,-0.4931940257
house,"fully renovated","okres Čadca",1546.860870,"SLNOVRAT, s.r.o.",NULL,NULL
house,"fully renovated","okres Žilina",1807.076250,"Realitná kancelária RED, s.r.o.",1851.895714,0.0248021986
house,"fully renovated","okres Čadca",1546.860870,"JPE. Reality - Jozef Pajer",421.430000,-0.7275579154
house,"fully renovated","okres Martin",1320.420000,"Piata Avenue",1871.350000,0.4172384544
house,"fully renovated","okres Čadca",1546.860870,"1. Reality Rent, s.r.o.",1813.890000,0.1726264690
house,"fully renovated","okres Dolný Kubín",1207.650000,"Winners Reality Slovakia, s.r.o.",529.380000,-0.5616445162
house,"fully renovated","okres Žilina",1807.076250,"RIEŠIME BÝVANIE",2065.003333,0.1427317099
house,"fully renovated","okres Bytča",1029.108000,"RIEŠIME BÝVANIE",1391.750000,0.3523847837
house,"fully renovated","okres Martin",1320.420000,"ALT REAL, s.r.o.",1152.850000,-0.1269065903
house,"fully renovated","okres Kysucké Nové Mesto",2019.985000,"MGM reality",1382.450000,-0.3156137298
house,"fully renovated","okres Kysucké Nové Mesto",2019.985000,"BeMi realitná kancelária",3095.240000,0.5323084082
house,"fully renovated","okres Žilina",1807.076250,"RES GROUP, s.r.o.",2890.053333,0.5992979450
house,"fully renovated","okres Liptovský Mikuláš",1755.859333,"OVERENÉ REALITY",1286.800000,-0.2671394708
house,"fully renovated","okres Žilina",1807.076250,"B10 Slovensko, a. s.",3074.770000,0.7015164689
house,"fully renovated","okres Martin",1320.420000,"Prom Real",1079.900000,-0.1821541631
house,"fully renovated","okres Martin",1320.420000,"Reality Center, s.r.o.",1002.030000,-0.2411278230
house,"fully renovated","okres Martin",1320.420000,"Reality MT s.r.o.",1811.110000,0.3716166068
house,"fully renovated","okres Čadca",1546.860870,RealityOne,768.120000,-0.5034330398
house,"fully renovated","okres Ružomberok",1785.110000,"TUreality s.r.o.",NULL,NULL
house,"fully renovated","okres Liptovský Mikuláš",1755.859333,"KRUPPKY, s.r.o.",NULL,NULL
house,"fully renovated","okres Dolný Kubín",1207.650000,"OREA, s.r.o.",1337.935000,0.1078830787
house,"fully renovated","okres Žilina",1807.076250,"Mamud Reality s. r. o.",1395.420000,-0.2278023686
house,"fully renovated","okres Martin",1320.420000,"Reality Alpia",964.600000,-0.2694748641
house,"fully renovated","okres Ružomberok",1785.110000,"REALITY SPOLU",3804.120000,1.1310283400
house,"fully renovated","okres Liptovský Mikuláš",1755.859333,"RECLOUD Reality a.s.",1452.380000,-0.1728380670
house,"fully renovated","okres Žilina",1807.076250,"TUreality s.r.o.",1370.382500,-0.2416576224
house,"fully renovated","okres Martin",1320.420000,"Realitná kancelária",340.280000,-0.7422941185
house,"new construction","okres Martin",1933.798889,NULL,1582.820000,-0.1814970993
house,"new construction","okres Žilina",2252.985000,"TUreality s.r.o.",1763.480000,-0.2172695335
house,"new construction","okres Turčianske Teplice",2047.482000,"LIF REAL",446.670000,-0.7818442360
house,"new construction","okres Námestovo",1769.402222,"RE/MAX Slovakia",1825.345000,0.0316167671
house,"new construction","okres Martin",1933.798889,"RIEŠIME BÝVANIE",2616.280000,0.3529224858
house,"new construction","okres Liptovský Mikuláš",2309.902500,"MK-CORP s.r.o.",3180.560000,0.3769239178
house,"new construction","okres Liptovský Mikuláš",2309.902500,"Romantické Chalupy, s.r.o.",1625.000000,-0.2965071037
house,"new construction","okres Dolný Kubín",2267.838750,"RE/MAX Slovakia",NULL,NULL
house,"new construction","okres Žilina",2252.985000,"Reality Alpia",645.540000,-0.7134734585
house,"new construction","okres Liptovský Mikuláš",2309.902500,"NajBývanie, s.r.o.",2285.710000,-0.0104733858
house,"new construction","okres Turčianske Teplice",2047.482000,"RIEŠIME BÝVANIE",2616.280000,0.2778036632
house,"new construction","okres Žilina",2252.985000,"BeMi realitná kancelária",2432.690000,0.0797630699
house,"new construction","okres Čadca",1790.622381,"RE/MAX Slovakia",1769.260000,-0.0119301430
house,"new construction","okres Žilina",2252.985000,"1. Reality Rent, s.r.o.",2464.290000,0.0937889067
house,"new construction","okres Dolný Kubín",2267.838750,"RK Dalmia s. r. o.",2465.400000,0.0871143286
house,"new construction","okres Liptovský Mikuláš",2309.902500,"RE/MAX Slovakia",1786.440000,-0.2266167078
house,"new construction","okres Liptovský Mikuláš",2309.902500,liptoreal,NULL,NULL
house,"new construction","okres Ružomberok",2037.406667,"Apollo House",2341.425000,0.1492182871
house,"new construction","okres Bytča",2378.940667,"RS Mansory s.r.o.",NULL,NULL
house,"new construction","okres Ružomberok",2037.406667,"AstonReal s.r.o.",NULL,NULL
house,"new construction","okres Martin",1933.798889,"Romantické Chalupy, s.r.o.",3062.500000,0.5836703689
house,"new construction","okres Žilina",2252.985000,"Realitná kancelária DOM",NULL,NULL
house,"new construction","okres Liptovský Mikuláš",2309.902500,"HALO reality, s.r.o.",4062.745000,0.7588383059
house,"new construction","okres Ružomberok",2037.406667,"bezmaklérov, s.r.o.",3000.000000,0.4724600879
house,"new construction","okres Ružomberok",2037.406667,"Romantické Chalupy, s.r.o.",3888.890000,0.9087451038
house,"new construction","okres Martin",1933.798889,"FINREA - ak vám záleží na výsledku",3443.190000,0.7805315845
house,"new construction","okres Žilina",2252.985000,"ŽILINAREAL, s.r.o.",2130.062500,-0.0545598395
house,"new construction","okres Žilina",2252.985000,"RS Mansory s.r.o.",2319.763333,0.0296399368
house,"new construction","okres Žilina",2252.985000,"DRR INVEST, s. r. o.",1103.630000,-0.5101476486
house,"new construction","okres Čadca",1790.622381,"GAMA Reality, s.r.o.",1395.000000,-0.2209412689
house,"new construction","okres Turčianske Teplice",2047.482000,"Realitné kancelárie SR",1650.000000,-0.1941321096
house,"new construction","okres Námestovo",1769.402222,"Direct Real, spol. s r.o.",1704.920000,-0.0364429417
house,"new construction","okres Žilina",2252.985000,NULL,2442.345000,0.0840484957
house,"new construction","okres Turčianske Teplice",2047.482000,"REALITY SPOLU",NULL,NULL
house,"new construction","okres Bytča",2378.940667,"Realitné kancelárie SR",2599.250000,0.0926081663
house,"new construction","okres Čadca",1790.622381,"VAŠE REALITY s.r.o.",2239.060000,0.2504367329
house,"new construction","okres Liptovský Mikuláš",2309.902500,"PT-com s. r. o.",1346.186667,-0.4172106108
house,"new construction","okres Kysucké Nové Mesto",2071.862857,"Vianema s.r.o.",2526.310000,0.2193422897
house,"new construction","okres Liptovský Mikuláš",2309.902500,"RESIDENCE realitná kancelária",2779.170000,0.2031546786
house,"new construction","okres Martin",1933.798889,"Real Reality Development s.r.o.",3213.530000,0.6617705276
house,"new construction","okres Turčianske Teplice",2047.482000,"RES GROUP, s.r.o.",1680.410000,-0.1792797202
house,"new construction","okres Dolný Kubín",2267.838750,"OREA, s.r.o.",1648.750000,-0.2729862297
house,"new construction","okres Čadca",1790.622381,"MENÍME BÝVANIE",1204.550000,-0.3273009358
house,"new construction","okres Liptovský Mikuláš",2309.902500,"HD reality group s.r.o",1991.670000,-0.1377688019
house,"new construction","okres Liptovský Mikuláš",2309.902500,mojaRK,3688.000000,0.5966041857
house,"new construction","okres Martin",1933.798889,"Buby reality, s.r.o.",1635.252857,-0.1543831852
house,"new construction","okres Žilina",2252.985000,"Georgi Conev",2362.950000,0.0488085806
house,"new construction","okres Žilina",2252.985000,"TOCA, s.r.o. Realitná činnosť",1973.693333,-0.1239651693
house,"new construction","okres Kysucké Nové Mesto",2071.862857,"ŽILINAREAL, s.r.o.",2420.170000,0.1681130302
house,"new construction","okres Dolný Kubín",2267.838750,NULL,NULL,NULL
house,"new construction","okres Čadca",1790.622381,"Ing. Marcela Pišteková",1130.260000,-0.3687893037
house,"new construction","okres Žilina",2252.985000,"DreamReality s.r.o.",NULL,NULL
house,"new construction","okres Ružomberok",2037.406667,"NajBývanie, s.r.o.",3040.925000,0.4925468976
house,"new construction","okres Žilina",2252.985000,"MGM reality",2428.542500,0.0779221788
house,"new construction","okres Žilina",2252.985000,"Realitné kancelárie SR",2414.447500,0.0716660342
house,"new construction","okres Žilina",2252.985000,"RES GROUP, s.r.o.",2294.030000,0.0182180529
house,"new construction","okres Martin",1933.798889,"Piata Avenue",2850.000000,0.4737830372
house,"new construction","okres Žilina",2252.985000,"Realitná kancelária",2682.770000,0.1907624773
house,"new construction","okres Čadca",1790.622381,"SIERA realitná kancelária s.r.o.",1666.670000,-0.0692230714
house,"new construction","okres Žilina",2252.985000,"IDEÁLNE BÝVANIE, s.r.o.",2496.970000,0.1082941076
house,"new construction","okres Kysucké Nové Mesto",2071.862857,"PRIMA reality s.r.o.",1942.110000,-0.0626261804
house,"new construction","okres Martin",1933.798889,"Wealth Group, s.r.o.",1095.000000,-0.4337570436
house,"new construction","okres Ružomberok",2037.406667,donidDevelop,2135.550000,0.0481707136
house,"new construction","okres Ružomberok",2037.406667,"ALT REAL, s.r.o.",2244.310000,0.1015523000
house,"new construction","okres Čadca",1790.622381,"Arvin & Benet",NULL,NULL
house,"new construction","okres Ružomberok",2037.406667,"Good Reality s.r.o.",2090.910000,0.0262605075
house,"new construction","okres Liptovský Mikuláš",2309.902500,"RK SPIRIT s.r.o.",1861.540000,-0.1941045131
house,"new construction","okres Ružomberok",2037.406667,"IVANING, s. r. o.",727.335000,-0.6430094140
house,"new construction","okres Tvrdošín",1625.190000,NULL,NULL,NULL
house,"new construction","okres Liptovský Mikuláš",2309.902500,"RECLOUD Reality a.s.",2112.000000,-0.0856756941
house,"new construction","okres Žilina",2252.985000,"Ing. Gerlinda Bérešová - Esti",2771.600000,0.2301901699
house,"new construction","okres Turčianske Teplice",2047.482000,"Reality MT s.r.o.",1921.875000,-0.0613470595
house,"new construction","okres Kysucké Nové Mesto",2071.862857,"RES GROUP, s.r.o.",2254.720000,0.0882573585
house,"new construction","okres Martin",1933.798889,"Reality Alpia",460.935000,-0.7616427424
house,"new construction","okres Žilina",2252.985000,"TARGETreal s. r. o.",2495.715000,0.1077370688
house,"new construction","okres Bytča",2378.940667,"Realitná kancelária RED, s.r.o.",3511.450000,0.4760561492
house,"new construction","okres Martin",1933.798889,"TUreality s.r.o.",NULL,NULL
house,"new construction","okres Čadca",1790.622381,"BeMi realitná kancelária",2162.500000,0.2076806494
house,"new construction","okres Čadca",1790.622381,"SLNOVRAT, s.r.o.",1651.836667,-0.0775069693
house,"new construction","okres Kysucké Nové Mesto",2071.862857,"DRR INVEST, s. r. o.",2050.000000,-0.0105522704
house,"new construction","okres Dolný Kubín",2267.838750,"TUreality s.r.o.",536.910000,-0.7632503634
house,"new construction","okres Žilina",2252.985000,"Realitná kancelária RED, s.r.o.",2632.627778,0.1685065715
house,"new construction","okres Turčianske Teplice",2047.482000,"TUreality s.r.o.",273.210000,-0.8665629295
house,"new construction","okres Námestovo",1769.402222,NULL,1874.360000,0.0593182131
house,"new construction","okres Dolný Kubín",2267.838750,"Georgi Conev",2361.330000,0.0412248225
house,"new construction","okres Martin",1933.798889,"Reality MT s.r.o.",2501.630000,0.2936350384
house,"new construction","okres Martin",1933.798889,"ALT REAL, s.r.o.",1707.293750,-0.1171296252
house,"new construction","okres Ružomberok",2037.406667,"FISCHER & PARTNERS, s.r.o.",2249.626667,0.1041618266
house,"new construction","okres Žilina",2252.985000,"Real Estate Group4U",2057.996667,-0.0865466628
house,"new construction","okres Liptovský Mikuláš",2309.902500,"TUreality s.r.o.",2542.480000,0.1006871502
house,"new construction","okres Martin",1933.798889,"Reality AK, spol. s r.o.",1908.810000,-0.0129221757
house,"new construction","okres Bytča",2378.940667,"TARGETreal s. r. o.",2499.880000,0.0508374735
house,"new construction","okres Martin",1933.798889,"Georgi Conev",1439.960000,-0.2553724132
house,"new construction","okres Martin",1933.798889,"Realitné kancelárie SR",949.563333,-0.5089647955
house,"new construction","okres Bytča",2378.940667,"TOCA, s.r.o. Realitná činnosť",2072.308571,-0.1288943857
house,"new construction","okres Čadca",1790.622381,"Realitná kancelária DOM",1981.980000,0.1068665404
house,unrenovated,"okres Bytča",1158.958889,"Realitné kancelárie SR",633.330000,-0.4535354049
house,unrenovated,"okres Liptovský Mikuláš",989.996667,"Reality Alpia",456.326000,-0.5390630946
house,unrenovated,"okres Martin",1027.747959,"RE/MAX Slovakia",1290.000000,0.2551715513
house,unrenovated,"okres Ružomberok",895.767500,"RIEŠIME BÝVANIE",330.070000,-0.6315226886
house,unrenovated,"okres Martin",1027.747959,NULL,1576.267500,0.5337101730
house,unrenovated,"okres Liptovský Mikuláš",989.996667,"RECLOUD Reality a.s.",NULL,NULL
house,unrenovated,"okres Turčianske Teplice",789.431429,"RE/MAX Slovakia",1020.000000,0.2920691558
house,unrenovated,"okres Bytča",1158.958889,"TARGETreal s. r. o.",2753.850000,1.3761412300
house,unrenovated,"okres Čadca",750.752353,NajlepšíMakléri.sk,NULL,NULL
house,unrenovated,"okres Námestovo",764.443333,"OREA, s.r.o.",463.930000,-0.3931139432
house,unrenovated,"okres Liptovský Mikuláš",989.996667,"New Ways Reality&Financie",604.320000,-0.3895737025
house,unrenovated,"okres Námestovo",764.443333,"GRAVITAS a. s.",1388.890000,0.8168645602
house,unrenovated,"okres Žilina",1436.461290,"RS Mansory s.r.o.",1086.805000,-0.2434150453
house,unrenovated,"okres Martin",1027.747959,"Reality Center, s.r.o.",1889.425000,0.8384127971
house,unrenovated,"okres Martin",1027.747959,"Real Reality Development s.r.o.",1000.000000,-0.0269987975
house,unrenovated,"okres Kysucké Nové Mesto",1029.978000,"MGM reality",NULL,NULL
house,unrenovated,"okres Čadca",750.752353,"B10 Slovensko, a. s.",906.250000,0.2071224238
house,unrenovated,"okres Turčianske Teplice",789.431429,"Realitná kancelária",866.670000,0.0978407600
house,unrenovated,"okres Čadca",750.752353,"Realitná kancelária RED, s.r.o.",945.600000,0.2595365119
house,unrenovated,"okres Žilina",1436.461290,"TARGETreal s. r. o.",1453.967500,0.0121870392
house,unrenovated,"okres Dolný Kubín",988.354444,"AstonReal s.r.o.",1300.000000,0.3153176048
house,unrenovated,"okres Tvrdošín",914.510000,"AstonReal s.r.o.",859.090000,-0.0606007589
house,unrenovated,"okres Žilina",1436.461290,"WFG reality, s.r.o.",1655.236667,0.1523016168
house,unrenovated,"okres Žilina",1436.461290,"Realitná kancelária RED, s.r.o.",1585.920000,0.1040464585
house,unrenovated,"okres Ružomberok",895.767500,"RK VILLEA, s. r. o.",91.850000,-0.8974622321
house,unrenovated,"okres Ružomberok",895.767500,"RK Dalmia s. r. o.",916.670000,0.0233347381
house,unrenovated,"okres Bytča",1158.958889,"Romantické Chalupy, s.r.o.",1430.000000,0.2338660271
house,unrenovated,"okres Čadca",750.752353,"Trioreality, s.r.o.",465.480000,-0.3799819632
house,unrenovated,"okres Liptovský Mikuláš",989.996667,"Nové bývanie",587.600000,-0.4064626482
house,unrenovated,"okres Liptovský Mikuláš",989.996667,"RIEŠIME BÝVANIE",606.070000,-0.3878060198
house,unrenovated,"okres Čadca",750.752353,"BeMi realitná kancelária",625.916000,-0.1662816673
house,unrenovated,"okres Liptovský Mikuláš",989.996667,"Realitné kancelárie SR",1504.320000,0.5195202672
house,unrenovated,"okres Námestovo",764.443333,"BeMi realitná kancelária",NULL,NULL
house,unrenovated,"okres Bytča",1158.958889,"RIEŠIME BÝVANIE",1075.000000,-0.0724433712
house,unrenovated,"okres Turčianske Teplice",789.431429,"ALT REAL, s.r.o.",866.670000,0.0978407600
house,unrenovated,"okres Žilina",1436.461290,NULL,1646.613333,0.1462984380
house,unrenovated,"okres Žilina",1436.461290,"ŽILINAREAL, s.r.o.",5909.090000,3.1136437446
house,unrenovated,"okres Žilina",1436.461290,"Nové bývanie",1339.290000,-0.0676462991
house,unrenovated,"okres Kysucké Nové Mesto",1029.978000,"Pro Real, s. r. o. realitná kancelária",994.120000,-0.0348143358
house,unrenovated,"okres Liptovský Mikuláš",989.996667,Limaxreal,NULL,NULL
house,unrenovated,"okres Martin",1027.747959,"Realitná kancelária DR, s.r.o.",881.430000,-0.1423675501
house,unrenovated,"okres Turčianske Teplice",789.431429,"Reality férovo, s. r. o.",227.270000,-0.7121092578
house,unrenovated,"okres Kysucké Nové Mesto",1029.978000,"Nové bývanie",1200.000000,0.1650734288
house,unrenovated,"okres Žilina",1436.461290,"HALO reality, s.r.o.",NULL,NULL
house,unrenovated,"okres Žilina",1436.461290,"Safe reality s. r. o.",650.916667,-0.5468609760
house,unrenovated,"okres Žilina",1436.461290,"Piata Avenue",333.330000,-0.7679505864
house,unrenovated,"okres Turčianske Teplice",789.431429,"Romantické Chalupy, s.r.o.",786.482000,-0.0037361434
house,unrenovated,"okres Liptovský Mikuláš",989.996667,"U9, a.s.",NULL,NULL
house,unrenovated,"okres Martin",1027.747959,"Piata Avenue",1083.330000,0.0540813927
house,unrenovated,"okres Žilina",1436.461290,"Reality Alpia",108.145000,-0.9247142956
house,unrenovated,"okres Martin",1027.747959,"Realitná kancelária Kľúč",1346.150000,0.3098055688
house,unrenovated,"okres Ružomberok",895.767500,"Romantické Chalupy, s.r.o.",1285.838000,0.4354595361
house,unrenovated,"okres Dolný Kubín",988.354444,"FINREA - ak vám záleží na výsledku",NULL,NULL
house,unrenovated,"okres Martin",1027.747959,"Reality Simply",603.750000,-0.4125505240
house,unrenovated,"okres Žilina",1436.461290,"AnoReal, s.r.o.",NULL,NULL
house,unrenovated,"okres Žilina",1436.461290,"MGM reality",1177.910000,-0.1799918256
house,unrenovated,"okres Dolný Kubín",988.354444,NULL,1058.820000,0.0712958356
house,unrenovated,"okres Tvrdošín",914.510000,"TUreality s.r.o.",710.530000,-0.2230484084
house,unrenovated,"okres Čadca",750.752353,"HOLESTIAK.sk reality s.r.o.",955.710000,0.2730030032
house,unrenovated,"okres Žilina",1436.461290,"ADH-REAL s.r.o. Hirjaková Adriana",2350.000000,0.6359647255
house,unrenovated,"okres Liptovský Mikuláš",989.996667,"Direct Real, spol. s r.o.",720.628889,-0.2720895807
house,unrenovated,"okres Čadca",750.752353,"1. Reality Rent, s.r.o.",797.580000,0.0623742927
house,unrenovated,"okres Čadca",750.752353,"RES GROUP, s.r.o.",1249.880000,0.6648366069
house,unrenovated,"okres Turčianske Teplice",789.431429,"BV REAL PD, s.r.o.",330.180000,-0.5817496139
house,unrenovated,"okres Kysucké Nové Mesto",1029.978000,"HALO reality, s.r.o.",1230.000000,0.1942002645
house,unrenovated,"okres Turčianske Teplice",789.431429,"Reality Alpia",104.170000,-0.8680442706
house,unrenovated,"okres Martin",1027.747959,"Reality ASTORIA, s.r.o.",1637.500000,0.5932894691
house,unrenovated,"okres Turčianske Teplice",789.431429,NULL,NULL,NULL
house,unrenovated,"okres Ružomberok",895.767500,NULL,257.295000,-0.7127658684
house,unrenovated,"okres Liptovský Mikuláš",989.996667,"HALO reality, s.r.o.",782.805000,-0.2092852167
house,unrenovated,"okres Martin",1027.747959,"Reality Alpia",268.207500,-0.7390337800
house,unrenovated,"okres Martin",1027.747959,"Realitné kancelárie SR",820.950000,-0.2012146628
house,unrenovated,"okres Žilina",1436.461290,"TUreality s.r.o.",2604.200000,0.8129273779
house,unrenovated,"okres Žilina",1436.461290,"TOP Living s.r.o.",2750.000000,0.9144268064
house,unrenovated,"okres Martin",1027.747959,"B10 Slovensko, a. s.",807.770000,-0.2140388186
house,unrenovated,"okres Čadca",750.752353,"Direct Real, spol. s r.o.",1027.310000,0.3683739996
house,unrenovated,"okres Martin",1027.747959,"LIF REAL",1120.000000,0.0897613468
house,unrenovated,"okres Žilina",1436.461290,"Reality IQ, s.r.o.",1328.320000,-0.0752831216
house,unrenovated,"okres Martin",1027.747959,"U9, a.s.",714.290000,-0.3049949710
house,unrenovated,"okres Žilina",1436.461290,"RE/MAX Slovakia",573.080000,-0.6010473766
house,unrenovated,"okres Turčianske Teplice",789.431429,"Reality MT s.r.o.",1427.145000,0.8078137601
house,unrenovated,"okres Ružomberok",895.767500,"KOSIBA reality s.r.o.",780.700000,-0.1284568819
house,unrenovated,"okres Ružomberok",895.767500,"Reality Alpia",337.713333,-0.6229899689
house,unrenovated,"okres Žilina",1436.461290,"Buby reality, s.r.o.",1280.000000,-0.1089213410
house,unrenovated,"okres Žilina",1436.461290,"Direct Real, spol. s r.o.",996.550000,-0.3062465331
house,unrenovated,"okres Kysucké Nové Mesto",1029.978000,"BR ACADEMY, s. r. o.",1156.573333,0.1229107156
house,unrenovated,"okres Ružomberok",895.767500,"RE/MAX Slovakia",1027.822500,0.1474210663
house,unrenovated,"okres Martin",1027.747959,"CreeX Reality s.r.o.",1166.670000,0.1351713130
house,unrenovated,"okres Žilina",1436.461290,"EASY centrum bývania, s.r.o.",1445.950000,0.0066056148
house,unrenovated,"okres Liptovský Mikuláš",989.996667,"Romantické Chalupy, s.r.o.",1916.666000,0.9360327806
house,unrenovated,"okres Námestovo",764.443333,"VICTORY REALITY Residence s. r. o.",1500.000000,0.9622121552
house,unrenovated,"okres Liptovský Mikuláš",989.996667,NULL,857.140000,-0.1341991053
house,unrenovated,"okres Žilina",1436.461290,"Realitná kancelária",NULL,NULL
house,unrenovated,"okres Martin",1027.747959,"Reality MT s.r.o.",712.500000,-0.3067366432
house,unrenovated,"okres Kysucké Nové Mesto",1029.978000,"Reality Alpia",118.250000,-0.8851917225
house,unrenovated,"okres Turčianske Teplice",789.431429,"TARGETreal s. r. o.",1062.220000,0.3455506849
house,unrenovated,"okres Martin",1027.747959,"Realitná kancelária",1514.105000,0.4732259857
house,unrenovated,"okres Žilina",1436.461290,"Realitné kancelárie SR",1471.275000,0.0242357453
house,unrenovated,"okres Čadca",750.752353,"Realitná sieť UPgreat",408.330000,-0.4561056008
house,unrenovated,"okres Kysucké Nové Mesto",1029.978000,"WFG reality, s.r.o.",1178.120000,0.1438302566
house,"partially renovated","okres Liptovský Mikuláš",1117.708500,"RK SPIRIT s.r.o.",2000.000000,0.7893753157
house,"partially renovated","okres Liptovský Mikuláš",1117.708500,"Reality Alpia",364.760000,-0.6736537299
house,"partially renovated","okres Martin",3258.443158,"Reality Alpia",317.030000,-0.9027050697
house,"partially renovated","okres Tvrdošín",1040.391667,"TUreality s.r.o.",691.630000,-0.3352215113
house,"partially renovated","okres Žilina",1231.615439,"DreamReality s.r.o.",933.330000,-0.2421904026
house,"partially renovated","okres Martin",3258.443158,"Realitné kancelárie SR",705.560000,-0.7834671450
house,"partially renovated","okres Martin",3258.443158,"Felicita Real s. r. o.",1020.830000,-0.6867123499
house,"partially renovated","okres Dolný Kubín",1205.085000,"Reality BL, s.r.o.",457.520000,-0.6203421335
house,"partially renovated","okres Martin",3258.443158,"ALT REAL, s.r.o.",1583.330000,-0.5140838974
house,"partially renovated","okres Liptovský Mikuláš",1117.708500,jabyvam.sk,1782.112000,0.5944336113
house,"partially renovated","okres Čadca",836.619189,"BeMi realitná kancelária",523.330000,-0.3744704797
house,"partially renovated","okres Martin",3258.443158,"Realitná kancelária",801.152500,-0.7541302821
house,"partially renovated","okres Turčianske Teplice",962.295556,"B10 Slovensko, a. s.",1047.060000,0.0880856650
house,"partially renovated","okres Čadca",836.619189,"TUreality s.r.o.",477.270000,-0.4295253966
house,"partially renovated","okres Liptovský Mikuláš",1117.708500,"ADOMOS REAL s.r.o.",1400.000000,0.2525627210
house,"partially renovated","okres Liptovský Mikuláš",1117.708500,"DRAŽOBNÍK, s.r.o.",296.500000,-0.7347251095
house,"partially renovated","okres Liptovský Mikuláš",1117.708500,"REALITY TATRY",575.000000,-0.4855545967
house,"partially renovated","okres Žilina",1231.615439,"REAL21 Invest-consult, s.r.o.",1093.920000,-0.1118006763
house,"partially renovated","okres Liptovský Mikuláš",1117.708500,NULL,996.670000,-0.1082916521
house,"partially renovated","okres Martin",3258.443158,"AstonReal s.r.o.",1346.233333,-0.5868476853
house,"partially renovated","okres Turčianske Teplice",962.295556,"Reality ASTORIA, s.r.o.",1532.850000,0.5929097775
house,"partially renovated","okres Žilina",1231.615439,"Ing. Gerlinda Bérešová - Esti",1325.000000,0.0758228243
house,"partially renovated","okres Kysucké Nové Mesto",1213.922000,"ROMDOM, s. r. o",1067.760000,-0.1204047707
house,"partially renovated","okres Žilina",1231.615439,"Briliant Reality, s.r.o.",NULL,NULL
house,"partially renovated","okres Žilina",1231.615439,"Allrisk Slovakia Reality & Financie, s.r.o.",1245.000000,0.0108674839
house,"partially renovated","okres Dolný Kubín",1205.085000,"RK Dalmia s. r. o.",1038.460000,-0.1382682549
house,"partially renovated","okres Liptovský Mikuláš",1117.708500,"RIEŠIME BÝVANIE",592.980000,-0.4694681127
house,"partially renovated","okres Martin",3258.443158,"Reality Center, s.r.o.",NULL,NULL
house,"partially renovated","okres Turčianske Teplice",962.295556,"Realitné kancelárie SR",1055.983333,0.0973586300
house,"partially renovated","okres Žilina",1231.615439,"Reality IQ, s.r.o.",1741.335000,0.4138625945
house,"partially renovated","okres Turčianske Teplice",962.295556,"LICITOR group, a.s.",528.880000,-0.4503975450
house,"partially renovated","okres Ružomberok",925.285769,"Romantické Chalupy, s.r.o.",1192.710000,0.2890179877
house,"partially renovated","okres Žilina",1231.615439,"RES GROUP, s.r.o.",1224.910000,-0.0054444259
house,"partially renovated","okres Kysucké Nové Mesto",1213.922000,"ROSA reality",1650.000000,0.3592306590
house,"partially renovated","okres Bytča",1037.315556,"TOCA, s.r.o. Realitná činnosť",1218.750000,0.1749076672
house,"partially renovated","okres Bytča",1037.315556,"1. Reality Rent, s.r.o.",744.440000,-0.2823398862
house,"partially renovated","okres Martin",3258.443158,"TUreality s.r.o.",332.770000,-0.8978745420
house,"partially renovated","okres Bytča",1037.315556,"Realitná kancelária",NULL,NULL
house,"partially renovated","okres Žilina",1231.615439,"Pegas real s.r.o.",2000.000000,0.6238835083
house,"partially renovated","okres Turčianske Teplice",962.295556,"Realitná kancelária",1586.670000,0.6488385404
house,"partially renovated","okres Čadca",836.619189,"Ing. Marcela Pišteková",607.690000,-0.2736360724
house,"partially renovated","okres Ružomberok",925.285769,"ARBIZ real estate & finance s. r. o.",NULL,NULL
house,"partially renovated","okres Ružomberok",925.285769,"OVERENÉ REALITY",549.250000,-0.4063996028
house,"partially renovated","okres Martin",3258.443158,"B10 Slovensko, a. s.",1255.665000,-0.6146426563
house,"partially renovated","okres Čadca",836.619189,"B10 Slovensko, a. s.",712.500000,-0.1483580470
house,"partially renovated","okres Martin",3258.443158,"1. Reality Rent, s.r.o.",NULL,NULL
house,"partially renovated","okres Čadca",836.619189,"HOLESTIAK.sk reality s.r.o.",1014.865714,0.2130557455
house,"partially renovated","okres Martin",3258.443158,"Reality AK, spol. s r.o.",1039.540000,-0.6809703439
house,"partially renovated","okres Žilina",1231.615439,"WFG reality, s.r.o.",1340.675000,0.0885500113
house,"partially renovated","okres Liptovský Mikuláš",1117.708500,"OVERENÉ REALITY",1323.666667,0.1842682300
house,"partially renovated","okres Kysucké Nové Mesto",1213.922000,NULL,1473.230000,0.2136117477
house,"partially renovated","okres Liptovský Mikuláš",1117.708500,"REALITY SPOLU",1658.480000,0.4838215868
house,"partially renovated","okres Žilina",1231.615439,NULL,725.000000,-0.4113422282
house,"partially renovated","okres Turčianske Teplice",962.295556,"Ing.Zuzana Paverová",990.000000,0.0287899532
house,"partially renovated","okres Čadca",836.619189,"Piata Avenue",NULL,NULL
house,"partially renovated","okres Žilina",1231.615439,"RENOME REAL",1491.670000,0.2111491564
house,"partially renovated","okres Žilina",1231.615439,"Realitné kancelárie SR",1098.446000,-0.1081258279
house,"partially renovated","okres Ružomberok",925.285769,"NajBývanie, s.r.o.",1229.710000,0.3290056339
house,"partially renovated","okres Tvrdošín",1040.391667,"OREA, s.r.o.",933.330000,-0.1029051562
house,"partially renovated","okres Martin",3258.443158,"RES GROUP, s.r.o.",1263.640000,-0.6121951685
house,"partially renovated","okres Liptovský Mikuláš",1117.708500,"NajBývanie, s.r.o.",855.560000,-0.2345410275
house,"partially renovated","okres Martin",3258.443158,"RIEŠIME BÝVANIE",1035.710000,-0.6821457519
house,"partially renovated","okres Martin",3258.443158,NULL,1249.580000,-0.6165101125
house,"partially renovated","okres Čadca",836.619189,"Realitné kancelárie SR",741.425000,-0.1137843720
house,"partially renovated","okres Čadca",836.619189,NULL,930.870000,0.1126567646
house,"partially renovated","okres Ružomberok",925.285769,"FatraReal s. r. o.",587.500000,-0.3650610226
house,"partially renovated","okres Martin",3258.443158,"Romantické Chalupy, s.r.o.",1180.910000,-0.6375845940
house,"partially renovated","okres Turčianske Teplice",962.295556,"RES GROUP, s.r.o.",777.500000,-0.1920361731
house,"partially renovated","okres Martin",3258.443158,"Reality ASTORIA, s.r.o.",1484.290000,-0.5444787808
house,"partially renovated","okres Kysucké Nové Mesto",1213.922000,"Vianema s.r.o.",2792.360000,1.3002795896
house,"partially renovated","okres Žilina",1231.615439,"TARGETreal s. r. o.",1577.010000,0.2804402657
house,"partially renovated","okres Čadca",836.619189,"SLNOVRAT, s.r.o.",666.576667,-0.2032496077
house,"partially renovated","okres Liptovský Mikuláš",1117.708500,liptoreal,1234.500000,0.1044919136
house,"partially renovated","okres Ružomberok",925.285769,"BeMi realitná kancelária",NULL,NULL
house,"partially renovated","okres Ružomberok",925.285769,"VAŠA REALITKA s.r.o.",428.570000,-0.5368241744
house,"partially renovated","okres Martin",3258.443158,"Reality MT s.r.o.",1825.000000,-0.4399165763
house,"partially renovated","okres Turčianske Teplice",962.295556,"Romantické Chalupy, s.r.o.",1147.056667,0.1920003785
house,"partially renovated","okres Dolný Kubín",1205.085000,"FINREA - ak vám záleží na výsledku",2556.945000,1.1217963878
house,"partially renovated","okres Liptovský Mikuláš",1117.708500,"GERT , s.r.o.",1606.785000,0.4375707083
house,"partially renovated","okres Čadca",836.619189,"Trioreality, s.r.o.",NULL,NULL
house,"partially renovated","okres Žilina",1231.615439,"TUreality s.r.o.",1046.883750,-0.1499913716
house,"partially renovated","okres Žilina",1231.615439,"Reality Alpia",564.695000,-0.5415005511
house,"partially renovated","okres Martin",3258.443158,"ŽILINAREAL, s.r.o.",1741.670000,-0.4654901388
house,"partially renovated","okres Martin",3258.443158,"Like Reality s.r.o.",872.505000,-0.7322325547
house,"partially renovated","okres Martin",3258.443158,"TARGETreal s. r. o.",718.100000,-0.7796186813
house,"partially renovated","okres Tvrdošín",1040.391667,"RK Dalmia s. r. o.",945.830000,-0.0908904502
house,"partially renovated","okres Liptovský Mikuláš",1117.708500,"Realitná kancelária",1360.000000,0.2167752146
house,"partially renovated","okres Liptovský Mikuláš",1117.708500,"TUreality s.r.o.",520.221429,-0.5345643081
house,"partially renovated","okres Turčianske Teplice",962.295556,"FINREA - ak vám záleží na výsledku",1800.000000,0.8705271876
house,"partially renovated","okres Bytča",1037.315556,"B10 Slovensko, a. s.",1145.830000,0.1046108326
house,"partially renovated","okres Martin",3258.443158,"Reality IQ, s.r.o.",NULL,NULL
house,"partially renovated","okres Liptovský Mikuláš",1117.708500,"HALO reality, s.r.o.",782.595000,-0.2998219124
house,"partially renovated","okres Žilina",1231.615439,"RIEŠIME BÝVANIE",1316.607500,0.0690086031
house,"partially renovated","okres Kysucké Nové Mesto",1213.922000,"Pro Real, s. r. o. realitná kancelária",869.130000,-0.2840314287
house,"partially renovated","okres Žilina",1231.615439,"AstonReal s.r.o.",1076.000000,-0.1263506725
house,"partially renovated","okres Žilina",1231.615439,"1. Reality Rent, s.r.o.",720.000000,-0.4154019370
house,"partially renovated","okres Ružomberok",925.285769,"Reality Alpia",245.686000,-0.7344755445
house,"partially renovated","okres Čadca",836.619189,"1. Reality Rent, s.r.o.",1005.155000,0.2014486558
house,"development project","okres Žilina",2070.200000,"YFE, s.r.o.",1909.000000,-0.0778668728
house,"development project","okres Žilina",2070.200000,"RIEŠIME BÝVANIE",2231.400000,0.0778668728
house,"under construction","okres Liptovský Mikuláš",2001.688571,"Realitné kancelárie SR",NULL,NULL
house,"under construction","okres Ružomberok",1021.690000,"Reality Alpia",117.190000,-0.8852978888
house,"under construction","okres Čadca",1555.091667,"TRI LIPY, s. r. o.",2276.490000,0.4638944111
house,"under construction","okres Liptovský Mikuláš",2001.688571,"ARBIZ real estate & finance s. r. o.",1610.020000,-0.1956690849
house,"under construction","okres Čadca",1555.091667,"MGM reality",NULL,NULL
house,"under construction","okres Ružomberok",1021.690000,"NajBývanie, s.r.o.",1173.680000,0.1487633235
house,"under construction","okres Liptovský Mikuláš",2001.688571,"Ing. Jaroslav Minár JAVAS",NULL,NULL
house,"under construction","okres Liptovský Mikuláš",2001.688571,"RK SPIRIT s.r.o.",2516.160000,0.2570187173
house,"under construction","okres Žilina",2196.031250,"Tribeca Group s. r. o",1947.920000,-0.1129816573
house,"under construction","okres Turčianske Teplice",1400.592000,"Realitná kancelária",1340.000000,-0.0432617065
house,"under construction","okres Žilina",2196.031250,"ATP stavby s.r.o.",1880.160000,-0.1438373202
house,"under construction","okres Bytča",2425.196667,"TOCA, s.r.o. Realitná činnosť",1999.000000,-0.1757369507
house,"under construction","okres Ružomberok",1021.690000,"A-Byt Consult, s.r.o.",1264.710000,0.2378607993
house,"under construction","okres Žilina",2196.031250,"TARGETreal s. r. o.",2456.700000,0.1186999274
house,"under construction","okres Liptovský Mikuláš",2001.688571,"RECLOUD Reality a.s.",NULL,NULL
house,"under construction","okres Čadca",1555.091667,"TARGETreal s. r. o.",2332.220000,0.4997315268
house,"under construction","okres Čadca",1555.091667,"Realitná kancelária",NULL,NULL
house,"under construction","okres Čadca",1555.091667,"SLNOVRAT, s.r.o.",1242.710000,-0.2008766902
house,"under construction","okres Liptovský Mikuláš",2001.688571,jabyvam.sk,1595.180000,-0.2030828256
house,"under construction","okres Žilina",2196.031250,"Realitné kancelárie SR",2739.130000,0.2473092084
house,"under construction","okres Bytča",2425.196667,"ADH-REAL s.r.o. Hirjaková Adriana",1612.470000,-0.3351178393
house,"under construction","okres Dolný Kubín",1493.530000,"FINREA - ak vám záleží na výsledku",1493.530000,0.0000000000
house,"fully renovated","okres Martin",1320.420000,"LIF REAL",NULL,NULL
house,"fully renovated","okres Ružomberok",1785.110000,"OREA, s.r.o.",3180.680000,0.7817837556
house,"fully renovated","okres Martin",1320.420000,NULL,672.410000,-0.4907605156
house,"fully renovated","okres Dolný Kubín",1207.650000,"B10 Slovensko, a. s.",2193.330000,0.8161967457
house,"fully renovated","okres Turčianske Teplice",1178.806154,"OVERENÉ REALITY",1586.670000,0.3459973844
house,"fully renovated","okres Žilina",1807.076250,"TARGETreal s. r. o.",1608.650000,-0.1098051341
house,"fully renovated","okres Ružomberok",1785.110000,"ARBIZ real estate & finance s. r. o.",NULL,NULL
house,"fully renovated","okres Liptovský Mikuláš",1755.859333,"bezmaklérov, s.r.o.",3500.000000,0.9933259654
house,"fully renovated","okres Ružomberok",1785.110000,"RK SPIRIT s.r.o.",2065.700000,0.1571835909
house,"fully renovated","okres Martin",1320.420000,"FINREA - ak vám záleží na výsledku",2917.530000,1.2095469623
house,"fully renovated","okres Bytča",1029.108000,"B10 Slovensko, a. s.",0.000000,-1.0000000000
house,"fully renovated","okres Ružomberok",1785.110000,"AstonReal s.r.o.",733.330000,-0.5891961840
house,"fully renovated","okres Žilina",1807.076250,"Piata Avenue",NULL,NULL
house,"fully renovated","okres Martin",1320.420000,"TUreality s.r.o.",NULL,NULL
house,"fully renovated","okres Liptovský Mikuláš",1755.859333,"Reality Alpia",463.530000,-0.7360096044
house,"fully renovated","okres Čadca",1546.860870,"KING REAL s. r. o.",1538.080000,-0.0056765739
house,"fully renovated","okres Liptovský Mikuláš",1755.859333,jabyvam.sk,1344.790000,-0.2341129072
house,"fully renovated","okres Martin",1320.420000,"JKV REAL",1799.330000,0.3626952030
house,"fully renovated","okres Čadca",1546.860870,"Ing. Marcela Pišteková",1300.850000,-0.1590387828
house,"fully renovated","okres Žilina",1807.076250,"AnoReal, s.r.o.",1768.770000,-0.0211979157
house,"fully renovated","okres Turčianske Teplice",1178.806154,"Reality Alpia",211.170000,-0.8208611320
house,"fully renovated","okres Žilina",1807.076250,"Wealth Group, s.r.o.",0.010000,-0.9999944662
house,"fully renovated","okres Liptovský Mikuláš",1755.859333,"Romantické Chalupy, s.r.o.",3083.330000,0.7560233568
house,"fully renovated","okres Kysucké Nové Mesto",2019.985000,"Safe reality s. r. o.",2734.645000,0.3537947064
house,"fully renovated","okres Turčianske Teplice",1178.806154,"ŽILINAREAL, s.r.o.",NULL,NULL
house,"fully renovated","okres Ružomberok",1785.110000,"VAŠA REALITKA s.r.o.",214.400000,-0.8798953566
house,"fully renovated","okres Turčianske Teplice",1178.806154,"Ing.Zuzana Paverová",784.850000,-0.3341992682
house,"fully renovated","okres Turčianske Teplice",1178.806154,"Pegas real s.r.o.",825.000000,-0.3001393849
house,"fully renovated","okres Bytča",1029.108000,"Realitné kancelárie SR",1037.040000,0.0077076458
house,"fully renovated","okres Martin",1320.420000,"OVERENÉ REALITY",1191.180000,-0.0978779479
house,"fully renovated","okres Turčianske Teplice",1178.806154,"Realitná kancelária",1400.000000,0.1876422559
house,"fully renovated","okres Turčianske Teplice",1178.806154,"Romantické Chalupy, s.r.o.",2000.000000,0.6966317941
house,"fully renovated","okres Žilina",1807.076250,"MGM reality",1552.910000,-0.1406505398
house,"fully renovated","okres Liptovský Mikuláš",1755.859333,"HD reality group s.r.o",1564.890000,-0.1087611800
house,"fully renovated","okres Žilina",1807.076250,"ŽILINAREAL, s.r.o.",1912.810000,0.0585109510
house,"fully renovated","okres Čadca",1546.860870,"Stanislav Slovák",1035.000000,-0.3309029790
house,"fully renovated","okres Žilina",1807.076250,"DreamReality s.r.o.",1536.050000,-0.1499805279
house,"fully renovated","okres Ružomberok",1785.110000,"Reality Alpia",928.990000,-0.4795894931
house,"fully renovated","okres Žilina",1807.076250,"Babony TRE s.r.o.",1438.890000,-0.2037469365
house,"fully renovated","okres Čadca",1546.860870,Reality+,NULL,NULL
house,"fully renovated","okres Liptovský Mikuláš",1755.859333,"Realitná kancelária RED, s.r.o.",1350.000000,-0.2311456991
house,"fully renovated","okres Martin",1320.420000,"Reality D.P.A.",2917.530000,1.2095469623
house,"fully renovated","okres Martin",1320.420000,"VAŠE REALITY s.r.o.",1280.490000,-0.0302403781
house,"fully renovated","okres Martin",1320.420000,"TARGETreal s. r. o.",1300.000000,-0.0154647764
house,"fully renovated","okres Žilina",1807.076250,NULL,1935.340000,0.0709786043
house,"fully renovated","okres Čadca",1546.860870,"BeMi realitná kancelária",2107.586667,0.3624927153
house,"fully renovated","okres Čadca",1546.860870,"Vianema s.r.o.",1992.760000,0.2882606566
house,"fully renovated","okres Martin",1320.420000,"R2 SK, s.r.o.",650.600000,-0.5072779873
house,"new construction","okres Liptovský Mikuláš",2309.902500,"Realitná kancelária Peter Hubka",1467.920000,-0.3645099739
house,"new construction","okres Kysucké Nové Mesto",2071.862857,"Realitná kancelária",NULL,NULL
house,"new construction","okres Žilina",2252.985000,"Gro & Partners",NULL,NULL
house,"new construction","okres Bytča",2378.940667,"ADH-REAL s.r.o. Hirjaková Adriana",1201.920000,-0.4947667184
house,"new construction","okres Žilina",2252.985000,"Effecting s.r.o.",2157.450000,-0.0424037444
house,"new construction","okres Turčianske Teplice",2047.482000,"Reality Simply",NULL,NULL
house,"new construction","okres Bytča",2378.940667,"Arvin & Benet",NULL,NULL
house,"new construction","okres Žilina",2252.985000,"RIEŠIME BÝVANIE",2457.140000,0.0906153392
house,"new construction","okres Tvrdošín",1625.190000,"RE/MAX Slovakia",888.890000,-0.4530547198
house,"new construction","okres Ružomberok",2037.406667,"OVERENÉ REALITY",492.310000,-0.7583643914
house,"new construction","okres Bytča",2378.940667,"Stanislav Motyčík - MK",2570.970000,0.0807205222
house,"new construction","okres Martin",1933.798889,"Reality Center, s.r.o.",NULL,NULL
house,"new construction","okres Bytča",2378.940667,"IDEÁLNE BÝVANIE, s.r.o.",2281.650000,-0.0408966345
house,"new construction","okres Žilina",2252.985000,"CPM Real Estate",2990.340000,0.3272791430
house,"new construction","okres Liptovský Mikuláš",2309.902500,NULL,2320.390000,0.0045402349
house,"new construction","okres Ružomberok",2037.406667,"RECLOUD Reality a.s.",NULL,NULL
house,"new construction","okres Čadca",1790.622381,"JPE. Reality - Jozef Pajer",1983.870000,0.1079220393
house,"new construction","okres Martin",1933.798889,"Vianema s.r.o.",4499.980000,1.3270155059
house,"new construction","okres Martin",1933.798889,"Reality ASTORIA, s.r.o.",2307.690000,0.1933453955
house,"new construction","okres Čadca",1790.622381,"RS Mansory s.r.o.",2791.070000,0.5587150198
house,"new construction","okres Ružomberok",2037.406667,"REALITY SPOLU",NULL,NULL
house,"new construction","okres Liptovský Mikuláš",2309.902500,"New Ways Reality&Financie",1782.740000,-0.2282185071
house,"new construction","okres Čadca",1790.622381,"Reality Kopanice",1250.000000,-0.3019186997
house,"new construction","okres Kysucké Nové Mesto",2071.862857,"TARGETreal s. r. o.",1548.810000,-0.2524553472
house,"new construction","okres Žilina",2252.985000,"AnoReal, s.r.o.",NULL,NULL
house,"new construction","okres Dolný Kubín",2267.838750,"ALT REAL, s.r.o.",NULL,NULL
house,"new construction","okres Bytča",2378.940667,"WFG reality, s.r.o.",3913.580000,0.6450935722
house,"new construction","okres Námestovo",1769.402222,"Bosen Group s.r.o.",1078.220000,-0.3906303572
house,"new construction","okres Martin",1933.798889,"RECLOUD Reality a.s.",NULL,NULL
house,"new construction","okres Martin",1933.798889,"Reality Turiec s.r o.",2574.630000,0.3313845688
house,"new construction","okres Martin",1933.798889,"CPM Real Estate",2651.520000,0.3711456838
house,"new construction","okres Čadca",1790.622381,"B10 Slovensko, a. s.",1275.000000,-0.2879570737
house,"new construction","okres Ružomberok",2037.406667,"Reality Alpia",264.015000,-0.8704161500
house,"new construction","okres Ružomberok",2037.406667,"VAŠA REALITKA s.r.o.",1998.180000,-0.0192532338
house,"new construction","okres Žilina",2252.985000,"R2 SK, s.r.o.",2143.285000,-0.0486909589
house,"new construction","okres Liptovský Mikuláš",2309.902500,"LEGEND realitná spoločnosť  s. r. o.",3062.500000,0.3258135354
house,"new construction","okres Čadca",1790.622381,NULL,1843.750000,0.0296699179
house,"new construction","okres Čadca",1790.622381,"Piata Avenue",NULL,NULL
house,"new construction","okres Žilina",2252.985000,"WFG reality, s.r.o.",4239.130000,0.8815615728
house,"new construction","okres Turčianske Teplice",2047.482000,"HERRYS s.r.o.",5812.220000,1.8387160424
house,"new construction","okres Kysucké Nové Mesto",2071.862857,"R2 SK, s.r.o.",1760.920000,-0.1500788800
house,"new construction","okres Žilina",2252.985000,"JKV REAL",1948.660000,-0.1350763543
house,"new construction","okres Dolný Kubín",2267.838750,"FINREA - ak vám záleží na výsledku",3508.085000,0.5468846716
house,"new construction","okres Žilina",2252.985000,"RAJA, spol. s r.o.",NULL,NULL
house,"new construction","okres Martin",1933.798889,"Like Reality s.r.o.",NULL,NULL
house,"new construction","okres Žilina",2252.985000,"Reality IQ, s.r.o.",1519.840000,-0.3254105109
house,"new construction","okres Liptovský Mikuláš",2309.902500,"Q REAL s.r.o.",2625.000000,0.1364116018
house,"new construction","okres Námestovo",1769.402222,"TUreality s.r.o.",3109.090000,0.7571414579
house,"new construction","okres Čadca",1790.622381,"HOLESTIAK.sk reality s.r.o.",2132.000000,0.1906474657
house,"new construction","okres Žilina",2252.985000,"ROMDOM, s. r. o",0.010000,-0.9999955614
house,"new construction","okres Martin",1933.798889,"Realitná kancelária",1248.486667,-0.3543865010
house,"new construction","okres Žilina",2252.985000,"OVERENÉ REALITY",NULL,NULL
house,"new construction","okres Liptovský Mikuláš",2309.902500,"KRUPPKY, s.r.o.",1183.330000,-0.4877143083
house,"new construction","okres Námestovo",1769.402222,"BeMi realitná kancelária",1502.446667,-0.1508733015
house,"new construction","okres Turčianske Teplice",2047.482000,"XEMAR realitná spoločnosť s.r.o.",1536.000000,-0.2498102547
house,"new construction","okres Čadca",1790.622381,"1. Reality Rent, s.r.o.",NULL,NULL
house,"new construction","okres Žilina",2252.985000,"Nové bývanie",2004.610000,-0.1102426337
house,"new construction","okres Martin",1933.798889,"TARGETreal s. r. o.",2984.885000,0.5435343442
house,"new construction","okres Žilina",2252.985000,"OREA, s.r.o.",NULL,NULL
house,"new construction","okres Martin",1933.798889,"Financie a reality od A po Z",NULL,NULL
house,"new construction","okres Žilina",2252.985000,"Bosen Group s.r.o.",2192.576667,-0.0268125766
house,"new construction","okres Tvrdošín",1625.190000,"Realitné kancelárie SR",2361.490000,0.4530547198
house,"new construction","okres Žilina",2252.985000,"ETHOS reality, s. r. o.",1741.070000,-0.2272163374
house,"new construction","okres Liptovský Mikuláš",2309.902500,"Realitné kancelárie SR",2164.180000,-0.0630859961
house,unrenovated,"okres Žilina",1436.461290,"DRR INVEST, s. r. o.",232.880000,-0.8378793765
house,unrenovated,"okres Turčianske Teplice",789.431429,"Realitné kancelárie SR",NULL,NULL
house,unrenovated,"okres Liptovský Mikuláš",989.996667,"WFG reality, s.r.o.",2203.880000,1.2261489088
house,unrenovated,"okres Dolný Kubín",988.354444,"LICITOR group, a.s.",165.040000,-0.8330153712
house,unrenovated,"okres Žilina",1436.461290,"StorkReal s. r. o.",1125.000000,-0.2168253974
house,unrenovated,"okres Čadca",750.752353,"RENOME REAL",519.960000,-0.3074147581
house,unrenovated,"okres Žilina",1436.461290,"BeMi realitná kancelária",2487.500000,0.7316860658
house,unrenovated,"okres Ružomberok",895.767500,"HALO reality, s.r.o.",NULL,NULL
house,unrenovated,"okres Liptovský Mikuláš",989.996667,"REALITY SPOLU",1175.000000,0.1868726827
house,unrenovated,"okres Liptovský Mikuláš",989.996667,"AstonReal s.r.o.",1139.240000,0.1507513489
house,unrenovated,"okres Ružomberok",895.767500,"IVANING, s. r. o.",1598.210000,0.7841794885
house,unrenovated,"okres Martin",1027.747959,"RIEŠIME BÝVANIE",1619.050000,0.5753375969
house,unrenovated,"okres Žilina",1436.461290,"1. Reality Rent, s.r.o.",660.000000,-0.5405375665
house,unrenovated,"okres Martin",1027.747959,"Reality D.P.A.",888.890000,-0.1351089611
house,unrenovated,"okres Martin",1027.747959,"FINREA - ak vám záleží na výsledku",972.450000,-0.0538049806
house,unrenovated,"okres Čadca",750.752353,"Wealth Group, s.r.o.",2000.000000,1.6639943145
house,unrenovated,"okres Čadca",750.752353,"JPE. Reality - Jozef Pajer",878.205000,0.1697665635
house,unrenovated,"okres Turčianske Teplice",789.431429,"Ing.Zuzana Paverová",890.000000,0.1273936751
house,unrenovated,"okres Žilina",1436.461290,"X-REAL, s. r. o.",1555.560000,0.0829111866
house,unrenovated,"okres Liptovský Mikuláš",989.996667,"KRUPPKY, s.r.o.",1236.000000,0.2484890517
house,unrenovated,"okres Turčianske Teplice",789.431429,"Reality AK, spol. s r.o.",950.000000,0.2033977431
house,unrenovated,"okres Žilina",1436.461290,"Babony TRE s.r.o.",1075.000000,-0.2516331575
house,unrenovated,"okres Dolný Kubín",988.354444,"Realitné kancelárie SR",916.670000,-0.0725290855
house,unrenovated,"okres Čadca",750.752353,"REAL21 Invest-consult, s.r.o.",194.170000,-0.7413661120
house,unrenovated,"okres Liptovský Mikuláš",989.996667,"B10 Slovensko, a. s.",587.060000,-0.4070081046
house,unrenovated,"okres Čadca",750.752353,"SLNOVRAT, s.r.o.",NULL,NULL
house,unrenovated,"okres Čadca",750.752353,"Realitné kancelárie SR",1062.500000,0.4152469796
house,unrenovated,"okres Dolný Kubín",988.354444,"OREA, s.r.o.",1031.875000,0.0440333488
house,unrenovated,"okres Čadca",750.752353,"TRI LIPY, s. r. o.",407.410000,-0.4573310382
house,unrenovated,"okres Čadca",750.752353,"Vianema s.r.o.",378.020000,-0.4964784346
house,unrenovated,"okres Žilina",1436.461290,"BR ACADEMY, s. r. o.",NULL,NULL
house,unrenovated,"okres Turčianske Teplice",789.431429,"RECLOUD Reality a.s.",NULL,NULL
house,unrenovated,"okres Turčianske Teplice",789.431429,"YNI reality",NULL,NULL
house,unrenovated,"okres Čadca",750.752353,"Realitná kancelária",679.600000,-0.0947747319
house,unrenovated,"okres Bytča",1158.958889,"Realitná kancelária RED, s.r.o.",NULL,NULL
house,unrenovated,"okres Turčianske Teplice",789.431429,"FINREA - ak vám záleží na výsledku",1650.000000,1.0901118696
house,unrenovated,"okres Bytča",1158.958889,"StorkReal s. r. o.",833.330000,-0.2809667298
house,unrenovated,"okres Čadca",750.752353,"Ing. Marcela Pišteková",475.000000,-0.3673013503
house,unrenovated,"okres Kysucké Nové Mesto",1029.978000,"PhDr. Miloš Kocúr - BKM Consulting",440.000000,-0.5728064095
house,unrenovated,"okres Žilina",1436.461290,"LAVENTURA s.r.o.",NULL,NULL
house,unrenovated,"okres Čadca",750.752353,"MENÍME BÝVANIE",241.480000,-0.6783493265
house,unrenovated,"okres Ružomberok",895.767500,"TUreality s.r.o.",NULL,NULL
house,unrenovated,"okres Bytča",1158.958889,"B10 Slovensko, a. s.",NULL,NULL
house,unrenovated,"okres Martin",1027.747959,"TUreality s.r.o.",320.540000,-0.6881141945
house,unrenovated,"okres Martin",1027.747959,"Reality AK, spol. s r.o.",696.785000,-0.3220273571
house,unrenovated,"okres Kysucké Nové Mesto",1029.978000,"BeMi realitná kancelária",1000.000000,-0.0291054760
house,unrenovated,"okres Žilina",1436.461290,"Gro & Partners",2333.330000,0.6243598183
house,unrenovated,"okres Liptovský Mikuláš",989.996667,jabyvam.sk,2428.500000,1.4530385616
house,unrenovated,"okres Martin",1027.747959,"LICITOR group, a.s.",977.800000,-0.0485994242
house,unrenovated,"okres Čadca",750.752353,"Safe reality s. r. o.",561.880000,-0.2515774373
house,unrenovated,"okres Ružomberok",895.767500,"bezmaklérov, s.r.o.",173.670000,-0.8061215661
house,unrenovated,"okres Turčianske Teplice",789.431429,"Real Reality Development s.r.o.",354.170000,-0.5513606540
house,unrenovated,"okres Martin",1027.747959,"YNI reality",NULL,NULL
house,unrenovated,"okres Martin",1027.747959,"Romantické Chalupy, s.r.o.",956.250000,-0.0695676001
house,unrenovated,"okres Martin",1027.747959,"Like Reality s.r.o.",276.670000,-0.7307997573
house,unrenovated,"okres Martin",1027.747959,"Ing.Zuzana Paverová",1839.080000,0.7894270515
house,unrenovated,"okres Čadca",750.752353,"PhDr. Miloš Kocúr - BKM Consulting",153.330000,-0.7957648759
house,unrenovated,"okres Čadca",750.752353,"Romantické Chalupy, s.r.o.",746.565000,-0.0055775423
house,unrenovated,"okres Čadca",750.752353,"WFG reality, s.r.o.",579.410000,-0.2282275271
house,unrenovated,"okres Dolný Kubín",988.354444,"RK Dalmia s. r. o.",790.910000,-0.1997708871
house,unrenovated,"okres Žilina",1436.461290,"Romantické Chalupy, s.r.o.",2100.000000,0.4619259249
house,unrenovated,"okres Kysucké Nové Mesto",1029.978000,"1. Reality Rent, s.r.o.",1454.550000,0.4122146298
house,unrenovated,"okres Námestovo",764.443333,"Nové bývanie",68.090000,-0.9109286496
house,unrenovated,"okres Liptovský Mikuláš",989.996667,"Mgr. Renáta Kolenčíková",368.130000,-0.6281502633
house,unrenovated,"okres Turčianske Teplice",789.431429,"Realitná kancelária DR, s.r.o.",595.000000,-0.2462929925
house,unrenovated,"okres Martin",1027.747959,"RS Mansory s.r.o.",1050.000000,0.0216512627
house,unrenovated,"okres Námestovo",764.443333,"RK Dalmia s. r. o.",681.370000,-0.1086716692
house,unrenovated,"okres Bytča",1158.958889,"TOCA, s.r.o. Realitná činnosť",NULL,NULL
house,unrenovated,"okres Martin",1027.747959,"Financie a reality od A po Z",937.080000,-0.0882200331
house,unrenovated,"okres Liptovský Mikuláš",989.996667,"RESIDENCE realitná kancelária",1063.470000,0.0742157377
house,unrenovated,"okres Ružomberok",895.767500,"FISCHER & PARTNERS, s.r.o.",1370.000000,0.5294147198
house,unrenovated,"okres Žilina",1436.461290,NajlepšíMakléri.sk,NULL,NULL
house,unrenovated,"okres Žilina",1436.461290,"R2 SK, s.r.o.",1733.320000,0.2066597353
house,unrenovated,"okres Žilina",1436.461290,"K&B Partners, s.r.o.",NULL,NULL
house,unrenovated,"okres Ružomberok",895.767500,"REALITY SPOLU",733.330000,-0.1813389077
house,unrenovated,"okres Čadca",750.752353,"MG real, s.r.o.",218.260000,-0.7092783005
house,unrenovated,"okres Žilina",1436.461290,"Mgr. Nina Herčková, RSc.",NULL,NULL
house,unrenovated,"okres Ružomberok",895.767500,donidDevelop,853.660000,-0.0470071754
house,unrenovated,"okres Martin",1027.747959,"ALT REAL, s.r.o.",1154.443333,0.1232747513
house,unrenovated,"okres Ružomberok",895.767500,"NajBývanie, s.r.o.",1141.693333,0.2745420357
house,unrenovated,"okres Turčianske Teplice",789.431429,"KARIN & PARTNERS, s.r.o.",544.830000,-0.3098450607
house,unrenovated,"okres Čadca",750.752353,"Reality IQ, s.r.o.",NULL,NULL
house,unrenovated,"okres Ružomberok",895.767500,"KARIN & PARTNERS, s.r.o.",630.250000,-0.2964134108
house,unrenovated,"okres Ružomberok",895.767500,"AstonReal s.r.o.",1133.890000,0.2658306983
house,unrenovated,"okres Ružomberok",895.767500,"OVERENÉ REALITY",NULL,NULL
house,unrenovated,"okres Bytča",1158.958889,"TUreality s.r.o.",141.210000,-0.8781578869
house,unrenovated,"okres Liptovský Mikuláš",989.996667,"GERT , s.r.o.",NULL,NULL
house,unrenovated,"okres Liptovský Mikuláš",989.996667,"BeMi realitná kancelária",750.000000,-0.2424216919
house,unrenovated,"okres Kysucké Nové Mesto",1029.978000,NULL,1008.670000,-0.0206878205
house,unrenovated,"okres Čadca",750.752353,NULL,627.860000,-0.1636922648
house,unrenovated,"okres Námestovo",764.443333,"RE/MAX Slovakia",484.380000,-0.3663624508
house,unrenovated,"okres Liptovský Mikuláš",989.996667,"LICITOR group, a.s.",713.210000,-0.2795834332
house,unrenovated,"okres Žilina",1436.461290,"RIEŠIME BÝVANIE",1444.396667,0.0055242540
house,unrenovated,"okres Liptovský Mikuláš",989.996667,"RE/MAX Slovakia",641.464000,-0.3520543842
house,unrenovated,"okres Martin",1027.747959,"RECLOUD Reality a.s.",NULL,NULL
house,unrenovated,"okres Tvrdošín",914.510000,"RIEŠIME BÝVANIE",1173.910000,0.2836491673
house,unrenovated,"okres Bytča",1158.958889,"RS Mansory s.r.o.",1066.955000,-0.0793849462
house,unrenovated,"okres Žilina",1436.461290,"ALT REAL, s.r.o.",800.000000,-0.4430758381
house,"partially renovated","okres Žilina",1231.615439,"AnReal s. r. o.",1562.090000,0.2683260948
house,"partially renovated","okres Ružomberok",925.285769,"XEMAR realitná spoločnosť s.r.o.",1643.560000,0.7762728608
house,"partially renovated","okres Martin",3258.443158,"Buby reality, s.r.o.",592.000000,-0.8183181442
house,"partially renovated","okres Bytča",1037.315556,"Romantické Chalupy, s.r.o.",1075.000000,0.0363288141
house,"partially renovated","okres Kysucké Nové Mesto",1213.922000,"1. Reality Rent, s.r.o.",1186.050000,-0.0229602890
house,"partially renovated","okres Turčianske Teplice",962.295556,"Reality AK, spol. s r.o.",350.000000,-0.6362863802
house,"partially renovated","okres Turčianske Teplice",962.295556,"REALITY FAIR",621.430000,-0.3542212721
house,"partially renovated","okres Tvrdošín",1040.391667,"Romantické Chalupy, s.r.o.",1295.000000,0.2447235412
house,"partially renovated","okres Liptovský Mikuláš",1117.708500,"Nové bývanie",515.150000,-0.5391016531
house,"partially renovated","okres Tvrdošín",1040.391667,"VICTORY REALITY Residence s. r. o.",1351.560000,0.2990876829
house,"partially renovated","okres Liptovský Mikuláš",1117.708500,"BeMi realitná kancelária",1936.360000,0.7324373931
house,"partially renovated","okres Čadca",836.619189,"ETHOS reality, s. r. o.",532.920000,-0.3630076778
house,"partially renovated","okres Čadca",836.619189,"YNI reality",NULL,NULL
house,"partially renovated","okres Kysucké Nové Mesto",1213.922000,"PRIVAT Reality spol.s.r.o",1150.000000,-0.0526574195
house,"partially renovated","okres Čadca",836.619189,"Reality Alpia",235.510000,-0.7184979700
house,"partially renovated","okres Bytča",1037.315556,"JKV REAL",977.270000,-0.0578855254
house,"partially renovated","okres Námestovo",759.514000,"TUreality s.r.o.",503.690000,-0.3368259176
house,"partially renovated","okres Turčianske Teplice",962.295556,"BALAŽI REAL ESTATE s.r.o.",377.120000,-0.6081037706
house,"partially renovated","okres Turčianske Teplice",962.295556,"JMB REALITY s.r.o.",NULL,NULL
house,"partially renovated","okres Čadca",836.619189,"REALITY SPOLU",644.330000,-0.2298407585
house,"partially renovated","okres Ružomberok",925.285769,NULL,NULL,NULL
house,"partially renovated","okres Turčianske Teplice",962.295556,"HALO reality, s.r.o.",NULL,NULL
house,"partially renovated","okres Ružomberok",925.285769,"TUreality s.r.o.",265.325000,-0.7132507503
house,"partially renovated","okres Turčianske Teplice",962.295556,"TUreality s.r.o.",856.430000,-0.1100135560
house,"partially renovated","okres Námestovo",759.514000,"MGM reality",194.500000,-0.7439151879
house,"partially renovated","okres Turčianske Teplice",962.295556,"LIF REAL",NULL,NULL
house,"partially renovated","okres Ružomberok",925.285769,"Bosen Group s.r.o.",1142.860000,0.2351427400
house,"partially renovated","okres Martin",3258.443158,"TB Real, spol. s r.o.",1166.670000,-0.6419547792
house,"partially renovated","okres Čadca",836.619189,"Nové bývanie",223.680000,-0.7326382147
house,"partially renovated","okres Bytča",1037.315556,"Safe reality s. r. o.",NULL,NULL
house,"partially renovated","okres Turčianske Teplice",962.295556,"TARGETreal s. r. o.",493.750000,-0.4869040006
house,"partially renovated","okres Ružomberok",925.285769,"RE/MAX Slovakia",1659.090000,0.7930568648
house,"partially renovated","okres Martin",3258.443158,"FINREA - ak vám záleží na výsledku",729.170000,-0.7762213534
house,"partially renovated","okres Dolný Kubín",1205.085000,"TUreality s.r.o.",310.320000,-0.7424911936
house,"partially renovated","okres Liptovský Mikuláš",1117.708500,"RESIDENCE realitná kancelária",1280.320000,0.1454865021
house,"partially renovated","okres Turčianske Teplice",962.295556,NULL,1619.050000,0.6824872462
house,"partially renovated","okres Žilina",1231.615439,"R2 SK, s.r.o.",883.330000,-0.2827874903
house,"partially renovated","okres Žilina",1231.615439,"Wealth Group, s.r.o.",1243.750000,0.0098525567
house,"partially renovated","okres Ružomberok",925.285769,"FINREA - ak vám záleží na výsledku",1125.000000,0.2158405951
house,"partially renovated","okres Ružomberok",925.285769,"Joyel s.r.o.",1599.920000,0.7291090532
house,"partially renovated","okres Turčianske Teplice",962.295556,"Reality Center, s.r.o.",1538.460000,0.5987395872
house,"partially renovated","okres Martin",3258.443158,"Vianema s.r.o.",2139.720000,-0.3433305735
house,"partially renovated","okres Čadca",836.619189,"KUBALA REALITY, s.r.o.",1098.840000,0.3134291138
house,"partially renovated","okres Martin",3258.443158,"Piata Avenue",84663.330000,24.9827549215
house,"partially renovated","okres Turčianske Teplice",962.295556,"BV REAL PD, s.r.o.",178.850000,-0.8141423403
house,"partially renovated","okres Ružomberok",925.285769,"LAWIS s.r.o.",1778.570000,0.9221845397
house,"partially renovated","okres Martin",3258.443158,"LIF REAL",NULL,NULL
house,"partially renovated","okres Liptovský Mikuláš",1117.708500,Limaxreal,863.330000,-0.2275893044
house,"partially renovated","okres Námestovo",759.514000,"RK Dalmia s. r. o.",668.270000,-0.1201347177
house,"partially renovated","okres Čadca",836.619189,"Real Global",833.330000,-0.0039315247
house,"partially renovated","okres Tvrdošín",1040.391667,"B10 Slovensko, a. s.",1025.000000,-0.0147941083
house,"partially renovated","okres Turčianske Teplice",962.295556,"DOBRÉ REALITY s.r.o.",1587.060000,0.6492438213
house,"partially renovated","okres Žilina",1231.615439,"Mamud Reality s. r. o.",1266.820000,0.0285840530
house,"partially renovated","okres Námestovo",759.514000,"OREA, s.r.o.",986.670000,0.2990807279
house,"partially renovated","okres Žilina",1231.615439,"FINREA - ak vám záleží na výsledku",NULL,NULL
house,"partially renovated","okres Martin",3258.443158,"Reality Turiec s.r o.",758.000000,-0.7673735698
house,"partially renovated","okres Žilina",1231.615439,"BeMi realitná kancelária",720.000000,-0.4154019370
house,"partially renovated","okres Námestovo",759.514000,NULL,1444.440000,0.9017950953
house,"partially renovated","okres Žilina",1231.615439,"MGM reality",1730.085000,0.4047282498
house,"partially renovated","okres Kysucké Nové Mesto",1213.922000,"HOLESTIAK.sk reality s.r.o.",934.515000,-0.2301688247
house,"partially renovated","okres Čadca",836.619189,"Vianema s.r.o.",405.400000,-0.5154306699
house,"partially renovated","okres Turčianske Teplice",962.295556,"Nové bývanie",206.670000,-0.7852323034
house,"partially renovated","okres Bytča",1037.315556,"Reality IQ, s.r.o.",1460.000000,0.4074791336
house,"partially renovated","okres Ružomberok",925.285769,jabyvam.sk,1034.140000,0.1176439049
house,"partially renovated","okres Bytča",1037.315556,"Realitná kancelária RED, s.r.o.",562.470000,-0.4577638437
house,"partially renovated","okres Ružomberok",925.285769,"RESIDENCE realitná kancelária",1666.670000,0.8012489285
house,"partially renovated","okres Liptovský Mikuláš",1117.708500,"Ing. Jaroslav Minár JAVAS",NULL,NULL
house,"partially renovated","okres Žilina",1231.615439,"Realitná kancelária RED, s.r.o.",1340.053333,0.0880452539
house,"partially renovated","okres Žilina",1231.615439,"Piata Avenue",1941.310000,0.5762306468
house,"partially renovated","okres Bytča",1037.315556,"TARGETreal s. r. o.",933.330000,-0.1002448632
house,"partially renovated","okres Čadca",836.619189,"JPE. Reality - Jozef Pajer",1420.043333,0.6973592665
house,"partially renovated","okres Martin",3258.443158,"RE/MAX Slovakia",1282.500000,-0.6064071282
house,"partially renovated","okres Turčianske Teplice",962.295556,"Reality Alpia",326.460000,-0.6607487191
house,"partially renovated","okres Čadca",836.619189,"RK ANNA, s.r.o.",1218.750000,0.4567559722
house,"partially renovated","okres Kysucké Nové Mesto",1213.922000,"TUreality s.r.o.",737.380000,-0.3925639374
house,"partially renovated","okres Žilina",1231.615439,"StorkReal s. r. o.",1072.523333,-0.1291735236
house,"partially renovated","okres Žilina",1231.615439,"HALO reality, s.r.o.",1355.360000,0.1004733759
house,"partially renovated","okres Čadca",836.619189,"Wealth Group, s.r.o.",NULL,NULL
house,"partially renovated","okres Žilina",1231.615439,"ŽILINAREAL, s.r.o.",1578.125000,0.2813455808
house,"development project","okres Liptovský Mikuláš",2893.910000,"Bosen Group s.r.o.",2893.910000,0.0000000000
