offer_id,property_type,area,price_m2,condition,position,floor,elevator,built_in,energy_certificate,north,south,east,west,location_district,location_city,location_area,agency,office_city
JuLecgRv95A,"3-room apartment",107,4196.26,"fully renovated","upper floor",19,yes,NULL,NULL,NULL,yes,yes,NULL,"okres Žilina",Žilina,Bôrik,"RES GROUP, s.r.o.",Žilina
JufbBHYx-coz,"1-room apartment",60,2716.67,"new construction","ground floor",NULL,NULL,2022,A,NULL,NULL,NULL,NULL,"okres Liptovský Mikuláš","Liptovský Mikuláš","Staré mesto","AstonReal s.r.o.","Banská Bystrica"
JusEglMU0v8,"3-room apartment",69,2013.04,unrenovated,"top floor",4,NULL,1979,"not available",NULL,yes,NULL,yes,"okres Martin",Martin,Jahodníky,"HD reality group s.r.o","Banská Bystrica"
JuHU9WStTAs,"3-room apartment",80,NULL,"fully renovated","upper floor",NULL,NULL,1980,NULL,NULL,NULL,NULL,NULL,"okres Martin",Necpaly,Necpaly,"B10 Slovensko, a. s.",Žilina
Ju-48631_aJ,"3-room apartment",63,2037.91,unrenovated,"top floor",10,NULL,1973,"not available",NULL,NULL,NULL,NULL,"okres Dolný Kubín","Dolný Kubín","Veľký Bysterec","RK Dalmia s. r. o.","Dolný Kubín"
Ju9d7v-lee8,"3-room apartment",106,2698.11,"new construction","top floor",4,NULL,2025,"not available",NULL,NULL,NULL,NULL,"okres Tvrdošín",Zuberec,Zuberec,"OREA, s.r.o.","Dolný Kubín"
JuvALHP6cN9,"2-room apartment",56,2446.43,"partially renovated","upper floor",3,NULL,1980,"not available",NULL,NULL,NULL,NULL,"okres Kysucké Nové Mesto","Kysucké Nové Mesto",Sídlisko,"Safe reality s. r. o.",Žilina
Jue47kLBSm8,"3-room apartment",202,1430.69,"new construction","upper floor",5,yes,NULL,NULL,NULL,NULL,NULL,NULL,"okres Čadca",Čadca,Centrum,"Vianema s.r.o.",Bratislava
Jui14FUG-ZO,"3-room apartment",76,NULL,"partially renovated",NULL,NULL,NULL,1980,"not available",NULL,NULL,NULL,NULL,"okres Turčianske Teplice",Rakša,Rakša,"TUreality s.r.o.",Žilina
JuFpZug_t62,"1-room apartment",31,3770.97,"new construction","upper floor",4,NULL,2023,A,NULL,yes,yes,NULL,"okres Kysucké Nové Mesto","Kysucké Nové Mesto",Kamence,"TRI LIPY, s. r. o.",Čadca
JuUnWH-g8Yz,"3-room apartment",109,2461.12,"new construction","upper floor",3,yes,2009,NULL,NULL,NULL,NULL,NULL,"okres Žilina",Žilina,"Staré mesto","Realitné kancelárie SR",Bratislava
JuV8a82JG_s,"4-room apartment",101,3560.27,"new construction",NULL,NULL,NULL,NULL,NULL,NULL,NULL,NULL,NULL,"okres Žilina",Žilina,"Staré mesto",NULL,NULL
JuvjDSTvTKy,"2-room apartment",45,3000.00,"fully renovated",attic,2,NULL,2022,"not available",NULL,NULL,yes,yes,"okres Bytča","Veľké Rovné","Veľké Rovné","GAMA Reality, s.r.o.",Bytča
JuXcyij9eMf_,"3-room apartment",67,4302.34,"new construction","upper floor",5,yes,2027,"not available",NULL,yes,NULL,yes,"okres Žilina",Žilina,"Staré mesto","Financial Hotels Management, s.r.o.",Žilina
JufYiP4E7Es,"3-room apartment",75,2265.33,"partially renovated",NULL,NULL,NULL,NULL,NULL,NULL,NULL,NULL,NULL,"okres Žilina",Žilina,Hliny,"ROMDOM, s. r. o",Žilina
JuKkjtqN4VW,"2-room apartment",56,3035.54,"fully renovated","upper floor",3,NULL,1900,"not available",NULL,NULL,NULL,NULL,"okres Martin",Martin,Stred,"RE/MAX Slovakia",Bratislava
JuH-SEIASle,"3-room apartment",69,2964.40,"under construction","top floor",8,NULL,2025,A,NULL,NULL,NULL,NULL,"okres Ružomberok",Ružomberok,Roveň,"ODEKO manažment s.r.o.",Žilina
Ju_7fjs1rDI,"2-room apartment",28,NULL,"new construction",attic,3,yes,2023,A,NULL,NULL,NULL,NULL,"okres Liptovský Mikuláš","Liptovský Mikuláš","Liptovská Mara - Tatralandia","RK SPIRIT s.r.o.","Liptovský Mikuláš"
JuO3IQpQk2Q,"2-room apartment",57,1664.91,"fully renovated","ground floor",1,NULL,NULL,NULL,NULL,NULL,NULL,NULL,"okres Čadca",Makov,Makov,"SLNOVRAT, s.r.o.",Olešná
JukCOBdi-HG,"3-room apartment",83,2769.88,"fully renovated","upper floor",6,NULL,1972,"not available",NULL,NULL,NULL,NULL,"okres Žilina",Žilina,Vlčince,"RIEŠIME BÝVANIE",Bratislava
JuCuiefKh4P,"4-room apartment",83,NULL,unrenovated,"upper floor",3,NULL,1969,"not available",yes,yes,yes,NULL,"okres Martin",Martin,Priekopa,Reality+,Žilina
JucFUY5N5xW,"3-room apartment",80,1687.50,"partially renovated","upper floor",4,yes,1970,B,yes,NULL,NULL,NULL,"okres Martin",Martin,Priekopa,"TARGETreal s. r. o.",Žilina
JuSPwAqNDjb,"2-room apartment",44,4137.93,"new construction","ground floor",1,NULL,2022,"not available",NULL,NULL,NULL,NULL,"okres Ružomberok",Ružomberok,Hrabovo,"OREA, s.r.o.","Dolný Kubín"
JujrtOK9Ltj,"3-room apartment",82,2242.68,unrenovated,"upper floor",2,NULL,1970,"not available",NULL,NULL,NULL,NULL,"okres Žilina",Žilina,"Staré mesto","Safe reality s. r. o.",Žilina
Ju2TzdFfXkg,"2-room apartment",60,NULL,"partially renovated","upper floor",3,NULL,1965,"not available",NULL,NULL,NULL,NULL,"okres Žilina",Žilina,"Staré mesto","Renovo Reality",Žilina
JuVO5WLrTZ3,"2-room apartment",60,2165.00,"partially renovated","upper floor",2,NULL,1970,"not available",NULL,NULL,NULL,NULL,"okres Kysucké Nové Mesto","Kysucké Nové Mesto",Sídlisko,"Safe reality s. r. o.",Žilina
JuC08OMa82u,"4-room apartment",163,2263.80,"new construction","top floor",4,NULL,2008,"not available",NULL,NULL,NULL,NULL,"okres Žilina",Žilina,Hájik,"RIEŠIME BÝVANIE",Bratislava
Jupw1bQT1Jh,"3-room apartment",89,2946.01,"new construction","upper floor",4,yes,2025,A,yes,yes,yes,yes,"okres Žilina",Žilina,Vlčince,"Reinoo a.s.",Žilina
JuFqSi2fYOk,"2-room apartment",53,2398.11,"fully renovated","ground floor",1,NULL,NULL,"not available",NULL,yes,yes,NULL,"okres Kysucké Nové Mesto","Kysucké Nové Mesto",Nábrežie,"HOLESTIAK.sk reality s.r.o.",Čadca
JuFv7NTgqug,"holiday apartment",46,1652.17,"fully renovated","ground floor",1,yes,2021,B,NULL,NULL,NULL,NULL,"okres Čadca",Makov,Makov,"Ing. Gerlinda Bérešová - Esti",Žilina
JuxZgQdKO7u,"2-room apartment",45,3082.22,"new construction","upper floor",4,NULL,NULL,NULL,NULL,NULL,NULL,NULL,"okres Bytča",Bytča,"Veľká Bytča","PRIMA reality s.r.o.",Žilina
Ju0iFsZ1mnv,"2-room apartment",38,3968.25,"new construction","ground floor",NULL,NULL,2024,NULL,NULL,NULL,NULL,NULL,"okres Liptovský Mikuláš","Liptovský Mikuláš","Liptovská Ondrašová","Bosen Group s.r.o.",Bratislava
JuN4KXjUyk-,"4-room apartment",105,NULL,"new construction","raised ground floor",1,NULL,2024,A,NULL,NULL,NULL,NULL,"okres Čadca",Čadca,Podzávoz,"JPE. Reality - Jozef Pajer",Čadca
JuWV1dgtiBd,"holiday apartment",22,4841.63,"new construction","ground floor",1,yes,2025,"not available",NULL,NULL,NULL,NULL,"okres Liptovský Mikuláš","Liptovský Mikuláš",Demänová,"Reality Alpia",Martin
Judmv08qh2A,"4-room apartment",120,1416.67,unrenovated,NULL,NULL,NULL,NULL,NULL,NULL,NULL,NULL,NULL,"okres Žilina",Žilina,"Staré mesto","RIEŠIME BÝVANIE",Bratislava
Ju_Lr-2Vc09,"1-room apartment",51,2941.18,"partially renovated","raised ground floor",NULL,NULL,2025,"not available",NULL,NULL,NULL,NULL,"okres Liptovský Mikuláš","Liptovský Hrádok",Dovalovo,"TUreality s.r.o.",Žilina
JubDtFpPZPz,"holiday apartment",37,4459.46,"under construction","ground floor",1,NULL,2025,"not available",NULL,NULL,NULL,NULL,"okres Turčianske Teplice","Turčianske Teplice",Stred,"Reality MT s.r.o.",Martin
Ju46Wlvz4BP,"2-room apartment",63,2170.32,"new construction","raised ground floor",1,NULL,2023,B,NULL,yes,NULL,yes,"okres Čadca",Čadca,Kyčerka,"Trioreality, s.r.o.",Čadca
Jus8fVVapj9,"3-room apartment",97,2714.34,"under construction","upper floor",2,yes,NULL,A,NULL,yes,yes,NULL,"okres Martin",Martin,Jahodníky,"CANGURU s.r.o.","Rajecké Teplice"
JurldwLKNhM,"1-room apartment",36,1916.67,"fully renovated","ground floor",1,NULL,1960,"not available",NULL,NULL,NULL,NULL,"okres Liptovský Mikuláš","Partizánska Ľupča","Partizánska Ľupča","A-Byt Consult, s.r.o.",Ružomberok
JulollxgJp5,"2-room apartment",71,2707.60,"under construction","upper floor",2,yes,2024,A,NULL,NULL,yes,NULL,"okres Martin",Martin,Jahodníky,"CANGURU s.r.o.","Rajecké Teplice"
JupBjnV0coU,"3-room apartment",85,NULL,"fully renovated","raised ground floor",NULL,NULL,1985,"not available",NULL,NULL,NULL,NULL,"okres Čadca",Raková,Raková,"1. Reality Rent, s.r.o.",Žilina
JuqAM-ZO9ir,"2-room apartment",55,3563.64,"new construction",NULL,NULL,NULL,NULL,A,NULL,NULL,NULL,NULL,"okres Liptovský Mikuláš","Malé Borové","Malé Borové",NULL,NULL
Ju5VjRRX_4J,"3-room apartment",NULL,NULL,"partially renovated",NULL,NULL,NULL,NULL,NULL,NULL,NULL,NULL,NULL,"okres Žilina",Žilina,Hliny,NULL,NULL
Juarr5O2upK,"1-room apartment",94,1420.21,"under construction","ground floor",1,yes,2025,A,yes,NULL,yes,NULL,"okres Kysucké Nové Mesto","Kysucké Nové Mesto",Kamence,"Istrofinal, s. r. o.",Žilina
JuXRtZdfweI,"4-room apartment",85,2189.35,"partially renovated","upper floor",3,yes,1981,B,NULL,NULL,yes,yes,"okres Martin",Martin,Ľadoveň,"Reality Center, s.r.o.",Martin
JuNZupA7Ru4,"2-room apartment",52,3082.34,"new construction","ground floor",1,NULL,2025,B,NULL,NULL,NULL,NULL,"okres Žilina","Rajecké Teplice","Rajecké Teplice","ŽILINAREAL, s.r.o.",Žilina
JumbMyGo4iI,"2-room apartment",58,3816.13,"fully renovated","ground floor",1,NULL,NULL,NULL,NULL,NULL,NULL,NULL,"okres Ružomberok",Bešeňová,Bešeňová,"RESIDENCE realitná kancelária","Liptovský Mikuláš"
JuaCjfZIx81,"2-room apartment",48,2908.31,"under construction","upper floor",3,NULL,2025,A,NULL,NULL,NULL,NULL,"okres Ružomberok",Ružomberok,Roveň,"ODEKO manažment s.r.o.",Žilina
JuUnD0myJmK,"2-room apartment",62,2576.57,"partially renovated","upper floor",2,yes,NULL,"not available",NULL,NULL,NULL,NULL,"okres Žilina",Žilina,Hájik,"Piata Avenue",Žilina
JuIP59md355,"4-room apartment",102,2812.66,"under construction","upper floor",7,NULL,2025,A,NULL,NULL,NULL,NULL,"okres Ružomberok",Ružomberok,Roveň,"ODEKO manažment s.r.o.",Žilina
JuIh9K2txJ3,"3-room apartment",144,1455.00,"new construction",NULL,NULL,NULL,NULL,A,NULL,NULL,NULL,NULL,"okres Námestovo",Zubrohlava,Zubrohlava,"BeMi realitná kancelária",Nitra
Jub5nNi4yTF,"2-room apartment",62,2887.10,"partially renovated","upper floor",6,NULL,1975,B,NULL,NULL,NULL,NULL,"okres Žilina",Žilina,Vlčince,"RIEŠIME BÝVANIE",Bratislava
Juqj8-BDIgQ,"3-room apartment",122,1614.75,"new construction","ground floor",1,yes,2024,A,NULL,NULL,NULL,NULL,"okres Námestovo","Oravské Veselé","Oravské Veselé","OREA, s.r.o.","Dolný Kubín"
JuQfQh_4sSF,"2-room apartment",84,NULL,"new construction","upper floor",4,NULL,2025,"not available",NULL,NULL,NULL,NULL,"okres Žilina",Žilina,Hliny,"MGM reality",Žilina
JujYXXx5gXi,"3-room apartment",169,3223.45,"new construction",NULL,NULL,NULL,NULL,NULL,NULL,NULL,NULL,NULL,"okres Žilina",Žilina,"Staré mesto",NULL,NULL
JugTLMsHTVi,"2-room apartment",52,2211.54,unrenovated,"upper floor",NULL,NULL,1970,NULL,NULL,NULL,NULL,NULL,"okres Martin",Martin,Podháj,"B10 Slovensko, a. s.",Žilina
Jul7be3Lkz5,"holiday apartment",26,4230.77,"new construction","ground floor",1,yes,2022,A,NULL,NULL,NULL,NULL,"okres Liptovský Mikuláš","Liptovský Mikuláš",Demänová,"RK SPIRIT s.r.o.","Liptovský Mikuláš"
JuPT1z2mBzV,"1-room apartment",36,3722.19,"partially renovated","upper floor",9,yes,1975,B,NULL,yes,yes,NULL,"okres Žilina",Žilina,Vlčince,"R2 SK, s.r.o.",Žilina
Ju4hZgzLszu,"2-room apartment",62,2000.00,"partially renovated",NULL,NULL,NULL,NULL,NULL,NULL,NULL,NULL,NULL,"okres Tvrdošín",Trstená,Trstená,NULL,NULL
JuKlHRPhAEF,"2-room apartment",57,2592.98,"fully renovated","upper floor",NULL,NULL,1900,"not available",NULL,NULL,NULL,yes,"okres Martin",Vrútky,"Horné Vrútky","HALO reality, s.r.o.",Prievidza
JuvFESSKGWN,"3-room apartment",86,1779.07,"partially renovated","upper floor",5,yes,2025,"not available",NULL,NULL,yes,NULL,"okres Martin",Vrútky,"Horné Vrútky","Reality D.P.A.",Martin
JusgW9odCAS,"4-room apartment",107,1488.76,unrenovated,"ground floor",1,NULL,1960,"not available",NULL,NULL,NULL,NULL,"okres Martin",Martin,Priekopa,Time4dreams,Nitra
Juvk9S_5ltU,"2-room apartment",54,2592.59,unrenovated,NULL,NULL,NULL,NULL,NULL,NULL,NULL,NULL,NULL,"okres Žilina",Žilina,Hliny,NULL,NULL
JuDCMQupxo0,"2-room apartment",59,NULL,"partially renovated","ground floor",1,yes,1980,"not available",NULL,NULL,NULL,NULL,"okres Tvrdošín",Tvrdošín,Medvedzie,"TUreality s.r.o.",Žilina
JufAeKZk5m-,"2-room apartment",55,2545.45,"partially renovated",NULL,NULL,NULL,NULL,"not available",NULL,NULL,NULL,NULL,"okres Žilina",Bitarová,Bitarová,"Direct Real, spol. s r.o.",Bratislava
JuNguQDV0Zn,"2-room apartment",52,2499.04,"fully renovated",NULL,NULL,NULL,NULL,"not available",NULL,NULL,NULL,NULL,"okres Liptovský Mikuláš","Liptovský Mikuláš",Podbreziny,"Direct Real, spol. s r.o.",Bratislava
JuKOtZwcbir-,"holiday apartment",28,3357.40,"fully renovated","upper floor",2,yes,2025,"not available",NULL,yes,yes,NULL,"okres Ružomberok",Ružomberok,Hrabovo,"Reality Alpia",Martin
JuMm4AW_gBf,"5+ room apartment",150,2326.67,"partially renovated","top floor",3,NULL,2000,"not available",NULL,yes,yes,NULL,"okres Žilina","Rajecké Teplice","Rajecké Teplice","Reality IQ, s.r.o.",Žilina
JuSYwKOlQ-6,"3-room apartment",NULL,NULL,"new construction",NULL,NULL,NULL,NULL,NULL,NULL,NULL,NULL,NULL,"okres Dolný Kubín","Dolný Kubín",NULL,"Nové bývanie",Nitra
JuZqtWo-t_S,"holiday apartment",29,4068.97,"new construction","upper floor",2,NULL,2020,A,NULL,NULL,yes,NULL,"okres Liptovský Mikuláš","Liptovský Mikuláš","Liptovská Mara - Tatralandia","Prvá Realitná Kancelária, s.r.o.",Bratislava
JuJCzmrTicR,"2-room apartment",40,3250.00,"new construction",NULL,NULL,NULL,NULL,NULL,NULL,NULL,NULL,NULL,"okres Martin",Martin,Záturčie,NULL,NULL
JumsfvMXhg-,"3-room apartment",67,2283.58,unrenovated,NULL,NULL,NULL,NULL,"not available",NULL,NULL,NULL,NULL,"okres Žilina",Žilina,Solinky,"Direct Real, spol. s r.o.",Bratislava
JuymkoAFG_6,"2-room apartment",60,2170.00,unrenovated,"upper floor",3,NULL,1975,B,NULL,yes,yes,NULL,"okres Kysucké Nové Mesto","Kysucké Nové Mesto",Sídlisko,"HOLESTIAK.sk reality s.r.o.",Čadca
JucOec67NRR,"1-room apartment",33,3030.30,unrenovated,"upper floor",NULL,NULL,NULL,NULL,NULL,NULL,NULL,NULL,"okres Tvrdošín",Nižná,Nižná,"Vianema s.r.o.",Bratislava
JuyOHLJxsdS,"3-room apartment",64,3031.25,"fully renovated","upper floor",3,yes,2000,"not available",NULL,NULL,NULL,NULL,"okres Žilina",Žilina,"Staré mesto","Local reality s. r. o.",Malinovo
Ju_yl2A922o,"2-room apartment",57,1366.67,unrenovated,NULL,NULL,NULL,NULL,NULL,NULL,NULL,NULL,NULL,"okres Turčianske Teplice","Turčianske Teplice",Stred,NULL,NULL
JuDoLB83xqT,"3-room apartment",78,1088.46,unrenovated,"upper floor",3,NULL,1900,B,NULL,NULL,NULL,NULL,"okres Liptovský Mikuláš",Malužiná,Malužiná,"HALO reality, s.r.o.",Prievidza
JuQvJ7BykSU,"2-room apartment",49,2222.00,unrenovated,"ground floor",1,yes,1970,"not available",NULL,NULL,NULL,NULL,"okres Martin",Martin,Sever,"WFG reality, s.r.o.",Žilina
JuHLqjLk9w7,"2-room apartment",63,2021.80,"fully renovated","ground floor",1,NULL,1980,"not available",NULL,NULL,NULL,NULL,"okres Čadca",Oščadnica,Oščadnica,"1. Reality Rent, s.r.o.",Žilina
Juhlf1Su_tu,"studio apartment",34,3702.94,"partially renovated","upper floor",2,NULL,2012,A,NULL,NULL,NULL,NULL,"okres Žilina",Žilina,Závodie,"RIEŠIME BÝVANIE",Bratislava
Ju4aGAgIjVo,"3-room apartment",80,NULL,"partially renovated","top floor",4,NULL,NULL,NULL,NULL,NULL,NULL,NULL,"okres Martin",Martin,Stred,"LIF REAL",Martin
Ju4nG9JDEKF,"3-room apartment",70,NULL,"partially renovated",NULL,NULL,NULL,1980,"not available",NULL,NULL,NULL,NULL,"okres Martin",Martin,Ľadoveň,"TUreality s.r.o.",Žilina
JuJrBHwvfXe,"holiday apartment",23,5217.39,"new construction","ground floor",1,yes,2016,A,NULL,NULL,NULL,yes,"okres Liptovský Mikuláš","Demänovská Dolina","Demänovská Dolina","AstonReal s.r.o.","Banská Bystrica"
JuVk3AeemQd,"3-room apartment",65,2845.34,"under construction","upper floor",2,yes,2025,A,yes,NULL,yes,NULL,"okres Kysucké Nové Mesto","Kysucké Nové Mesto",Kamence,"Istrofinal, s. r. o.",Žilina
JucIMMNEosV,"3-room apartment",67,1932.84,"partially renovated","top floor",3,NULL,1960,C,yes,NULL,NULL,NULL,"okres Ružomberok",Ružomberok,Baničné,"A-Byt Consult, s.r.o.",Ružomberok
Ju2EMTkOn53,"2-room apartment",61,3555.74,"new construction","upper floor",6,yes,2025,A,NULL,NULL,NULL,NULL,"okres Žilina",Žilina,Vlčince,"Reinoo a.s.",Žilina
JuYbhGZmbC7,"2-room apartment",49,974.66,unrenovated,"raised ground floor",1,NULL,2001,"not available",NULL,NULL,NULL,NULL,"okres Ružomberok","Liptovská Lúžna","Liptovská Lúžna","Obec Liptovská Lúžna","Liptovská Lúžna"
Ju59v0S7Gi9,"3-room apartment",77,1740.26,unrenovated,"upper floor",4,NULL,1990,"not available",NULL,NULL,NULL,NULL,"okres Liptovský Mikuláš","Liptovský Mikuláš",Podbreziny,"RK SPIRIT s.r.o.","Liptovský Mikuláš"
Ju4SvmwHoAg,"3-room apartment",72,2474.59,"new construction","upper floor",2,yes,NULL,NULL,NULL,NULL,NULL,NULL,"okres Ružomberok","Liptovská Teplá","Liptovská Teplá","FINREA - ak vám záleží na výsledku","Dolný Kubín"
JuNRFKe9B5N6,"4-room apartment",140,1863.00,"new construction","top floor",4,NULL,2026,A,NULL,NULL,NULL,NULL,"okres Martin",Sučany,Sučany,"TARGETreal s. r. o.",Žilina
JuG99-vnL8U,"4-room apartment",212,NULL,"new construction","top floor",4,yes,2021,A,NULL,NULL,NULL,NULL,"okres Martin",Martin,Košúty,"Reality Alpia",Martin
JuvzAFSDr4x,"3-room apartment",110,NULL,"new construction","upper floor",NULL,NULL,NULL,A,NULL,NULL,NULL,NULL,"okres Žilina",Žilina,Bôrik,"Realitná kancelária",Bratislava
Jul_OGhX8QT,"3-room apartment",60,2833.33,"partially renovated","upper floor",2,yes,NULL,"not available",NULL,yes,NULL,yes,"okres Ružomberok",Ružomberok,Hrabovo,"Piešťany Reality",Piešťany
Ju7UFzA6VtL,"2-room apartment",53,3903.77,"new construction","top floor",4,yes,2025,"in preparation",NULL,yes,yes,NULL,"okres Žilina",Žilina,"Staré mesto","WFG reality, s.r.o.",Žilina
Ju4Vd5pUjXm,"3-room apartment",65,2307.68,"partially renovated",NULL,NULL,NULL,NULL,"not available",NULL,NULL,NULL,NULL,"okres Liptovský Mikuláš","Liptovský Mikuláš","Staré mesto","Direct Real, spol. s r.o.",Bratislava
JuA1jb9HH8o,"2-room apartment",56,2259.79,"partially renovated","top floor",13,yes,2025,"not available",NULL,NULL,NULL,NULL,"okres Ružomberok",Ružomberok,"Staré mesto","Reality Alpia",Martin
Ju9k2e7JWOr,"1-room apartment",38,2236.84,"partially renovated","upper floor",3,NULL,1975,"not available",NULL,NULL,NULL,NULL,"okres Martin",Turany,Turany,"Like Reality s.r.o.","Považská Bystrica"
JuXNm9NwSwi,"3-room apartment",75,2932.00,"new construction","upper floor",4,NULL,2013,B,NULL,NULL,NULL,NULL,"okres Žilina",Žilina,Hájik,"MGM reality",Žilina
JuOnQ9rym-h,"4-room apartment",87,2517.24,"partially renovated","upper floor",3,NULL,1968,"not available",NULL,NULL,NULL,NULL,"okres Žilina",Žilina,"Staré mesto","RIEŠIME BÝVANIE",Bratislava
JuFNpzHutiG,"3-room apartment",65,2569.23,"partially renovated","raised ground floor",NULL,NULL,1980,"not available",NULL,NULL,NULL,NULL,"okres Žilina",Žilina,Hliny,"TUreality s.r.o.",Žilina
JuZ8UmPHnMd,"2-room apartment",59,1895.12,"fully renovated","ground floor",1,NULL,1940,A,NULL,NULL,NULL,NULL,"okres Čadca",Staškov,Staškov,"SLNOVRAT, s.r.o.",Olešná
JuWLCChouGh,"3-room apartment",102,1960.78,"new construction","raised ground floor",3,NULL,2025,A,NULL,NULL,NULL,NULL,"okres Martin",Sučany,Sučany,"TARGETreal s. r. o.",Žilina
JuS6qI_HXQ_,"4-room apartment",88,2670.34,"partially renovated","top floor",2,NULL,1979,"not available",NULL,NULL,NULL,NULL,"okres Žilina",Žilina,Bôrik,"1. Reality Rent, s.r.o.",Žilina
JuvIFSCKDaN,"2-room apartment",63,NULL,"fully renovated","ground floor",NULL,NULL,1980,"not available",NULL,NULL,NULL,NULL,"okres Martin",Martin,Priekopa,"TUreality s.r.o.",Žilina
JuJITXm9Zsf,"3-room apartment",66,NULL,"fully renovated","upper floor",2,NULL,1981,"not available",yes,NULL,NULL,NULL,"okres Liptovský Mikuláš","Liptovská Kokava","Liptovská Kokava","ARBIZ real estate & finance s. r. o.",Ružomberok
JueaFakyLvY,"3-room apartment",83,3628.76,"development project","upper floor",3,yes,2022,A,NULL,NULL,NULL,NULL,"okres Žilina",Žilina,"Staré mesto","KORSO Project, s.r.o.",Žilina
Ju1F-eiNHx4,"3-room apartment",85,2694.12,"fully renovated","top floor",4,NULL,1970,"not available",yes,yes,yes,yes,"okres Žilina",Žilina,"Staré mesto","RIEŠIME BÝVANIE",Bratislava
JuL3MT7o1WL,"2-room apartment",60,2331.67,"fully renovated","upper floor",2,NULL,NULL,NULL,NULL,NULL,NULL,NULL,"okres Martin",Martin,Stred,"Realitná kancelária",Bratislava
JuhigkHR5x2,"4-room apartment",320,NULL,"new construction","top floor",2,yes,2022,A,NULL,NULL,NULL,NULL,"okres Liptovský Mikuláš","Demänovská Dolina","Demänovská Dolina","Occam New Home",Bratislava
Ju5eub1EsyB,"3-room apartment",100,NULL,"new construction","upper floor",6,yes,2010,"not available",NULL,NULL,NULL,NULL,"okres Žilina",Žilina,Bôrik,"Gro & Partners",Žilina
JuDetN4gLGy,"holiday apartment",43,5232.56,"new construction","ground floor",1,NULL,2019,B,NULL,NULL,NULL,NULL,"okres Liptovský Mikuláš","Demänovská Dolina","Demänovská Dolina","Tatra Invest",Podtureň
JuxJN0jj6xv,"1-room apartment",34,3414.06,"new construction","ground floor",1,NULL,2025,A,NULL,NULL,yes,NULL,"okres Martin",Martin,Tomčany,"Reality AK, spol. s r.o.",Martin
Ju9zHP-4dng,"3-room apartment",61,2868.85,"partially renovated","ground floor",1,yes,1900,"not available",NULL,NULL,NULL,NULL,"okres Liptovský Mikuláš","Liptovský Mikuláš",Podbreziny,"HALO reality, s.r.o.",Prievidza
JuTy8iCXD6j,"2-room apartment",51,3357.41,"new construction","ground floor",1,NULL,1900,A,yes,NULL,NULL,yes,"okres Martin",Martin,Tomčany,"Reality AK, spol. s r.o.",Martin
JuGJ3bcseaG,"1-room apartment",41,2341.22,"partially renovated","ground floor",1,NULL,1975,"not available",NULL,NULL,yes,NULL,"okres Čadca",Čadca,Žarec,"Renovo Reality",Žilina
JuI3iwt9MRR,"studio apartment",25,3996.00,"new construction","upper floor",2,NULL,2020,"in preparation",NULL,NULL,yes,NULL,"okres Dolný Kubín","Dolný Kubín",Brezovec,"OREA, s.r.o.","Dolný Kubín"
JumSU3uP1r7,"holiday apartment",49,3000.00,"partially renovated",NULL,NULL,NULL,NULL,NULL,NULL,NULL,NULL,NULL,"okres Čadca",Oščadnica,Oščadnica,NULL,NULL
JuCyeszuCeF,"3-room apartment",65,1723.08,unrenovated,NULL,NULL,NULL,NULL,NULL,NULL,NULL,NULL,NULL,"okres Čadca",Čadca,"Sídlisko 3",NULL,NULL
JuDZ3hA20uQ,"4-room apartment",100,1831.83,"partially renovated",NULL,NULL,NULL,2024,"not available",NULL,NULL,NULL,NULL,"okres Dolný Kubín",Zázrivá,Zázrivá,"TUreality s.r.o.",Žilina
Ju1Cm4LoVXM,"studio apartment",123,1815.80,"new construction",NULL,NULL,NULL,NULL,NULL,NULL,NULL,NULL,NULL,"okres Ružomberok",Ružomberok,"Staré mesto",NULL,NULL
JuOOVFGvzwX,"2-room apartment",62,2731.71,"new construction","upper floor",2,NULL,2024,"not available",NULL,yes,NULL,yes,"okres Ružomberok","Liptovská Teplá","Liptovská Teplá",Limaxreal,"Liptovský Mikuláš"
JuuuYAHYGX8,"2-room apartment",60,2716.67,"development project",NULL,NULL,NULL,NULL,NULL,NULL,NULL,NULL,NULL,"okres Dolný Kubín","Dolný Kubín",Brezovec,NULL,NULL
Ju5R24o6GQR,"3-room apartment",74,2094.10,unrenovated,"upper floor",4,NULL,1980,"not available",NULL,NULL,NULL,NULL,"okres Dolný Kubín","Dolný Kubín",Brezovec,"RK Dalmia s. r. o.","Dolný Kubín"
Ju8_AnIgnrX,"2-room apartment",57,2092.05,"partially renovated","raised ground floor",4,yes,1982,"not available",NULL,NULL,NULL,NULL,"okres Čadca",Čadca,Žarec,"MENÍME BÝVANIE",Čadca
Juo19uqWHqv,"3-room apartment",85,2088.24,"fully renovated","upper floor",4,yes,1970,"not available",NULL,NULL,NULL,NULL,"okres Martin",Vrútky,"Horné Vrútky","Reality MT s.r.o.",Martin
JuEVg7e9gge,"3-room apartment",72,2070.11,unrenovated,"upper floor",2,yes,1960,"not available",NULL,NULL,NULL,NULL,"okres Martin",Martin,Záturčie,"R2 SK, s.r.o.",Žilina
Juv94EKwgh6,"3-room apartment",73,2730.50,"new construction","ground floor",1,yes,2024,"not available",NULL,NULL,NULL,NULL,"okres Ružomberok","Liptovská Teplá","Liptovská Teplá","AstonReal s.r.o.","Banská Bystrica"
JuhxRDKuEfi,"2-room apartment",58,2620.69,"new construction","ground floor",1,NULL,2024,A,NULL,NULL,NULL,NULL,"okres Ružomberok","Liptovská Teplá","Liptovská Teplá",donidDevelop,"Dolný Kubín"
JuRJykTdszG,"4-room apartment",150,1799.33,"fully renovated",NULL,NULL,NULL,NULL,"not available",NULL,NULL,NULL,NULL,"okres Martin",Sučany,Sučany,"JKV REAL",Prievidza
JuDJ_hnDscM,"2-room apartment",60,2331.67,"fully renovated","upper floor",2,NULL,NULL,NULL,NULL,NULL,NULL,NULL,"okres Martin",Martin,Stred,"Realitná kancelária",Bratislava
JulzEF1iR1R,"2-room apartment",70,2234.96,"fully renovated","ground floor",1,NULL,1960,"not available",NULL,NULL,NULL,NULL,"okres Žilina",Žilina,"Staré mesto","ŽILINAREAL, s.r.o.",Žilina
Jus2f1I5Shb,"3-room apartment",68,2426.47,"partially renovated",NULL,NULL,NULL,1970,"not available",NULL,NULL,NULL,NULL,"okres Žilina",Žilina,Hliny,"MGM reality",Žilina
Ju12shpSBga,"3-room apartment",62,4369.64,"new construction","top floor",3,NULL,NULL,A,NULL,NULL,NULL,NULL,"okres Liptovský Mikuláš","Liptovský Mikuláš",Demänová,"RESIDENCE realitná kancelária","Liptovský Mikuláš"
JuXnw8EKWYI,"3-room apartment",93,3376.34,"new construction",NULL,NULL,NULL,NULL,A,NULL,NULL,NULL,NULL,"okres Žilina",Žilina,"Staré mesto","RS Mansory s.r.o.",Bratislava
JuJM07aUO0O,"5+ room apartment",100,2990.00,"partially renovated","upper floor",6,yes,1976,"not available",NULL,NULL,NULL,NULL,"okres Žilina",Žilina,Hliny,"RIEŠIME BÝVANIE",Bratislava
JuVtdEgquxp,"3-room apartment",74,2067.57,"new construction","upper floor",3,NULL,2015,"not available",NULL,NULL,yes,yes,"okres Dolný Kubín","Dolný Kubín",Brezovec,"OREA, s.r.o.","Dolný Kubín"
JuP6qyzD4rb,"holiday apartment",40,3997.50,"new construction","upper floor",2,NULL,NULL,NULL,NULL,NULL,NULL,NULL,"okres Liptovský Mikuláš","Liptovský Mikuláš",Demänová,"RK SPIRIT s.r.o.","Liptovský Mikuláš"
JuP-xJVwuxh,"3-room apartment",77,1708.73,"new construction","ground floor",1,NULL,2020,NULL,NULL,NULL,NULL,NULL,"okres Martin","Košťany nad Turcom","Košťany nad Turcom","B10 Slovensko, a. s.",Žilina
JuxYMJGR4NW,"1-room apartment",45,2125.28,"partially renovated","upper floor",2,NULL,1993,"not available",NULL,NULL,NULL,yes,"okres Ružomberok",Ružomberok,Baničné,"OVERENÉ REALITY","Banská Bystrica"
Jubx4f_wHQY,"3-room apartment",87,NULL,unrenovated,"raised ground floor",NULL,NULL,NULL,NULL,NULL,yes,NULL,yes,"okres Žilina",Žilina,Vlčince,"RK4 REALITY",Bratislava
JuBjT8MmAiR,"3-room apartment",65,2874.81,"under construction","upper floor",2,yes,2025,A,yes,NULL,yes,NULL,"okres Kysucké Nové Mesto","Kysucké Nové Mesto",Kamence,"Istrofinal, s. r. o.",Žilina
Ju8qAJxGCh0,"3-room apartment",64,NULL,"partially renovated",NULL,NULL,NULL,NULL,NULL,NULL,NULL,NULL,NULL,"okres Martin",Martin,Záturčie,"Mgr. Silvia Lukáčová - RealPoint",Martin
Ju-DovddXIY,"2-room apartment",71,1901.41,unrenovated,"upper floor",4,NULL,1900,"not available",NULL,NULL,NULL,NULL,"okres Liptovský Mikuláš","Liptovský Mikuláš","Vrbica - Nábrežie","RE/MAX Slovakia",Bratislava
Jum2zoM9dK0,"2-room apartment",60,3731.67,"new construction","upper floor",6,yes,2024,A,NULL,NULL,NULL,NULL,"okres Žilina",Žilina,Vlčince,"Reinoo a.s.",Žilina
JuXQxA2vSe6,"2-room apartment",42,3785.71,"fully renovated","upper floor",5,yes,1987,"not available",NULL,NULL,NULL,NULL,"okres Žilina",Žilina,Vlčince,"EASY centrum bývania, s.r.o.",Žilina
Jufd89QZCSO,"holiday apartment",NULL,NULL,"new construction",NULL,NULL,NULL,NULL,NULL,NULL,NULL,NULL,NULL,"okres Liptovský Mikuláš","Pavčina Lehota","Pavčina Lehota","PASS Reality, s.r.o.",Bratislava
Ju2hVjHchsA,"2-room apartment",47,2902.19,"new construction","upper floor",3,yes,2025,A,NULL,NULL,yes,NULL,"okres Martin",Martin,Stred,"Buby reality, s.r.o.",Žilina
Ju9Zm5FKDvx,"2-room apartment",58,2929.31,"fully renovated","ground floor",2,NULL,1969,NULL,NULL,NULL,NULL,NULL,"okres Žilina",Žilina,Hliny,"Realitná kancelária RED, s.r.o.",Žilina
Ju_q6RS-fKo,"3-room apartment",118,1948.31,"new construction","top floor",4,NULL,2024,"in preparation",NULL,NULL,NULL,NULL,"okres Námestovo","Oravské Veselé","Oravské Veselé","OREA, s.r.o.","Dolný Kubín"
Jukc07qMxPz,"2-room apartment",55,3543.64,"new construction","top floor",3,NULL,2025,NULL,NULL,NULL,NULL,NULL,"okres Žilina",Žilina,Bytčica,"Realitná kancelária RED, s.r.o.",Žilina
JuZPdvGyLq9,"3-room apartment",92,1956.41,"fully renovated",NULL,NULL,NULL,2010,"not available",NULL,NULL,NULL,NULL,"okres Žilina",Žilina,"Staré mesto","TUreality s.r.o.",Žilina
Ju8xVwtKo3R,"1-room apartment",NULL,NULL,unrenovated,NULL,NULL,NULL,NULL,NULL,NULL,NULL,NULL,NULL,"okres Námestovo",Námestovo,Stred,"BeMi realitná kancelária",Nitra
JuzzHVLtL7p,"3-room apartment",69,2246.36,"fully renovated","upper floor",6,yes,NULL,"not available",yes,NULL,yes,NULL,"okres Tvrdošín",Tvrdošín,Medvedzie,"Vianema s.r.o.",Bratislava
Ju7J-Smt48P,"2-room apartment",42,2988.10,"new construction","upper floor",2,NULL,2024,A,NULL,NULL,NULL,NULL,"okres Tvrdošín",Trstená,Trstená,"RK SPIRIT s.r.o.","Liptovský Mikuláš"
JuRuuJuhfW8,"3-room apartment",85,1610.59,"partially renovated","upper floor",7,NULL,1980,"not available",NULL,NULL,NULL,yes,"okres Martin",Vrútky,"Horné Vrútky","Like Reality s.r.o.","Považská Bystrica"
JuZK70yldNu,"1-room apartment",39,3461.54,"new construction","ground floor",1,NULL,2020,A,yes,NULL,yes,yes,"okres Liptovský Mikuláš","Liptovský Mikuláš","Liptovská Mara - Tatralandia","OVERENÉ REALITY","Banská Bystrica"
JuzSqFzglhO,"3-room apartment",73,NULL,"new construction","upper floor",3,yes,2022,A,NULL,yes,NULL,yes,"okres Kysucké Nové Mesto","Kysucké Nové Mesto",Kamence,Reality+,Žilina
JuzmSjYalDj,"3-room apartment",87,1608.05,"partially renovated","upper floor",2,NULL,1989,"not available",NULL,NULL,yes,yes,"okres Martin",Vrútky,"Horné Vrútky","Like Reality s.r.o.","Považská Bystrica"
Ju6pkdVbtRp,"3-room apartment",71,NULL,"fully renovated","top floor",8,yes,1970,B,yes,NULL,NULL,NULL,"okres Ružomberok",Ružomberok,Klačno,"NajBývanie, s.r.o.",Ružomberok
JudnXUbr0fH,"2-room apartment",48,2304.82,"under construction","upper floor",2,yes,2024,"not available",NULL,NULL,NULL,NULL,"okres Liptovský Mikuláš",Východná,Východná,"REALITY TATRY",Levoča
JuBIZmW7FwQ,"3-room apartment",71,2422.54,"new construction",NULL,NULL,NULL,NULL,NULL,NULL,NULL,NULL,NULL,"okres Kysucké Nové Mesto","Kysucké Nové Mesto",Sídlisko,NULL,NULL
JuPDRHaKHGy,"2-room apartment",59,2830.51,"fully renovated","ground floor",1,NULL,1965,B,NULL,NULL,NULL,NULL,"okres Žilina",Žilina,Hliny,"ŽILINAREAL, s.r.o.",Žilina
JuD8hcoEgT4,"2-room apartment",74,3229.73,"new construction","top floor",6,NULL,2009,NULL,NULL,NULL,NULL,NULL,"okres Žilina",Žilina,Vlčince,"Realitná kancelária RED, s.r.o.",Žilina
JukBZSTP0a5,"2-room apartment",55,3180.00,"new construction","top floor",2,yes,2024,A,NULL,NULL,NULL,NULL,"okres Turčianske Teplice","Turčianske Teplice",Stred,"TARGETreal s. r. o.",Žilina
Ju1AcChzPhX,"3-room apartment",62,1912.90,"new construction","ground floor",1,NULL,NULL,"not available",NULL,NULL,NULL,NULL,"okres Liptovský Mikuláš","Vyšná Boca","Vyšná Boca","REALITY SPOLU",Bratislava
JuE-VhHgCax,"1-room apartment",22,5000.00,"fully renovated","ground floor",1,NULL,1970,"not available",NULL,NULL,NULL,NULL,"okres Žilina",Terchová,Terchová,"Bonjour real",Bučany
Ju6opeOUPUx,"2-room apartment",88,2272.73,unrenovated,"upper floor",NULL,NULL,NULL,NULL,NULL,NULL,NULL,NULL,"okres Žilina",Žilina,"Staré mesto","Realitné kancelárie SR",Bratislava
JunBxeMXtVv,"3-room apartment",73,1767.12,"partially renovated","ground floor",1,NULL,1978,B,NULL,NULL,NULL,NULL,"okres Bytča","Veľké Rovné","Veľké Rovné","RIEŠIME BÝVANIE",Bratislava
JufXt9veplf,"2-room apartment",45,NULL,"new construction","upper floor",NULL,NULL,2025,NULL,NULL,NULL,NULL,NULL,"okres Martin",Martin,Košúty,"B10 Slovensko, a. s.",Žilina
Ju1v-rz6S-g,"3-room apartment",64,2187.50,unrenovated,NULL,NULL,NULL,1980,"not available",NULL,NULL,NULL,NULL,"okres Žilina",Rajec,Rajec,"TUreality s.r.o.",Žilina
JuK8NkfUxDo,"3-room apartment",68,670.71,unrenovated,NULL,NULL,NULL,NULL,NULL,NULL,NULL,NULL,NULL,"okres Martin","Turčianska Štiavnička","Turčianska Štiavnička","LICITOR group, a.s.",Žilina
JuqqisVRKbE,"3-room apartment",65,NULL,"partially renovated","ground floor",1,NULL,1967,"in preparation",NULL,NULL,NULL,NULL,"okres Liptovský Mikuláš","Liptovský Mikuláš","Staré mesto","GERT , s.r.o.","Liptovský Mikuláš"
JupIznadChw,"3-room apartment",66,NULL,unrenovated,"upper floor",NULL,NULL,1960,NULL,NULL,NULL,NULL,NULL,"okres Martin",Martin,Stred,"B10 Slovensko, a. s.",Žilina
JuCtiU-W9oK,"3-room apartment",72,1897.08,"fully renovated","upper floor",6,NULL,1987,"not available",NULL,yes,yes,NULL,"okres Ružomberok",Ružomberok,Klačno,"BEEVAM, s.r.o.","Banská Bystrica"
JuQUQOdCbAJ,"4-room apartment",105,1904.75,unrenovated,"top floor",4,NULL,2024,"not available",NULL,NULL,NULL,NULL,"okres Žilina",Žilina,"Staré mesto","Reality IQ, s.r.o.",Žilina
JuJTUgZNUdL,"3-room apartment",72,1361.11,unrenovated,"upper floor",2,NULL,2025,"not available",NULL,NULL,NULL,NULL,"okres Martin",Turany,Turany,"Reality D.P.A.",Martin
JugdzCpEbZl,"2-room apartment",55,2543.42,"partially renovated",NULL,NULL,NULL,NULL,NULL,NULL,NULL,NULL,NULL,"okres Žilina",Žilina,Hliny,"KES - RV s.r.o.",Rožňava
JuJ1fx159Ms,"3-room apartment",65,1600.00,unrenovated,"ground floor",1,NULL,1970,"not available",NULL,NULL,NULL,NULL,"okres Čadca",Turzovka,Stred,OPENREALITY,Brno
JuUWRcxAAYr,"2-room apartment",67,1314.80,"fully renovated","ground floor",1,NULL,1900,B,NULL,NULL,NULL,NULL,"okres Liptovský Mikuláš","Liptovský Mikuláš","Staré mesto","KA Real","Banská Bystrica"
JucFSMwZ-YV,"3-room apartment",83,2479.24,"new construction","upper floor",6,yes,2015,B,NULL,yes,NULL,yes,"okres Martin",Martin,Priekopa,"Reality Center, s.r.o.",Martin
JuHBGisy5-E,"2-room apartment",68,2338.24,"partially renovated","upper floor",3,yes,2008,B,NULL,NULL,NULL,NULL,"okres Ružomberok",Ružomberok,Hrabovo,"NajBývanie, s.r.o.",Ružomberok
JuInv_n4G9P,"2-room apartment",39,5249.97,"development project","upper floor",2,NULL,2026,"not available",yes,NULL,yes,NULL,"okres Žilina",Žilina,"Staré mesto","Teraz, a.s.",Žilina
JuBnUuJa9ic,"2-room apartment",56,3894.16,"new construction","upper floor",5,yes,2024,"not available",NULL,NULL,yes,NULL,"okres Žilina",Žilina,"Staré mesto","Financial Hotels Management, s.r.o.",Žilina
Ju2txZynSMnS,"4-room apartment",88,2267.03,"fully renovated",NULL,NULL,NULL,1980,"not available",NULL,NULL,NULL,NULL,"okres Námestovo",Námestovo,Brehy,"TUreality s.r.o.",Žilina
Jucm4yaaOJ2,"3-room apartment",77,2463.35,"fully renovated","ground floor",1,NULL,2013,"not available",NULL,NULL,NULL,NULL,"okres Dolný Kubín","Dolný Kubín",Brezovec,"RK Dalmia s. r. o.","Dolný Kubín"
JuT9LmGMkpW,"holiday apartment",22,4540.91,"new construction","ground floor",1,NULL,2010,"not available",NULL,NULL,NULL,yes,"okres Liptovský Mikuláš","Liptovský Mikuláš",Demänová,jabyvam.sk,"Liptovský Mikuláš"
JuuOQAIf3eQ,"2-room apartment",64,3398.44,"new construction","upper floor",3,yes,2024,NULL,NULL,NULL,NULL,NULL,"okres Žilina",Žilina,"Staré mesto","WFG reality, s.r.o.",Žilina
JuhSIJae8jB,"holiday apartment",48,3229.17,"new construction",NULL,NULL,NULL,2022,A,NULL,NULL,NULL,NULL,"okres Liptovský Mikuláš",Smrečany,Smrečany,"Porto Real Group",Bratislava
Ju20KERTu8I,"2-room apartment",59,2118.64,unrenovated,"upper floor",NULL,NULL,NULL,"not available",NULL,NULL,yes,NULL,"okres Liptovský Mikuláš","Liptovský Mikuláš",Podbreziny,"RESIDENCE realitná kancelária","Liptovský Mikuláš"
Jumt5qe1Qm47,"2-room apartment",50,NULL,"partially renovated","ground floor",NULL,NULL,1986,"not available",NULL,NULL,NULL,NULL,"okres Ružomberok",Ružomberok,Klačno,"AstonReal s.r.o.","Banská Bystrica"
JuI6MQ6tc2T,"2-room apartment",59,3207.29,unrenovated,NULL,NULL,NULL,NULL,NULL,NULL,NULL,NULL,NULL,"okres Liptovský Mikuláš","Liptovský Mikuláš","Liptovská Mara - Tatralandia","BeMi realitná kancelária",Nitra
JuZdOmvD2ic,"4-room apartment",77,2892.94,"under construction","upper floor",2,yes,2025,A,NULL,yes,NULL,yes,"okres Kysucké Nové Mesto","Kysucké Nové Mesto",Kamence,"Istrofinal, s. r. o.",Žilina
JuQG3Tg2HJV,"holiday apartment",50,6900.00,"new construction","ground floor",1,yes,NULL,A,NULL,NULL,NULL,NULL,"okres Liptovský Mikuláš","Demänovská Dolina","Demänovská Dolina","RESIDENCE realitná kancelária","Liptovský Mikuláš"
JuT7xzp7Ax-,"2-room apartment",61,2313.88,"fully renovated","upper floor",2,NULL,1972,C,yes,NULL,NULL,NULL,"okres Martin",Martin,Stred,AZUR.RE,Bratislava
JuCgojI4KWH,"3-room apartment",74,1824.32,unrenovated,"upper floor",2,NULL,1970,B,NULL,NULL,NULL,NULL,"okres Čadca",Čadca,Žarec,"Trioreality, s.r.o.",Čadca
JukjSccuSX6,"2-room apartment",55,NULL,"fully renovated",NULL,NULL,NULL,1980,"not available",NULL,NULL,NULL,NULL,"okres Martin",Vrútky,NULL,"TUreality s.r.o.",Žilina
JuvuB2q_3M4,"holiday apartment",50,9662.18,"under construction","upper floor",3,yes,2025,A,NULL,NULL,NULL,yes,"okres Liptovský Mikuláš","Demänovská Dolina","Demänovská Dolina","Tatry mountain resorts, a.s.","Liptovský Mikuláš"
Jum788VaVl8,"1-room apartment",33,4148.48,"new construction","ground floor",1,yes,2025,"in preparation",NULL,yes,NULL,yes,"okres Žilina",Žilina,"Staré mesto","WFG reality, s.r.o.",Žilina
JuguMiG6Pot,"other apartment type",40,NULL,"new construction","added floor",2,yes,2026,A,yes,yes,yes,yes,"okres Žilina",Rajec,Rajec,"Euro Bauer s.r.o.",Žilina
JunSqXxyUya,"1-room apartment",33,4148.48,"new construction","ground floor",1,yes,2025,"in preparation",NULL,yes,NULL,yes,"okres Žilina",Žilina,"Staré mesto","WFG reality, s.r.o.",Žilina
Juzl0Ycup_I,"holiday apartment",56,5339.29,"fully renovated","top floor",4,NULL,2010,B,NULL,NULL,NULL,NULL,"okres Martin",Martin,"Martinské hole",donidDevelop,"Dolný Kubín"
JuMrpN3u-gh,"2-room apartment",47,3547.72,"under construction",NULL,NULL,NULL,2025,"not available",NULL,NULL,NULL,NULL,"okres Žilina",Žilina,Hájik,"Reality Alpia",Martin
Ju-seNslb4u,"2-room apartment",55,1818.18,"partially renovated","upper floor",3,NULL,1995,C,NULL,NULL,NULL,NULL,"okres Martin",Martin,Priekopa,"Realitná kancelária RED, s.r.o.",Žilina
JuddoVYZYie,"1-room apartment",27,2780.22,"new construction","upper floor",2,yes,2024,A,NULL,yes,NULL,yes,"okres Ružomberok","Liptovská Teplá","Liptovská Teplá",Limaxreal,"Liptovský Mikuláš"
Ju4lN_U1N_8,"3-room apartment",91,2610.51,"new construction","top floor",3,NULL,2023,A,NULL,yes,yes,NULL,"okres Liptovský Mikuláš","Liptovský Mikuláš",Stošice,"ARBIZ real estate & finance s. r. o.",Ružomberok
JuNQHesGhEl,"3-room apartment",65,2860.64,"under construction","upper floor",4,yes,2025,A,yes,NULL,yes,NULL,"okres Kysucké Nové Mesto","Kysucké Nové Mesto",Kamence,"Istrofinal, s. r. o.",Žilina
Juv6SZd0pv9,"3-room apartment",61,NULL,"fully renovated","top floor",2,NULL,1980,"not available",NULL,NULL,NULL,NULL,"okres Martin",Vrútky,NULL,"Reality AK, spol. s r.o.",Martin
Ju01CyxoHbS,"holiday apartment",47,4901.20,"development project","upper floor",4,yes,2023,B,NULL,NULL,NULL,NULL,"okres Žilina",Terchová,Terchová,"KORSO Project, s.r.o.",Žilina
JuQxdKNuhGj,"3-room apartment",85,2117.53,"partially renovated","ground floor",1,NULL,NULL,NULL,NULL,NULL,NULL,NULL,"okres Žilina",Žilina,"Staré mesto","Piata Avenue",Žilina
JuMc4nt1NbY,maisonette,119,2152.66,"new construction",attic,2,NULL,2022,A,NULL,NULL,NULL,NULL,"okres Liptovský Mikuláš","Liptovský Hrádok",Celiny,"RK SPIRIT s.r.o.","Liptovský Mikuláš"
Ju4N6fIAndO,"3-room apartment",68,2454.41,"new construction",NULL,NULL,NULL,2025,"not available",NULL,NULL,NULL,NULL,"okres Liptovský Mikuláš","Liptovský Mikuláš","Liptovská Ondrašová","TUreality s.r.o.",Žilina
JuiNHN3K-2n,"2-room apartment",41,1835.43,"fully renovated",NULL,NULL,NULL,NULL,NULL,NULL,NULL,NULL,NULL,"okres Čadca",Staškov,Staškov,"SLNOVRAT, s.r.o.",Olešná
JucceUznreI,"2-room apartment",54,2327.75,"partially renovated","upper floor",2,NULL,1970,B,NULL,NULL,NULL,yes,"okres Liptovský Mikuláš","Liptovský Mikuláš","Staré mesto","BEŇO REALITY","Liptovský Mikuláš"
JuCJs2os-i-x,"1-room apartment",39,3166.02,"new construction","ground floor",1,yes,2025,A,NULL,NULL,yes,NULL,"okres Martin",Martin,Stred,"Buby reality, s.r.o.",Žilina
Ju3z3M9TPDa,"2-room apartment",52,3019.23,"new construction","ground floor",1,yes,2019,"not available",NULL,NULL,NULL,yes,"okres Žilina",Žilina,Závodie,"GAMA Reality, s.r.o.",Bytča
JuDxBcaveH8,"3-room apartment",85,1763.53,unrenovated,"top floor",7,yes,1990,"not available",NULL,NULL,yes,yes,"okres Martin",Vrútky,"Horné Vrútky","Reality Center, s.r.o.",Martin
Ju_5trjiiyY,"2-room apartment",49,3326.53,"partially renovated","raised ground floor",NULL,NULL,NULL,NULL,NULL,NULL,NULL,NULL,"okres Žilina",Žilina,Solinky,"Piata Avenue",Žilina
Juo9yc6U_zm,"3-room apartment",69,2231.88,"partially renovated","upper floor",6,yes,NULL,NULL,NULL,NULL,NULL,NULL,"okres Kysucké Nové Mesto","Kysucké Nové Mesto",Stred,"BeMi realitná kancelária",Nitra
JueZYUzuLYA,"1-room apartment",30,4300.00,"fully renovated","upper floor",2,NULL,2020,B,NULL,NULL,NULL,NULL,"okres Ružomberok",Bešeňová,Bešeňová,"OREA, s.r.o.","Dolný Kubín"
Juqo1hWp_Zj,"3-room apartment",78,NULL,"partially renovated",NULL,NULL,NULL,1980,"not available",NULL,NULL,NULL,NULL,"okres Martin",Martin,Stred,"TUreality s.r.o.",Žilina
JueVCjlarhT,"3-room apartment",77,NULL,unrenovated,"top floor",3,NULL,1975,"not available",NULL,yes,NULL,yes,"okres Tvrdošín",Nižná,Nižná,"HD reality group s.r.o","Banská Bystrica"
JuX7LFsuKfI,"2-room apartment",53,2235.85,"partially renovated","top floor",4,NULL,1968,B,NULL,NULL,NULL,NULL,"okres Kysucké Nové Mesto","Kysucké Nové Mesto",Nábrežie,"ROSA reality","Kysucké Nové Mesto"
Ju2PTXS03nR,"3-room apartment",73,1767.12,"partially renovated","raised ground floor",1,NULL,1978,B,NULL,NULL,NULL,NULL,"okres Bytča","Veľké Rovné","Veľké Rovné","RIEŠIME BÝVANIE",Bratislava
Ju1Fw0u3Cah,"3-room apartment",71,2042.25,unrenovated,NULL,NULL,NULL,NULL,"not available",NULL,NULL,NULL,NULL,"okres Liptovský Mikuláš","Liptovský Mikuláš","Vrbica - Nábrežie","Direct Real, spol. s r.o.",Bratislava
JuckFfec6yi,"3-room apartment",86,1981.35,"fully renovated","upper floor",2,NULL,2025,"not available",NULL,NULL,NULL,NULL,"okres Ružomberok",Ružomberok,"Staré mesto","Reality Alpia",Martin
JuiYPO6c35-,"4-room apartment",112,NULL,"partially renovated","top floor",2,NULL,2010,C,yes,NULL,NULL,yes,"okres Martin",Martin,Stráne,"Reality Center, s.r.o.",Martin
Jup8gJ48Fqt,"2-room apartment",53,4489.50,"new construction","upper floor",2,NULL,2023,A,NULL,NULL,NULL,NULL,"okres Žilina",Žilina,"Staré mesto","KORSO Project, s.r.o.",Žilina
Jub6sy4N9gp,"2-room apartment",39,4293.88,"under construction","upper floor",3,yes,2027,A,NULL,NULL,NULL,NULL,"okres Liptovský Mikuláš","Liptovský Mikuláš","Staré mesto","TATRA CITY RESIDENCE s. r. o.",Zvolen
Ju28AQVsAqz,"3-room apartment",NULL,NULL,"partially renovated",NULL,NULL,NULL,NULL,NULL,NULL,NULL,NULL,NULL,"okres Ružomberok",Ružomberok,Baničné,"RECLOUD Reality a.s.",Bratislava
JuuVvHxxC-m,"3-room apartment",66,2150.00,"partially renovated","upper floor",9,yes,1900,"not available",yes,NULL,yes,NULL,"okres Liptovský Mikuláš","Liptovský Mikuláš",Podbreziny,"HALO reality, s.r.o.",Prievidza
Jumr_ISbK0Z,"3-room apartment",75,3344.87,"under construction",NULL,NULL,NULL,2025,"not available",NULL,NULL,NULL,NULL,"okres Žilina",Žilina,Hájik,"Reality Alpia",Martin
JuxXBGk_4Zo,"1-room apartment",35,NULL,"partially renovated","upper floor",2,yes,1992,"not available",NULL,NULL,NULL,NULL,"okres Čadca",Turzovka,Stred,"Ing. Marcela Pišteková",Turzovka
JudTaFLI7V1,"1-room apartment",30,3152.54,"fully renovated","upper floor",2,NULL,1989,"not available",NULL,NULL,NULL,NULL,"okres Martin",Martin,Stred,"Reality AK, spol. s r.o.",Martin
JulUy_Gy-T7,"1-room apartment",36,2284.76,"fully renovated","ground floor",1,NULL,NULL,NULL,NULL,NULL,NULL,NULL,"okres Liptovský Mikuláš","Liptovský Mikuláš","Staré mesto","XEMAR realitná spoločnosť s.r.o.","Banská Bystrica"
JuTgtQtwGXl,"2-room apartment",60,2431.67,"fully renovated","upper floor",3,NULL,1970,"not available",NULL,NULL,NULL,NULL,"okres Martin",Martin,Sever,"RE/MAX Slovakia",Bratislava
JuAoUEm3GbZ,"3-room apartment",74,1486.49,unrenovated,"ground floor",1,yes,1975,C,NULL,NULL,NULL,NULL,"okres Martin",Martin,Ľadoveň,"ALT REAL, s.r.o.",Martin
JuZFiZ0fwgL,"2-room apartment",54,2944.44,"fully renovated","upper floor",7,yes,1980,"not available",NULL,NULL,yes,NULL,"okres Dolný Kubín","Dolný Kubín","Veľký Bysterec","AstonReal s.r.o.","Banská Bystrica"
JuH6sKr2JgO,"holiday apartment",28,3892.86,"new construction","ground floor",1,NULL,2022,A,NULL,NULL,NULL,NULL,"okres Liptovský Mikuláš","Demänovská Dolina","Demänovská Dolina","MK-CORP s.r.o.",Malacky
Ju34-Gac91u,"2-room apartment",49,4907.96,"fully renovated","ground floor",NULL,NULL,NULL,"not available",yes,NULL,yes,NULL,"okres Liptovský Mikuláš","Demänovská Dolina","Demänovská Dolina","BEDES | Realitná kancelária",Prievidza
Ju7lDmg4T0n,"holiday apartment",41,NULL,"new construction","ground floor",1,NULL,2023,A,NULL,NULL,NULL,NULL,"okres Liptovský Mikuláš","Liptovský Mikuláš","Liptovská Ondrašová","KRUPPKY, s.r.o.","Liptovský Mikuláš"
JuR7qWw7H0C,"3-room apartment",82,4200.00,"fully renovated",NULL,NULL,NULL,NULL,NULL,NULL,NULL,NULL,NULL,"okres Liptovský Mikuláš","Liptovský Mikuláš","Staré mesto",NULL,NULL
Ju6FesX3XoQ,"3-room apartment",65,1523.08,unrenovated,"ground floor",1,NULL,NULL,NULL,NULL,NULL,NULL,NULL,"okres Martin",Turany,Turany,"Realitná kancelária",Bratislava
JuTBls071FE,"holiday apartment",19,3815.79,"new construction","upper floor",NULL,NULL,2022,NULL,NULL,NULL,NULL,NULL,"okres Martin",Valča,Valča,"B10 Slovensko, a. s.",Žilina
JukANoj_iFm,"1-room apartment",25,NULL,"fully renovated","upper floor",2,NULL,NULL,NULL,NULL,NULL,NULL,NULL,"okres Liptovský Mikuláš","Demänovská Dolina","Demänovská Dolina","RESIDENCE realitná kancelária","Liptovský Mikuláš"
Juj0AUCC2FC,"3-room apartment",55,6090.91,"new construction","ground floor",1,NULL,2020,"not available",NULL,NULL,NULL,NULL,"okres Liptovský Mikuláš","Demänovská Dolina","Demänovská Dolina","DLUGO reality",Poprad
Juh1ylk55iy,"1-room apartment",28,NULL,"under construction","ground floor",1,yes,2023,A,NULL,NULL,NULL,NULL,"okres Liptovský Mikuláš","Liptovský Mikuláš","Liptovská Mara - Tatralandia","RK SPIRIT s.r.o.","Liptovský Mikuláš"
JupjDJ9XYhE,"holiday apartment",97,3804.12,"fully renovated","ground floor",1,NULL,NULL,G,NULL,NULL,NULL,NULL,"okres Ružomberok",Bešeňová,Bešeňová,"REALITY SPOLU",Bratislava
JuN-Pnp6KBM,"3-room apartment",65,1613.85,unrenovated,"top floor",3,NULL,1990,"not available",NULL,NULL,NULL,NULL,"okres Čadca",Turzovka,Stred,"Safe reality s. r. o.",Žilina
JuPcc0iMceY,"holiday apartment",39,3330.77,"new construction",NULL,NULL,NULL,NULL,NULL,NULL,NULL,NULL,NULL,"okres Ružomberok",Ružomberok,Hrabovo,"ARCHEUS Partners a.s.",Bratislava
JudyIRiA8kq,"holiday apartment",52,6730.77,"new construction","upper floor",7,NULL,2022,"not available",NULL,NULL,NULL,NULL,"okres Liptovský Mikuláš","Demänovská Dolina","Demänovská Dolina",ZEIRA,Bratislava
JuUZC8aojHf,"4-room apartment",163,NULL,"new construction","top floor",4,NULL,2023,"not available",NULL,NULL,NULL,NULL,"okres Turčianske Teplice","Turčianske Teplice",Stred,"Arvin & Benet",Bratislava
JuMZVzeIVRp,"holiday apartment",35,3547.60,"fully renovated",NULL,NULL,NULL,NULL,NULL,NULL,NULL,NULL,NULL,"okres Ružomberok",Ružomberok,Hrabovo,NULL,NULL
Ju892FRo72v,"4-room apartment",61,4734.43,"fully renovated",NULL,NULL,NULL,NULL,NULL,NULL,NULL,NULL,NULL,"okres Žilina",Žilina,"Staré mesto",NULL,NULL
JuODe5tlbwG,"4-room apartment",98,2244.90,"partially renovated","ground floor",1,NULL,NULL,C,NULL,NULL,NULL,NULL,"okres Martin",Martin,Priekopa,"FINREA - ak vám záleží na výsledku","Dolný Kubín"
JulQn0N46Be,"2-room apartment",49,4916.70,"development project","ground floor",1,yes,2025,"not available",NULL,NULL,NULL,NULL,"okres Žilina",Žilina,Bôrik,"ATP stavby s.r.o.","Teplička nad Váhom"
Ju1BpgSKaaX,"2-room apartment",63,1960.16,"partially renovated","upper floor",3,NULL,1974,"not available",NULL,NULL,NULL,NULL,"okres Čadca",Čadca,Žarec,"MGM reality",Žilina
JuVTyDRO6Fo,"4-room apartment",80,2000.00,"fully renovated",NULL,NULL,NULL,NULL,NULL,NULL,NULL,NULL,NULL,"okres Ružomberok",Ružomberok,Klačno,NULL,NULL
JueuOSIj-04,"3-room apartment",74,NULL,"partially renovated","top floor",4,NULL,NULL,NULL,NULL,NULL,NULL,yes,"okres Martin",Vrútky,"Horné Vrútky","Realitná kancelária",Bratislava
JutPVr1bWDy,"3-room apartment",67,1630.56,"partially renovated","upper floor",2,NULL,1975,"not available",NULL,NULL,NULL,NULL,"okres Liptovský Mikuláš",Pribylina,Pribylina,"OVERENÉ REALITY","Banská Bystrica"
JuuAb4gfi_M,"holiday apartment",45,2888.89,"partially renovated",NULL,NULL,NULL,NULL,NULL,NULL,NULL,NULL,NULL,"okres Tvrdošín","Suchá Hora","Suchá Hora",NULL,NULL
Ju90gNOpUS1,"3-room apartment",102,2692.80,"under construction","upper floor",2,yes,NULL,A,yes,NULL,NULL,yes,"okres Martin",Martin,Jahodníky,"CANGURU s.r.o.","Rajecké Teplice"
Ju1vHkMA9-i,"3-room apartment",92,2716.30,"new construction","ground floor",1,NULL,2024,"not available",NULL,NULL,NULL,NULL,"okres Dolný Kubín","Dolný Kubín",Stred,"RE/MAX Slovakia",Bratislava
Ju-a60L4yJH,"2-room apartment",52,4278.07,"new construction","upper floor",5,yes,NULL,A,NULL,NULL,NULL,NULL,"okres Dolný Kubín","Dolný Kubín",Brezovec,"FINREA - ak vám záleží na výsledku","Dolný Kubín"
JuWACwgZ0JW,"3-room apartment",84,1784.52,"partially renovated","upper floor",2,NULL,2025,B,NULL,NULL,NULL,NULL,"okres Bytča","Veľké Rovné","Veľké Rovné","Reality Alpia",Martin
JuhldTbf0YC,"3-room apartment",65,2272.06,"under construction","top floor",3,NULL,2025,A,NULL,NULL,NULL,NULL,"okres Martin",Sučany,Sučany,"Constario REALTY s.r.o.",Žilina
Ju-zlCEP8xA,"holiday apartment",46,7521.74,"new construction",NULL,NULL,NULL,NULL,NULL,NULL,NULL,NULL,NULL,"okres Liptovský Mikuláš","Demänovská Dolina","Demänovská Dolina","Nové bývanie",Nitra
JuyMZex0bdp,"2-room apartment",56,4464.29,"new construction","ground floor",1,NULL,2012,"not available",NULL,NULL,NULL,NULL,"okres Žilina",Žilina,Bôrik,"Renovo Reality",Žilina
Jux3XqE2ppP,"holiday apartment",43,6910.14,"new construction","upper floor",2,yes,NULL,NULL,NULL,NULL,NULL,NULL,"okres Liptovský Mikuláš","Demänovská Dolina","Demänovská Dolina","XEMAR realitná spoločnosť s.r.o.","Banská Bystrica"
JuCx6JHdbha,"2-room apartment",65,3336.92,"new construction","upper floor",4,yes,2025,A,NULL,NULL,NULL,NULL,"okres Žilina",Žilina,Vlčince,"Reinoo a.s.",Žilina
Jul4B6HJsMz,"holiday apartment",34,2791.18,"new construction","ground floor",1,NULL,2025,"not available",NULL,NULL,NULL,NULL,"okres Ružomberok",Bešeňová,Bešeňová,"MK-CORP s.r.o.",Malacky
JuITiNm8gMP,"2-room apartment",64,2796.88,"new construction",NULL,NULL,NULL,NULL,NULL,NULL,NULL,NULL,NULL,"okres Martin",Martin,Stred,NULL,NULL
JuZyhdrORR4,"2-room apartment",70,2690.44,"under construction","upper floor",2,yes,NULL,A,yes,NULL,NULL,yes,"okres Martin",Martin,Jahodníky,"CANGURU s.r.o.","Rajecké Teplice"
Jun_e5pu1kO,"3-room apartment",85,2928.24,"new construction","upper floor",3,yes,2025,A,yes,yes,yes,yes,"okres Žilina",Žilina,Vlčince,"Reinoo a.s.",Žilina
JuD2CR5HuKc,"1-room apartment",45,1540.00,"fully renovated",attic,2,NULL,1918,"not available",NULL,NULL,NULL,NULL,"okres Ružomberok",Ružomberok,Rybárpole,"A-Byt Consult, s.r.o.",Ružomberok
Ju4j49rCz8N,"3-room apartment",92,NULL,"partially renovated",NULL,NULL,NULL,NULL,NULL,NULL,NULL,NULL,NULL,"okres Ružomberok",Ružomberok,"Staré mesto",NULL,NULL
Ju5mXWZ29s_,"2-room apartment",54,1756.01,"fully renovated","ground floor",1,NULL,2025,"not available",NULL,NULL,NULL,NULL,"okres Ružomberok",Ružomberok,"Staré mesto","Reality Alpia",Martin
Jurvv0ZHBuR,"1-room apartment",NULL,NULL,"new construction",NULL,NULL,NULL,NULL,NULL,NULL,NULL,NULL,NULL,"okres Žilina",Žilina,Vlčince,"PSynchro RK32",Žilina
JuAxXn7nLOP,"2-room apartment",181,1240.83,"new construction","ground floor",1,NULL,2010,B,NULL,NULL,NULL,NULL,"okres Žilina",Žilina,Bôrik,"ŽILINAREAL, s.r.o.",Žilina
JuHpUtcCNg-,"3-room apartment",73,NULL,"new construction","upper floor",2,NULL,2023,A,NULL,NULL,NULL,yes,"okres Martin",Martin,Ľadoveň,"Financie a reality od A po Z",Martin
JuQIDFd_kHU,"holiday apartment",48,4989.12,"development project","ground floor",1,yes,2023,B,NULL,NULL,NULL,NULL,"okres Žilina",Terchová,Terchová,"KORSO Project, s.r.o.",Žilina
JudmgOWhHLZ1,"2-room apartment",61,1790.64,"fully renovated","top floor",2,NULL,1980,"not available",NULL,NULL,NULL,NULL,"okres Čadca",Staškov,Staškov,"SLNOVRAT, s.r.o.",Olešná
Ju0hF7AM_5h,"3-room apartment",65,2213.85,"partially renovated",NULL,NULL,NULL,NULL,NULL,NULL,NULL,NULL,NULL,"okres Čadca",Čadca,Kyčerka,NULL,NULL
JuEeA2GuHj3,"3-room apartment",97,1387.46,"partially renovated","upper floor",2,NULL,1960,"in preparation",yes,NULL,NULL,NULL,"okres Ružomberok",Ružomberok,Roveň,"A-Byt Consult, s.r.o.",Ružomberok
JuDDQHUehhw,"1-room apartment",52,2113.46,"partially renovated","raised ground floor",1,NULL,1980,"not available",NULL,NULL,NULL,NULL,"okres Turčianske Teplice","Turčianske Teplice",Stred,"TARGETreal s. r. o.",Žilina
Ju0xJVhINu5,"2-room apartment",55,NULL,"partially renovated","ground floor",NULL,NULL,1978,"not available",NULL,NULL,NULL,NULL,"okres Čadca",Turzovka,Stred,"1. Reality Rent, s.r.o.",Žilina
JuTiMVE781u,"3-room apartment",75,NULL,"partially renovated","top floor",NULL,NULL,1970,"not available",NULL,NULL,NULL,NULL,"okres Ružomberok","Liptovská Osada","Liptovská Osada","AstonReal s.r.o.","Banská Bystrica"
JuV9QF4vC1L,"3-room apartment",69,2246.38,"partially renovated","upper floor",2,yes,1970,"not available",NULL,yes,yes,NULL,"okres Martin",Martin,Stred,"Reality AK, spol. s r.o.",Martin
JumNtvscU-s,"holiday apartment",43,6910.14,"new construction","upper floor",2,yes,2023,A,NULL,NULL,NULL,NULL,"okres Liptovský Mikuláš","Demänovská Dolina","Demänovská Dolina","CreeX Reality s.r.o.",Trnava
JuSTl0QkI_h,"holiday apartment",68,2338.24,"partially renovated","upper floor",3,yes,2007,B,NULL,NULL,NULL,NULL,"okres Ružomberok",Ružomberok,Hrabovo,"NajBývanie, s.r.o.",Ružomberok
JuJZPVcldrZ,"4-room apartment",103,3143.08,"new construction","upper floor",3,yes,2024,A,NULL,NULL,NULL,NULL,"okres Žilina",Žilina,Vlčince,"HMS Services, a. s.",Žilina
JuSSppam0PC,"1-room apartment",34,3949.04,"new construction","upper floor",2,NULL,2027,A,NULL,NULL,NULL,NULL,"okres Liptovský Mikuláš","Liptovský Mikuláš","Staré mesto","TATRA CITY RESIDENCE s. r. o.",Zvolen
JucYBy-FPZ5,"2-room apartment",62,3418.15,"new construction","upper floor",5,yes,2025,A,NULL,NULL,NULL,NULL,"okres Žilina",Žilina,Vlčince,"Reinoo a.s.",Žilina
JuTc88Wux9w,"2-room apartment",56,2017.86,"fully renovated","upper floor",3,NULL,1968,"not available",NULL,NULL,NULL,NULL,"okres Ružomberok",Ružomberok,Polík,"GARANT REALITY",Ružomberok
Ju-cD3Eglt7,"2-room apartment",48,2354.82,"under construction","upper floor",2,yes,2025,"not available",yes,NULL,NULL,yes,"okres Liptovský Mikuláš",Východná,Východná,"REALITY TATRY",Levoča
Jua8nBfq4pP,"4-room apartment",91,2065.93,"fully renovated","ground floor",1,NULL,1995,NULL,NULL,NULL,NULL,NULL,"okres Žilina",Strečno,Strečno,"Realitná kancelária RED, s.r.o.",Žilina
Ju5Yoj_C-t-,"2-room apartment",56,2946.43,"new construction",NULL,NULL,NULL,NULL,NULL,NULL,NULL,NULL,NULL,"okres Martin",Martin,Stred,NULL,NULL
Ju0FWK0oDmX,"1-room apartment",36,3931.19,"under construction",NULL,NULL,NULL,2025,A,NULL,NULL,NULL,NULL,"okres Žilina",Žilina,Hájik,"Reality Alpia",Martin
JucrRlUBTDv,"3-room apartment",75,NULL,"fully renovated","top floor",7,NULL,1970,"not available",NULL,NULL,NULL,NULL,"okres Čadca","Krásno nad Kysucou",NULL,"SLNOVRAT, s.r.o.",Olešná
JuXll0okDmg,"2-room apartment",52,4653.85,"new construction","ground floor",1,NULL,2025,A,NULL,NULL,NULL,NULL,"okres Žilina",Žilina,Bôrik,"Realitná kancelária RED, s.r.o.",Žilina
Ju8oShU9enl,"4-room apartment",84,1903.57,"partially renovated","upper floor",4,NULL,1975,B,NULL,NULL,NULL,NULL,"okres Bytča",Bytča,"Veľká Bytča","HALO reality, s.r.o.",Prievidza
JuOobPaFHGD,"2-room apartment",47,NULL,"new construction","top floor",5,yes,NULL,"not available",NULL,NULL,NULL,NULL,"okres Žilina",Kunerad,Kunerad,"JKV REAL",Prievidza
Ju6hdfe5kDA,"holiday apartment",51,10451.26,"under construction","upper floor",5,yes,2025,A,NULL,NULL,NULL,NULL,"okres Liptovský Mikuláš","Demänovská Dolina","Demänovská Dolina","Tatry mountain resorts, a.s.","Liptovský Mikuláš"
JukheJ1B1aD,"2-room apartment",76,5986.84,"new construction","upper floor",7,yes,NULL,A,NULL,NULL,NULL,NULL,"okres Liptovský Mikuláš","Demänovská Dolina","Demänovská Dolina","RESIDENCE realitná kancelária","Liptovský Mikuláš"
JuXvJNkXrX-,"holiday apartment",44,4291.85,"new construction","ground floor",1,NULL,2022,"not available",NULL,NULL,yes,yes,"okres Liptovský Mikuláš","Demänovská Dolina","Demänovská Dolina","Reality Now",Bratislava
JuARmayf-nL,"2-room apartment",62,NULL,"partially renovated",NULL,NULL,NULL,2025,"not available",NULL,NULL,NULL,NULL,"okres Žilina",Žilina,Hliny,"Reality Alpia",Martin
JueWH91Qt062,"holiday apartment",32,3093.75,"new construction","upper floor",2,NULL,2010,"not available",NULL,NULL,NULL,NULL,"okres Ružomberok",Ružomberok,Hrabovo,"DOMUM realitná spoločnosť s. r. o.","Nové Mesto nad Váhom"
JuaBQ-omPcs,"studio apartment",25,3080.00,unrenovated,"upper floor",NULL,NULL,NULL,NULL,NULL,NULL,NULL,NULL,"okres Martin",Martin,Sever,"Realitná kancelária",Bratislava
JuKfjwtr3uv,"3-room apartment",43,NULL,"fully renovated",NULL,NULL,NULL,NULL,NULL,NULL,NULL,NULL,NULL,"okres Dolný Kubín",Leštiny,Leštiny,"FINREA - ak vám záleží na výsledku","Dolný Kubín"
JuBgCxlwRO1,"3-room apartment",78,2397.44,unrenovated,"ground floor",1,NULL,2007,"in preparation",NULL,NULL,NULL,NULL,"okres Kysucké Nové Mesto","Kysucké Nové Mesto",Kamence,"Pro Real, s. r. o. realitná kancelária",Žilina
Juq8SVDOmLX,"2-room apartment",48,3208.33,"partially renovated",NULL,NULL,NULL,NULL,NULL,NULL,NULL,NULL,NULL,"okres Žilina",Žilina,Solinky,NULL,NULL
Ju8f4W9RYX2,"holiday apartment",41,5634.15,"new construction","ground floor",1,NULL,2025,A,NULL,yes,NULL,yes,"okres Liptovský Mikuláš","Demänovská Dolina","Demänovská Dolina","Tatra Invest",Podtureň
JuUrbdc3pDN,"2-room apartment",69,2413.75,"new construction","upper floor",2,NULL,2023,A,NULL,NULL,NULL,NULL,"okres Liptovský Mikuláš","Liptovský Hrádok",Celiny,"RK SPIRIT s.r.o.","Liptovský Mikuláš"
JucfuBBHTMn,"1-room apartment",36,2277.78,"fully renovated","upper floor",2,NULL,1900,"not available",NULL,NULL,NULL,NULL,"okres Liptovský Mikuláš","Liptovský Mikuláš","Staré mesto","KA Real","Banská Bystrica"
JuDyAq3LxaR,"2-room apartment",56,2053.57,unrenovated,"ground floor",1,NULL,1969,NULL,NULL,NULL,NULL,NULL,"okres Kysucké Nové Mesto","Kysucké Nové Mesto",Sídlisko,"Realitná kancelária RED, s.r.o.",Žilina
JuPoZE57z5D,"4-room apartment",123,2430.89,"fully renovated","upper floor",4,yes,NULL,NULL,NULL,NULL,NULL,NULL,"okres Žilina",Žilina,Vlčince,"RK4 REALITY",Bratislava
JuQ010q_mPp,"studio apartment",25,4719.60,"fully renovated","raised ground floor",1,NULL,1976,"not available",NULL,NULL,NULL,NULL,"okres Žilina",Žilina,Hliny,"House Real Žilina",Žilina
Ju2W2fwASSP,"3-room apartment",87,3049.48,"new construction",NULL,NULL,NULL,2025,"not available",NULL,NULL,NULL,NULL,"okres Dolný Kubín","Dolný Kubín",Brezovec,"TUreality s.r.o.",Žilina
Jun4cFPr-JJ,"2-room apartment",52,3212.07,"new construction","top floor",5,yes,2007,B,NULL,yes,yes,NULL,"okres Žilina",Žilina,Závodie,"R2 SK, s.r.o.",Žilina
JuU41-eIe2m,"4-room apartment",77,2905.85,"under construction","upper floor",3,yes,2025,A,NULL,yes,NULL,yes,"okres Kysucké Nové Mesto","Kysucké Nové Mesto",Kamence,"Istrofinal, s. r. o.",Žilina
JuC7FB5n3i0,"1-room apartment",32,2918.75,"new construction","top floor",3,yes,2024,A,NULL,NULL,NULL,NULL,"okres Tvrdošín",Trstená,Trstená,"RK SPIRIT s.r.o.","Liptovský Mikuláš"
JuL2CqQ6bTm,"2-room apartment",55,1617.27,"partially renovated",NULL,NULL,NULL,NULL,NULL,NULL,NULL,NULL,NULL,"okres Čadca",Turzovka,Stred,"BeMi realitná kancelária",Nitra
JudWcaYczoj,"studio apartment",25,2952.76,unrenovated,"upper floor",3,yes,NULL,NULL,NULL,NULL,yes,NULL,"okres Liptovský Mikuláš","Liptovský Mikuláš","Staré mesto","RESIDENCE realitná kancelária","Liptovský Mikuláš"
JuTaGlgOIm6,"4-room apartment",120,NULL,"new construction","top floor",NULL,NULL,NULL,NULL,NULL,NULL,NULL,NULL,"okres Liptovský Mikuláš","Demänovská Dolina","Demänovská Dolina","Occam New Home",Bratislava
JuF5BDGmyHN,"2-room apartment",69,2693.36,"under construction","upper floor",2,yes,2024,A,NULL,yes,yes,NULL,"okres Martin",Martin,Jahodníky,"CANGURU s.r.o.","Rajecké Teplice"
Ju-q6Oh2szF,"3-room apartment",60,2491.67,"new construction","top floor",5,NULL,2024,"not available",NULL,NULL,NULL,NULL,"okres Kysucké Nové Mesto","Kysucké Nové Mesto",Sídlisko,"Realitná kancelária DOM",Žilina
Ju4T4al4Vz1,"2-room apartment",70,2704.71,"under construction","upper floor",3,yes,NULL,A,yes,NULL,NULL,yes,"okres Martin",Martin,Jahodníky,"CANGURU s.r.o.","Rajecké Teplice"
JuU5AQijDSV,"2-room apartment",44,3937.73,"new construction","ground floor",1,NULL,2025,A,yes,NULL,yes,NULL,"okres Liptovský Mikuláš","Liptovský Mikuláš","Staré mesto",G-REAL,"Liptovský Mikuláš"
JuMBGx19jQm,"2-room apartment",55,2727.09,"fully renovated","upper floor",3,NULL,1900,"not available",NULL,NULL,NULL,NULL,"okres Martin",Martin,Stred,"RE/MAX Slovakia",Bratislava
JuhxKlECA3G,"4-room apartment",86,2677.02,"under construction","top floor",8,NULL,2025,A,NULL,NULL,NULL,NULL,"okres Ružomberok",Ružomberok,Roveň,"ODEKO manažment s.r.o.",Žilina
Ju9BdsvYTHj,"4-room apartment",100,5654.99,"development project","top floor",5,NULL,2026,"not available",NULL,NULL,NULL,NULL,"okres Žilina",Žilina,"Staré mesto","Teraz, a.s.",Žilina
Ju6Co8ebtz8,"4-room apartment",131,2557.25,"new construction","top floor",NULL,NULL,2011,NULL,NULL,NULL,NULL,NULL,"okres Žilina",Žilina,Hájik,"B10 Slovensko, a. s.",Žilina
Ju0fvkzNIT_,"3-room apartment",212,1792.45,"partially renovated",attic,6,yes,NULL,"not available",NULL,NULL,NULL,NULL,"okres Liptovský Mikuláš","Liptovský Mikuláš","Staré mesto","RESIDENCE realitná kancelária","Liptovský Mikuláš"
Ju4lV1--VGV,"3-room apartment",93,3361.88,"fully renovated","top floor",4,yes,1970,"not available",NULL,NULL,NULL,NULL,"okres Žilina",Žilina,"Staré mesto","Realitka pre každého",Žilina
JuuN3hIqf_p,"2-room apartment",61,2049.18,unrenovated,"upper floor",6,NULL,1986,"in preparation",NULL,NULL,yes,yes,"okres Liptovský Mikuláš","Liptovský Mikuláš",Podbreziny,"OVERENÉ REALITY","Banská Bystrica"
Jug3tmEab8dn,"3-room apartment",65,2261.54,"fully renovated",NULL,NULL,NULL,1980,"not available",NULL,NULL,NULL,NULL,"okres Liptovský Mikuláš","Liptovský Mikuláš",Podbreziny,"TUreality s.r.o.",Žilina
Ju0wXtJ_miO,"3-room apartment",82,4024.39,"new construction","top floor",3,NULL,2020,A,NULL,NULL,NULL,NULL,"okres Liptovský Mikuláš","Liptovský Mikuláš","Liptovská Mara - Tatralandia","Prvá Realitná Kancelária, s.r.o.",Bratislava
JuGN2-1NoX2,"2-room apartment",52,4056.31,"new construction","upper floor",4,yes,2025,A,NULL,NULL,NULL,NULL,"okres Žilina",Žilina,Vlčince,"Reinoo a.s.",Žilina
Ju_mj9AejcW,"3-room apartment",82,NULL,"partially renovated",attic,NULL,NULL,NULL,"not available",NULL,NULL,yes,NULL,"okres Martin",Martin,Priekopa,"RECLOUD Reality a.s.",Bratislava
Jul4sW3x805,"other apartment type",172,726.74,unrenovated,NULL,NULL,NULL,NULL,"not available",NULL,yes,yes,NULL,"okres Žilina",Žilina,"Staré mesto","WFG reality, s.r.o.",Žilina
Ju-1tp0yEDG,"3-room apartment",72,1527.78,"partially renovated","ground floor",1,yes,NULL,NULL,NULL,NULL,NULL,NULL,"okres Martin",Martin,Stred,"FINREA - ak vám záleží na výsledku","Dolný Kubín"
JuDeBuW3pN0,"3-room apartment",74,2669.46,"new construction","upper floor",2,yes,2025,A,NULL,NULL,NULL,NULL,"okres Martin",Martin,Jahodníky,"Buby reality, s.r.o.",Žilina
JuDjC6lbUrb,"2-room apartment",54,2740.92,"development project","upper floor",2,yes,2024,A,NULL,NULL,NULL,yes,"okres Ružomberok",Ružomberok,Baničné,"ODEKO manažment s.r.o.",Žilina
JukiyEnJ5hw,"4-room apartment",115,1956.52,"fully renovated","top floor",4,NULL,2006,NULL,NULL,NULL,NULL,NULL,"okres Žilina",Žilina,Hliny,"Realitná kancelária RED, s.r.o.",Žilina
Ju35wiOj2hS,"3-room apartment",88,2872.24,"new construction","upper floor",2,yes,2025,A,yes,yes,yes,yes,"okres Žilina",Žilina,Vlčince,"Reinoo a.s.",Žilina
JuIYGEaJFQ7,"2-room apartment",42,4500.00,"new construction","ground floor",1,NULL,2014,B,NULL,yes,NULL,yes,"okres Liptovský Mikuláš","Demänovská Dolina","Demänovská Dolina",G-REAL,"Liptovský Mikuláš"
JuK5fZIIPNG,"3-room apartment",80,2875.00,unrenovated,NULL,NULL,NULL,NULL,NULL,NULL,NULL,NULL,NULL,"okres Dolný Kubín","Dolný Kubín",Brezovec,NULL,NULL
JuFG7fBeyGR,"3-room apartment",69,NULL,"fully renovated","upper floor",NULL,NULL,1970,NULL,NULL,NULL,NULL,NULL,"okres Martin",Martin,Ľadoveň,"B10 Slovensko, a. s.",Žilina
JuKfm2wXtCP,"2-room apartment",41,4050.00,"new construction","ground floor",NULL,NULL,2024,NULL,NULL,NULL,NULL,NULL,"okres Žilina","Rajecké Teplice","Rajecké Teplice","B10 Slovensko, a. s.",Žilina
JufWdbgp6A3,"3-room apartment",102,1960.78,"new construction","raised ground floor",4,NULL,2025,A,NULL,NULL,NULL,NULL,"okres Martin",Martin,Stred,"TARGETreal s. r. o.",Žilina
Ju5fikmM7T5,"3-room apartment",75,NULL,"fully renovated","ground floor",1,NULL,2023,A,NULL,NULL,NULL,NULL,"okres Liptovský Mikuláš","Liptovský Mikuláš","Staré mesto","RK SPIRIT s.r.o.","Liptovský Mikuláš"
JuGV5aus1Gq,"3-room apartment",72,1943.06,unrenovated,"upper floor",10,yes,1981,"not available",NULL,NULL,NULL,NULL,"okres Kysucké Nové Mesto","Kysucké Nové Mesto",Kamence,"WFG reality, s.r.o.",Žilina
JuTVD1EJqzO,"2-room apartment",44,2909.63,"under construction","upper floor",2,NULL,2025,A,NULL,NULL,NULL,NULL,"okres Martin",Martin,Záturčie,"BENCONT DEVELOPMENT, a.s.",Bratislava
JuH7sCfx0Xw,"2-room apartment",53,1803.71,"fully renovated","ground floor",1,NULL,2024,"in preparation",NULL,NULL,NULL,NULL,"okres Čadca",Staškov,Staškov,"SLNOVRAT, s.r.o.",Olešná
Jux9NoUYkfu,"3-room apartment",89,1951.25,"development project","ground floor",1,yes,2024,A,yes,NULL,yes,NULL,"okres Ružomberok",Ružomberok,Baničné,"ODEKO manažment s.r.o.",Žilina
JuEE_KosY1x,"2-room apartment",86,2732.56,"new construction","upper floor",4,NULL,NULL,NULL,NULL,NULL,NULL,NULL,"okres Žilina",Žilina,"Staré mesto","Realitné kancelárie SR",Bratislava
JuYp1Zctty0,"2-room apartment",56,1875.00,"partially renovated",NULL,NULL,NULL,2025,"not available",NULL,yes,NULL,yes,"okres Martin",Turany,Turany,"Reality Alpia",Martin
Juwpt8fo8iw,"3-room apartment",64,2062.50,unrenovated,NULL,NULL,NULL,NULL,NULL,NULL,NULL,NULL,NULL,"okres Martin",Martin,Sever,"KARIN & PARTNERS, s.r.o.",Bratislava
Jut7vhqlQ5I,"2-room apartment",57,1928.07,unrenovated,"top floor",2,NULL,1957,"not available",yes,NULL,NULL,NULL,"okres Martin",Lipovec,Lipovec,"Like Reality s.r.o.","Považská Bystrica"
JubDyUATEXA,"4-room apartment",85,NULL,"partially renovated","upper floor",5,yes,2025,"not available",NULL,NULL,NULL,NULL,"okres Martin",Martin,Priekopa,"Reality D.P.A.",Martin
JuqdVslmKGx,"2-room apartment",55,2727.27,"under construction","raised ground floor",4,NULL,NULL,NULL,NULL,NULL,NULL,NULL,"okres Martin",Martin,Sever,"Realitné kancelárie SR",Bratislava
Ju1AWDIaxaK,"3-room apartment",85,NULL,"under construction","upper floor",3,yes,2025,"in preparation",NULL,NULL,NULL,NULL,"okres Ružomberok",Ružomberok,Roveň,"RK SPIRIT s.r.o.","Liptovský Mikuláš"
JuFQj_B37XO,"2-room apartment",45,3222.22,"partially renovated",NULL,NULL,NULL,NULL,NULL,NULL,NULL,NULL,NULL,"okres Žilina",Žilina,"Staré mesto","ROMDOM, s. r. o",Žilina
JuRxO-wu66d,"4-room apartment",83,2500.00,"fully renovated","upper floor",7,yes,1976,B,yes,yes,yes,yes,"okres Žilina",Žilina,Vlčince,"LAVENTURA s.r.o.",Žilina
Juq924pqMXb,"3-room apartment",86,1685.20,"partially renovated","raised ground floor",NULL,NULL,NULL,NULL,NULL,yes,NULL,yes,"okres Žilina","Horný Hričov","Horný Hričov","Buby reality, s.r.o.",Žilina
JuEVkw9ddDA,"3-room apartment",76,1820.32,"partially renovated","top floor",4,NULL,1990,"not available",NULL,NULL,NULL,NULL,"okres Martin",Martin,Stred,"Reality ASTORIA, s.r.o.",Martin
JumX8n0CV3C,"1-room apartment",39,3611.20,"under construction","upper floor",NULL,NULL,NULL,NULL,NULL,NULL,NULL,NULL,"okres Žilina",Žilina,Hájik,"Realitná kancelária",Bratislava
JuHfT6EkWLg,"2-room apartment",53,3737.83,"fully renovated","top floor",5,yes,2018,A,NULL,NULL,NULL,NULL,"okres Liptovský Mikuláš","Liptovský Mikuláš","Vrbica - Nábrežie","J.M.H. s.r.o.","Liptovský Hrádok"
JucNvh6xi3X,"4-room apartment",113,3802.29,"development project","upper floor",2,yes,2022,A,NULL,yes,yes,NULL,"okres Žilina",Žilina,"Staré mesto","KORSO Project, s.r.o.",Žilina
Jujveqa78vA,"3-room apartment",78,2410.26,"fully renovated","upper floor",2,NULL,1960,"not available",NULL,NULL,NULL,NULL,"okres Žilina",Žilina,"Staré mesto","ŽILINAREAL, s.r.o.",Žilina
JuSTaf-asxr,"3-room apartment",61,2129.51,unrenovated,"upper floor",5,yes,1900,B,NULL,yes,NULL,yes,"okres Liptovský Mikuláš","Liptovský Hrádok",Prekážka,"HALO reality, s.r.o.",Prievidza
JujKiw_LZU1,"3-room apartment",78,1535.48,unrenovated,"ground floor",1,NULL,NULL,NULL,NULL,NULL,NULL,NULL,"okres Kysucké Nové Mesto","Horný Vadičov","Horný Vadičov","RK4 REALITY",Bratislava
JueIY5hIK7c,"3-room apartment",74,3631.29,"new construction","upper floor",4,NULL,2025,A,yes,yes,yes,yes,"okres Žilina",Žilina,Vlčince,"Reinoo a.s.",Žilina
JubxOFYENrS,"holiday apartment",57,2738.52,"new construction",NULL,NULL,NULL,NULL,NULL,NULL,NULL,NULL,NULL,"okres Liptovský Mikuláš",Smrečany,Smrečany,"Pegas real s.r.o.",Bratislava
Julrxc4m4jW,"2-room apartment",50,3539.80,"fully renovated",NULL,NULL,NULL,NULL,"not available",NULL,NULL,NULL,NULL,"okres Žilina",Žilina,Solinky,"MGM reality",Žilina
Jugmk_Ze8Rz,"3-room apartment",75,2386.67,"fully renovated","top floor",4,NULL,2000,"not available",NULL,NULL,NULL,NULL,"okres Liptovský Mikuláš","Liptovský Mikuláš","Vrbica - Nábrežie","OVERENÉ REALITY","Banská Bystrica"
Ju3RyhBnxqn,"3-room apartment",77,6428.57,"new construction","ground floor",1,NULL,2020,"not available",NULL,NULL,NULL,NULL,"okres Liptovský Mikuláš","Demänovská Dolina","Demänovská Dolina","DLUGO reality",Poprad
Ju7JTdVZY88,"4-room apartment",77,2892.94,"under construction","upper floor",2,yes,2025,A,NULL,yes,NULL,yes,"okres Kysucké Nové Mesto","Kysucké Nové Mesto",Kamence,"Istrofinal, s. r. o.",Žilina
Juacbmz9XNp,"2-room apartment",68,1925.93,"fully renovated","upper floor",3,yes,2025,"not available",NULL,NULL,NULL,NULL,"okres Ružomberok",Ružomberok,Roveň,"Reality Alpia",Martin
JuWeCQ_05jp,"holiday apartment",175,NULL,"new construction","upper floor",7,yes,NULL,A,NULL,NULL,NULL,NULL,"okres Liptovský Mikuláš","Demänovská Dolina","Demänovská Dolina","RESIDENCE realitná kancelária","Liptovský Mikuláš"
Ju7dMBplPsC,"2-room apartment",54,3120.96,"under construction","upper floor",2,yes,2025,A,NULL,yes,NULL,yes,"okres Kysucké Nové Mesto","Kysucké Nové Mesto",Kamence,"Istrofinal, s. r. o.",Žilina
JuEJsd-IFWc,"2-room apartment",51,3934.15,"under construction","upper floor",3,yes,2027,A,NULL,NULL,NULL,NULL,"okres Liptovský Mikuláš","Liptovský Mikuláš","Staré mesto","TATRA CITY RESIDENCE s. r. o.",Zvolen
Jus-41FaUT-,"2-room apartment",48,2768.75,"fully renovated","upper floor",6,yes,1980,"not available",NULL,NULL,NULL,NULL,"okres Žilina",Žilina,"Staré mesto","Safe reality s. r. o.",Žilina
Jugd0CIH9AR,"3-room apartment",123,NULL,"new construction","upper floor",4,NULL,2025,"not available",NULL,NULL,NULL,NULL,"okres Žilina",Žilina,Hliny,"MGM reality",Žilina
JuULfuWRHXy,"2-room apartment",74,1270.27,unrenovated,"upper floor",3,NULL,1977,"not available",NULL,NULL,NULL,NULL,"okres Martin",Turany,Turany,"Reality D.P.A.",Martin
JuG0SlTwzlu,"4-room apartment",138,NULL,"new construction","upper floor",4,NULL,2025,"not available",NULL,NULL,NULL,NULL,"okres Žilina",Žilina,Hliny,"MGM reality",Žilina
JuzhJPXxvIr,"2-room apartment",665,NULL,"new construction","ground floor",1,NULL,2026,A,NULL,NULL,NULL,NULL,"okres Martin",Martin,Tomčany,"Reality AK, spol. s r.o.",Martin
Ju3GPN81c0G6,"5+ room apartment",180,1611.11,unrenovated,"top floor",4,NULL,2002,"not available",NULL,NULL,NULL,NULL,"okres Žilina",Žilina,"Staré mesto","Realitná kancelária DOM",Žilina
JupEyEEjkVM,"3-room apartment",69,2549.28,"fully renovated","upper floor",6,yes,2005,A,NULL,NULL,NULL,NULL,"okres Žilina",Žilina,Vlčince,"Jacek reality s. r. o.","Považská Bystrica"
Juo3yMu_z5E,"5+ room apartment",140,1407.14,unrenovated,NULL,NULL,NULL,NULL,C,NULL,NULL,NULL,NULL,"okres Martin",Martin,Stred,"RS Mansory s.r.o.",Bratislava
JueaMJQ3i3k,"3-room apartment",67,2149.10,"partially renovated",NULL,NULL,NULL,1980,"not available",NULL,NULL,NULL,NULL,"okres Tvrdošín",Tvrdošín,Medvedzie,"TUreality s.r.o.",Žilina
JukApNg-M8K,"3-room apartment",83,3674.58,"fully renovated",NULL,NULL,NULL,NULL,NULL,NULL,NULL,NULL,NULL,"okres Žilina",Žilina,"Malá Praha",NULL,NULL
Ju9y0Y4mbAj,"3-room apartment",85,NULL,"fully renovated","ground floor",1,NULL,2015,A,NULL,NULL,NULL,NULL,"okres Martin",Vrútky,"Horné Vrútky","GRAVITAS a. s.",Bratislava
JuLuLPY-Qsq,"2-room apartment",71,2309.43,"new construction","ground floor",1,yes,2025,A,NULL,NULL,NULL,NULL,"okres Martin",Martin,Stred,"Buby reality, s.r.o.",Žilina
JuMLTI5Qk7o,"holiday apartment",72,3180.56,"new construction","ground floor",1,NULL,2022,A,NULL,NULL,NULL,NULL,"okres Liptovský Mikuláš","Demänovská Dolina","Demänovská Dolina","MK-CORP s.r.o.",Malacky
JuRdtZI3MuC,"2-room apartment",50,NULL,"new construction","upper floor",3,NULL,2024,A,NULL,NULL,NULL,yes,"okres Liptovský Mikuláš",Ľubeľa,Ľubeľa,G-REAL,"Liptovský Mikuláš"
Ju5ImCNB76o,"4-room apartment",78,1923.06,"partially renovated",NULL,NULL,NULL,2017,"not available",NULL,NULL,NULL,NULL,"okres Kysucké Nové Mesto","Kysucké Nové Mesto",Kamence,"MGM reality",Žilina
Juxpt8YRG2_,"3-room apartment",73,1854.40,"partially renovated","top floor",8,yes,2025,"not available",NULL,NULL,NULL,NULL,"okres Ružomberok",Ružomberok,Baničné,"Reality Alpia",Martin
Ju4y_fscQPu,"3-room apartment",85,1645.88,"fully renovated","ground floor",1,NULL,NULL,NULL,NULL,NULL,NULL,NULL,"okres Martin",Vrútky,"Horné Vrútky","FINREA - ak vám záleží na výsledku","Dolný Kubín"
Juso4TLY6UW,"2-room apartment",50,2400.00,"fully renovated","top floor",7,yes,NULL,NULL,NULL,NULL,NULL,NULL,"okres Martin",Martin,Košúty,"FINREA - ak vám záleží na výsledku","Dolný Kubín"
JukGyJ3rkzi,"3-room apartment",73,NULL,"partially renovated","upper floor",NULL,NULL,NULL,NULL,NULL,NULL,NULL,NULL,"okres Čadca",Čadca,Kyčerka,"Realitná kancelária",Bratislava
JueH_k99MSI,"3-room apartment",71,NULL,"partially renovated","top floor",2,NULL,NULL,NULL,NULL,NULL,NULL,NULL,"okres Liptovský Mikuláš","Liptovský Mikuláš","Staré mesto","RESIDENCE realitná kancelária","Liptovský Mikuláš"
JuVD_m1Cal89,"2-room apartment",55,NULL,"partially renovated","ground floor",1,NULL,NULL,C,NULL,NULL,NULL,NULL,"okres Dolný Kubín",Istebné,Istebné,"FINREA - ak vám záleží na výsledku","Dolný Kubín"
Juh1ajbcNdb,"3-room apartment",68,1801.47,unrenovated,"top floor",4,NULL,1970,NULL,NULL,NULL,NULL,NULL,"okres Martin",Martin,Ľadoveň,"Realitná kancelária",Bratislava
JulVwlSvctK,"2-room apartment",60,4000.00,"new construction","upper floor",2,NULL,2020,A,NULL,NULL,NULL,yes,"okres Liptovský Mikuláš","Liptovský Mikuláš","Liptovská Mara - Tatralandia","Prvá Realitná Kancelária, s.r.o.",Bratislava
JuSBcLlOavm,"2-room apartment",50,3599.98,"new construction","top floor",4,yes,2018,A,NULL,NULL,NULL,NULL,"okres Žilina",Žilina,Hájik,"RIEŠIME BÝVANIE",Bratislava
JufTJtipeK4,"3-room apartment",65,2510.77,"fully renovated","upper floor",5,NULL,1984,"not available",NULL,NULL,NULL,NULL,"okres Martin",Martin,Ľadoveň,"Felicita Real s. r. o.",Martin
JuauRurLCyp,"2-room apartment",49,2924.49,"partially renovated","upper floor",NULL,NULL,NULL,NULL,NULL,NULL,NULL,NULL,"okres Žilina",Žilina,Hájik,"Realitné kancelárie SR",Bratislava
Ju3sbzAOfWW,"4-room apartment",81,1666.54,"partially renovated","top floor",NULL,NULL,1978,NULL,NULL,NULL,NULL,NULL,"okres Bytča","Veľké Rovné","Veľké Rovné","B10 Slovensko, a. s.",Žilina
Ju9DwSC6oJu,"2-room apartment",70,2142.86,"fully renovated","upper floor",2,NULL,1959,"not available",NULL,NULL,NULL,NULL,"okres Ružomberok",Ružomberok,Polík,"RK Dalmia s. r. o.","Dolný Kubín"
Ju1eGXbZzUb,"3-room apartment",60,2498.33,unrenovated,"upper floor",3,yes,1980,NULL,NULL,NULL,NULL,NULL,"okres Žilina",Žilina,Vlčince,"Wealth Group, s.r.o.","Nová Dedinka"
JuU7r63X4wA,"3-room apartment",70,2427.14,"fully renovated","upper floor",NULL,NULL,1978,A,NULL,NULL,NULL,NULL,"okres Liptovský Mikuláš","Liptovský Mikuláš",Podbreziny,"AstonReal s.r.o.","Banská Bystrica"
JuwIRVaQL-Z,"2-room apartment",46,3878.26,"new construction","upper floor",NULL,NULL,NULL,NULL,NULL,NULL,NULL,NULL,"okres Žilina",Fačkov,Fačkov,"Realitné kancelárie SR",Bratislava
JuZIrRq5Yby,"4-room apartment",85,1752.94,unrenovated,"ground floor",1,NULL,NULL,A,NULL,NULL,NULL,NULL,"okres Tvrdošín",Trstená,Trstená,"BeMi realitná kancelária",Nitra
Juzc7VOLXGcb,"3-room apartment",NULL,NULL,"fully renovated",NULL,NULL,NULL,NULL,NULL,NULL,NULL,NULL,NULL,"okres Čadca",Raková,Raková,"RECLOUD Reality a.s.",Bratislava
Juh069sIM8t,"4-room apartment",99,2386.97,"new construction","ground floor",NULL,NULL,2023,"not available",NULL,NULL,NULL,NULL,"okres Žilina",Žilina,Závodie,"TUreality s.r.o.",Žilina
JuHNiSC8Wtj,"holiday apartment",41,3878.05,"new construction","raised ground floor",1,yes,2022,A,NULL,NULL,NULL,NULL,"okres Liptovský Mikuláš","Demänovská Dolina","Demänovská Dolina","J.M.H. s.r.o.","Liptovský Hrádok"
JuMvD_EgmbK,"3-room apartment",60,4150.00,"fully renovated",NULL,NULL,NULL,NULL,NULL,NULL,NULL,NULL,NULL,"okres Žilina",Žilina,Hliny,"RIEŠIME BÝVANIE",Bratislava
Ju6MXg-E6En,"1-room apartment",38,3145.39,"new construction","ground floor",1,NULL,NULL,NULL,NULL,yes,yes,NULL,"okres Martin",Martin,Podháj,"Buby reality, s.r.o.",Žilina
JukVrVsK1ht,"3-room apartment",75,2932.00,"new construction","upper floor",5,NULL,2013,B,NULL,NULL,NULL,NULL,"okres Žilina",Žilina,Hájik,"Realitná kancelária RED, s.r.o.",Žilina
Jufdn1ln-Ke,"2-room apartment",65,3076.77,"partially renovated","upper floor",7,yes,1900,NULL,NULL,NULL,NULL,NULL,"okres Liptovský Mikuláš","Liptovský Mikuláš",NULL,"bezmaklérov, s.r.o.",Žilina
JuzAfAnhSmB,"4-room apartment",93,1451.61,"partially renovated","top floor",3,NULL,1980,"not available",NULL,NULL,yes,yes,"okres Martin",Martin,Priekopa,"NajBývanie, s.r.o.",Ružomberok
JuIlrGNiow6,"3-room apartment",80,2625.00,"new construction","ground floor",1,NULL,2026,"not available",NULL,NULL,NULL,NULL,"okres Liptovský Mikuláš","Liptovská Sielnica","Liptovská Sielnica","Q REAL s.r.o.",Bratislava
JuIpF-cJ7Wj,"2-room apartment",64,NULL,"fully renovated","top floor",3,NULL,2009,"not available",NULL,NULL,NULL,NULL,"okres Žilina",Žilina,"Staré mesto","BR ACADEMY, s. r. o.","Kysucké Nové Mesto"
Ju0lQAOkvtE,"1-room apartment",38,4023.68,"new construction","upper floor",3,yes,2025,"in preparation",yes,NULL,yes,NULL,"okres Žilina",Žilina,"Staré mesto","WFG reality, s.r.o.",Žilina
Ju7XXF2jsra,"3-room apartment",66,3621.21,"new construction","ground floor",1,NULL,2009,NULL,NULL,NULL,NULL,NULL,"okres Žilina",Žilina,Vlčince,"Realitná kancelária RED, s.r.o.",Žilina
JuqDc5JA0z2,"4-room apartment",84,2383.23,"fully renovated","upper floor",5,NULL,2015,"not available",NULL,NULL,NULL,NULL,"okres Dolný Kubín","Dolný Kubín",Brezovec,"OREA, s.r.o.","Dolný Kubín"
Ju3mlopyrCW,"2-room apartment",53,NULL,"new construction","ground floor",1,yes,2024,A,NULL,NULL,NULL,NULL,"okres Turčianske Teplice","Turčianske Teplice",Stred,"TARGETreal s. r. o.",Žilina
JuW-h1lHUAf,"2-room apartment",39,5686.84,"under construction","upper floor",2,yes,2027,A,NULL,NULL,NULL,NULL,"okres Liptovský Mikuláš","Liptovský Mikuláš","Staré mesto","TATRA CITY RESIDENCE s. r. o.",Zvolen
JuuIsQ7Faa3,"3-room apartment",128,2500.00,"new construction",NULL,NULL,NULL,NULL,NULL,NULL,NULL,NULL,NULL,"okres Žilina",Žilina,"Staré mesto",NULL,NULL
JucaEIsV4JC,"3-room apartment",57,3017.54,"new construction","upper floor",3,NULL,2011,"not available",NULL,NULL,NULL,NULL,"okres Žilina",Mojš,Mojš,"NajBývanie, s.r.o.",Ružomberok
Ju3Edwy5E9k,"4-room apartment",101,2663.37,"fully renovated","upper floor",2,NULL,NULL,"not available",NULL,NULL,NULL,NULL,"okres Žilina",Žilina,"Staré mesto","Realitné kancelárie SR",Bratislava
JuOF4HNBZNF,"3-room apartment",75,1666.53,"partially renovated",NULL,NULL,NULL,1980,"not available",NULL,NULL,NULL,NULL,"okres Ružomberok",Ľubochňa,Ľubochňa,"TUreality s.r.o.",Žilina
Jubt5q54oGG,"2-room apartment",39,6882.49,unrenovated,NULL,NULL,NULL,NULL,NULL,NULL,NULL,NULL,NULL,"okres Liptovský Mikuláš","Demänovská Dolina","Demänovská Dolina","Realitné kancelárie SR",Bratislava
Ju-rzMotwKF,"1-room apartment",30,3166.67,"new construction",NULL,NULL,NULL,NULL,NULL,NULL,NULL,NULL,NULL,"okres Liptovský Mikuláš","Liptovský Mikuláš","Liptovská Mara - Tatralandia","ARCHEUS Partners a.s.",Bratislava
JuxMPXZzAel,"2-room apartment",58,2126.38,"partially renovated",NULL,NULL,NULL,NULL,NULL,NULL,NULL,NULL,NULL,"okres Čadca",Čadca,Žarec,"BeMi realitná kancelária",Nitra
JuEHAn3LwGR,"2-room apartment",70,2314.29,"fully renovated",NULL,NULL,NULL,NULL,NULL,NULL,NULL,NULL,NULL,"okres Dolný Kubín","Dolný Kubín",Stred,NULL,NULL
Ju_TGzIFNk3,"holiday apartment",79,NULL,"new construction",NULL,NULL,NULL,NULL,NULL,NULL,NULL,NULL,NULL,"okres Liptovský Mikuláš","Liptovský Mikuláš",Demänová,NULL,NULL
Ju-lRWjvao3,"2-room apartment",87,2862.07,"partially renovated","upper floor",2,NULL,NULL,NULL,NULL,NULL,NULL,NULL,"okres Liptovský Mikuláš","Liptovský Mikuláš","Staré mesto","RESIDENCE realitná kancelária","Liptovský Mikuláš"
JunWCB0DrwG,"3-room apartment",62,1822.58,unrenovated,"upper floor",2,yes,1968,"not available",NULL,yes,NULL,yes,"okres Čadca",Čadca,"Sídlisko 3","1. Reality Rent, s.r.o.",Žilina
JuxyNbJ2-r9,"holiday apartment",71,2676.06,"partially renovated","upper floor",2,yes,2025,"not available",NULL,NULL,NULL,NULL,"okres Ružomberok",Ružomberok,Hrabovo,"Reality Alpia",Martin
JuUW30jCiXY,"3-room apartment",74,2364.86,"fully renovated","upper floor",4,NULL,1990,"not available",NULL,NULL,NULL,NULL,"okres Liptovský Mikuláš","Liptovský Mikuláš",Podbreziny,"sunnyreal s.r.o.",Senec
JuKqTd0J1IQ,"2-room apartment",60,2650.00,"new construction","ground floor",1,NULL,NULL,A,NULL,NULL,NULL,NULL,"okres Liptovský Mikuláš","Liptovský Mikuláš","Staré mesto","RESIDENCE realitná kancelária","Liptovský Mikuláš"
Juz-nuV7qfY,"4-room apartment",151,2761.59,"new construction","upper floor",18,NULL,2010,"not available",NULL,NULL,NULL,NULL,"okres Žilina",Žilina,Vlčince,"DreamReality s.r.o.",Žilina
Juvr_afUfgc,"4-room apartment",520,269.23,"fully renovated",attic,4,NULL,1969,NULL,NULL,NULL,NULL,NULL,"okres Žilina",Žilina,"Staré mesto","Realitná kancelária RED, s.r.o.",Žilina
JuSB5VX7uLX,"3-room apartment",77,2934.94,"new construction",NULL,NULL,NULL,1980,"not available",NULL,NULL,NULL,NULL,"okres Dolný Kubín","Dolný Kubín",NULL,"TUreality s.r.o.",Žilina
JuA0NKQExXq,"3-room apartment",66,2119.70,unrenovated,"top floor",4,NULL,1970,"in preparation",NULL,NULL,NULL,NULL,"okres Žilina",Žilina,Hliny,"Pro Real, s. r. o. realitná kancelária",Žilina
Ju_JHpt6_hD,"studio apartment",32,4239.95,"new construction","ground floor",1,NULL,2014,B,NULL,yes,yes,NULL,"okres Liptovský Mikuláš","Demänovská Dolina","Demänovská Dolina",G-REAL,"Liptovský Mikuláš"
Juo05IpENrn,"3-room apartment",72,6527.78,"new construction","upper floor",4,yes,2023,A,NULL,NULL,NULL,NULL,"okres Liptovský Mikuláš","Liptovský Mikuláš",Demänová,"Svoboda&Williams Slovakia s.r.o.",Bratislava
JuZG0VM_IM4,"3-room apartment",71,1690.13,"partially renovated","top floor",2,NULL,1960,"not available",NULL,NULL,NULL,NULL,"okres Bytča",Štiavnik,Štiavnik,"R2 SK, s.r.o.",Žilina
JuYEF2k-qam,"3-room apartment",70,2085.71,unrenovated,"raised ground floor",4,NULL,NULL,NULL,NULL,NULL,NULL,NULL,"okres Liptovský Mikuláš","Liptovský Mikuláš","Vrbica - Nábrežie","RESIDENCE realitná kancelária","Liptovský Mikuláš"
JuLJzHZSfxX,"2-room apartment",70,1757.14,unrenovated,"top floor",3,NULL,1956,B,NULL,NULL,yes,yes,"okres Martin",Martin,Sever,"RIEŠIME BÝVANIE",Bratislava
JuSt-eGDLO6,"studio apartment",123,1003.71,"partially renovated",NULL,NULL,NULL,NULL,NULL,NULL,NULL,NULL,NULL,"okres Ružomberok",Ružomberok,"Staré mesto",NULL,NULL
JuaEFYi_BYt,"2-room apartment",55,2715.42,"new construction","upper floor",4,yes,NULL,A,NULL,NULL,NULL,NULL,"okres Liptovský Mikuláš","Liptovský Mikuláš","Staré mesto","Realitné kancelárie SR",Bratislava
Ju8vp_eBF_v,"3-room apartment",65,2845.34,"under construction","upper floor",2,yes,2025,A,yes,NULL,yes,NULL,"okres Kysucké Nové Mesto","Kysucké Nové Mesto",Kamence,"Istrofinal, s. r. o.",Žilina
JuRTwACBCKF,"3-room apartment",NULL,NULL,"new construction",NULL,NULL,NULL,NULL,NULL,NULL,NULL,NULL,NULL,"okres Námestovo",Zubrohlava,Zubrohlava,"Nové bývanie",Nitra
JubsYNuv_gH,"2-room apartment",NULL,NULL,"development project",NULL,NULL,NULL,NULL,NULL,NULL,NULL,NULL,NULL,"okres Dolný Kubín","Dolný Kubín",Stred,NULL,NULL
Jubm9fi-mY2v,"2-room apartment",47,3502.13,"new construction",NULL,NULL,NULL,NULL,A,NULL,NULL,NULL,NULL,"okres Liptovský Mikuláš","Malé Borové","Malé Borové",NULL,NULL
JudLF_FsgcX,"4-room apartment",81,NULL,"partially renovated",NULL,NULL,NULL,2025,"not available",NULL,NULL,NULL,NULL,"okres Žilina",Žilina,Vlčince,"Reality Alpia",Martin
Ju2UJpNwB9y,"2-room apartment",55,1800.05,"fully renovated",NULL,NULL,NULL,NULL,NULL,NULL,NULL,NULL,NULL,"okres Čadca",Staškov,Staškov,"SLNOVRAT, s.r.o.",Olešná
JuUmF3RUVmb,"studio apartment",25,NULL,unrenovated,"upper floor",NULL,NULL,NULL,NULL,NULL,NULL,NULL,NULL,"okres Martin",Martin,Sever,"Realitná kancelária",Bratislava
JudlhMNjWfy,"3-room apartment",59,2593.22,"new construction",NULL,NULL,NULL,NULL,NULL,NULL,NULL,NULL,NULL,"okres Martin",Martin,Záturčie,"Realitné kancelárie SR",Bratislava
JuKXKn_6Mq6,"2-room apartment",50,2920.00,unrenovated,"upper floor",3,NULL,1995,NULL,NULL,NULL,NULL,NULL,"okres Žilina",Žilina,Solinky,"Realitná kancelária RED, s.r.o.",Žilina
JuFvtb1f76m,"3-room apartment",72,3041.67,"fully renovated",NULL,NULL,NULL,NULL,NULL,NULL,NULL,NULL,NULL,"okres Žilina",Žilina,Vlčince,NULL,NULL
JufchRWgj96,"1-room apartment",39,4023.08,"new construction","top floor",4,yes,2025,"in preparation",yes,NULL,yes,NULL,"okres Žilina",Žilina,"Staré mesto","WFG reality, s.r.o.",Žilina
JuXqaBy1YwX,"2-room apartment",54,3129.63,"partially renovated","ground floor",1,NULL,NULL,"not available",NULL,NULL,NULL,NULL,"okres Žilina",Žilina,"Staré mesto","Realitné kancelárie SR",Bratislava
JuMU6JiyoDi,"3-room apartment",63,2460.32,"fully renovated",NULL,NULL,NULL,1980,"not available",NULL,NULL,NULL,NULL,"okres Žilina",Višňové,Višňové,"TUreality s.r.o.",Žilina
JuFIplbJnri,"4-room apartment",142,1570.42,"new construction",NULL,NULL,NULL,NULL,"not available",NULL,NULL,NULL,NULL,"okres Čadca",Čadca,Centrum,"MGM reality",Žilina
Ju1cXQ08ziY,"2-room apartment",70,2585.71,"new construction","ground floor",1,NULL,2011,A,NULL,NULL,NULL,NULL,"okres Dolný Kubín","Dolný Kubín",Brezovec,"RK Dalmia s. r. o.","Dolný Kubín"
Ju4Mn0S0K8V,"1-room apartment",50,NULL,"new construction","ground floor",1,NULL,2025,A,NULL,NULL,NULL,NULL,"okres Martin",Martin,Tomčany,"Reality AK, spol. s r.o.",Martin
JuyiYLCVsIz,"2-room apartment",55,NULL,"partially renovated","raised ground floor",1,NULL,1952,B,yes,yes,yes,yes,"okres Ružomberok",Ružomberok,Roveň,"NajBývanie, s.r.o.",Ružomberok
JupinWd8ZQVD,"2-room apartment",60,2750.00,"fully renovated","raised ground floor",1,NULL,1915,"not available",NULL,NULL,yes,NULL,"okres Žilina",Žilina,"Staré mesto","TARGETreal s. r. o.",Žilina
JueZM646cTy,"holiday apartment",40,3872.50,"new construction",NULL,NULL,NULL,NULL,NULL,NULL,yes,NULL,yes,"okres Ružomberok",Bešeňová,Bešeňová,"OREA, s.r.o.","Dolný Kubín"
JuhmvsftjdY,"3-room apartment",96,2745.14,"new construction","upper floor",4,yes,2025,A,NULL,NULL,NULL,NULL,"okres Martin",Martin,Jahodníky,"Buby reality, s.r.o.",Žilina
Jub_GkQafv9,"2-room apartment",59,2355.93,"fully renovated","upper floor",NULL,NULL,1970,NULL,NULL,NULL,NULL,NULL,"okres Martin",Martin,Podháj,"B10 Slovensko, a. s.",Žilina
JuCMuZyrXT9,"3-room apartment",72,2069.44,"fully renovated","ground floor",NULL,NULL,1978,"not available",NULL,NULL,NULL,NULL,"okres Čadca",Čadca,Žarec,"1. Reality Rent, s.r.o.",Žilina
JuGtWZEOQoM,"2-room apartment",53,3000.00,"fully renovated",NULL,NULL,NULL,1980,"not available",NULL,NULL,NULL,NULL,"okres Žilina",Žilina,"Staré mesto","TUreality s.r.o.",Žilina
JursQitkieS,"studio apartment",29,2241.38,"fully renovated","upper floor",2,NULL,2021,"not available",NULL,NULL,NULL,NULL,"okres Žilina",Žilina,Bánová,"PRIMA reality s.r.o.",Žilina
JuhY6PtUUUQ,"4-room apartment",77,2892.94,"under construction","upper floor",2,yes,2025,A,NULL,yes,NULL,yes,"okres Kysucké Nové Mesto","Kysucké Nové Mesto",Kamence,"Istrofinal, s. r. o.",Žilina
JuwolRsTXje,"3-room apartment",65,2261.54,"partially renovated","upper floor",10,NULL,1994,"not available",NULL,NULL,NULL,yes,"okres Liptovský Mikuláš","Liptovský Mikuláš",Podbreziny,"OVERENÉ REALITY","Banská Bystrica"
JulmjMPVf2y,"4-room apartment",120,2667.42,"fully renovated","upper floor",2,yes,1995,A,NULL,NULL,NULL,NULL,"okres Martin",Martin,Stred,"Constario REALTY s.r.o.",Žilina
JuXYI9YrjoJ,"3-room apartment",83,3119.67,"new construction","upper floor",2,yes,2025,A,yes,NULL,yes,NULL,"okres Žilina",Žilina,Hájik,"ODEKO manažment s.r.o.",Žilina
JumN63g2ReF,"3-room apartment",70,2500.00,"fully renovated","upper floor",2,NULL,NULL,NULL,NULL,NULL,NULL,NULL,"okres Žilina",Varín,Varín,Maxareality,Prievidza
JuF-0hmTSgb,"holiday apartment",35,3971.43,"new construction","ground floor",1,NULL,2024,A,NULL,NULL,NULL,NULL,"okres Ružomberok",Bešeňová,Bešeňová,"MK-CORP s.r.o.",Malacky
JuiYcneQxM0,"3-room apartment",62,1788.71,unrenovated,"upper floor",6,NULL,NULL,NULL,NULL,NULL,NULL,NULL,"okres Čadca",Čadca,Kyčerka,"Realitná kancelária",Bratislava
JuJrPj7p6LA,"holiday apartment",27,5111.11,"new construction",NULL,NULL,NULL,NULL,NULL,NULL,NULL,NULL,NULL,"okres Liptovský Mikuláš","Pavčina Lehota","Pavčina Lehota",NULL,NULL
Ju-S5IE7Y0K,"holiday apartment",23,4869.57,"under construction",NULL,NULL,NULL,NULL,NULL,NULL,NULL,NULL,NULL,"okres Liptovský Mikuláš","Závažná Poruba","Závažná Poruba",NULL,NULL
JutAxM54sI9,"2-room apartment",74,1756.76,"partially renovated","upper floor",12,yes,1978,"not available",yes,NULL,yes,NULL,"okres Martin",Martin,Sever,"Realitná kancelária",Bratislava
JuBT9IU3F1g,"3-room apartment",101,3682.75,"new construction","raised ground floor",1,yes,2022,A,NULL,NULL,NULL,NULL,"okres Žilina",Žilina,"Staré mesto","KORSO Project, s.r.o.",Žilina
Ju-j_zRPy7a,"2-room apartment",59,NULL,"new construction","top floor",3,NULL,2009,"not available",NULL,NULL,NULL,NULL,"okres Martin",Martin,Záturčie,"Real Reality Development s.r.o.",Martin
Jub-qUAwi4z,"3-room apartment",64,2031.25,"fully renovated",NULL,NULL,NULL,NULL,NULL,NULL,NULL,NULL,NULL,"okres Martin",Martin,Košúty,NULL,NULL
JuluCbW3ZHE,"3-room apartment",79,3357.08,"new construction","upper floor",3,NULL,2024,A,NULL,NULL,NULL,NULL,"okres Žilina",Žilina,Vlčince,"HMS Services, a. s.",Žilina
JunIK4vBJDk,"4-room apartment",120,NULL,"new construction","upper floor",2,NULL,2025,NULL,NULL,NULL,NULL,NULL,"okres Martin",Martin,Tomčany,"Buby reality, s.r.o.",Žilina
JuNrqMazgdo,"3-room apartment",90,NULL,"fully renovated","upper floor",3,NULL,1975,B,NULL,NULL,NULL,NULL,"okres Martin",Martin,Priekopa,"ALT REAL, s.r.o.",Martin
Ju9yeRQLBJd,"2-room apartment",47,4801.06,"new construction",NULL,NULL,NULL,NULL,NULL,NULL,NULL,NULL,NULL,"okres Dolný Kubín","Dolný Kubín","Kubínska hoľa","OREA, s.r.o.","Dolný Kubín"
JujUQv7hvyj,"3-room apartment",96,1541.56,"fully renovated","ground floor",1,NULL,1986,"not available",NULL,NULL,yes,yes,"okres Žilina","Dlhé Pole","Dlhé Pole","DRR INVEST, s. r. o.","Horný Hričov"
Ju_noeKeCn0,"holiday apartment",30,NULL,"new construction","ground floor",1,yes,2025,"not available",NULL,NULL,yes,NULL,"okres Liptovský Mikuláš","Liptovský Mikuláš",Demänová,"Reality Alpia",Martin
JuFKoH6piMc,"3-room apartment",78,1539.15,unrenovated,"upper floor",3,yes,2025,"not available",NULL,NULL,NULL,NULL,"okres Ružomberok",Ružomberok,Klačno,"Reality Alpia",Martin
JuoCz53ml38,"holiday apartment",53,6415.09,"new construction","upper floor",5,yes,NULL,A,NULL,NULL,NULL,NULL,"okres Liptovský Mikuláš","Demänovská Dolina","Demänovská Dolina","RESIDENCE realitná kancelária","Liptovský Mikuláš"
Ju6NLOs0FvZ,"3-room apartment",76,NULL,unrenovated,"top floor",4,NULL,1973,"not available",yes,NULL,NULL,NULL,"okres Martin",Martin,Jahodníky,"Reality Center, s.r.o.",Martin
Ju79Oyn1X3B,"holiday apartment",40,NULL,"new construction","top floor",2,NULL,2024,A,NULL,yes,NULL,yes,"okres Liptovský Mikuláš","Demänovská Dolina","Demänovská Dolina",Limaxreal,"Liptovský Mikuláš"
JuQVA2vA49W,"1-room apartment",30,2633.33,unrenovated,"top floor",4,NULL,1980,"not available",NULL,NULL,NULL,NULL,"okres Martin",Vrútky,"Horné Vrútky","Like Reality s.r.o.","Považská Bystrica"
JueA04xvA0H,"3-room apartment",66,3484.85,"fully renovated","upper floor",4,yes,1970,"not available",NULL,NULL,NULL,NULL,"okres Žilina",Žilina,Hliny,"RIEŠIME BÝVANIE",Bratislava
JuD4zRss3yP,"3-room apartment",72,2500.00,"fully renovated",NULL,NULL,NULL,NULL,NULL,NULL,NULL,NULL,NULL,"okres Žilina",Žilina,Solinky,NULL,NULL
JuCYzVbHujF,"3-room apartment",87,1412.64,"fully renovated","upper floor",2,NULL,1989,"not available",NULL,NULL,yes,yes,"okres Martin",Príbovce,Príbovce,"Like Reality s.r.o.","Považská Bystrica"
JuGDxnx-MGv,"3-room apartment",72,NULL,"partially renovated",NULL,NULL,NULL,NULL,NULL,NULL,NULL,NULL,NULL,"okres Turčianske Teplice","Turčianske Teplice",Stred,NULL,NULL
JuuYTb7aXin,"3-room apartment",73,2315.07,"new construction","top floor",3,NULL,2011,NULL,NULL,NULL,NULL,NULL,"okres Liptovský Mikuláš","Liptovský Hrádok",NULL,"bezmaklérov, s.r.o.",Žilina
JuZdV5jCSUO,"3-room apartment",89,3022.47,"partially renovated","ground floor",NULL,NULL,2024,"not available",NULL,NULL,NULL,NULL,"okres Liptovský Mikuláš","Liptovský Hrádok",Dovalovo,"TUreality s.r.o.",Žilina
JuKVTIO-aDH,"3-room apartment",74,NULL,"new construction",NULL,NULL,NULL,2006,"not available",NULL,NULL,NULL,NULL,"okres Liptovský Mikuláš","Liptovský Mikuláš","Staré mesto","TUreality s.r.o.",Žilina
JuNgEGp-EQa,"holiday apartment",29,3438.60,"fully renovated","raised ground floor",NULL,NULL,2025,"not available",NULL,NULL,NULL,NULL,"okres Liptovský Mikuláš","Liptovský Ján","Liptovský Ján","Reality Alpia",Martin
Judr92_ylzz,"2-room apartment",60,1915.00,"partially renovated",NULL,NULL,NULL,2012,"not available",NULL,NULL,NULL,NULL,"okres Tvrdošín",Tvrdošín,Medvedzie,"TUreality s.r.o.",Žilina
JuXHjhU272A,"3-room apartment",64,2498.44,unrenovated,"upper floor",2,yes,1962,"not available",NULL,yes,yes,NULL,"okres Žilina",Žilina,Hliny,"Reality IQ, s.r.o.",Žilina
Ju_ePT-_LMH,"2-room apartment",66,2111.70,"fully renovated","ground floor",1,NULL,1985,B,NULL,NULL,NULL,NULL,"okres Námestovo",Námestovo,Brehy,"EVER SK, s.r.o.",NULL
JuzuxPMP-Xr,"3-room apartment",60,2491.67,"new construction","top floor",5,NULL,2024,"not available",NULL,NULL,NULL,NULL,"okres Kysucké Nové Mesto","Kysucké Nové Mesto",Sídlisko,"Realitná kancelária DOM",Žilina
JuDXnrUS-p1,"holiday apartment",37,3450.13,unrenovated,"upper floor",4,yes,2025,"not available",yes,NULL,NULL,NULL,"okres Ružomberok",Ružomberok,Hrabovo,"Reality Alpia",Martin
Jux_7MHZ0xE,"1-room apartment",35,3325.62,"new construction",NULL,NULL,NULL,NULL,NULL,NULL,NULL,NULL,NULL,"okres Liptovský Mikuláš","Liptovský Mikuláš",Stošice,"DVOŘÁK & PARTNERS s. r. o.","Banská Bystrica"
JuUTD1Lj0lr,"3-room apartment",80,2437.50,"fully renovated","upper floor",2,NULL,1969,NULL,NULL,NULL,NULL,NULL,"okres Žilina",Žilina,"Staré mesto","Realitná kancelária RED, s.r.o.",Žilina
JuuvbPIMl4t,"4-room apartment",84,2297.62,"partially renovated","top floor",7,yes,1983,"not available",yes,NULL,NULL,NULL,"okres Žilina",Žilina,Solinky,"ACTIVE - Reality, s. r. o.",Žilina
Ju7DJIriKhh,"4-room apartment",118,1346.61,"fully renovated","top floor",2,NULL,2000,"not available",NULL,NULL,NULL,NULL,"okres Kysucké Nové Mesto","Kysucké Nové Mesto",Stred,"Safe reality s. r. o.",Žilina
Ju2ogwd19a4,"3-room apartment",68,NULL,"partially renovated","upper floor",5,yes,1990,"not available",yes,NULL,NULL,NULL,"okres Martin",Martin,Záturčie,"Like Reality s.r.o.","Považská Bystrica"
JuVooxZWg4s,"4-room apartment",128,2031.25,unrenovated,"upper floor",4,NULL,1942,"not available",NULL,NULL,NULL,NULL,"okres Žilina",Žilina,"Staré mesto","ŽILINAREAL, s.r.o.",Žilina
JuuvunHgeuI,"2-room apartment",52,2115.37,"partially renovated","upper floor",8,NULL,1900,"not available",NULL,NULL,NULL,NULL,"okres Tvrdošín",Tvrdošín,Medvedzie,"RE/MAX Slovakia",Bratislava
JuhpxD8Q4V6,"3-room apartment",97,2756.60,"under construction","upper floor",6,yes,NULL,A,NULL,yes,yes,NULL,"okres Martin",Martin,Jahodníky,"CANGURU s.r.o.","Rajecké Teplice"
Jun8Wp9H-1m,"3-room apartment",83,2495.99,"new construction","upper floor",2,NULL,2023,A,NULL,NULL,NULL,NULL,"okres Liptovský Mikuláš","Liptovský Hrádok",Celiny,"RK SPIRIT s.r.o.","Liptovský Mikuláš"
JuKMOepiUjn,"1-room apartment",40,2975.00,unrenovated,"upper floor",3,yes,1988,"not available",NULL,yes,yes,NULL,"okres Žilina",Žilina,Vlčince,"Safe reality s. r. o.",Žilina
JuyIru5Z-bn,"2-room apartment",55,2227.27,"fully renovated","upper floor",2,NULL,1900,"not available",NULL,NULL,NULL,NULL,"okres Liptovský Mikuláš","Liptovský Mikuláš","Staré mesto","KA Real","Banská Bystrica"
JurHWDFucoi,"2-room apartment",47,3287.23,"new construction","ground floor",1,NULL,2023,A,NULL,NULL,NULL,NULL,"okres Liptovský Mikuláš","Liptovský Mikuláš",Stošice,"HALO reality, s.r.o.",Prievidza
JuuLiOVYceV,"3-room apartment",100,NULL,"fully renovated","upper floor",NULL,NULL,NULL,NULL,NULL,NULL,NULL,NULL,"okres Čadca",Raková,Raková,"Realitná kancelária",Bratislava
JuGqA0i3EO8,"3-room apartment",80,2362.50,"partially renovated","upper floor",2,NULL,NULL,"not available",NULL,NULL,NULL,yes,"okres Žilina",Žilina,"Staré mesto","DreamReality s.r.o.",Žilina
JuFxU-EPo7k,"3-room apartment",84,1488.10,"partially renovated",attic,3,NULL,1994,"not available",NULL,NULL,NULL,NULL,"okres Liptovský Mikuláš","Liptovská Porúbka","Liptovská Porúbka","HALO reality, s.r.o.",Prievidza
JuJDcaBGFgv,"3-room apartment",80,2261.25,"new construction","upper floor",2,NULL,NULL,NULL,NULL,NULL,NULL,NULL,"okres Čadca",Čadca,Škrabákovci,"Realitné kancelárie SR",Bratislava
Juf3UQk266Q,"1-room apartment",36,2892.36,"under construction","top floor",3,NULL,2025,A,NULL,NULL,NULL,NULL,"okres Martin",Sučany,Sučany,"Constario REALTY s.r.o.",Žilina
JuiUg7kx_Xo,"4-room apartment",79,2832.33,"under construction","upper floor",4,yes,2025,A,NULL,yes,NULL,yes,"okres Kysucké Nové Mesto","Kysucké Nové Mesto",Kamence,"Istrofinal, s. r. o.",Žilina
JuX_Y10XQMs,"holiday apartment",54,7407.22,"new construction","upper floor",5,NULL,2023,"not available",NULL,NULL,NULL,NULL,"okres Liptovský Mikuláš","Demänovská Dolina","Demänovská Dolina","Juraj Hegyi Reality & Development s.r.o.",Bratislava
JuhdlIDH7jm,"1-room apartment",30,3559.32,"partially renovated","upper floor",4,yes,NULL,NULL,NULL,NULL,NULL,NULL,"okres Martin",Martin,Podháj,"Piata Avenue",Žilina
JuiXegD6ESI,"3-room apartment",63,NULL,unrenovated,"upper floor",4,yes,1988,"not available",NULL,yes,yes,NULL,"okres Dolný Kubín","Dolný Kubín","Veľký Bysterec","AstonReal s.r.o.","Banská Bystrica"
Ju-U6VvTf4d,"3-room apartment",65,1984.62,unrenovated,"upper floor",NULL,NULL,1960,NULL,NULL,NULL,NULL,NULL,"okres Martin",Martin,Stred,"B10 Slovensko, a. s.",Žilina
JuRDmAO0N5y,"2-room apartment",48,3267.11,"under construction","ground floor",1,NULL,2025,A,NULL,NULL,NULL,NULL,"okres Ružomberok",Ružomberok,Roveň,"ODEKO manažment s.r.o.",Žilina
JuOLPMJrkFk,"3-room apartment",93,3376.34,"partially renovated","raised ground floor",NULL,NULL,1970,"not available",NULL,NULL,NULL,NULL,"okres Žilina",Žilina,"Staré mesto","TUreality s.r.o.",Žilina
Ju1swh97q_w,"2-room apartment",62,3370.97,"new construction","ground floor",1,NULL,2019,"not available",NULL,NULL,NULL,NULL,"okres Liptovský Mikuláš","Liptovský Ján","Liptovský Ján","RE/MAX Slovakia",Bratislava
JuJjSbvP3y1,"2-room apartment",54,3120.96,"under construction","ground floor",1,yes,2025,A,NULL,yes,NULL,yes,"okres Kysucké Nové Mesto","Kysucké Nové Mesto",Kamence,"Istrofinal, s. r. o.",Žilina
JueVg_uFAEX,"3-room apartment",68,1985.29,"partially renovated","top floor",7,NULL,1987,B,NULL,NULL,yes,yes,"okres Martin",Martin,Záturčie,"Like Reality s.r.o.","Považská Bystrica"
JubLUnnldKg,"2-room apartment",70,2128.57,"new construction","upper floor",NULL,NULL,2017,NULL,NULL,NULL,NULL,NULL,"okres Martin",Martin,Ľadoveň,"B10 Slovensko, a. s.",Žilina
JuNlpRocmfd,"3-room apartment",82,NULL,"partially renovated","upper floor",2,NULL,NULL,NULL,NULL,NULL,NULL,NULL,"okres Martin",Martin,Stred,"Reality Turiec s.r o.",Martin
JujxzbLeFDf,"2-room apartment",52,3058.63,"new construction","raised ground floor",1,yes,2024,"not available",NULL,yes,NULL,yes,"okres Žilina","Rajecké Teplice","Rajecké Teplice","STAREA, s. r. o.",Žilina
Jut2p_8fnwk,"3-room apartment",76,2039.47,"fully renovated","upper floor",5,yes,1988,"not available",NULL,NULL,NULL,NULL,"okres Ružomberok",Ružomberok,Klačno,"AstonReal s.r.o.","Banská Bystrica"
JuZUmgJDVA2,"4-room apartment",118,2504.24,"new construction",NULL,NULL,NULL,NULL,NULL,NULL,NULL,NULL,NULL,"okres Ružomberok",Ružomberok,"Staré mesto",NULL,NULL
JuIVoMRmHSz,"1-room apartment",30,2600.00,"partially renovated",NULL,NULL,NULL,1980,"not available",NULL,NULL,NULL,NULL,"okres Martin",Turany,Turany,"TUreality s.r.o.",Žilina
Ju7NnD-cxZu,"4-room apartment",89,NULL,"partially renovated","upper floor",2,NULL,1980,"not available",NULL,NULL,NULL,NULL,"okres Ružomberok",Ružomberok,Klačno,"OVERENÉ REALITY","Banská Bystrica"
JuLyRXzb7sF,"holiday apartment",42,3547.62,"fully renovated","ground floor",1,NULL,2025,"not available",NULL,NULL,NULL,NULL,"okres Ružomberok",Bešeňová,Bešeňová,"Reality Alpia",Martin
JuFzCj_c-LQ,"2-room apartment",65,NULL,"fully renovated","ground floor",1,NULL,1980,"not available",NULL,NULL,yes,yes,"okres Žilina",Žilina,"Staré mesto","MENS s. r. o.",Žilina
JuuDv2Zd85o,"3-room apartment",103,3737.86,"new construction",NULL,NULL,NULL,2009,"not available",NULL,NULL,NULL,NULL,"okres Žilina",Žilina,Bôrik,"TUreality s.r.o.",Žilina
Ju5JJVitOH3,"3-room apartment",60,3118.33,"new construction","top floor",3,NULL,2024,A,NULL,NULL,NULL,NULL,"okres Tvrdošín",Trstená,Trstená,"RK SPIRIT s.r.o.","Liptovský Mikuláš"
Jue8OEdDtFX,"2-room apartment",55,2697.92,"development project","raised ground floor",1,yes,2024,A,NULL,NULL,yes,NULL,"okres Ružomberok",Ružomberok,Baničné,"ODEKO manažment s.r.o.",Žilina
JuwJKqBh04b,"2-room apartment",50,2380.00,"fully renovated","upper floor",2,yes,2008,A,yes,NULL,NULL,NULL,"okres Liptovský Mikuláš","Liptovský Mikuláš","Staré mesto","AstonReal s.r.o.","Banská Bystrica"
JuMDiaehTE4,"holiday apartment",71,NULL,"new construction",NULL,NULL,NULL,NULL,NULL,NULL,NULL,NULL,NULL,"okres Liptovský Mikuláš","Demänovská Dolina","Demänovská Dolina",NULL,NULL
JuGTmonCdFp,"2-room apartment",65,2071.24,"fully renovated","upper floor",4,yes,NULL,A,NULL,NULL,NULL,NULL,"okres Liptovský Mikuláš","Liptovský Mikuláš","Staré mesto","Realitné kancelárie SR",Bratislava
JucNmI_DO7B,"holiday apartment",78,NULL,"fully renovated",attic,4,NULL,NULL,NULL,NULL,NULL,NULL,NULL,"okres Čadca",Oščadnica,Oščadnica,"NIKO-REAL, s.r.o.",Bratislava
JultM3IWcXG,"2-room apartment",98,1468.04,"new construction","added floor",4,NULL,2018,B,yes,NULL,NULL,NULL,"okres Liptovský Mikuláš","Liptovský Peter","Liptovský Peter","REINVEST s.r.o.",Bratislava
JuZGQrt1Ff6m,"2-room apartment",55,2181.82,"fully renovated","ground floor",1,NULL,2025,"not available",NULL,NULL,NULL,NULL,"okres Liptovský Mikuláš","Liptovský Mikuláš",Iľanovo,"NajBývanie, s.r.o.",Ružomberok
Juwy9k5pZPS,"holiday apartment",22,3313.64,"new construction","upper floor",2,NULL,NULL,B,NULL,NULL,NULL,NULL,"okres Martin",Valča,Valča,"Realitné kancelárie SR",Bratislava
Jux-AEYjDab,"2-room apartment",52,3500.00,"fully renovated",NULL,NULL,NULL,NULL,NULL,NULL,NULL,NULL,NULL,"okres Žilina",Žilina,Solinky,NULL,NULL
JuuQ3yxLaqS,"2-room apartment",66,2549.88,"new construction","ground floor",1,yes,2024,"not available",NULL,NULL,NULL,NULL,"okres Ružomberok","Liptovská Teplá","Liptovská Teplá","AstonReal s.r.o.","Banská Bystrica"
JuXUHfW6DDJ,"2-room apartment",50,2420.00,"partially renovated","upper floor",7,yes,1900,"not available",NULL,NULL,NULL,NULL,"okres Liptovský Mikuláš","Liptovský Hrádok",Prekážka,"HALO reality, s.r.o.",Prievidza
Jup1HeEGFtW,"1-room apartment",39,3722.89,"new construction","upper floor",2,yes,2025,A,yes,NULL,NULL,NULL,"okres Žilina",Žilina,Hájik,"ODEKO manažment s.r.o.",Žilina
JuCX2-0gKW3,"4-room apartment",118,4101.69,"fully renovated","top floor",2,NULL,2020,"not available",NULL,NULL,NULL,NULL,"okres Liptovský Mikuláš","Liptovský Mikuláš",Demänová,"RK SPIRIT s.r.o.","Liptovský Mikuláš"
JuAtADtbyIN,"3-room apartment",78,2884.49,"new construction","upper floor",NULL,NULL,2025,NULL,NULL,NULL,NULL,NULL,"okres Žilina",Žilina,Budatín,"B10 Slovensko, a. s.",Žilina
Jux885vgQgO,"holiday apartment",44,5250.00,"new construction","ground floor",1,NULL,2024,A,NULL,NULL,NULL,NULL,"okres Liptovský Mikuláš","Liptovský Trnovec","Liptovský Trnovec","Tatra Invest",Podtureň
JuIZkq9C4-v,"2-room apartment",71,NULL,"under construction","upper floor",2,yes,2024,A,NULL,yes,yes,yes,"okres Martin",Martin,Jahodníky,"CANGURU s.r.o.","Rajecké Teplice"
Jus-du7SK4F,"3-room apartment",67,3505.97,"new construction","ground floor",1,NULL,2025,NULL,NULL,NULL,NULL,NULL,"okres Žilina",Žilina,Bytčica,"Realitná kancelária RED, s.r.o.",Žilina
JuqmAmZk9jG,"1-room apartment",37,NULL,unrenovated,NULL,NULL,NULL,2025,"not available",NULL,NULL,NULL,NULL,"okres Žilina",Žilina,Vlčince,"MGM reality",Žilina
JuJF4572cY0,"2-room apartment",56,NULL,"fully renovated","top floor",5,NULL,1962,"not available",NULL,NULL,NULL,yes,"okres Martin",Martin,Sever,"Reality Center, s.r.o.",Martin
JufKPFE3Y2M,"2-room apartment",49,954.29,unrenovated,"top floor",3,NULL,2001,"not available",NULL,NULL,NULL,NULL,"okres Ružomberok","Liptovská Lúžna","Liptovská Lúžna","Obec Liptovská Lúžna","Liptovská Lúžna"
JuQPXllO6ks,"2-room apartment",47,3652.78,"new construction","upper floor",2,yes,2025,A,NULL,NULL,yes,NULL,"okres Žilina",Žilina,Hájik,"ODEKO manažment s.r.o.",Žilina
JuFnOWI1i1c,"3-room apartment",500,NULL,"partially renovated","ground floor",NULL,NULL,1980,"not available",NULL,NULL,NULL,NULL,"okres Turčianske Teplice",Jazernica,Jazernica,"Reality AK, spol. s r.o.",Martin
JufGDO__GbO,"4-room apartment",128,3629.54,"new construction","ground floor",2,yes,2022,A,NULL,NULL,NULL,NULL,"okres Žilina",Žilina,"Staré mesto","KORSO Project, s.r.o.",Žilina
JuUusk-Q8GE,"2-room apartment",43,3718.60,"new construction","top floor",3,NULL,2025,NULL,NULL,NULL,NULL,NULL,"okres Žilina",Žilina,Bytčica,"Realitná kancelária RED, s.r.o.",Žilina
JuBD3ecZzdA,"2-room apartment",48,3312.50,"new construction","upper floor",3,NULL,NULL,B,NULL,NULL,NULL,NULL,"okres Žilina",Žilina,Závodie,"Realitná kancelária RED, s.r.o.",Žilina
Juga_SyTI4R,"2-room apartment",35,3428.57,"new construction","upper floor",2,NULL,2020,A,NULL,NULL,NULL,NULL,"okres Liptovský Mikuláš","Liptovský Mikuláš","Liptovská Mara - Tatralandia","RE/MAX Slovakia",Bratislava
Ju7kGUvVlwS,"3-room apartment",80,1068.75,unrenovated,"upper floor",2,NULL,1969,"not available",NULL,NULL,yes,yes,"okres Liptovský Mikuláš","Partizánska Ľupča","Partizánska Ľupča","OVERENÉ REALITY","Banská Bystrica"
JuCKdo4C-vu,"3-room apartment",88,2951.36,"new construction","upper floor",3,NULL,2025,A,yes,yes,yes,yes,"okres Žilina",Žilina,Vlčince,"Reinoo a.s.",Žilina
JuD_7kPVbjf,"3-room apartment",74,2972.84,"partially renovated","upper floor",3,NULL,1980,"not available",NULL,NULL,NULL,NULL,"okres Žilina",Žilina,"Staré mesto","Effecting s.r.o.",Bratislava
JuxM7Oxk3ZF,"3-room apartment",33,NULL,"new construction",NULL,NULL,NULL,2024,"not available",NULL,NULL,NULL,NULL,"okres Ružomberok","Liptovská Teplá","Liptovská Teplá","TUreality s.r.o.",Žilina
JujtAMfUep-,"4-room apartment",93,2213.98,"fully renovated",NULL,NULL,NULL,NULL,NULL,NULL,NULL,NULL,NULL,"okres Martin",Martin,Stred,NULL,NULL
JubYzTZOLz1,"3-room apartment",90,2333.33,"new construction",NULL,NULL,NULL,2024,"not available",NULL,NULL,NULL,NULL,"okres Žilina","Rajecké Teplice","Rajecké Teplice","TUreality s.r.o.",Žilina
JuhBW328SAS,"3-room apartment",67,2387.91,"fully renovated",NULL,NULL,NULL,NULL,NULL,NULL,NULL,NULL,NULL,"okres Martin",Vrútky,"Horné Vrútky",NULL,NULL
JuOr71wM3AE,"2-room apartment",60,NULL,"fully renovated","ground floor",NULL,NULL,2010,NULL,NULL,NULL,NULL,NULL,"okres Martin",Vrútky,"Horné Vrútky","B10 Slovensko, a. s.",Žilina
Juiqajk1kjr,"2-room apartment",43,3253.49,"new construction",NULL,NULL,NULL,NULL,A,NULL,NULL,NULL,NULL,"okres Liptovský Mikuláš","Malé Borové","Malé Borové",NULL,NULL
JuYWFp89fWK,"3-room apartment",68,NULL,"partially renovated","upper floor",4,NULL,1973,"not available",yes,NULL,NULL,NULL,"okres Martin",Martin,Sever,"Like Reality s.r.o.","Považská Bystrica"
JuVCZnRxN5m,"4-room apartment",121,2187.70,"new construction",attic,2,NULL,2023,A,NULL,NULL,NULL,NULL,"okres Liptovský Mikuláš","Liptovský Hrádok",Celiny,"RK SPIRIT s.r.o.","Liptovský Mikuláš"
Ju-cA70OjPb,"2-room apartment",35,3428.57,"new construction",NULL,NULL,NULL,1980,"not available",NULL,NULL,NULL,NULL,"okres Liptovský Mikuláš","Liptovský Ján","Liptovský Ján","TUreality s.r.o.",Žilina
Junbds6mBD4,"3-room apartment",97,2724.65,"under construction","upper floor",3,yes,NULL,A,NULL,yes,yes,NULL,"okres Martin",Martin,Jahodníky,"CANGURU s.r.o.","Rajecké Teplice"
JuIhf4tExMf,"3-room apartment",69,1710.14,"partially renovated","upper floor",6,NULL,1976,"not available",yes,NULL,NULL,NULL,"okres Martin",Vrútky,"Horné Vrútky","NajBývanie, s.r.o.",Ružomberok
JuupBH8LvJz,"2-room apartment",53,4018.87,"new construction","top floor",NULL,NULL,2023,A,yes,NULL,NULL,yes,"okres Liptovský Mikuláš","Liptovský Mikuláš",Demänová,G-REAL,"Liptovský Mikuláš"
JuuqMAsXTsE,"2-room apartment",46,2627.96,"under construction","top floor",3,NULL,2025,A,NULL,NULL,NULL,NULL,"okres Martin",Sučany,Sučany,"Constario REALTY s.r.o.",Žilina
JuqDuiRmYdZ,"1-room apartment",37,NULL,unrenovated,NULL,NULL,NULL,NULL,NULL,NULL,NULL,NULL,NULL,"okres Žilina",Žilina,Vlčince,NULL,NULL
Ju-fM3SCXjma,"3-room apartment",91,4030.92,"new construction","upper floor",2,NULL,2025,A,NULL,NULL,NULL,NULL,"okres Liptovský Mikuláš","Liptovský Mikuláš","Staré mesto",G-REAL,"Liptovský Mikuláš"
JuRhJZ24FBr,"3-room apartment",78,1641.03,"partially renovated",NULL,NULL,NULL,NULL,NULL,NULL,NULL,NULL,NULL,"okres Ružomberok",Ľubochňa,Ľubochňa,NULL,NULL
JuH66opZMTi,"3-room apartment",65,2076.92,"partially renovated",NULL,NULL,NULL,1980,"not available",NULL,NULL,NULL,NULL,"okres Martin",Martin,Sever,"TUreality s.r.o.",Žilina
Jujvvp196-y,"2-room apartment",52,2980.77,"partially renovated",NULL,NULL,NULL,1980,"not available",NULL,NULL,NULL,NULL,"okres Žilina",Žilina,"Staré mesto","TUreality s.r.o.",Žilina
JurBk73cOr3,"holiday apartment",150,6000.00,"new construction","upper floor",6,yes,2023,A,NULL,yes,NULL,yes,"okres Liptovský Mikuláš","Demänovská Dolina","Demänovská Dolina","RESIDENCE realitná kancelária","Liptovský Mikuláš"
Ju42s8vNbRj,"2-room apartment",62,1901.61,"partially renovated","top floor",7,yes,NULL,"not available",NULL,NULL,yes,NULL,"okres Martin",Vrútky,NULL,"Real Reality Development s.r.o.",Martin
Ju1uEl1Mf6f,"holiday apartment",37,3648.65,unrenovated,"upper floor",5,NULL,NULL,NULL,NULL,NULL,NULL,NULL,"okres Ružomberok",Ružomberok,Hrabovo,"Romantické Chalupy, s.r.o.",Bratislava
JuoeNbuLPVP,"holiday apartment",94,3027.16,"new construction",attic,NULL,NULL,NULL,NULL,NULL,NULL,NULL,NULL,"okres Liptovský Mikuláš","Liptovský Mikuláš","Staré mesto","RK SPIRIT s.r.o.","Liptovský Mikuláš"
Ju7EPTNZ0Hy,"3-room apartment",70,1907.14,"partially renovated","ground floor",1,NULL,1985,"not available",NULL,NULL,yes,yes,"okres Martin",Turany,Turany,"Like Reality s.r.o.","Považská Bystrica"
JuR8QLXp0Yx,"3-room apartment",72,2013.89,"partially renovated",NULL,NULL,NULL,NULL,"not available",NULL,NULL,NULL,NULL,"okres Ružomberok",Ružomberok,Roveň,"Direct Real, spol. s r.o.",Bratislava
Ju_cu57wiSa,"1-room apartment",35,NULL,unrenovated,NULL,NULL,NULL,1980,"not available",NULL,NULL,NULL,NULL,"okres Martin",Martin,Priekopa,"TUreality s.r.o.",Žilina
JuQKd8tqljP,"3-room apartment",80,1500.00,unrenovated,"upper floor",4,yes,1985,NULL,NULL,NULL,NULL,yes,"okres Martin",Martin,Záturčie,"LIF REAL",Martin
JuVihEbzRbP,"holiday apartment",66,3787.88,"new construction",NULL,NULL,NULL,NULL,NULL,NULL,NULL,NULL,NULL,"okres Ružomberok",Ružomberok,Hrabovo,NULL,NULL
JuKUZKmUiwu,"4-room apartment",86,2542.52,"under construction","top floor",3,NULL,2025,A,NULL,NULL,NULL,NULL,"okres Martin",Sučany,Sučany,"Constario REALTY s.r.o.",Žilina
JunzJsFHg6A,"4-room apartment",147,1517.01,unrenovated,"top floor",3,NULL,NULL,NULL,NULL,NULL,NULL,NULL,"okres Čadca",Čadca,Centrum,"BeMi realitná kancelária",Nitra
JuyxsUVgHii,"4-room apartment",89,2191.01,"fully renovated","upper floor",2,NULL,1980,"not available",NULL,NULL,NULL,NULL,"okres Dolný Kubín","Dolný Kubín",Brezovec,"RK Dalmia s. r. o.","Dolný Kubín"
JuLIL3RkWDn,"3-room apartment",90,1922.22,"fully renovated","upper floor",3,NULL,1975,C,NULL,NULL,NULL,NULL,"okres Martin",Martin,Priekopa,"ALT REAL, s.r.o.",Martin
JuUPsPRqomX,"1-room apartment",39,2435.90,unrenovated,NULL,NULL,NULL,NULL,NULL,NULL,NULL,NULL,NULL,"okres Námestovo",Námestovo,Brehy,"BeMi realitná kancelária",Nitra
Ju3ft9crnfA,"3-room apartment",78,2333.33,"fully renovated",NULL,NULL,NULL,1980,"not available",NULL,NULL,NULL,NULL,"okres Dolný Kubín","Dolný Kubín","Veľký Bysterec","TUreality s.r.o.",Žilina
JuUveEvLKHX,"studio apartment",20,3750.00,"partially renovated","upper floor",4,yes,NULL,NULL,NULL,NULL,NULL,NULL,"okres Martin",Vrútky,NULL,"FINREA - ak vám záleží na výsledku","Dolný Kubín"
Ju9HXOkK5Vc,"2-room apartment",67,1859.50,"new construction","ground floor",1,yes,2022,"not available",NULL,NULL,NULL,NULL,"okres Čadca","Krásno nad Kysucou",Kalinov,"MGM reality",Žilina
JuWN3KhPvB7,"2-room apartment",60,2081.67,"partially renovated","upper floor",3,NULL,1985,"not available",NULL,NULL,NULL,NULL,"okres Čadca",Čadca,Centrum,"Safe reality s. r. o.",Žilina
JunoLrzCTv8,"3-room apartment",85,1882.35,"fully renovated",NULL,NULL,NULL,NULL,"not available",NULL,NULL,NULL,NULL,"okres Čadca",Raková,Raková,"MGM reality",Žilina
JuxK_a_NiWB,"2-room apartment",69,2173.91,"fully renovated","upper floor",6,NULL,1970,B,yes,NULL,NULL,NULL,"okres Ružomberok",Ružomberok,Roveň,"NajBývanie, s.r.o.",Ružomberok
JuvOboUvobu,"3-room apartment",56,3781.25,"new construction",NULL,NULL,NULL,NULL,A,NULL,NULL,NULL,NULL,"okres Liptovský Mikuláš","Malé Borové","Malé Borové",NULL,NULL
Ju5YBv9ykGI,"4-room apartment",87,2693.72,"under construction","ground floor",2,yes,2025,A,NULL,yes,NULL,yes,"okres Kysucké Nové Mesto","Kysucké Nové Mesto",Kamence,"Istrofinal, s. r. o.",Žilina
JuUwCeqXqPl,"3-room apartment",74,2669.46,"new construction","upper floor",3,yes,2025,A,NULL,NULL,NULL,NULL,"okres Martin",Martin,Jahodníky,"Buby reality, s.r.o.",Žilina
JuHMn6qkBSk,"holiday apartment",93,3494.62,"new construction","ground floor",1,NULL,NULL,A,NULL,NULL,NULL,NULL,"okres Liptovský Mikuláš","Demänovská Dolina","Demänovská Dolina","RESIDENCE realitná kancelária","Liptovský Mikuláš"
JuZFqxjae7G,"holiday apartment",37,4189.19,"new construction",basement,0,NULL,2021,A,yes,NULL,yes,NULL,"okres Liptovský Mikuláš","Liptovský Mikuláš",Demänová,"ML realitný& finančny servis s.r.o. , BrokerSoft s.r.o. , Monika Launerová - SZČO","Banská Bystrica"
JueQ0ot5J2r,"3-room apartment",71,2070.42,"partially renovated","upper floor",2,NULL,1975,B,NULL,NULL,NULL,NULL,"okres Čadca",Čadca,Žarec,"RIEŠIME BÝVANIE",Bratislava
Ju-sWIMoFGT,"1-room apartment",NULL,NULL,unrenovated,NULL,NULL,NULL,NULL,NULL,NULL,NULL,NULL,NULL,"okres Námestovo",Námestovo,Stred,"BeMi realitná kancelária",Nitra
Ju7yQFu2G0Z,"3-room apartment",67,2194.03,"fully renovated","upper floor",NULL,NULL,NULL,NULL,NULL,NULL,NULL,NULL,"okres Martin",Vrútky,"Horné Vrútky","Realitná kancelária",Bratislava
JudVZxPODEn,"3-room apartment",70,2685.71,"fully renovated","upper floor",2,NULL,1995,NULL,NULL,NULL,NULL,NULL,"okres Žilina",Žilina,Solinky,"Realitná kancelária RED, s.r.o.",Žilina
JuNPxF24aaA,"4-room apartment",90,2388.89,"fully renovated","upper floor",4,NULL,1995,C,NULL,NULL,NULL,NULL,"okres Žilina",Žilina,Vlčince,"Realitná kancelária RED, s.r.o.",Žilina
Juy6Dr8MOeS,"4-room apartment",106,NULL,"fully renovated",NULL,NULL,NULL,NULL,NULL,NULL,NULL,NULL,NULL,"okres Žilina",Žilina,Vlčince,NULL,NULL
Ju4RLACJEuN,"4-room apartment",156,3008.34,"fully renovated",NULL,NULL,NULL,NULL,"not available",NULL,NULL,NULL,NULL,"okres Žilina",Žilina,Bôrik,"MGM reality",Žilina
JuIQ6bOnZsGz,"3-room apartment",121,3049.59,"fully renovated","top floor",2,NULL,NULL,NULL,NULL,NULL,NULL,NULL,"okres Žilina",Žilina,"Staré mesto","Realitná kancelária RED, s.r.o.",Žilina
JuIZo2BnWQa,"holiday apartment",40,6313.13,"new construction","upper floor",2,yes,NULL,A,NULL,NULL,NULL,NULL,"okres Liptovský Mikuláš","Demänovská Dolina","Demänovská Dolina","RESIDENCE realitná kancelária","Liptovský Mikuláš"
JusjmbO9Bnp,"2-room apartment",52,3568.70,"new construction","ground floor",1,NULL,2018,"not available",NULL,NULL,NULL,NULL,"okres Žilina",Gbeľany,Gbeľany,"AnReal s. r. o.",Mojš
Ju3_oCKPJ8H,"3-room apartment",67,1932.84,"partially renovated","upper floor",4,yes,1988,"in preparation",NULL,NULL,yes,yes,"okres Liptovský Mikuláš","Liptovský Peter","Liptovský Peter","OVERENÉ REALITY","Banská Bystrica"
JuhcvPxM513,"4-room apartment",78,2422.95,"fully renovated",NULL,NULL,NULL,1980,"not available",NULL,NULL,NULL,NULL,"okres Námestovo",Námestovo,NULL,"TUreality s.r.o.",Žilina
JunH7oZsc9z,"1-room apartment",47,3233.98,"new construction","upper floor",3,NULL,2024,A,NULL,NULL,NULL,NULL,"okres Žilina",Žilina,Vlčince,"HMS Services, a. s.",Žilina
JuUknu_3A4k,"2-room apartment",54,2638.89,"partially renovated",NULL,NULL,NULL,NULL,NULL,NULL,NULL,NULL,NULL,"okres Žilina",Žilina,"Staré mesto",NULL,NULL
Ju7faBpvibU,"3-room apartment",61,2312.40,"fully renovated","upper floor",NULL,NULL,NULL,NULL,NULL,NULL,NULL,NULL,"okres Martin",Martin,Záturčie,"Realitná kancelária",Bratislava
JuUS8gVE7MB,"2-room apartment",67,1945.15,"partially renovated","raised ground floor",1,NULL,1988,"not available",NULL,NULL,NULL,NULL,"okres Čadca",Čadca,Žarec,"JPE. Reality - Jozef Pajer",Čadca
JuS8GjjsXwr,"holiday apartment",23,3286.32,"fully renovated","raised ground floor",2,NULL,2020,"not available",NULL,NULL,NULL,NULL,"okres Martin",Valča,Valča,"RIGHT POWER DEVELOPMENT, s.r.o.",Žilina
JuLlR3SdY11,"2-room apartment",49,974.66,unrenovated,"raised ground floor",1,NULL,2001,"not available",NULL,NULL,NULL,NULL,"okres Ružomberok","Liptovská Lúžna","Liptovská Lúžna","Obec Liptovská Lúžna","Liptovská Lúžna"
Ju3xvc6aD2Y,"holiday apartment",32,3390.37,"new construction","ground floor",1,yes,NULL,A,NULL,NULL,NULL,NULL,"okres Liptovský Mikuláš","Liptovský Ján","Liptovský Ján","RESIDENCE realitná kancelária","Liptovský Mikuláš"
Jul8pXByFOl,"3-room apartment",92,3472.83,"new construction",NULL,NULL,NULL,NULL,NULL,NULL,NULL,NULL,NULL,"okres Žilina",Žilina,Vlčince,NULL,NULL
JuEK28Decyb,"2-room apartment",44,3793.18,"new construction","ground floor",1,yes,2025,"in preparation",NULL,yes,NULL,yes,"okres Žilina",Žilina,"Staré mesto","WFG reality, s.r.o.",Žilina
JujBEFh3fPq,"3-room apartment",70,1684.29,unrenovated,"upper floor",2,NULL,1985,"not available",NULL,NULL,yes,yes,"okres Martin",Martin,Priekopa,"Like Reality s.r.o.","Považská Bystrica"
Jultmw18Gne,"holiday apartment",97,3498.45,"new construction",NULL,NULL,NULL,NULL,NULL,NULL,NULL,NULL,NULL,"okres Liptovský Mikuláš","Demänovská Dolina","Demänovská Dolina","Occam New Home",Bratislava
JuDmcjiRx8S,"4-room apartment",84,2297.62,"partially renovated","top floor",7,yes,1983,"not available",yes,NULL,NULL,NULL,"okres Žilina",Žilina,Solinky,"ACTIVE - Reality, s. r. o.",Žilina
Junnm3hR6W5,"2-room apartment",71,1859.15,"partially renovated","upper floor",2,yes,2025,"not available",NULL,NULL,NULL,NULL,"okres Martin",Martin,Priekopa,"Reality Alpia",Martin
Jui1Zkf_kg-,"1-room apartment",35,2796.61,"fully renovated","ground floor",NULL,NULL,1980,"not available",NULL,yes,NULL,yes,"okres Čadca",Čadca,Centrum,"1. Reality Rent, s.r.o.",Žilina
Jun79Tn_Ep0,"3-room apartment",67,3507.46,"fully renovated","upper floor",7,yes,1982,"not available",NULL,NULL,NULL,NULL,"okres Žilina",Žilina,Vlčince,"KRALIKOVA reality","Považská Bystrica"
JuR1WqY3g_N,"2-room apartment",55,2908.91,"fully renovated","upper floor",4,yes,1968,B,NULL,yes,yes,NULL,"okres Žilina",Žilina,Hliny,"Georgi Conev",Žilina
JuITWn48g9Q,"1-room apartment",28,4214.41,"new construction",NULL,NULL,NULL,NULL,NULL,NULL,NULL,NULL,NULL,"okres Martin","Turčianska Štiavnička","Turčianska Štiavnička","LuxReality, s.r.o.","Nové Mesto nad Váhom"
JuiQqoYVioM,"2-room apartment",50,2168.29,"under construction","upper floor",2,NULL,2024,A,NULL,NULL,NULL,yes,"okres Liptovský Mikuláš",Ľubeľa,Ľubeľa,G-REAL,"Liptovský Mikuláš"
JuE40RXyw1_,"2-room apartment",50,3599.80,"new construction","top floor",4,NULL,2018,A,NULL,NULL,NULL,NULL,"okres Žilina",Žilina,Hájik,"Realitná kancelária RED, s.r.o.",Žilina
JuvTw1ebtHj,"2-room apartment",54,3120.96,"under construction","upper floor",2,yes,2025,A,NULL,yes,NULL,yes,"okres Kysucké Nové Mesto","Kysucké Nové Mesto",Kamence,"Istrofinal, s. r. o.",Žilina
JuwdgQhbLJx,"3-room apartment",73,1917.81,"partially renovated","top floor",8,NULL,1975,NULL,yes,NULL,NULL,yes,"okres Martin",Martin,Košúty,"Realitná kancelária",Bratislava
JuYwrDdapt0,"3-room apartment",68,1955.88,unrenovated,"upper floor",3,NULL,1982,C,NULL,NULL,NULL,NULL,"okres Čadca",Čadca,"U Hluška","Trioreality, s.r.o.",Čadca
JuQhVUDoHMr,"2-room apartment",58,2189.66,"fully renovated","upper floor",2,NULL,1980,"not available",NULL,NULL,NULL,NULL,"okres Martin",Martin,Sever,"Felicita Real s. r. o.",Martin
JuzIKTQ0UvK,"4-room apartment",84,2022.62,"partially renovated","upper floor",7,yes,1975,B,NULL,NULL,NULL,NULL,"okres Liptovský Mikuláš","Liptovský Hrádok",Belánska,"HALO reality, s.r.o.",Prievidza
JuTnsSFnlFI,"3-room apartment",58,NULL,"fully renovated","raised ground floor",NULL,NULL,1980,NULL,NULL,NULL,NULL,NULL,"okres Martin",Martin,Sever,"B10 Slovensko, a. s.",Žilina
JuOMOLcEq4z,"3-room apartment",68,NULL,"partially renovated","top floor",7,NULL,1990,"not available",NULL,NULL,NULL,NULL,"okres Čadca",Čadca,Kyčerka,"SLNOVRAT, s.r.o.",Olešná
Ju8GQ26KaaT,"2-room apartment",50,NULL,"under construction","upper floor",2,yes,2025,"in preparation",NULL,NULL,NULL,NULL,"okres Ružomberok",Ružomberok,Roveň,"RK SPIRIT s.r.o.","Liptovský Mikuláš"
JuCMZI1bT6r,"3-room apartment",65,2046.00,unrenovated,NULL,NULL,NULL,NULL,A,NULL,NULL,NULL,NULL,"okres Martin",Martin,NULL,"RS Mansory s.r.o.",Bratislava
JuXGzvpMBBm,"2-room apartment",60,2000.00,"partially renovated","upper floor",4,yes,1900,"not available",NULL,yes,NULL,yes,"okres Liptovský Mikuláš","Liptovský Mikuláš","Vrbica - Nábrežie","HALO reality, s.r.o.",Prievidza
Ju52lG6Waej,"studio apartment",25,4720.00,"new construction","upper floor",3,yes,2009,"not available",NULL,NULL,NULL,NULL,"okres Žilina",Žilina,Vlčince,"RIEŠIME BÝVANIE",Bratislava
JuTQd4u0n33,"2-room apartment",51,5078.43,"fully renovated","top floor",2,NULL,2015,"not available",NULL,NULL,NULL,NULL,"okres Liptovský Mikuláš","Liptovský Mikuláš",Demänová,"RK SPIRIT s.r.o.","Liptovský Mikuláš"
Juuarx0CWmR,"2-room apartment",47,4961.83,"new construction","upper floor",2,yes,2024,NULL,NULL,NULL,NULL,NULL,"okres Turčianske Teplice","Turčianske Teplice",Stred,"Estate Invest",Bratislava
Juh7IlKkDn_,"4-room apartment",105,1495.24,"partially renovated",NULL,NULL,NULL,NULL,"not available",NULL,NULL,NULL,NULL,"okres Liptovský Mikuláš","Liptovský Hrádok",Belánska,"Direct Real, spol. s r.o.",Bratislava
JujdOeJ69tb,"3-room apartment",76,1828.95,unrenovated,"top floor",4,NULL,NULL,NULL,NULL,NULL,NULL,NULL,"okres Martin",Martin,Jahodníky,"Realitná kancelária",Bratislava
JuuKYbAy2In,"3-room apartment",74,1535.14,"partially renovated","ground floor",1,yes,1980,NULL,NULL,NULL,NULL,NULL,"okres Martin",Martin,Ľadoveň,"B10 Slovensko, a. s.",Žilina
JuuQTLwI4_c,"1-room apartment",37,4105.41,"new construction","upper floor",3,yes,2025,"in preparation",yes,NULL,yes,NULL,"okres Žilina",Žilina,"Staré mesto","WFG reality, s.r.o.",Žilina
JuKXwWNmxYg,"2-room apartment",62,2741.77,"fully renovated","upper floor",4,NULL,2005,"not available",NULL,NULL,NULL,NULL,"okres Žilina",Žilina,Hájik,"DRR INVEST, s. r. o.","Horný Hričov"
JutKizwTOP3,"3-room apartment",86,2724.95,"fully renovated","ground floor",1,NULL,1932,"not available",NULL,NULL,NULL,NULL,"okres Žilina",Žilina,"Staré mesto","Reality IQ, s.r.o.",Žilina
Juki5wHUVn2,"4-room apartment",76,2895.29,"new construction","ground floor",NULL,NULL,2024,NULL,NULL,NULL,NULL,NULL,"okres Liptovský Mikuláš","Liptovský Mikuláš","Liptovská Ondrašová","Bosen Group s.r.o.",Bratislava
Ju_PmXVPtoo,"2-room apartment",55,2725.45,unrenovated,"upper floor",3,NULL,1977,"not available",NULL,NULL,NULL,NULL,"okres Žilina",Žilina,Hliny,"Crystin reality, s.r.o.",Žilina
JuaWfCrgS3s,"4-room apartment",101,2742.57,"under construction","upper floor",5,yes,2025,A,NULL,NULL,NULL,NULL,"okres Kysucké Nové Mesto","Kysucké Nové Mesto",Kamence,"Istrofinal, s. r. o.",Žilina
Ju1cdYuex4G,"3-room apartment",79,2910.13,"new construction","ground floor",1,NULL,2025,"not available",NULL,NULL,NULL,NULL,"okres Dolný Kubín","Dolný Kubín",Stred,"RE/MAX Slovakia",Bratislava
JuJEoP397IJ,"3-room apartment",73,2738.36,"new construction","ground floor",1,yes,2024,"not available",NULL,NULL,NULL,NULL,"okres Ružomberok","Liptovská Teplá","Liptovská Teplá","AstonReal s.r.o.","Banská Bystrica"
JuCISBa6iwp,"2-room apartment",68,1735.29,unrenovated,"upper floor",8,NULL,1975,B,yes,NULL,NULL,NULL,"okres Ružomberok",Ružomberok,Roveň,"NajBývanie, s.r.o.",Ružomberok
JuQZcPPu9nd,maisonette,175,NULL,"new construction","upper floor",5,NULL,2025,"not available",NULL,NULL,NULL,NULL,"okres Žilina",Žilina,"Staré mesto","MGM reality",Žilina
JuYHImgOHO_,"3-room apartment",105,4009.98,"under construction","upper floor",4,yes,2027,A,NULL,NULL,NULL,NULL,"okres Liptovský Mikuláš","Liptovský Mikuláš","Staré mesto","TATRA CITY RESIDENCE s. r. o.",Zvolen
JuQydtvhuaC,"3-room apartment",70,2185.71,"fully renovated",NULL,NULL,NULL,1980,"not available",NULL,NULL,NULL,NULL,"okres Tvrdošín",Tvrdošín,Medvedzie,"TUreality s.r.o.",Žilina
Ju6JFF73eZc,"4-room apartment",84,NULL,"partially renovated","top floor",7,yes,1983,"not available",yes,NULL,NULL,NULL,"okres Žilina",Žilina,Hliny,"ACTIVE - Reality, s. r. o.",Žilina
JupURRP8axF,"4-room apartment",105,3323.81,"new construction","top floor",5,yes,2024,NULL,NULL,NULL,NULL,NULL,"okres Žilina",Žilina,"Staré mesto","WFG reality, s.r.o.",Žilina
Ju5Pax6FaXd,"2-room apartment",65,2307.69,unrenovated,NULL,NULL,NULL,1980,"not available",NULL,NULL,NULL,NULL,"okres Žilina",Žilina,Hliny,"TUreality s.r.o.",Žilina
Juh13qbi4yL,"2-room apartment",63,3183.63,"new construction","raised ground floor",2,yes,2025,A,NULL,NULL,NULL,NULL,"okres Žilina",Žilina,Hájik,"ODEKO manažment s.r.o.",Žilina
JuPkeS3sVco,"2-room apartment",56,2794.64,"fully renovated",NULL,NULL,NULL,NULL,"not available",NULL,NULL,NULL,NULL,"okres Liptovský Mikuláš","Liptovský Mikuláš","Staré mesto","Direct Real, spol. s r.o.",Bratislava
JuqmZcqjzL5,"2-room apartment",45,5524.98,"development project","upper floor",4,NULL,2026,"not available",NULL,NULL,NULL,NULL,"okres Žilina",Žilina,"Staré mesto","Teraz, a.s.",Žilina
JuRJMz106O3,"holiday apartment",37,NULL,"under construction",attic,3,yes,2023,A,NULL,NULL,NULL,NULL,"okres Liptovský Mikuláš","Liptovský Mikuláš","Liptovská Mara - Tatralandia","RK SPIRIT s.r.o.","Liptovský Mikuláš"
Junr7vOGfgp,"holiday apartment",46,3021.74,"new construction","ground floor",1,NULL,2024,"not available",NULL,NULL,NULL,NULL,"okres Ružomberok",Bešeňová,Bešeňová,"MK-CORP s.r.o.",Malacky
JuhrMWK4tz6,"3-room apartment",120,2913.03,"fully renovated","upper floor",3,NULL,NULL,NULL,NULL,NULL,NULL,NULL,"okres Liptovský Mikuláš","Liptovský Mikuláš","Staré mesto","RESIDENCE realitná kancelária","Liptovský Mikuláš"
Jug-_AT8Wmt,"3-room apartment",72,2138.89,"partially renovated","upper floor",8,NULL,1989,"not available",NULL,NULL,NULL,NULL,"okres Kysucké Nové Mesto","Kysucké Nové Mesto",Kamence,"Pro Real, s. r. o. realitná kancelária",Žilina
JuT4OhvaBo8,"4-room apartment",140,3459.31,"new construction",NULL,NULL,NULL,NULL,NULL,NULL,NULL,NULL,NULL,"okres Žilina",Žilina,"Staré mesto",NULL,NULL
JuXxgiFzaw2,"holiday apartment",36,4754.41,"development project","ground floor",1,yes,2023,B,NULL,NULL,NULL,NULL,"okres Žilina",Terchová,Terchová,"KORSO Project, s.r.o.",Žilina
Juta8FGg1ms,"4-room apartment",130,2453.85,"new construction",NULL,NULL,NULL,2025,NULL,NULL,NULL,NULL,NULL,"okres Žilina","Rajecké Teplice","Rajecké Teplice","Bosen Group s.r.o.",Bratislava
JutRcPoSw48,"3-room apartment",76,2301.32,"partially renovated","upper floor",3,NULL,1980,"not available",yes,yes,yes,yes,"okres Žilina",Žilina,Vlčince,"DRR INVEST, s. r. o.","Horný Hričov"
JunhLdbpvMU,"3-room apartment",74,2669.46,"new construction","upper floor",2,yes,2025,A,NULL,NULL,NULL,NULL,"okres Martin",Martin,Stred,"Buby reality, s.r.o.",Žilina
JuAo_CCFbGo,"1-room apartment",38,3155.26,"new construction","upper floor",5,NULL,2018,A,NULL,NULL,NULL,yes,"okres Martin",Martin,Priekopa,"TARGETreal s. r. o.",Žilina
JuIcnUNxIlt,"2-room apartment",57,1940.72,unrenovated,"upper floor",6,yes,1973,"not available",NULL,NULL,NULL,NULL,"okres Martin",Martin,Košúty,"ALFA SALUTO REAL s.r.o",Bratislava
JuroNkYo0Ud,"3-room apartment",74,NULL,"partially renovated","top floor",4,NULL,1978,B,NULL,NULL,NULL,yes,"okres Martin",Vrútky,"Horné Vrútky","LIF REAL",Martin
JuoB7gmYVp_,"2-room apartment",73,3410.96,"fully renovated","top floor",2,NULL,2015,"not available",NULL,NULL,NULL,NULL,"okres Liptovský Mikuláš","Liptovský Mikuláš",Demänová,"RK SPIRIT s.r.o.","Liptovský Mikuláš"
Juw2GAhwVDz,"3-room apartment",76,NULL,"fully renovated",NULL,NULL,NULL,1980,"not available",NULL,NULL,NULL,NULL,"okres Martin",Martin,Záturčie,"TUreality s.r.o.",Žilina
JuNxbiZtMJl,"2-room apartment",62,2983.87,"partially renovated","ground floor",1,NULL,1957,"not available",NULL,NULL,yes,yes,"okres Žilina",Žilina,Hliny,"StorkReal s. r. o.","Rajecká Lesná"
Ju8y_HCffnI,"studio apartment",26,NULL,"partially renovated",NULL,NULL,NULL,2025,"not available",NULL,NULL,NULL,yes,"okres Čadca",Čadca,Žarec,"Reality Alpia",Martin
JuDpUKm1R87,"3-room apartment",102,2713.43,"under construction","upper floor",4,yes,NULL,A,yes,NULL,NULL,yes,"okres Martin",Martin,Jahodníky,"CANGURU s.r.o.","Rajecké Teplice"
JuyticuaW7A,"3-room apartment",64,2746.48,"under construction","upper floor",3,NULL,2025,A,NULL,NULL,NULL,NULL,"okres Ružomberok",Ružomberok,Roveň,"ODEKO manažment s.r.o.",Žilina
JutwTj3bM_v,"2-room apartment",51,NULL,"fully renovated",NULL,NULL,NULL,1980,"not available",NULL,NULL,NULL,NULL,"okres Martin",Martin,Sever,"TUreality s.r.o.",Žilina
Ju-D0j5Tx8q,"3-room apartment",63,2380.95,"partially renovated","upper floor",2,yes,1963,"not available",NULL,NULL,NULL,NULL,"okres Martin",Martin,Sever,"Realitná kancelária",Bratislava
Juaqewf1vyV,"3-room apartment",73,NULL,"new construction","upper floor",NULL,NULL,2025,NULL,NULL,NULL,NULL,NULL,"okres Martin",Martin,Košúty,"B10 Slovensko, a. s.",Žilina
JufCUUh8n1P,"3-room apartment",60,NULL,"partially renovated","upper floor",3,yes,NULL,NULL,NULL,NULL,NULL,NULL,"okres Ružomberok",Ružomberok,Baničné,"LOYAL REALITY s.r.o.","Dolný Kubín"
JuEOy8Ch_fK,"4-room apartment",128,2720.78,"new construction","upper floor",4,yes,2025,A,yes,yes,yes,yes,"okres Žilina",Žilina,Vlčince,"Reinoo a.s.",Žilina
JuAjD-DNY5d,"studio apartment",21,5428.57,"fully renovated","upper floor",4,NULL,2025,"not available",NULL,NULL,NULL,NULL,"okres Žilina",Žilina,Vlčince,"Gro & Partners",Žilina
JuXBeof4cBw,"3-room apartment",123,1498.78,"development project","ground floor",1,yes,2024,A,yes,NULL,yes,NULL,"okres Ružomberok",Ružomberok,Baničné,"ODEKO manažment s.r.o.",Žilina
JufBWbzCmcn,"4-room apartment",100,1749.90,"partially renovated","top floor",4,NULL,1978,"not available",NULL,NULL,NULL,NULL,"okres Martin",Martin,Stred,"Cooper Real s.r.o",Bratislava
JuN-wthtGNF,"3-room apartment",143,2028.61,"under construction","upper floor",NULL,NULL,NULL,NULL,NULL,NULL,NULL,NULL,"okres Žilina",Žilina,Hájik,"Realitná kancelária",Bratislava
JuZqmgmus3f,"3-room apartment",70,1785.71,"partially renovated","upper floor",3,NULL,NULL,NULL,NULL,NULL,NULL,NULL,"okres Martin",Turany,Turany,"Realitná kancelária",Bratislava
JuEhBGLGdyB,"3-room apartment",65,1844.62,"partially renovated","upper floor",8,NULL,1900,"not available",NULL,NULL,NULL,NULL,"okres Martin",Martin,Košúty,"RE/MAX Slovakia",Bratislava
Juhy56IDgaZ,"2-room apartment",55,NULL,"fully renovated","upper floor",3,NULL,1960,B,NULL,NULL,NULL,NULL,"okres Martin",Martin,Podháj,"Reality Center, s.r.o.",Martin
Ju8yXfa5xfL,"3-room apartment",61,1879.08,"partially renovated",NULL,NULL,NULL,1980,"not available",NULL,NULL,NULL,NULL,"okres Ružomberok",Ružomberok,Baničné,"TUreality s.r.o.",Žilina
Jul5uPR1of1,"2-room apartment",42,3214.29,"new construction",NULL,NULL,NULL,NULL,A,NULL,NULL,NULL,NULL,"okres Liptovský Mikuláš","Liptovský Mikuláš","Staré mesto","RESIDENCE realitná kancelária","Liptovský Mikuláš"
JuySZhvO7pX,"3-room apartment",81,2459.26,"new construction",NULL,NULL,NULL,NULL,NULL,NULL,NULL,NULL,NULL,"okres Ružomberok",Ružomberok,"Staré mesto",NULL,NULL
Ju4YZRhAzaf,"studio apartment",32,4258.68,"fully renovated","upper floor",2,NULL,1960,"not available",NULL,NULL,NULL,NULL,"okres Žilina",Žilina,Bôrik,"RIEŠIME BÝVANIE",Bratislava
JuAyS5TfUDQ,"3-room apartment",79,1848.10,unrenovated,NULL,NULL,NULL,NULL,"not available",NULL,NULL,NULL,NULL,"okres Žilina",Rajec,Rajec,"Direct Real, spol. s r.o.",Bratislava
JuiTYBIhgYl,"3-room apartment",62,2741.77,"fully renovated","upper floor",4,NULL,2005,"not available",yes,NULL,NULL,yes,"okres Žilina",Žilina,Hájik,"DRR INVEST, s. r. o.","Horný Hričov"
JuHOcENm8Ia,"2-room apartment",50,2660.00,"partially renovated","ground floor",NULL,NULL,1960,A,NULL,NULL,NULL,NULL,"okres Liptovský Mikuláš","Liptovský Mikuláš","Vrbica - Nábrežie","AstonReal s.r.o.","Banská Bystrica"
Juf0d9bgzD3,"4-room apartment",103,1552.91,"fully renovated",NULL,NULL,NULL,2023,"not available",NULL,NULL,NULL,NULL,"okres Žilina",Rosina,Rosina,"MGM reality",Žilina
JucQo5vONzU,"3-room apartment",70,2642.71,"partially renovated",NULL,NULL,NULL,NULL,"not available",NULL,NULL,NULL,NULL,"okres Žilina",Žilina,Solinky,"MGM reality",Žilina
JugZvx-B3PM,"1-room apartment",34,2291.67,"partially renovated",NULL,NULL,NULL,1980,"not available",NULL,NULL,NULL,NULL,"okres Dolný Kubín","Dolný Kubín",Banisko,"TUreality s.r.o.",Žilina
Ju6YQzBpIXw,"4-room apartment",79,2857.50,"under construction","upper floor",5,yes,2025,A,NULL,yes,NULL,yes,"okres Kysucké Nové Mesto","Kysucké Nové Mesto",Kamence,"Istrofinal, s. r. o.",Žilina
JuFfQA7zSPP,"3-room apartment",56,2571.43,"partially renovated","ground floor",1,NULL,NULL,"not available",NULL,NULL,NULL,NULL,"okres Čadca","Nová Bystrica","Nová Bystrica","RECLOUD Reality a.s.",Bratislava
JuTapZ_iKYW,"3-room apartment",95,3152.63,"fully renovated","raised ground floor",1,NULL,1935,"not available",NULL,NULL,NULL,NULL,"okres Žilina",Žilina,"Staré mesto","Mamud Reality s. r. o.",Žilina
JudSBCw12x9,"2-room apartment",58,2620.52,"partially renovated",NULL,NULL,NULL,1980,"not available",NULL,NULL,NULL,NULL,"okres Žilina",Žilina,Vlčince,"TUreality s.r.o.",Žilina
Jugv6VHMojr,"3-room apartment",76,1644.74,"partially renovated","upper floor",3,NULL,1985,"not available",NULL,NULL,NULL,NULL,"okres Čadca",Čierne,Čierne,"Safe reality s. r. o.",Žilina
Jud2teyAuDu,"1-room apartment",41,7394.63,"new construction","upper floor",6,yes,NULL,NULL,NULL,NULL,NULL,NULL,"okres Liptovský Mikuláš","Demänovská Dolina","Demänovská Dolina","RESIDENCE realitná kancelária","Liptovský Mikuláš"
Ju2WQT7unmV,"4-room apartment",85,1988.24,"fully renovated","ground floor",1,NULL,1900,"not available",NULL,NULL,NULL,NULL,"okres Martin","Košťany nad Turcom","Košťany nad Turcom","RE/MAX Slovakia",Bratislava
JuJvNTKAcv8,"1-room apartment",35,3685.71,"new construction","ground floor",NULL,NULL,2021,A,NULL,NULL,yes,NULL,"okres Kysucké Nové Mesto","Kysucké Nové Mesto",Kamence,"MG real, s.r.o.",Topoľčany
Ju8f-wmtjXf,"3-room apartment",52,NULL,"fully renovated","upper floor",2,NULL,NULL,NULL,NULL,yes,NULL,yes,"okres Dolný Kubín","Dolný Kubín","Veľký Bysterec","FINREA - ak vám záleží na výsledku","Dolný Kubín"
JuqcGRiE3sH,"2-room apartment",69,2173.91,"fully renovated","raised ground floor",1,NULL,2025,"not available",NULL,NULL,NULL,NULL,"okres Liptovský Mikuláš","Liptovský Mikuláš","Staré mesto","OVERENÉ REALITY","Banská Bystrica"
Jue9scT0OOX,"2-room apartment",70,NULL,"under construction","upper floor",5,yes,NULL,A,yes,NULL,NULL,yes,"okres Martin",Martin,Jahodníky,"CANGURU s.r.o.","Rajecké Teplice"
JuauSxK_Grt,"3-room apartment",65,2076.92,unrenovated,NULL,NULL,NULL,1980,"not available",NULL,NULL,NULL,NULL,"okres Dolný Kubín","Dolný Kubín","Veľký Bysterec","TUreality s.r.o.",Žilina
JucHYWmAD9T,"2-room apartment",53,2226.42,"partially renovated","raised ground floor",NULL,NULL,1980,"not available",NULL,NULL,NULL,NULL,"okres Tvrdošín",Nižná,Nižná,"TUreality s.r.o.",Žilina
Juh6SSze_tY,"3-room apartment",71,1777.17,"fully renovated",NULL,NULL,NULL,NULL,NULL,NULL,NULL,NULL,NULL,"okres Čadca",Staškov,Staškov,"SLNOVRAT, s.r.o.",Olešná
Ju5yq04Fo6g,"holiday apartment",37,4756.76,"new construction","top floor",3,yes,NULL,G,NULL,NULL,NULL,NULL,"okres Liptovský Mikuláš","Liptovský Mikuláš",Demänová,"REALITY SPOLU",Bratislava
JuUEgGZy7bV,"holiday apartment",54,5216.93,"development project","upper floor",2,yes,2023,B,NULL,NULL,NULL,NULL,"okres Žilina",Terchová,Terchová,"KORSO Project, s.r.o.",Žilina
Ju6GKonKAZ1,"holiday apartment",42,4764.18,"new construction","top floor",3,NULL,NULL,A,NULL,NULL,NULL,NULL,"okres Liptovský Mikuláš","Liptovský Mikuláš",Demänová,"RESIDENCE realitná kancelária","Liptovský Mikuláš"
JuaFgvo5Zms,"3-room apartment",91,NULL,unrenovated,"upper floor",NULL,NULL,1958,NULL,NULL,NULL,NULL,NULL,"okres Martin",Martin,Stred,"B10 Slovensko, a. s.",Žilina
JuZWfK8jXMU,"2-room apartment",72,2208.03,"fully renovated","upper floor",2,NULL,1977,"not available",NULL,NULL,yes,NULL,"okres Liptovský Mikuláš","Liptovský Mikuláš","Vrbica - Nábrežie","YFE, s.r.o.",Žilina
Ju-TqbMGsYQ,"1-room apartment",30,2933.33,"partially renovated",NULL,NULL,NULL,1980,"not available",NULL,NULL,NULL,NULL,"okres Martin",Vrútky,NULL,"TUreality s.r.o.",Žilina
JuV4el-7B8H,"3-room apartment",90,3463.69,"new construction","upper floor",8,yes,2025,"not available",yes,NULL,NULL,yes,"okres Žilina",Žilina,"Staré mesto","Financial Hotels Management, s.r.o.",Žilina
JuMvMAnJyAh,"2-room apartment",49,3163.27,"new construction","raised ground floor",1,NULL,2024,A,NULL,NULL,yes,NULL,"okres Martin",Martin,Stred,"Reality Center, s.r.o.",Martin
Ju2vUj8wFP4,"2-room apartment",45,3108.89,"new construction",NULL,NULL,NULL,NULL,NULL,NULL,NULL,NULL,NULL,"okres Liptovský Mikuláš","Malé Borové","Malé Borové",NULL,NULL
Ju3mlVUzkyZ,"2-room apartment",62,2500.00,"new construction","ground floor",3,NULL,2025,A,NULL,NULL,NULL,NULL,"okres Martin",Sučany,Sučany,"TARGETreal s. r. o.",Žilina
JuogofXpdYk,"holiday apartment",26,5192.31,"new construction","ground floor",1,NULL,2022,A,NULL,NULL,NULL,NULL,"okres Liptovský Mikuláš","Liptovský Mikuláš",Demänová,liptoreal,"Liptovský Mikuláš"
Ju6MtpU11Ir,"3-room apartment",66,NULL,"fully renovated","upper floor",NULL,NULL,1970,NULL,NULL,NULL,NULL,NULL,"okres Martin",Príbovce,Príbovce,"B10 Slovensko, a. s.",Žilina
Ju7oSLy3Fih,"holiday apartment",63,3490.48,"new construction","ground floor",NULL,NULL,2022,A,NULL,NULL,NULL,NULL,"okres Ružomberok",Ružomberok,Hrabovo,"All 4 Life, s.r.o.",Piešťany
JubVv2aiyY0,"4-room apartment",67,3157.89,"new construction","ground floor",1,NULL,2023,"in preparation",NULL,NULL,NULL,NULL,"okres Liptovský Mikuláš","Liptovský Mikuláš",Demänová,"PROMINENT REAL s.r.o.",Bratislava
JuhBe2gFJxv,"4-room apartment",NULL,NULL,"new construction",NULL,NULL,NULL,NULL,NULL,NULL,NULL,NULL,NULL,"okres Žilina",Žilina,Hliny,NULL,NULL
Juw-fZcag7r,"3-room apartment",138,2403.85,"new construction","top floor",5,yes,2025,A,yes,NULL,NULL,yes,"okres Žilina",Žilina,Hájik,"ODEKO manažment s.r.o.",Žilina
JuTBd7ApfBa,"1-room apartment",38,3059.88,"new construction","ground floor",1,NULL,2005,A,NULL,NULL,NULL,NULL,"okres Martin",Martin,Priekopa,"Eli real realitná kancelária",Košice
JuUG1bLiAAp,"2-room apartment",45,3000.00,"new construction",NULL,NULL,NULL,NULL,NULL,NULL,NULL,NULL,NULL,"okres Bytča","Veľké Rovné","Veľké Rovné",NULL,NULL
JudWP4utpDg,"1-room apartment",30,3469.18,"partially renovated","upper floor",4,yes,1960,A,NULL,NULL,yes,NULL,"okres Čadca",Čadca,Centrum,"TARGETreal s. r. o.",Žilina
JuajpkZsNxA,"4-room apartment",80,1890.55,"partially renovated","upper floor",3,NULL,1979,"not available",yes,NULL,NULL,yes,"okres Ružomberok",Ružomberok,"Staré mesto","A-Byt Consult, s.r.o.",Ružomberok
Jum1UMzjJKg,"2-room apartment",43,1828.00,"fully renovated",NULL,NULL,NULL,NULL,NULL,NULL,NULL,NULL,NULL,"okres Čadca",Staškov,Staškov,"SLNOVRAT, s.r.o.",Olešná
Ju4BxKT1MU9,"holiday apartment",31,3918.03,"new construction","ground floor",1,NULL,NULL,"not available",NULL,NULL,NULL,NULL,"okres Žilina","Rajecké Teplice","Rajecké Teplice","Realitné kancelárie SR",Bratislava
JuQ9TAROpsL,"3-room apartment",74,1797.30,"fully renovated","top floor",12,NULL,1986,"not available",NULL,NULL,NULL,NULL,"okres Čadca",Čadca,Centrum,"PhDr. Miloš Kocúr - BKM Consulting",Skalité
JuTSuAfPUaV,"holiday apartment",73,11181.23,"under construction","upper floor",4,yes,2025,A,NULL,NULL,NULL,NULL,"okres Liptovský Mikuláš","Demänovská Dolina","Demänovská Dolina","Tatry mountain resorts, a.s.","Liptovský Mikuláš"
Juqt_RyaYSM,"4-room apartment",79,2832.33,"under construction","upper floor",3,yes,2025,A,NULL,yes,NULL,yes,"okres Kysucké Nové Mesto","Kysucké Nové Mesto",Kamence,"Istrofinal, s. r. o.",Žilina
JuPxUBuwHJ4,"4-room apartment",272,1783.09,"new construction","upper floor",6,NULL,2020,"not available",NULL,NULL,NULL,NULL,"okres Žilina",Žilina,Hliny,"RIEŠIME BÝVANIE",Bratislava
JuWJdu9GaUY,"2-room apartment",47,4234.04,"new construction",NULL,NULL,NULL,NULL,NULL,NULL,NULL,NULL,NULL,"okres Žilina",Kunerad,Kunerad,NULL,NULL
Juk34S4WJno,"3-room apartment",115,1843.47,unrenovated,NULL,NULL,NULL,NULL,"not available",NULL,NULL,NULL,NULL,"okres Žilina",Žilina,Hliny,"MGM reality",Žilina
JuBHdW0whmB,"3-room apartment",66,2196.97,"partially renovated","top floor",NULL,NULL,1980,NULL,NULL,NULL,NULL,NULL,"okres Martin",Martin,Ľadoveň,"B10 Slovensko, a. s.",Žilina
Ju0roQQA2MK,"holiday apartment",37,4459.46,"new construction","ground floor",1,NULL,2021,A,NULL,yes,NULL,yes,"okres Liptovský Mikuláš","Demänovská Dolina","Demänovská Dolina","ML realitný& finančny servis s.r.o. , BrokerSoft s.r.o. , Monika Launerová - SZČO","Banská Bystrica"
JugFcThrxWKY,"3-room apartment",60,NULL,"new construction","upper floor",4,NULL,2022,A,NULL,yes,NULL,yes,"okres Liptovský Mikuláš",Ľubeľa,Ľubeľa,G-REAL,"Liptovský Mikuláš"
JuJvkR7cHC5,"3-room apartment",90,NULL,"partially renovated","ground floor",NULL,NULL,NULL,NULL,NULL,NULL,NULL,NULL,"okres Martin",Lipovec,Lipovec,"Realitná kancelária",Bratislava
JuPAGeZeFHi,"2-room apartment",50,2181.18,unrenovated,"upper floor",2,yes,NULL,NULL,NULL,NULL,NULL,yes,"okres Dolný Kubín","Dolný Kubín",Brezovec,"FINREA - ak vám záleží na výsledku","Dolný Kubín"
JuFc31jRHf3,"2-room apartment",65,2846.15,"fully renovated",NULL,NULL,NULL,NULL,NULL,NULL,NULL,NULL,NULL,"okres Žilina",Žilina,Vlčince,NULL,NULL
Jux8wTB74lK,"3-room apartment",68,NULL,unrenovated,"upper floor",2,NULL,1960,B,NULL,NULL,NULL,NULL,"okres Liptovský Mikuláš","Liptovský Mikuláš","Staré mesto","AstonReal s.r.o.","Banská Bystrica"
JuHzNQ7Qr-d,"3-room apartment",76,1820.09,unrenovated,"top floor",4,NULL,NULL,NULL,NULL,NULL,NULL,NULL,"okres Martin",Martin,Jahodníky,"Realitná kancelária",Bratislava
JuWNJll5MyrA,"3-room apartment",88,3210.29,"new construction","ground floor",1,NULL,2023,A,yes,yes,yes,yes,"okres Žilina",Žilina,Vlčince,"Reinoo a.s.",Žilina
JuvSfTkJipf,"2-room apartment",58,2692.11,"development project","upper floor",2,yes,2024,A,NULL,NULL,NULL,yes,"okres Ružomberok",Ružomberok,Baničné,"ODEKO manažment s.r.o.",Žilina
JulIgw-I980,"studio apartment",27,4444.07,"new construction",NULL,NULL,NULL,NULL,"not available",NULL,NULL,NULL,NULL,"okres Liptovský Mikuláš","Pavčina Lehota","Pavčina Lehota","Direct Real, spol. s r.o.",Bratislava
JutKisdKgjR,"2-room apartment",57,2770.03,"new construction","ground floor",1,NULL,NULL,C,NULL,NULL,NULL,NULL,"okres Liptovský Mikuláš","Liptovský Mikuláš","Staré mesto","RESIDENCE realitná kancelária","Liptovský Mikuláš"
JulDE6qv7sX,"4-room apartment",180,1611.11,unrenovated,"top floor",4,NULL,2002,"not available",NULL,NULL,NULL,NULL,"okres Žilina",Žilina,"Staré mesto","Realitná kancelária DOM",Žilina
Ju_WUvCjVPC,"holiday apartment",41,3562.65,"fully renovated","top floor",4,yes,2025,"not available",NULL,NULL,NULL,NULL,"okres Ružomberok",Bešeňová,Bešeňová,"Reality Alpia",Martin
JuI7RPoOfX3,"3-room apartment",70,1798.42,"partially renovated","upper floor",2,yes,1980,"not available",NULL,NULL,NULL,NULL,"okres Čadca",Turzovka,Stred,"Reality IQ, s.r.o.",Žilina
Jug8bqAUxzc,"2-room apartment",50,2658.00,"partially renovated","ground floor",NULL,NULL,1975,G,NULL,NULL,NULL,NULL,"okres Liptovský Mikuláš","Liptovský Mikuláš","Vrbica - Nábrežie","HD reality group s.r.o","Banská Bystrica"
JuNYFhhNxB9,"holiday apartment",44,3086.22,"new construction","ground floor",1,yes,2025,A,NULL,NULL,yes,NULL,"okres Martin",Martin,Stred,"Buby reality, s.r.o.",Žilina
JuTJKH0pdjPh,"4-room apartment",91,1978.02,"fully renovated",NULL,NULL,NULL,1980,"not available",NULL,NULL,NULL,NULL,"okres Liptovský Mikuláš","Liptovský Mikuláš",NULL,"TUreality s.r.o.",Žilina
JuyttBliR9C,"3-room apartment",70,3127.14,"fully renovated","upper floor",NULL,NULL,1980,NULL,NULL,NULL,NULL,NULL,"okres Žilina","Rajecké Teplice","Rajecké Teplice","B10 Slovensko, a. s.",Žilina
JuMi-Tt27An,"2-room apartment",48,3210.24,"new construction","upper floor",4,NULL,2025,A,NULL,yes,yes,NULL,"okres Liptovský Mikuláš","Liptovský Mikuláš",Palúdzka,"STRATEGIC REALITY","Liptovský Mikuláš"
JuWmtnyPS8K,"3-room apartment",110,1863.64,"fully renovated","upper floor",NULL,NULL,2008,NULL,NULL,NULL,NULL,NULL,"okres Martin",Lipovec,Lipovec,"B10 Slovensko, a. s.",Žilina
Juv5BxkBnXj,"4-room apartment",172,1846.63,"under construction","upper floor",NULL,NULL,NULL,NULL,NULL,NULL,NULL,NULL,"okres Žilina",Žilina,Hájik,"Realitná kancelária",Bratislava
Juhppb1YIBH,"2-room apartment",54,2962.96,"fully renovated","upper floor",2,NULL,2003,"not available",NULL,NULL,NULL,NULL,"okres Ružomberok",Ružomberok,Hrabovo,"FISCHER & PARTNERS, s.r.o.",Ružomberok
JuUcmtKJgcX,"2-room apartment",45,NULL,"fully renovated","upper floor",4,NULL,1960,G,NULL,NULL,NULL,NULL,"okres Žilina",Žilina,"Staré mesto","HD reality group s.r.o","Banská Bystrica"
JuZrguawZAO,"2-room apartment",64,2343.59,"fully renovated",NULL,NULL,NULL,NULL,NULL,NULL,NULL,NULL,NULL,"okres Bytča",Bytča,"Veľká Bytča",NULL,NULL
JugHDSXoGA9,"3-room apartment",76,1835.53,"partially renovated","upper floor",3,yes,1900,NULL,NULL,NULL,NULL,NULL,"okres Čadca",Turzovka,Stred,"bezmaklérov, s.r.o.",Žilina
Ju7QL5RGfkF,"studio apartment",32,2343.75,"new construction","top floor",3,NULL,2025,"not available",NULL,NULL,NULL,NULL,"okres Bytča",Kotešová,Kotešová,"Reality Alpia",Martin
JuKdeWhe2o7,"holiday apartment",38,4736.84,"new construction","ground floor",1,NULL,2022,A,NULL,yes,NULL,yes,"okres Liptovský Mikuláš","Demänovská Dolina","Demänovská Dolina",Limaxreal,"Liptovský Mikuláš"
JuN5ogzbwb6,"studio apartment",21,5475.96,"fully renovated",NULL,NULL,NULL,NULL,"not available",NULL,NULL,NULL,NULL,"okres Žilina",Žilina,Vlčince,"MGM reality",Žilina
JukyEz3oR2iD,"2-room apartment",57,2103.51,"partially renovated",NULL,NULL,NULL,NULL,"not available",NULL,NULL,NULL,NULL,"okres Liptovský Mikuláš","Liptovský Mikuláš","Staré mesto","Direct Real, spol. s r.o.",Bratislava
JuUrOuQWCVS,"3-room apartment",83,2602.41,"new construction",NULL,NULL,NULL,2025,"not available",NULL,NULL,NULL,NULL,"okres Liptovský Mikuláš","Liptovský Hrádok",Dovalovo,"TUreality s.r.o.",Žilina
JuOrA9qwl7f,"3-room apartment",85,NULL,"partially renovated",NULL,NULL,NULL,1993,"not available",NULL,NULL,NULL,NULL,"okres Turčianske Teplice","Turčianske Teplice",Stred,"TUreality s.r.o.",Žilina
JuGLEI81NEj,"3-room apartment",82,NULL,unrenovated,"top floor",2,NULL,NULL,"not available",NULL,NULL,NULL,NULL,"okres Žilina",Žilina,"Staré mesto","MGM reality",Žilina
Ju3hr4RXLjv,maisonette,NULL,NULL,"fully renovated",NULL,NULL,NULL,NULL,NULL,NULL,NULL,NULL,NULL,"okres Čadca",Čadca,Centrum,"RECLOUD Reality a.s.",Bratislava
JuOs2hhR_fq,"1-room apartment",56,3348.21,"fully renovated","upper floor",2,NULL,2019,"not available",NULL,NULL,NULL,NULL,"okres Liptovský Mikuláš","Liptovský Mikuláš","Liptovská Mara - Tatralandia","HALO reality, s.r.o.",Prievidza
Ju89eBckNJI,"2-room apartment",69,2723.61,"under construction","upper floor",4,yes,2024,A,NULL,yes,yes,NULL,"okres Martin",Martin,Jahodníky,"CANGURU s.r.o.","Rajecké Teplice"
JuUeGi9MZcI,"holiday apartment",79,6202.53,"new construction","upper floor",6,yes,NULL,A,NULL,NULL,NULL,NULL,"okres Liptovský Mikuláš","Demänovská Dolina","Demänovská Dolina","RESIDENCE realitná kancelária","Liptovský Mikuláš"
JuztOys4YDo,"holiday apartment",65,5300.00,"new construction","added floor",3,yes,2026,A,NULL,NULL,NULL,NULL,"okres Liptovský Mikuláš","Demänovská Dolina","Demänovská Dolina","J.M.H. s.r.o.","Liptovský Hrádok"
JuBe2LSvIsNx,"2-room apartment",66,2549.88,"new construction","ground floor",1,yes,2024,"not available",NULL,NULL,NULL,NULL,"okres Ružomberok","Liptovská Teplá","Liptovská Teplá","AstonReal s.r.o.","Banská Bystrica"
JuX5UJf-pU4,"holiday apartment",43,5325.58,"new construction","top floor",2,NULL,NULL,A,NULL,NULL,NULL,NULL,"okres Liptovský Mikuláš","Liptovský Mikuláš",Demänová,"RESIDENCE realitná kancelária","Liptovský Mikuláš"
Juh8S_7FwJj,"1-room apartment",47,2233.83,unrenovated,"upper floor",8,yes,NULL,NULL,NULL,NULL,NULL,NULL,"okres Tvrdošín",Tvrdošín,Medvedzie,"Vianema s.r.o.",Bratislava
JukRhMNGZ-C,"2-room apartment",47,2610.64,"new construction",NULL,NULL,NULL,NULL,NULL,NULL,NULL,NULL,NULL,"okres Ružomberok",Ružomberok,Roveň,NULL,NULL
JunH90jZGku,"1-room apartment",31,4008.41,"development project","upper floor",2,NULL,2025,"not available",NULL,NULL,NULL,NULL,"okres Žilina",Žilina,Bytčica,"Effecting s.r.o.",Bratislava
JuzxsN9HYse,"2-room apartment",38,4853.33,"new construction","upper floor",2,yes,2011,"not available",NULL,NULL,NULL,NULL,"okres Liptovský Mikuláš","Liptovský Mikuláš",Demänová,"OVERENÉ REALITY","Banská Bystrica"
JuIVEdX9aqM,"2-room apartment",66,1696.97,"partially renovated","top floor",4,NULL,NULL,NULL,NULL,NULL,NULL,NULL,"okres Martin",Martin,Sever,"FINREA - ak vám záleží na výsledku","Dolný Kubín"
Ju23LHSYosl,"1-room apartment",29,4778.16,"new construction","ground floor",1,NULL,2014,B,NULL,yes,yes,NULL,"okres Liptovský Mikuláš","Demänovská Dolina","Demänovská Dolina",G-REAL,"Liptovský Mikuláš"
JuMfaZM03jX,"3-room apartment",64,2578.13,"fully renovated",NULL,NULL,NULL,1980,"not available",NULL,NULL,NULL,NULL,"okres Dolný Kubín","Dolný Kubín","Veľký Bysterec","TUreality s.r.o.",Žilina
Ju1KgFqJaOR,"2-room apartment",43,2458.14,"new construction","upper floor",2,NULL,2024,A,NULL,NULL,NULL,NULL,"okres Liptovský Mikuláš","Malé Borové","Malé Borové","REALITY FAIR","Banská Bystrica"
Ju2DPhpZEXH,"4-room apartment",127,3412.44,"development project","upper floor",4,yes,2022,A,yes,NULL,NULL,yes,"okres Žilina",Žilina,"Staré mesto","KORSO Project, s.r.o.",Žilina
JuqFaXjCOjj,"1-room apartment",30,3624.16,"fully renovated","upper floor",4,NULL,2000,"not available",NULL,NULL,NULL,NULL,"okres Martin",Martin,Košúty,"Reality ASTORIA, s.r.o.",Martin
JuoHqPCC27P,"holiday apartment",97,3804.12,"fully renovated","ground floor",1,NULL,NULL,G,NULL,NULL,NULL,NULL,"okres Ružomberok",Bešeňová,Bešeňová,"REALITY SPOLU",Bratislava
Ju8yXTZyQ0c,"3-room apartment",89,2640.45,"partially renovated",NULL,NULL,NULL,2025,"not available",NULL,NULL,NULL,NULL,"okres Liptovský Mikuláš","Liptovský Hrádok",Dovalovo,"TUreality s.r.o.",Žilina
Juh0xQ8lAwr,"holiday apartment",46,3021.74,"new construction","ground floor",1,NULL,2025,A,NULL,NULL,NULL,NULL,"okres Liptovský Mikuláš","Demänovská Dolina","Demänovská Dolina","MK-CORP s.r.o.",Malacky
JuolQI_qYfx,"holiday apartment",44,6531.53,"new construction","upper floor",6,yes,NULL,NULL,NULL,NULL,NULL,NULL,"okres Liptovský Mikuláš","Demänovská Dolina","Demänovská Dolina","RESIDENCE realitná kancelária","Liptovský Mikuláš"
JujVD_-rIKd,"2-room apartment",40,3637.50,"new construction",NULL,NULL,NULL,NULL,NULL,NULL,NULL,NULL,NULL,"okres Ružomberok",Ružomberok,Hrabovo,NULL,NULL
Ju8MQ6z2y19,"1-room apartment",38,3997.37,"new construction","upper floor",3,yes,2025,"in preparation",yes,NULL,yes,NULL,"okres Žilina",Žilina,"Staré mesto","WFG reality, s.r.o.",Žilina
JudIm98MNcc,"3-room apartment",69,2549.28,"fully renovated","upper floor",6,NULL,1995,NULL,NULL,NULL,NULL,NULL,"okres Žilina",Žilina,Vlčince,"Realitná kancelária RED, s.r.o.",Žilina
JurCt3kGKjX,"3-room apartment",80,2000.00,"partially renovated","upper floor",3,NULL,1975,A,NULL,NULL,NULL,NULL,"okres Kysucké Nové Mesto","Kysucké Nové Mesto",Sídlisko,"ROSA reality","Kysucké Nové Mesto"
JudLFAAMGyd,"3-room apartment",72,2035.13,unrenovated,"top floor",NULL,NULL,NULL,NULL,NULL,NULL,NULL,NULL,"okres Liptovský Mikuláš","Liptovský Mikuláš","Vrbica - Nábrežie","RESIDENCE realitná kancelária","Liptovský Mikuláš"
JuAF6zTk4aw,"3-room apartment",86,3110.78,"new construction","upper floor",2,yes,2025,A,NULL,yes,yes,NULL,"okres Žilina",Žilina,Hájik,"ODEKO manažment s.r.o.",Žilina
JurXcD9fbrUY,"4-room apartment",162,2654.32,"fully renovated","upper floor",2,NULL,1995,"not available",NULL,NULL,NULL,NULL,"okres Žilina",Žilina,"Staré mesto","Realitná kancelária RED, s.r.o.",Žilina
JuviN4c9fMi,"2-room apartment",63,3444.44,"new construction","top floor",2,NULL,2024,B,NULL,NULL,NULL,NULL,"okres Liptovský Mikuláš","Liptovský Mikuláš",Demänová,G-REAL,"Liptovský Mikuláš"
Jux3fZyBY08,"2-room apartment",67,NULL,"fully renovated","upper floor",8,yes,1970,G,NULL,yes,NULL,yes,"okres Martin",Martin,Sever,"HD reality group s.r.o","Banská Bystrica"
JuzYHHeYN5Y,"3-room apartment",82,2071.95,unrenovated,"upper floor",3,yes,1980,"not available",NULL,NULL,NULL,NULL,"okres Žilina",Žilina,Vlčince,"Safe reality s. r. o.",Žilina
JulrtoBvNUl,"4-room apartment",102,2709.26,"fully renovated",NULL,NULL,NULL,NULL,"not available",NULL,NULL,NULL,NULL,"okres Žilina",Žilina,Vlčince,"MGM reality",Žilina
JunJQlPuUZ5,"3-room apartment",74,2530.41,"new construction",NULL,NULL,NULL,NULL,NULL,NULL,NULL,NULL,NULL,"okres Ružomberok",Ružomberok,"Staré mesto",NULL,NULL
Ju7Y_BuXfpd,"3-room apartment",66,2043.94,unrenovated,"upper floor",3,yes,1975,"not available",yes,NULL,yes,NULL,"okres Martin",Martin,Sever,"Reality Center, s.r.o.",Martin
JuIQRanSNHE,"holiday apartment",35,3971.43,"new construction","ground floor",1,NULL,2024,A,NULL,NULL,NULL,NULL,"okres Liptovský Mikuláš","Demänovská Dolina","Demänovská Dolina","MK-CORP s.r.o.",Malacky
Ju-oy7KMPvG,"2-room apartment",42,3472.22,"new construction","upper floor",6,yes,2019,A,NULL,NULL,NULL,NULL,"okres Martin",Martin,Priekopa,"CANGURU s.r.o.","Rajecké Teplice"
JuGK6bfHjeP,"1-room apartment",30,3525.42,"partially renovated","upper floor",2,NULL,2012,"not available",NULL,NULL,NULL,NULL,"okres Ružomberok",Ružomberok,Hrabovo,"Reality ELIÁŠ",Nitra
Juow0UUu95a,"holiday apartment",26,4038.46,"new construction","upper floor",2,yes,2019,"not available",NULL,NULL,NULL,NULL,"okres Liptovský Mikuláš","Liptovský Ján","Liptovský Ján","RIEŠIME BÝVANIE",Bratislava
JuhboaiL4kD,"holiday apartment",1200,NULL,"partially renovated",NULL,NULL,NULL,2005,NULL,NULL,NULL,NULL,NULL,"okres Čadca",Makov,Makov,"Apollo House",Bratislava
JuvEgSpY9yR,"3-room apartment",75,2920.00,"partially renovated",NULL,NULL,NULL,NULL,NULL,NULL,NULL,NULL,NULL,"okres Ružomberok",Ružomberok,"Staré mesto",NULL,NULL
JunTVXk3Mti,"3-room apartment",82,NULL,"fully renovated","upper floor",2,yes,1970,"not available",NULL,NULL,NULL,NULL,"okres Martin",Martin,Stred,"Real Reality Development s.r.o.",Martin
JuuSRj_dS1E,"1-room apartment",30,3316.67,"fully renovated",NULL,NULL,NULL,NULL,NULL,NULL,NULL,NULL,NULL,"okres Martin",Martin,Ľadoveň,NULL,NULL
Ju4H966Coro,"1-room apartment",40,3725.00,"fully renovated","ground floor",1,NULL,2020,B,NULL,NULL,NULL,NULL,"okres Ružomberok",Bešeňová,Bešeňová,"OREA, s.r.o.","Dolný Kubín"
Ju6-B7-KyuQ,"2-room apartment",44,3793.18,"new construction","ground floor",1,yes,2025,"in preparation",NULL,yes,NULL,yes,"okres Žilina",Žilina,"Staré mesto","WFG reality, s.r.o.",Žilina
JuhnGApypwY,"3-room apartment",92,3076.09,"new construction",NULL,NULL,NULL,NULL,NULL,NULL,NULL,NULL,NULL,"okres Žilina",Žilina,Vlčince,NULL,NULL
Ju7xovoPDxC,"2-room apartment",67,1791.04,"partially renovated","upper floor",4,NULL,1900,"not available",NULL,NULL,NULL,NULL,"okres Ružomberok",Ružomberok,Roveň,"RE/MAX Slovakia",Bratislava
Ju_EiSHONLK,"2-room apartment",46,2947.60,"fully renovated","upper floor",NULL,NULL,NULL,NULL,NULL,NULL,NULL,NULL,"okres Bytča",Kotešová,Kotešová,"Realitná kancelária",Bratislava
JukTLg0JPLo,"2-room apartment",75,2613.33,"fully renovated","upper floor",3,NULL,1966,"not available",NULL,NULL,NULL,NULL,"okres Žilina",Žilina,"Staré mesto","ŽILINAREAL, s.r.o.",Žilina
Ju5nlrwa9YA,"3-room apartment",204,1367.65,"fully renovated","upper floor",5,yes,NULL,NULL,NULL,NULL,NULL,NULL,"okres Čadca",Čadca,Centrum,"Vianema s.r.o.",Bratislava
JuxqWwCd3Bc,"holiday apartment",42,3547.62,"new construction","ground floor",1,yes,2021,"not available",NULL,NULL,NULL,NULL,"okres Ružomberok",Bešeňová,Bešeňová,"Reality Alpia",Martin
Ju-lEoc2XSC,"3-room apartment",118,2687.82,"new construction","top floor",5,yes,2025,A,NULL,yes,yes,NULL,"okres Žilina",Žilina,Hájik,"ODEKO manažment s.r.o.",Žilina
JuPFzcSTrpI,"2-room apartment",50,NULL,"fully renovated",NULL,NULL,NULL,NULL,"not available",NULL,NULL,NULL,NULL,"okres Žilina",Žilina,Hájik,"MGM reality",Žilina
JuBGOlYijOs,"3-room apartment",41,NULL,"fully renovated","ground floor",1,NULL,NULL,NULL,NULL,NULL,NULL,NULL,"okres Dolný Kubín",Leštiny,Leštiny,"FINREA - ak vám záleží na výsledku","Dolný Kubín"
JuzSVrg19-5,"3-room apartment",79,3100.00,"new construction",NULL,NULL,NULL,NULL,NULL,NULL,NULL,NULL,NULL,"okres Dolný Kubín","Dolný Kubín",Stred,"OREA, s.r.o.","Dolný Kubín"
Ju4DmwiiW-b,"4-room apartment",80,2815.49,"under construction","upper floor",2,yes,2025,A,NULL,yes,NULL,yes,"okres Kysucké Nové Mesto","Kysucké Nové Mesto",Kamence,"Istrofinal, s. r. o.",Žilina
Juu9JOj3Rtxf,"3-room apartment",43,NULL,"fully renovated",NULL,NULL,NULL,NULL,NULL,NULL,NULL,NULL,NULL,"okres Dolný Kubín",Leštiny,Leštiny,"FINREA - ak vám záleží na výsledku","Dolný Kubín"
JuqrzDEx4zp,"3-room apartment",96,1541.56,"partially renovated","ground floor",1,NULL,1986,"not available",NULL,NULL,NULL,NULL,"okres Žilina","Dlhé Pole","Dlhé Pole","DRR INVEST, s. r. o.","Horný Hričov"
Ju6HxyuWwow,"3-room apartment",226,NULL,unrenovated,"top floor",3,NULL,1924,"not available",NULL,NULL,NULL,NULL,"okres Žilina",Žilina,"Staré mesto","RENOME REAL",Žilina
Ju7k48dIljM,"2-room apartment",65,2292.31,"fully renovated","ground floor",1,NULL,1900,G,NULL,yes,NULL,yes,"okres Liptovský Mikuláš","Liptovský Mikuláš","Staré mesto","HALO reality, s.r.o.",Prievidza
JuN_WBxnd6g,"2-room apartment",45,3108.89,"new construction",NULL,NULL,NULL,NULL,A,NULL,NULL,NULL,NULL,"okres Liptovský Mikuláš","Malé Borové","Malé Borové",NULL,NULL
JuVrf5-P_w2,"2-room apartment",66,1696.97,"partially renovated","top floor",4,NULL,1965,"not available",NULL,NULL,NULL,NULL,"okres Martin",Martin,Sever,"Reality AK, spol. s r.o.",Martin
JuhprznFXvm,"1-room apartment",42,2101.58,"under construction",NULL,NULL,NULL,2024,NULL,NULL,NULL,NULL,NULL,"okres Bytča",Bytča,"Thurzove sady","4FIN s.r.o.",Beluša
JubdDMCwkS-,"2-room apartment",51,2843.14,"fully renovated","upper floor",6,yes,1988,"not available",NULL,NULL,NULL,NULL,"okres Martin",Martin,Záturčie,"Realitná kancelária DR, s.r.o.",Martin
JuAFSeapxAr,"4-room apartment",102,3049.00,"new construction","ground floor",2,yes,2025,A,NULL,NULL,NULL,yes,"okres Žilina",Žilina,Hájik,"ODEKO manažment s.r.o.",Žilina
JunM5Oyfta7,"4-room apartment",84,1845.24,"fully renovated",NULL,NULL,NULL,NULL,"not available",NULL,NULL,NULL,NULL,"okres Liptovský Mikuláš","Liptovský Hrádok",NULL,"Direct Real, spol. s r.o.",Bratislava
Ju-DQSmNMMQ,"4-room apartment",120,2733.33,"fully renovated","upper floor",2,NULL,1995,NULL,NULL,NULL,NULL,NULL,"okres Žilina",Žilina,"Staré mesto","Realitná kancelária RED, s.r.o.",Žilina
Juzy2CD4C3Q,"3-room apartment",76,NULL,"under construction",NULL,NULL,NULL,NULL,NULL,NULL,NULL,NULL,NULL,"okres Liptovský Mikuláš","Liptovský Mikuláš","Staré mesto",NULL,NULL
JuyFJFlxmNe,"holiday apartment",40,3015.08,unrenovated,NULL,NULL,NULL,2025,"not available",NULL,yes,NULL,yes,"okres Ružomberok",Ružomberok,Hrabovo,"Reality Alpia",Martin
JudFUrfv3xN,"2-room apartment",73,NULL,"new construction","upper floor",4,yes,2005,"not available",NULL,NULL,NULL,NULL,"okres Dolný Kubín","Dolný Kubín",Brezovec,"OREA, s.r.o.","Dolný Kubín"
JuTZyCvuUzR,"3-room apartment",65,NULL,unrenovated,"upper floor",6,yes,2020,"not available",NULL,NULL,NULL,NULL,"okres Martin",Martin,Sever,"Reality ASTORIA, s.r.o.",Martin
Juip-IYlQVA,"3-room apartment",80,1500.00,unrenovated,"upper floor",3,NULL,NULL,NULL,NULL,NULL,NULL,NULL,"okres Martin",Martin,Záturčie,"Realitná kancelária",Bratislava
Jubh97mv2uS,"2-room apartment",72,2220.83,"fully renovated","upper floor",3,NULL,1900,"not available",NULL,NULL,NULL,NULL,"okres Martin",Martin,Stred,"RE/MAX Slovakia",Bratislava
JuWE0lIaFPD,"3-room apartment",91,3000.00,unrenovated,NULL,NULL,NULL,2008,"not available",NULL,NULL,NULL,NULL,"okres Žilina",Žilina,Hliny,"TUreality s.r.o.",Žilina
JucmQgleApT,"4-room apartment",127,3518.45,"new construction","upper floor",3,yes,2022,A,yes,NULL,NULL,yes,"okres Žilina",Žilina,"Staré mesto","KORSO Project, s.r.o.",Žilina
Juwx2mgp7mc,"3-room apartment",64,2077.97,"partially renovated","upper floor",6,yes,1970,"not available",NULL,yes,yes,NULL,"okres Martin",Martin,Sever,"Reality AK, spol. s r.o.",Martin
Juefy0T6TSp,"4-room apartment",113,1547.79,"partially renovated","raised ground floor",NULL,NULL,1980,"not available",NULL,NULL,NULL,NULL,"okres Kysucké Nové Mesto","Kysucké Nové Mesto",NULL,"Safe reality s. r. o.",Žilina
JuOlH8L9nB_,"2-room apartment",49,4376.78,"new construction","upper floor",3,yes,2025,A,NULL,NULL,NULL,NULL,"okres Žilina",Žilina,Vlčince,"Reinoo a.s.",Žilina
JuP6ftsrJ5D,"2-room apartment",71,3798.18,"new construction",NULL,NULL,NULL,NULL,NULL,NULL,NULL,NULL,NULL,"okres Žilina",Žilina,Hliny,NULL,NULL
JuXhj_2xCZd,"3-room apartment",84,NULL,"fully renovated","upper floor",NULL,NULL,1980,NULL,NULL,NULL,NULL,NULL,"okres Martin",Martin,Stráne,"B10 Slovensko, a. s.",Žilina
JuFDFkP8ndy,"1-room apartment",38,4023.68,"new construction","upper floor",3,yes,2025,"in preparation",yes,NULL,yes,NULL,"okres Žilina",Žilina,"Staré mesto","WFG reality, s.r.o.",Žilina
Ju0vPaBxKXU,"2-room apartment",66,2691.43,"fully renovated","upper floor",2,yes,1975,NULL,NULL,NULL,NULL,NULL,"okres Liptovský Mikuláš","Liptovský Mikuláš","Vrbica - Nábrežie","RESIDENCE realitná kancelária","Liptovský Mikuláš"
Jul_zSmXyuk,"3-room apartment",74,3309.46,"new construction","top floor",3,NULL,2025,NULL,NULL,NULL,NULL,NULL,"okres Žilina",Žilina,Bytčica,"Realitná kancelária RED, s.r.o.",Žilina
JuTx27ZW8X8,"holiday apartment",40,3821.53,"under construction","upper floor",2,NULL,2025,"in preparation",NULL,NULL,NULL,NULL,"okres Liptovský Mikuláš",Lazisko,Lazisko,"RK SPIRIT s.r.o.","Liptovský Mikuláš"
Jun0m0ZrnOH,"holiday apartment",74,11206.08,"under construction","upper floor",4,yes,2025,A,NULL,NULL,NULL,NULL,"okres Liptovský Mikuláš","Demänovská Dolina","Demänovská Dolina","Tatry mountain resorts, a.s.","Liptovský Mikuláš"
JuIW7C6rFGH,"3-room apartment",70,1785.71,"partially renovated","top floor",4,NULL,1985,"not available",NULL,NULL,NULL,NULL,"okres Martin",Turany,Turany,"LIF REAL",Martin
JuL2iQbOhc4,"holiday apartment",64,NULL,"new construction","upper floor",2,NULL,2025,A,yes,NULL,yes,NULL,"okres Námestovo","Oravská Lesná","Oravská Lesná","KUBALA REALITY, s.r.o.",Čadca
JuU_yP2Leq5,"2-room apartment",70,2428.57,"partially renovated","upper floor",NULL,NULL,NULL,NULL,NULL,NULL,NULL,NULL,"okres Žilina",Žilina,Hliny,"ROMDOM, s. r. o",Žilina
JuZsnFqHRPo,"4-room apartment",111,NULL,unrenovated,"ground floor",1,NULL,2006,"not available",NULL,NULL,NULL,NULL,"okres Žilina",Žilina,Závodie,"MGM reality",Žilina
JuHVIRVpUCc,"holiday apartment",75,NULL,"fully renovated","ground floor",1,NULL,NULL,NULL,NULL,NULL,NULL,NULL,"okres Liptovský Mikuláš","Liptovský Mikuláš","Staré mesto","RK SPIRIT s.r.o.","Liptovský Mikuláš"
JuunJga2z_k,"2-room apartment",81,5555.56,"new construction","upper floor",4,NULL,2023,A,NULL,NULL,NULL,NULL,"okres Liptovský Mikuláš","Demänovská Dolina","Demänovská Dolina","RE/MAX Slovakia",Bratislava
Ju0haPUlmUa,"3-room apartment",NULL,NULL,"new construction",NULL,NULL,NULL,NULL,NULL,NULL,NULL,NULL,NULL,"okres Žilina",Žilina,Hliny,NULL,NULL
JuMd5Se4xMY,"3-room apartment",65,2000.00,"fully renovated","top floor",12,NULL,NULL,NULL,NULL,NULL,NULL,NULL,"okres Martin",Martin,Košúty,"Realitná kancelária",Bratislava
JusbD5cQ3a4,"3-room apartment",69,1869.57,"partially renovated","upper floor",NULL,NULL,1980,NULL,NULL,NULL,NULL,NULL,"okres Martin",Martin,Košúty,"B10 Slovensko, a. s.",Žilina
JuMB3dfOXp8,"3-room apartment",82,NULL,"fully renovated","ground floor",1,NULL,1978,A,NULL,NULL,NULL,NULL,"okres Liptovský Mikuláš","Liptovský Mikuláš",Palúdzka,"AstonReal s.r.o.","Banská Bystrica"
JubzWbhcDfO,"3-room apartment",60,NULL,unrenovated,NULL,NULL,NULL,1980,"not available",NULL,NULL,NULL,NULL,"okres Turčianske Teplice","Turčianske Teplice",NULL,"TUreality s.r.o.",Žilina
JuVAMiylcZs,"holiday apartment",59,NULL,"new construction",attic,3,yes,2023,A,NULL,NULL,NULL,NULL,"okres Liptovský Mikuláš","Liptovský Mikuláš","Liptovská Mara - Tatralandia","RK SPIRIT s.r.o.","Liptovský Mikuláš"
JunEHNrbeFP,"holiday apartment",42,3330.95,"fully renovated","upper floor",3,NULL,2020,"not available",NULL,NULL,NULL,NULL,"okres Liptovský Mikuláš","Liptovský Ján","Liptovský Ján","GERT , s.r.o.","Liptovský Mikuláš"
Juqo7TnYgwu,"3-room apartment",87,3160.92,"new construction",NULL,NULL,NULL,NULL,"not available",NULL,NULL,NULL,NULL,"okres Liptovský Mikuláš","Liptovský Mikuláš",Palúdzka,"Direct Real, spol. s r.o.",Bratislava
Ju1i5P66bxL,"4-room apartment",84,2172.62,"fully renovated","upper floor",2,NULL,1976,NULL,NULL,NULL,NULL,NULL,"okres Martin",Martin,Ľadoveň,"Realitná kancelária",Bratislava
JuYIUYhGIcc,"3-room apartment",69,2607.25,"partially renovated","raised ground floor",NULL,NULL,NULL,B,NULL,NULL,NULL,NULL,"okres Žilina",Žilina,Vlčince,"Realitné kancelárie SR",Bratislava
JuNO1HdGb3E,"2-room apartment",55,3054.55,"fully renovated","raised ground floor",1,NULL,NULL,B,NULL,NULL,NULL,NULL,"okres Martin",Martin,Stred,"Buby reality, s.r.o.",Žilina
JulFrto6Z8R,"holiday apartment",34,5294.12,"new construction","ground floor",1,NULL,2019,A,NULL,NULL,NULL,NULL,"okres Liptovský Mikuláš","Demänovská Dolina","Demänovská Dolina","Tatra Invest",Podtureň
Ju3o-SF0dKF,"1-room apartment",38,3971.05,"new construction","top floor",4,yes,2025,"in preparation",yes,NULL,yes,NULL,"okres Žilina",Žilina,"Staré mesto","WFG reality, s.r.o.",Žilina
Juena3XeNrr,"2-room apartment",50,2180.00,"new construction",NULL,NULL,NULL,NULL,"not available",NULL,NULL,NULL,NULL,"okres Liptovský Mikuláš",Ľubeľa,Ľubeľa,"Direct Real, spol. s r.o.",Bratislava
JuvUgr_LkF7,"3-room apartment",62,3527.51,"new construction","ground floor",NULL,NULL,2024,NULL,NULL,NULL,NULL,NULL,"okres Liptovský Mikuláš","Liptovský Mikuláš","Liptovská Ondrašová","Bosen Group s.r.o.",Bratislava
Ju-oP3i-Pkz,"3-room apartment",73,NULL,"new construction","ground floor",1,yes,2024,A,NULL,NULL,yes,NULL,"okres Martin",Martin,Priekopa,"Reality ASTORIA, s.r.o.",Martin
JuEWaQqDH0I,"2-room apartment",37,2676.13,"fully renovated","upper floor",2,NULL,1975,"not available",yes,NULL,NULL,NULL,"okres Martin",Martin,Jahodníky,"Reality Center, s.r.o.",Martin
JuqQMoNXFYc,"3-room apartment",114,1885.96,"partially renovated","upper floor",3,NULL,1947,"not available",NULL,NULL,yes,yes,"okres Martin",Martin,Stred,"Reality Center, s.r.o.",Martin
Ju6LKRO0_U9,"2-room apartment",54,3296.30,"fully renovated","ground floor",1,NULL,1969,NULL,NULL,NULL,NULL,NULL,"okres Žilina",Žilina,"Staré mesto","Realitná kancelária RED, s.r.o.",Žilina
Ju_TYGvbGhv,"holiday apartment",76,6973.68,"new construction","upper floor",6,yes,NULL,A,NULL,NULL,NULL,NULL,"okres Liptovský Mikuláš","Demänovská Dolina","Demänovská Dolina","RESIDENCE realitná kancelária","Liptovský Mikuláš"
Juq7WGTR85M,"2-room apartment",63,1984.00,"partially renovated","top floor",3,NULL,1985,"not available",NULL,NULL,NULL,NULL,"okres Tvrdošín",Trstená,Trstená,"HD reality group s.r.o","Banská Bystrica"
JuOvpv4GR0X,"2-room apartment",79,2139.24,"fully renovated","raised ground floor",NULL,NULL,NULL,NULL,NULL,NULL,NULL,NULL,"okres Liptovský Mikuláš","Liptovský Mikuláš",NULL,"BeMi realitná kancelária",Nitra
Ju7s-G2xWRrv,"2-room apartment",28,3703.70,"new construction",NULL,NULL,NULL,NULL,NULL,NULL,NULL,NULL,NULL,"okres Dolný Kubín","Dolný Kubín","Veľký Bysterec","OREA, s.r.o.","Dolný Kubín"
JuXIhW2sDRX,"4-room apartment",87,2249.43,"partially renovated",NULL,NULL,NULL,NULL,"not available",NULL,NULL,NULL,NULL,"okres Žilina",Žilina,Vlčince,"Direct Real, spol. s r.o.",Bratislava
JuA1hP6Bd3t,"4-room apartment",118,3334.75,"fully renovated","top floor",3,NULL,2024,A,NULL,yes,NULL,yes,"okres Liptovský Mikuláš","Liptovský Mikuláš",Demänová,G-REAL,"Liptovský Mikuláš"
JunJ76UrnXo,"2-room apartment",54,2314.81,"partially renovated","ground floor",1,NULL,NULL,NULL,NULL,NULL,NULL,NULL,"okres Martin",Martin,Sever,"FINREA - ak vám záleží na výsledku","Dolný Kubín"
Juy4b8nUUh5,"3-room apartment",72,2527.78,"partially renovated","top floor",8,NULL,1999,"not available",NULL,NULL,yes,yes,"okres Žilina",Žilina,Hájik,"TARGETreal s. r. o.",Žilina
JuoKym-eugj,"holiday apartment",47,2564.10,"fully renovated",NULL,NULL,NULL,2025,"not available",yes,NULL,NULL,NULL,"okres Ružomberok",Ružomberok,Hrabovo,"Reality Alpia",Martin
JuxugnKSQZO,"2-room apartment",45,NULL,"new construction","upper floor",2,NULL,2024,"not available",NULL,NULL,NULL,NULL,"okres Dolný Kubín","Dolný Kubín",NULL,"RE/MAX Slovakia",Bratislava
Ju0Ee02A6Iy,"2-room apartment",60,3514.10,"new construction","upper floor",2,NULL,2024,A,NULL,NULL,NULL,NULL,"okres Žilina",Žilina,Vlčince,"HMS Services, a. s.",Žilina
JuZUv2TX6Jz,"holiday apartment",31,3697.75,"fully renovated","upper floor",2,yes,2025,"not available",NULL,NULL,NULL,NULL,"okres Ružomberok",Bešeňová,Bešeňová,"Reality Alpia",Martin
Ju-GH82Bvcv,"3-room apartment",80,1862.50,"partially renovated","upper floor",2,NULL,1978,A,NULL,NULL,NULL,NULL,"okres Liptovský Mikuláš","Liptovský Mikuláš",Palúdzka,"ŠIRINY, s.r.o.",Zvolen
JumwKAHAQZ-,"holiday apartment",147,NULL,"new construction",attic,2,NULL,2021,A,yes,NULL,yes,NULL,"okres Bytča",Súľov-Hradná,Súľov-Hradná,"RIEŠIME BÝVANIE",Bratislava
Ju36lkCzKpS,"2-room apartment",50,2470.00,"fully renovated","top floor",7,yes,1978,"not available",yes,NULL,NULL,NULL,"okres Martin",Martin,Priekopa,"NajBývanie, s.r.o.",Ružomberok
JuXRr8c0-gp,"holiday apartment",25,4858.30,"new construction","upper floor",2,yes,2018,A,NULL,NULL,NULL,NULL,"okres Liptovský Mikuláš","Liptovský Ján","Liptovský Ján","KRUPPKY, s.r.o.","Liptovský Mikuláš"
JuUYkSiI3DC,"holiday apartment",NULL,NULL,"new construction",NULL,NULL,NULL,NULL,NULL,NULL,NULL,NULL,NULL,"okres Liptovský Mikuláš","Liptovský Mikuláš","Liptovská Mara - Tatralandia","ARCHEUS Partners a.s.",Bratislava
JuqLWeKD7Wh,"2-room apartment",50,2200.00,unrenovated,"top floor",8,NULL,1985,B,NULL,NULL,NULL,NULL,"okres Liptovský Mikuláš","Liptovský Mikuláš",Podbreziny,liptoreal,"Liptovský Mikuláš"
Juq8LRZ6yKQ,"3-room apartment",68,NULL,unrenovated,"upper floor",3,yes,1974,"not available",NULL,NULL,NULL,NULL,"okres Ružomberok",Ružomberok,Roveň,"AstonReal s.r.o.","Banská Bystrica"
Ju_IKpLJHsv,"holiday apartment",31,4677.42,"fully renovated",NULL,NULL,NULL,NULL,NULL,NULL,NULL,NULL,NULL,"okres Ružomberok",Bešeňová,Bešeňová,"OREA, s.r.o.","Dolný Kubín"
JuTmTC_fKnC,"holiday apartment",57,NULL,"new construction","ground floor",1,yes,2021,"not available",yes,NULL,yes,NULL,"okres Dolný Kubín","Dolný Kubín","Kubínska hoľa","YNI reality",Žilina
JuuKGKckyxy,"3-room apartment",68,1911.76,"partially renovated","top floor",4,NULL,1972,"not available",NULL,NULL,NULL,NULL,"okres Martin",Vrútky,"Horné Vrútky","Reality MT s.r.o.",Martin
Ju7lyYOfLaW,"1-room apartment",43,3372.09,unrenovated,"upper floor",2,yes,1960,B,NULL,NULL,NULL,NULL,"okres Žilina",Žilina,Hliny,"RIEŠIME BÝVANIE",Bratislava
Ju7UlN5liG9,"3-room apartment",96,2753.73,"new construction","upper floor",4,yes,2025,A,NULL,NULL,NULL,NULL,"okres Martin",Martin,Jahodníky,"Buby reality, s.r.o.",Žilina
JuVUnBR3tKh,"2-room apartment",74,3229.73,"new construction","top floor",6,NULL,2009,NULL,NULL,NULL,NULL,NULL,"okres Žilina",Žilina,Bôrik,"Realitná kancelária RED, s.r.o.",Žilina
Jux-89v_b-H,"3-room apartment",75,NULL,"partially renovated",NULL,NULL,NULL,1989,"not available",NULL,NULL,NULL,NULL,"okres Kysucké Nové Mesto","Kysucké Nové Mesto",Kamence,"MGM reality",Žilina
JuRirU25uGC,"4-room apartment",162,2654.32,"fully renovated","upper floor",3,NULL,1995,"not available",NULL,NULL,NULL,NULL,"okres Žilina",Žilina,"Staré mesto","Realitná kancelária RED, s.r.o.",Žilina
JuH61G00WWP,"3-room apartment",73,2026.03,"partially renovated","upper floor",5,yes,1900,B,yes,NULL,yes,NULL,"okres Liptovský Mikuláš","Liptovský Mikuláš",Podbreziny,"HALO reality, s.r.o.",Prievidza
JuzhlHJjU2y,"3-room apartment",84,2964.29,"new construction","upper floor",3,NULL,2023,A,NULL,NULL,NULL,NULL,"okres Kysucké Nové Mesto","Kysucké Nové Mesto",Kamence,"Renovo Reality",Žilina
JuTPBH57dwB,"4-room apartment",156,3081.19,"development project","top floor",4,NULL,2027,A,NULL,NULL,NULL,NULL,"okres Liptovský Mikuláš","Liptovský Mikuláš","Staré mesto","TATRA CITY RESIDENCE s. r. o.",Zvolen
JuA6AvNGWkt,"2-room apartment",55,2222.42,"fully renovated","ground floor",1,NULL,NULL,NULL,NULL,NULL,NULL,NULL,"okres Liptovský Mikuláš","Liptovský Mikuláš","Staré mesto","XEMAR realitná spoločnosť s.r.o.","Banská Bystrica"
JuV3Qm6Wkc0,"4-room apartment",84,2357.14,"fully renovated","upper floor",4,yes,NULL,B,NULL,NULL,NULL,NULL,"okres Žilina",Martin,Priekopa,"Buby reality, s.r.o.",Žilina
JuzpWPdpylQ,"3-room apartment",88,2883.48,"new construction","upper floor",3,yes,2025,A,NULL,NULL,NULL,NULL,"okres Žilina",Žilina,Vlčince,"Reinoo a.s.",Žilina
JukmrMnXO9z,"2-room apartment",57,1940.72,unrenovated,"upper floor",6,yes,1973,"not available",NULL,NULL,NULL,yes,"okres Martin",Martin,Košúty,"ALFA SALUTO REAL s.r.o",Bratislava
JuYVsYrHNhK,"3-room apartment",70,1814.29,"partially renovated","raised ground floor",1,yes,1986,"not available",NULL,NULL,NULL,NULL,"okres Turčianske Teplice","Turčianske Teplice",Stred,"Ing.Zuzana Paverová","Turčianske Teplice"
JuVfkYvfV4D,"holiday apartment",84,3700.00,"new construction","upper floor",9,yes,2025,"not available",yes,NULL,yes,NULL,"okres Žilina",Žilina,"Staré mesto","Financial Hotels Management, s.r.o.",Žilina
JukJYQ0D3dC,"3-room apartment",93,1318.92,"partially renovated",NULL,NULL,NULL,1968,"not available",NULL,NULL,NULL,NULL,"okres Žilina",Čičmany,Čičmany,"TUreality s.r.o.",Žilina
JuF1TjEV1Ru,"3-room apartment",63,2088.44,"new construction","ground floor",1,NULL,2020,NULL,NULL,NULL,NULL,NULL,"okres Martin","Košťany nad Turcom","Košťany nad Turcom","B10 Slovensko, a. s.",Žilina
JuNLjCrLJ47,"other apartment type",200,5050.00,unrenovated,"ground floor",1,NULL,1956,"not available",NULL,NULL,NULL,NULL,"okres Martin",Martin,Stred,"Reality MT s.r.o.",Martin
JuVvtE4iYcW,"holiday apartment",39,4112.41,"new construction","ground floor",1,NULL,2022,A,NULL,NULL,NULL,NULL,"okres Dolný Kubín","Dolný Kubín",Stred,"RK SPIRIT s.r.o.","Liptovský Mikuláš"
Ju8ym9e1pKJ,"1-room apartment",40,2400.00,"partially renovated","ground floor",NULL,NULL,1977,A,NULL,NULL,yes,NULL,"okres Čadca",Čadca,Žarec,"1. Reality Rent, s.r.o.",Žilina
JugsT-r1Fjq,"studio apartment",25,3080.00,unrenovated,attic,11,NULL,NULL,"not available",NULL,NULL,NULL,yes,"okres Martin",Martin,Sever,"RECLOUD Reality a.s.",Bratislava
JuRvKY-BDAM,"studio apartment",33,1439.39,"partially renovated","upper floor",2,NULL,1990,"not available",yes,NULL,yes,NULL,"okres Liptovský Mikuláš","Liptovská Porúbka","Liptovská Porúbka","HALO reality, s.r.o.",Prievidza
Ju6Fxzj1aPV,"3-room apartment",72,1791.67,"fully renovated","ground floor",1,NULL,1970,"not available",NULL,NULL,yes,yes,"okres Turčianske Teplice","Turčianske Teplice",Stred,"TARGETreal s. r. o.",Žilina
Ju8nwr--d8J,"holiday apartment",87,9362.00,"under construction","upper floor",5,yes,2025,A,NULL,NULL,NULL,NULL,"okres Liptovský Mikuláš","Demänovská Dolina","Demänovská Dolina","Tatry mountain resorts, a.s.","Liptovský Mikuláš"
JuB0hydoQt_,"2-room apartment",79,2088.61,"partially renovated","ground floor",NULL,NULL,NULL,"not available",NULL,NULL,NULL,yes,"okres Liptovský Mikuláš","Liptovský Mikuláš","Staré mesto","ADOMOS REAL s.r.o.",Košice
JuM_6zn3dEU,"4-room apartment",89,2415.73,"fully renovated","upper floor",4,NULL,2025,A,NULL,NULL,NULL,NULL,"okres Martin",Martin,Ľadoveň,"TARGETreal s. r. o.",Žilina
JuCSthEMyi8,"4-room apartment",118,2488.11,"partially renovated","top floor",3,NULL,2000,"not available",NULL,NULL,NULL,NULL,"okres Žilina",Žilina,"Staré mesto","R2 SK, s.r.o.",Žilina
JuUgt1O2AUN,"2-room apartment",42,3640.48,"new construction",NULL,NULL,NULL,NULL,A,NULL,NULL,NULL,NULL,"okres Liptovský Mikuláš","Malé Borové","Malé Borové",NULL,NULL
JuNZ8PQ1HeL,"3-room apartment",76,NULL,"partially renovated","upper floor",3,NULL,1965,B,NULL,NULL,NULL,NULL,"okres Ružomberok",Ružomberok,Polík,"AstonReal s.r.o.","Banská Bystrica"
JubK5ISUXOm,"4-room apartment",77,2931.68,"under construction","upper floor",5,yes,2025,A,NULL,yes,NULL,yes,"okres Kysucké Nové Mesto","Kysucké Nové Mesto",Kamence,"Istrofinal, s. r. o.",Žilina
JuktNGvsiwv,"1-room apartment",38,4128.95,"new construction","top floor",4,yes,2025,"in preparation",yes,NULL,yes,NULL,"okres Žilina",Žilina,"Staré mesto","WFG reality, s.r.o.",Žilina
JugR8pX-gZX,"3-room apartment",69,NULL,"partially renovated",NULL,NULL,NULL,1980,"not available",NULL,NULL,NULL,NULL,"okres Martin",Martin,Ľadoveň,"TUreality s.r.o.",Žilina
JumTQJJZB7H,"3-room apartment",155,1929.03,"partially renovated","raised ground floor",NULL,NULL,2008,"not available",NULL,NULL,NULL,NULL,"okres Žilina",Žilina,Hájik,"TUreality s.r.o.",Žilina
JuaFAuw30OV,loft,28,4184.12,"partially renovated","top floor",4,NULL,1940,"not available",NULL,NULL,NULL,NULL,"okres Žilina",Žilina,"Staré mesto","Renovo Reality",Žilina
Ju-FXGTnvER,"4-room apartment",83,2325.30,unrenovated,NULL,NULL,NULL,2025,"not available",NULL,yes,NULL,yes,"okres Žilina",Žilina,Vlčince,"Reality Alpia",Martin
JuHXoN0ryfa,"3-room apartment",86,3127.91,unrenovated,"upper floor",3,NULL,2009,"not available",NULL,NULL,NULL,NULL,"okres Žilina",Žilina,Vlčince,"MGM reality",Žilina
JuYsJLbvRpN,"2-room apartment",56,2517.86,"fully renovated","upper floor",3,NULL,1969,A,NULL,NULL,NULL,NULL,"okres Kysucké Nové Mesto","Kysucké Nové Mesto",Sídlisko,"1. Reality Rent, s.r.o.",Žilina
JuRYP3Oa6YZ,"4-room apartment",150,2046.67,"new construction","top floor",3,NULL,2020,A,NULL,NULL,NULL,NULL,"okres Dolný Kubín","Dolný Kubín",Stred,"RK Dalmia s. r. o.","Dolný Kubín"
JuB63TyYdjm,loft,60,3374.09,"under construction","upper floor",2,yes,2027,A,NULL,NULL,NULL,NULL,"okres Liptovský Mikuláš","Liptovský Mikuláš","Staré mesto","TATRA CITY RESIDENCE s. r. o.",Zvolen
JuwdDOrpGK5,"4-room apartment",84,2357.14,"fully renovated","upper floor",4,yes,NULL,B,NULL,NULL,NULL,NULL,"okres Martin",Martin,Priekopa,"Buby reality, s.r.o.",Žilina
JuF5xNSQO5x,"1-room apartment",38,2552.63,"partially renovated",NULL,NULL,NULL,NULL,NULL,NULL,NULL,NULL,NULL,"okres Čadca",Čadca,Žarec,"BeMi realitná kancelária",Nitra
JuiS9BjPEIo,"2-room apartment",38,4841.71,"new construction","top floor",3,yes,2016,A,NULL,NULL,NULL,NULL,"okres Liptovský Mikuláš","Demänovská Dolina","Demänovská Dolina","HD reality group s.r.o","Banská Bystrica"
Jug3a9-mziM,"2-room apartment",77,2140.52,"new construction",attic,3,NULL,2022,A,NULL,NULL,NULL,NULL,"okres Liptovský Mikuláš","Liptovský Hrádok",Celiny,"RK SPIRIT s.r.o.","Liptovský Mikuláš"
Ju8DPYGWH3G,"2-room apartment",39,4112.41,"new construction",NULL,NULL,NULL,2022,NULL,NULL,NULL,NULL,NULL,"okres Dolný Kubín","Dolný Kubín",Stred,"RK SPIRIT s.r.o.","Liptovský Mikuláš"
Juns9vrGm9z,"holiday apartment",61,3581.43,"new construction","ground floor",1,NULL,2024,A,NULL,NULL,NULL,NULL,"okres Námestovo","Oravská Lesná","Oravská Lesná","Occam New Home",Bratislava
Juy-j07S1W7,"holiday apartment",69,NULL,"new construction","ground floor",1,NULL,2024,A,NULL,NULL,NULL,NULL,"okres Turčianske Teplice","Turčianske Teplice",Stred,"TARGETreal s. r. o.",Žilina
JuIG-Ap8rLX,"3-room apartment",85,2561.18,"new construction","top floor",4,NULL,2025,"not available",NULL,NULL,NULL,NULL,"okres Tvrdošín",Zuberec,Zuberec,"OREA, s.r.o.","Dolný Kubín"
JuQKqXinTqJ,"3-room apartment",75,3460.82,"new construction","upper floor",3,yes,2025,A,NULL,NULL,NULL,yes,"okres Žilina",Žilina,Hájik,"ODEKO manažment s.r.o.",Žilina
Ju7FBuvMeEz,"3-room apartment",63,2063.49,"partially renovated","top floor",2,NULL,1987,"not available",yes,yes,yes,yes,"okres Žilina",Žilina,"Považský Chlmec","RIEŠIME BÝVANIE",Bratislava
JuIV5E-BtYf,"3-room apartment",99,2186.49,"new construction","top floor",4,yes,2024,A,NULL,NULL,NULL,yes,"okres Turčianske Teplice","Turčianske Teplice",Stred,"IDEÁLNE BÝVANIE, s.r.o.",Žilina
JuoJ6B-WiVu,"2-room apartment",59,4491.53,"new construction","upper floor",2,NULL,1900,"not available",NULL,NULL,NULL,NULL,"okres Liptovský Mikuláš","Liptovský Mikuláš",Demänová,"RE/MAX Slovakia",Bratislava
JuCUhlSV9_h,"4-room apartment",90,1777.67,"partially renovated","upper floor",2,NULL,1989,B,NULL,NULL,yes,yes,"okres Martin",Martin,Záturčia,"YNI reality",Žilina
Juk5yDVhn6R,"3-room apartment",73,2164.38,unrenovated,NULL,NULL,NULL,NULL,NULL,NULL,NULL,NULL,NULL,"okres Liptovský Mikuláš","Liptovský Mikuláš","Staré mesto",NULL,NULL
Ju1Hfz04CkU,"3-room apartment",130,NULL,"new construction","ground floor",1,NULL,2023,B,NULL,yes,NULL,yes,"okres Bytča",Súľov-Hradná,Súľov-Hradná,"RENOME REAL",Žilina
JuT66Fppd38,"studio apartment",14,4820.71,"fully renovated","ground floor",1,NULL,1970,"not available",NULL,NULL,NULL,NULL,"okres Dolný Kubín","Oravský Podzámok","Oravský Podzámok","RE/MAX Slovakia",Bratislava
Ju75IN_Zjx0,"2-room apartment",55,NULL,"partially renovated",NULL,NULL,NULL,NULL,NULL,NULL,NULL,NULL,NULL,"okres Čadca",Turzovka,Stred,"SLNOVRAT, s.r.o.",Olešná
JupU33o9uCP,"1-room apartment",43,NULL,"new construction","ground floor",1,NULL,2022,A,NULL,NULL,NULL,NULL,"okres Ružomberok",Ružomberok,Hrabovo,"RK SPIRIT s.r.o.","Liptovský Mikuláš"
JuxFFLySNPg,"3-room apartment",71,3440.72,"under construction","top floor",8,NULL,2025,A,NULL,NULL,NULL,NULL,"okres Ružomberok",Ružomberok,Roveň,"ODEKO manažment s.r.o.",Žilina
Ju7ymmOZXTG,"1-room apartment",37,4105.41,"new construction","upper floor",2,yes,2025,"in preparation",yes,NULL,yes,NULL,"okres Žilina",Žilina,"Staré mesto","WFG reality, s.r.o.",Žilina
JuPbmK8oIXM,"2-room apartment",53,3004.94,"new construction","upper floor",2,NULL,2025,A,NULL,yes,NULL,yes,"okres Liptovský Mikuláš","Liptovský Mikuláš",Palúdzka,"STRATEGIC REALITY","Liptovský Mikuláš"
Juwwl8fsexY,"holiday apartment",57,3012.26,"fully renovated","upper floor",2,yes,2019,"not available",NULL,NULL,NULL,NULL,"okres Ružomberok",Ružomberok,Hrabovo,"Top Real Košice s.r.o.",Košice
JuKXYAqOf2e,"holiday apartment",26,NULL,"new construction","ground floor",1,NULL,2020,A,NULL,NULL,NULL,NULL,"okres Liptovský Mikuláš","Liptovský Mikuláš",Demänová,"RK SPIRIT s.r.o.","Liptovský Mikuláš"
Ju9bVHvcqcL,"holiday apartment",62,3401.36,"new construction","upper floor",2,NULL,2022,NULL,NULL,NULL,NULL,NULL,"okres Námestovo","Oravská Lesná","Oravská Lesná","RIEŠIME BÝVANIE",Bratislava
Ju8feO0vuod,"4-room apartment",86,2895.35,"new construction","ground floor",1,NULL,2024,A,NULL,NULL,NULL,NULL,"okres Bytča",Bytča,"Thurzove sady","Realitná kancelária RED, s.r.o.",Žilina
Juea9VaEEz4,"2-room apartment",45,3033.44,"new construction","top floor",3,NULL,2024,"not available",NULL,yes,yes,NULL,"okres Žilina","Rajecké Teplice","Rajecké Teplice","STAREA, s. r. o.",Žilina
JuXdiDoNNIv,"2-room apartment",63,1968.25,unrenovated,"ground floor",1,NULL,1955,"not available",NULL,NULL,NULL,NULL,"okres Martin",Martin,Stred,"AstonReal s.r.o.","Banská Bystrica"
Ju0lAAcuMC-,"3-room apartment",100,3349.90,"partially renovated","upper floor",NULL,NULL,2009,NULL,NULL,NULL,NULL,NULL,"okres Žilina",Žilina,"Staré mesto","B10 Slovensko, a. s.",Žilina
Ju-yDJSlQCf,"4-room apartment",109,2844.04,unrenovated,"raised ground floor",NULL,NULL,2004,"not available",NULL,NULL,NULL,NULL,"okres Žilina",Žilina,Závodie,"TUreality s.r.o.",Žilina
Ju34bdWwwrW,"3-room apartment",91,NULL,"partially renovated",NULL,NULL,NULL,1958,"not available",NULL,NULL,NULL,NULL,"okres Martin",Martin,Sever,"TUreality s.r.o.",Žilina
JuSL8akIpnl,"2-room apartment",70,2571.43,unrenovated,"upper floor",3,yes,NULL,NULL,NULL,yes,yes,NULL,"okres Dolný Kubín","Dolný Kubín",Brezovec,"Bosen Group s.r.o.",Bratislava
JunNE3gm3lK,"holiday apartment",34,3470.59,"new construction","top floor",7,yes,NULL,NULL,NULL,NULL,NULL,NULL,"okres Ružomberok",Bešeňová,Bešeňová,"RK SPIRIT s.r.o.","Liptovský Mikuláš"
JubD2pJKl5g,"3-room apartment",100,4979.18,"new construction","upper floor",10,yes,2027,"not available",NULL,yes,yes,NULL,"okres Žilina",Žilina,"Staré mesto","Financial Hotels Management, s.r.o.",Žilina
JuLSY56QzCa,"3-room apartment",85,1764.59,"partially renovated","upper floor",4,NULL,2005,"not available",NULL,NULL,NULL,yes,"okres Martin",Vrútky,"Horné Vrútky","Reality ASTORIA, s.r.o.",Martin
JuiHekkzZ0E,"3-room apartment",NULL,NULL,"fully renovated",NULL,NULL,NULL,NULL,NULL,NULL,NULL,NULL,NULL,"okres Liptovský Mikuláš","Liptovský Mikuláš","Vrbica - Nábrežie",NULL,NULL
JuLjftxvY7o,"4-room apartment",89,NULL,"partially renovated",NULL,NULL,NULL,NULL,B,NULL,NULL,NULL,NULL,"okres Dolný Kubín","Dolný Kubín",Brezovec,"FINREA - ak vám záleží na výsledku","Dolný Kubín"
JuOipBrhKGg,"2-room apartment",55,2090.91,unrenovated,"ground floor",1,NULL,NULL,NULL,NULL,NULL,NULL,NULL,"okres Námestovo",Námestovo,Brehy,"BeMi realitná kancelária",Nitra
JulLkJwhVa1,"3-room apartment",67,2013.43,unrenovated,NULL,NULL,NULL,NULL,NULL,NULL,NULL,NULL,NULL,"okres Martin",Martin,Sever,"Realitná kancelária",Bratislava
Ju8j-hPnALY,"holiday apartment",43,6682.03,"new construction","upper floor",2,yes,NULL,A,NULL,NULL,NULL,NULL,"okres Liptovský Mikuláš","Demänovská Dolina","Demänovská Dolina","RESIDENCE realitná kancelária","Liptovský Mikuláš"
JunCOKnq7PY,"3-room apartment",72,NULL,"partially renovated","top floor",7,yes,NULL,NULL,NULL,NULL,NULL,NULL,"okres Kysucké Nové Mesto","Kysucké Nové Mesto",Stred,"SLNOVRAT, s.r.o.",Olešná
JuPViaCTmSo,"3-room apartment",70,2308.71,"under construction","upper floor",2,yes,2024,"not available",NULL,NULL,NULL,NULL,"okres Liptovský Mikuláš",Východná,Východná,"REALITY TATRY",Levoča
JuniaoRdvqE,"2-room apartment",44,3869.05,"new construction","ground floor",1,NULL,2025,A,yes,NULL,yes,NULL,"okres Liptovský Mikuláš","Liptovský Mikuláš","Staré mesto",G-REAL,"Liptovský Mikuláš"
JueF3dmbicv,"3-room apartment",80,1316.78,"partially renovated","upper floor",2,NULL,2025,"not available",NULL,NULL,NULL,NULL,"okres Čadca","Dlhá nad Kysucou","Dlhá nad Kysucou","MENÍME BÝVANIE",Čadca
JuKI6_CGWPh,"holiday apartment",25,3996.00,"new construction","top floor",2,NULL,2016,"not available",NULL,NULL,NULL,NULL,"okres Liptovský Mikuláš","Liptovský Mikuláš",Demänová,jabyvam.sk,"Liptovský Mikuláš"
JuwROzF7MPz,"1-room apartment",34,NULL,"partially renovated","upper floor",2,yes,2025,"not available",NULL,NULL,NULL,NULL,"okres Ružomberok",Ružomberok,Klačno,"LOYAL REALITY s.r.o.","Dolný Kubín"
JuVxrPNOwNZ,"3-room apartment",112,1503.57,"new construction","ground floor",1,NULL,2025,"in preparation",NULL,NULL,NULL,NULL,"okres Námestovo",Námestovo,Polom,donidDevelop,"Dolný Kubín"
JusbqvfGHuD,"studio apartment",38,3131.58,"fully renovated","ground floor",1,NULL,1975,"not available",NULL,NULL,NULL,NULL,"okres Martin",Martin,Priekopa,"NajBývanie, s.r.o.",Ružomberok
Juf6pNtbqh1,"3-room apartment",72,2125.00,"partially renovated","upper floor",2,NULL,1961,"not available",NULL,NULL,NULL,NULL,"okres Martin",Martin,Stred,"RE/MAX Slovakia",Bratislava
Juc4p__s1-a,"2-room apartment",70,2800.00,"fully renovated","upper floor",NULL,NULL,NULL,"not available",NULL,NULL,NULL,NULL,"okres Žilina",Žilina,"Staré mesto","Realitné kancelárie SR",Bratislava
JubH8PB1O7h,"3-room apartment",80,3171.25,"fully renovated","top floor",3,NULL,1995,A,NULL,NULL,NULL,NULL,"okres Martin",Martin,Stred,"Constario REALTY s.r.o.",Žilina
JuPKK388ZCm,"2-room apartment",42,1830.77,"fully renovated",NULL,NULL,NULL,NULL,NULL,NULL,NULL,NULL,NULL,"okres Čadca",Staškov,Staškov,"SLNOVRAT, s.r.o.",Olešná
Juaxt90u-z9,"4-room apartment",103,1688.35,"fully renovated","upper floor",2,NULL,2018,"not available",NULL,NULL,NULL,NULL,"okres Bytča",Bytča,"Hliník nad Váhom","House Real Žilina",Žilina
JuU9JEZLTwi,"3-room apartment",90,955.56,"partially renovated","ground floor",1,NULL,1900,G,NULL,NULL,NULL,NULL,"okres Turčianske Teplice",Turček,Turček,"HALO reality, s.r.o.",Prievidza
JunIIQTPa44,"4-room apartment",110,4106.07,"under construction","upper floor",3,NULL,2027,A,NULL,NULL,NULL,NULL,"okres Liptovský Mikuláš","Liptovský Mikuláš","Staré mesto","TATRA CITY RESIDENCE s. r. o.",Zvolen
Juz4W9SDfoY,"2-room apartment",50,2980.00,"partially renovated","upper floor",6,NULL,1983,B,NULL,NULL,NULL,NULL,"okres Žilina",Žilina,Solinky,"RENOME REAL",Žilina
Ju5NSmHtePH,"3-room apartment",89,1741.57,"fully renovated","upper floor",3,NULL,1996,"not available",NULL,NULL,NULL,yes,"okres Martin",Martin,Záturčie,"TARGETreal s. r. o.",Žilina
JuUaKO5dYge,"3-room apartment",83,3071.08,"new construction",NULL,NULL,NULL,NULL,NULL,NULL,NULL,NULL,NULL,"okres Dolný Kubín","Dolný Kubín",Stred,"OREA, s.r.o.","Dolný Kubín"
Ju6w7wQRZXw,"holiday apartment",86,2151.16,unrenovated,"ground floor",1,NULL,2005,"not available",yes,NULL,NULL,yes,"okres Čadca",Oščadnica,Oščadnica,"PhDr. Miloš Kocúr - BKM Consulting",Skalité
JupVQ9BHiZG,"2-room apartment",52,2692.31,unrenovated,"ground floor",1,NULL,1969,NULL,NULL,NULL,NULL,NULL,"okres Žilina",Žilina,Hliny,"Realitná kancelária RED, s.r.o.",Žilina
JuYML_WMLmL,"2-room apartment",67,NULL,"fully renovated","upper floor",10,yes,1965,B,NULL,NULL,NULL,NULL,"okres Liptovský Mikuláš","Liptovský Mikuláš","Vrbica - Nábrežie","AstonReal s.r.o.","Banská Bystrica"
JuInvssV5eE,"1-room apartment",32,3295.99,"under construction","upper floor",2,NULL,2025,A,NULL,NULL,NULL,NULL,"okres Ružomberok",Ružomberok,Roveň,"ODEKO manažment s.r.o.",Žilina
JuZ68DUQRpn,"3-room apartment",58,3251.72,"new construction",NULL,NULL,NULL,NULL,A,NULL,NULL,NULL,NULL,"okres Liptovský Mikuláš","Malé Borové","Malé Borové",NULL,NULL
JupACoTE9Yo,"3-room apartment",69,NULL,"fully renovated","top floor",NULL,NULL,1990,NULL,NULL,NULL,NULL,NULL,"okres Martin",Martin,Košúty,"B10 Slovensko, a. s.",Žilina
Ju5bhE-1H2z,"1-room apartment",32,3093.75,"new construction","upper floor",2,NULL,2010,"not available",NULL,NULL,NULL,NULL,"okres Ružomberok",Ružomberok,Hrabovo,"DOMUM realitná spoločnosť s. r. o.","Nové Mesto nad Váhom"
Jukzit6pFoZ,"2-room apartment",66,2711.36,"fully renovated","top floor",3,NULL,1995,A,NULL,NULL,NULL,NULL,"okres Martin",Martin,Stred,"Constario REALTY s.r.o.",Žilina
JuipAuQVd0x,"1-room apartment",35,2895.65,"partially renovated","upper floor",4,yes,1985,"not available",NULL,NULL,NULL,yes,"okres Martin",Martin,Záturčie,"Reality Center, s.r.o.",Martin
JudGtDjR-sv,"2-room apartment",79,2075.95,"fully renovated","ground floor",NULL,NULL,1900,"not available",yes,NULL,NULL,yes,"okres Liptovský Mikuláš","Liptovský Mikuláš","Staré mesto","HALO reality, s.r.o.",Prievidza
JuMuHR9ALAx,"2-room apartment",54,2500.00,"new construction",NULL,NULL,NULL,NULL,NULL,NULL,NULL,NULL,NULL,"okres Liptovský Mikuláš","Liptovský Hrádok",Prekážka,NULL,NULL
JubXkgOc5Vf,"holiday apartment",34,NULL,"new construction","ground floor",NULL,NULL,2025,"not available",NULL,NULL,yes,NULL,"okres Liptovský Mikuláš","Liptovský Mikuláš",Demänová,"Reality Alpia",Martin
JuykdgfJYfL,"2-room apartment",56,3551.79,"new construction","top floor",3,NULL,2025,NULL,NULL,NULL,NULL,NULL,"okres Žilina",Žilina,Bytčica,"Realitná kancelária RED, s.r.o.",Žilina
JuGMS7Q7AS7,"3-room apartment",76,4008.60,"under construction","upper floor",2,NULL,2027,A,NULL,NULL,NULL,NULL,"okres Liptovský Mikuláš","Liptovský Mikuláš","Staré mesto","TATRA CITY RESIDENCE s. r. o.",Zvolen
Juuzq73KdvI,"2-room apartment",68,2338.24,"partially renovated","upper floor",3,yes,NULL,NULL,NULL,NULL,NULL,NULL,"okres Žilina",Žilina,Hliny,"ROMDOM, s. r. o",Žilina
JuPaHBO-gez,"2-room apartment",71,1676.06,unrenovated,"upper floor",2,NULL,1980,"not available",yes,NULL,NULL,NULL,"okres Martin",Martin,NULL,"NajBývanie, s.r.o.",Ružomberok
JuoVsoGKe3I,"3-room apartment",68,1735.29,unrenovated,"upper floor",7,yes,1970,B,yes,NULL,NULL,NULL,"okres Ružomberok",Ružomberok,Roveň,"NajBývanie, s.r.o.",Ružomberok
JuZJo0wlRRU,"1-room apartment",29,2927.59,"new construction","upper floor",2,yes,2024,A,NULL,NULL,NULL,NULL,"okres Ružomberok","Liptovská Teplá","Liptovská Teplá",donidDevelop,"Dolný Kubín"
JuakfUC89nT,"studio apartment",22,4677.27,"partially renovated","ground floor",1,yes,1984,"not available",NULL,NULL,NULL,NULL,"okres Žilina",Žilina,Vlčince,"Safe reality s. r. o.",Žilina
JuVMUFYMKhd,"1-room apartment",25,4715.45,"partially renovated","ground floor",1,NULL,2025,"not available",NULL,NULL,NULL,NULL,"okres Žilina",Žilina,"Staré mesto","Realitka pre každého",Žilina
JuWtaJ8gYmY,"3-room apartment",81,1965.28,"partially renovated","added floor",3,NULL,2009,NULL,yes,NULL,yes,NULL,"okres Dolný Kubín","Dolný Kubín",Stred,"Bosen Group s.r.o.",Bratislava
Judqch1ikzy,"1-room apartment",39,2000.00,"fully renovated","top floor",3,NULL,1970,"not available",NULL,yes,NULL,yes,"okres Tvrdošín",Nižná,Nižná,"RIEŠIME BÝVANIE",Bratislava
JumDGD_wH9E,"4-room apartment",130,2576.92,"new construction","ground floor",1,NULL,2025,"in preparation",NULL,NULL,NULL,NULL,"okres Žilina","Rajecké Teplice","Rajecké Teplice","Bosen Group s.r.o.",Bratislava
JuV9NY1IIlj,"1-room apartment",24,3429.87,"under construction","ground floor",1,NULL,2025,A,NULL,NULL,NULL,NULL,"okres Ružomberok",Ružomberok,Roveň,"ODEKO manažment s.r.o.",Žilina
Jutms5kvMoG,"4-room apartment",91,2285.71,"fully renovated",NULL,NULL,NULL,1970,"not available",NULL,NULL,NULL,NULL,"okres Martin",Martin,Stred,"TUreality s.r.o.",Žilina
JuvBgKU_KI7,"4-room apartment",101,2663.37,"fully renovated","top floor",3,NULL,1969,NULL,NULL,NULL,NULL,NULL,"okres Žilina",Žilina,"Staré mesto","Realitná kancelária RED, s.r.o.",Žilina
Jueqkk2FQTK,"3-room apartment",95,3684.21,"new construction","upper floor",3,yes,NULL,NULL,NULL,NULL,NULL,NULL,"okres Žilina",Žilina,Bôrik,"DreamReality s.r.o.",Žilina
JuMqUg0JlP-,"4-room apartment",130,2461.54,"new construction","upper floor",2,NULL,1980,B,NULL,NULL,NULL,NULL,"okres Ružomberok",Ružomberok,"Staré mesto","BB - REALITY,  s.r.o.","Banská Bystrica"
JuMQiZOnaxz,"2-room apartment",60,NULL,"new construction","upper floor",2,NULL,2023,A,NULL,NULL,NULL,NULL,"okres Turčianske Teplice","Turčianske Teplice",Stred,"Svoboda&Williams Slovakia s.r.o.",Bratislava
JuhS38paEh6,"4-room apartment",113,3827.60,"development project","upper floor",4,yes,2022,A,NULL,yes,yes,NULL,"okres Žilina",Žilina,"Staré mesto","KORSO Project, s.r.o.",Žilina
Ju_1ltAlD0n,"1-room apartment",31,3695.37,"new construction","ground floor",1,NULL,NULL,NULL,NULL,NULL,NULL,NULL,"okres Ružomberok",Bešeňová,Bešeňová,"XEMAR realitná spoločnosť s.r.o.","Banská Bystrica"
Ju6oo_vEaT-,"holiday apartment",34,2791.18,"new construction","ground floor",1,NULL,2025,"not available",NULL,NULL,NULL,NULL,"okres Liptovský Mikuláš","Demänovská Dolina","Demänovská Dolina","MK-CORP s.r.o.",Malacky
JuLxu_TUApX,"2-room apartment",55,3373.47,"new construction","raised ground floor",1,yes,2025,A,NULL,NULL,NULL,NULL,"okres Žilina",Žilina,Hájik,"ODEKO manažment s.r.o.",Žilina
Ju72GUoSgLH,"2-room apartment",62,3364.23,"new construction","upper floor",3,yes,2025,A,NULL,NULL,NULL,NULL,"okres Žilina",Žilina,Vlčince,"Reinoo a.s.",Žilina
Ju3VAHb4p44,"2-room apartment",50,2659.80,"fully renovated",NULL,NULL,NULL,2007,"not available",NULL,NULL,NULL,NULL,"okres Kysucké Nové Mesto","Kysucké Nové Mesto",Sídlisko,"TUreality s.r.o.",Žilina
JuxCreRo0qw,"1-room apartment",33,4359.09,"new construction","upper floor",4,yes,2027,"not available",NULL,NULL,NULL,NULL,"okres Žilina",Žilina,"Staré mesto","Financial Hotels Management, s.r.o.",Žilina
JuzOH2MtpxX,"2-room apartment",64,1937.50,"fully renovated","raised ground floor",1,yes,1980,"not available",NULL,NULL,NULL,NULL,"okres Martin",Martin,Sever,"NajBývanie, s.r.o.",Ružomberok
JuEDjVYN-JT,"2-room apartment",53,3752.83,"new construction","ground floor",1,NULL,2025,NULL,NULL,NULL,NULL,NULL,"okres Žilina",Žilina,Bytčica,"Realitná kancelária RED, s.r.o.",Žilina
JucJbLC42bG,"5+ room apartment",145,2448.28,"partially renovated","top floor",8,NULL,1999,"not available",NULL,NULL,yes,yes,"okres Žilina",Žilina,Hájik,"TARGETreal s. r. o.",Žilina
JupibY8fOsV,"3-room apartment",78,1535.48,unrenovated,"ground floor",1,NULL,NULL,NULL,NULL,NULL,NULL,NULL,"okres Kysucké Nové Mesto","Horný Vadičov","Horný Vadičov","RK4 REALITY",Bratislava
JuoszPD854T,"3-room apartment",81,2740.74,"new construction",NULL,NULL,NULL,2025,"not available",NULL,NULL,NULL,NULL,"okres Liptovský Mikuláš","Liptovský Hrádok",Dovalovo,"TUreality s.r.o.",Žilina
JumaaMybJmZ,"3-room apartment",72,2430.56,"partially renovated","top floor",8,NULL,1999,"not available",NULL,NULL,yes,yes,"okres Žilina",Žilina,Hájik,"TARGETreal s. r. o.",Žilina
JudrbteyWzE,"1-room apartment",33,3515.15,"new construction",NULL,NULL,NULL,NULL,NULL,NULL,NULL,NULL,NULL,"okres Dolný Kubín","Dolný Kubín",Brezovec,NULL,NULL
JuoS3WYoWLk,"holiday apartment",40,4675.00,unrenovated,"ground floor",1,NULL,2013,"not available",NULL,yes,NULL,yes,"okres Liptovský Mikuláš","Demänovská Dolina","Demänovská Dolina","RK 38- Miroslav Antoška",Poprad
JubfQKHfr_c,"1-room apartment",23,3169.57,"fully renovated","upper floor",2,NULL,2018,B,NULL,NULL,NULL,NULL,"okres Martin",Valča,Valča,"Vianema s.r.o.",Bratislava
JuOC5yzde-c,"2-room apartment",53,3267.24,"new construction",NULL,NULL,NULL,NULL,NULL,NULL,yes,NULL,yes,"okres Žilina","Rajecké Teplice","Rajecké Teplice","ŽILINAREAL, s.r.o.",Žilina
JuinVbJn01k,"4-room apartment",85,3536.51,"under construction",NULL,NULL,NULL,2025,"not available",NULL,NULL,NULL,NULL,"okres Žilina",Žilina,Hájik,"Reality Alpia",Martin
JurI-U1p2qQ,"1-room apartment",53,1638.73,"fully renovated","ground floor",1,NULL,NULL,NULL,NULL,NULL,NULL,NULL,"okres Liptovský Mikuláš","Liptovský Mikuláš","Staré mesto","XEMAR realitná spoločnosť s.r.o.","Banská Bystrica"
JuhS9MQTC4v,"2-room apartment",69,2549.28,"fully renovated","upper floor",6,NULL,1995,NULL,NULL,NULL,NULL,NULL,"okres Žilina",Žilina,Vlčince,"Realitná kancelária RED, s.r.o.",Žilina
JuPLeekzh_5,"1-room apartment",40,1950.00,"fully renovated",basement,0,NULL,1960,"in preparation",NULL,NULL,NULL,NULL,"okres Ružomberok",Ružomberok,"Staré mesto","A-Byt Consult, s.r.o.",Ružomberok
JuTcgjCG15n,"2-room apartment",50,3200.00,"partially renovated","upper floor",NULL,NULL,1995,NULL,NULL,NULL,NULL,NULL,"okres Žilina",Žilina,Hájik,"B10 Slovensko, a. s.",Žilina
JucZiE4o7Os,"2-room apartment",61,1789.61,"fully renovated",NULL,NULL,NULL,NULL,NULL,NULL,NULL,NULL,NULL,"okres Čadca",Staškov,Staškov,"SLNOVRAT, s.r.o.",Olešná
JuudHQ4gWHh,"2-room apartment",44,3829.55,"fully renovated","ground floor",1,NULL,1985,"not available",NULL,NULL,NULL,NULL,"okres Žilina",Žilina,"Staré mesto","EASY centrum bývania, s.r.o.",Žilina
Ju1HQtU3BUR,"3-room apartment",54,NULL,"fully renovated","top floor",NULL,NULL,1997,"not available",NULL,NULL,yes,NULL,"okres Ružomberok",Ružomberok,"Staré mesto","AstonReal s.r.o.","Banská Bystrica"
JuhRFtZO6yy,"2-room apartment",65,2892.31,"fully renovated","upper floor",3,NULL,1969,NULL,NULL,NULL,NULL,NULL,"okres Žilina",Žilina,"Staré mesto","Realitná kancelária RED, s.r.o.",Žilina
Ju300FaVEg0,"holiday apartment",79,1630.38,"fully renovated","ground floor",1,NULL,2021,B,NULL,NULL,NULL,NULL,"okres Čadca",Makov,Makov,"Ing. Gerlinda Bérešová - Esti",Žilina
JugoHMXehPQ,"2-room apartment",60,1566.67,unrenovated,"ground floor",1,yes,1975,G,NULL,yes,yes,NULL,"okres Dolný Kubín","Dolný Kubín",Brezovec,"HD reality group s.r.o","Banská Bystrica"
Ju75jE-v_Ti,"3-room apartment",90,1922.22,"fully renovated","upper floor",3,NULL,1975,C,NULL,NULL,NULL,NULL,"okres Martin",Martin,Priekopa,"ALT REAL, s.r.o.",Martin
JuDoM_pyCOY,"3-room apartment",68,NULL,"fully renovated","upper floor",2,NULL,1970,"not available",NULL,NULL,NULL,NULL,"okres Martin",Sučany,Sučany,"Reality ASTORIA, s.r.o.",Martin
JujnVWbv0Ea,"3-room apartment",85,1517.65,unrenovated,"upper floor",5,yes,1980,"not available",NULL,NULL,NULL,yes,"okres Martin",Vrútky,"Horné Vrútky","Reality Simply",Martin
Ju0XKwDGI6a,"2-room apartment",97,2257.73,"fully renovated","upper floor",2,NULL,2010,"not available",NULL,NULL,yes,NULL,"okres Žilina",Žilina,"Staré mesto","STAREA, s. r. o.",Žilina
Juu0CU0P8i0,"3-room apartment",94,1117.02,"partially renovated","ground floor",1,NULL,1960,"not available",NULL,NULL,NULL,NULL,"okres Liptovský Mikuláš","Svätý Kríž","Svätý Kríž","RE/MAX Slovakia",Bratislava
JuaeBjYnlrd,"1-room apartment",36,4108.33,"new construction","upper floor",2,yes,2025,"in preparation",yes,NULL,yes,NULL,"okres Žilina",Žilina,"Staré mesto","WFG reality, s.r.o.",Žilina
Jug2x-YuHAi,"1-room apartment",33,4148.48,"new construction","ground floor",1,yes,2025,"in preparation",NULL,yes,NULL,yes,"okres Žilina",Žilina,"Staré mesto","WFG reality, s.r.o.",Žilina
JuFDFNeJqxq,"3-room apartment",69,2434.78,"fully renovated","top floor",8,yes,2025,"not available",NULL,NULL,NULL,NULL,"okres Martin",Martin,Ľadoveň,"Reality D.P.A.",Martin
JuL6Lg1QL2c,"2-room apartment",58,2068.97,"partially renovated","upper floor",3,yes,NULL,"not available",yes,NULL,yes,NULL,"okres Martin",Martin,Priekopa,"Realitná kancelária",Bratislava
JuE8s31Sl55,"3-room apartment",94,2170.46,"new construction","ground floor",1,NULL,2025,A,NULL,NULL,NULL,NULL,"okres Bytča",Bytča,Pšurnovice,"TOCA, s.r.o. Realitná činnosť",Bytča
JuJeYUPavsEk,"holiday apartment",41,7804.88,"new construction","upper floor",4,yes,NULL,A,NULL,NULL,NULL,NULL,"okres Liptovský Mikuláš","Demänovská Dolina","Demänovská Dolina","RESIDENCE realitná kancelária","Liptovský Mikuláš"
JuzuJS1LpbR,"2-room apartment",56,NULL,unrenovated,NULL,NULL,NULL,2025,"not available",NULL,NULL,NULL,NULL,"okres Žilina",Žilina,Hliny,"Reality Alpia",Martin
JuQ4A208KjZ,"holiday apartment",41,7160.49,"new construction","upper floor",2,yes,NULL,A,NULL,NULL,NULL,NULL,"okres Liptovský Mikuláš","Demänovská Dolina","Demänovská Dolina","RESIDENCE realitná kancelária","Liptovský Mikuláš"
JuKlYZCt0j5,"studio apartment",77,1428.57,"new construction",NULL,NULL,NULL,1980,"not available",NULL,NULL,NULL,NULL,"okres Liptovský Mikuláš",Vlachy,Vlachy,NULL,NULL
JuFzBbUk-Xv,"holiday apartment",82,6402.44,"new construction","upper floor",3,yes,NULL,A,NULL,NULL,NULL,NULL,"okres Liptovský Mikuláš","Demänovská Dolina","Demänovská Dolina","RESIDENCE realitná kancelária","Liptovský Mikuláš"
JuGfQvKSzkr,"3-room apartment",76,1551.32,unrenovated,"upper floor",2,yes,1990,"not available",yes,NULL,NULL,NULL,"okres Martin",Martin,Záturčie,"Reality Center, s.r.o.",Martin
Ju5SD8mmuUt,"2-room apartment",68,4006.94,"new construction","upper floor",7,yes,2027,"not available",NULL,NULL,NULL,yes,"okres Žilina",Žilina,"Staré mesto","Financial Hotels Management, s.r.o.",Žilina
JuL4Of85hI-,"holiday apartment",41,4398.03,unrenovated,NULL,NULL,NULL,2025,"not available",NULL,NULL,NULL,NULL,"okres Liptovský Mikuláš","Liptovský Mikuláš",Demänová,"Reality Alpia",Martin
JuSWGTnCZur,"3-room apartment",65,2000.00,"partially renovated","top floor",12,yes,1987,"not available",yes,NULL,yes,NULL,"okres Martin",Martin,Košúty,"MAX PROFI REALITY",Martin
JuWKKdSpysj,"4-room apartment",110,NULL,unrenovated,"ground floor",1,NULL,1973,"not available",NULL,NULL,NULL,NULL,"okres Liptovský Mikuláš","Liptovský Mikuláš",Demänová,"RE/MAX Slovakia",Bratislava
JulmO4nyPV1,"4-room apartment",82,1905.34,"fully renovated","ground floor",1,NULL,1978,"not available",NULL,NULL,yes,NULL,"okres Martin",Martin,Priekopa,"Financie a reality od A po Z",Martin
JuqHgAmAWwG,"3-room apartment",63,2965.36,"under construction","upper floor",5,yes,2025,A,yes,NULL,yes,NULL,"okres Kysucké Nové Mesto","Kysucké Nové Mesto",Kamence,"Istrofinal, s. r. o.",Žilina
JuSXCvc_TgO,"2-room apartment",57,3281.21,"under construction","upper floor",NULL,NULL,NULL,NULL,NULL,NULL,NULL,NULL,"okres Žilina",Žilina,Hájik,"Realitná kancelária",Bratislava
Ju-aCcpkFTl,"3-room apartment",63,2941.64,"under construction","upper floor",2,yes,2025,A,yes,NULL,yes,NULL,"okres Kysucké Nové Mesto","Kysucké Nové Mesto",Kamence,"Istrofinal, s. r. o.",Žilina
JukgHXnk_FH,"2-room apartment",55,2300.00,unrenovated,"top floor",3,NULL,1960,NULL,NULL,NULL,NULL,yes,"okres Martin",Martin,Stred,"Realitná kancelária",Bratislava
JuppkYCT654,"1-room apartment",40,NULL,"fully renovated",NULL,NULL,NULL,1980,"not available",NULL,NULL,NULL,NULL,"okres Martin",Martin,Stred,"TUreality s.r.o.",Žilina
JuEvHi31Kuc,"3-room apartment",120,2708.33,"new construction","upper floor",3,NULL,2009,NULL,NULL,NULL,NULL,NULL,"okres Žilina",Žilina,"Staré mesto","Realitná kancelária RED, s.r.o.",Žilina
Julb0pINzt_,"4-room apartment",110,2863.64,"new construction","upper floor",2,yes,NULL,NULL,NULL,NULL,NULL,NULL,"okres Žilina",Žilina,Vlčince,"Piata Avenue",Žilina
JuQtjXuvBCs,"studio apartment",30,2130.00,"fully renovated","ground floor",1,NULL,2015,"not available",NULL,NULL,NULL,NULL,"okres Čadca",Turzovka,Stred,"JPE. Reality - Jozef Pajer",Čadca
JueB0gAOmwn,"2-room apartment",64,2734.38,"partially renovated","upper floor",NULL,NULL,1975,NULL,NULL,NULL,NULL,NULL,"okres Žilina",Žilina,Hliny,"B10 Slovensko, a. s.",Žilina
Ju9UkKAGv88,"4-room apartment",110,2863.64,"new construction","upper floor",3,NULL,2009,NULL,NULL,NULL,NULL,NULL,"okres Žilina",Žilina,Vlčince,"Realitná kancelária RED, s.r.o.",Žilina
JuemfCeEc7H,"2-room apartment",49,3275.98,"fully renovated",NULL,NULL,NULL,NULL,NULL,NULL,NULL,NULL,NULL,"okres Žilina","Rajecké Teplice","Rajecké Teplice","ŽILINAREAL, s.r.o.",Žilina
Ju4uaW2Y4yL,"holiday apartment",55,6725.45,"new construction",NULL,NULL,NULL,NULL,NULL,NULL,NULL,NULL,NULL,"okres Liptovský Mikuláš","Demänovská Dolina","Demänovská Dolina","DLUGO reality",Poprad
JuOBBX6-RMz,"2-room apartment",62,2500.00,"new construction","raised ground floor",2,NULL,2025,A,NULL,NULL,NULL,NULL,"okres Martin",Martin,Stred,"TARGETreal s. r. o.",Žilina
JuWIHesej0g,"2-room apartment",70,2228.57,"fully renovated",NULL,NULL,NULL,NULL,"not available",NULL,NULL,NULL,NULL,"okres Žilina",Žilina,"Staré mesto","MGM reality",Žilina
JuKnGrQfPf8P,"2-room apartment",54,3646.30,"new construction","ground floor",1,NULL,2025,NULL,NULL,NULL,NULL,NULL,"okres Žilina",Žilina,Bytčica,"Realitná kancelária RED, s.r.o.",Žilina
JuocwBv9B8E,"3-room apartment",96,NULL,"partially renovated","ground floor",1,NULL,1986,NULL,NULL,NULL,NULL,NULL,"okres Žilina","Dlhé Pole","Dlhé Pole","Realitná kancelária",Bratislava
JuTk10X0x-i,"holiday apartment",78,NULL,"new construction","added floor",2,NULL,2020,A,NULL,yes,NULL,yes,"okres Liptovský Mikuláš","Demänovská Dolina","Demänovská Dolina",Limaxreal,"Liptovský Mikuláš"
JuP28alhfCi,"3-room apartment",67,2834.33,"fully renovated","upper floor",NULL,NULL,1975,NULL,NULL,NULL,NULL,NULL,"okres Žilina",Žilina,Hliny,"B10 Slovensko, a. s.",Žilina
JuwnuvEmJ5E,"3-room apartment",51,2570.65,"new construction","ground floor",1,NULL,2022,"in preparation",NULL,yes,NULL,yes,"okres Námestovo",Zubrohlava,Zubrohlava,"RK Dalmia s. r. o.","Dolný Kubín"
JuFa19Ow0Dt,"3-room apartment",114,1885.96,"partially renovated","upper floor",2,NULL,1947,"not available",NULL,NULL,NULL,NULL,"okres Martin",Martin,Stred,"Felicita Real s. r. o.",Martin
JuCqI77KeMc,"2-room apartment",56,1875.00,"partially renovated","top floor",5,NULL,1971,"not available",NULL,NULL,NULL,NULL,"okres Martin",Turany,Turany,"Reality MT s.r.o.",Martin
JueW1n9AoIx,"3-room apartment",92,2336.96,"new construction","upper floor",2,yes,2009,A,NULL,NULL,NULL,NULL,"okres Žilina",Žilina,Závodie,"RENOME REAL",Žilina
JujhD3lGKSF,"2-room apartment",67,2544.78,"fully renovated","upper floor",6,yes,NULL,"not available",NULL,yes,NULL,yes,"okres Žilina",Žilina,Vlčince,"JKV REAL",Prievidza
JuwdAcDikt2,"2-room apartment",59,3305.08,"partially renovated","upper floor",4,yes,2010,"not available",NULL,NULL,NULL,NULL,"okres Žilina",Žilina,Závodie,"Reality IQ, s.r.o.",Žilina
JuNwRfCAG1O,"2-room apartment",70,2690.44,"under construction","upper floor",2,yes,NULL,A,yes,NULL,NULL,yes,"okres Martin",Martin,Jahodníky,"CANGURU s.r.o.","Rajecké Teplice"
JuUgOGFJBDF,"4-room apartment",88,2039.77,"fully renovated",NULL,NULL,NULL,NULL,NULL,NULL,NULL,NULL,NULL,"okres Kysucké Nové Mesto","Kysucké Nové Mesto",Sídlisko,NULL,NULL
JuQwMUprpPT,"3-room apartment",60,2491.67,"new construction","top floor",5,NULL,2024,"not available",NULL,NULL,NULL,NULL,"okres Kysucké Nové Mesto","Kysucké Nové Mesto",Sídlisko,"Realitná kancelária DOM",Žilina
JucEibGbMaV,"holiday apartment",79,3303.80,"new construction",NULL,NULL,NULL,NULL,NULL,NULL,NULL,NULL,NULL,"okres Liptovský Mikuláš","Liptovský Mikuláš",Demänová,"RK SPIRIT s.r.o.","Liptovský Mikuláš"
Juc7SyZSucw0,"holiday apartment",72,5972.22,"new construction","ground floor",1,NULL,2019,A,NULL,NULL,NULL,NULL,"okres Liptovský Mikuláš","Demänovská Dolina","Demänovská Dolina","United Professionals s.r.o.",Bratislava
Juszi7YaqvT,"3-room apartment",71,1760.56,"partially renovated","upper floor",2,yes,1988,"not available",NULL,NULL,NULL,NULL,"okres Ružomberok",Ružomberok,NULL,"A-Byt Consult, s.r.o.",Ružomberok
Ju8T6cE3M46O,"2-room apartment",39,3330.77,"new construction","upper floor",3,yes,NULL,NULL,NULL,NULL,NULL,NULL,"okres Ružomberok",Ružomberok,Hrabovo,"ARCHEUS Partners a.s.",Bratislava
Ju6ic7zNy9_,"3-room apartment",NULL,NULL,"under construction",NULL,NULL,NULL,NULL,NULL,NULL,NULL,NULL,NULL,"okres Žilina","Lietavská Lúčka","Lietavská Lúčka","Safe reality s. r. o.",Žilina
JuMCWySZsct,"4-room apartment",104,4279.23,"new construction","top floor",8,NULL,2025,A,NULL,NULL,NULL,NULL,"okres Žilina",Žilina,Vlčince,"Reinoo a.s.",Žilina
Ju0_qpYyImE,"1-room apartment",23,3228.62,"fully renovated","ground floor",1,NULL,1900,B,NULL,NULL,NULL,NULL,"okres Liptovský Mikuláš","Liptovský Mikuláš","Staré mesto","KA Real","Banská Bystrica"
JuQo0PP1022,"2-room apartment",61,3370.99,"new construction","upper floor",7,yes,2023,A,NULL,yes,NULL,yes,"okres Žilina",Žilina,Vlčince,"Reinoo a.s.",Žilina
Ju8w7xSU6tn,"2-room apartment",56,4017.86,"fully renovated","ground floor",1,NULL,2010,B,NULL,NULL,yes,yes,"okres Žilina",Žilina,Bôrik,"MENS s. r. o.",Žilina
JuUPYByvH-3,"4-room apartment",113,3828.28,"new construction","upper floor",3,yes,2022,A,NULL,yes,yes,NULL,"okres Žilina",Žilina,"Staré mesto","KORSO Project, s.r.o.",Žilina
Ju8gkOV9Ua-,"holiday apartment",30,3960.40,"new construction","upper floor",4,yes,NULL,NULL,NULL,NULL,NULL,NULL,"okres Ružomberok",Bešeňová,Bešeňová,"RK SPIRIT s.r.o.","Liptovský Mikuláš"
JudjVeywOJE,"2-room apartment",57,1964.91,unrenovated,"top floor",4,NULL,1965,"not available",NULL,NULL,NULL,NULL,"okres Martin",Martin,Sever,"AstonReal s.r.o.","Banská Bystrica"
JuMOG3S1mHU,"2-room apartment",90,NULL,"new construction","ground floor",1,NULL,2026,A,NULL,NULL,NULL,NULL,"okres Martin",Martin,Tomčany,"Reality AK, spol. s r.o.",Martin
JuGHqD4k0Bi,"3-room apartment",65,2000.00,"fully renovated","upper floor",NULL,NULL,1988,NULL,NULL,NULL,NULL,NULL,"okres Čadca",Čadca,Kyčerka,"B10 Slovensko, a. s.",Žilina
JuirbsBqAtw,"5+ room apartment",130,NULL,"partially renovated","upper floor",NULL,NULL,NULL,NULL,NULL,NULL,NULL,NULL,"okres Martin",Lipovec,Lipovec,"Realitná kancelária",Bratislava
JuX6bDcbxKm,"3-room apartment",63,3173.02,"new construction","ground floor",1,NULL,2020,A,NULL,NULL,NULL,yes,"okres Martin",Martin,Stred,"Reality ASTORIA, s.r.o.",Martin
JuO5mITkYRm,"1-room apartment",29,3206.90,"fully renovated",NULL,NULL,NULL,NULL,"not available",NULL,NULL,NULL,NULL,"okres Kysucké Nové Mesto","Kysucké Nové Mesto",Sídlisko,"Direct Real, spol. s r.o.",Bratislava
JuRBfIzNbvG,"holiday apartment",71,6992.71,"new construction","upper floor",3,yes,NULL,NULL,NULL,NULL,NULL,NULL,"okres Liptovský Mikuláš","Demänovská Dolina","Demänovská Dolina","RESIDENCE realitná kancelária","Liptovský Mikuláš"
JugK_iVZsVR,"2-room apartment",54,2481.48,"partially renovated","top floor",5,NULL,1985,"not available",yes,yes,yes,yes,"okres Ružomberok",Ružomberok,Baničné,"OVERENÉ REALITY","Banská Bystrica"
JuCzDBx82gn,"2-room apartment",56,2048.56,"partially renovated","upper floor",8,yes,NULL,NULL,NULL,NULL,NULL,NULL,"okres Ružomberok",Ružomberok,"Staré mesto","BeMi realitná kancelária",Nitra
Juo-BgN_Y9D,maisonette,107,2616.18,"new construction","ground floor",1,NULL,2024,NULL,NULL,NULL,NULL,NULL,"okres Liptovský Mikuláš","Liptovský Mikuláš","Liptovská Ondrašová","Bosen Group s.r.o.",Bratislava
JuzTIfdr-oi,"4-room apartment",116,2586.12,"fully renovated","upper floor",2,NULL,1945,NULL,NULL,NULL,NULL,NULL,"okres Žilina",Žilina,"Staré mesto","Realitná kancelária RED, s.r.o.",Žilina
JuY2fWI7qOb,"1-room apartment",42,3472.22,"new construction","upper floor",6,yes,2019,A,NULL,NULL,NULL,NULL,"okres Martin",Martin,Priekopa,"CANGURU s.r.o.","Rajecké Teplice"
JukBksFoVDN,"holiday apartment",42,3023.81,"new construction","ground floor",1,NULL,2022,A,NULL,NULL,NULL,NULL,"okres Ružomberok",Ružomberok,Hrabovo,"Domovia s. r. o.",Bratislava
JuZiQf_R1fN,"3-room apartment",80,NULL,"new construction","top floor",2,NULL,2024,NULL,NULL,NULL,NULL,NULL,"okres Žilina",Divina,Divina,"Realitná kancelária RED, s.r.o.",Žilina
JuyhufYl9nJ,"4-room apartment",118,1217.66,"under construction","ground floor",1,NULL,2025,A,NULL,NULL,yes,yes,"okres Žilina",Ďurčiná,Ďurčiná,"StorkReal s. r. o.","Rajecká Lesná"
JuICDmblLAV,"3-room apartment",72,NULL,"partially renovated","upper floor",5,yes,1970,B,NULL,NULL,NULL,NULL,"okres Liptovský Mikuláš","Liptovský Mikuláš","Vrbica - Nábrežie","AstonReal s.r.o.","Banská Bystrica"
JulVRQnK87Q,"3-room apartment",70,1837.50,"partially renovated",NULL,NULL,NULL,NULL,NULL,NULL,NULL,NULL,NULL,"okres Čadca",Čadca,Kyčerka,"BeMi realitná kancelária",Nitra
JugCrJ6aqt6,"2-room apartment",56,4698.58,"new construction","ground floor",1,NULL,2014,B,NULL,yes,yes,NULL,"okres Liptovský Mikuláš","Demänovská Dolina","Demänovská Dolina",G-REAL,"Liptovský Mikuláš"
Juq3lnZLMdJ,"studio apartment",28,NULL,"new construction","upper floor",3,NULL,NULL,G,NULL,NULL,NULL,NULL,"okres Žilina",Žilina,Závodie,"REALITY SPOLU",Bratislava
JuNgKsGWJb_,"3-room apartment",82,NULL,"fully renovated","raised ground floor",1,NULL,1978,B,NULL,NULL,yes,yes,"okres Žilina",Žilina,Vlčince,"MENS s. r. o.",Žilina
JuFOaiRGATh,"3-room apartment",63,2752.20,"under construction","upper floor",4,NULL,2025,A,NULL,NULL,NULL,NULL,"okres Ružomberok",Ružomberok,Roveň,"ODEKO manažment s.r.o.",Žilina
Juqh8kAz6Ws,"2-room apartment",56,1317.68,"partially renovated","ground floor",NULL,NULL,1987,"not available",NULL,NULL,NULL,NULL,"okres Liptovský Mikuláš",Dúbrava,Dúbrava,"HALO reality, s.r.o.",Prievidza
JuIgXokL5hc,"4-room apartment",84,2357.14,"fully renovated","upper floor",4,yes,1973,"not available",yes,NULL,NULL,NULL,"okres Martin",Martin,Priekopa,"Like Reality s.r.o.","Považská Bystrica"
JuD6R0F6XVX,"3-room apartment",120,1416.58,"partially renovated",NULL,NULL,NULL,1980,"not available",NULL,NULL,NULL,NULL,"okres Martin",Sučany,Sučany,"TUreality s.r.o.",Žilina
JuSh4rLdnzP,"1-room apartment",38,3997.37,"new construction","upper floor",2,yes,2025,"in preparation",yes,NULL,yes,NULL,"okres Žilina",Žilina,"Staré mesto","WFG reality, s.r.o.",Žilina
JuiOse4gKiU,"2-room apartment",81,1978.69,"new construction","raised ground floor",1,NULL,2022,A,NULL,NULL,NULL,NULL,"okres Liptovský Mikuláš","Liptovský Hrádok",Celiny,"RK SPIRIT s.r.o.","Liptovský Mikuláš"
JuRMVAMTIbE,"2-room apartment",75,6066.67,"new construction","upper floor",6,yes,2025,"not available",NULL,NULL,NULL,NULL,"okres Liptovský Mikuláš","Demänovská Dolina","Demänovská Dolina","RexDeco s.r.o.",Přerov
Ju0CrnhCGrs,"4-room apartment",161,2076.88,"partially renovated","ground floor",1,NULL,NULL,"not available",NULL,NULL,NULL,NULL,"okres Žilina",Žilina,"Staré mesto","MGM reality",Žilina
JuwgpofL0aK,"2-room apartment",NULL,NULL,"partially renovated",NULL,NULL,NULL,NULL,NULL,NULL,NULL,NULL,NULL,"okres Námestovo",Námestovo,NULL,NULL,NULL
JudY9Gw22hd,"2-room apartment",56,2694.22,"development project","ground floor",1,yes,2024,A,NULL,NULL,yes,NULL,"okres Ružomberok",Ružomberok,Baničné,"ODEKO manažment s.r.o.",Žilina
JuKkQSr7yLI,"3-room apartment",67,NULL,"partially renovated",NULL,NULL,NULL,1980,"not available",NULL,NULL,NULL,NULL,"okres Martin",Martin,Košúty,"TUreality s.r.o.",Žilina
JumCrfhYhfV,"holiday apartment",52,5480.77,"new construction","upper floor",2,NULL,NULL,A,NULL,NULL,NULL,NULL,"okres Liptovský Mikuláš","Demänovská Dolina","Demänovská Dolina","RESIDENCE realitná kancelária","Liptovský Mikuláš"
Ju5L8AAHtJp,"1-room apartment",30,3166.67,"partially renovated",NULL,NULL,NULL,1980,"not available",NULL,NULL,NULL,NULL,"okres Martin",Martin,Stred,"TUreality s.r.o.",Žilina
Ju46o5YnbQR,"2-room apartment",52,2879.78,"new construction","ground floor",1,NULL,NULL,NULL,NULL,NULL,NULL,NULL,"okres Ružomberok",Bešeňová,Bešeňová,"XEMAR realitná spoločnosť s.r.o.","Banská Bystrica"
JuAZvxGvcMl,"2-room apartment",70,2800.00,"fully renovated",NULL,NULL,NULL,NULL,NULL,NULL,NULL,NULL,NULL,"okres Žilina",Žilina,"Staré mesto","Realitné kancelárie SR",Bratislava
Juo8hsv1xWR,"holiday apartment",76,2235.08,"new construction",attic,NULL,NULL,NULL,NULL,NULL,NULL,NULL,NULL,"okres Martin",Valča,Valča,"Realitné kancelárie SR",Bratislava
JukVF1PHUJU,"3-room apartment",61,2064.46,"partially renovated","upper floor",6,yes,1990,"not available",yes,NULL,NULL,NULL,"okres Martin",Martin,Záturčie,"Reality Center, s.r.o.",Martin
JuaD4qSzRhl,"4-room apartment",108,2083.33,"new construction",NULL,NULL,NULL,NULL,NULL,NULL,NULL,NULL,NULL,"okres Žilina","Dolný Hričov","Dolný Hričov",NULL,NULL
JuVuoYcJToJ,"studio apartment",22,NULL,"partially renovated","upper floor",NULL,NULL,1975,NULL,NULL,NULL,NULL,NULL,"okres Žilina",Žilina,Vlčince,"B10 Slovensko, a. s.",Žilina
JuqRHR8iBLi,"3-room apartment",68,2000.00,"partially renovated","top floor",3,NULL,1985,A,NULL,yes,yes,NULL,"okres Čadca","Krásno nad Kysucou",Stred,"Reality IQ, s.r.o.",Žilina
Ju_mO5F1KAW,"4-room apartment",101,3238.65,"new construction",NULL,NULL,NULL,NULL,NULL,NULL,NULL,NULL,NULL,"okres Žilina",Žilina,"Staré mesto",NULL,NULL
JuRHCARxbUa,"3-room apartment",99,2662.90,"new construction","upper floor",4,yes,2025,A,NULL,NULL,NULL,NULL,"okres Martin",Martin,Stred,"Buby reality, s.r.o.",Žilina
JuY6ZkaPSRF,"1-room apartment",42,3688.10,"new construction",NULL,NULL,NULL,NULL,NULL,NULL,NULL,NULL,NULL,"okres Ružomberok",Bešeňová,Bešeňová,"OREA, s.r.o.","Dolný Kubín"
JuG5b3bSJJl,"2-room apartment",53,2226.42,"fully renovated","upper floor",2,NULL,NULL,NULL,NULL,NULL,yes,NULL,"okres Martin",Martin,Podháj,"LIF REAL",Martin
Juatx6SLjDH,"3-room apartment",72,2790.34,"fully renovated","upper floor",NULL,NULL,NULL,NULL,NULL,NULL,NULL,NULL,"okres Dolný Kubín","Dolný Kubín","Veľký Bysterec","FINREA - ak vám záleží na výsledku","Dolný Kubín"
Ju7pt9GBh0f,"4-room apartment",83,2349.40,"partially renovated","upper floor",6,yes,2025,"not available",NULL,NULL,NULL,NULL,"okres Martin",Martin,Ľadoveň,"Reality Alpia",Martin
JuYxNvuFp4O,"1-room apartment",35,1428.29,"partially renovated","ground floor",1,NULL,1900,"not available",NULL,NULL,NULL,NULL,"okres Liptovský Mikuláš",Bobrovník,Bobrovník,"RE/MAX Slovakia",Bratislava
Ju2F2PEA16h,"2-room apartment",40,3475.00,"fully renovated","ground floor",1,NULL,NULL,NULL,NULL,NULL,NULL,NULL,"okres Ružomberok",Bešeňová,Bešeňová,"RESIDENCE realitná kancelária","Liptovský Mikuláš"
