offer_id,agency,property_category,property_type,condition,location_district,location_area,area_price_category,area_price_index,price_m2,segment_avg_price,pricing_index,agency_listings,all_listings
JuUlwzFbYFD,NULL,land,NULL,NULL,"okres Dolný Kubín",Kraľovany,cheap,-24.34,35.00,35.00,0.0000,1,1
JuVIY0GAADR,NULL,land,NULL,NULL,"okres Ružomberok","Liptovské Sliače",average,-7.12,99.00,69.50,0.4245,2,2
JuYB0zOc7gD,NULL,land,NULL,NULL,"okres Ružomberok","Liptovské Sliače",average,-7.12,40.00,69.50,-0.4245,2,2
Ju-s0a69uoP,NULL,house,NULL,"fully renovated","okres Žilina",Rajec,average,-11.29,NULL,NULL,NULL,1,1
JugeXc96z-v,NULL,house,NULL,"new construction","okres Dolný Kubín",Mokraď,premium,65.60,NULL,NULL,NULL,1,1
JuwqK7Dudy6,NULL,house,NULL,"new construction","okres Liptovský Mikuláš","Liptovské Kľačany",expensive,8.20,NULL,NULL,NULL,1,1
Ju4sn1YIbXo,NULL,house,NULL,"new construction","okres Námestovo",Vavrečka,premium,46.31,NULL,NULL,NULL,1,1
JuEHqE5JgWy,NULL,house,NULL,"new construction","okres Tvrdošín",Zábiedovo,cheap,-17.91,NULL,NULL,NULL,1,1
JuYd_ySpDkY,NULL,house,NULL,"partially renovated","okres Martin",Priekopa,premium,55.82,NULL,84663.33,NULL,1,2
Jup4EgHcPTP,NULL,house,NULL,"partially renovated","okres Ružomberok","Liptovské Revúce","very cheap",-42.77,NULL,NULL,NULL,1,1
JugmUi1YrCL,NULL,house,NULL,"partially renovated","okres Turčianske Teplice",Jasenovo,NULL,NULL,NULL,NULL,NULL,1,1
JuirYeDybOq,NULL,house,NULL,"partially renovated","okres Žilina",Podhorie,expensive,19.77,NULL,NULL,NULL,1,1
JuPV9PU2Pc2,NULL,house,NULL,unrenovated,"okres Čadca",Zákopčie,cheap,-18.02,NULL,NULL,NULL,1,1
JurM0RjMVTd,NULL,house,NULL,unrenovated,"okres Liptovský Mikuláš","Liptovské Beharovce","very cheap",-55.88,NULL,NULL,NULL,1,1
Ju3I_NXNtd2,NULL,house,NULL,unrenovated,"okres Turčianske Teplice","Turčiansky Michal",average,-11.08,NULL,NULL,NULL,1,1
Juc74a1hN-t,NULL,house,NULL,unrenovated,"okres Žilina",Mojš,average,0.39,NULL,NULL,NULL,1,1
JuuSRj_dS1E,NULL,apartment,"1-room apartment","fully renovated","okres Martin",Ľadoveň,average,-5.00,3316.67,3316.67,0.0000,1,1
JudrbteyWzE,NULL,apartment,"1-room apartment","new construction","okres Dolný Kubín",Brezovec,average,-1.33,3515.15,3515.15,0.0000,1,1
JuqDuiRmYdZ,NULL,apartment,"1-room apartment",unrenovated,"okres Žilina",Vlčince,premium,39.03,NULL,2975.00,NULL,1,3
JuuuYAHYGX8,NULL,apartment,"2-room apartment","development project","okres Dolný Kubín",Brezovec,average,-1.33,2716.67,2716.67,0.0000,1,1
JubsYNuv_gH,NULL,apartment,"2-room apartment","development project","okres Dolný Kubín",Stred,average,-5.26,NULL,NULL,NULL,1,1
JuZrguawZAO,NULL,apartment,"2-room apartment","fully renovated","okres Bytča","Veľká Bytča",expensive,8.56,2343.59,2343.59,0.0000,1,1
JuEHAn3LwGR,NULL,apartment,"2-room apartment","fully renovated","okres Dolný Kubín",Stred,average,-5.26,2314.29,2314.29,0.0000,1,1
Jux-AEYjDab,NULL,apartment,"2-room apartment","fully renovated","okres Žilina",Solinky,expensive,24.79,3500.00,3519.90,-0.0057,1,2
JuFc31jRHf3,NULL,apartment,"2-room apartment","fully renovated","okres Žilina",Vlčince,premium,39.03,2846.15,2931.48,-0.0291,1,4
JuUG1bLiAAp,NULL,apartment,"2-room apartment","new construction","okres Bytča","Veľké Rovné",average,-9.95,3000.00,3000.00,0.0000,1,1
Juiqajk1kjr,NULL,apartment,"2-room apartment","new construction","okres Liptovský Mikuláš","Malé Borové",cheap,-20.16,3253.49,3233.67,0.0061,6,7
Jubm9fi-mY2v,NULL,apartment,"2-room apartment","new construction","okres Liptovský Mikuláš","Malé Borové",cheap,-20.16,3502.13,3233.67,0.0830,6,7
JuUgt1O2AUN,NULL,apartment,"2-room apartment","new construction","okres Liptovský Mikuláš","Malé Borové",cheap,-20.16,3640.48,3233.67,0.1258,6,7
JuqAM-ZO9ir,NULL,apartment,"2-room apartment","new construction","okres Liptovský Mikuláš","Malé Borové",cheap,-20.16,3563.64,3233.67,0.1020,6,7
JuN_WBxnd6g,NULL,apartment,"2-room apartment","new construction","okres Liptovský Mikuláš","Malé Borové",cheap,-20.16,3108.89,3233.67,-0.0386,6,7
Ju2vUj8wFP4,NULL,apartment,"2-room apartment","new construction","okres Liptovský Mikuláš","Malé Borové",cheap,-20.16,3108.89,3233.67,-0.0386,6,7
JuMuHR9ALAx,NULL,apartment,"2-room apartment","new construction","okres Liptovský Mikuláš",Prekážka,average,-4.07,2500.00,2500.00,0.0000,1,1
JuITiNm8gMP,NULL,apartment,"2-room apartment","new construction","okres Martin",Stred,expensive,19.38,2796.88,2769.70,0.0098,2,6
Ju5Yoj_C-t-,NULL,apartment,"2-room apartment","new construction","okres Martin",Stred,expensive,19.38,2946.43,2769.70,0.0638,2,6
JuJCzmrTicR,NULL,apartment,"2-room apartment","new construction","okres Martin",Záturčie,average,-12.61,3250.00,3250.00,0.0000,1,2
JujVD_-rIKd,NULL,apartment,"2-room apartment","new construction","okres Ružomberok",Hrabovo,average,-7.51,3637.50,3702.07,-0.0174,1,3
JukRhMNGZ-C,NULL,apartment,"2-room apartment","new construction","okres Ružomberok",Roveň,average,-12.14,2610.64,2610.64,0.0000,1,1
JuP6ftsrJ5D,NULL,apartment,"2-room apartment","new construction","okres Žilina",Hliny,expensive,11.48,3798.18,3798.18,0.0000,1,2
JuWJdu9GaUY,NULL,apartment,"2-room apartment","new construction","okres Žilina",Kunerad,expensive,8.95,4234.04,4234.04,0.0000,1,2
JuwgpofL0aK,NULL,apartment,"2-room apartment","partially renovated","okres Námestovo",NULL,NULL,NULL,NULL,NULL,NULL,1,1
Ju4hZgzLszu,NULL,apartment,"2-room apartment","partially renovated","okres Tvrdošín",Trstená,average,-10.23,2000.00,1992.00,0.0040,1,2
Juq8SVDOmLX,NULL,apartment,"2-room apartment","partially renovated","okres Žilina",Solinky,expensive,24.79,3208.33,3171.62,0.0116,1,3
JuUknu_3A4k,NULL,apartment,"2-room apartment","partially renovated","okres Žilina","Staré mesto",expensive,25.24,2638.89,2992.88,-0.1183,1,5
Ju_yl2A922o,NULL,apartment,"2-room apartment",unrenovated,"okres Turčianske Teplice",Stred,cheap,-16.60,1366.67,1366.67,0.0000,1,1
Juvk9S_5ltU,NULL,apartment,"2-room apartment",unrenovated,"okres Žilina",Hliny,expensive,11.48,2592.59,2579.51,0.0051,1,5
JuR7qWw7H0C,NULL,apartment,"3-room apartment","fully renovated","okres Liptovský Mikuláš","Staré mesto",average,1.93,4200.00,3556.52,0.1809,1,3
JuiHekkzZ0E,NULL,apartment,"3-room apartment","fully renovated","okres Liptovský Mikuláš","Vrbica - Nábrežie",average,1.84,NULL,2386.67,NULL,1,2
JuhBW328SAS,NULL,apartment,"3-room apartment","fully renovated","okres Martin","Horné Vrútky",average,-10.79,2387.91,2079.02,0.1486,1,5
Jub-qUAwi4z,NULL,apartment,"3-room apartment","fully renovated","okres Martin",Košúty,average,-3.60,2031.25,2015.63,0.0077,1,3
JukApNg-M8K,NULL,apartment,"3-room apartment","fully renovated","okres Žilina","Malá Praha",premium,74.15,3674.58,3674.58,0.0000,1,1
JuD4zRss3yP,NULL,apartment,"3-room apartment","fully renovated","okres Žilina",Solinky,expensive,24.79,2500.00,2592.86,-0.0358,1,2
JuFvtb1f76m,NULL,apartment,"3-room apartment","fully renovated","okres Žilina",Vlčince,premium,39.03,3041.67,2883.51,0.0548,1,6
JuBIZmW7FwQ,NULL,apartment,"3-room apartment","new construction","okres Kysucké Nové Mesto",Sídlisko,average,-3.57,2422.54,2474.39,-0.0210,1,4
JuvOboUvobu,NULL,apartment,"3-room apartment","new construction","okres Liptovský Mikuláš","Malé Borové",cheap,-20.16,3781.25,3516.49,0.0753,2,2
JuZ68DUQRpn,NULL,apartment,"3-room apartment","new construction","okres Liptovský Mikuláš","Malé Borové",cheap,-20.16,3251.72,3516.49,-0.0753,2,2
JuySZhvO7pX,NULL,apartment,"3-room apartment","new construction","okres Ružomberok","Staré mesto",average,-14.78,2459.26,2494.84,-0.0143,2,2
JunJQlPuUZ5,NULL,apartment,"3-room apartment","new construction","okres Ružomberok","Staré mesto",average,-14.78,2530.41,2494.84,0.0143,2,2
Ju0haPUlmUa,NULL,apartment,"3-room apartment","new construction","okres Žilina",Hliny,expensive,11.48,NULL,NULL,NULL,1,2
JujYXXx5gXi,NULL,apartment,"3-room apartment","new construction","okres Žilina","Staré mesto",expensive,25.24,3223.45,3410.80,-0.0549,2,9
JuuIsQ7Faa3,NULL,apartment,"3-room apartment","new construction","okres Žilina","Staré mesto",expensive,25.24,2500.00,3410.80,-0.2670,2,9
JuhnGApypwY,NULL,apartment,"3-room apartment","new construction","okres Žilina",Vlčince,premium,39.03,3076.09,3177.28,-0.0318,2,11
Jul8pXByFOl,NULL,apartment,"3-room apartment","new construction","okres Žilina",Vlčince,premium,39.03,3472.83,3177.28,0.0930,2,11
Ju0hF7AM_5h,NULL,apartment,"3-room apartment","partially renovated","okres Čadca",Kyčerka,cheap,-16.23,2213.85,2025.68,0.0929,1,4
JuRhJZ24FBr,NULL,apartment,"3-room apartment","partially renovated","okres Ružomberok",Ľubochňa,expensive,18.96,1641.03,1653.78,-0.0077,1,2
JuvEgSpY9yR,NULL,apartment,"3-room apartment","partially renovated","okres Ružomberok","Staré mesto",average,-14.78,2920.00,2920.00,0.0000,2,2
Ju4j49rCz8N,NULL,apartment,"3-room apartment","partially renovated","okres Ružomberok","Staré mesto",average,-14.78,NULL,2920.00,NULL,2,2
JuGDxnx-MGv,NULL,apartment,"3-room apartment","partially renovated","okres Turčianske Teplice",Stred,cheap,-16.60,NULL,1814.29,NULL,1,3
Ju5VjRRX_4J,NULL,apartment,"3-room apartment","partially renovated","okres Žilina",Hliny,expensive,11.48,NULL,2420.34,NULL,1,4
Juzy2CD4C3Q,NULL,apartment,"3-room apartment","under construction","okres Liptovský Mikuláš","Staré mesto",average,1.93,NULL,4009.29,NULL,1,3
JuCyeszuCeF,NULL,apartment,"3-room apartment",unrenovated,"okres Čadca","Sídlisko 3",average,-6.71,1723.08,1772.83,-0.0281,1,2
JuK5fZIIPNG,NULL,apartment,"3-room apartment",unrenovated,"okres Dolný Kubín",Brezovec,average,-1.33,2875.00,2484.55,0.1572,1,2
Juk5yDVhn6R,NULL,apartment,"3-room apartment",unrenovated,"okres Liptovský Mikuláš","Staré mesto",average,1.93,2164.38,2164.38,0.0000,1,2
JuUgOGFJBDF,NULL,apartment,"4-room apartment","fully renovated","okres Kysucké Nové Mesto",Sídlisko,average,-3.57,2039.77,2039.77,0.0000,1,1
JujtAMfUep-,NULL,apartment,"4-room apartment","fully renovated","okres Martin",Stred,expensive,19.38,2213.98,2389.04,-0.0733,1,3
JuVTyDRO6Fo,NULL,apartment,"4-room apartment","fully renovated","okres Ružomberok",Klačno,cheap,-18.24,2000.00,2000.00,0.0000,1,1
Ju892FRo72v,NULL,apartment,"4-room apartment","fully renovated","okres Žilina","Staré mesto",expensive,25.24,4734.43,2619.81,0.8072,1,8
Juy6Dr8MOeS,NULL,apartment,"4-room apartment","fully renovated","okres Žilina",Vlčince,premium,39.03,NULL,2507.26,NULL,1,5
JuZUmgJDVA2,NULL,apartment,"4-room apartment","new construction","okres Ružomberok","Staré mesto",average,-14.78,2504.24,2482.89,0.0086,1,2
JuaD4qSzRhl,NULL,apartment,"4-room apartment","new construction","okres Žilina","Dolný Hričov",average,-4.26,2083.33,2083.33,0.0000,1,1
JuhBe2gFJxv,NULL,apartment,"4-room apartment","new construction","okres Žilina",Hliny,expensive,11.48,NULL,1783.09,NULL,1,3
JuV8a82JG_s,NULL,apartment,"4-room apartment","new construction","okres Žilina","Staré mesto",expensive,25.24,3560.27,3508.33,0.0148,3,7
Ju_mO5F1KAW,NULL,apartment,"4-room apartment","new construction","okres Žilina","Staré mesto",expensive,25.24,3238.65,3508.33,-0.0769,3,7
JuT4OhvaBo8,NULL,apartment,"4-room apartment","new construction","okres Žilina","Staré mesto",expensive,25.24,3459.31,3508.33,-0.0140,3,7
JuNaVEIvSqO,NULL,house,"extra large house","new construction","okres Žilina",Bytčica,expensive,18.76,771.08,771.08,0.0000,1,1
Ju0kW7lOKRF,NULL,house,"extra large house","new construction","okres Žilina",Lietava,cheap,-29.52,NULL,NULL,NULL,1,1
Juq7eJIJyLK,NULL,house,"extra large house","partially renovated","okres Námestovo",Klin,NULL,NULL,NULL,NULL,NULL,1,1
Ju9Mn4e894N,NULL,house,"extra large house","partially renovated","okres Žilina",Ďurčiná,"very cheap",-51.64,725.00,725.00,0.0000,1,1
JuJ545cqJWH,NULL,house,"extra large house",unrenovated,"okres Kysucké Nové Mesto",Povina,average,-11.94,1008.67,1008.67,0.0000,1,1
JuPdbj_I7Hc,NULL,house,"extra large house",unrenovated,"okres Ružomberok",Černová,"very cheap",-85.42,149.46,149.46,0.0000,1,1
JuCjQgzupuY,NULL,land,"extra large plot",NULL,"okres Bytča","Veľká Bytča",expensive,8.56,NULL,NULL,NULL,1,2
Ju4HZvYxEQL,NULL,land,"extra large plot",NULL,"okres Dolný Kubín",Párnica,average,-14.71,69.00,59.00,0.1695,2,4
JujO5TgvXtG,NULL,land,"extra large plot",NULL,"okres Dolný Kubín",Párnica,average,-14.71,NULL,59.00,NULL,2,4
Ju-TgYUkwq0,NULL,land,"extra large plot",NULL,"okres Kysucké Nové Mesto",Snežnica,average,3.88,9.00,9.00,0.0000,1,2
Ju2NQev2SId,NULL,land,"extra large plot",NULL,"okres Liptovský Mikuláš",Jakubovany,cheap,-23.74,8.00,8.00,0.0000,1,1
JuxLDdGxofv,NULL,land,"extra large plot",NULL,"okres Liptovský Mikuláš",Kvačany,cheap,-18.87,65.00,65.00,0.0000,1,2
Ju3oEfAZYzP,NULL,land,"extra large plot",NULL,"okres Liptovský Mikuláš",Východná,cheap,-25.31,13.06,13.06,0.0000,1,2
JuCxQUnpNN5,NULL,land,"extra large plot",NULL,"okres Turčianske Teplice",Diviaky,average,-14.37,25.00,25.00,0.0000,1,1
JuQXoAMiC5M,NULL,land,"extra large plot",NULL,"okres Žilina",Kunerad,expensive,8.95,60.00,60.00,0.0000,1,1
JuMZVzeIVRp,NULL,apartment,"holiday apartment","fully renovated","okres Ružomberok",Hrabovo,average,-7.51,3547.60,3120.34,0.1369,1,4
Ju_TGzIFNk3,NULL,apartment,"holiday apartment","new construction","okres Liptovský Mikuláš",Demänová,premium,36.87,NULL,4467.15,NULL,1,15
JuMDiaehTE4,NULL,apartment,"holiday apartment","new construction","okres Liptovský Mikuláš","Demänovská Dolina",premium,84.23,NULL,5609.23,NULL,1,40
JuJrPj7p6LA,NULL,apartment,"holiday apartment","new construction","okres Liptovský Mikuláš","Pavčina Lehota",expensive,18.57,5111.11,5111.11,0.0000,1,2
JuVihEbzRbP,NULL,apartment,"holiday apartment","new construction","okres Ružomberok",Hrabovo,average,-7.51,3787.88,3345.34,0.1323,1,5
JumSU3uP1r7,NULL,apartment,"holiday apartment","partially renovated","okres Čadca",Oščadnica,cheap,-22.04,3000.00,3000.00,0.0000,1,1
JuuAb4gfi_M,NULL,apartment,"holiday apartment","partially renovated","okres Tvrdošín","Suchá Hora",expensive,5.98,2888.89,2888.89,0.0000,1,1
Ju-S5IE7Y0K,NULL,apartment,"holiday apartment","under construction","okres Liptovský Mikuláš","Závažná Poruba",average,-6.90,4869.57,4869.57,0.0000,1,1
JuT41GyTcye,NULL,house,"large house","fully renovated","okres Čadca",Makov,"very cheap",-43.27,1268.12,1056.04,0.2008,2,3
JuyniXzYO6f,NULL,house,"large house","fully renovated","okres Čadca",Makov,"very cheap",-43.27,950.00,1056.04,-0.1004,2,3
Ju67L89jvFA,NULL,house,"large house","fully renovated","okres Martin",Jahodníky,expensive,9.68,NULL,1677.77,NULL,1,4
Juw56vbFeXZ,NULL,house,"large house","fully renovated","okres Martin","Karvaša a Bláhovca",average,-11.99,672.41,986.21,-0.3182,1,2
Ju5k47Z1Q5X,NULL,house,"large house","fully renovated","okres Žilina",Bánová,average,-7.70,1935.34,1192.55,0.6229,1,3
JuFjizTs4O6,NULL,house,"large house","new construction","okres Čadca",Oščadnica,cheap,-22.04,1843.75,2041.41,-0.0968,1,3
JunQKWe1VdC,NULL,house,"large house","new construction","okres Čadca",Raková,cheap,-22.06,NULL,NULL,NULL,1,1
Ju1Ow9ypb4x,NULL,house,"large house","new construction","okres Námestovo","Oravská Lesná",cheap,-20.20,1874.36,1874.36,0.0000,1,1
Ju1ogGmfwSn,NULL,house,"large house","new construction","okres Žilina",Konská,average,-12.32,1688.37,1688.37,0.0000,1,2
JutjBXS2rky,NULL,house,"large house","new construction","okres Žilina",Trnové,premium,40.34,2166.67,2216.02,-0.0223,1,3
JuP-ssdj9MS,NULL,house,"large house","partially renovated","okres Čadca",Oščadnica,cheap,-22.04,805.56,820.28,-0.0179,1,3
JurFmDveVmQ,NULL,house,"large house","partially renovated","okres Čadca",Radôstka,"very cheap",-41.55,1056.18,1056.18,0.0000,1,1
JuybIukKsI-,NULL,house,"large house","partially renovated","okres Kysucké Nové Mesto",Ochodnica,"very cheap",-45.21,736.32,802.73,-0.0827,1,2
JuDuqsttF6H,NULL,house,"large house","partially renovated","okres Liptovský Mikuláš","Staré mesto",average,1.93,996.67,996.67,0.0000,1,1
JuCptOdcKVJ,NULL,house,"large house","partially renovated","okres Martin",Turany,cheap,-32.68,1249.58,1249.58,0.0000,1,1
JuWTFerinZc,NULL,house,"large house","partially renovated","okres Námestovo",Stred,expensive,5.40,1444.44,1444.44,0.0000,1,1
JuiyJgEkcp7,NULL,house,"large house",unrenovated,"okres Dolný Kubín",Veličná,expensive,14.21,1058.82,1058.82,0.0000,1,1
JutKedpOXQk,NULL,house,"large house",unrenovated,"okres Liptovský Mikuláš","Partizánska Ľupča",cheap,-18.55,857.14,857.14,0.0000,1,1
JuHzPHOV8gk,NULL,house,"large house",unrenovated,"okres Martin",Valča,cheap,-16.01,923.42,461.72,1.0000,1,2
JuhnPs38z4P,NULL,house,"large house",unrenovated,"okres Žilina","Rajecké Teplice",expensive,5.08,1608.26,1247.19,0.2895,1,2
JuXifi6XaeN,NULL,house,"large house",unrenovated,"okres Žilina",Závodie,expensive,15.24,NULL,1369.00,NULL,2,6
JuhczzRboRF,NULL,house,"large house",unrenovated,"okres Žilina",Závodie,expensive,15.24,2004.31,1369.00,0.4641,2,6
JurcJ2k2neE,NULL,land,"large plot",NULL,"okres Bytča",Súľov-Hradná,"very cheap",-51.52,69.86,69.86,0.0000,1,2
JuCZD2XgLKU,NULL,land,"large plot",NULL,"okres Čadca",Kalinov,"very cheap",-42.32,49.00,52.00,-0.0577,1,2
Ju_utm8DAV9,NULL,land,"large plot",NULL,"okres Čadca",Rieka,cheap,-35.46,99.00,74.33,0.3319,1,3
JuUxR9kCtc9,NULL,land,"large plot",NULL,"okres Dolný Kubín","Horná Lehota","very cheap",-62.79,38.00,38.00,0.0000,1,2
JuJNd1CrfWJ,NULL,land,"large plot",NULL,"okres Kysucké Nové Mesto",Radoľa,premium,51.96,NULL,NULL,NULL,1,1
Ju22ZGBmO93,NULL,land,"large plot",NULL,"okres Liptovský Mikuláš","Liptovská Anna",average,-4.78,90.00,90.00,0.0000,1,2
JujdYIr-c-p,NULL,land,"large plot",NULL,"okres Liptovský Mikuláš","Liptovské Beharovce","very cheap",-55.88,70.00,60.00,0.1667,1,2
JuFdP62I-_O,NULL,land,"large plot",NULL,"okres Liptovský Mikuláš",Prosiek,average,-5.17,18.70,18.70,0.0000,1,2
JuywSKYexoR,NULL,land,"large plot",NULL,"okres Tvrdošín",Zábiedovo,cheap,-17.91,80.00,80.00,0.0000,1,1
JuaG4dc-Ff7B,NULL,land,"large plot",NULL,"okres Žilina",Hôrky,expensive,24.36,205.00,202.50,0.0123,1,2
Ju0UqyDriGS,NULL,land,"large plot",NULL,"okres Žilina",Lietava,cheap,-29.52,67.32,98.66,-0.3177,1,2
JuR03LYWket,NULL,land,"large plot",NULL,"okres Žilina",Stráňavy,premium,50.92,106.25,106.25,0.0000,1,2
JuipKl1rZoI,NULL,house,"medium house","fully renovated","okres Čadca","Vysoká nad Kysucou","very cheap",-45.14,1035.00,1056.67,-0.0205,1,3
Ju9dPAZvZDN,NULL,house,"medium house","fully renovated","okres Liptovský Mikuláš","Liptovská Porúbka",cheap,-37.00,NULL,1564.89,NULL,1,2
JuMud2YGw9_,NULL,house,"medium house","fully renovated","okres Ružomberok",Likavka,expensive,15.22,1352.00,2266.34,-0.4034,1,2
JuVnevlBgml,NULL,house,"medium house","fully renovated","okres Turčianske Teplice",Stred,cheap,-16.60,1805.56,1805.56,0.0000,1,1
JuYGxQztZEP,NULL,house,"medium house","new construction","okres Liptovský Mikuláš","Liptovské Kľačany",expensive,8.20,2320.39,2156.03,0.0762,1,2
Ju5l4eqQWuo,NULL,house,"medium house","new construction","okres Martin","Dolný Kalník",expensive,19.12,1893.94,2724.75,-0.3049,1,2
Ju0haqvRmrK,NULL,house,"medium house","new construction","okres Martin",Slovany,cheap,-17.88,1271.70,1504.45,-0.1547,1,5
JujyaTVjwhA,NULL,house,"medium house","new construction","okres Námestovo",Stred,expensive,5.40,NULL,NULL,NULL,1,1
JuyMjKXoFpJ,NULL,house,"medium house","new construction","okres Žilina",Bytčica,expensive,18.76,2837.40,2837.40,0.0000,1,1
Ju6Y8lDrPPx,NULL,house,"medium house","new construction","okres Žilina",Hôrky,expensive,24.36,3253.62,3144.05,0.0348,1,3
Ju39TpZdQum,NULL,house,"medium house","new construction","okres Žilina",Mojš,average,0.39,1924.14,2646.91,-0.2731,1,3
JuCuq9xsJt1,NULL,house,"medium house","new construction","okres Žilina",Rosina,expensive,26.83,3303.73,3597.86,-0.0818,1,3
Ju-Ov-V98je,NULL,house,"medium house","new construction","okres Žilina",Svederník,expensive,24.98,3593.75,3141.38,0.1440,1,4
JuOCwLlVc6x,NULL,house,"medium house","partially renovated","okres Kysucké Nové Mesto","Kysucký Lieskovec",average,-12.67,2210.14,2210.14,0.0000,1,1
JuAaa-osCgW,NULL,house,"medium house","partially renovated","okres Turčianske Teplice",Turček,cheap,-37.71,1619.05,1120.24,0.4453,1,2
Ju50VIWT3Qq,NULL,house,"medium house",unrenovated,"okres Čadca","Nová Bystrica",cheap,-25.30,627.86,627.86,0.0000,1,1
Jup1g8TJ1Ud,NULL,house,"medium house",unrenovated,"okres Martin","Kláštor pod Znievom",average,-12.27,3232.76,1959.72,0.6496,1,2
JuOZyO98HPQT,NULL,house,"medium house",unrenovated,"okres Martin",Sučany,cheap,-19.13,888.89,888.89,0.0000,1,2
Ju7kXMAX0QT,NULL,house,"medium house",unrenovated,"okres Martin",Valča,cheap,-16.01,1260.00,1260.00,0.0000,1,1
Juy0vY_LraB,NULL,house,"medium house",unrenovated,"okres Ružomberok",Lisková,cheap,-19.78,365.13,790.90,-0.5383,1,3
JumvXW6cFIn,NULL,house,"medium house",unrenovated,"okres Žilina","Veľká Čierna",cheap,-18.71,1327.27,1327.27,0.0000,1,1
Ju48Cz332dR,NULL,land,"medium plot",NULL,"okres Bytča","Bytča - sever",average,2.54,139.90,156.33,-0.1051,1,3
JuJYKVSAq2k,NULL,land,"medium plot",NULL,"okres Bytča",Súľov-Hradná,"very cheap",-51.52,133.22,113.63,0.1724,1,2
JuaXdatuUjs,NULL,land,"medium plot",NULL,"okres Kysucké Nové Mesto","Dolný Vadičov",cheap,-18.74,NULL,NULL,NULL,1,1
JuoKzORdNaI,NULL,land,"medium plot",NULL,"okres Liptovský Mikuláš",Jamník,average,-4.62,97.00,104.49,-0.0717,1,6
JuPGYcuAlfl,NULL,land,"medium plot",NULL,"okres Liptovský Mikuláš","Liptovská Anna",average,-4.78,99.00,99.00,0.0000,1,2
JuuuoTcUpiv,NULL,land,"medium plot",NULL,"okres Liptovský Mikuláš",Malatíny,expensive,6.78,128.12,109.06,0.1748,1,2
Jufbp419kLn,NULL,land,"medium plot",NULL,"okres Liptovský Mikuláš","Uhorská Ves",average,-10.61,220.64,220.64,0.0000,1,1
Jud4Z0QIxb1B,NULL,land,"medium plot",NULL,"okres Martin",Blatnica,average,-2.80,NULL,113.22,NULL,1,4
Ju7VNOVgGEX,NULL,land,"medium plot",NULL,"okres Martin",Sučany,cheap,-19.13,120.00,127.51,-0.0589,2,6
JuvLnr4RMW3,NULL,land,"medium plot",NULL,"okres Martin",Sučany,cheap,-19.13,140.00,127.51,0.0980,2,6
JuO_g9A6a9wi,NULL,land,"medium plot",NULL,"okres Martin",Záborie,"very cheap",-73.01,NULL,NULL,NULL,1,2
Ju2owwvd0Ks,NULL,land,"medium plot",NULL,"okres Námestovo","Oravská Lesná",cheap,-20.20,52.65,56.06,-0.0608,1,2
JuKYxcrrEwh,NULL,land,"medium plot",NULL,"okres Námestovo",Zákamenné,average,2.09,98.69,98.69,0.0000,1,1
Ju7lkcp0j1X,NULL,land,"medium plot",NULL,"okres Ružomberok","Liptovské Sliače",average,-7.12,123.00,96.22,0.2783,1,4
Ju-NDMj5LtQ,NULL,land,"medium plot",NULL,"okres Ružomberok",Štiavnička,expensive,22.83,NULL,NULL,NULL,1,1
JuY9N1R47k4,NULL,land,"medium plot",NULL,"okres Žilina",Bôrik,premium,61.54,776.05,572.02,0.3567,2,3
JuFl-uxAAfA,NULL,land,"medium plot",NULL,"okres Žilina",Bôrik,premium,61.54,500.00,572.02,-0.1259,2,3
JuUUpLR6AWM,NULL,land,"medium plot",NULL,"okres Žilina","Dolná Tižina",average,-3.52,116.95,110.12,0.0620,1,2
JuH2wdrPPMN,NULL,land,"medium plot",NULL,"okres Žilina",Hôrky,expensive,24.36,253.60,215.47,0.1770,2,3
Juuidu63ceb,NULL,land,"medium plot",NULL,"okres Žilina",Hôrky,expensive,24.36,174.46,215.47,-0.1903,2,3
JukIX3v-4aJ,NULL,land,"medium plot",NULL,"okres Žilina",Kľače,cheap,-28.52,50.00,70.01,-0.2858,1,4
JuPbTvxxFti,NULL,land,"medium plot",NULL,"okres Žilina",Krasňany,expensive,28.02,164.15,186.89,-0.1217,1,4
JuujbPaHD-l,NULL,land,"medium plot",NULL,"okres Žilina","Veľká Čierna",cheap,-18.71,52.44,52.44,0.0000,1,2
JuHoLMOAPyD,NULL,land,"medium plot",NULL,"okres Žilina",Višňové,expensive,22.64,276.03,216.09,0.2774,1,4
JuzXf_udfUb,NULL,land,"small plot",NULL,"okres Bytča",Pšurnovice,cheap,-25.43,77.00,77.00,0.0000,1,1
Ju5EqGDbrv9,NULL,land,"small plot",NULL,"okres Čadca",Podvysoká,"very cheap",-44.37,38.20,38.20,0.0000,1,1
JujQDiA2uup,NULL,land,"small plot",NULL,"okres Čadca",Podzávoz,expensive,19.26,38.24,44.05,-0.1319,1,2
Juhz-iIvfOR,NULL,land,"small plot",NULL,"okres Dolný Kubín",Zázrivá,average,-13.12,187.50,187.50,0.0000,1,1
JumHCt0Er1_,NULL,land,"small plot",NULL,"okres Liptovský Mikuláš",NULL,NULL,NULL,184.33,184.33,0.0000,1,1
JuVQ4EF1fqG,NULL,land,"small plot",NULL,"okres Liptovský Mikuláš","Liptovská Ondrašová",expensive,17.23,110.00,110.00,0.0000,1,1
JusoxTNDyJI,NULL,land,"small plot",NULL,"okres Námestovo",Brehy,expensive,34.91,319.41,319.41,0.0000,1,1
JuCYY9E7vm0,NULL,land,"small plot",NULL,"okres Námestovo","Oravské Veselé","very cheap",-55.83,100.00,100.00,0.0000,1,2
Ju-MIVcElKG,NULL,land,"small plot",NULL,"okres Žilina",Budatín,premium,51.29,270.00,267.27,0.0102,1,2
JuD1-Yw-h6R,NULL,land,"small plot",NULL,"okres Žilina","Dolná Tižina",average,-3.52,163.45,158.52,0.0311,1,3
JuqKis-FMaT,NULL,land,"small plot",NULL,"okres Žilina",Svederník,expensive,24.98,153.45,153.45,0.0000,1,1
JuvU5Bk6XNz,NULL,land,"small plot",NULL,"okres Žilina",Trnové,premium,40.34,250.00,296.78,-0.1576,1,6
Ju2hmMFZQ4X,NULL,land,"small plot",NULL,"okres Žilina",Višňové,expensive,22.64,279.42,205.96,0.3567,1,4
JuKlYZCt0j5,NULL,apartment,"studio apartment","new construction","okres Liptovský Mikuláš",Vlachy,cheap,-33.54,1428.57,1428.57,0.0000,1,1
Ju1Cm4LoVXM,NULL,apartment,"studio apartment","new construction","okres Ružomberok","Staré mesto",average,-14.78,1815.80,1815.80,0.0000,1,1
JuSt-eGDLO6,NULL,apartment,"studio apartment","partially renovated","okres Ružomberok","Staré mesto",average,-14.78,1003.71,1003.71,0.0000,1,1
Jui1Zkf_kg-,"1. Reality Rent, s.r.o.",apartment,"1-room apartment","fully renovated","okres Čadca",Centrum,cheap,-15.46,2796.61,2796.61,0.0000,1,1
Ju8ym9e1pKJ,"1. Reality Rent, s.r.o.",apartment,"1-room apartment","partially renovated","okres Čadca",Žarec,average,-9.22,2400.00,2431.28,-0.0129,1,3
JuHLqjLk9w7,"1. Reality Rent, s.r.o.",apartment,"2-room apartment","fully renovated","okres Čadca",Oščadnica,cheap,-22.04,2021.80,2021.80,0.0000,1,1
JuYsJLbvRpN,"1. Reality Rent, s.r.o.",apartment,"2-room apartment","fully renovated","okres Kysucké Nové Mesto",Sídlisko,average,-3.57,2517.86,2588.83,-0.0274,1,2
Ju0xJVhINu5,"1. Reality Rent, s.r.o.",apartment,"2-room apartment","partially renovated","okres Čadca",Stred,average,-13.67,NULL,1617.27,NULL,1,3
JupBjnV0coU,"1. Reality Rent, s.r.o.",apartment,"3-room apartment","fully renovated","okres Čadca",Raková,cheap,-22.06,NULL,1882.35,NULL,1,4
JuCMuZyrXT9,"1. Reality Rent, s.r.o.",apartment,"3-room apartment","fully renovated","okres Čadca",Žarec,average,-9.22,2069.44,2069.44,0.0000,1,1
JunWCB0DrwG,"1. Reality Rent, s.r.o.",apartment,"3-room apartment",unrenovated,"okres Čadca","Sídlisko 3",average,-6.71,1822.58,1772.83,0.0281,1,2
JuS6qI_HXQ_,"1. Reality Rent, s.r.o.",apartment,"4-room apartment","partially renovated","okres Žilina",Bôrik,premium,61.54,2670.34,2670.34,0.0000,1,1
JuKW3SQ8Df4,"1. Reality Rent, s.r.o.",house,"extra large house","partially renovated","okres Čadca",Makov,"very cheap",-43.27,353.85,353.85,0.0000,1,1
JuOXuzHr_5v,"1. Reality Rent, s.r.o.",house,"extra large house","partially renovated","okres Kysucké Nové Mesto",NULL,NULL,NULL,1186.05,1186.05,0.0000,1,1
JuuOm3BAvYEs,"1. Reality Rent, s.r.o.",house,"extra large house","partially renovated","okres Martin",NULL,NULL,NULL,NULL,NULL,NULL,1,1
Jui0b4gHHzV,"1. Reality Rent, s.r.o.",land,"extra large plot",NULL,"okres Čadca",Oščadnica,cheap,-22.04,NULL,NULL,NULL,1,1
Ju2vqxn_y5h,"1. Reality Rent, s.r.o.",land,"extra large plot",NULL,"okres Čadca",Skalité,cheap,-35.97,49.90,49.90,0.0000,1,1
JutgQ5gFNVe,"1. Reality Rent, s.r.o.",land,"extra large plot",NULL,"okres Kysucké Nové Mesto",Suľkov,average,-9.76,79.00,79.00,0.0000,2,2
Ju9cyC56Bl4,"1. Reality Rent, s.r.o.",land,"extra large plot",NULL,"okres Kysucké Nové Mesto",Suľkov,average,-9.76,79.00,79.00,0.0000,2,2
JukjLL6Pznq,"1. Reality Rent, s.r.o.",house,"large house","fully renovated","okres Bytča","Hlboké nad Váhom","very cheap",-44.93,1325.00,1325.00,0.0000,1,1
JunpOFmuQsM,"1. Reality Rent, s.r.o.",house,"large house","fully renovated","okres Čadca",Makov,"very cheap",-43.27,950.00,1056.04,-0.1004,1,3
JuMF2TBH415,"1. Reality Rent, s.r.o.",house,"large house","fully renovated","okres Čadca",Podzávoz,expensive,19.26,1458.33,1458.33,0.0000,1,1
JuIIElHC0cU,"1. Reality Rent, s.r.o.",house,"large house","fully renovated","okres Žilina","Malá Praha",premium,74.15,1596.00,1596.35,-0.0002,1,2
JuRC_sngF0m,"1. Reality Rent, s.r.o.",house,"large house","fully renovated","okres Žilina",Terchová,expensive,17.29,2010.67,1635.10,0.2297,1,4
JuQBGbl9GCs,"1. Reality Rent, s.r.o.",house,"large house","partially renovated","okres Bytča",Kolárovice,average,-13.06,744.44,744.44,0.0000,1,2
Juqo9ur2oSk,"1. Reality Rent, s.r.o.",house,"large house","partially renovated","okres Čadca",Raková,cheap,-22.06,1369.10,1369.10,0.0000,2,2
JucFteCcorV,"1. Reality Rent, s.r.o.",house,"large house","partially renovated","okres Čadca",Raková,cheap,-22.06,1369.10,1369.10,0.0000,2,2
JuR4pf3ePqS,"1. Reality Rent, s.r.o.",house,"large house",unrenovated,"okres Čadca",Makov,"very cheap",-43.27,340.38,340.38,0.0000,1,1
Ju1GDbbrB55,"1. Reality Rent, s.r.o.",house,"large house",unrenovated,"okres Čadca",Podzávoz,expensive,19.26,1458.33,1458.33,0.0000,1,1
JuWpJ-Sbi1l,"1. Reality Rent, s.r.o.",house,"large house",unrenovated,"okres Čadca",Stred,average,-13.67,645.00,645.00,0.0000,1,1
Juo6QlN-W6H,"1. Reality Rent, s.r.o.",house,"large house",unrenovated,"okres Žilina",Divinka,average,-2.19,660.00,660.00,0.0000,1,1
Ju6R4Oxuhvk,"1. Reality Rent, s.r.o.",land,"large plot",NULL,"okres Bytča","Veľké Rovné",average,-9.95,41.77,41.77,0.0000,1,1
JuMd2LfAtcs,"1. Reality Rent, s.r.o.",land,"large plot",NULL,"okres Čadca","Dlhá nad Kysucou","very cheap",-42.11,42.00,42.00,0.0000,1,1
Ju059DbP17Y,"1. Reality Rent, s.r.o.",land,"large plot",NULL,"okres Čadca",Kalinov,"very cheap",-42.32,55.00,52.00,0.0577,1,2
JuaD2PNZ2ay,"1. Reality Rent, s.r.o.",land,"large plot",NULL,"okres Čadca",Korňa,"very cheap",-45.15,24.00,24.46,-0.0188,1,2
JufDqWof_NN,"1. Reality Rent, s.r.o.",land,"large plot",NULL,"okres Čadca",Olešná,cheap,-36.99,22.50,35.75,-0.3706,2,3
JuzydWNY1w-,"1. Reality Rent, s.r.o.",land,"large plot",NULL,"okres Čadca",Olešná,cheap,-36.99,49.00,35.75,0.3706,2,3
JuDgMZQaDeJ,"1. Reality Rent, s.r.o.",land,"large plot",NULL,"okres Čadca",Oščadnica,cheap,-22.04,48.50,34.53,0.4046,4,6
JuGKRtmsaxJ,"1. Reality Rent, s.r.o.",land,"large plot",NULL,"okres Čadca",Oščadnica,cheap,-22.04,22.15,34.53,-0.3585,4,6
JuiJEU2gvVS,"1. Reality Rent, s.r.o.",land,"large plot",NULL,"okres Čadca",Oščadnica,cheap,-22.04,48.00,34.53,0.3901,4,6
Ju2UzK1gp3R,"1. Reality Rent, s.r.o.",land,"large plot",NULL,"okres Čadca",Oščadnica,cheap,-22.04,27.00,34.53,-0.2181,4,6
JuC0KIbI5oB,"1. Reality Rent, s.r.o.",land,"large plot",NULL,"okres Čadca",Raková,cheap,-22.06,75.00,54.85,0.3674,1,8
JuL88g5odPF,"1. Reality Rent, s.r.o.",land,"large plot",NULL,"okres Čadca",Rieka,cheap,-35.46,99.00,74.33,0.3319,1,3
JuAgx4tBYzv,"1. Reality Rent, s.r.o.",land,"large plot",NULL,"okres Čadca",Staškov,cheap,-22.98,27.00,23.90,0.1297,1,3
JuhDFgB8Eya,"1. Reality Rent, s.r.o.",land,"large plot",NULL,"okres Kysucké Nové Mesto",Povina,average,-11.94,90.00,66.92,0.3449,1,4
Ju_GJzZVy3l,"1. Reality Rent, s.r.o.",house,"medium house","fully renovated","okres Čadca",Husárikovci,premium,103.64,3155.56,3155.56,0.0000,1,1
Ju-vY43kOSm,"1. Reality Rent, s.r.o.",house,"medium house","fully renovated","okres Čadca",Klokočov,"very cheap",-42.36,1691.67,1869.84,-0.0953,1,2
Ju1tEs_gT7e,"1. Reality Rent, s.r.o.",house,"medium house","new construction","okres Žilina",Gbeľany,premium,48.65,2464.29,2464.29,0.0000,1,1
JuB2SVYi89D,"1. Reality Rent, s.r.o.",house,"medium house","partially renovated","okres Žilina","Rajecká Lesná",cheap,-35.56,720.00,720.00,0.0000,1,2
Jucbi7PZEnm,"1. Reality Rent, s.r.o.",house,"medium house",unrenovated,"okres Čadca",Klokočov,"very cheap",-42.36,1027.78,804.02,0.2783,1,3
Juoa-Iz2VRV,"1. Reality Rent, s.r.o.",house,"medium house",unrenovated,"okres Čadca",Olešná,cheap,-36.99,378.57,378.57,0.0000,1,1
JuU-CdEC7dE,"1. Reality Rent, s.r.o.",house,"medium house",unrenovated,"okres Čadca",Svrčinovec,"very cheap",-51.62,914.29,533.81,0.7128,1,2
JugpipVmZe_,"1. Reality Rent, s.r.o.",house,"medium house",unrenovated,"okres Kysucké Nové Mesto","Budatínska Lehota",expensive,13.88,1454.55,1342.28,0.0836,1,2
JuZCt8qZhH9,"1. Reality Rent, s.r.o.",land,"medium plot",NULL,"okres Čadca",NULL,NULL,NULL,72.00,72.00,0.0000,1,1
JuoM1a2vfjr,"1. Reality Rent, s.r.o.",land,"medium plot",NULL,"okres Čadca",Kyčerka,cheap,-16.23,82.00,82.00,0.0000,1,1
JusslN-MwRD,"1. Reality Rent, s.r.o.",land,"medium plot",NULL,"okres Čadca",Makov,"very cheap",-43.27,48.03,52.09,-0.0779,4,5
JunWOzEcRHK,"1. Reality Rent, s.r.o.",land,"medium plot",NULL,"okres Čadca",Makov,"very cheap",-43.27,62.43,52.09,0.1985,4,5
JuIZ-_6smXF,"1. Reality Rent, s.r.o.",land,"medium plot",NULL,"okres Čadca",Makov,"very cheap",-43.27,99.00,52.09,0.9006,4,5
JuSuQFG8xu1,"1. Reality Rent, s.r.o.",land,"medium plot",NULL,"okres Čadca",Makov,"very cheap",-43.27,21.97,52.09,-0.5782,4,5
JuYP_MCF9yI,"1. Reality Rent, s.r.o.",land,"medium plot",NULL,"okres Čadca","Nová Bystrica",cheap,-25.30,41.24,41.24,0.0000,1,1
JuRt0myx8AI,"1. Reality Rent, s.r.o.",land,"medium plot",NULL,"okres Čadca",Raková,cheap,-22.06,99.90,74.40,0.3427,1,7
JuzsaTgRy0A,"1. Reality Rent, s.r.o.",land,"medium plot",NULL,"okres Čadca",Staškov,cheap,-22.98,32.69,54.13,-0.3961,2,5
JuY9JBEYXXO,"1. Reality Rent, s.r.o.",land,"medium plot",NULL,"okres Čadca",Staškov,cheap,-22.98,65.19,54.13,0.2043,2,5
JuLGf5aS3L1,"1. Reality Rent, s.r.o.",land,"medium plot",NULL,"okres Kysucké Nové Mesto",Suľkov,average,-9.76,120.82,119.24,0.0133,1,2
JuTNX1DN12b,"1. Reality Rent, s.r.o.",land,"medium plot",NULL,"okres Žilina",Kľače,cheap,-28.52,50.00,70.01,-0.2858,1,4
Juv8WDTsSPy,"1. Reality Rent, s.r.o.",land,"medium plot",NULL,"okres Žilina",Konská,average,-12.32,111.74,111.74,0.0000,1,1
JugrI7ZBfpT,"1. Reality Rent, s.r.o.",land,"medium plot",NULL,"okres Žilina",Krasňany,expensive,28.02,173.40,186.89,-0.0722,1,4
JuOddvSg_iO,"1. Reality Rent, s.r.o.",house,"small house","new construction","okres Čadca",Zákopčie,cheap,-18.02,NULL,NULL,NULL,1,1
JuOzMZP3NXD,"1. Reality Rent, s.r.o.",house,"small house","partially renovated","okres Čadca",Kalinov,"very cheap",-42.32,928.57,928.57,0.0000,1,1
JuOaEJ-u0ZG,"1. Reality Rent, s.r.o.",house,"small house",unrenovated,"okres Čadca",Svrčinovec,"very cheap",-51.62,499.98,644.44,-0.2242,2,3
Ju1Kl-Z5Rmy,"1. Reality Rent, s.r.o.",house,"small house",unrenovated,"okres Čadca",Svrčinovec,"very cheap",-51.62,900.00,644.44,0.3966,2,3
Ju-DaLUFFrZO,"1. Reality Rent, s.r.o.",house,"small house",unrenovated,"okres Čadca",Zákopčie,cheap,-18.02,1013.89,931.95,0.0879,1,2
JueBhRnur92,"1. Reality Rent, s.r.o.",land,"small plot",NULL,"okres Čadca",Podzávoz,expensive,19.26,49.86,44.05,0.1319,1,2
JuIBgVzzEhH,"1. Reality Rent, s.r.o.",land,"small plot",NULL,"okres Čadca",Raková,cheap,-22.06,51.72,40.86,0.2658,1,2
JuWIabvMs8m,"1. Reality Rent, s.r.o.",land,"small plot",NULL,"okres Čadca",Rieka,cheap,-35.46,39.00,39.00,0.0000,1,1
JuR6b65HC4k,"1. Reality Rent, s.r.o.",land,"small plot",NULL,"okres Čadca",Skalité,cheap,-35.97,79.00,78.89,0.0014,1,9
JubLSsddj46,"1.BCR REAL ESTATE SLOVAKIA",land,"extra large plot",NULL,"okres Liptovský Mikuláš","Staré mesto",average,1.93,59.41,39.91,0.4886,1,2
JuhprznFXvm,"4FIN s.r.o.",apartment,"1-room apartment","under construction","okres Bytča","Thurzove sady",average,-12.69,2101.58,2101.58,0.0000,1,1
JurldwLKNhM,"A-Byt Consult, s.r.o.",apartment,"1-room apartment","fully renovated","okres Liptovský Mikuláš","Partizánska Ľupča",cheap,-18.55,1916.67,1916.67,0.0000,1,1
JuD2CR5HuKc,"A-Byt Consult, s.r.o.",apartment,"1-room apartment","fully renovated","okres Ružomberok",Rybárpole,average,-2.85,1540.00,1540.00,0.0000,1,1
JuPLeekzh_5,"A-Byt Consult, s.r.o.",apartment,"1-room apartment","fully renovated","okres Ružomberok","Staré mesto",average,-14.78,1950.00,1950.00,0.0000,1,1
Juszi7YaqvT,"A-Byt Consult, s.r.o.",apartment,"3-room apartment","partially renovated","okres Ružomberok",NULL,NULL,NULL,1760.56,1760.56,0.0000,1,1
JucIMMNEosV,"A-Byt Consult, s.r.o.",apartment,"3-room apartment","partially renovated","okres Ružomberok",Baničné,cheap,-17.01,1932.84,1888.77,0.0233,1,5
JuEeA2GuHj3,"A-Byt Consult, s.r.o.",apartment,"3-room apartment","partially renovated","okres Ružomberok",Roveň,average,-12.14,1387.46,1700.68,-0.1842,1,2
JuajpkZsNxA,"A-Byt Consult, s.r.o.",apartment,"4-room apartment","partially renovated","okres Ružomberok","Staré mesto",average,-14.78,1890.55,1890.55,0.0000,1,1
Juk7YsiM63G,"A-Byt Consult, s.r.o.",house,"large house","under construction","okres Ružomberok",Baničné,cheap,-17.01,1264.71,1264.71,0.0000,1,1
Ju6JFF73eZc,"ACTIVE - Reality, s. r. o.",apartment,"4-room apartment","partially renovated","okres Žilina",Hliny,expensive,11.48,NULL,NULL,NULL,1,1
JuDmcjiRx8S,"ACTIVE - Reality, s. r. o.",apartment,"4-room apartment","partially renovated","okres Žilina",Solinky,expensive,24.79,2297.62,2297.62,0.0000,2,2
JuuvbPIMl4t,"ACTIVE - Reality, s. r. o.",apartment,"4-room apartment","partially renovated","okres Žilina",Solinky,expensive,24.79,2297.62,2297.62,0.0000,2,2
Juako0agoSO,"ADH-REAL s.r.o. Hirjaková Adriana",house,"extra large house","fully renovated","okres Žilina",Stránske,expensive,16.12,648.50,648.50,0.0000,1,1
Juue_okjXNw,"ADH-REAL s.r.o. Hirjaková Adriana",house,"medium house","new construction","okres Bytča","Bytča - sever",average,2.54,1201.92,1201.92,0.0000,1,1
Ju4QNdSEtTJo,"ADH-REAL s.r.o. Hirjaková Adriana",house,"medium house","under construction","okres Bytča","Bytča - sever",average,2.54,1612.47,1612.47,0.0000,1,1
JuaDU5eWN9y,"ADH-REAL s.r.o. Hirjaková Adriana",house,"medium house","under construction","okres Čadca","Stará Bystrica",average,-2.57,1645.51,1961.00,-0.1609,1,2
Ju7atSyCG1P,"ADH-REAL s.r.o. Hirjaková Adriana",house,"medium house",unrenovated,"okres Žilina",Bytčica,expensive,18.76,2350.00,2350.00,0.0000,1,2
JuO_8tOz9vO,"ADH-REAL s.r.o. Hirjaková Adriana",land,"medium plot",NULL,"okres Bytča","Bytča - sever",average,2.54,182.54,156.33,0.1677,1,3
JuLNhT-3oNA,"ADH-REAL s.r.o. Hirjaková Adriana",land,"small plot",NULL,"okres Bytča",Maršová-Rašov,expensive,27.25,129.96,129.96,0.0000,1,2
JuB0hydoQt_,"ADOMOS REAL s.r.o.",apartment,"2-room apartment","partially renovated","okres Liptovský Mikuláš","Staré mesto",average,1.93,2088.61,2345.49,-0.1095,1,4
Juu1RPAQAYx,"ADOMOS REAL s.r.o.",house,"large house","partially renovated","okres Liptovský Mikuláš","Liptovský Trnovec",expensive,19.86,1400.00,1400.00,0.0000,1,1
JuY_kixqoQW,"agreal.sk, spol. s r.o.",land,"large plot",NULL,"okres Liptovský Mikuláš",Kvačany,cheap,-18.87,90.00,90.00,0.0000,1,1
JukmrMnXO9z,"ALFA SALUTO REAL s.r.o",apartment,"2-room apartment",unrenovated,"okres Martin",Košúty,average,-3.60,1940.72,1940.72,0.0000,2,2
JuIcnUNxIlt,"ALFA SALUTO REAL s.r.o",apartment,"2-room apartment",unrenovated,"okres Martin",Košúty,average,-3.60,1940.72,1940.72,0.0000,2,2
Ju7oSLy3Fih,"All 4 Life, s.r.o.",apartment,"holiday apartment","new construction","okres Ružomberok",Hrabovo,average,-7.51,3490.48,3345.34,0.0434,1,5
JuLLKbrzsGT,"Allrisk Slovakia Reality & Financie, s.r.o.",house,"large house","partially renovated","okres Žilina",Budatín,premium,51.29,1245.00,1435.00,-0.1324,1,3
JuLIL3RkWDn,"ALT REAL, s.r.o.",apartment,"3-room apartment","fully renovated","okres Martin",Priekopa,premium,55.82,1922.22,1922.22,0.0000,3,3
JuNrqMazgdo,"ALT REAL, s.r.o.",apartment,"3-room apartment","fully renovated","okres Martin",Priekopa,premium,55.82,NULL,1922.22,NULL,3,3
Ju75jE-v_Ti,"ALT REAL, s.r.o.",apartment,"3-room apartment","fully renovated","okres Martin",Priekopa,premium,55.82,1922.22,1922.22,0.0000,3,3
JuAoUEm3GbZ,"ALT REAL, s.r.o.",apartment,"3-room apartment",unrenovated,"okres Martin",Ľadoveň,average,-5.00,1486.49,1643.98,-0.0958,1,2
JurRSzjWlL8,"ALT REAL, s.r.o.",house,"extra large house","new construction","okres Dolný Kubín",Brezovec,average,-1.33,NULL,NULL,NULL,1,1
Ju8fJuQfeqw,"ALT REAL, s.r.o.",land,"extra large plot",NULL,"okres Martin","Dolný Kalník",expensive,19.12,100.00,100.00,0.0000,1,1
JugpfnfthRi,"ALT REAL, s.r.o.",house,"large house","fully renovated","okres Martin","Kláštor pod Znievom",average,-12.27,1000.00,1102.65,-0.0931,1,2
Ju5R8pDPeWZ,"ALT REAL, s.r.o.",house,"large house","fully renovated","okres Martin","Kolónia Hviezda","very cheap",-50.85,1212.12,1212.12,0.0000,1,1
JuhlHrJa9hV,"ALT REAL, s.r.o.",house,"large house","fully renovated","okres Martin",Stráne,average,-0.90,1246.43,987.80,0.2618,1,2
Jun0rUiHHId,"ALT REAL, s.r.o.",house,"large house","new construction","okres Martin","Turčiansky Peter",expensive,14.16,1300.00,1333.33,-0.0250,2,3
JuO-ay8jwWD,"ALT REAL, s.r.o.",house,"large house","new construction","okres Martin","Turčiansky Peter",expensive,14.16,1300.00,1333.33,-0.0250,2,3
Juove7AkwvT,"ALT REAL, s.r.o.",house,"large house","new construction","okres Martin",Valča,cheap,-16.01,1625.00,1201.00,0.3530,1,7
JuLzQl1X89Z,"ALT REAL, s.r.o.",house,"large house",unrenovated,"okres Martin",Priekopa,premium,55.82,1020.00,1041.11,-0.0203,1,3
JuEn5otkiFX,"ALT REAL, s.r.o.",house,"large house",unrenovated,"okres Martin",Stráne,average,-0.90,860.00,898.54,-0.0429,1,2
JuDwRiMatNB,"ALT REAL, s.r.o.",land,"large plot",NULL,"okres Martin",Sklabiňa,expensive,17.49,120.00,120.00,0.0000,1,1
Jul7ugPXcvQ,"ALT REAL, s.r.o.",land,"large plot",NULL,"okres Martin",Záturčie,average,-12.61,100.00,76.67,0.3043,1,3
JuK4J7tWBLU,"ALT REAL, s.r.o.",house,"medium house","new construction","okres Martin","Košťany nad Turcom",average,-8.30,1827.59,2190.77,-0.1658,3,5
JuxsRe4hFI1,"ALT REAL, s.r.o.",house,"medium house","new construction","okres Martin","Košťany nad Turcom",average,-8.30,1908.40,2190.77,-0.1289,3,5
JuVQq2TIIOM,"ALT REAL, s.r.o.",house,"medium house","new construction","okres Martin","Košťany nad Turcom",average,-8.30,1908.40,2190.77,-0.1289,3,5
Ju_HmYYnmau,"ALT REAL, s.r.o.",house,"medium house","new construction","okres Martin",Stred,expensive,19.38,1931.82,1931.82,0.0000,1,1
JuJRg0E5VNn,"ALT REAL, s.r.o.",house,"medium house","new construction","okres Martin",Valča,cheap,-16.01,1857.14,2246.75,-0.1734,1,2
Juq9Pjjnp8z,"ALT REAL, s.r.o.",house,"medium house","new construction","okres Ružomberok","Liptovská Štiavnica",cheap,-17.31,2881.48,2840.63,0.0144,2,3
Ju6HLriDjfB,"ALT REAL, s.r.o.",house,"medium house","new construction","okres Ružomberok","Liptovská Štiavnica",cheap,-17.31,2881.48,2840.63,0.0144,2,3
JuvA9DjdPST,"ALT REAL, s.r.o.",house,"medium house","new construction","okres Ružomberok",Lisková,cheap,-19.78,1607.14,1607.14,0.0000,1,1
JuBqrsBTBJs,"ALT REAL, s.r.o.",house,"medium house","new construction","okres Ružomberok","Staré mesto",average,-14.78,1607.14,1049.73,0.5310,1,2
JuWA9aOrYrn,"ALT REAL, s.r.o.",house,"medium house","partially renovated","okres Martin",Žabokreky,average,-0.98,1583.33,1583.33,0.0000,1,1
Ju6-QSVU-qk,"ALT REAL, s.r.o.",house,"medium house",unrenovated,"okres Martin",Stred,expensive,19.38,1583.33,1583.33,0.0000,1,1
Ju02FWXcSxg,"ALT REAL, s.r.o.",house,"medium house",unrenovated,"okres Turčianske Teplice",Mošovce,cheap,-29.71,866.67,943.34,-0.0813,1,2
Ju9syh9ycRi,"ALT REAL, s.r.o.",house,"medium house",unrenovated,"okres Žilina",Terchová,expensive,17.29,800.00,800.00,0.0000,2,2
Ju_f1P774-u,"ALT REAL, s.r.o.",house,"medium house",unrenovated,"okres Žilina",Terchová,expensive,17.29,800.00,800.00,0.0000,2,2
JudYr0kY49Z,"ALT REAL, s.r.o.",land,"medium plot",NULL,"okres Martin",Blatnica,average,-2.80,117.24,113.22,0.0355,2,4
JuR5ionId5V,"ALT REAL, s.r.o.",land,"medium plot",NULL,"okres Martin",Blatnica,average,-2.80,117.24,113.22,0.0355,2,4
JuqRYP4Ii_m,"ALT REAL, s.r.o.",land,"medium plot",NULL,"okres Martin",Necpaly,cheap,-25.27,95.24,84.22,0.1308,2,4
JuYtpUq3Ljt,"ALT REAL, s.r.o.",land,"medium plot",NULL,"okres Martin",Necpaly,cheap,-25.27,92.82,84.22,0.1021,2,4
Jur2iE4GKyv,"ALT REAL, s.r.o.",land,"medium plot",NULL,"okres Martin",Sklabiňa,expensive,17.49,120.00,120.00,0.0000,1,1
JuCe3m72ocp,"ALT REAL, s.r.o.",land,"medium plot",NULL,"okres Martin","Turčianska Štiavnička",cheap,-20.12,89.00,89.00,0.0000,1,1
Ju5G02PfLPf,"ALT REAL, s.r.o.",land,"medium plot",NULL,"okres Martin","Turčianske Jaseno",average,-0.58,105.00,105.00,0.0000,1,1
Jul095-F2H-,"ALT REAL, s.r.o.",land,"small plot",NULL,"okres Martin",Sklabiňa,expensive,17.49,120.00,120.00,0.0000,1,1
JuhQKNPNiRq,"AnoReal, s.r.o.",house,"large house","fully renovated","okres Žilina","Rajecké Teplice",expensive,5.08,1642.86,1642.86,0.0000,1,1
JuSe-G6QpFq,"AnoReal, s.r.o.",house,"large house","fully renovated","okres Žilina",Závodie,expensive,15.24,1894.68,1772.08,0.0692,1,2
Ju9MyQ5uKi3,"AnoReal, s.r.o.",house,"large house","new construction","okres Žilina","Rajecké Teplice",expensive,5.08,NULL,NULL,NULL,1,1
JuCx5OqxogO,"AnoReal, s.r.o.",house,"large house",unrenovated,"okres Žilina",Rajec,average,-11.29,NULL,574.07,NULL,1,2
Jus7PkExcYQ,"AnoReal, s.r.o.",land,"large plot",NULL,"okres Žilina",Rajec,average,-11.29,NULL,NULL,NULL,1,1
JugKtMa2KWc,"AnoReal, s.r.o.",land,"large plot",NULL,"okres Žilina",Zbyňov,expensive,20.98,60.81,60.81,0.0000,1,1
JuAEEafI2yh,"AnoReal, s.r.o.",land,"medium plot",NULL,"okres Žilina",Kľače,cheap,-28.52,110.00,70.01,0.5712,1,4
Ju00kypR_p_,"AnoReal, s.r.o.",land,"medium plot",NULL,"okres Žilina",Rajec,average,-11.29,61.10,61.10,0.0000,1,1
JuNKPbY78gy,"AnoReal, s.r.o.",land,"medium plot",NULL,"okres Žilina",Terchová,expensive,17.29,NULL,164.21,NULL,1,7
JuH12tFyQw2,"AnoReal, s.r.o.",land,"medium plot",NULL,"okres Žilina",Višňové,expensive,22.64,200.00,216.09,-0.0745,1,4
JusGZR37Rrf,"AnoReal, s.r.o.",land,"small plot",NULL,"okres Žilina",Terchová,expensive,17.29,170.00,170.00,0.0000,1,1
JusjmbO9Bnp,"AnReal s. r. o.",apartment,"2-room apartment","new construction","okres Žilina",Gbeľany,premium,48.65,3568.70,3568.70,0.0000,1,1
Jubs_Rgnyxf,"AnReal s. r. o.",house,"large house","partially renovated","okres Žilina",Kunerad,expensive,8.95,1562.09,1562.09,0.0000,1,1
JuAZ6fgfjuZ,"AnReal s. r. o.",land,"large plot",NULL,"okres Čadca",Čierne,cheap,-20.23,54.00,72.94,-0.2597,1,2
JunDvn09Q9U,"AnReal s. r. o.",land,"medium plot",NULL,"okres Čadca",Čierne,cheap,-20.23,54.00,64.00,-0.1563,1,2
Ju_bN-ewyhS,"AnReal s. r. o.",land,"medium plot",NULL,"okres Žilina",Kunerad,expensive,8.95,125.67,125.10,0.0046,1,3
JuPvieB5wD8,"AnReal s. r. o.",land,"small plot",NULL,"okres Žilina",Mojš,average,0.39,105.00,166.86,-0.3707,1,2
JuP4Qge949G,"AP REAL, s.r.o.",land,"large plot",NULL,"okres Čadca",Makov,"very cheap",-43.27,26.00,32.75,-0.2061,3,4
JuawfvC1dso,"AP REAL, s.r.o.",land,"large plot",NULL,"okres Čadca",Makov,"very cheap",-43.27,29.00,32.75,-0.1145,3,4
JuTnhisKw2A,"AP REAL, s.r.o.",land,"large plot",NULL,"okres Čadca",Makov,"very cheap",-43.27,26.00,32.75,-0.2061,3,4
JuDFS7ZcUKC,"AP REAL, s.r.o.",land,"medium plot",NULL,"okres Čadca",Makov,"very cheap",-43.27,29.00,52.09,-0.4433,1,5
JuhboaiL4kD,"Apollo House",apartment,"holiday apartment","partially renovated","okres Čadca",Makov,"very cheap",-43.27,NULL,NULL,NULL,1,1
JuizzObcJTE,"Apollo House",land,"large plot",NULL,"okres Ružomberok","Liptovské Sliače",average,-7.12,100.00,100.00,0.0000,3,3
JueMz2TcIL-I,"Apollo House",land,"large plot",NULL,"okres Ružomberok","Liptovské Sliače",average,-7.12,100.00,100.00,0.0000,3,3
Juo5DPi-NX1,"Apollo House",land,"large plot",NULL,"okres Ružomberok","Liptovské Sliače",average,-7.12,100.00,100.00,0.0000,3,3
Ju3zQ1Nh4jQ,"Apollo House",house,"medium house","new construction","okres Ružomberok","Liptovské Sliače",average,-7.12,2441.18,2272.80,0.0741,4,6
JuL3EMccaWT,"Apollo House",house,"medium house","new construction","okres Ružomberok","Liptovské Sliače",average,-7.12,2241.67,2272.80,-0.0137,4,6
JuJSekEM4oc,"Apollo House",house,"medium house","new construction","okres Ružomberok","Liptovské Sliače",average,-7.12,2441.18,2272.80,0.0741,4,6
JuT-lYDfSlr,"Apollo House",house,"medium house","new construction","okres Ružomberok","Liptovské Sliače",average,-7.12,2241.67,2272.80,-0.0137,4,6
JuRGpe_vleW,"Apollo House",land,"medium plot",NULL,"okres Ružomberok",Bešeňová,expensive,16.40,100.00,79.00,0.2658,1,2
JuTkoqi-k1y,"Apollo House",land,"medium plot",NULL,"okres Ružomberok","Liptovské Sliače",average,-7.12,100.00,96.22,0.0393,2,4
Juv3W5C4xtN_,"Apollo House",land,"medium plot",NULL,"okres Ružomberok","Liptovské Sliače",average,-7.12,100.00,96.22,0.0393,2,4
JuJITXm9Zsf,"ARBIZ real estate & finance s. r. o.",apartment,"3-room apartment","fully renovated","okres Liptovský Mikuláš","Liptovská Kokava",premium,36.03,NULL,NULL,NULL,1,1
Ju4lN_U1N_8,"ARBIZ real estate & finance s. r. o.",apartment,"3-room apartment","new construction","okres Liptovský Mikuláš",Stošice,average,-2.48,2610.51,2610.51,0.0000,1,1
JufpZ_mPYDs,"ARBIZ real estate & finance s. r. o.",house,"extra large house","fully renovated","okres Ružomberok",Ľubochňa,expensive,18.96,NULL,NULL,NULL,1,1
Juc14yxwCWy,"ARBIZ real estate & finance s. r. o.",house,"large house","under construction","okres Liptovský Mikuláš",Ľubeľa,average,-7.59,1674.16,1610.02,0.0398,2,2
JuQMRIcKumi,"ARBIZ real estate & finance s. r. o.",house,"large house","under construction","okres Liptovský Mikuláš",Ľubeľa,average,-7.59,1545.88,1610.02,-0.0398,2,2
Ju-NcnxkRbA,"ARBIZ real estate & finance s. r. o.",house,"small house","partially renovated","okres Ružomberok",Stankovany,"very cheap",-43.06,NULL,NULL,NULL,1,1
Ju-rzMotwKF,"ARCHEUS Partners a.s.",apartment,"1-room apartment","new construction","okres Liptovský Mikuláš","Liptovská Mara - Tatralandia",expensive,25.63,3166.67,3314.11,-0.0445,1,2
Ju8T6cE3M46O,"ARCHEUS Partners a.s.",apartment,"2-room apartment","new construction","okres Ružomberok",Hrabovo,average,-7.51,3330.77,3702.07,-0.1003,1,3
JuUYkSiI3DC,"ARCHEUS Partners a.s.",apartment,"holiday apartment","new construction","okres Liptovský Mikuláš","Liptovská Mara - Tatralandia",expensive,25.63,NULL,4068.97,NULL,1,3
JuPcc0iMceY,"ARCHEUS Partners a.s.",apartment,"holiday apartment","new construction","okres Ružomberok",Hrabovo,average,-7.51,3330.77,3345.34,-0.0044,1,5
JuUZC8aojHf,"Arvin & Benet",apartment,"4-room apartment","new construction","okres Turčianske Teplice",Stred,cheap,-16.60,NULL,NULL,NULL,1,1
JueL_62vkzy,"Arvin & Benet",house,"extra large house","new construction","okres Bytča",Petrovice,"very cheap",-66.92,NULL,NULL,NULL,1,1
JufRC9onHuL,"Arvin & Benet",house,"large house","new construction","okres Čadca",Oščadnica,cheap,-22.04,NULL,2041.41,NULL,1,3
JufbBHYx-coz,"AstonReal s.r.o.",apartment,"1-room apartment","new construction","okres Liptovský Mikuláš","Staré mesto",average,1.93,2716.67,3332.86,-0.1849,1,2
JuZFiZ0fwgL,"AstonReal s.r.o.",apartment,"2-room apartment","fully renovated","okres Dolný Kubín","Veľký Bysterec",average,-4.14,2944.44,2944.44,0.0000,1,1
JuwJKqBh04b,"AstonReal s.r.o.",apartment,"2-room apartment","fully renovated","okres Liptovský Mikuláš","Staré mesto",average,1.93,2380.00,2172.50,0.0955,1,9
JuYML_WMLmL,"AstonReal s.r.o.",apartment,"2-room apartment","fully renovated","okres Liptovský Mikuláš","Vrbica - Nábrežie",average,1.84,NULL,2879.10,NULL,1,4
JuBe2LSvIsNx,"AstonReal s.r.o.",apartment,"2-room apartment","new construction","okres Ružomberok","Liptovská Teplá",cheap,-19.23,2549.88,2613.04,-0.0242,2,4
JuuQ3yxLaqS,"AstonReal s.r.o.",apartment,"2-room apartment","new construction","okres Ružomberok","Liptovská Teplá",cheap,-19.23,2549.88,2613.04,-0.0242,2,4
JuHOcENm8Ia,"AstonReal s.r.o.",apartment,"2-room apartment","partially renovated","okres Liptovský Mikuláš","Vrbica - Nábrežie",average,1.84,2660.00,2439.33,0.0905,1,3
Jumt5qe1Qm47,"AstonReal s.r.o.",apartment,"2-room apartment","partially renovated","okres Ružomberok",Klačno,cheap,-18.24,NULL,NULL,NULL,1,1
JudjVeywOJE,"AstonReal s.r.o.",apartment,"2-room apartment",unrenovated,"okres Martin",Sever,average,-7.71,1964.91,1981.35,-0.0083,1,3
JuXdiDoNNIv,"AstonReal s.r.o.",apartment,"2-room apartment",unrenovated,"okres Martin",Stred,expensive,19.38,1968.25,2134.13,-0.0777,1,2
JuMB3dfOXp8,"AstonReal s.r.o.",apartment,"3-room apartment","fully renovated","okres Liptovský Mikuláš",Palúdzka,expensive,7.35,NULL,NULL,NULL,1,1
JuU7r63X4wA,"AstonReal s.r.o.",apartment,"3-room apartment","fully renovated","okres Liptovský Mikuláš",Podbreziny,expensive,13.11,2427.14,2351.18,0.0323,1,3
Jut2p_8fnwk,"AstonReal s.r.o.",apartment,"3-room apartment","fully renovated","okres Ružomberok",Klačno,cheap,-18.24,2039.47,1968.28,0.0362,1,3
Ju1HQtU3BUR,"AstonReal s.r.o.",apartment,"3-room apartment","fully renovated","okres Ružomberok","Staré mesto",average,-14.78,NULL,1981.35,NULL,1,2
Juv94EKwgh6,"AstonReal s.r.o.",apartment,"3-room apartment","new construction","okres Ružomberok","Liptovská Teplá",cheap,-19.23,2730.50,2647.82,0.0312,2,4
JuJEoP397IJ,"AstonReal s.r.o.",apartment,"3-room apartment","new construction","okres Ružomberok","Liptovská Teplá",cheap,-19.23,2738.36,2647.82,0.0342,2,4
JuICDmblLAV,"AstonReal s.r.o.",apartment,"3-room apartment","partially renovated","okres Liptovský Mikuláš","Vrbica - Nábrežie",average,1.84,NULL,NULL,NULL,1,1
JuTiMVE781u,"AstonReal s.r.o.",apartment,"3-room apartment","partially renovated","okres Ružomberok","Liptovská Osada",expensive,15.83,NULL,NULL,NULL,1,1
JuNZ8PQ1HeL,"AstonReal s.r.o.",apartment,"3-room apartment","partially renovated","okres Ružomberok",Polík,cheap,-38.28,NULL,NULL,NULL,1,1
JuiXegD6ESI,"AstonReal s.r.o.",apartment,"3-room apartment",unrenovated,"okres Dolný Kubín","Veľký Bysterec",average,-4.14,NULL,2057.42,NULL,1,3
Jux8wTB74lK,"AstonReal s.r.o.",apartment,"3-room apartment",unrenovated,"okres Liptovský Mikuláš","Staré mesto",average,1.93,NULL,2164.38,NULL,1,2
Juq8LRZ6yKQ,"AstonReal s.r.o.",apartment,"3-room apartment",unrenovated,"okres Ružomberok",Roveň,average,-12.14,NULL,1735.29,NULL,1,2
JuptDHkjOFq,"AstonReal s.r.o.",house,"extra large house","partially renovated","okres Martin",Sučany,cheap,-19.13,340.78,421.08,-0.1907,2,3
JuRSkMGH43Z,"AstonReal s.r.o.",house,"extra large house","partially renovated","okres Martin",Sučany,cheap,-19.13,340.78,421.08,-0.1907,2,3
JuJrBHwvfXe,"AstonReal s.r.o.",apartment,"holiday apartment","new construction","okres Liptovský Mikuláš","Demänovská Dolina",premium,84.23,5217.39,5609.23,-0.0699,1,40
Ju73dWwYIf4,"AstonReal s.r.o.",house,"large house","fully renovated","okres Ružomberok","Liptovské Sliače",average,-7.12,733.33,733.33,0.0000,1,1
JuBupKbsyvd,"AstonReal s.r.o.",house,"large house","fully renovated","okres Turčianske Teplice",Diviaky,average,-14.37,799.50,799.50,0.0000,2,2
JuD8rezKquD,"AstonReal s.r.o.",house,"large house","fully renovated","okres Turčianske Teplice",Diviaky,average,-14.37,799.50,799.50,0.0000,2,2
JuLldceaNDG,"AstonReal s.r.o.",house,"large house","partially renovated","okres Žilina","Lietavská Lúčka",average,0.73,1076.00,1202.02,-0.1048,2,3
JulZg30zNO8,"AstonReal s.r.o.",house,"large house","partially renovated","okres Žilina","Lietavská Lúčka",average,0.73,1076.00,1202.02,-0.1048,2,3
JuRty8qQQ_7,"AstonReal s.r.o.",house,"large house",unrenovated,"okres Tvrdošín",Tvrdošín,cheap,-16.20,859.09,859.09,0.0000,1,1
JurLHZvtaEy,"AstonReal s.r.o.",house,"medium house","fully renovated","okres Martin",Stred,expensive,19.38,2926.58,2850.41,0.0267,1,4
JujfdD-5RPO,"AstonReal s.r.o.",house,"medium house","new construction","okres Ružomberok",Komjatná,"very cheap",-58.34,NULL,NULL,NULL,1,1
JuZH2c0UQaC,"AstonReal s.r.o.",house,"medium house",unrenovated,"okres Dolný Kubín",Istebné,premium,42.69,1500.00,1500.00,0.0000,1,1
Juv0ePbKA7G,"AstonReal s.r.o.",house,"medium house",unrenovated,"okres Dolný Kubín",Kraľovany,cheap,-24.34,1200.00,1200.00,0.0000,2,2
JuxW1O4IZfX,"AstonReal s.r.o.",house,"medium house",unrenovated,"okres Dolný Kubín",Kraľovany,cheap,-24.34,1200.00,1200.00,0.0000,2,2
Ju1OQAznjJC,"AstonReal s.r.o.",house,"medium house",unrenovated,"okres Ružomberok",Likavka,expensive,15.22,1277.78,1133.89,0.1269,2,2
JuWFwDq9Hos,"AstonReal s.r.o.",house,"medium house",unrenovated,"okres Ružomberok",Likavka,expensive,15.22,990.00,1133.89,-0.1269,2,2
Ju9yYyvLM4S,"AstonReal s.r.o.",land,"medium plot",NULL,"okres Liptovský Mikuláš","Pavčina Lehota",expensive,18.57,NULL,NULL,NULL,1,1
Jub-7EwQ_Rho,"AstonReal s.r.o.",land,"medium plot",NULL,"okres Ružomberok",Černová,"very cheap",-85.42,NULL,NULL,NULL,1,1
JuXGG7E_fDg,"AstonReal s.r.o.",land,"medium plot",NULL,"okres Ružomberok","Liptovská Štiavnica",cheap,-17.31,84.18,86.79,-0.0301,1,2
JuPmsU7zgrG,"AstonReal s.r.o.",land,"medium plot",NULL,"okres Ružomberok",Ludrová,"very cheap",-44.08,NULL,NULL,NULL,1,1
JujgFHysqby,"AstonReal s.r.o.",house,"small house","partially renovated","okres Martin","Turčianske Kľačany",expensive,11.48,3357.14,3357.14,0.0000,1,1
Ju6FkAOvz_r,"AstonReal s.r.o.",house,"small house",unrenovated,"okres Liptovský Mikuláš",Okoličné,premium,36.01,1139.24,1139.24,0.0000,1,1
Ju3X3Wu7oZN,"AstonReal s.r.o.",land,"small plot",NULL,"okres Dolný Kubín",Veličná,expensive,14.21,NULL,NULL,NULL,1,1
JuNR7iOAWOb,"AstonReal s.r.o.",land,"small plot",NULL,"okres Liptovský Mikuláš","Liptovské Kľačany",expensive,8.20,101.33,101.33,0.0000,2,3
JuvVzNYO2xk,"AstonReal s.r.o.",land,"small plot",NULL,"okres Liptovský Mikuláš","Liptovské Kľačany",expensive,8.20,NULL,101.33,NULL,2,3
JufImX742Ut,"AstonReal s.r.o.",land,"small plot",NULL,"okres Liptovský Mikuláš",Podbreziny,expensive,13.11,184.31,186.81,-0.0134,2,6
JuuQurqTomT,"AstonReal s.r.o.",land,"small plot",NULL,"okres Liptovský Mikuláš",Podbreziny,expensive,13.11,186.46,186.81,-0.0019,2,6
JuDHH4NlCyqo,"AstonReal s.r.o.",land,"small plot",NULL,"okres Liptovský Mikuláš","Svätý Kríž",expensive,11.02,112.68,112.68,0.0000,1,1
JulQn0N46Be,"ATP stavby s.r.o.",apartment,"2-room apartment","development project","okres Žilina",Bôrik,premium,61.54,4916.70,4916.70,0.0000,1,1
JupwP8lNDDm,"ATP stavby s.r.o.",house,"medium house","under construction","okres Žilina",Višňové,expensive,22.64,1880.16,1880.16,0.0000,1,1
JuS3utLekJS,"ATP stavby s.r.o.",land,"medium plot",NULL,"okres Martin",Karlová,cheap,-27.11,79.35,79.35,0.0000,1,1
JuP8rlC8Xco,"ATP stavby s.r.o.",land,"small plot",NULL,"okres Žilina",Trnové,premium,40.34,430.33,296.78,0.4500,1,6
JuT7xzp7Ax-,AZUR.RE,apartment,"2-room apartment","fully renovated","okres Martin",Stred,expensive,19.38,2313.88,2590.82,-0.1069,1,8
Ju9prTXn5Xw,"B10 Slovensko, a. s.",house,NULL,unrenovated,"okres Bytča",Kolárovice,average,-13.06,NULL,NULL,NULL,1,1
JuOr71wM3AE,"B10 Slovensko, a. s.",apartment,"2-room apartment","fully renovated","okres Martin","Horné Vrútky",average,-10.79,NULL,2592.98,NULL,1,2
Jub_GkQafv9,"B10 Slovensko, a. s.",apartment,"2-room apartment","fully renovated","okres Martin",Podháj,average,-5.66,2355.93,2291.18,0.0283,1,3
JufXt9veplf,"B10 Slovensko, a. s.",apartment,"2-room apartment","new construction","okres Martin",Košúty,average,-3.60,NULL,NULL,NULL,1,1
JubLUnnldKg,"B10 Slovensko, a. s.",apartment,"2-room apartment","new construction","okres Martin",Ľadoveň,average,-5.00,2128.57,2128.57,0.0000,1,1
JuKfm2wXtCP,"B10 Slovensko, a. s.",apartment,"2-room apartment","new construction","okres Žilina","Rajecké Teplice",expensive,5.08,4050.00,3298.33,0.2279,1,5
JuTcgjCG15n,"B10 Slovensko, a. s.",apartment,"2-room apartment","partially renovated","okres Žilina",Hájik,expensive,5.43,3200.00,2900.35,0.1033,1,3
JueB0gAOmwn,"B10 Slovensko, a. s.",apartment,"2-room apartment","partially renovated","okres Žilina",Hliny,expensive,11.48,2734.38,2605.70,0.0494,1,6
JugTLMsHTVi,"B10 Slovensko, a. s.",apartment,"2-room apartment",unrenovated,"okres Martin",Podháj,average,-5.66,2211.54,2211.54,0.0000,1,1
JuGHqD4k0Bi,"B10 Slovensko, a. s.",apartment,"3-room apartment","fully renovated","okres Čadca",Kyčerka,cheap,-16.23,2000.00,2000.00,0.0000,1,1
JupACoTE9Yo,"B10 Slovensko, a. s.",apartment,"3-room apartment","fully renovated","okres Martin",Košúty,average,-3.60,NULL,2015.63,NULL,1,3
JuFG7fBeyGR,"B10 Slovensko, a. s.",apartment,"3-room apartment","fully renovated","okres Martin",Ľadoveň,average,-5.00,NULL,2472.78,NULL,1,3
JuWmtnyPS8K,"B10 Slovensko, a. s.",apartment,"3-room apartment","fully renovated","okres Martin",Lipovec,average,-6.60,1863.64,1863.64,0.0000,1,1
JuHU9WStTAs,"B10 Slovensko, a. s.",apartment,"3-room apartment","fully renovated","okres Martin",Necpaly,cheap,-25.27,NULL,NULL,NULL,1,1
Ju6MtpU11Ir,"B10 Slovensko, a. s.",apartment,"3-room apartment","fully renovated","okres Martin",Príbovce,cheap,-32.39,NULL,1412.64,NULL,1,2
JuTnsSFnlFI,"B10 Slovensko, a. s.",apartment,"3-room apartment","fully renovated","okres Martin",Sever,average,-7.71,NULL,NULL,NULL,1,1
JuXhj_2xCZd,"B10 Slovensko, a. s.",apartment,"3-room apartment","fully renovated","okres Martin",Stráne,average,-0.90,NULL,NULL,NULL,1,1
JuP28alhfCi,"B10 Slovensko, a. s.",apartment,"3-room apartment","fully renovated","okres Žilina",Hliny,expensive,11.48,2834.33,3489.73,-0.1878,1,3
JuyttBliR9C,"B10 Slovensko, a. s.",apartment,"3-room apartment","fully renovated","okres Žilina","Rajecké Teplice",expensive,5.08,3127.14,3127.14,0.0000,1,1
JuP-xJVwuxh,"B10 Slovensko, a. s.",apartment,"3-room apartment","new construction","okres Martin","Košťany nad Turcom",average,-8.30,1708.73,1898.59,-0.1000,2,2
JuF1TjEV1Ru,"B10 Slovensko, a. s.",apartment,"3-room apartment","new construction","okres Martin","Košťany nad Turcom",average,-8.30,2088.44,1898.59,0.1000,2,2
Juaqewf1vyV,"B10 Slovensko, a. s.",apartment,"3-room apartment","new construction","okres Martin",Košúty,average,-3.60,NULL,NULL,NULL,1,1
JuAtADtbyIN,"B10 Slovensko, a. s.",apartment,"3-room apartment","new construction","okres Žilina",Budatín,premium,51.29,2884.49,2884.49,0.0000,1,1
JusbD5cQ3a4,"B10 Slovensko, a. s.",apartment,"3-room apartment","partially renovated","okres Martin",Košúty,average,-3.60,1869.57,1908.00,-0.0201,1,5
JuBHdW0whmB,"B10 Slovensko, a. s.",apartment,"3-room apartment","partially renovated","okres Martin",Ľadoveň,average,-5.00,2196.97,1866.06,0.1773,2,4
JuuKYbAy2In,"B10 Slovensko, a. s.",apartment,"3-room apartment","partially renovated","okres Martin",Ľadoveň,average,-5.00,1535.14,1866.06,-0.1773,2,4
Ju0lAAcuMC-,"B10 Slovensko, a. s.",apartment,"3-room apartment","partially renovated","okres Žilina","Staré mesto",expensive,25.24,3349.90,2835.82,0.1813,1,5
JuaFgvo5Zms,"B10 Slovensko, a. s.",apartment,"3-room apartment",unrenovated,"okres Martin",Stred,expensive,19.38,NULL,1984.62,NULL,3,3
JupIznadChw,"B10 Slovensko, a. s.",apartment,"3-room apartment",unrenovated,"okres Martin",Stred,expensive,19.38,NULL,1984.62,NULL,3,3
Ju-U6VvTf4d,"B10 Slovensko, a. s.",apartment,"3-room apartment",unrenovated,"okres Martin",Stred,expensive,19.38,1984.62,1984.62,0.0000,3,3
Ju6Co8ebtz8,"B10 Slovensko, a. s.",apartment,"4-room apartment","new construction","okres Žilina",Hájik,expensive,5.43,2557.25,2623.35,-0.0252,1,3
Ju3sbzAOfWW,"B10 Slovensko, a. s.",apartment,"4-room apartment","partially renovated","okres Bytča","Veľké Rovné",average,-9.95,1666.54,1666.54,0.0000,1,1
JuagtPiMN9S,"B10 Slovensko, a. s.",house,"extra large house","fully renovated","okres Bytča",Súľov-Hradná,"very cheap",-51.52,0.00,0.00,NULL,1,1
JuZdGf3bWpL,"B10 Slovensko, a. s.",house,"extra large house","fully renovated","okres Martin",Stráne,average,-0.90,997.50,997.50,0.0000,1,1
Juo53M0tI-p,"B10 Slovensko, a. s.",house,"extra large house","fully renovated","okres Martin",Žabokreky,average,-0.98,0.00,0.00,NULL,1,1
JuZLXRA74dF,"B10 Slovensko, a. s.",house,"extra large house","partially renovated","okres Martin",Ležiachov,NULL,NULL,NULL,NULL,NULL,1,1
JuaWAXYq8CN,"B10 Slovensko, a. s.",land,"extra large plot",NULL,"okres Kysucké Nové Mesto","Dolný Vadičov",cheap,-18.74,30.00,30.00,0.0000,1,1
JuTBls071FE,"B10 Slovensko, a. s.",apartment,"holiday apartment","new construction","okres Martin",Valča,cheap,-16.01,3815.79,3121.50,0.2224,1,3
JuyjJhU57Ie,"B10 Slovensko, a. s.",house,"large house","fully renovated","okres Martin",Dražkovce,"very cheap",-56.68,0.00,0.00,NULL,1,1
Jux1LioPBDR,"B10 Slovensko, a. s.",house,"large house","fully renovated","okres Martin",Valča,cheap,-16.01,1857.14,1857.14,0.0000,1,1
JuTHsp0WSDj,"B10 Slovensko, a. s.",house,"large house","new construction","okres Čadca",Čierne,cheap,-20.23,1275.00,1275.00,0.0000,1,1
Jukf6G0DA_c,"B10 Slovensko, a. s.",house,"large house","partially renovated","okres Bytča","Veľká Bytča",expensive,8.56,1145.83,1145.83,0.0000,1,1
Ju9pzA6kp29,"B10 Slovensko, a. s.",house,"large house","partially renovated","okres Čadca",Makov,"very cheap",-43.27,630.00,630.00,0.0000,1,1
JuiyrWA4fnU,"B10 Slovensko, a. s.",house,"large house","partially renovated","okres Čadca",Závodie,"very cheap",-41.99,795.00,795.00,0.0000,1,1
JuOcMarFG9f,"B10 Slovensko, a. s.",house,"large house","partially renovated","okres Martin",Priekopa,premium,55.82,846.33,1109.98,-0.2375,1,5
JuTP76BJSu5,"B10 Slovensko, a. s.",house,"large house","partially renovated","okres Tvrdošín",Vitanová,cheap,-28.55,1025.00,979.17,0.0468,1,2
JuTG5fkPlv9,"B10 Slovensko, a. s.",house,"large house","under construction","okres Turčianske Teplice",Abramová,"very cheap",-67.89,592.11,592.11,0.0000,1,1
JuoozgHS-2r,"B10 Slovensko, a. s.",house,"large house",unrenovated,"okres Čadca","U Hluška",expensive,17.18,906.25,906.25,0.0000,1,1
JuhsSA9jVzs,"B10 Slovensko, a. s.",house,"large house",unrenovated,"okres Martin","Turčianske Kľačany",expensive,11.48,680.00,680.00,0.0000,1,1
JuMFo7ruEBZ,"B10 Slovensko, a. s.",house,"large house",unrenovated,"okres Martin",Valča,cheap,-16.01,0.01,461.72,-1.0000,1,2
JuFjy1TVvsF,"B10 Slovensko, a. s.",land,"large plot",NULL,"okres Bytča",NULL,NULL,NULL,NULL,NULL,NULL,1,1
JuXWDVHuKu7,"B10 Slovensko, a. s.",land,"large plot",NULL,"okres Bytča",Petrovice,"very cheap",-66.92,32.73,32.73,0.0000,1,1
JuaoRgRgfTM,"B10 Slovensko, a. s.",land,"large plot",NULL,"okres Kysucké Nové Mesto",Nesluša,"very cheap",-42.15,0.00,10.00,-1.0000,1,2
JuiwS-gpQB1,"B10 Slovensko, a. s.",land,"large plot",NULL,"okres Martin",Laskár,cheap,-33.42,68.00,68.00,0.0000,1,2
Ju0LSKjfViu,"B10 Slovensko, a. s.",house,"medium house","fully renovated","okres Dolný Kubín",Párnica,average,-14.71,2193.33,2193.33,0.0000,1,1
JufEAKik-mc,"B10 Slovensko, a. s.",house,"medium house","fully renovated","okres Martin",Podhradie,cheap,-36.23,1739.13,1739.13,0.0000,1,1
Juci-VafLS1,"B10 Slovensko, a. s.",house,"medium house","fully renovated","okres Martin",Stred,expensive,19.38,2640.00,2850.41,-0.0738,1,4
Ju_j96JYJ3R,"B10 Slovensko, a. s.",house,"medium house","fully renovated","okres Žilina",Stráňavy,premium,50.92,3074.77,3074.77,0.0000,1,1
JudhYxOMjs-,"B10 Slovensko, a. s.",house,"medium house","partially renovated","okres Martin","Turčianske Jaseno",average,-0.58,1665.00,1665.00,0.0000,1,1
JupxniZ3HTo,"B10 Slovensko, a. s.",house,"medium house","partially renovated","okres Turčianske Teplice",Brieštie,"very cheap",-55.66,1047.06,1047.06,0.0000,1,1
JukEQsAHFmW,"B10 Slovensko, a. s.",house,"medium house","partially renovated","okres Turčianske Teplice",Budiš,"very cheap",-43.00,NULL,NULL,NULL,1,1
JuRXV1iFSPA,"B10 Slovensko, a. s.",house,"medium house",unrenovated,"okres Liptovský Mikuláš","Partizánska Ľupča",cheap,-18.55,587.06,587.06,0.0000,1,1
JuJKCTa_I_C,"B10 Slovensko, a. s.",house,"medium house",unrenovated,"okres Martin",Belá-Dulice,cheap,-25.62,1400.00,1400.00,0.0000,1,1
JudAAa45gzT,"B10 Slovensko, a. s.",house,"medium house",unrenovated,"okres Martin",Jahodníky,expensive,9.68,1151.07,1151.07,0.0000,1,1
JutjlsqdjlN,"B10 Slovensko, a. s.",land,"medium plot",NULL,"okres Martin",Diaková,"very cheap",-100.00,0.00,0.00,NULL,1,2
JutIg8nIDtY,"B10 Slovensko, a. s.",land,"medium plot",NULL,"okres Martin","Kláštor pod Znievom",average,-12.27,81.46,89.75,-0.0924,1,3
JuLOTbilQnB,"B10 Slovensko, a. s.",land,"medium plot",NULL,"okres Martin",Rakovo,average,-5.85,86.38,92.69,-0.0681,1,2
Ju8TQv-MjJF,"B10 Slovensko, a. s.",land,"medium plot",NULL,"okres Martin",Stráne,average,-0.90,0.00,110.00,-1.0000,1,2
Jue_9ALQet2b,"B10 Slovensko, a. s.",land,"medium plot",NULL,"okres Martin","Turčianske Kľačany",expensive,11.48,0.00,0.00,NULL,1,1
JuSTrxbH01x,"B10 Slovensko, a. s.",land,"medium plot",NULL,"okres Žilina",Terchová,expensive,17.29,153.76,164.21,-0.0636,1,7
JuOPdmvhEwO,"B10 Slovensko, a. s.",land,"small plot",NULL,"okres Martin",Necpaly,cheap,-25.27,108.48,101.02,0.0738,2,3
JureB0xysPE,"B10 Slovensko, a. s.",land,"small plot",NULL,"okres Martin",Necpaly,cheap,-25.27,NULL,101.02,NULL,2,3
Jud1n40d-dn,"B10 Slovensko, a. s.",land,"small plot",NULL,"okres Žilina",Krasňany,expensive,28.02,123.36,123.36,0.0000,1,1
JuGjSvB2SWb,"B10 Slovensko, a. s.",land,"small plot",NULL,"okres Žilina",Višňové,expensive,22.64,196.00,205.96,-0.0484,1,4
JuVuoYcJToJ,"B10 Slovensko, a. s.",apartment,"studio apartment","partially renovated","okres Žilina",Vlčince,premium,39.03,NULL,4677.27,NULL,1,2
JulClHeflP9,"Babony TRE s.r.o.",house,"large house","fully renovated","okres Žilina","Lietavská Lúčka",average,0.73,1438.89,1438.89,0.0000,1,1
JuAxDS1KQP8,"Babony TRE s.r.o.",house,"medium house",unrenovated,"okres Žilina","Lietavská Lúčka",average,0.73,1075.00,1075.00,0.0000,1,2
JuTUUGHEQpu,"BALAŽI REAL ESTATE s.r.o.",land,"extra large plot",NULL,"okres Martin",NULL,NULL,NULL,65.00,63.33,0.0264,2,3
Ju1cmZVZL9p,"BALAŽI REAL ESTATE s.r.o.",land,"extra large plot",NULL,"okres Martin",NULL,NULL,NULL,65.00,63.33,0.0264,2,3
Ju5nXGRiNlM,"BALAŽI REAL ESTATE s.r.o.",land,"extra large plot",NULL,"okres Martin",Ratkovo,"very cheap",-81.38,NULL,NULL,NULL,2,3
JuuE0IH089Q,"BALAŽI REAL ESTATE s.r.o.",land,"extra large plot",NULL,"okres Martin",Ratkovo,"very cheap",-81.38,NULL,NULL,NULL,2,3
JuzOGUk6m--,"BALAŽI REAL ESTATE s.r.o.",land,"extra large plot",NULL,"okres Martin",Šútovo,"very cheap",-46.29,10.09,10.09,0.0000,3,3
JuhB5IsnAP3,"BALAŽI REAL ESTATE s.r.o.",land,"extra large plot",NULL,"okres Martin",Šútovo,"very cheap",-46.29,10.09,10.09,0.0000,3,3
Ju9tw1vQmR0,"BALAŽI REAL ESTATE s.r.o.",land,"extra large plot",NULL,"okres Martin",Šútovo,"very cheap",-46.29,10.09,10.09,0.0000,3,3
JuJBQYv5uVc,"BALAŽI REAL ESTATE s.r.o.",land,"extra large plot",NULL,"okres Martin",Záturčie,average,-12.61,85.00,71.67,0.1860,6,6
JuJIq68G1za,"BALAŽI REAL ESTATE s.r.o.",land,"extra large plot",NULL,"okres Martin",Záturčie,average,-12.61,65.00,71.67,-0.0931,6,6
JuVqVOpkjj1,"BALAŽI REAL ESTATE s.r.o.",land,"extra large plot",NULL,"okres Martin",Záturčie,average,-12.61,65.00,71.67,-0.0931,6,6
JuhYAT13Gs1,"BALAŽI REAL ESTATE s.r.o.",land,"extra large plot",NULL,"okres Martin",Záturčie,average,-12.61,85.00,71.67,0.1860,6,6
JufVWTW_WTc,"BALAŽI REAL ESTATE s.r.o.",land,"extra large plot",NULL,"okres Martin",Záturčie,average,-12.61,65.00,71.67,-0.0931,6,6
JuMUzvKUv9i,"BALAŽI REAL ESTATE s.r.o.",land,"extra large plot",NULL,"okres Martin",Záturčie,average,-12.61,65.00,71.67,-0.0931,6,6
JuLCVpKj44A,"BALAŽI REAL ESTATE s.r.o.",house,"large house","partially renovated","okres Turčianske Teplice",Čremošné,cheap,-37.73,377.12,377.12,0.0000,2,2
JuSGs9I7N10c,"BALAŽI REAL ESTATE s.r.o.",house,"large house","partially renovated","okres Turčianske Teplice",Čremošné,cheap,-37.73,377.12,377.12,0.0000,2,2
Jur27j-ejmc,"BALAŽI REAL ESTATE s.r.o.",land,"large plot",NULL,"okres Martin",Záturčie,average,-12.61,65.00,76.67,-0.1522,2,3
JuQ9QuExnST,"BALAŽI REAL ESTATE s.r.o.",land,"large plot",NULL,"okres Martin",Záturčie,average,-12.61,65.00,76.67,-0.1522,2,3
Ju0yTvWbSXD,"BALAŽI REAL ESTATE s.r.o.",land,"large plot",NULL,"okres Žilina",Bytčica,expensive,18.76,53.60,116.89,-0.5414,1,2
JuyY6pWleh8,"BALAŽI REAL ESTATE s.r.o.",land,"medium plot",NULL,"okres Martin","Košťany nad Turcom",average,-8.30,124.25,103.00,0.2063,1,2
Juo4-ERrO5Y,"BALAŽI REAL ESTATE s.r.o.",land,"medium plot",NULL,"okres Martin",Turany,cheap,-32.68,NULL,73.14,NULL,4,4
JuoWIuSbW9f,"BALAŽI REAL ESTATE s.r.o.",land,"medium plot",NULL,"okres Martin",Turany,cheap,-32.68,NULL,73.14,NULL,4,4
JuVeKcRGSvF,"BALAŽI REAL ESTATE s.r.o.",land,"medium plot",NULL,"okres Martin",Turany,cheap,-32.68,73.14,73.14,0.0000,4,4
JuG8w7lDdu46,"BALAŽI REAL ESTATE s.r.o.",land,"medium plot",NULL,"okres Martin",Turany,cheap,-32.68,NULL,73.14,NULL,4,4
Ju9noiJ3M5h,"BALAŽI REAL ESTATE s.r.o.",land,"medium plot",NULL,"okres Martin",Vrícko,average,-14.91,50.19,50.19,0.0000,2,2
JuxYYBPBmey,"BALAŽI REAL ESTATE s.r.o.",land,"medium plot",NULL,"okres Martin",Vrícko,average,-14.91,50.19,50.19,0.0000,2,2
Ju5YLNtCIvp,"BALAŽI REAL ESTATE s.r.o.",land,"medium plot",NULL,"okres Turčianske Teplice","Horná Štubňa",cheap,-30.38,26.92,26.92,0.0000,2,2
JuQqb1Uylo_,"BALAŽI REAL ESTATE s.r.o.",land,"medium plot",NULL,"okres Turčianske Teplice","Horná Štubňa",cheap,-30.38,26.92,26.92,0.0000,2,2
JujU-NvkZd5,"BALAŽI REAL ESTATE s.r.o.",land,"medium plot",NULL,"okres Žilina","Lietavská Svinná-Babkov",average,1.75,135.43,141.44,-0.0425,1,5
JuMqUg0JlP-,"BB - REALITY,  s.r.o.",apartment,"4-room apartment","new construction","okres Ružomberok","Staré mesto",average,-14.78,2461.54,2482.89,-0.0086,1,2
Ju34-Gac91u,"BEDES | Realitná kancelária",apartment,"2-room apartment","fully renovated","okres Liptovský Mikuláš","Demänovská Dolina",premium,84.23,4907.96,4907.96,0.0000,1,1
JuCtiU-W9oK,"BEEVAM, s.r.o.",apartment,"3-room apartment","fully renovated","okres Ružomberok",Klačno,cheap,-18.24,1897.08,1968.28,-0.0362,1,3
JuvkGcZpCKL,"BeMi realitná kancelária",land,NULL,NULL,"okres Námestovo","Oravská Lesná",cheap,-20.20,NULL,NULL,NULL,1,1
Jub5AmyEEcs,"BeMi realitná kancelária",house,NULL,"new construction","okres Čadca",Makov,"very cheap",-43.27,NULL,NULL,NULL,1,1
Ju4FJGWuX8K,"BeMi realitná kancelária",house,NULL,unrenovated,"okres Čadca","Vysoká nad Kysucou","very cheap",-45.14,NULL,NULL,NULL,1,1
JuF5xNSQO5x,"BeMi realitná kancelária",apartment,"1-room apartment","partially renovated","okres Čadca",Žarec,average,-9.22,2552.63,2431.28,0.0499,1,3
JuUPsPRqomX,"BeMi realitná kancelária",apartment,"1-room apartment",unrenovated,"okres Námestovo",Brehy,expensive,34.91,2435.90,2435.90,0.0000,1,1
Ju8xVwtKo3R,"BeMi realitná kancelária",apartment,"1-room apartment",unrenovated,"okres Námestovo",Stred,expensive,5.40,NULL,NULL,NULL,2,2
Ju-sWIMoFGT,"BeMi realitná kancelária",apartment,"1-room apartment",unrenovated,"okres Námestovo",Stred,expensive,5.40,NULL,NULL,NULL,2,2
JuOvpv4GR0X,"BeMi realitná kancelária",apartment,"2-room apartment","fully renovated","okres Liptovský Mikuláš",NULL,NULL,NULL,2139.24,2139.24,0.0000,1,1
JuL2CqQ6bTm,"BeMi realitná kancelária",apartment,"2-room apartment","partially renovated","okres Čadca",Stred,average,-13.67,1617.27,1617.27,0.0000,1,3
JuxMPXZzAel,"BeMi realitná kancelária",apartment,"2-room apartment","partially renovated","okres Čadca",Žarec,average,-9.22,2126.38,2030.94,0.0470,1,4
JuCzDBx82gn,"BeMi realitná kancelária",apartment,"2-room apartment","partially renovated","okres Ružomberok","Staré mesto",average,-14.78,2048.56,2154.18,-0.0490,1,2
JuI6MQ6tc2T,"BeMi realitná kancelária",apartment,"2-room apartment",unrenovated,"okres Liptovský Mikuláš","Liptovská Mara - Tatralandia",expensive,25.63,3207.29,3207.29,0.0000,1,1
JuOipBrhKGg,"BeMi realitná kancelária",apartment,"2-room apartment",unrenovated,"okres Námestovo",Brehy,expensive,34.91,2090.91,2090.91,0.0000,1,1
JuIh9K2txJ3,"BeMi realitná kancelária",apartment,"3-room apartment","new construction","okres Námestovo",Zubrohlava,"very cheap",-47.20,1455.00,2012.83,-0.2771,1,3
JulVRQnK87Q,"BeMi realitná kancelária",apartment,"3-room apartment","partially renovated","okres Čadca",Kyčerka,cheap,-16.23,1837.50,2025.68,-0.0929,1,4
Juo9yc6U_zm,"BeMi realitná kancelária",apartment,"3-room apartment","partially renovated","okres Kysucké Nové Mesto",Stred,cheap,-16.01,2231.88,2231.88,0.0000,1,2
JunzJsFHg6A,"BeMi realitná kancelária",apartment,"4-room apartment",unrenovated,"okres Čadca",Centrum,cheap,-15.46,1517.01,1517.01,0.0000,1,1
JuZIrRq5Yby,"BeMi realitná kancelária",apartment,"4-room apartment",unrenovated,"okres Tvrdošín",Trstená,average,-10.23,1752.94,1752.94,0.0000,1,1
JuSh2BSeYCy,"BeMi realitná kancelária",house,"extra large house","fully renovated","okres Čadca",Podvysoká,"very cheap",-44.37,974.76,974.76,0.0000,1,1
Ju0KCQtbTTW,"BeMi realitná kancelária",land,"extra large plot",NULL,"okres Čadca",Podzávoz,expensive,19.26,66.02,66.01,0.0002,1,2
Ju0UmYe9Px-,"BeMi realitná kancelária",land,"extra large plot",NULL,"okres Čadca",Staškov,cheap,-22.98,18.00,17.50,0.0286,1,2
JurmiShq5P1,"BeMi realitná kancelária",land,"extra large plot",NULL,"okres Liptovský Mikuláš","Pavlova Ves","very cheap",-72.58,28.00,28.00,0.0000,1,1
JubBq7UdImI,"BeMi realitná kancelária",house,"large house","fully renovated","okres Čadca",Husárikovci,premium,103.64,NULL,NULL,NULL,1,1
Jud1nB5cUDA,"BeMi realitná kancelária",house,"large house","new construction","okres Námestovo",Ťapešovo,cheap,-16.17,1534.88,1534.88,0.0000,1,1
JuLlb3Y20Mb,"BeMi realitná kancelária",house,"large house","new construction","okres Námestovo",Zubrohlava,"very cheap",-47.20,1517.46,1517.46,0.0000,1,1
JuE5s_J_0mm,"BeMi realitná kancelária",house,"large house","partially renovated","okres Čadca",Klokočov,"very cheap",-42.36,523.33,564.31,-0.0726,1,3
JuJvW8l5-15,"BeMi realitná kancelária",house,"large house","partially renovated","okres Liptovský Mikuláš","Demänovská Dolina",premium,84.23,1936.36,1936.36,0.0000,1,1
JudjXQh6SyX,"BeMi realitná kancelária",house,"large house","partially renovated","okres Ružomberok",Stankovany,"very cheap",-43.06,NULL,780.37,NULL,1,3
JuAxm4BTAPE,"BeMi realitná kancelária",house,"large house",unrenovated,"okres Čadca",NULL,NULL,NULL,404.17,404.17,0.0000,1,1
JujrEA5_sFt,"BeMi realitná kancelária",house,"large house",unrenovated,"okres Čadca",Horelica,cheap,-25.19,956.52,866.08,0.1044,1,3
JuMN3BXlr1V,"BeMi realitná kancelária",house,"large house",unrenovated,"okres Čadca",Klokočov,"very cheap",-42.36,460.00,551.57,-0.1660,1,2
Ju4ivccKHTO,"BeMi realitná kancelária",house,"large house",unrenovated,"okres Kysucké Nové Mesto","Budatínska Lehota",expensive,13.88,800.00,800.00,0.0000,1,1
JuCh945YdSl,"BeMi realitná kancelária",house,"large house",unrenovated,"okres Námestovo","Slanická Osada",premium,35.48,NULL,1388.89,NULL,1,2
JuhckkiisBJp,"BeMi realitná kancelária",land,"large plot",NULL,"okres Čadca",Čierne,cheap,-20.23,91.88,72.94,0.2597,1,2
JuxTRMglx-W,"BeMi realitná kancelária",land,"large plot",NULL,"okres Čadca",Raková,cheap,-22.06,26.00,54.85,-0.5260,1,8
JuCdo9RybP_,"BeMi realitná kancelária",land,"large plot",NULL,"okres Čadca",Svrčinovec,"very cheap",-51.62,53.37,58.04,-0.0805,1,2
Jud5jOQlY3b,"BeMi realitná kancelária",land,"large plot",NULL,"okres Dolný Kubín",Pucov,"very cheap",-58.09,42.80,42.80,0.0000,1,1
Ju266Dr49Ba,"BeMi realitná kancelária",land,"large plot",NULL,"okres Kysucké Nové Mesto","Dolný Vadičov",cheap,-18.74,52.00,43.98,0.1824,1,2
JuWy3Av11B2,"BeMi realitná kancelária",land,"large plot",NULL,"okres Liptovský Mikuláš",Vlachy,cheap,-33.54,40.70,40.70,0.0000,1,1
JuGICOuIWEi,"BeMi realitná kancelária",land,"large plot",NULL,"okres Námestovo",Krušetnica,cheap,-36.04,50.44,50.44,0.0000,1,1
JutZ9u4w49X,"BeMi realitná kancelária",land,"large plot",NULL,"okres Námestovo","Oravské Veselé","very cheap",-55.83,0.05,0.05,0.0000,1,1
JuLjH4Ztr0P,"BeMi realitná kancelária",land,"large plot",NULL,"okres Tvrdošín",Liesek,cheap,-19.34,82.38,82.38,0.0000,1,1
JuwNYa-6iOH,"BeMi realitná kancelária",land,"large plot",NULL,"okres Žilina",Bitarová,expensive,9.02,NULL,107.88,NULL,1,4
JuXoUVcEWR0,"BeMi realitná kancelária",land,"large plot",NULL,"okres Žilina",Ovčiarsko,average,-2.35,170.04,129.94,0.3086,1,6
JutEPw1J-xD,"BeMi realitná kancelária",land,"large plot",NULL,"okres Žilina",Zádubnie,cheap,-18.73,83.00,83.00,0.0000,1,1
JuzqOH1xdi0,"BeMi realitná kancelária",house,"medium house","fully renovated","okres Čadca",Klokočov,"very cheap",-42.36,2048.00,1869.84,0.0953,1,2
Ju6xP8_FpVZ,"BeMi realitná kancelária",house,"medium house","fully renovated","okres Čadca",Podzávoz,expensive,19.26,3300.00,3300.00,0.0000,1,1
Ju4X02ZQGPa,"BeMi realitná kancelária",house,"medium house","fully renovated","okres Kysucké Nové Mesto",Snežnica,average,3.88,3095.24,3094.77,0.0002,1,2
JuJogxACsrH,"BeMi realitná kancelária",house,"medium house","new construction","okres Čadca","Stará Bystrica",average,-2.57,NULL,NULL,NULL,1,1
JuRDPYuJ-Ru,"BeMi realitná kancelária",house,"medium house","new construction","okres Námestovo",Zubrohlava,"very cheap",-47.20,1455.00,1644.17,-0.1151,1,2
Ju6l6A2iskM,"BeMi realitná kancelária",house,"medium house","new construction","okres Žilina",Svederník,expensive,24.98,2432.69,3141.38,-0.2256,1,4
JuSpPsKRXfN,"BeMi realitná kancelária",house,"medium house","partially renovated","okres Žilina","Rajecká Lesná",cheap,-35.56,720.00,720.00,0.0000,1,2
JuImZsLhUXIL,"BeMi realitná kancelária",house,"medium house","under construction","okres Čadca",Skalité,cheap,-35.97,590.91,590.91,0.0000,1,1
JueomUxUD_x,"BeMi realitná kancelária",house,"medium house","under construction","okres Kysucké Nové Mesto","Lopušné Pažite",average,-13.47,2172.73,2172.73,0.0000,1,1
JuQ8RNQVTuL,"BeMi realitná kancelária",house,"medium house",unrenovated,"okres Čadca",Čadečka,"very cheap",-52.55,388.89,388.89,0.0000,1,1
JuF7UnEWPwr,"BeMi realitná kancelária",house,"medium house",unrenovated,"okres Čadca",Klokočov,"very cheap",-42.36,920.00,804.02,0.1443,1,3
JuGAfyDq6Le,"BeMi realitná kancelária",house,"medium house",unrenovated,"okres Liptovský Mikuláš","Liptovská Kokava",premium,36.03,750.00,725.00,0.0345,1,2
JuCAQgOYAnl,"BeMi realitná kancelária",land,"medium plot",NULL,"okres Bytča",Predmier,cheap,-37.44,81.50,78.25,0.0415,1,2
Jus70LjxyN8,"BeMi realitná kancelária",land,"medium plot",NULL,"okres Čadca",Skalité,cheap,-35.97,79.00,79.00,0.0000,4,4
JuTLgLBu59j,"BeMi realitná kancelária",land,"medium plot",NULL,"okres Čadca",Skalité,cheap,-35.97,79.00,79.00,0.0000,4,4
JuYMxTrMThn,"BeMi realitná kancelária",land,"medium plot",NULL,"okres Čadca",Skalité,cheap,-35.97,79.00,79.00,0.0000,4,4
JuaTUWSOToW,"BeMi realitná kancelária",land,"medium plot",NULL,"okres Čadca",Skalité,cheap,-35.97,79.00,79.00,0.0000,4,4
JuaHyO1MbDH,"BeMi realitná kancelária",land,"medium plot",NULL,"okres Čadca",Svrčinovec,"very cheap",-51.62,67.51,67.45,0.0009,1,2
Juilp9keLdt,"BeMi realitná kancelária",land,"medium plot",NULL,"okres Kysucké Nové Mesto","Lopušné Pažite",average,-13.47,35.85,35.85,0.0000,1,1
Juc0JQaKZWu,"BeMi realitná kancelária",land,"medium plot",NULL,"okres Liptovský Mikuláš",Vlachy,cheap,-33.54,75.32,76.20,-0.0115,2,5
JuzRwokuDbj,"BeMi realitná kancelária",land,"medium plot",NULL,"okres Liptovský Mikuláš",Vlachy,cheap,-33.54,74.94,76.20,-0.0165,2,5
JuQ6qmIjohw,"BeMi realitná kancelária",land,"medium plot",NULL,"okres Námestovo",Čerchle,premium,51.52,154.75,154.75,0.0000,1,1
Ju9IFe2gRus,"BeMi realitná kancelária",land,"medium plot",NULL,"okres Turčianske Teplice",Sklené,average,-12.01,44.93,36.38,0.2350,1,2
Ju_1W8VjrZV,"BeMi realitná kancelária",land,"medium plot",NULL,"okres Žilina",Bitarová,expensive,9.02,125.54,154.90,-0.1895,1,8
Jup1kPgQpEa,"BeMi realitná kancelária",land,"medium plot",NULL,"okres Žilina",Lietava,cheap,-29.52,NULL,200.15,NULL,1,3
Jut0tUa88wB,"BeMi realitná kancelária",land,"medium plot",NULL,"okres Žilina",Rosina,expensive,26.83,247.59,238.93,0.0362,1,5
Ju7_LrB_NNB,"BeMi realitná kancelária",land,"medium plot",NULL,"okres Žilina",Trnové,premium,40.34,73.76,145.13,-0.4918,1,7
Jul4_uLItfd,"BeMi realitná kancelária",house,"small house","new construction","okres Čadca",Horelica,cheap,-25.19,2162.50,2162.50,0.0000,1,1
JuNSm4v7OPl,"BeMi realitná kancelária",house,"small house","new construction","okres Čadca","Stará Bystrica",average,-2.57,NULL,NULL,NULL,1,1
Juwx2kMBKdR,"BeMi realitná kancelária",house,"small house",unrenovated,"okres Kysucké Nové Mesto",Povina,average,-11.94,1200.00,1200.00,0.0000,1,2
JuLIxD4sKGK,"BeMi realitná kancelária",house,"small house",unrenovated,"okres Žilina",Rosinky,premium,142.64,2487.50,2487.50,0.0000,1,1
Ju5LTX3e1H6,"BeMi realitná kancelária",land,"small plot",NULL,"okres Čadca",Oščadnica,cheap,-22.04,126.55,89.80,0.4092,1,8
JuW5XYXfIA2,"BeMi realitná kancelária",land,"small plot",NULL,"okres Čadca",Skalité,cheap,-35.97,79.00,78.89,0.0014,6,9
JurzykGoa8Y,"BeMi realitná kancelária",land,"small plot",NULL,"okres Čadca",Skalité,cheap,-35.97,79.00,78.89,0.0014,6,9
JuSojlAQh6I,"BeMi realitná kancelária",land,"small plot",NULL,"okres Čadca",Skalité,cheap,-35.97,79.00,78.89,0.0014,6,9
Jukxm6yZ0hf6,"BeMi realitná kancelária",land,"small plot",NULL,"okres Čadca",Skalité,cheap,-35.97,79.00,78.89,0.0014,6,9
Jug8evCrAgI,"BeMi realitná kancelária",land,"small plot",NULL,"okres Čadca",Skalité,cheap,-35.97,79.00,78.89,0.0014,6,9
JunD1SrFXPT,"BeMi realitná kancelária",land,"small plot",NULL,"okres Čadca",Skalité,cheap,-35.97,79.00,78.89,0.0014,6,9
JusNOhzmA1cV,"BeMi realitná kancelária",land,"small plot",NULL,"okres Žilina","Dlhé Pole",cheap,-21.15,86.00,86.00,0.0000,1,1
Ju7PRPwxRRPQ,"BeMi realitná kancelária",land,"small plot",NULL,"okres Žilina",Podhorie,expensive,19.77,125.24,125.24,0.0000,1,1
JuaF9UiM3uR1,"BeMi realitná kancelária",land,"small plot",NULL,"okres Žilina","Rajecké Teplice",expensive,5.08,97.80,97.80,0.0000,1,1
JuTVD1EJqzO,"BENCONT DEVELOPMENT, a.s.",apartment,"2-room apartment","under construction","okres Martin",Záturčie,average,-12.61,2909.63,2909.63,0.0000,1,1
JucceUznreI,"BEŇO REALITY",apartment,"2-room apartment","partially renovated","okres Liptovský Mikuláš","Staré mesto",average,1.93,2327.75,2345.49,-0.0076,1,4
JuafO7D1C5y,"BEŇO REALITY",land,"medium plot",NULL,"okres Liptovský Mikuláš",Jamník,average,-4.62,119.00,104.49,0.1389,1,6
JuEX_l_3Eqg,"BEŇO REALITY",land,"small plot",NULL,"okres Liptovský Mikuláš","Liptovská Sielnica",average,-3.52,100.00,75.25,0.3289,1,5
Ju_yHqt6C9a,"BEŇO REALITY",land,"small plot",NULL,"okres Liptovský Mikuláš",Podbreziny,expensive,13.11,198.14,186.81,0.0606,1,6
Juxlwl0cqfI,"BEŇO REALITY",land,"small plot",NULL,"okres Liptovský Mikuláš",Podtureň,premium,41.30,123.00,123.00,0.0000,1,5
Jufdn1ln-Ke,"bezmaklérov, s.r.o.",apartment,"2-room apartment","partially renovated","okres Liptovský Mikuláš",NULL,NULL,NULL,3076.77,3076.77,0.0000,1,1
JuuYTb7aXin,"bezmaklérov, s.r.o.",apartment,"3-room apartment","new construction","okres Liptovský Mikuláš",NULL,NULL,NULL,2315.07,2315.07,0.0000,1,1
JugHDSXoGA9,"bezmaklérov, s.r.o.",apartment,"3-room apartment","partially renovated","okres Čadca",Stred,average,-13.67,1835.53,1877.98,-0.0226,1,3
JuTsKQYVo81,"bezmaklérov, s.r.o.",house,"extra large house","fully renovated","okres Liptovský Mikuláš",Bodice,premium,37.39,3500.00,3500.00,0.0000,1,1
Jut1FKOGHsr,"bezmaklérov, s.r.o.",house,"extra large house",unrenovated,"okres Ružomberok","Liptovské Revúce","very cheap",-42.77,173.67,173.67,0.0000,1,1
Ju3m-dUNJYI,"bezmaklérov, s.r.o.",land,"extra large plot",NULL,"okres Liptovský Mikuláš","Liptovské Beharovce","very cheap",-55.88,15.17,15.17,0.0000,1,1
Jug6QXb2mr0,"bezmaklérov, s.r.o.",land,"extra large plot",NULL,"okres Ružomberok","Liptovská Štiavnica",cheap,-17.31,13.00,13.00,0.0000,1,1
Ju3sdsvW1qf,"bezmaklérov, s.r.o.",house,"large house","new construction","okres Ružomberok","Staré mesto",average,-14.78,3000.00,3000.00,0.0000,1,1
Jup8u-k4Epi,"bezmaklérov, s.r.o.",land,"large plot",NULL,"okres Bytča",Predmier,cheap,-37.44,35.17,35.17,0.0000,1,1
JuAYbMU687z,"bezmaklérov, s.r.o.",land,"large plot",NULL,"okres Liptovský Mikuláš","Liptovský Ján",expensive,5.21,70.00,70.00,0.0000,1,1
JucgwdqxbsLG,"bezmaklérov, s.r.o.",land,"large plot",NULL,"okres Žilina",Strážov,average,2.47,20.13,20.13,0.0000,1,1
JuXDdV7DuGH,"bezmaklérov, s.r.o.",land,"medium plot",NULL,"okres Dolný Kubín",Veličná,expensive,14.21,151.52,134.94,0.1229,1,7
JubyLcoXkeA,"bezmaklérov, s.r.o.",land,"medium plot",NULL,"okres Žilina",Gbeľany,premium,48.65,287.29,287.29,0.0000,1,1
JuFovldbtlH,"bezmaklérov, s.r.o.",land,"medium plot",NULL,"okres Žilina",Nededza,cheap,-16.99,100.00,100.00,0.0000,1,1
Ju-yASPSDbI,"BIZNIS REALITY, s.r.o.",land,"large plot",NULL,"okres Liptovský Mikuláš",Vitálišovce,premium,93.84,220.00,197.98,0.1112,2,4
JuCafss2FQP,"BIZNIS REALITY, s.r.o.",land,"large plot",NULL,"okres Liptovský Mikuláš",Vitálišovce,premium,93.84,220.00,197.98,0.1112,2,4
JuE-VhHgCax,"Bonjour real",apartment,"1-room apartment","fully renovated","okres Žilina",Terchová,expensive,17.29,5000.00,5000.00,0.0000,1,1
Ju0iFsZ1mnv,"Bosen Group s.r.o.",apartment,"2-room apartment","new construction","okres Liptovský Mikuláš","Liptovská Ondrašová",expensive,17.23,3968.25,3968.25,0.0000,1,1
JuSL8akIpnl,"Bosen Group s.r.o.",apartment,"2-room apartment",unrenovated,"okres Dolný Kubín",Brezovec,average,-1.33,2571.43,2106.43,0.2208,1,3
JuvUgr_LkF7,"Bosen Group s.r.o.",apartment,"3-room apartment","new construction","okres Liptovský Mikuláš","Liptovská Ondrašová",expensive,17.23,3527.51,2990.96,0.1794,1,2
JuWtaJ8gYmY,"Bosen Group s.r.o.",apartment,"3-room apartment","partially renovated","okres Dolný Kubín",Stred,average,-5.26,1965.28,1965.28,0.0000,1,1
Juki5wHUVn2,"Bosen Group s.r.o.",apartment,"4-room apartment","new construction","okres Liptovský Mikuláš","Liptovská Ondrašová",expensive,17.23,2895.29,2895.29,0.0000,1,1
Juta8FGg1ms,"Bosen Group s.r.o.",apartment,"4-room apartment","new construction","okres Žilina","Rajecké Teplice",expensive,5.08,2453.85,2515.39,-0.0245,2,2
JumDGD_wH9E,"Bosen Group s.r.o.",apartment,"4-room apartment","new construction","okres Žilina","Rajecké Teplice",expensive,5.08,2576.92,2515.39,0.0245,2,2
Ju1CjLHLW69,"Bosen Group s.r.o.",land,"extra large plot",NULL,"okres Dolný Kubín","Dlhá nad Oravou",cheap,-39.89,NULL,NULL,NULL,1,2
Juo-BgN_Y9D,"Bosen Group s.r.o.",apartment,maisonette,"new construction","okres Liptovský Mikuláš","Liptovská Ondrašová",expensive,17.23,2616.18,2616.18,0.0000,1,1
JuPpsgs77n2,"Bosen Group s.r.o.",house,"medium house","development project","okres Liptovský Mikuláš","Liptovské Kľačany",expensive,8.20,2893.91,2893.91,0.0000,1,1
JuJID0tPHnq,"Bosen Group s.r.o.",house,"medium house","new construction","okres Námestovo","Oravská Polhora","very cheap",-49.00,1078.22,1078.22,0.0000,1,1
JuytovsywXn,"Bosen Group s.r.o.",house,"medium house","new construction","okres Žilina",Bitarová,expensive,9.02,1546.96,2436.65,-0.3651,1,13
JuaFi1HiKe0,"Bosen Group s.r.o.",house,"medium house","new construction","okres Žilina","Rajecké Teplice",expensive,5.08,2576.92,2118.52,0.2164,2,5
Ju03oBXaeQc,"Bosen Group s.r.o.",house,"medium house","new construction","okres Žilina","Rajecké Teplice",expensive,5.08,2453.85,2118.52,0.1583,2,5
JuQX408bw8H,"Bosen Group s.r.o.",land,"medium plot",NULL,"okres Dolný Kubín",Žaškov,cheap,-28.10,67.18,71.10,-0.0551,1,2
Ju0A5SWcXU0,"Bosen Group s.r.o.",land,"medium plot",NULL,"okres Liptovský Mikuláš","Vyšná Boca",average,4.86,147.76,147.76,0.0000,1,1
JuvNL72ZHI4,"Bosen Group s.r.o.",house,"small house","partially renovated","okres Ružomberok",Likavka,expensive,15.22,1142.86,1142.86,0.0000,1,1
JuIpF-cJ7Wj,"BR ACADEMY, s. r. o.",apartment,"2-room apartment","fully renovated","okres Žilina","Staré mesto",expensive,25.24,NULL,2789.29,NULL,1,15
JuTNxy0mSKf,"BR ACADEMY, s. r. o.",house,"large house","fully renovated","okres Kysucké Nové Mesto",Suľkov,average,-9.76,NULL,NULL,NULL,1,1
JufGT_MaCUz,"BR ACADEMY, s. r. o.",house,"large house",unrenovated,"okres Kysucké Nové Mesto",Rudinská,cheap,-24.39,653.85,653.85,0.0000,1,1
JufBtLiGIPk,"BR ACADEMY, s. r. o.",land,"large plot",NULL,"okres Kysucké Nové Mesto",Rudinská,cheap,-24.39,65.00,65.00,0.0000,1,1
JurJNQloNhD,"BR ACADEMY, s. r. o.",house,"medium house",unrenovated,"okres Kysucké Nové Mesto",Radoľa,premium,51.96,1544.44,1544.44,0.0000,1,1
JuTyI-EzXJs,"BR ACADEMY, s. r. o.",house,"medium house",unrenovated,"okres Žilina","Staré mesto",expensive,25.24,NULL,3865.34,NULL,1,5
JuzawK4H-li,"BR ACADEMY, s. r. o.",house,"small house",unrenovated,"okres Kysucké Nové Mesto","Dolný Vadičov",cheap,-18.74,1271.43,1271.43,0.0000,1,1
JuHzzpFEcq7,"Briliant Reality, s.r.o.",house,"extra large house","partially renovated","okres Žilina",Terchová,expensive,17.29,NULL,313.97,NULL,1,2
Ju6MXg-E6En,"Buby reality, s.r.o.",apartment,"1-room apartment","new construction","okres Martin",Podháj,average,-5.66,3145.39,3145.39,0.0000,1,1
JuCJs2os-i-x,"Buby reality, s.r.o.",apartment,"1-room apartment","new construction","okres Martin",Stred,expensive,19.38,3166.02,3166.02,0.0000,1,1
JuNO1HdGb3E,"Buby reality, s.r.o.",apartment,"2-room apartment","fully renovated","okres Martin",Stred,expensive,19.38,3054.55,2590.82,0.1790,1,8
JuLuLPY-Qsq,"Buby reality, s.r.o.",apartment,"2-room apartment","new construction","okres Martin",Stred,expensive,19.38,2309.43,2769.70,-0.1662,2,6
Ju2hVjHchsA,"Buby reality, s.r.o.",apartment,"2-room apartment","new construction","okres Martin",Stred,expensive,19.38,2902.19,2769.70,0.0478,2,6
Ju7UlN5liG9,"Buby reality, s.r.o.",apartment,"3-room apartment","new construction","okres Martin",Jahodníky,expensive,9.68,2753.73,2709.45,0.0163,4,4
JuDeBuW3pN0,"Buby reality, s.r.o.",apartment,"3-room apartment","new construction","okres Martin",Jahodníky,expensive,9.68,2669.46,2709.45,-0.0148,4,4
JuUwCeqXqPl,"Buby reality, s.r.o.",apartment,"3-room apartment","new construction","okres Martin",Jahodníky,expensive,9.68,2669.46,2709.45,-0.0148,4,4
JuhmvsftjdY,"Buby reality, s.r.o.",apartment,"3-room apartment","new construction","okres Martin",Jahodníky,expensive,9.68,2745.14,2709.45,0.0132,4,4
JuRHCARxbUa,"Buby reality, s.r.o.",apartment,"3-room apartment","new construction","okres Martin",Stred,expensive,19.38,2662.90,2616.54,0.0177,2,4
JunhLdbpvMU,"Buby reality, s.r.o.",apartment,"3-room apartment","new construction","okres Martin",Stred,expensive,19.38,2669.46,2616.54,0.0202,2,4
Juq924pqMXb,"Buby reality, s.r.o.",apartment,"3-room apartment","partially renovated","okres Žilina","Horný Hričov",premium,60.47,1685.20,1685.20,0.0000,1,1
JuwdDOrpGK5,"Buby reality, s.r.o.",apartment,"4-room apartment","fully renovated","okres Martin",Priekopa,premium,55.82,2357.14,2244.19,0.0503,2,4
JuV3Qm6Wkc0,"Buby reality, s.r.o.",apartment,"4-room apartment","fully renovated","okres Martin",Priekopa,premium,55.82,2357.14,2244.19,0.0503,2,4
JunIK4vBJDk,"Buby reality, s.r.o.",apartment,"4-room apartment","new construction","okres Martin",Tomčany,expensive,6.77,NULL,NULL,NULL,1,1
JuP68rfpcZn,"Buby reality, s.r.o.",house,"extra large house","new construction","okres Martin",Záturčie,average,-12.61,680.58,680.58,0.0000,1,1
JukIBS7GOVs,"Buby reality, s.r.o.",land,"extra large plot",NULL,"okres Martin",Priekopa,premium,55.82,66.00,66.00,0.0000,1,1
JuOtIHsfVL7r,"Buby reality, s.r.o.",land,"extra large plot",NULL,"okres Martin",Ratkovo,"very cheap",-81.38,NULL,NULL,NULL,1,3
Ju0PCzCiNgB,"Buby reality, s.r.o.",land,"extra large plot",NULL,"okres Martin",Žabokreky,average,-0.98,NULL,NULL,NULL,1,1
JuNYFhhNxB9,"Buby reality, s.r.o.",apartment,"holiday apartment","new construction","okres Martin",Stred,expensive,19.38,3086.22,3086.22,0.0000,1,1
JuIGCsa_wh0,"Buby reality, s.r.o.",house,"large house","new construction","okres Martin",Blatnica,average,-2.80,1649.50,1649.50,0.0000,1,1
JuuJvOruCyE,"Buby reality, s.r.o.",house,"large house","new construction","okres Martin",Sever,average,-7.71,1649.50,1649.50,0.0000,2,2
JujrHGAONfL,"Buby reality, s.r.o.",house,"large house","new construction","okres Martin",Sever,average,-7.71,1649.50,1649.50,0.0000,2,2
JuFMkd6Ft4u,"Buby reality, s.r.o.",house,"large house","new construction","okres Martin",Tomčany,expensive,6.77,1322.58,1322.58,0.0000,1,1
Ju21sNa5df6,"Buby reality, s.r.o.",house,"large house","partially renovated","okres Martin",Belá-Dulice,cheap,-25.62,592.00,592.00,0.0000,1,2
JuKqcvokzbp,"Buby reality, s.r.o.",land,"large plot",NULL,"okres Martin",Socovce,"very cheap",-50.08,50.99,50.99,0.0000,1,1
Ju9ruJn5dvg,"Buby reality, s.r.o.",house,"medium house","new construction","okres Martin",Slovany,cheap,-17.88,NULL,1504.45,NULL,3,5
JuboTIFLqNK,"Buby reality, s.r.o.",house,"medium house","new construction","okres Martin",Slovany,cheap,-17.88,NULL,1504.45,NULL,3,5
JuSDor_pBw9,"Buby reality, s.r.o.",house,"medium house","new construction","okres Martin",Slovany,cheap,-17.88,933.96,1504.45,-0.3792,3,5
Juzaery-uaM,"Buby reality, s.r.o.",house,"medium house","new construction","okres Martin",Tomčany,expensive,6.77,3561.15,3295.25,0.0807,1,3
JuwyMSYxoql,"Buby reality, s.r.o.",house,"medium house",unrenovated,"okres Žilina","Dolný Hričov",average,-4.26,1280.00,1280.00,0.0000,1,1
JumCABBKmrv,"Buby reality, s.r.o.",land,"medium plot",NULL,"okres Žilina",Hájik,expensive,5.43,NULL,NULL,NULL,1,1
JuiSfM5MiE3,"Buby reality, s.r.o.",land,"small plot",NULL,"okres Martin",Priekopa,premium,55.82,NULL,NULL,NULL,1,3
JuLljn1aubH,"Buby reality, s.r.o.",land,"small plot",NULL,"okres Martin",Slovany,cheap,-17.88,85.00,85.00,0.0000,1,1
JufVXI6GuhC,"BV REAL PD, s.r.o.",house,"extra large house","partially renovated","okres Turčianske Teplice","Horná Štubňa",cheap,-30.38,178.85,178.85,0.0000,1,1
JuImMdEmrRE,"BV REAL PD, s.r.o.",house,"extra large house",unrenovated,"okres Turčianske Teplice","Horná Štubňa",cheap,-30.38,66.67,66.67,0.0000,1,1
JuNQro8eb1w,"BV REAL PD, s.r.o.",house,"large house",unrenovated,"okres Turčianske Teplice",Turček,cheap,-37.71,593.69,593.69,0.0000,1,1
JuD0_PFG0ni,"BV REAL PD, s.r.o.",land,"medium plot",NULL,"okres Turčianske Teplice",Sklené,average,-12.01,27.82,36.38,-0.2353,1,2
JuY2fWI7qOb,"CANGURU s.r.o.",apartment,"1-room apartment","new construction","okres Martin",Priekopa,premium,55.82,3472.22,3229.12,0.0753,1,3
Ju-oy7KMPvG,"CANGURU s.r.o.",apartment,"2-room apartment","new construction","okres Martin",Priekopa,premium,55.82,3472.22,3472.22,0.0000,1,1
JuF5BDGmyHN,"CANGURU s.r.o.",apartment,"2-room apartment","under construction","okres Martin",Jahodníky,expensive,9.68,2693.36,2701.69,-0.0031,8,8
Ju4T4al4Vz1,"CANGURU s.r.o.",apartment,"2-room apartment","under construction","okres Martin",Jahodníky,expensive,9.68,2704.71,2701.69,0.0011,8,8
Ju89eBckNJI,"CANGURU s.r.o.",apartment,"2-room apartment","under construction","okres Martin",Jahodníky,expensive,9.68,2723.61,2701.69,0.0081,8,8
JuIZkq9C4-v,"CANGURU s.r.o.",apartment,"2-room apartment","under construction","okres Martin",Jahodníky,expensive,9.68,NULL,2701.69,NULL,8,8
JulollxgJp5,"CANGURU s.r.o.",apartment,"2-room apartment","under construction","okres Martin",Jahodníky,expensive,9.68,2707.60,2701.69,0.0022,8,8
Jue9scT0OOX,"CANGURU s.r.o.",apartment,"2-room apartment","under construction","okres Martin",Jahodníky,expensive,9.68,NULL,2701.69,NULL,8,8
JuZyhdrORR4,"CANGURU s.r.o.",apartment,"2-room apartment","under construction","okres Martin",Jahodníky,expensive,9.68,2690.44,2701.69,-0.0042,8,8
JuNwRfCAG1O,"CANGURU s.r.o.",apartment,"2-room apartment","under construction","okres Martin",Jahodníky,expensive,9.68,2690.44,2701.69,-0.0042,8,8
Jus8fVVapj9,"CANGURU s.r.o.",apartment,"3-room apartment","under construction","okres Martin",Jahodníky,expensive,9.68,2714.34,2720.36,-0.0022,5,5
Ju90gNOpUS1,"CANGURU s.r.o.",apartment,"3-room apartment","under construction","okres Martin",Jahodníky,expensive,9.68,2692.80,2720.36,-0.0101,5,5
JuDpUKm1R87,"CANGURU s.r.o.",apartment,"3-room apartment","under construction","okres Martin",Jahodníky,expensive,9.68,2713.43,2720.36,-0.0025,5,5
JuhpxD8Q4V6,"CANGURU s.r.o.",apartment,"3-room apartment","under construction","okres Martin",Jahodníky,expensive,9.68,2756.60,2720.36,0.0133,5,5
Junbds6mBD4,"CANGURU s.r.o.",apartment,"3-room apartment","under construction","okres Martin",Jahodníky,expensive,9.68,2724.65,2720.36,0.0016,5,5
Juf3UQk266Q,"Constario REALTY s.r.o.",apartment,"1-room apartment","under construction","okres Martin",Sučany,cheap,-19.13,2892.36,2892.36,0.0000,1,1
Jukzit6pFoZ,"Constario REALTY s.r.o.",apartment,"2-room apartment","fully renovated","okres Martin",Stred,expensive,19.38,2711.36,2590.82,0.0465,1,8
JuuqMAsXTsE,"Constario REALTY s.r.o.",apartment,"2-room apartment","under construction","okres Martin",Sučany,cheap,-19.13,2627.96,2627.96,0.0000,1,1
JubH8PB1O7h,"Constario REALTY s.r.o.",apartment,"3-room apartment","fully renovated","okres Martin",Stred,expensive,19.38,3171.25,3171.25,0.0000,1,2
JuhldTbf0YC,"Constario REALTY s.r.o.",apartment,"3-room apartment","under construction","okres Martin",Sučany,cheap,-19.13,2272.06,2272.06,0.0000,1,1
JulmjMPVf2y,"Constario REALTY s.r.o.",apartment,"4-room apartment","fully renovated","okres Martin",Stred,expensive,19.38,2667.42,2389.04,0.1165,1,3
JuKUZKmUiwu,"Constario REALTY s.r.o.",apartment,"4-room apartment","under construction","okres Martin",Sučany,cheap,-19.13,2542.52,2542.52,0.0000,1,1
JufBWbzCmcn,"Cooper Real s.r.o",apartment,"4-room apartment","partially renovated","okres Martin",Stred,expensive,19.38,1749.90,1749.90,0.0000,1,1
Ju3IEZxl8sI,"CPM Real Estate",house,"large house","new construction","okres Žilina",Hôrky,expensive,24.36,2990.34,2788.85,0.0722,1,3
JugRw5WlFvo,"CPM Real Estate",house,"medium house","new construction","okres Martin","Košťany nad Turcom",average,-8.30,2651.52,2190.77,0.2103,1,5
JumNtvscU-s,"CreeX Reality s.r.o.",apartment,"holiday apartment","new construction","okres Liptovský Mikuláš","Demänovská Dolina",premium,84.23,6910.14,5609.23,0.2319,1,40
JuxpGt9B3Fh,"CreeX Reality s.r.o.",house,"medium house",unrenovated,"okres Martin",Príbovce,cheap,-32.39,1166.67,1256.41,-0.0714,1,3
Ju_PmXVPtoo,"Crystin reality, s.r.o.",apartment,"2-room apartment",unrenovated,"okres Žilina",Hliny,expensive,11.48,2725.45,2579.51,0.0566,1,5
JuCWsWXxn1N,"Delta Property s.r.o.",land,"medium plot",NULL,"okres Liptovský Mikuláš",Jamník,average,-4.62,91.32,104.49,-0.1260,1,6
JuqT9jZ4Nn0,"Direct Real, spol. s r.o.",land,NULL,NULL,"okres Liptovský Mikuláš","Liptovská Sielnica",average,-3.52,90.00,90.00,0.0000,1,1
JuDu2MlXcTn,"Direct Real, spol. s r.o.",land,NULL,NULL,"okres Martin",Ratkovo,"very cheap",-81.38,NULL,NULL,NULL,1,1
JuzURL47734,"Direct Real, spol. s r.o.",house,NULL,unrenovated,"okres Liptovský Mikuláš","Vrbica - Nábrežie",average,1.84,NULL,NULL,NULL,1,1
JuO5mITkYRm,"Direct Real, spol. s r.o.",apartment,"1-room apartment","fully renovated","okres Kysucké Nové Mesto",Sídlisko,average,-3.57,3206.90,3206.90,0.0000,1,1
JuNguQDV0Zn,"Direct Real, spol. s r.o.",apartment,"2-room apartment","fully renovated","okres Liptovský Mikuláš",Podbreziny,expensive,13.11,2499.04,2499.04,0.0000,1,1
JuPkeS3sVco,"Direct Real, spol. s r.o.",apartment,"2-room apartment","fully renovated","okres Liptovský Mikuláš","Staré mesto",average,1.93,2794.64,2172.50,0.2864,1,9
Juena3XeNrr,"Direct Real, spol. s r.o.",apartment,"2-room apartment","new construction","okres Liptovský Mikuláš",Ľubeľa,average,-7.59,2180.00,2180.00,0.0000,1,2
JukyEz3oR2iD,"Direct Real, spol. s r.o.",apartment,"2-room apartment","partially renovated","okres Liptovský Mikuláš","Staré mesto",average,1.93,2103.51,2345.49,-0.1032,1,4
JufAeKZk5m-,"Direct Real, spol. s r.o.",apartment,"2-room apartment","partially renovated","okres Žilina",Bitarová,expensive,9.02,2545.45,2545.45,0.0000,1,1
Juqo7TnYgwu,"Direct Real, spol. s r.o.",apartment,"3-room apartment","new construction","okres Liptovský Mikuláš",Palúdzka,expensive,7.35,3160.92,3160.92,0.0000,1,1
Ju4Vd5pUjXm,"Direct Real, spol. s r.o.",apartment,"3-room apartment","partially renovated","okres Liptovský Mikuláš","Staré mesto",average,1.93,2307.68,2050.07,0.1257,1,4
JuR8QLXp0Yx,"Direct Real, spol. s r.o.",apartment,"3-room apartment","partially renovated","okres Ružomberok",Roveň,average,-12.14,2013.89,1700.68,0.1842,1,2
Ju1Fw0u3Cah,"Direct Real, spol. s r.o.",apartment,"3-room apartment",unrenovated,"okres Liptovský Mikuláš","Vrbica - Nábrežie",average,1.84,2042.25,2054.36,-0.0059,1,3
JuAyS5TfUDQ,"Direct Real, spol. s r.o.",apartment,"3-room apartment",unrenovated,"okres Žilina",Rajec,average,-11.29,1848.10,2017.80,-0.0841,1,2
JumsfvMXhg-,"Direct Real, spol. s r.o.",apartment,"3-room apartment",unrenovated,"okres Žilina",Solinky,expensive,24.79,2283.58,2283.58,0.0000,1,1
JunM5Oyfta7,"Direct Real, spol. s r.o.",apartment,"4-room apartment","fully renovated","okres Liptovský Mikuláš",NULL,NULL,NULL,1845.24,1911.63,-0.0347,1,2
Juh7IlKkDn_,"Direct Real, spol. s r.o.",apartment,"4-room apartment","partially renovated","okres Liptovský Mikuláš",Belánska,average,-13.38,1495.24,1758.93,-0.1499,1,2
JuXIhW2sDRX,"Direct Real, spol. s r.o.",apartment,"4-room apartment","partially renovated","okres Žilina",Vlčince,premium,39.03,2249.43,2249.43,0.0000,1,2
JuIWDdc4brD,"Direct Real, spol. s r.o.",house,"extra large house",unrenovated,"okres Liptovský Mikuláš","Liptovský Trnovec",expensive,19.86,482.71,402.80,0.1984,1,3
JuNQtFNCOxb,"Direct Real, spol. s r.o.",house,"extra large house",unrenovated,"okres Liptovský Mikuláš","Uhorská Ves",average,-10.61,389.21,389.21,0.0000,1,1
Juz8n3k63O_,"Direct Real, spol. s r.o.",land,"extra large plot",NULL,"okres Liptovský Mikuláš",Beňadiková,average,-11.64,30.00,27.50,0.0909,1,3
JuOWl6BKLUg,"Direct Real, spol. s r.o.",house,"large house",unrenovated,"okres Čadca",Staškov,cheap,-22.98,642.86,642.86,0.0000,1,1
Ju-fppxOVlc,"Direct Real, spol. s r.o.",house,"large house",unrenovated,"okres Čadca",Zákopčie,cheap,-18.02,1411.76,1282.50,0.1008,1,3
Ju8trZQFbnP,"Direct Real, spol. s r.o.",house,"large house",unrenovated,"okres Liptovský Mikuláš",Dúbrava,average,0.11,1184.21,1184.21,0.0000,2,2
JugYdPbrkJ-,"Direct Real, spol. s r.o.",house,"large house",unrenovated,"okres Liptovský Mikuláš",Dúbrava,average,0.11,NULL,1184.21,NULL,2,2
JuwhHVVh05e,"Direct Real, spol. s r.o.",house,"large house",unrenovated,"okres Liptovský Mikuláš",Gôtovany,average,-5.33,1245.83,1245.83,0.0000,1,1
JuT3DyFpT5w,"Direct Real, spol. s r.o.",house,"large house",unrenovated,"okres Liptovský Mikuláš",Hybe,cheap,-34.94,349.79,349.79,0.0000,1,1
Ju0_zNn7daF,"Direct Real, spol. s r.o.",house,"large house",unrenovated,"okres Liptovský Mikuláš",Pribylina,cheap,-31.70,600.00,484.07,0.2395,1,2
JuAWKeHNgzP,"Direct Real, spol. s r.o.",house,"large house",unrenovated,"okres Liptovský Mikuláš",Východná,cheap,-25.31,370.16,370.16,0.0000,1,1
JubExmFeQF5H,"Direct Real, spol. s r.o.",house,"large house",unrenovated,"okres Liptovský Mikuláš","Závažná Poruba",average,-6.90,571.07,931.88,-0.3872,2,2
JulUfy26PQZ,"Direct Real, spol. s r.o.",house,"large house",unrenovated,"okres Liptovský Mikuláš","Závažná Poruba",average,-6.90,1292.68,931.88,0.3872,2,2
Ju9Co1t0hDa,"Direct Real, spol. s r.o.",house,"large house",unrenovated,"okres Žilina",Porúbka,average,-2.79,996.55,996.55,0.0000,1,1
JuUy9icWXXx,"Direct Real, spol. s r.o.",land,"large plot",NULL,"okres Liptovský Mikuláš",Gôtovany,average,-5.33,60.77,60.77,0.0000,1,1
Juii36MitpD,"Direct Real, spol. s r.o.",house,"medium house","new construction","okres Námestovo",Ťapešovo,cheap,-16.17,1704.92,1761.14,-0.0319,1,2
Jul88RI0614,"Direct Real, spol. s r.o.",land,"medium plot",NULL,"okres Liptovský Mikuláš",Beňadiková,average,-11.64,167.00,153.00,0.0915,1,2
JuGtn_qttBC,"Direct Real, spol. s r.o.",land,"medium plot",NULL,"okres Liptovský Mikuláš","Liptovský Trnovec",expensive,19.86,130.00,114.50,0.1354,1,2
JumOEZa9NyW,"Direct Real, spol. s r.o.",land,"medium plot",NULL,"okres Liptovský Mikuláš",Prosiek,average,-5.17,19.52,19.52,0.0000,1,1
JuWu8X5e0jn,"Direct Real, spol. s r.o.",land,"medium plot",NULL,"okres Liptovský Mikuláš",Stošice,average,-2.48,145.60,119.30,0.2205,1,3
Ju2L-GyOw3O,"Direct Real, spol. s r.o.",house,"small house",unrenovated,"okres Žilina",Strečno,expensive,16.35,NULL,NULL,NULL,1,1
Ju-_lgQgjvC,"Direct Real, spol. s r.o.",land,"small plot",NULL,"okres Liptovský Mikuláš",Ižipovce,average,-12.34,120.02,120.02,0.0000,1,2
JuvLJIIUOfY,"Direct Real, spol. s r.o.",land,"small plot",NULL,"okres Liptovský Mikuláš",Lazisko,cheap,-18.58,100.67,115.34,-0.1272,1,3
JuN4Ko5MTcJ,"Direct Real, spol. s r.o.",land,"small plot",NULL,"okres Liptovský Mikuláš",Podbreziny,expensive,13.11,159.43,186.81,-0.1466,1,6
JufStanr4w4,"Direct Real, spol. s r.o.",land,"small plot",NULL,"okres Liptovský Mikuláš",Podtureň,premium,41.30,123.00,123.00,0.0000,1,5
JuojulIxoMm,"Direct Real, spol. s r.o.",land,"small plot",NULL,"okres Liptovský Mikuláš",Pribylina,cheap,-31.70,NULL,NULL,NULL,1,1
JuRzGNU0BD2,"Direct Real, spol. s r.o.",land,"small plot",NULL,"okres Turčianske Teplice",Stred,cheap,-16.60,NULL,NULL,NULL,1,1
JulIgw-I980,"Direct Real, spol. s r.o.",apartment,"studio apartment","new construction","okres Liptovský Mikuláš","Pavčina Lehota",expensive,18.57,4444.07,4444.07,0.0000,1,1
Juj0AUCC2FC,"DLUGO reality",apartment,"3-room apartment","new construction","okres Liptovský Mikuláš","Demänovská Dolina",premium,84.23,6090.91,6259.74,-0.0270,2,2
Ju3RyhBnxqn,"DLUGO reality",apartment,"3-room apartment","new construction","okres Liptovský Mikuláš","Demänovská Dolina",premium,84.23,6428.57,6259.74,0.0270,2,2
Ju4uaW2Y4yL,"DLUGO reality",apartment,"holiday apartment","new construction","okres Liptovský Mikuláš","Demänovská Dolina",premium,84.23,6725.45,5609.23,0.1990,1,40
Ju9e7LtrfAt,"DOBRÉ REALITY s.r.o.",land,"large plot",NULL,"okres Žilina",Lysica,cheap,-22.24,59.12,59.12,0.0000,1,1
JuzfaiaPF1e,"DOBRÉ REALITY s.r.o.",house,"medium house","fully renovated","okres Martin",Jahodníky,expensive,9.68,4189.47,4189.47,0.0000,1,1
JujkenW1_dD,"DOBRÉ REALITY s.r.o.",house,"medium house","partially renovated","okres Turčianske Teplice",Sklené,average,-12.01,1587.06,1543.28,0.0284,1,2
JuLF3n8V0u0,"DOBRÉ REALITY s.r.o.",land,"medium plot",NULL,"okres Turčianske Teplice","Slovenské Pravno",cheap,-31.14,66.95,66.95,0.0000,1,1
JukBksFoVDN,"Domovia s. r. o.",apartment,"holiday apartment","new construction","okres Ružomberok",Hrabovo,average,-7.51,3023.81,3345.34,-0.0961,1,5
Ju5bhE-1H2z,"DOMUM realitná spoločnosť s. r. o.",apartment,"1-room apartment","new construction","okres Ružomberok",Hrabovo,average,-7.51,3093.75,3093.75,0.0000,1,2
JueWH91Qt062,"DOMUM realitná spoločnosť s. r. o.",apartment,"holiday apartment","new construction","okres Ružomberok",Hrabovo,average,-7.51,3093.75,3345.34,-0.0752,1,5
JuZJo0wlRRU,donidDevelop,apartment,"1-room apartment","new construction","okres Ružomberok","Liptovská Teplá",cheap,-19.23,2927.59,2853.91,0.0258,1,2
JuhxRDKuEfi,donidDevelop,apartment,"2-room apartment","new construction","okres Ružomberok","Liptovská Teplá",cheap,-19.23,2620.69,2613.04,0.0029,1,4
JuVxrPNOwNZ,donidDevelop,apartment,"3-room apartment","new construction","okres Námestovo",Polom,"very cheap",-48.87,1503.57,1503.57,0.0000,1,1
JumpjkKxSdz,donidDevelop,land,"extra large plot",NULL,"okres Dolný Kubín",Zázrivá,average,-13.12,NULL,26.72,NULL,1,3
Juzl0Ycup_I,donidDevelop,apartment,"holiday apartment","fully renovated","okres Martin","Martinské hole",premium,57.46,5339.29,5339.29,0.0000,1,1
Ju8LEFRICza,donidDevelop,house,"large house","under construction","okres Liptovský Mikuláš","Vrbica - Nábrežie",average,1.84,1519.95,1519.95,0.0000,1,1
JuYlSKGJKl6,donidDevelop,land,"large plot",NULL,"okres Martin","Horný Kalník",cheap,-21.99,79.67,79.67,0.0000,1,2
JutjPZbTZEK,donidDevelop,land,"large plot",NULL,"okres Martin",Sučany,cheap,-19.13,NULL,95.02,NULL,1,2
Juq9xnQNQkn,donidDevelop,house,"medium house","new construction","okres Ružomberok","Liptovské Sliače",average,-7.12,2263.64,2272.80,-0.0040,2,6
Ju1cp4Zdad9,donidDevelop,house,"medium house","new construction","okres Ružomberok","Liptovské Sliače",average,-7.12,2007.46,2272.80,-0.1167,2,6
JutC-Cu36o8,donidDevelop,house,"medium house",unrenovated,"okres Ružomberok",Lúčky,expensive,5.15,853.66,1386.67,-0.3844,1,3
JuoqzBB_9Ic,donidDevelop,land,"medium plot",NULL,"okres Dolný Kubín",Párnica,average,-14.71,98.87,131.46,-0.2479,1,3
JuTu2EKoaZM,donidDevelop,land,"medium plot",NULL,"okres Dolný Kubín",Veličná,expensive,14.21,125.00,134.94,-0.0737,2,7
JuowzNUzni4,donidDevelop,land,"medium plot",NULL,"okres Dolný Kubín",Veličná,expensive,14.21,140.22,134.94,0.0391,2,7
Jus89N19pVi,donidDevelop,land,"medium plot",NULL,"okres Dolný Kubín",Zázrivá,average,-13.12,NULL,NULL,NULL,1,1
JuzolLKcQyU,donidDevelop,land,"medium plot",NULL,"okres Námestovo",Krušetnica,cheap,-36.04,80.21,80.21,0.0000,1,1
Jubyz8KHpaA,donidDevelop,land,"small plot",NULL,"okres Liptovský Mikuláš",Lazisko,cheap,-18.58,NULL,115.34,NULL,1,3
JunAaEjMO5H,"DRAŽOBNÍK, s.r.o.",house,"large house","partially renovated","okres Liptovský Mikuláš",Važec,cheap,-35.75,296.50,435.75,-0.3196,1,2
Jueqkk2FQTK,"DreamReality s.r.o.",apartment,"3-room apartment","new construction","okres Žilina",Bôrik,premium,61.54,3684.21,3711.04,-0.0072,1,4
JuGqA0i3EO8,"DreamReality s.r.o.",apartment,"3-room apartment","partially renovated","okres Žilina","Staré mesto",expensive,25.24,2362.50,2835.82,-0.1669,1,5
Juz-nuV7qfY,"DreamReality s.r.o.",apartment,"4-room apartment","new construction","okres Žilina",Vlčince,premium,39.03,2761.59,3105.33,-0.1107,1,6
JuaMaWInHEa,"DreamReality s.r.o.",house,"extra large house","new construction","okres Žilina","Dolný Hričov",average,-4.26,NULL,NULL,NULL,1,1
JuXlTElDSTb,"DreamReality s.r.o.",house,"extra large house","new construction","okres Žilina",Závodie,expensive,15.24,NULL,NULL,NULL,1,1
JuNuINWKCa2,"DreamReality s.r.o.",house,"large house","fully renovated","okres Žilina","Staré mesto",expensive,25.24,1551.09,2025.55,-0.2342,1,3
Ju3IlwS0uHk,"DreamReality s.r.o.",house,"large house","partially renovated","okres Žilina",NULL,NULL,NULL,933.33,933.33,0.0000,1,1
JufhG56lKjf,"DreamReality s.r.o.",house,"large house","partially renovated","okres Žilina",Nededza,cheap,-16.99,933.33,933.33,0.0000,1,1
Ju6_q9iLcH2,"DreamReality s.r.o.",land,"large plot",NULL,"okres Kysucké Nové Mesto",Povina,average,-11.94,59.22,66.92,-0.1151,3,4
Ju7tRkb4O1-,"DreamReality s.r.o.",land,"large plot",NULL,"okres Kysucké Nové Mesto",Povina,average,-11.94,59.22,66.92,-0.1151,3,4
JutHLS-i8Kk,"DreamReality s.r.o.",land,"large plot",NULL,"okres Kysucké Nové Mesto",Povina,average,-11.94,59.22,66.92,-0.1151,3,4
Jua5wAoApR5,"DreamReality s.r.o.",land,"large plot",NULL,"okres Kysucké Nové Mesto",Rudina,premium,40.65,73.97,79.05,-0.0643,2,3
Juz77F3qzjt,"DreamReality s.r.o.",land,"large plot",NULL,"okres Kysucké Nové Mesto",Rudina,premium,40.65,73.97,79.05,-0.0643,2,3
JuGjdMCF3ve,"DreamReality s.r.o.",land,"large plot",NULL,"okres Žilina",Bytčica,expensive,18.76,180.18,116.89,0.5414,1,2
JuaiG-4_MyI,"DreamReality s.r.o.",house,"medium house","fully renovated","okres Žilina",Brodno,average,-14.41,1521.01,1818.07,-0.1634,1,2
JuvykS9-KBJ0,"DreamReality s.r.o.",house,"medium house","under construction","okres Žilina",Mojš,average,0.39,1333.33,1333.33,0.0000,1,1
Ju_mTTZVoJx,"DreamReality s.r.o.",land,"medium plot",NULL,"okres Žilina","Kotrčiná Lúčka",cheap,-18.94,98.28,95.72,0.0267,1,5
JuKXwWNmxYg,"DRR INVEST, s. r. o.",apartment,"2-room apartment","fully renovated","okres Žilina",Hájik,expensive,5.43,2741.77,2741.77,0.0000,1,2
JujUQv7hvyj,"DRR INVEST, s. r. o.",apartment,"3-room apartment","fully renovated","okres Žilina","Dlhé Pole",cheap,-21.15,1541.56,1541.56,0.0000,1,1
JuiTYBIhgYl,"DRR INVEST, s. r. o.",apartment,"3-room apartment","fully renovated","okres Žilina",Hájik,expensive,5.43,2741.77,2741.77,0.0000,1,1
JuqrzDEx4zp,"DRR INVEST, s. r. o.",apartment,"3-room apartment","partially renovated","okres Žilina","Dlhé Pole",cheap,-21.15,1541.56,1541.56,0.0000,1,2
JutRcPoSw48,"DRR INVEST, s. r. o.",apartment,"3-room apartment","partially renovated","okres Žilina",Vlčince,premium,39.03,2301.32,2454.29,-0.0623,1,2
Jucdr_EmdH7,"DRR INVEST, s. r. o.",house,"extra large house",unrenovated,"okres Žilina","Teplička nad Váhom",premium,48.91,232.88,232.88,0.0000,1,1
JuSi1nzOb00,"DRR INVEST, s. r. o.",house,"large house","new construction","okres Kysucké Nové Mesto","Horný Vadičov",average,-5.28,2050.00,1825.46,0.1230,1,4
Juwnal8LZ_c,"DRR INVEST, s. r. o.",house,"large house","new construction","okres Žilina","Žilinská Lehota",premium,36.32,1103.63,1103.63,0.0000,2,3
Ju769ToQ74D,"DRR INVEST, s. r. o.",house,"large house","new construction","okres Žilina","Žilinská Lehota",premium,36.32,1103.63,1103.63,0.0000,2,3
JuBnZj34L44,"DRR INVEST, s. r. o.",land,"large plot",NULL,"okres Bytča","Hlboké nad Váhom","very cheap",-44.93,33.00,25.17,0.3111,1,6
JuWllUMOah9,"DRR INVEST, s. r. o.",land,"small plot",NULL,"okres Žilina",Budatín,premium,51.29,264.53,267.27,-0.0103,1,2
Ju9rSU4gBpn,"DRR INVEST, s. r. o.",land,"small plot",NULL,"okres Žilina",Ovčiarsko,average,-2.35,151.36,134.11,0.1286,1,7
JummK5hE8Lr,"DRR INVEST, s. r. o.",land,"small plot",NULL,"okres Žilina","Žilinská Lehota",premium,36.32,124.33,124.33,0.0000,1,1
Jux_7MHZ0xE,"DVOŘÁK & PARTNERS s. r. o.",apartment,"1-room apartment","new construction","okres Liptovský Mikuláš",Stošice,average,-2.48,3325.62,3325.62,0.0000,1,1
JuudHQ4gWHh,"EASY centrum bývania, s.r.o.",apartment,"2-room apartment","fully renovated","okres Žilina","Staré mesto",expensive,25.24,3829.55,2789.29,0.3729,1,15
JuXQxA2vSe6,"EASY centrum bývania, s.r.o.",apartment,"2-room apartment","fully renovated","okres Žilina",Vlčince,premium,39.03,3785.71,2931.48,0.2914,1,4
JuTe9xTBEze,"EASY centrum bývania, s.r.o.",house,"medium house",unrenovated,"okres Žilina","Rajecké Teplice",expensive,5.08,1445.95,1445.95,0.0000,1,1
JuicyD7lpub,"EASY centrum bývania, s.r.o.",land,"medium plot",NULL,"okres Žilina",Budatín,premium,51.29,108.75,280.98,-0.6130,1,10
Juv_OE5QhUq,"EASY centrum bývania, s.r.o.",land,"medium plot",NULL,"okres Žilina",Terchová,expensive,17.29,196.72,164.21,0.1980,1,7
JueoLey_u82,"Eden Real estate, s.r.o.",land,"large plot",NULL,"okres Liptovský Mikuláš","Liptovský Trnovec",expensive,19.86,160.00,160.00,0.0000,1,1
JumXY6voBY_,"Eden Real estate, s.r.o.",land,"small plot",NULL,"okres Liptovský Mikuláš",Podbreziny,expensive,13.11,170.53,186.81,-0.0871,1,6
JunH90jZGku,"Effecting s.r.o.",apartment,"1-room apartment","development project","okres Žilina",Bytčica,expensive,18.76,4008.41,4008.41,0.0000,1,1
JuD_7kPVbjf,"Effecting s.r.o.",apartment,"3-room apartment","partially renovated","okres Žilina","Staré mesto",expensive,25.24,2972.84,2835.82,0.0483,1,5
Ju_z9MMC1dy,"Effecting s.r.o.",house,"medium house","new construction","okres Žilina",Strážov,average,2.47,2157.45,2199.15,-0.0190,1,4
JuCvtDrSDpm,"Effecting s.r.o.",land,"small plot",NULL,"okres Žilina",Brezany,expensive,30.74,148.01,148.01,0.0000,1,1
JuTBd7ApfBa,"Eli real realitná kancelária",apartment,"1-room apartment","new construction","okres Martin",Priekopa,premium,55.82,3059.88,3229.12,-0.0524,1,3
JuGEa5Szg2S,"ELITE reality",land,"medium plot",NULL,"okres Bytča",Súľov-Hradná,"very cheap",-51.52,94.03,113.63,-0.1725,1,2
JuI3WIo1gnr,Envire,land,"medium plot",NULL,"okres Kysucké Nové Mesto",Povina,average,-11.94,100.00,76.82,0.3017,1,2
Juuarx0CWmR,"Estate Invest",apartment,"2-room apartment","new construction","okres Turčianske Teplice",Stred,cheap,-16.60,4961.83,4070.92,0.2188,1,4
Ju3PrO2eSPN,"ETHOS reality, s. r. o.",land,"extra large plot",NULL,"okres Čadca",Korňa,"very cheap",-45.15,40.00,40.00,0.0000,1,1
JuTTJWsaBgO,"ETHOS reality, s. r. o.",house,"large house","partially renovated","okres Čadca","Zborov nad Bystricou","very cheap",-48.56,532.92,532.92,0.0000,1,1
JuEJOqphXdZ,"ETHOS reality, s. r. o.",land,"large plot",NULL,"okres Čadca",Raková,cheap,-22.06,65.00,54.85,0.1851,1,8
JuOxQMLskud,"ETHOS reality, s. r. o.",house,"medium house","new construction","okres Žilina",Mojš,average,0.39,1741.07,2646.91,-0.3422,1,3
JujqHk5Nsu-,"ETHOS reality, s. r. o.",land,"medium plot",NULL,"okres Čadca","U Siheľníka",expensive,7.70,110.00,110.00,0.0000,1,1
JuJ2_wybbaK,"ETHOS reality, s. r. o.",land,"medium plot",NULL,"okres Žilina","Žilinská Lehota",premium,36.32,100.00,242.69,-0.5880,1,2
JuguMiG6Pot,"Euro Bauer s.r.o.",apartment,"other apartment type","new construction","okres Žilina",Rajec,average,-11.29,NULL,NULL,NULL,1,1
Ju_ePT-_LMH,"EVER SK, s.r.o.",apartment,"2-room apartment","fully renovated","okres Námestovo",Brehy,expensive,34.91,2111.70,2111.70,0.0000,1,1
JuWeOewD3Gg,"FatraReal s. r. o.",house,"extra large house","fully renovated","okres Liptovský Mikuláš",Dúbrava,average,0.11,889.88,889.88,0.0000,1,1
JuVNXqUSw6h,"FatraReal s. r. o.",house,"extra large house","partially renovated","okres Ružomberok","Staré mesto",average,-14.78,587.50,587.50,0.0000,1,1
JuQhVUDoHMr,"Felicita Real s. r. o.",apartment,"2-room apartment","fully renovated","okres Martin",Sever,average,-7.71,2189.66,2186.28,0.0015,1,6
JufTJtipeK4,"Felicita Real s. r. o.",apartment,"3-room apartment","fully renovated","okres Martin",Ľadoveň,average,-5.00,2510.77,2472.78,0.0154,1,3
JuFa19Ow0Dt,"Felicita Real s. r. o.",apartment,"3-room apartment","partially renovated","okres Martin",Stred,expensive,19.38,1885.96,1915.23,-0.0153,1,9
JuRBO1iDcGe,"Felicita Real s. r. o.",house,"large house","partially renovated","okres Martin",Sučany,cheap,-19.13,1020.83,1020.83,0.0000,1,2
JuxCreRo0qw,"Financial Hotels Management, s.r.o.",apartment,"1-room apartment","new construction","okres Žilina","Staré mesto",expensive,25.24,4359.09,4092.06,0.0653,1,14
JuBnUuJa9ic,"Financial Hotels Management, s.r.o.",apartment,"2-room apartment","new construction","okres Žilina","Staré mesto",expensive,25.24,3894.16,3751.47,0.0380,2,8
Ju5SD8mmuUt,"Financial Hotels Management, s.r.o.",apartment,"2-room apartment","new construction","okres Žilina","Staré mesto",expensive,25.24,4006.94,3751.47,0.0681,2,8
JuXcyij9eMf_,"Financial Hotels Management, s.r.o.",apartment,"3-room apartment","new construction","okres Žilina","Staré mesto",expensive,25.24,4302.34,3410.80,0.2614,3,9
JubD2pJKl5g,"Financial Hotels Management, s.r.o.",apartment,"3-room apartment","new construction","okres Žilina","Staré mesto",expensive,25.24,4979.18,3410.80,0.4598,3,9
JuV4el-7B8H,"Financial Hotels Management, s.r.o.",apartment,"3-room apartment","new construction","okres Žilina","Staré mesto",expensive,25.24,3463.69,3410.80,0.0155,3,9
JuVfkYvfV4D,"Financial Hotels Management, s.r.o.",apartment,"holiday apartment","new construction","okres Žilina","Staré mesto",expensive,25.24,3700.00,3700.00,0.0000,1,1
JuHpUtcCNg-,"Financie a reality od A po Z",apartment,"3-room apartment","new construction","okres Martin",Ľadoveň,average,-5.00,NULL,NULL,NULL,1,1
JulmO4nyPV1,"Financie a reality od A po Z",apartment,"4-room apartment","fully renovated","okres Martin",Priekopa,premium,55.82,1905.34,2244.19,-0.1510,1,4
JuPKcjp9xEd,"Financie a reality od A po Z",house,"large house","new construction","okres Martin",Valča,cheap,-16.01,NULL,1201.00,NULL,1,7
JusBzzX4MYn,"Financie a reality od A po Z",house,"large house",unrenovated,"okres Martin",Stráne,average,-0.90,937.08,898.54,0.0429,1,2
Juso4TLY6UW,"FINREA - ak vám záleží na výsledku",apartment,"2-room apartment","fully renovated","okres Martin",Košúty,average,-3.60,2400.00,2400.00,0.0000,1,1
Ju-a60L4yJH,"FINREA - ak vám záleží na výsledku",apartment,"2-room apartment","new construction","okres Dolný Kubín",Brezovec,average,-1.33,4278.07,3431.89,0.2466,1,3
JuVD_m1Cal89,"FINREA - ak vám záleží na výsledku",apartment,"2-room apartment","partially renovated","okres Dolný Kubín",Istebné,premium,42.69,NULL,NULL,NULL,1,1
JuIVEdX9aqM,"FINREA - ak vám záleží na výsledku",apartment,"2-room apartment","partially renovated","okres Martin",Sever,average,-7.71,1696.97,1866.38,-0.0908,2,4
JunJ76UrnXo,"FINREA - ak vám záleží na výsledku",apartment,"2-room apartment","partially renovated","okres Martin",Sever,average,-7.71,2314.81,1866.38,0.2403,2,4
JuPAGeZeFHi,"FINREA - ak vám záleží na výsledku",apartment,"2-room apartment",unrenovated,"okres Dolný Kubín",Brezovec,average,-1.33,2181.18,2106.43,0.0355,1,3
JuKfjwtr3uv,"FINREA - ak vám záleží na výsledku",apartment,"3-room apartment","fully renovated","okres Dolný Kubín",Leštiny,cheap,-26.57,NULL,NULL,NULL,3,3
JuBGOlYijOs,"FINREA - ak vám záleží na výsledku",apartment,"3-room apartment","fully renovated","okres Dolný Kubín",Leštiny,cheap,-26.57,NULL,NULL,NULL,3,3
Juu9JOj3Rtxf,"FINREA - ak vám záleží na výsledku",apartment,"3-room apartment","fully renovated","okres Dolný Kubín",Leštiny,cheap,-26.57,NULL,NULL,NULL,3,3
Juatx6SLjDH,"FINREA - ak vám záleží na výsledku",apartment,"3-room apartment","fully renovated","okres Dolný Kubín","Veľký Bysterec",average,-4.14,2790.34,2567.27,0.0869,2,4
Ju8f-wmtjXf,"FINREA - ak vám záleží na výsledku",apartment,"3-room apartment","fully renovated","okres Dolný Kubín","Veľký Bysterec",average,-4.14,NULL,2567.27,NULL,2,4
Ju4y_fscQPu,"FINREA - ak vám záleží na výsledku",apartment,"3-room apartment","fully renovated","okres Martin","Horné Vrútky",average,-10.79,1645.88,2079.02,-0.2083,1,5
Ju4SvmwHoAg,"FINREA - ak vám záleží na výsledku",apartment,"3-room apartment","new construction","okres Ružomberok","Liptovská Teplá",cheap,-19.23,2474.59,2647.82,-0.0654,1,4
Ju-1tp0yEDG,"FINREA - ak vám záleží na výsledku",apartment,"3-room apartment","partially renovated","okres Martin",Stred,expensive,19.38,1527.78,1915.23,-0.2023,1,9
JuLjftxvY7o,"FINREA - ak vám záleží na výsledku",apartment,"4-room apartment","partially renovated","okres Dolný Kubín",Brezovec,average,-1.33,NULL,NULL,NULL,1,1
JuODe5tlbwG,"FINREA - ak vám záleží na výsledku",apartment,"4-room apartment","partially renovated","okres Martin",Priekopa,premium,55.82,2244.90,1848.26,0.2146,1,3
JuDU5D47va2,"FINREA - ak vám záleží na výsledku",land,"extra large plot",NULL,"okres Ružomberok",Komjatná,"very cheap",-58.34,28.77,28.77,0.0000,1,1
JuobJik_lQu,"FINREA - ak vám záleží na výsledku",house,"large house","partially renovated","okres Martin",Žabokreky,average,-0.98,729.17,729.17,0.0000,1,1
JuvA5APODGz,"FINREA - ak vám záleží na výsledku",house,"large house","partially renovated","okres Ružomberok",Hrboltová,average,1.10,1125.00,1125.00,0.0000,1,1
JuS_jt578hW,"FINREA - ak vám záleží na výsledku",house,"large house","partially renovated","okres Žilina",Strečno,expensive,16.35,NULL,NULL,NULL,1,1
Ju56OOXxa00,"FINREA - ak vám záleží na výsledku",house,"large house","under construction","okres Dolný Kubín",Párnica,average,-14.71,1493.53,1493.53,0.0000,1,1
Ju2H7rNABro,"FINREA - ak vám záleží na výsledku",house,"large house",unrenovated,"okres Dolný Kubín",Záskalie,"very cheap",-53.98,NULL,NULL,NULL,1,1
JueH30MBugi,"FINREA - ak vám záleží na výsledku",house,"large house",unrenovated,"okres Martin",Turany,cheap,-32.68,544.91,544.91,0.0000,1,1
Juz3m4uVQID,"FINREA - ak vám záleží na výsledku",land,"large plot",NULL,"okres Dolný Kubín","Oravská Poruba",average,-1.71,109.09,109.09,0.0000,1,1
Ju9K2ce3tAr,"FINREA - ak vám záleží na výsledku",land,"large plot",NULL,"okres Dolný Kubín",Osádka,cheap,-29.64,108.83,108.83,0.0000,1,1
Ju3PLVbW63-,"FINREA - ak vám záleží na výsledku",land,"large plot",NULL,"okres Dolný Kubín",Veličná,expensive,14.21,85.00,85.00,0.0000,1,1
JuVQc2LdTTG,"FINREA - ak vám záleží na výsledku",land,"large plot",NULL,"okres Martin",Sučany,cheap,-19.13,95.02,95.02,0.0000,1,2
JuUAzZ1DM53h,"FINREA - ak vám záleží na výsledku",house,"medium house","fully renovated","okres Martin",Stred,expensive,19.38,2917.53,2850.41,0.0235,1,4
Jub4mmrjTfE,"FINREA - ak vám záleží na výsledku",house,"medium house","new construction","okres Dolný Kubín",Jasenová,expensive,34.86,2824.99,2824.99,0.0000,1,1
JubVEhZEHQu,"FINREA - ak vám záleží na výsledku",house,"medium house","new construction","okres Martin",Priekopa,premium,55.82,3443.19,3443.19,0.0000,1,2
Juucm8blLMb,"FINREA - ak vám záleží na výsledku",house,"medium house","partially renovated","okres Turčianske Teplice","Slovenské Pravno",cheap,-31.14,1944.44,1531.11,0.2700,2,3
JuDIjw5Cu2m,"FINREA - ak vám záleží na výsledku",house,"medium house","partially renovated","okres Turčianske Teplice","Slovenské Pravno",cheap,-31.14,1655.56,1531.11,0.0813,2,3
JuVQBJSx5aQ,"FINREA - ak vám záleží na výsledku",house,"medium house",unrenovated,"okres Martin","Karvaša a Bláhovca",average,-11.99,1399.99,1399.99,0.0000,1,2
JudaRDHzHMh,"FINREA - ak vám záleží na výsledku",house,"medium house",unrenovated,"okres Turčianske Teplice",Blažovce,premium,60.95,1650.00,1650.00,0.0000,1,1
JuSvmhJEqG1,"FINREA - ak vám záleží na výsledku",land,"medium plot",NULL,"okres Martin","Karvaša a Bláhovca",average,-11.99,60.00,131.58,-0.5440,1,7
Juc86BqO6w7,"FINREA - ak vám záleží na výsledku",house,"small house","fully renovated","okres Turčianske Teplice","Horná Štubňa",cheap,-30.38,1000.00,1000.00,0.0000,1,1
JuNzCNAc9Wz,"FINREA - ak vám záleží na výsledku",house,"small house","new construction","okres Dolný Kubín",Zázrivá,average,-13.12,4191.18,4191.18,0.0000,1,1
Jun5lwMOykP,"FINREA - ak vám záleží na výsledku",house,"small house","partially renovated","okres Dolný Kubín",Istebné,premium,42.69,1801.39,1801.39,0.0000,1,1
JujjP_MAirA,"FINREA - ak vám záleží na výsledku",house,"small house","partially renovated","okres Dolný Kubín",Mokraď,premium,65.60,3312.50,3312.50,0.0000,1,1
JuoQejBMBhm,"FINREA - ak vám záleží na výsledku",land,"small plot",NULL,"okres Martin",Priekopa,premium,55.82,NULL,NULL,NULL,1,3
JuI1xGqBjgz,"FINREA - ak vám záleží na výsledku",land,"small plot",NULL,"okres Martin",Turany,cheap,-32.68,104.90,108.13,-0.0299,1,3
JuUveEvLKHX,"FINREA - ak vám záleží na výsledku",apartment,"studio apartment","partially renovated","okres Martin",NULL,NULL,NULL,3750.00,3750.00,0.0000,1,1
Juhppb1YIBH,"FISCHER & PARTNERS, s.r.o.",apartment,"2-room apartment","fully renovated","okres Ružomberok",Hrabovo,average,-7.51,2962.96,2962.96,0.0000,1,1
Jul9YtuXJRu,"FISCHER & PARTNERS, s.r.o.",house,"large house","new construction","okres Ružomberok",Baničné,cheap,-17.01,1582.22,1582.22,0.0000,1,1
Jut7QcdjJY5,"FISCHER & PARTNERS, s.r.o.",house,"large house",unrenovated,"okres Ružomberok","Liptovský Michal",expensive,5.79,1370.00,1370.00,0.0000,1,1
JuVPG71X4Wz,"FISCHER & PARTNERS, s.r.o.",land,"medium plot",NULL,"okres Ružomberok",Baničné,cheap,-17.01,85.00,85.00,0.0000,1,1
JueQzTcIDeQ,"FISCHER & PARTNERS, s.r.o.",house,"small house","new construction","okres Ružomberok",Baničné,cheap,-17.01,3333.33,3333.33,0.0000,1,1
JuZBjxQ80zt,"FISCHER & PARTNERS, s.r.o.",house,"small house","new construction","okres Ružomberok","Pod Skalami",average,-10.09,1833.33,1833.33,0.0000,1,1
Ju40F3aMhkE,"FISCHER & PARTNERS, s.r.o.",land,"small plot",NULL,"okres Ružomberok",Baničné,cheap,-17.01,120.00,120.00,0.0000,1,1
Ju23LHSYosl,G-REAL,apartment,"1-room apartment","new construction","okres Liptovský Mikuláš","Demänovská Dolina",premium,84.23,4778.16,6086.40,-0.2149,1,2
JuviN4c9fMi,G-REAL,apartment,"2-room apartment","new construction","okres Liptovský Mikuláš",Demänová,premium,36.87,3444.44,4202.04,-0.1803,2,4
JuupBH8LvJz,G-REAL,apartment,"2-room apartment","new construction","okres Liptovský Mikuláš",Demänová,premium,36.87,4018.87,4202.04,-0.0436,2,4
JugCrJ6aqt6,G-REAL,apartment,"2-room apartment","new construction","okres Liptovský Mikuláš","Demänovská Dolina",premium,84.23,4698.58,5274.89,-0.1093,2,6
JuIYGEaJFQ7,G-REAL,apartment,"2-room apartment","new construction","okres Liptovský Mikuláš","Demänovská Dolina",premium,84.23,4500.00,5274.89,-0.1469,2,6
JuRdtZI3MuC,G-REAL,apartment,"2-room apartment","new construction","okres Liptovský Mikuláš",Ľubeľa,average,-7.59,NULL,2180.00,NULL,1,2
JuniaoRdvqE,G-REAL,apartment,"2-room apartment","new construction","okres Liptovský Mikuláš","Staré mesto",average,1.93,3869.05,3192.75,0.2118,2,6
JuU5AQijDSV,G-REAL,apartment,"2-room apartment","new construction","okres Liptovský Mikuláš","Staré mesto",average,1.93,3937.73,3192.75,0.2333,2,6
JuiQqoYVioM,G-REAL,apartment,"2-room apartment","under construction","okres Liptovský Mikuláš",Ľubeľa,average,-7.59,2168.29,2168.29,0.0000,1,1
JugFcThrxWKY,G-REAL,apartment,"3-room apartment","new construction","okres Liptovský Mikuláš",Ľubeľa,average,-7.59,NULL,NULL,NULL,1,1
Ju-fM3SCXjma,G-REAL,apartment,"3-room apartment","new construction","okres Liptovský Mikuláš","Staré mesto",average,1.93,4030.92,4030.92,0.0000,1,2
JuA1hP6Bd3t,G-REAL,apartment,"4-room apartment","fully renovated","okres Liptovský Mikuláš",Demänová,premium,36.87,3334.75,3718.22,-0.1031,1,2
JufaT9ciPca,G-REAL,land,"small plot",NULL,"okres Liptovský Mikuláš",Ľubeľa,average,-7.59,NULL,NULL,NULL,1,1
Ju_JHpt6_hD,G-REAL,apartment,"studio apartment","new construction","okres Liptovský Mikuláš","Demänovská Dolina",premium,84.23,4239.95,4239.95,0.0000,1,1
JuvjDSTvTKy,"GAMA Reality, s.r.o.",apartment,"2-room apartment","fully renovated","okres Bytča","Veľké Rovné",average,-9.95,3000.00,3000.00,0.0000,1,1
Ju3z3M9TPDa,"GAMA Reality, s.r.o.",apartment,"2-room apartment","new construction","okres Žilina",Závodie,expensive,15.24,3019.23,3181.27,-0.0509,1,3
JuzAGRifcCv,"GAMA Reality, s.r.o.",house,"large house","new construction","okres Čadca",Stred,average,-13.67,1395.00,1689.44,-0.1743,1,2
Jur0-m7ixLR,"GAMA Reality, s.r.o.",land,"large plot",NULL,"okres Žilina",Divina,expensive,16.28,NULL,105.00,NULL,1,2
JufLDox5EGX,"GAMA Reality, s.r.o.",land,"medium plot",NULL,"okres Bytča",Hvozdnica,"very cheap",-57.38,73.00,73.00,0.0000,1,1
JuTc88Wux9w,"GARANT REALITY",apartment,"2-room apartment","fully renovated","okres Ružomberok",Polík,cheap,-38.28,2017.86,2080.36,-0.0300,1,2
JuR1WqY3g_N,"Georgi Conev",apartment,"2-room apartment","fully renovated","okres Žilina",Hliny,expensive,11.48,2908.91,2889.58,0.0067,1,3
JuJjPVMhkUw,"Georgi Conev",house,"large house","new construction","okres Martin",Priekopa,premium,55.82,1439.96,1439.96,0.0000,1,1
JuqnxCpkC06,"Georgi Conev",house,"medium house","new construction","okres Dolný Kubín","Oravská Poruba",average,-1.71,2361.33,2361.33,0.0000,1,1
JuFqa8ebzxy,"Georgi Conev",house,"medium house","new construction","okres Žilina",Terchová,expensive,17.29,2362.95,2362.95,0.0000,1,2
Jur-h57QXWc,"Georgi Conev",land,"medium plot",NULL,"okres Žilina",Budatín,premium,51.29,178.30,280.98,-0.3654,1,10
JuHEexV-ME8,"Georgi Conev",land,"medium plot",NULL,"okres Žilina",Višňové,expensive,22.64,172.25,216.09,-0.2029,1,4
JuqfHhV7H4_,"Georgi Conev",land,"small plot",NULL,"okres Žilina",Lietava,cheap,-29.52,95.65,95.65,0.0000,1,1
Ju3rTqNsM-F,"GERT , s.r.o.",house,NULL,"partially renovated","okres Liptovský Mikuláš","Staré mesto",average,1.93,NULL,NULL,NULL,1,1
JuqqisVRKbE,"GERT , s.r.o.",apartment,"3-room apartment","partially renovated","okres Liptovský Mikuláš","Staré mesto",average,1.93,NULL,2050.07,NULL,1,4
Ju3teAVBtOxF,"GERT , s.r.o.",land,"extra large plot",NULL,"okres Liptovský Mikuláš",Beňadiková,average,-11.64,NULL,27.50,NULL,1,3
JunEHNrbeFP,"GERT , s.r.o.",apartment,"holiday apartment","fully renovated","okres Liptovský Mikuláš","Liptovský Ján",expensive,5.21,3330.95,3384.78,-0.0159,1,2
JuHkAYV6JoA,"GERT , s.r.o.",house,"large house","partially renovated","okres Liptovský Mikuláš",Bobrovec,cheap,-15.72,1353.57,1353.57,0.0000,1,1
JuJYdMwBoGD,"GERT , s.r.o.",house,"large house",unrenovated,"okres Liptovský Mikuláš",Dovalovo,expensive,11.69,NULL,NULL,NULL,1,1
Juws22--sLM,"GERT , s.r.o.",house,"medium house","partially renovated","okres Liptovský Mikuláš","Liptovský Trnovec",expensive,19.86,1860.00,1546.67,0.2026,1,2
JuwTH_LMEMX,"GERT , s.r.o.",land,"small plot",NULL,"okres Liptovský Mikuláš","Liptovské Kľačany",expensive,8.20,NULL,101.33,NULL,1,3
JucYnfxB91V,"Good Reality s.r.o.",house,"small house","new construction","okres Ružomberok","Liptovské Sliače",average,-7.12,2090.91,2044.55,0.0227,1,2
Ju9y0Y4mbAj,"GRAVITAS a. s.",apartment,"3-room apartment","fully renovated","okres Martin","Horné Vrútky",average,-10.79,NULL,2079.02,NULL,1,5
JufxA_4siD5,"GRAVITAS a. s.",house,"large house",unrenovated,"okres Námestovo","Slanická Osada",premium,35.48,1388.89,1388.89,0.0000,1,2
Ju9QSsEf9gw,"GRAVITAS a. s.",land,"medium plot",NULL,"okres Dolný Kubín",Párnica,average,-14.71,NULL,131.46,NULL,1,3
Ju5eub1EsyB,"Gro & Partners",apartment,"3-room apartment","new construction","okres Žilina",Bôrik,premium,61.54,NULL,3711.04,NULL,1,4
JuU0HWFwzX3,"Gro & Partners",house,"large house",unrenovated,"okres Žilina",Bytčica,expensive,18.76,2333.33,2333.33,0.0000,1,1
Ju43uV08_mz,"Gro & Partners",house,"medium house","new construction","okres Žilina",Bitarová,expensive,9.02,NULL,2436.65,NULL,1,13
JuEl39vdmi7,"Gro & Partners",land,"medium plot",NULL,"okres Žilina","Kotrčiná Lúčka",cheap,-18.94,93.44,95.72,-0.0238,1,5
JuAjD-DNY5d,"Gro & Partners",apartment,"studio apartment","fully renovated","okres Žilina",Vlčince,premium,39.03,5428.57,5452.27,-0.0043,1,2
Ju5uqi4FeNX,"HALO reality, s.r.o.",house,NULL,"fully renovated","okres Liptovský Mikuláš","Liptovský Ján",expensive,5.21,NULL,NULL,NULL,1,1
JulOG-brCZ9,"HALO reality, s.r.o.",house,NULL,"new construction","okres Liptovský Mikuláš",Dovalovo,expensive,11.69,NULL,NULL,NULL,1,1
JuuYuhMI403,"HALO reality, s.r.o.",house,NULL,"partially renovated","okres Liptovský Mikuláš",Dovalovo,expensive,11.69,NULL,NULL,NULL,2,2
JucEPDkzxLE,"HALO reality, s.r.o.",house,NULL,"partially renovated","okres Liptovský Mikuláš",Dovalovo,expensive,11.69,NULL,NULL,NULL,2,2
Juay0YLi6eq,"HALO reality, s.r.o.",house,NULL,"partially renovated","okres Liptovský Mikuláš",Huty,NULL,NULL,NULL,NULL,NULL,1,1
JuEnivfsQqG,"HALO reality, s.r.o.",house,NULL,"partially renovated","okres Turčianske Teplice","Horná Štubňa",cheap,-30.38,NULL,NULL,NULL,1,1
JuRmVJrYF51,"HALO reality, s.r.o.",house,NULL,"partially renovated","okres Žilina",Rajec,average,-11.29,NULL,NULL,NULL,1,1
JuQiG2ih2SK,"HALO reality, s.r.o.",house,NULL,unrenovated,"okres Liptovský Mikuláš",Demänová,premium,36.87,NULL,NULL,NULL,1,1
Ju-2w5wgukg,"HALO reality, s.r.o.",house,NULL,unrenovated,"okres Liptovský Mikuláš","Partizánska Ľupča",cheap,-18.55,NULL,NULL,NULL,1,1
JuXWfmmUD8x,"HALO reality, s.r.o.",house,NULL,unrenovated,"okres Ružomberok","Liptovská Lúžna","very cheap",-42.53,NULL,NULL,NULL,1,1
JuHnEHB35K0,"HALO reality, s.r.o.",house,NULL,unrenovated,"okres Žilina",Terchová,expensive,17.29,NULL,NULL,NULL,1,1
JuOs2hhR_fq,"HALO reality, s.r.o.",apartment,"1-room apartment","fully renovated","okres Liptovský Mikuláš","Liptovská Mara - Tatralandia",expensive,25.63,3348.21,3348.21,0.0000,1,1
Ju7k48dIljM,"HALO reality, s.r.o.",apartment,"2-room apartment","fully renovated","okres Liptovský Mikuláš","Staré mesto",average,1.93,2292.31,2172.50,0.0551,2,9
JudGtDjR-sv,"HALO reality, s.r.o.",apartment,"2-room apartment","fully renovated","okres Liptovský Mikuláš","Staré mesto",average,1.93,2075.95,2172.50,-0.0444,2,9
JuKlHRPhAEF,"HALO reality, s.r.o.",apartment,"2-room apartment","fully renovated","okres Martin","Horné Vrútky",average,-10.79,2592.98,2592.98,0.0000,1,2
JurHWDFucoi,"HALO reality, s.r.o.",apartment,"2-room apartment","new construction","okres Liptovský Mikuláš",Stošice,average,-2.48,3287.23,3287.23,0.0000,1,1
Juqh8kAz6Ws,"HALO reality, s.r.o.",apartment,"2-room apartment","partially renovated","okres Liptovský Mikuláš",Dúbrava,average,0.11,1317.68,1317.68,0.0000,1,1
JuXUHfW6DDJ,"HALO reality, s.r.o.",apartment,"2-room apartment","partially renovated","okres Liptovský Mikuláš",Prekážka,average,-4.07,2420.00,2420.00,0.0000,1,1
JuXGzvpMBBm,"HALO reality, s.r.o.",apartment,"2-room apartment","partially renovated","okres Liptovský Mikuláš","Vrbica - Nábrežie",average,1.84,2000.00,2439.33,-0.1801,1,3
JuFxU-EPo7k,"HALO reality, s.r.o.",apartment,"3-room apartment","partially renovated","okres Liptovský Mikuláš","Liptovská Porúbka",cheap,-37.00,1488.10,1488.10,0.0000,1,1
JuuVvHxxC-m,"HALO reality, s.r.o.",apartment,"3-room apartment","partially renovated","okres Liptovský Mikuláš",Podbreziny,expensive,13.11,2150.00,2326.61,-0.0759,3,4
JuH61G00WWP,"HALO reality, s.r.o.",apartment,"3-room apartment","partially renovated","okres Liptovský Mikuláš",Podbreziny,expensive,13.11,2026.03,2326.61,-0.1292,3,4
Ju9zHP-4dng,"HALO reality, s.r.o.",apartment,"3-room apartment","partially renovated","okres Liptovský Mikuláš",Podbreziny,expensive,13.11,2868.85,2326.61,0.2331,3,4
JuU9JEZLTwi,"HALO reality, s.r.o.",apartment,"3-room apartment","partially renovated","okres Turčianske Teplice",Turček,cheap,-37.71,955.56,955.56,0.0000,1,1
JuDoLB83xqT,"HALO reality, s.r.o.",apartment,"3-room apartment",unrenovated,"okres Liptovský Mikuláš",Malužiná,"very cheap",-42.72,1088.46,1088.46,0.0000,1,1
JuSTaf-asxr,"HALO reality, s.r.o.",apartment,"3-room apartment",unrenovated,"okres Liptovský Mikuláš",Prekážka,average,-4.07,2129.51,2129.51,0.0000,1,1
Ju8oShU9enl,"HALO reality, s.r.o.",apartment,"4-room apartment","partially renovated","okres Bytča","Veľká Bytča",expensive,8.56,1903.57,1903.57,0.0000,1,1
JuzIKTQ0UvK,"HALO reality, s.r.o.",apartment,"4-room apartment","partially renovated","okres Liptovský Mikuláš",Belánska,average,-13.38,2022.62,1758.93,0.1499,1,2
Ju5L-boRlBV,"HALO reality, s.r.o.",land,"extra large plot",NULL,"okres Čadca",Podvysoká,"very cheap",-44.37,50.00,50.00,0.0000,1,1
JuVw0hmTAno,"HALO reality, s.r.o.",land,"extra large plot",NULL,"okres Liptovský Mikuláš",Gôtovany,average,-5.33,49.00,49.00,0.0000,1,1
Jud5gsaD9sR,"HALO reality, s.r.o.",house,"large house","partially renovated","okres Žilina",Krasňany,expensive,28.02,1355.36,1355.36,0.0000,1,1
Ju9fCSXKuI8,"HALO reality, s.r.o.",house,"large house",unrenovated,"okres Liptovský Mikuláš",Važec,cheap,-35.75,749.50,782.81,-0.0426,2,2
JupleqZX_5c,"HALO reality, s.r.o.",house,"large house",unrenovated,"okres Liptovský Mikuláš",Važec,cheap,-35.75,816.11,782.81,0.0425,2,2
JuHRIMSYVCE4,"HALO reality, s.r.o.",land,"large plot",NULL,"okres Turčianske Teplice",Brieštie,"very cheap",-55.66,25.00,25.00,0.0000,1,1
Juec3rJbHzE,"HALO reality, s.r.o.",house,"medium house","new construction","okres Liptovský Mikuláš","Liptovská Sielnica",average,-3.52,3134.92,2710.32,0.1567,1,2
Ju-n3HBlCLs,"HALO reality, s.r.o.",house,"medium house","new construction","okres Liptovský Mikuláš","Liptovský Trnovec",expensive,19.86,4990.57,4990.57,0.0000,1,1
JuucJQK8h5P,"HALO reality, s.r.o.",house,"medium house","partially renovated","okres Liptovský Mikuláš","Nižná Boca","very cheap",-60.53,566.67,566.67,0.0000,1,1
JuFiX3Sq3vG,"HALO reality, s.r.o.",house,"medium house","partially renovated","okres Liptovský Mikuláš",Važec,cheap,-35.75,998.52,996.78,0.0017,1,3
JuwmzGWznze,"HALO reality, s.r.o.",house,"medium house","under construction","okres Liptovský Mikuláš",Dúbrava,average,0.11,2098.95,2098.95,0.0000,1,1
JuUMimgiwBf,"HALO reality, s.r.o.",house,"medium house",unrenovated,"okres Kysucké Nové Mesto","Budatínska Lehota",expensive,13.88,1230.00,1342.28,-0.0836,1,2
JuIrw7O-EJl,"HALO reality, s.r.o.",land,"medium plot",NULL,"okres Liptovský Mikuláš",Malatíny,expensive,6.78,90.00,109.06,-0.1748,1,2
JuNDmq9QqWV,"HALO reality, s.r.o.",land,"medium plot",NULL,"okres Liptovský Mikuláš",Východná,cheap,-25.31,173.41,173.41,0.0000,1,1
JufxtZp_N5P,"HALO reality, s.r.o.",land,"medium plot",NULL,"okres Liptovský Mikuláš","Závažná Poruba",average,-6.90,112.71,112.71,0.0000,1,1
Ju0yrLUSkjq,"HALO reality, s.r.o.",land,"small plot",NULL,"okres Žilina","Nezbudská Lúčka",premium,46.16,140.24,140.24,0.0000,1,1
JuRvKY-BDAM,"HALO reality, s.r.o.",apartment,"studio apartment","partially renovated","okres Liptovský Mikuláš","Liptovská Porúbka",cheap,-37.00,1439.39,1439.39,0.0000,1,1
Jux3fZyBY08,"HD reality group s.r.o",apartment,"2-room apartment","fully renovated","okres Martin",Sever,average,-7.71,NULL,2186.28,NULL,1,6
JuUcmtKJgcX,"HD reality group s.r.o",apartment,"2-room apartment","fully renovated","okres Žilina","Staré mesto",expensive,25.24,NULL,2789.29,NULL,1,15
JuiS9BjPEIo,"HD reality group s.r.o",apartment,"2-room apartment","new construction","okres Liptovský Mikuláš","Demänovská Dolina",premium,84.23,4841.71,5274.89,-0.0821,1,6
Jug8bqAUxzc,"HD reality group s.r.o",apartment,"2-room apartment","partially renovated","okres Liptovský Mikuláš","Vrbica - Nábrežie",average,1.84,2658.00,2439.33,0.0896,1,3
Juq7WGTR85M,"HD reality group s.r.o",apartment,"2-room apartment","partially renovated","okres Tvrdošín",Trstená,average,-10.23,1984.00,1992.00,-0.0040,1,2
JugoHMXehPQ,"HD reality group s.r.o",apartment,"2-room apartment",unrenovated,"okres Dolný Kubín",Brezovec,average,-1.33,1566.67,2106.43,-0.2562,1,3
JusEglMU0v8,"HD reality group s.r.o",apartment,"3-room apartment",unrenovated,"okres Martin",Jahodníky,expensive,9.68,2013.04,1887.36,0.0666,1,4
JueVCjlarhT,"HD reality group s.r.o",apartment,"3-room apartment",unrenovated,"okres Tvrdošín",Nižná,cheap,-23.39,NULL,NULL,NULL,1,1
Jurqon-UYJo,"HD reality group s.r.o",house,"medium house","fully renovated","okres Liptovský Mikuláš","Liptovská Porúbka",cheap,-37.00,1564.89,1564.89,0.0000,1,2
Jupwy58HyS3,"HD reality group s.r.o",house,"medium house","new construction","okres Liptovský Mikuláš","Liptovské Kľačany",expensive,8.20,1991.67,2156.03,-0.0762,1,2
Ju4qLAERlSe,"HERRYS s.r.o.",house,"extra large house","new construction","okres Turčianske Teplice",Sklené,average,-12.01,5812.22,5812.22,0.0000,1,1
JunH7oZsc9z,"HMS Services, a. s.",apartment,"1-room apartment","new construction","okres Žilina",Vlčince,premium,39.03,3233.98,3233.98,0.0000,1,2
Ju0Ee02A6Iy,"HMS Services, a. s.",apartment,"2-room apartment","new construction","okres Žilina",Vlčince,premium,39.03,3514.10,3595.46,-0.0226,1,10
JuluCbW3ZHE,"HMS Services, a. s.",apartment,"3-room apartment","new construction","okres Žilina",Vlčince,premium,39.03,3357.08,3177.28,0.0566,1,11
JuJZPVcldrZ,"HMS Services, a. s.",apartment,"4-room apartment","new construction","okres Žilina",Vlčince,premium,39.03,3143.08,3105.33,0.0122,1,6
JuFqSi2fYOk,"HOLESTIAK.sk reality s.r.o.",apartment,"2-room apartment","fully renovated","okres Kysucké Nové Mesto",Nábrežie,average,-6.43,2398.11,2398.11,0.0000,1,1
JuymkoAFG_6,"HOLESTIAK.sk reality s.r.o.",apartment,"2-room apartment",unrenovated,"okres Kysucké Nové Mesto",Sídlisko,average,-3.57,2170.00,2111.79,0.0276,1,2
Ju2kIhSkruG,"HOLESTIAK.sk reality s.r.o.",house,"extra large house","partially renovated","okres Kysucké Nové Mesto",Nesluša,"very cheap",-42.15,722.58,722.58,0.0000,1,1
Ju3CARY9OXA,"HOLESTIAK.sk reality s.r.o.",house,"large house","partially renovated","okres Čadca",Centrum,cheap,-15.46,1740.48,1740.48,0.0000,1,1
JuiBk9pN0nv,"HOLESTIAK.sk reality s.r.o.",house,"large house","partially renovated","okres Čadca",Milošová,cheap,-29.40,718.18,718.18,0.0000,1,1
Ju14mSBpDUx,"HOLESTIAK.sk reality s.r.o.",house,"large house","partially renovated","okres Čadca",Oščadnica,cheap,-22.04,835.00,820.28,0.0179,1,3
Juh02qpId7f,"HOLESTIAK.sk reality s.r.o.",house,"large house","partially renovated","okres Čadca",Rieka,cheap,-35.46,861.11,861.11,0.0000,1,2
JuzvCto22Um,"HOLESTIAK.sk reality s.r.o.",house,"large house","partially renovated","okres Kysucké Nové Mesto",Suľkov,average,-9.76,1146.45,1146.45,0.0000,1,1
JuM-6ImZqgg,"HOLESTIAK.sk reality s.r.o.",house,"large house",unrenovated,"okres Čadca",Centrum,cheap,-15.46,1357.58,1357.58,0.0000,1,1
Ju5GSMP-mjz,"HOLESTIAK.sk reality s.r.o.",house,"large house",unrenovated,"okres Čadca",Horelica,cheap,-25.19,804.76,866.08,-0.0708,2,3
Ju23oRXuRNw,"HOLESTIAK.sk reality s.r.o.",house,"large house",unrenovated,"okres Čadca",Horelica,cheap,-25.19,836.96,866.08,-0.0336,2,3
JuCbUaiZ-t8,"HOLESTIAK.sk reality s.r.o.",house,"large house",unrenovated,"okres Čadca",Skalité,cheap,-35.97,204.44,204.44,0.0000,1,1
JuWqGCp2oW6,"HOLESTIAK.sk reality s.r.o.",house,"large house",unrenovated,"okres Čadca",Svrčinovec,"very cheap",-51.62,475.24,475.24,0.0000,1,1
Ju9NWPjsyPl,"HOLESTIAK.sk reality s.r.o.",house,"large house",unrenovated,"okres Čadca",Zákopčie,cheap,-18.02,1960.75,1282.50,0.5288,1,3
JulK1E26g9e,"HOLESTIAK.sk reality s.r.o.",land,"large plot",NULL,"okres Čadca",Klokočov,"very cheap",-42.36,21.11,21.11,0.0000,1,1
Jux6EDO87ml,"HOLESTIAK.sk reality s.r.o.",land,"large plot",NULL,"okres Kysucké Nové Mesto",Suľkov,average,-9.76,98.00,98.00,0.0000,1,1
JuNXUaLV7F5,"HOLESTIAK.sk reality s.r.o.",house,"medium house","new construction","okres Čadca",Kyzkovci,average,-3.02,2050.43,2050.43,0.0000,1,1
JuyGuuau4bp,"HOLESTIAK.sk reality s.r.o.",house,"medium house","new construction","okres Čadca",Skalité,cheap,-35.97,2213.57,2213.57,0.0000,1,1
JuJsyjovPfc,"HOLESTIAK.sk reality s.r.o.",house,"medium house","partially renovated","okres Čadca","Dlhá nad Kysucou","very cheap",-42.11,1055.56,1055.56,0.0000,1,1
Jui5kD-W6hC,"HOLESTIAK.sk reality s.r.o.",house,"medium house","partially renovated","okres Čadca",Stred,average,-13.67,960.40,960.40,0.0000,1,1
JuoK79RAO1k,"HOLESTIAK.sk reality s.r.o.",house,"medium house",unrenovated,"okres Čadca",Horelica,cheap,-25.19,1254.55,1254.55,0.0000,1,1
JugQaDVNZYB,"HOLESTIAK.sk reality s.r.o.",house,"medium house",unrenovated,"okres Čadca",Oščadnica,cheap,-22.04,681.82,681.82,0.0000,1,1
Ju5OGHyG1_Y,"HOLESTIAK.sk reality s.r.o.",land,"medium plot",NULL,"okres Čadca",Raková,cheap,-22.06,61.59,74.40,-0.1722,1,7
Ju3lYLQgij-,"HOLESTIAK.sk reality s.r.o.",land,"medium plot",NULL,"okres Čadca",Rieka,cheap,-35.46,104.00,104.00,0.0000,1,1
JuvZDfX9h0j,"HOLESTIAK.sk reality s.r.o.",land,"medium plot",NULL,"okres Čadca",Staškov,cheap,-22.98,82.00,54.13,0.5149,1,5
Ju93D7kxk57,"HOLESTIAK.sk reality s.r.o.",land,"medium plot",NULL,"okres Čadca",Stred,average,-13.67,122.00,122.00,0.0000,1,1
Ju8TvPJCfAu,"HOLESTIAK.sk reality s.r.o.",land,"medium plot",NULL,"okres Žilina",Terchová,expensive,17.29,135.80,164.21,-0.1730,1,7
Juyxeic3AFZ,"HOLESTIAK.sk reality s.r.o.",house,"small house","partially renovated","okres Čadca",Hlinené,"very cheap",-48.50,933.33,933.33,0.0000,1,1
JuUtFPHm2FJ,"HOLESTIAK.sk reality s.r.o.",house,"small house",unrenovated,"okres Čadca",Skalité,cheap,-35.97,1325.00,1325.00,0.0000,1,1
JuHTrpBIwLH,"HOLESTIAK.sk reality s.r.o.",house,"small house",unrenovated,"okres Čadca","Zborov nad Bystricou","very cheap",-48.56,656.00,656.00,0.0000,1,1
JuYxVfR__Nx,"HOLESTIAK.sk reality s.r.o.",land,"small plot",NULL,"okres Čadca",Oščadnica,cheap,-22.04,55.45,89.80,-0.3825,1,8
JufmowlUURT,"HOLESTIAK.sk reality s.r.o.",land,"small plot",NULL,"okres Čadca",Skalité,cheap,-35.97,78.00,78.89,-0.0113,1,9
Juaxt90u-z9,"House Real Žilina",apartment,"4-room apartment","fully renovated","okres Bytča","Hliník nad Váhom",expensive,6.88,1688.35,1688.35,0.0000,1,1
JuxrV_XvqkB,"House Real Žilina",land,"large plot",NULL,"okres Žilina",Ovčiarsko,average,-2.35,60.19,129.94,-0.5368,1,6
JuQ010q_mPp,"House Real Žilina",apartment,"studio apartment","fully renovated","okres Žilina",Hliny,expensive,11.48,4719.60,4719.60,0.0000,1,1
JuDIbuwkSMQ,"Hulka REAL Plus s.r.o.",land,"large plot",NULL,"okres Ružomberok",Hrabovo,average,-7.51,79.11,79.11,0.0000,1,1
JuIV5E-BtYf,"IDEÁLNE BÝVANIE, s.r.o.",apartment,"3-room apartment","new construction","okres Turčianske Teplice",Stred,cheap,-16.60,2186.49,2186.49,0.0000,1,1
JuHloqFiiMy,"IDEÁLNE BÝVANIE, s.r.o.",house,"medium house","new construction","okres Bytča","Veľké Rovné",average,-9.95,2281.65,2281.65,0.0000,1,1
Juxivp9KfQ0,"IDEÁLNE BÝVANIE, s.r.o.",house,"medium house","new construction","okres Žilina",Rosina,expensive,26.83,3250.73,3597.86,-0.0965,1,3
JuM4P4vy0RV,"IDEÁLNE BÝVANIE, s.r.o.",house,"medium house","new construction","okres Žilina","Žilinská Lehota",premium,36.32,1743.21,2010.24,-0.1328,1,2
Ju9A78TekYt,"IDEÁLNE BÝVANIE, s.r.o.",land,"medium plot",NULL,"okres Bytča","Veľké Rovné",average,-9.95,61.82,47.29,0.3073,1,3
JuFv7NTgqug,"Ing. Gerlinda Bérešová - Esti",apartment,"holiday apartment","fully renovated","okres Čadca",Makov,"very cheap",-43.27,1652.17,1641.28,0.0066,2,2
Ju300FaVEg0,"Ing. Gerlinda Bérešová - Esti",apartment,"holiday apartment","fully renovated","okres Čadca",Makov,"very cheap",-43.27,1630.38,1641.28,-0.0066,2,2
JubZoYrfSp9,"Ing. Gerlinda Bérešová - Esti",house,"large house","new construction","okres Žilina",Bánová,average,-7.70,2771.60,2771.60,0.0000,1,1
JuNKxzZQlzf,"Ing. Gerlinda Bérešová - Esti",house,"large house","partially renovated","okres Žilina",Višňové,expensive,22.64,1325.00,1149.41,0.1528,1,2
JusMGCS4uqf,"Ing. Gerlinda Bérešová - Esti",land,"medium plot",NULL,"okres Žilina",Stránske,expensive,16.12,91.04,105.76,-0.1392,2,4
Ju2dDwgittj,"Ing. Gerlinda Bérešová - Esti",land,"medium plot",NULL,"okres Žilina",Stránske,expensive,16.12,92.54,105.76,-0.1250,2,4
Ju6v5X2xr8N,"Ing. Gerlinda Bérešová - Esti",land,"medium plot",NULL,"okres Žilina",Turie,premium,42.68,85.00,85.00,0.0000,1,1
JuAINHKEpb9,"Ing. Gerlinda Bérešová - Esti",land,"small plot",NULL,"okres Žilina",Trnové,premium,40.34,241.67,296.78,-0.1857,1,6
JuVDUmXCC0b,"Ing. Jaroslav Minár JAVAS",house,NULL,"partially renovated","okres Liptovský Mikuláš","Liptovský Trnovec",expensive,19.86,NULL,NULL,NULL,1,1
Ju6pyYBIZG6,"Ing. Jaroslav Minár JAVAS",house,"medium house","under construction","okres Liptovský Mikuláš",Prosiek,average,-5.17,NULL,NULL,NULL,1,1
JuxXBGk_4Zo,"Ing. Marcela Pišteková",apartment,"1-room apartment","partially renovated","okres Čadca",Stred,average,-13.67,NULL,NULL,NULL,1,1
Juady9vqBv8,"Ing. Marcela Pišteková",house,"extra large house","new construction","okres Čadca",Klokočov,"very cheap",-42.36,851.43,851.43,0.0000,1,1
JudSeGPXKHG,"Ing. Marcela Pišteková",house,"large house","fully renovated","okres Čadca","Vysoká nad Kysucou","very cheap",-45.14,1056.25,1056.25,0.0000,1,1
JuHEeYDAKYc,"Ing. Marcela Pišteková",house,"large house",unrenovated,"okres Čadca",Zákopčie,cheap,-18.02,475.00,1282.50,-0.6296,1,3
JuEkXTiy4W0,"Ing. Marcela Pišteková",house,"medium house","fully renovated","okres Čadca",Predmier,"very cheap",-42.95,1545.45,1545.45,0.0000,1,1
JuxEotSi75n,"Ing. Marcela Pišteková",house,"medium house","new construction","okres Čadca",Makov,"very cheap",-43.27,1409.09,1695.54,-0.1689,1,2
JuCQvl5wSHc,"Ing. Marcela Pišteková",house,"medium house","partially renovated","okres Čadca",Korňa,"very cheap",-45.15,607.69,607.69,0.0000,1,1
JuI-7Aiqe6M,"Ing. Marcela Pišteková",land,"small plot",NULL,"okres Čadca","Vysoká nad Kysucou","very cheap",-45.14,55.48,55.48,0.0000,1,1
JuIvQC1jBvw,"Ing.Tomáš Hudák",land,"small plot",NULL,"okres Turčianske Teplice",Turček,cheap,-37.71,53.11,53.11,0.0000,1,1
JuYVsYrHNhK,"Ing.Zuzana Paverová",apartment,"3-room apartment","partially renovated","okres Turčianske Teplice",Stred,cheap,-16.60,1814.29,1814.29,0.0000,1,3
JuAUIyCgthV,"Ing.Zuzana Paverová",house,"extra large house","fully renovated","okres Turčianske Teplice",Dubové,"very cheap",-41.69,784.85,784.85,0.0000,1,1
JufqC5RH_Te,"Ing.Zuzana Paverová",house,"large house","partially renovated","okres Turčianske Teplice",Stred,cheap,-16.60,990.00,990.00,0.0000,1,1
Ju4ExXlTo3S,"Ing.Zuzana Paverová",land,"large plot",NULL,"okres Martin",Necpaly,cheap,-25.27,50.00,76.00,-0.3421,1,2
JuU3IYp6uhY,"Ing.Zuzana Paverová",house,"medium house",unrenovated,"okres Martin","Dolné Vrútky",expensive,7.27,1839.08,1341.92,0.3705,1,3
JumEIr24W_g,"Ing.Zuzana Paverová",house,"medium house",unrenovated,"okres Turčianske Teplice","Slovenské Pravno",cheap,-31.14,890.00,890.00,0.0000,1,1
JuJOjhQbYoo,"Ing.Zuzana Paverová",land,"medium plot",NULL,"okres Turčianske Teplice","Turčiansky Michal",average,-11.08,71.00,70.01,0.0141,1,2
Juarr5O2upK,"Istrofinal, s. r. o.",apartment,"1-room apartment","under construction","okres Kysucké Nové Mesto",Kamence,average,-3.70,1420.21,1420.21,0.0000,1,1
Ju7dMBplPsC,"Istrofinal, s. r. o.",apartment,"2-room apartment","under construction","okres Kysucké Nové Mesto",Kamence,average,-3.70,3120.96,3120.96,0.0000,3,3
JuJjSbvP3y1,"Istrofinal, s. r. o.",apartment,"2-room apartment","under construction","okres Kysucké Nové Mesto",Kamence,average,-3.70,3120.96,3120.96,0.0000,3,3
JuvTw1ebtHj,"Istrofinal, s. r. o.",apartment,"2-room apartment","under construction","okres Kysucké Nové Mesto",Kamence,average,-3.70,3120.96,3120.96,0.0000,3,3
JuqHgAmAWwG,"Istrofinal, s. r. o.",apartment,"3-room apartment","under construction","okres Kysucké Nové Mesto",Kamence,average,-3.70,2965.36,2888.86,0.0265,6,6
JuNQHesGhEl,"Istrofinal, s. r. o.",apartment,"3-room apartment","under construction","okres Kysucké Nové Mesto",Kamence,average,-3.70,2860.64,2888.86,-0.0098,6,6
JuBjT8MmAiR,"Istrofinal, s. r. o.",apartment,"3-room apartment","under construction","okres Kysucké Nové Mesto",Kamence,average,-3.70,2874.81,2888.86,-0.0049,6,6
JuVk3AeemQd,"Istrofinal, s. r. o.",apartment,"3-room apartment","under construction","okres Kysucké Nové Mesto",Kamence,average,-3.70,2845.34,2888.86,-0.0151,6,6
Ju8vp_eBF_v,"Istrofinal, s. r. o.",apartment,"3-room apartment","under construction","okres Kysucké Nové Mesto",Kamence,average,-3.70,2845.34,2888.86,-0.0151,6,6
Ju-aCcpkFTl,"Istrofinal, s. r. o.",apartment,"3-room apartment","under construction","okres Kysucké Nové Mesto",Kamence,average,-3.70,2941.64,2888.86,0.0183,6,6
JubK5ISUXOm,"Istrofinal, s. r. o.",apartment,"4-room apartment","under construction","okres Kysucké Nové Mesto",Kamence,average,-3.70,2931.68,2844.57,0.0306,11,11
JuhY6PtUUUQ,"Istrofinal, s. r. o.",apartment,"4-room apartment","under construction","okres Kysucké Nové Mesto",Kamence,average,-3.70,2892.94,2844.57,0.0170,11,11
JuaWfCrgS3s,"Istrofinal, s. r. o.",apartment,"4-room apartment","under construction","okres Kysucké Nové Mesto",Kamence,average,-3.70,2742.57,2844.57,-0.0359,11,11
Juqt_RyaYSM,"Istrofinal, s. r. o.",apartment,"4-room apartment","under construction","okres Kysucké Nové Mesto",Kamence,average,-3.70,2832.33,2844.57,-0.0043,11,11
Ju5YBv9ykGI,"Istrofinal, s. r. o.",apartment,"4-room apartment","under construction","okres Kysucké Nové Mesto",Kamence,average,-3.70,2693.72,2844.57,-0.0530,11,11
Ju4DmwiiW-b,"Istrofinal, s. r. o.",apartment,"4-room apartment","under construction","okres Kysucké Nové Mesto",Kamence,average,-3.70,2815.49,2844.57,-0.0102,11,11
Ju7JTdVZY88,"Istrofinal, s. r. o.",apartment,"4-room apartment","under construction","okres Kysucké Nové Mesto",Kamence,average,-3.70,2892.94,2844.57,0.0170,11,11
JuiUg7kx_Xo,"Istrofinal, s. r. o.",apartment,"4-room apartment","under construction","okres Kysucké Nové Mesto",Kamence,average,-3.70,2832.33,2844.57,-0.0043,11,11
Ju6YQzBpIXw,"Istrofinal, s. r. o.",apartment,"4-room apartment","under construction","okres Kysucké Nové Mesto",Kamence,average,-3.70,2857.50,2844.57,0.0045,11,11
JuZdOmvD2ic,"Istrofinal, s. r. o.",apartment,"4-room apartment","under construction","okres Kysucké Nové Mesto",Kamence,average,-3.70,2892.94,2844.57,0.0170,11,11
JuU41-eIe2m,"Istrofinal, s. r. o.",apartment,"4-room apartment","under construction","okres Kysucké Nové Mesto",Kamence,average,-3.70,2905.85,2844.57,0.0215,11,11
Ju_8_vlnZwY,"IVANING, s. r. o.",house,NULL,"new construction","okres Ružomberok","Biely Potok","very cheap",-43.23,555.00,555.00,0.0000,1,1
JuKQcfqPzaF,"IVANING, s. r. o.",house,"medium house",unrenovated,"okres Ružomberok",Ľubochňa,expensive,18.96,1598.21,1598.21,0.0000,1,1
Ju88y75X0Gs,"IVANING, s. r. o.",house,"small house","new construction","okres Ružomberok","Biely Potok","very cheap",-43.23,899.67,899.67,0.0000,1,1
JuHfT6EkWLg,"J.M.H. s.r.o.",apartment,"2-room apartment","fully renovated","okres Liptovský Mikuláš","Vrbica - Nábrežie",average,1.84,3737.83,2879.10,0.2983,1,4
JuHNiSC8Wtj,"J.M.H. s.r.o.",apartment,"holiday apartment","new construction","okres Liptovský Mikuláš","Demänovská Dolina",premium,84.23,3878.05,5609.23,-0.3086,2,40
JuztOys4YDo,"J.M.H. s.r.o.",apartment,"holiday apartment","new construction","okres Liptovský Mikuláš","Demänovská Dolina",premium,84.23,5300.00,5609.23,-0.0551,2,40
JuT9LmGMkpW,jabyvam.sk,apartment,"holiday apartment","new construction","okres Liptovský Mikuláš",Demänová,premium,36.87,4540.91,4467.15,0.0165,2,15
JuKI6_CGWPh,jabyvam.sk,apartment,"holiday apartment","new construction","okres Liptovský Mikuláš",Demänová,premium,36.87,3996.00,4467.15,-0.1055,2,15
JuCQquJMobX,jabyvam.sk,house,"large house","fully renovated","okres Liptovský Mikuláš","Staré mesto",average,1.93,1344.79,1344.79,0.0000,1,1
Jugb1InFMah,jabyvam.sk,house,"large house","partially renovated","okres Liptovský Mikuláš",Okoličné,premium,36.01,2330.00,2330.00,0.0000,1,1
JuR8MtfJ_hy,jabyvam.sk,house,"large house","partially renovated","okres Ružomberok",Bešeňová,expensive,16.40,1034.14,1034.14,0.0000,1,1
JuRPbrRONba,jabyvam.sk,house,"large house","under construction","okres Liptovský Mikuláš","Veterná Poruba",average,-13.49,1595.18,1595.18,0.0000,1,1
JuiurmGxqdw,jabyvam.sk,house,"medium house","partially renovated","okres Liptovský Mikuláš",Galovany,premium,51.91,2081.82,2081.82,0.0000,1,1
JubJO0qS-zH,jabyvam.sk,house,"medium house","partially renovated","okres Liptovský Mikuláš",Ľubeľa,average,-7.59,1374.29,1430.00,-0.0390,1,2
Juk1Q-owy0o,jabyvam.sk,house,"medium house","partially renovated","okres Liptovský Mikuláš",Okoličné,premium,36.01,2079.90,2079.90,0.0000,1,1
Junzj9FwgBR,jabyvam.sk,house,"medium house","partially renovated","okres Liptovský Mikuláš",Važec,cheap,-35.75,1044.55,996.78,0.0479,1,3
JuvBlvKpVOg,jabyvam.sk,land,"medium plot",NULL,"okres Liptovský Mikuláš",Jamník,average,-4.62,96.61,104.49,-0.0754,1,6
Ju_JIspGy8j,jabyvam.sk,house,"small house","fully renovated","okres Liptovský Mikuláš","Staré mesto",average,1.93,NULL,NULL,NULL,1,1
Ju9WjpqJLA4,jabyvam.sk,house,"small house",unrenovated,"okres Liptovský Mikuláš","Liptovský Trnovec",expensive,19.86,1500.00,1500.00,0.0000,1,1
JuIvAW7ErKL,jabyvam.sk,house,"small house",unrenovated,"okres Liptovský Mikuláš","Vrbica - Nábrežie",average,1.84,3357.00,3357.00,0.0000,1,1
JupEyEEjkVM,"Jacek reality s. r. o.",apartment,"3-room apartment","fully renovated","okres Žilina",Vlčince,premium,39.03,2549.28,2883.51,-0.1159,1,6
JujhD3lGKSF,"JKV REAL",apartment,"2-room apartment","fully renovated","okres Žilina",Vlčince,premium,39.03,2544.78,2931.48,-0.1319,1,4
JuOobPaFHGD,"JKV REAL",apartment,"2-room apartment","new construction","okres Žilina",Kunerad,expensive,8.95,NULL,4234.04,NULL,1,2
JuRJykTdszG,"JKV REAL",apartment,"4-room apartment","fully renovated","okres Martin",Sučany,cheap,-19.13,1799.33,1799.33,0.0000,1,1
JuLFmLF8PRr,"JKV REAL",house,"large house","partially renovated","okres Bytča","Hliník nad Váhom",expensive,6.88,977.27,1138.26,-0.1414,1,3
JuXBeZX2j2W,"JKV REAL",house,"medium house","fully renovated","okres Martin",Sučany,cheap,-19.13,1799.33,1635.02,0.1005,1,2
JuEyQXVJHfz,"JKV REAL",house,"medium house","new construction","okres Žilina","Rajecké Teplice",expensive,5.08,1948.66,2118.52,-0.0802,1,5
JuBRCEsLH8a,"JMB REALITY s.r.o.",house,"large house","partially renovated","okres Turčianske Teplice",Diviaky,average,-14.37,NULL,528.88,NULL,1,2
JuY5ba5W_4i,"JMB REALITY s.r.o.",land,"large plot",NULL,"okres Martin",Blatnica,average,-2.80,NULL,NULL,NULL,1,1
JuxCQhpzaPp,"JMB REALITY s.r.o.",land,"medium plot",NULL,"okres Martin",Trnovo,"very cheap",-45.40,NULL,55.76,NULL,2,3
JuwYiWFslPL,"JMB REALITY s.r.o.",land,"medium plot",NULL,"okres Martin",Trnovo,"very cheap",-45.40,NULL,55.76,NULL,2,3
JuYLfbh2sq3,"Joyel s.r.o.",house,"medium house","partially renovated","okres Ružomberok","Liptovská Osada",expensive,15.83,1599.92,1599.92,0.0000,1,1
JuUS8gVE7MB,"JPE. Reality - Jozef Pajer",apartment,"2-room apartment","partially renovated","okres Čadca",Žarec,average,-9.22,1945.15,2030.94,-0.0422,1,4
JuN4KXjUyk-,"JPE. Reality - Jozef Pajer",apartment,"4-room apartment","new construction","okres Čadca",Podzávoz,expensive,19.26,NULL,NULL,NULL,1,1
Juj0QibLMWk,"JPE. Reality - Jozef Pajer",house,"large house","new construction","okres Čadca",Stred,average,-13.67,1983.87,1689.44,0.1743,1,2
Jus49Ig9CXx,"JPE. Reality - Jozef Pajer",house,"medium house","partially renovated","okres Čadca",Milošová,cheap,-29.40,1300.00,1300.00,0.0000,1,1
JuLD_F55WFh,"JPE. Reality - Jozef Pajer",house,"medium house","partially renovated","okres Čadca",Raková,cheap,-22.06,768.46,768.46,0.0000,1,1
JulhD_NcT3W,"JPE. Reality - Jozef Pajer",house,"medium house","partially renovated","okres Čadca","U Hluška",expensive,17.18,2191.67,2191.67,0.0000,1,1
JugTUA5gS8g,"JPE. Reality - Jozef Pajer",house,"medium house",unrenovated,"okres Čadca",Milošová,cheap,-29.40,1223.08,1223.08,0.0000,1,1
Juht1btctzZ,"JPE. Reality - Jozef Pajer",land,"medium plot",NULL,"okres Čadca",Predmier,"very cheap",-42.95,86.99,50.67,0.7168,1,4
Jusa_KVAuJ7,"JPE. Reality - Jozef Pajer",house,"small house","fully renovated","okres Čadca",Svrčinovec,"very cheap",-51.62,421.43,421.43,0.0000,1,1
Ju8g_PgmzSw,"JPE. Reality - Jozef Pajer",house,"small house",unrenovated,"okres Čadca",Svrčinovec,"very cheap",-51.62,533.33,644.44,-0.1724,1,3
Ju98hXHMfyH,"JPE. Reality - Jozef Pajer",land,"small plot",NULL,"okres Čadca",Olešná,cheap,-36.99,29.50,29.50,0.0000,1,1
Jue_IKSyNYA,"JPE. Reality - Jozef Pajer",land,"small plot",NULL,"okres Čadca",Raková,cheap,-22.06,30.00,40.86,-0.2658,1,2
JuEjJSCiW8Ze,"JPE. Reality - Jozef Pajer",land,"small plot",NULL,"okres Čadca",Skalité,cheap,-35.97,79.00,78.89,0.0014,1,9
JuQtjXuvBCs,"JPE. Reality - Jozef Pajer",apartment,"studio apartment","fully renovated","okres Čadca",Stred,average,-13.67,2130.00,2130.00,0.0000,1,1
JuX_Y10XQMs,"Juraj Hegyi Reality & Development s.r.o.",apartment,"holiday apartment","new construction","okres Liptovský Mikuláš","Demänovská Dolina",premium,84.23,7407.22,5609.23,0.3205,1,40
JukIEPbTzbs,"K&B Partners, s.r.o.",house,"medium house",unrenovated,"okres Žilina",Hôrky,expensive,24.36,NULL,NULL,NULL,1,2
Ju0_qpYyImE,"KA Real",apartment,"1-room apartment","fully renovated","okres Liptovský Mikuláš","Staré mesto",average,1.93,3228.62,2357.47,0.3695,2,4
JucfuBBHTMn,"KA Real",apartment,"1-room apartment","fully renovated","okres Liptovský Mikuláš","Staré mesto",average,1.93,2277.78,2357.47,-0.0338,2,4
JuUWRcxAAYr,"KA Real",apartment,"2-room apartment","fully renovated","okres Liptovský Mikuláš","Staré mesto",average,1.93,1314.80,2172.50,-0.3948,2,9
JuyIru5Z-bn,"KA Real",apartment,"2-room apartment","fully renovated","okres Liptovský Mikuláš","Staré mesto",average,1.93,2227.27,2172.50,0.0252,2,9
Juwpt8fo8iw,"KARIN & PARTNERS, s.r.o.",apartment,"3-room apartment",unrenovated,"okres Martin",Sever,average,-7.71,2062.50,2039.96,0.0110,1,4
JuHXcrjjNm5,"KARIN & PARTNERS, s.r.o.",house,"large house",unrenovated,"okres Ružomberok","Valaská Dubová",cheap,-38.52,630.25,630.25,0.0000,1,1
JuUrORAsIzH,"KARIN & PARTNERS, s.r.o.",house,"medium house",unrenovated,"okres Turčianske Teplice",Sklené,average,-12.01,544.83,705.75,-0.2280,1,2
JugdzCpEbZl,"KES - RV s.r.o.",apartment,"2-room apartment","partially renovated","okres Žilina",Hliny,expensive,11.48,2543.42,2605.70,-0.0239,1,6
Ju7eOmn6zgP,"KING REAL s. r. o.",house,"large house","fully renovated","okres Čadca",Oščadnica,cheap,-22.04,1538.08,1530.92,0.0047,1,4
JuLMYErMTc7,"KORIJKOV & AGENTS",house,"large house","fully renovated","okres Tvrdošín",Nižná,cheap,-23.39,NULL,NULL,NULL,1,1
Jup8gJ48Fqt,"KORSO Project, s.r.o.",apartment,"2-room apartment","new construction","okres Žilina","Staré mesto",expensive,25.24,4489.50,3751.47,0.1967,1,8
JueaFakyLvY,"KORSO Project, s.r.o.",apartment,"3-room apartment","development project","okres Žilina","Staré mesto",expensive,25.24,3628.76,3628.76,0.0000,1,1
JuBT9IU3F1g,"KORSO Project, s.r.o.",apartment,"3-room apartment","new construction","okres Žilina","Staré mesto",expensive,25.24,3682.75,3410.80,0.0797,1,9
JuhS38paEh6,"KORSO Project, s.r.o.",apartment,"4-room apartment","development project","okres Žilina","Staré mesto",expensive,25.24,3827.60,4174.33,-0.0831,3,4
JucNvh6xi3X,"KORSO Project, s.r.o.",apartment,"4-room apartment","development project","okres Žilina","Staré mesto",expensive,25.24,3802.29,4174.33,-0.0891,3,4
Ju2DPhpZEXH,"KORSO Project, s.r.o.",apartment,"4-room apartment","development project","okres Žilina","Staré mesto",expensive,25.24,3412.44,4174.33,-0.1825,3,4
JucmQgleApT,"KORSO Project, s.r.o.",apartment,"4-room apartment","new construction","okres Žilina","Staré mesto",expensive,25.24,3518.45,3508.33,0.0029,3,7
JuUPYByvH-3,"KORSO Project, s.r.o.",apartment,"4-room apartment","new construction","okres Žilina","Staré mesto",expensive,25.24,3828.28,3508.33,0.0912,3,7
JufGDO__GbO,"KORSO Project, s.r.o.",apartment,"4-room apartment","new construction","okres Žilina","Staré mesto",expensive,25.24,3629.54,3508.33,0.0345,3,7
JuQIDFd_kHU,"KORSO Project, s.r.o.",apartment,"holiday apartment","development project","okres Žilina",Terchová,expensive,17.29,4989.12,4965.42,0.0048,4,4
Ju01CyxoHbS,"KORSO Project, s.r.o.",apartment,"holiday apartment","development project","okres Žilina",Terchová,expensive,17.29,4901.20,4965.42,-0.0129,4,4
JuXxgiFzaw2,"KORSO Project, s.r.o.",apartment,"holiday apartment","development project","okres Žilina",Terchová,expensive,17.29,4754.41,4965.42,-0.0425,4,4
JuUEgGZy7bV,"KORSO Project, s.r.o.",apartment,"holiday apartment","development project","okres Žilina",Terchová,expensive,17.29,5216.93,4965.42,0.0507,4,4
JuMReNzFrmm,"KOSIBA reality s.r.o.",house,"medium house",unrenovated,"okres Ružomberok","Liptovské Revúce","very cheap",-42.77,780.70,894.30,-0.1270,1,3
Jun79Tn_Ep0,"KRALIKOVA reality",apartment,"3-room apartment","fully renovated","okres Žilina",Vlčince,premium,39.03,3507.46,2883.51,0.2164,1,6
JubU6tCkKGs,"Kristína Čanády",land,"medium plot",NULL,"okres Žilina",Ovčiarsko,average,-2.35,126.11,111.52,0.1308,1,6
Ju7QtyDiguT,"KRUPPKY, s.r.o.",house,NULL,"fully renovated","okres Liptovský Mikuláš","Liptovský Trnovec",expensive,19.86,NULL,NULL,NULL,1,1
Ju7lDmg4T0n,"KRUPPKY, s.r.o.",apartment,"holiday apartment","new construction","okres Liptovský Mikuláš","Liptovská Ondrašová",expensive,17.23,NULL,NULL,NULL,1,1
JuXRr8c0-gp,"KRUPPKY, s.r.o.",apartment,"holiday apartment","new construction","okres Liptovský Mikuláš","Liptovský Ján",expensive,5.21,4858.30,4095.71,0.1862,1,3
JuEGZyoSAd7,"KRUPPKY, s.r.o.",house,"large house","new construction","okres Liptovský Mikuláš",NULL,NULL,NULL,1183.33,1183.33,0.0000,1,1
JurmJUyDt1Y,"KRUPPKY, s.r.o.",house,"large house",unrenovated,"okres Liptovský Mikuláš",Ploštín,expensive,20.56,1236.00,1236.00,0.0000,1,1
Ju9EWCUTpfs,"KRUPPKY, s.r.o.",land,"large plot",NULL,"okres Liptovský Mikuláš","Uhorská Ves",average,-10.61,67.00,67.00,0.0000,1,1
Ju55_tGfxfr,"KRUPPKY, s.r.o.",land,"medium plot",NULL,"okres Liptovský Mikuláš",Stošice,average,-2.48,150.00,119.30,0.2573,1,3
JuL2iQbOhc4,"KUBALA REALITY, s.r.o.",apartment,"holiday apartment","new construction","okres Námestovo","Oravská Lesná",cheap,-20.20,NULL,3491.40,NULL,1,3
JugwkPLjiSd,"KUBALA REALITY, s.r.o.",house,"large house","partially renovated","okres Čadca",Stred,average,-13.67,1098.84,832.54,0.3199,1,3
JutxQo51THJ,"KUBALA REALITY, s.r.o.",land,"medium plot",NULL,"okres Čadca",Raková,cheap,-22.06,60.00,74.40,-0.1935,1,7
JuRxO-wu66d,"LAVENTURA s.r.o.",apartment,"4-room apartment","fully renovated","okres Žilina",Vlčince,premium,39.03,2500.00,2507.26,-0.0029,1,5
Ju2g9qDY7C2,"LAVENTURA s.r.o.",house,"medium house",unrenovated,"okres Žilina","Lietavská Lúčka",average,0.73,NULL,1075.00,NULL,1,2
JuOgzsSfPxy,"LAWIS s.r.o.",house,"medium house","partially renovated","okres Ružomberok","Liptovské Sliače",average,-7.12,1778.57,1778.57,0.0000,1,1
JuxusjEdK8z,"LAWIS s.r.o.",land,"medium plot",NULL,"okres Martin",Sučany,cheap,-19.13,123.19,127.51,-0.0339,1,6
JuLBQXVqbdX,"LEGEND realitná spoločnosť  s. r. o.",house,"small house","new construction","okres Liptovský Mikuláš",Bukovina,expensive,7.28,3062.50,3062.50,0.0000,1,1
JuK8NkfUxDo,"LICITOR group, a.s.",apartment,"3-room apartment",unrenovated,"okres Martin","Turčianska Štiavnička",cheap,-20.12,670.71,670.71,0.0000,1,1
Jut7J495GN0,"LICITOR group, a.s.",house,"large house","partially renovated","okres Turčianske Teplice",Diviaky,average,-14.37,528.88,528.88,0.0000,1,2
JuUPsxDPB3P,"LICITOR group, a.s.",house,"large house",unrenovated,"okres Dolný Kubín",Pribiš,"very cheap",-68.45,165.04,165.04,0.0000,1,1
JuWoCIVD5v7,"LICITOR group, a.s.",house,"large house",unrenovated,"okres Martin",Mexiko,average,-4.62,977.80,977.80,0.0000,1,1
Jua80WPKb_h,"LICITOR group, a.s.",house,"medium house",unrenovated,"okres Liptovský Mikuláš","Nižné Fabriky",cheap,-30.43,713.21,713.21,0.0000,1,1
JuQ6y__HQN4,"LIF REAL",house,NULL,"fully renovated","okres Martin","Kláštor pod Znievom",average,-12.27,NULL,NULL,NULL,1,2
Jul4Dd3O9uR,"LIF REAL",house,NULL,"partially renovated","okres Martin","Kláštor pod Znievom",average,-12.27,NULL,NULL,NULL,1,1
JuHn9lViGyf,"LIF REAL",house,NULL,"partially renovated","okres Turčianske Teplice",Mošovce,cheap,-29.71,NULL,NULL,NULL,1,1
JuG5b3bSJJl,"LIF REAL",apartment,"2-room apartment","fully renovated","okres Martin",Podháj,average,-5.66,2226.42,2291.18,-0.0283,1,3
JuroNkYo0Ud,"LIF REAL",apartment,"3-room apartment","partially renovated","okres Martin","Horné Vrútky",average,-10.79,NULL,1730.70,NULL,1,8
Ju4aGAgIjVo,"LIF REAL",apartment,"3-room apartment","partially renovated","okres Martin",Stred,expensive,19.38,NULL,1915.23,NULL,1,9
JuIW7C6rFGH,"LIF REAL",apartment,"3-room apartment","partially renovated","okres Martin",Turany,cheap,-32.68,1785.71,1826.19,-0.0222,1,3
JuQKd8tqljP,"LIF REAL",apartment,"3-room apartment",unrenovated,"okres Martin",Záturčie,average,-12.61,1500.00,1655.36,-0.0939,1,4
Judy6S4RLDv,"LIF REAL",house,"large house","new construction","okres Turčianske Teplice",Sklené,average,-12.01,446.67,446.67,0.0000,1,1
Juzs-YHkwHj,"LIF REAL",land,"large plot",NULL,"okres Martin","Turčianske Jaseno",average,-0.58,82.00,82.00,0.0000,1,1
JurU1U7jogn,"LIF REAL",house,"medium house",unrenovated,"okres Martin","Dolné Vrútky",expensive,7.27,1120.00,1341.92,-0.1654,1,3
Jufp6SmYJxs,"LIF REAL",land,"medium plot",NULL,"okres Martin","Karvaša a Bláhovca",average,-11.99,131.43,131.58,-0.0011,1,7
JuNwfzXAT-U,"LIF REAL",land,"medium plot",NULL,"okres Martin",Príbovce,cheap,-32.39,88.24,88.24,0.0000,1,2
Ju9k2e7JWOr,"Like Reality s.r.o.",apartment,"1-room apartment","partially renovated","okres Martin",Turany,cheap,-32.68,2236.84,2418.42,-0.0751,1,2
JuQVA2vA49W,"Like Reality s.r.o.",apartment,"1-room apartment",unrenovated,"okres Martin","Horné Vrútky",average,-10.79,2633.33,2633.33,0.0000,1,1
Jut7vhqlQ5I,"Like Reality s.r.o.",apartment,"2-room apartment",unrenovated,"okres Martin",Lipovec,average,-6.60,1928.07,1928.07,0.0000,1,1
JuCYzVbHujF,"Like Reality s.r.o.",apartment,"3-room apartment","fully renovated","okres Martin",Príbovce,cheap,-32.39,1412.64,1412.64,0.0000,1,2
JuRuuJuhfW8,"Like Reality s.r.o.",apartment,"3-room apartment","partially renovated","okres Martin","Horné Vrútky",average,-10.79,1610.59,1730.70,-0.0694,2,8
JuzmSjYalDj,"Like Reality s.r.o.",apartment,"3-room apartment","partially renovated","okres Martin","Horné Vrútky",average,-10.79,1608.05,1730.70,-0.0709,2,8
JuYWFp89fWK,"Like Reality s.r.o.",apartment,"3-room apartment","partially renovated","okres Martin",Sever,average,-7.71,NULL,2178.61,NULL,1,5
Ju7EPTNZ0Hy,"Like Reality s.r.o.",apartment,"3-room apartment","partially renovated","okres Martin",Turany,cheap,-32.68,1907.14,1826.19,0.0443,1,3
JueVg_uFAEX,"Like Reality s.r.o.",apartment,"3-room apartment","partially renovated","okres Martin",Záturčie,average,-12.61,1985.29,2024.88,-0.0196,2,4
Ju2ogwd19a4,"Like Reality s.r.o.",apartment,"3-room apartment","partially renovated","okres Martin",Záturčie,average,-12.61,NULL,2024.88,NULL,2,4
JujBEFh3fPq,"Like Reality s.r.o.",apartment,"3-room apartment",unrenovated,"okres Martin",Priekopa,premium,55.82,1684.29,1684.29,0.0000,1,1
JuIgXokL5hc,"Like Reality s.r.o.",apartment,"4-room apartment","fully renovated","okres Martin",Priekopa,premium,55.82,2357.14,2244.19,0.0503,1,4
JuKWyVNMM2k,"Like Reality s.r.o.",house,"extra large house","partially renovated","okres Martin",Stráne,average,-0.90,NULL,635.41,NULL,1,5
Ju7pKhqP4zK,"Like Reality s.r.o.",house,"extra large house","partially renovated","okres Martin",Sučany,cheap,-19.13,581.68,421.08,0.3814,1,3
JuAHK-zDu1n,"Like Reality s.r.o.",house,"large house","new construction","okres Martin",Stráne,average,-0.90,NULL,NULL,NULL,1,1
JuwY9aBM81x,"Like Reality s.r.o.",house,"large house","partially renovated","okres Martin","Dolné Vrútky",expensive,7.27,1163.33,1163.33,0.0000,1,1
Ju9iqAyYgBP,"Like Reality s.r.o.",house,"large house","partially renovated","okres Martin",Priekopa,premium,55.82,NULL,1109.98,NULL,1,5
JuOzT9FClFp,"Like Reality s.r.o.",house,"large house",unrenovated,"okres Martin",Záborie,"very cheap",-73.01,276.67,276.67,0.0000,1,1
JuN1DWMcWPA,"Like Reality s.r.o.",house,"medium house","new construction","okres Martin",Priekopa,premium,55.82,NULL,3443.19,NULL,1,2
JuR8Ev-aWaZ,"Like Reality s.r.o.",house,"medium house","partially renovated","okres Martin",Sučany,cheap,-19.13,NULL,NULL,NULL,1,1
JuRVHpRHSGQ,"Like Reality s.r.o.",land,"medium plot",NULL,"okres Martin","Dolný Kalník",expensive,19.12,114.78,114.78,0.0000,1,1
Ju5Yf4qkhg3,"Like Reality s.r.o.",land,"medium plot",NULL,"okres Martin",Jahodníky,expensive,9.68,115.00,115.00,0.0000,1,1
JuddoVYZYie,Limaxreal,apartment,"1-room apartment","new construction","okres Ružomberok","Liptovská Teplá",cheap,-19.23,2780.22,2853.91,-0.0258,1,2
JuOOVFGvzwX,Limaxreal,apartment,"2-room apartment","new construction","okres Ružomberok","Liptovská Teplá",cheap,-19.23,2731.71,2613.04,0.0454,1,4
JuKdeWhe2o7,Limaxreal,apartment,"holiday apartment","new construction","okres Liptovský Mikuláš","Demänovská Dolina",premium,84.23,4736.84,5609.23,-0.1555,3,40
JuTk10X0x-i,Limaxreal,apartment,"holiday apartment","new construction","okres Liptovský Mikuláš","Demänovská Dolina",premium,84.23,NULL,5609.23,NULL,3,40
Ju79Oyn1X3B,Limaxreal,apartment,"holiday apartment","new construction","okres Liptovský Mikuláš","Demänovská Dolina",premium,84.23,NULL,5609.23,NULL,3,40
JuO9hxI47lb,Limaxreal,house,"large house","partially renovated","okres Liptovský Mikuláš",Vlachy,cheap,-33.54,863.33,863.33,0.0000,1,1
JudpEUux9d7,Limaxreal,house,"medium house",unrenovated,"okres Liptovský Mikuláš","Závažná Poruba",average,-6.90,NULL,NULL,NULL,1,1
JuIGtLwLscT,Limaxreal,land,"medium plot",NULL,"okres Liptovský Mikuláš",Stošice,average,-2.48,62.30,119.30,-0.4778,1,3
JujaAjDinmCV,Limaxreal,land,"small plot",NULL,"okres Liptovský Mikuláš",Ižipovce,average,-12.34,NULL,120.02,NULL,1,2
Ju2_2a_gc9I,Limaxreal,land,"small plot",NULL,"okres Liptovský Mikuláš","Liptovská Sielnica",average,-3.52,96.00,75.25,0.2757,1,5
JubO9HcP4C7,Limaxreal,land,"small plot",NULL,"okres Liptovský Mikuláš",Podtureň,premium,41.30,123.00,123.00,0.0000,1,5
JuBb5_6WbFx,liptoreal,house,NULL,"under construction","okres Liptovský Mikuláš",Prosiek,average,-5.17,NULL,NULL,NULL,1,1
JuqLWeKD7Wh,liptoreal,apartment,"2-room apartment",unrenovated,"okres Liptovský Mikuláš",Podbreziny,expensive,13.11,2200.00,2122.61,0.0365,1,3
JuFPPvDcbTI,liptoreal,land,"extra large plot",NULL,"okres Liptovský Mikuláš",Východná,cheap,-25.31,13.06,13.06,0.0000,1,2
JuogofXpdYk,liptoreal,apartment,"holiday apartment","new construction","okres Liptovský Mikuláš",Demänová,premium,36.87,5192.31,4467.15,0.1623,1,15
JuW8aAxjxNx,liptoreal,land,"large plot",NULL,"okres Liptovský Mikuláš",Prosiek,average,-5.17,18.70,18.70,0.0000,1,2
JuT-mCUWMWu,liptoreal,house,"medium house","new construction","okres Liptovský Mikuláš",Bobrovník,cheap,-31.23,NULL,NULL,NULL,1,1
Ju1tXdldNyS,liptoreal,house,"medium house","partially renovated","okres Liptovský Mikuláš","Staré mesto",average,1.93,1521.74,1521.74,0.0000,1,1
Ju-2YZ37zxt,liptoreal,house,"medium house","partially renovated","okres Liptovský Mikuláš",Važec,cheap,-35.75,947.26,996.78,-0.0497,1,3
Juet0DuhtSi,liptoreal,house,"small house","under construction","okres Liptovský Mikuláš",Prosiek,average,-5.17,3061.54,3061.54,0.0000,1,1
Ju0Wth3fmJb,liptoreal,land,"small plot",NULL,"okres Liptovský Mikuláš",Kvačany,cheap,-18.87,109.15,104.08,0.0487,1,2
JuyOHLJxsdS,"Local reality s. r. o.",apartment,"3-room apartment","fully renovated","okres Žilina","Staré mesto",expensive,25.24,3031.25,2757.62,0.0992,1,9
JuwROzF7MPz,"LOYAL REALITY s.r.o.",apartment,"1-room apartment","partially renovated","okres Ružomberok",Klačno,cheap,-18.24,NULL,NULL,NULL,1,1
JufCUUh8n1P,"LOYAL REALITY s.r.o.",apartment,"3-room apartment","partially renovated","okres Ružomberok",Baničné,cheap,-17.01,NULL,1888.77,NULL,1,5
JuITWn48g9Q,"LuxReality, s.r.o.",apartment,"1-room apartment","new construction","okres Martin","Turčianska Štiavnička",cheap,-20.12,4214.41,4214.41,0.0000,1,1
JuLfvRq95qS,"M&G, s.r.o.",land,NULL,NULL,"okres Liptovský Mikuláš","Liptovská Anna",average,-4.78,NULL,NULL,NULL,1,1
Jua-87P0brZ,"M&G, s.r.o.",land,"extra large plot",NULL,"okres Liptovský Mikuláš","Liptovská Anna",average,-4.78,NULL,100.00,NULL,1,3
JubAI3EWquo,"M&G, s.r.o.",land,"large plot",NULL,"okres Liptovský Mikuláš","Liptovská Anna",average,-4.78,NULL,90.00,NULL,1,2
JuDxiaz2nPZ,"M&G, s.r.o.",land,"medium plot",NULL,"okres Liptovský Mikuláš","Liptovská Anna",average,-4.78,NULL,99.00,NULL,1,2
JuTapZ_iKYW,"Mamud Reality s. r. o.",apartment,"3-room apartment","fully renovated","okres Žilina","Staré mesto",expensive,25.24,3152.63,2757.62,0.1432,1,9
JuVUBQ_BboU,"Mamud Reality s. r. o.",house,"extra large house","partially renovated","okres Žilina",Varín,average,-1.75,795.18,805.30,-0.0126,1,2
JuSbYhRyin-,"Mamud Reality s. r. o.",house,"large house","fully renovated","okres Žilina","Teplička nad Váhom",premium,48.91,1395.42,1395.42,0.0000,1,2
JuEM42o9KEz,"Mamud Reality s. r. o.",house,"large house","partially renovated","okres Žilina","Mojšová Lúčka",premium,48.21,1738.46,1738.46,0.0000,1,1
JuHjqfxC4fX,"Mamud Reality s. r. o.",land,"large plot",NULL,"okres Žilina",Bitarová,expensive,9.02,88.00,107.88,-0.1843,1,4
JuzcT2nMl5E,"Mamud Reality s. r. o.",land,"medium plot",NULL,"okres Kysucké Nové Mesto","Horný Vadičov",average,-5.28,38.08,46.88,-0.1877,1,4
Ju5AeA4FaTa,"Mamud Reality s. r. o.",land,"medium plot",NULL,"okres Žilina",Bitarová,expensive,9.02,99.00,154.90,-0.3609,1,8
Ju9T9motLi6,"Mamud Reality s. r. o.",land,"medium plot",NULL,"okres Žilina",Divina,expensive,16.28,130.37,194.97,-0.3313,1,3
Juu-qpDOYIv,"Mamud Reality s. r. o.",land,"medium plot",NULL,"okres Žilina",Mojš,average,0.39,135.00,135.00,0.0000,1,1
Ju26ASiELkU,"Mamud Reality s. r. o.",land,"small plot",NULL,"okres Žilina","Dolná Tižina",average,-3.52,162.32,158.52,0.0240,1,3
JupsaGq4wbB,"MartinTham s. r. o.",land,"large plot",NULL,"okres Martin",Turany,cheap,-32.68,46.84,42.30,0.1073,1,2
JuSWGTnCZur,"MAX PROFI REALITY",apartment,"3-room apartment","partially renovated","okres Martin",Košúty,average,-3.60,2000.00,1908.00,0.0482,1,5
JuI9ai4mRCA,"MAX PROFI REALITY",land,"extra large plot",NULL,"okres Martin",Tomčany,expensive,6.77,NULL,58.70,NULL,1,3
Ju0Lru91bls8,"MAX PROFI REALITY",land,"extra large plot",NULL,"okres Martin","Turčianske Jaseno",average,-0.58,50.00,50.00,0.0000,1,1
JuBfaxcwUwF,"MAX PROFI REALITY",land,"large plot",NULL,"okres Martin",Karlová,cheap,-27.11,64.00,64.00,0.0000,1,1
Ju1rBpBDljg,"MAX PROFI REALITY",land,"large plot",NULL,"okres Martin",Žabokreky,average,-0.98,56.17,56.17,0.0000,1,1
JutC2YgCUCh,"MAX PROFI REALITY",house,"medium house","fully renovated","okres Martin",Bystrička,average,-4.82,1789.86,1789.86,0.0000,1,1
Ju2-GQn0P3G,"MAX PROFI REALITY",land,"medium plot",NULL,"okres Martin",Priekopa,premium,55.82,76.56,122.94,-0.3773,1,2
JumN63g2ReF,Maxareality,apartment,"3-room apartment","fully renovated","okres Žilina",Varín,average,-1.75,2500.00,2500.00,0.0000,1,1
Jud80emJ1h-,Maxareality,land,"large plot",NULL,"okres Žilina",Stráňavy,premium,50.92,NULL,106.25,NULL,1,2
Ju8_AnIgnrX,"MENÍME BÝVANIE",apartment,"2-room apartment","partially renovated","okres Čadca",Žarec,average,-9.22,2092.05,2030.94,0.0301,1,4
JueF3dmbicv,"MENÍME BÝVANIE",apartment,"3-room apartment","partially renovated","okres Čadca","Dlhá nad Kysucou","very cheap",-42.11,1316.78,1316.78,0.0000,1,1
Ju3_GjYaBPA,"MENÍME BÝVANIE",house,"extra large house",unrenovated,"okres Čadca",Centrum,cheap,-15.46,241.48,241.48,0.0000,1,1
JuiW01vp_No,"MENÍME BÝVANIE",house,"large house","new construction","okres Čadca",Čadečka,"very cheap",-52.55,1204.55,1204.55,0.0000,1,1
Ju8w7xSU6tn,"MENS s. r. o.",apartment,"2-room apartment","fully renovated","okres Žilina",Bôrik,premium,61.54,4017.86,4017.86,0.0000,1,1
JuFzCj_c-LQ,"MENS s. r. o.",apartment,"2-room apartment","fully renovated","okres Žilina","Staré mesto",expensive,25.24,NULL,2789.29,NULL,1,15
JuNgKsGWJb_,"MENS s. r. o.",apartment,"3-room apartment","fully renovated","okres Žilina",Vlčince,premium,39.03,NULL,2883.51,NULL,1,6
JuJvNTKAcv8,"MG real, s.r.o.",apartment,"1-room apartment","new construction","okres Kysucké Nové Mesto",Kamence,average,-3.70,3685.71,3728.34,-0.0114,1,2
JuO6fvSVJ1V,"MG real, s.r.o.",house,"extra large house",unrenovated,"okres Čadca",Klokočov,"very cheap",-42.36,218.26,206.22,0.0584,1,2
Jugj8_j4hFt,"MGM reality",land,NULL,NULL,"okres Čadca",Oščadnica,cheap,-22.04,NULL,NULL,NULL,2,2
JuxqyTwKPA7,"MGM reality",land,NULL,NULL,"okres Čadca",Oščadnica,cheap,-22.04,NULL,NULL,NULL,2,2
JueDQ4t8F1t,"MGM reality",land,NULL,NULL,"okres Kysucké Nové Mesto",Povina,average,-11.94,NULL,NULL,NULL,1,1
Ju11TbSO8Lx,"MGM reality",land,NULL,NULL,"okres Martin",Valča,cheap,-16.01,NULL,NULL,NULL,1,1
JuPp6sukGjm,"MGM reality",land,NULL,NULL,"okres Žilina",Bôrik,premium,61.54,NULL,NULL,NULL,1,1
JuF30aynSVM,"MGM reality",land,NULL,NULL,"okres Žilina","Dolný Hričov",average,-4.26,NULL,50.00,NULL,3,4
Ju7lj_P0z5e,"MGM reality",land,NULL,NULL,"okres Žilina","Dolný Hričov",average,-4.26,NULL,50.00,NULL,3,4
JuB4oTBd8tj,"MGM reality",land,NULL,NULL,"okres Žilina","Dolný Hričov",average,-4.26,NULL,50.00,NULL,3,4
JuxUrTWen36,"MGM reality",land,NULL,NULL,"okres Žilina",Ďurčiná,"very cheap",-51.64,NULL,NULL,NULL,1,1
JuT8srAbvDd,"MGM reality",land,NULL,NULL,"okres Žilina","Kamenná Poruba",premium,89.34,NULL,NULL,NULL,1,1
JuRanZisa5Z,"MGM reality",land,NULL,NULL,"okres Žilina",Marček,NULL,NULL,NULL,NULL,NULL,1,1
JuTMeTjk733,"MGM reality",land,NULL,NULL,"okres Žilina",Rajec,average,-11.29,NULL,NULL,NULL,1,1
Juw8Xkyweh9,"MGM reality",land,NULL,NULL,"okres Žilina",Rosina,expensive,26.83,NULL,NULL,NULL,3,3
Juz-5oPyoQW,"MGM reality",land,NULL,NULL,"okres Žilina",Rosina,expensive,26.83,NULL,NULL,NULL,3,3
Jutfm6VQ_-o,"MGM reality",land,NULL,NULL,"okres Žilina",Rosina,expensive,26.83,NULL,NULL,NULL,3,3
JuxeTnNf4SA,"MGM reality",land,NULL,NULL,"okres Žilina",Strážov,average,2.47,50.00,50.00,0.0000,2,2
Jut36Rci3LJ,"MGM reality",land,NULL,NULL,"okres Žilina",Strážov,average,2.47,NULL,50.00,NULL,2,2
JuYADQBEJQK,"MGM reality",land,NULL,NULL,"okres Žilina",Strečno,expensive,16.35,NULL,NULL,NULL,1,1
JubI61zDvAA,"MGM reality",land,NULL,NULL,"okres Žilina",Svederník,expensive,24.98,NULL,NULL,NULL,3,3
JuQnOzH4Mve,"MGM reality",land,NULL,NULL,"okres Žilina",Svederník,expensive,24.98,NULL,NULL,NULL,3,3
JurgCKxDYu4,"MGM reality",land,NULL,NULL,"okres Žilina",Svederník,expensive,24.98,NULL,NULL,NULL,3,3
JuKoA0CHMAn,"MGM reality",land,NULL,NULL,"okres Žilina",Turie,premium,42.68,NULL,95.00,NULL,1,2
JuqmAmZk9jG,"MGM reality",apartment,"1-room apartment",unrenovated,"okres Žilina",Vlčince,premium,39.03,NULL,2975.00,NULL,1,3
JuPFzcSTrpI,"MGM reality",apartment,"2-room apartment","fully renovated","okres Žilina",Hájik,expensive,5.43,NULL,2741.77,NULL,1,2
Julrxc4m4jW,"MGM reality",apartment,"2-room apartment","fully renovated","okres Žilina",Solinky,expensive,24.79,3539.80,3519.90,0.0057,1,2
JuWIHesej0g,"MGM reality",apartment,"2-room apartment","fully renovated","okres Žilina","Staré mesto",expensive,25.24,2228.57,2789.29,-0.2010,1,15
Ju9HXOkK5Vc,"MGM reality",apartment,"2-room apartment","new construction","okres Čadca",Kalinov,"very cheap",-42.32,1859.50,1859.50,0.0000,1,1
JuQfQh_4sSF,"MGM reality",apartment,"2-room apartment","new construction","okres Žilina",Hliny,expensive,11.48,NULL,3798.18,NULL,1,2
Ju1BpgSKaaX,"MGM reality",apartment,"2-room apartment","partially renovated","okres Čadca",Žarec,average,-9.22,1960.16,2030.94,-0.0349,1,4
JunoLrzCTv8,"MGM reality",apartment,"3-room apartment","fully renovated","okres Čadca",Raková,cheap,-22.06,1882.35,1882.35,0.0000,1,4
JuXNm9NwSwi,"MGM reality",apartment,"3-room apartment","new construction","okres Žilina",Hájik,expensive,5.43,2932.00,2949.56,-0.0060,1,7
Jugd0CIH9AR,"MGM reality",apartment,"3-room apartment","new construction","okres Žilina",Hliny,expensive,11.48,NULL,NULL,NULL,1,2
Jux-89v_b-H,"MGM reality",apartment,"3-room apartment","partially renovated","okres Kysucké Nové Mesto",Kamence,average,-3.70,NULL,2138.89,NULL,1,2
Jus2f1I5Shb,"MGM reality",apartment,"3-room apartment","partially renovated","okres Žilina",Hliny,expensive,11.48,2426.47,2420.34,0.0025,1,4
JucQo5vONzU,"MGM reality",apartment,"3-room apartment","partially renovated","okres Žilina",Solinky,expensive,24.79,2642.71,2642.71,0.0000,1,1
Juk34S4WJno,"MGM reality",apartment,"3-room apartment",unrenovated,"okres Žilina",Hliny,expensive,11.48,1843.47,2365.40,-0.2207,1,4
JuGLEI81NEj,"MGM reality",apartment,"3-room apartment",unrenovated,"okres Žilina","Staré mesto",expensive,25.24,NULL,2242.68,NULL,1,3
JuHXoN0ryfa,"MGM reality",apartment,"3-room apartment",unrenovated,"okres Žilina",Vlčince,premium,39.03,3127.91,2566.06,0.2190,1,4
Ju4RLACJEuN,"MGM reality",apartment,"4-room apartment","fully renovated","okres Žilina",Bôrik,premium,61.54,3008.34,3008.34,0.0000,1,1
Juf0d9bgzD3,"MGM reality",apartment,"4-room apartment","fully renovated","okres Žilina",Rosina,expensive,26.83,1552.91,1552.91,0.0000,1,1
JulrtoBvNUl,"MGM reality",apartment,"4-room apartment","fully renovated","okres Žilina",Vlčince,premium,39.03,2709.26,2507.26,0.0806,1,5
JuFIplbJnri,"MGM reality",apartment,"4-room apartment","new construction","okres Čadca",Centrum,cheap,-15.46,1570.42,1570.42,0.0000,1,1
JuG0SlTwzlu,"MGM reality",apartment,"4-room apartment","new construction","okres Žilina",Hliny,expensive,11.48,NULL,1783.09,NULL,1,3
Ju5ImCNB76o,"MGM reality",apartment,"4-room apartment","partially renovated","okres Kysucké Nové Mesto",Kamence,average,-3.70,1923.06,1923.06,0.0000,1,1
Ju0CrnhCGrs,"MGM reality",apartment,"4-room apartment","partially renovated","okres Žilina","Staré mesto",expensive,25.24,2076.88,2360.74,-0.1202,1,3
JuZsnFqHRPo,"MGM reality",apartment,"4-room apartment",unrenovated,"okres Žilina",Závodie,expensive,15.24,NULL,2844.04,NULL,1,2
JuWsjVyvGYF,"MGM reality",house,"extra large house","fully renovated","okres Žilina",Budatín,premium,51.29,NULL,NULL,NULL,1,1
Jujja8Oem9Ja,"MGM reality",house,"extra large house","partially renovated","okres Námestovo",Zubrohlava,"very cheap",-47.20,194.50,194.50,0.0000,1,1
Jugf4rDrfFo,"MGM reality",house,"extra large house","partially renovated","okres Žilina",Závodie,expensive,15.24,1773.96,1577.12,0.1248,1,2
JuMWbh-aIKq,"MGM reality",house,"extra large house",unrenovated,"okres Žilina",Bôrik,premium,61.54,268.33,268.33,0.0000,1,1
JueC24ZQ1o3,"MGM reality",land,"extra large plot",NULL,"okres Žilina",Varín,average,-1.75,15.25,15.25,0.0000,1,1
JujeHqSaOD9,"MGM reality",house,"large house","fully renovated","okres Kysucké Nové Mesto",Rudinská,cheap,-24.39,1264.97,1264.97,0.0000,1,1
JuJ5z8J0t7V,"MGM reality",house,"large house","new construction","okres Žilina",Budatín,premium,51.29,NULL,1901.26,NULL,1,2
JuBBhpjm8uU,"MGM reality",house,"large house","new construction","okres Žilina",Varín,average,-1.75,NULL,0.01,NULL,2,3
JuElQR6VJXT,"MGM reality",house,"large house","new construction","okres Žilina",Varín,average,-1.75,NULL,0.01,NULL,2,3
JuKxAN_EaMu,"MGM reality",house,"large house","partially renovated","okres Žilina",Terchová,expensive,17.29,1686.21,1686.21,0.0000,1,1
JuhLO-Heh52,"MGM reality",house,"large house","under construction","okres Čadca",NULL,NULL,NULL,NULL,NULL,NULL,1,1
JuvMlRWqyJoo,"MGM reality",house,"large house",unrenovated,"okres Kysucké Nové Mesto",Nesluša,"very cheap",-42.15,NULL,NULL,NULL,2,2
Juk_6IbuVg4,"MGM reality",house,"large house",unrenovated,"okres Kysucké Nové Mesto",Nesluša,"very cheap",-42.15,NULL,NULL,NULL,2,2
JumvGr4WHDN,"MGM reality",house,"large house",unrenovated,"okres Žilina",Gbeľany,premium,48.65,2222.22,2222.22,0.0000,1,1
Ju_rwk44XIO,"MGM reality",house,"large house",unrenovated,"okres Žilina",Závodie,expensive,15.24,1043.18,1369.00,-0.2380,1,6
JuQZcPPu9nd,"MGM reality",apartment,maisonette,"new construction","okres Žilina","Staré mesto",expensive,25.24,NULL,NULL,NULL,1,1
JuE3pQZRo1O,"MGM reality",house,"medium house","fully renovated","okres Kysucké Nové Mesto","Kysucký Lieskovec",average,-12.67,1499.93,1499.93,0.0000,1,1
JufFtzCmoZI,"MGM reality",house,"medium house","fully renovated","okres Žilina",Rosina,expensive,26.83,1552.91,1552.67,0.0002,1,2
Ju4t5QuZmxI,"MGM reality",house,"medium house","new construction","okres Žilina",Bitarová,expensive,9.02,2860.15,2436.65,0.1738,5,13
JubSXyHD9FS,"MGM reality",house,"medium house","new construction","okres Žilina",Bitarová,expensive,9.02,2698.36,2436.65,0.1074,5,13
JuImgMwAlae,"MGM reality",house,"medium house","new construction","okres Žilina",Bitarová,expensive,9.02,2699.52,2436.65,0.1079,5,13
Jup9Yn-xSxK,"MGM reality",house,"medium house","new construction","okres Žilina",Bitarová,expensive,9.02,NULL,2436.65,NULL,5,13
JuDKS0g6D3f,"MGM reality",house,"medium house","new construction","okres Žilina",Bitarová,expensive,9.02,2617.11,2436.65,0.0741,5,13
Ju2NkOjuxZI,"MGM reality",house,"medium house","new construction","okres Žilina","Rajecké Teplice",expensive,5.08,2230.69,2118.52,0.0529,1,5
Ju-2ATFv9rv,"MGM reality",house,"medium house","new construction","okres Žilina",Trnové,premium,40.34,2571.43,2571.43,0.0000,1,1
JuK5t-4VCJ4,"MGM reality",house,"medium house","new construction","okres Žilina",Višňové,expensive,22.64,1875.54,1875.54,0.0000,2,4
Jul6ieKbYlp,"MGM reality",house,"medium house","new construction","okres Žilina",Višňové,expensive,22.64,1875.54,1875.54,0.0000,2,4
Ju2bFduldFu,"MGM reality",house,"medium house",unrenovated,"okres Žilina","Staré mesto",expensive,25.24,NULL,3865.34,NULL,1,5
Juml9ZbpWBM,"MGM reality",land,"medium plot",NULL,"okres Žilina",Rosina,expensive,26.83,169.07,238.93,-0.2924,1,5
JuePvBO4qUqh,"MGM reality",land,"small plot",NULL,"okres Žilina",Brodno,average,-14.41,55.01,55.01,0.0000,1,1
JuN5ogzbwb6,"MGM reality",apartment,"studio apartment","fully renovated","okres Žilina",Vlčince,premium,39.03,5475.96,5452.27,0.0043,1,2
Juw-GSUdmIG,"Mgr. Nina Herčková, RSc.",house,"medium house",unrenovated,"okres Žilina",Bytčica,expensive,18.76,NULL,2350.00,NULL,1,2
JukvtXQXqqN,"Mgr. Nina Herčková, RSc.",land,"small plot",NULL,"okres Žilina",Višňové,expensive,22.64,188.47,205.96,-0.0849,1,4
JunYVarhNpk,"Mgr. Renáta Kolenčíková",land,NULL,NULL,"okres Žilina","Dolný Hričov",average,-4.26,50.00,50.00,0.0000,1,4
JuNOgX2BOnQ,"Mgr. Renáta Kolenčíková",house,"large house",unrenovated,"okres Liptovský Mikuláš",Pribylina,cheap,-31.70,368.13,484.07,-0.2395,1,2
Ju0Eh3sKXhb,"Mgr. Silvia Lukáčová - RealPoint",house,NULL,"fully renovated","okres Martin",Priekopa,premium,55.82,NULL,NULL,NULL,1,1
Jum6j-Ej2-f,"Mgr. Silvia Lukáčová - RealPoint",house,NULL,"fully renovated","okres Martin","Turčianske Kľačany",expensive,11.48,NULL,NULL,NULL,1,1
Ju8qAJxGCh0,"Mgr. Silvia Lukáčová - RealPoint",apartment,"3-room apartment","partially renovated","okres Martin",Záturčie,average,-12.61,NULL,2024.88,NULL,1,4
Ju6oo_vEaT-,"MK-CORP s.r.o.",apartment,"holiday apartment","new construction","okres Liptovský Mikuláš","Demänovská Dolina",premium,84.23,2791.18,5609.23,-0.5024,5,40
JuMLTI5Qk7o,"MK-CORP s.r.o.",apartment,"holiday apartment","new construction","okres Liptovský Mikuláš","Demänovská Dolina",premium,84.23,3180.56,5609.23,-0.4330,5,40
JuH6sKr2JgO,"MK-CORP s.r.o.",apartment,"holiday apartment","new construction","okres Liptovský Mikuláš","Demänovská Dolina",premium,84.23,3892.86,5609.23,-0.3060,5,40
Juh0xQ8lAwr,"MK-CORP s.r.o.",apartment,"holiday apartment","new construction","okres Liptovský Mikuláš","Demänovská Dolina",premium,84.23,3021.74,5609.23,-0.4613,5,40
JuIQRanSNHE,"MK-CORP s.r.o.",apartment,"holiday apartment","new construction","okres Liptovský Mikuláš","Demänovská Dolina",premium,84.23,3971.43,5609.23,-0.2920,5,40
Jul4B6HJsMz,"MK-CORP s.r.o.",apartment,"holiday apartment","new construction","okres Ružomberok",Bešeňová,expensive,16.40,2791.18,3519.35,-0.2069,3,7
Junr7vOGfgp,"MK-CORP s.r.o.",apartment,"holiday apartment","new construction","okres Ružomberok",Bešeňová,expensive,16.40,3021.74,3519.35,-0.1414,3,7
JuF-0hmTSgb,"MK-CORP s.r.o.",apartment,"holiday apartment","new construction","okres Ružomberok",Bešeňová,expensive,16.40,3971.43,3519.35,0.1285,3,7
JulIOnbqCxs,"MK-CORP s.r.o.",house,"small house","new construction","okres Liptovský Mikuláš","Partizánska Ľupča",cheap,-18.55,3180.56,3180.56,0.0000,1,1
JuZFqxjae7G,"ML realitný& finančny servis s.r.o. , BrokerSoft s.r.o. , Monika Launerová - SZČO",apartment,"holiday apartment","new construction","okres Liptovský Mikuláš",Demänová,premium,36.87,4189.19,4467.15,-0.0622,1,15
Ju0roQQA2MK,"ML realitný& finančny servis s.r.o. , BrokerSoft s.r.o. , Monika Launerová - SZČO",apartment,"holiday apartment","new construction","okres Liptovský Mikuláš","Demänovská Dolina",premium,84.23,4459.46,5609.23,-0.2050,1,40
JuY-SPBwd8P,mojaRK,house,"medium house","new construction","okres Liptovský Mikuláš",Smrečany,expensive,19.19,3688.00,3688.00,0.0000,1,1
JumyeY6xnwq,"MS Alpex, k.s.",land,"small plot",NULL,"okres Martin",Turany,cheap,-32.68,111.36,108.13,0.0299,1,3
JuZGQrt1Ff6m,"NajBývanie, s.r.o.",apartment,"2-room apartment","fully renovated","okres Liptovský Mikuláš",Iľanovo,cheap,-16.00,2181.82,2181.82,0.0000,1,1
Ju36lkCzKpS,"NajBývanie, s.r.o.",apartment,"2-room apartment","fully renovated","okres Martin",Priekopa,premium,55.82,2470.00,2470.00,0.0000,1,2
JuzOH2MtpxX,"NajBývanie, s.r.o.",apartment,"2-room apartment","fully renovated","okres Martin",Sever,average,-7.71,1937.50,2186.28,-0.1138,1,6
JuxK_a_NiWB,"NajBývanie, s.r.o.",apartment,"2-room apartment","fully renovated","okres Ružomberok",Roveň,average,-12.14,2173.91,2049.92,0.0605,1,2
JuHBGisy5-E,"NajBývanie, s.r.o.",apartment,"2-room apartment","partially renovated","okres Ružomberok",Hrabovo,average,-7.51,2338.24,2338.24,0.0000,1,1
JuyiYLCVsIz,"NajBývanie, s.r.o.",apartment,"2-room apartment","partially renovated","okres Ružomberok",Roveň,average,-12.14,NULL,1791.04,NULL,1,2
JuPaHBO-gez,"NajBývanie, s.r.o.",apartment,"2-room apartment",unrenovated,"okres Martin",NULL,NULL,NULL,1676.06,1676.06,0.0000,1,1
JuCISBa6iwp,"NajBývanie, s.r.o.",apartment,"2-room apartment",unrenovated,"okres Ružomberok",Roveň,average,-12.14,1735.29,1735.29,0.0000,1,1
Ju6pkdVbtRp,"NajBývanie, s.r.o.",apartment,"3-room apartment","fully renovated","okres Ružomberok",Klačno,cheap,-18.24,NULL,1968.28,NULL,1,3
JucaEIsV4JC,"NajBývanie, s.r.o.",apartment,"3-room apartment","new construction","okres Žilina",Mojš,average,0.39,3017.54,3017.54,0.0000,1,1
JuIhf4tExMf,"NajBývanie, s.r.o.",apartment,"3-room apartment","partially renovated","okres Martin","Horné Vrútky",average,-10.79,1710.14,1730.70,-0.0119,1,8
JuoVsoGKe3I,"NajBývanie, s.r.o.",apartment,"3-room apartment",unrenovated,"okres Ružomberok",Roveň,average,-12.14,1735.29,1735.29,0.0000,1,2
JuzAfAnhSmB,"NajBývanie, s.r.o.",apartment,"4-room apartment","partially renovated","okres Martin",Priekopa,premium,55.82,1451.61,1848.26,-0.2146,1,3
JuSTl0QkI_h,"NajBývanie, s.r.o.",apartment,"holiday apartment","partially renovated","okres Ružomberok",Hrabovo,average,-7.51,2338.24,2507.15,-0.0674,1,2
JuV6m-uCHri,"NajBývanie, s.r.o.",house,"large house","partially renovated","okres Ružomberok",Komjatná,"very cheap",-58.34,1083.33,755.95,0.4331,1,2
Juw8ClGcgML,"NajBývanie, s.r.o.",house,"large house","partially renovated","okres Ružomberok",Stankovany,"very cheap",-43.06,1246.44,780.37,0.5972,1,3
JuNJQwnH7BK,"NajBývanie, s.r.o.",house,"large house","under construction","okres Ružomberok",Roveň,average,-12.14,1173.68,1173.68,0.0000,1,1
JuCaZmfJRdP,"NajBývanie, s.r.o.",house,"large house",unrenovated,"okres Ružomberok",Ludrová,"very cheap",-44.08,1215.69,1215.69,0.0000,1,1
JuSFm2ck_qD,"NajBývanie, s.r.o.",house,"large house",unrenovated,"okres Ružomberok",Rybárpole,average,-2.85,835.00,835.00,0.0000,1,1
JukKOW5g8ic,"NajBývanie, s.r.o.",house,"medium house","fully renovated","okres Ružomberok",Kalameny,average,-11.37,1860.00,1860.00,0.0000,1,1
Ju3LCu23qXh,"NajBývanie, s.r.o.",house,"medium house","fully renovated","okres Ružomberok","Staré mesto",average,-14.78,NULL,NULL,NULL,1,1
JunqWaLvLjb,"NajBývanie, s.r.o.",house,"medium house","new construction","okres Liptovský Mikuláš","Liptovská Sielnica",average,-3.52,2285.71,2710.32,-0.1567,1,2
JucgDISpkFu,"NajBývanie, s.r.o.",house,"medium house","new construction","okres Ružomberok","Liptovská Štiavnica",cheap,-17.31,2758.93,2840.63,-0.0288,1,3
JugBNFAg1HA,"NajBývanie, s.r.o.",house,"medium house","new construction","okres Ružomberok",Rybárpole,average,-2.85,3322.92,3322.92,0.0000,1,1
JuHDbG3yLMb,"NajBývanie, s.r.o.",house,"medium house","partially renovated","okres Liptovský Mikuláš",Pribylina,cheap,-31.70,855.56,1107.78,-0.2277,1,2
JuRsdZ8Jr2V,"NajBývanie, s.r.o.",house,"medium house","partially renovated","okres Ružomberok","Biely Potok","very cheap",-43.23,1336.63,1336.63,0.0000,1,1
Ju7GkmUpk7w,"NajBývanie, s.r.o.",house,"medium house","partially renovated","okres Ružomberok","Liptovská Lúžna","very cheap",-42.53,1190.48,1190.48,0.0000,1,1
JumL89VNCQA,"NajBývanie, s.r.o.",house,"medium house","partially renovated","okres Ružomberok","Staré mesto",average,-14.78,1291.67,1291.67,0.0000,1,1
Ju5C1H5Abo0,"NajBývanie, s.r.o.",house,"medium house",unrenovated,"okres Ružomberok",Hrboltová,average,1.10,1231.34,1231.34,0.0000,1,1
JukbTdt_vUz,"NajBývanie, s.r.o.",house,"medium house",unrenovated,"okres Ružomberok",Lúčky,expensive,5.15,2095.24,1386.67,0.5110,1,3
JuQ3jpCSPOt,"NajBývanie, s.r.o.",house,"medium house",unrenovated,"okres Ružomberok",Ludrová,"very cheap",-44.08,1011.90,736.45,0.3740,2,2
JulGQ6sAAqR,"NajBývanie, s.r.o.",house,"medium house",unrenovated,"okres Ružomberok",Ludrová,"very cheap",-44.08,460.99,736.45,-0.3740,2,2
JusCOC7JYu5,"NajBývanie, s.r.o.",land,"small plot",NULL,"okres Ružomberok",Štiavnička,expensive,22.83,125.45,125.45,0.0000,1,1
JusbqvfGHuD,"NajBývanie, s.r.o.",apartment,"studio apartment","fully renovated","okres Martin",Priekopa,premium,55.82,3131.58,3131.58,0.0000,1,1
JuugYuyjxCy,NajlepšíMakléri.sk,house,"extra large house",unrenovated,"okres Čadca",Raková,cheap,-22.06,NULL,NULL,NULL,1,1
Ju11dVJkRkl,NajlepšíMakléri.sk,house,"extra large house",unrenovated,"okres Žilina",Závodie,expensive,15.24,NULL,NULL,NULL,1,1
JuDgbTTsbUm,"Nestor Capital s.r.o.",house,"large house","fully renovated","okres Čadca",Oščadnica,cheap,-22.04,1922.07,1530.92,0.2555,2,4
Jub25_ejcJA,"Nestor Capital s.r.o.",house,"large house","fully renovated","okres Čadca",Oščadnica,cheap,-22.04,1895.42,1530.92,0.2381,2,4
JuvbGiTBrMG,"New Ways Reality&Financie",house,"large house","new construction","okres Liptovský Mikuláš",Lazisko,cheap,-18.58,1782.74,1782.74,0.0000,1,1
JuNEJj6Bobe,"New Ways Reality&Financie",house,"large house",unrenovated,"okres Liptovský Mikuláš",Ľubeľa,average,-7.59,604.32,767.79,-0.2129,1,2
JuVBbGfUDf1,"New Ways Reality&Financie",land,"large plot",NULL,"okres Ružomberok",Ivachnová,expensive,16.52,98.97,98.97,0.0000,1,2
JueE0RaoId9,"NFA Group, s.r.o.",land,"small plot",NULL,"okres Liptovský Mikuláš","Liptovská Sielnica",average,-3.52,0.26,75.25,-0.9965,1,5
Ju_Khlvp1_L,"NFA Group, s.r.o.",land,"small plot",NULL,"okres Liptovský Mikuláš",Podtureň,premium,41.30,123.00,123.00,0.0000,1,5
JucNmI_DO7B,"NIKO-REAL, s.r.o.",apartment,"holiday apartment","fully renovated","okres Čadca",Oščadnica,cheap,-22.04,NULL,NULL,NULL,1,1
JuSYwKOlQ-6,"Nové bývanie",apartment,"3-room apartment","new construction","okres Dolný Kubín",NULL,NULL,NULL,NULL,2934.94,NULL,1,2
JuRTwACBCKF,"Nové bývanie",apartment,"3-room apartment","new construction","okres Námestovo",Zubrohlava,"very cheap",-47.20,NULL,2012.83,NULL,1,3
JuWDHMTcRk5,"Nové bývanie",house,"extra large house","partially renovated","okres Čadca",Klokočov,"very cheap",-42.36,223.68,223.68,0.0000,1,1
JuhM9MWOU0h,"Nové bývanie",house,"extra large house",unrenovated,"okres Liptovský Mikuláš","Liptovský Trnovec",expensive,19.86,587.60,402.80,0.4588,1,3
JuD_agZTj5g,"Nové bývanie",house,"extra large house",unrenovated,"okres Námestovo","Oravské Veselé","very cheap",-55.83,68.09,68.09,0.0000,1,1
Ju-zlCEP8xA,"Nové bývanie",apartment,"holiday apartment","new construction","okres Liptovský Mikuláš","Demänovská Dolina",premium,84.23,7521.74,5609.23,0.3410,1,40
JuOrdDmjklk,"Nové bývanie",house,"large house","partially renovated","okres Liptovský Mikuláš","Nižná Boca","very cheap",-60.53,515.15,515.15,0.0000,1,1
JuVzLEYHq9B,"Nové bývanie",house,"large house","partially renovated","okres Turčianske Teplice","Horná Štubňa",cheap,-30.38,206.67,615.84,-0.6644,1,2
JuS7vOeFGIN,"Nové bývanie",house,"large house","under construction","okres Kysucké Nové Mesto","Horný Vadičov",average,-5.28,2050.00,2050.00,0.0000,1,1
JuqBCTYKWBNV,"Nové bývanie",house,"medium house","new construction","okres Žilina",Poluvsie,average,-6.45,2004.61,1977.83,0.0135,1,2
Ju-AMIyF1en,"Nové bývanie",land,"medium plot",NULL,"okres Bytča",Jablonové,premium,129.45,163.64,234.35,-0.3017,1,3
Jus9HjYi9K6,"Nové bývanie",land,"medium plot",NULL,"okres Liptovský Mikuláš",Vlachy,cheap,-33.54,74.86,76.20,-0.0176,2,5
JudrqxfcGTR,"Nové bývanie",land,"medium plot",NULL,"okres Liptovský Mikuláš",Vlachy,cheap,-33.54,75.32,76.20,-0.0115,2,5
JumabMEntjy,"Nové bývanie",house,"small house",unrenovated,"okres Kysucké Nové Mesto",Povina,average,-11.94,1200.00,1200.00,0.0000,1,2
JuEHT7VVEBz,"Nové bývanie",house,"small house",unrenovated,"okres Žilina",Varín,average,-1.75,1339.29,1339.29,0.0000,1,1
JuLlR3SdY11,"Obec Liptovská Lúžna",apartment,"2-room apartment",unrenovated,"okres Ružomberok","Liptovská Lúžna","very cheap",-42.53,974.66,967.87,0.0070,3,3
JufKPFE3Y2M,"Obec Liptovská Lúžna",apartment,"2-room apartment",unrenovated,"okres Ružomberok","Liptovská Lúžna","very cheap",-42.53,954.29,967.87,-0.0140,3,3
JuYbhGZmbC7,"Obec Liptovská Lúžna",apartment,"2-room apartment",unrenovated,"okres Ružomberok","Liptovská Lúžna","very cheap",-42.53,974.66,967.87,0.0070,3,3
JuTaGlgOIm6,"Occam New Home",apartment,"4-room apartment","new construction","okres Liptovský Mikuláš","Demänovská Dolina",premium,84.23,NULL,NULL,NULL,2,2
JuhigkHR5x2,"Occam New Home",apartment,"4-room apartment","new construction","okres Liptovský Mikuláš","Demänovská Dolina",premium,84.23,NULL,NULL,NULL,2,2
Jultmw18Gne,"Occam New Home",apartment,"holiday apartment","new construction","okres Liptovský Mikuláš","Demänovská Dolina",premium,84.23,3498.45,5609.23,-0.3763,1,40
Juns9vrGm9z,"Occam New Home",apartment,"holiday apartment","new construction","okres Námestovo","Oravská Lesná",cheap,-20.20,3581.43,3491.40,0.0258,1,3
Jup1HeEGFtW,"ODEKO manažment s.r.o.",apartment,"1-room apartment","new construction","okres Žilina",Hájik,expensive,5.43,3722.89,3722.89,0.0000,1,1
JuInvssV5eE,"ODEKO manažment s.r.o.",apartment,"1-room apartment","under construction","okres Ružomberok",Roveň,average,-12.14,3295.99,3362.93,-0.0199,2,2
JuV9NY1IIlj,"ODEKO manažment s.r.o.",apartment,"1-room apartment","under construction","okres Ružomberok",Roveň,average,-12.14,3429.87,3362.93,0.0199,2,2
JuDjC6lbUrb,"ODEKO manažment s.r.o.",apartment,"2-room apartment","development project","okres Ružomberok",Baničné,cheap,-17.01,2740.92,2706.29,0.0128,4,4
Jue8OEdDtFX,"ODEKO manažment s.r.o.",apartment,"2-room apartment","development project","okres Ružomberok",Baničné,cheap,-17.01,2697.92,2706.29,-0.0031,4,4
JudY9Gw22hd,"ODEKO manažment s.r.o.",apartment,"2-room apartment","development project","okres Ružomberok",Baničné,cheap,-17.01,2694.22,2706.29,-0.0045,4,4
JuvSfTkJipf,"ODEKO manažment s.r.o.",apartment,"2-room apartment","development project","okres Ružomberok",Baničné,cheap,-17.01,2692.11,2706.29,-0.0052,4,4
Juh13qbi4yL,"ODEKO manažment s.r.o.",apartment,"2-room apartment","new construction","okres Žilina",Hájik,expensive,5.43,3183.63,3481.93,-0.0857,3,5
JuQPXllO6ks,"ODEKO manažment s.r.o.",apartment,"2-room apartment","new construction","okres Žilina",Hájik,expensive,5.43,3652.78,3481.93,0.0491,3,5
JuLxu_TUApX,"ODEKO manažment s.r.o.",apartment,"2-room apartment","new construction","okres Žilina",Hájik,expensive,5.43,3373.47,3481.93,-0.0311,3,5
JuaCjfZIx81,"ODEKO manažment s.r.o.",apartment,"2-room apartment","under construction","okres Ružomberok",Roveň,average,-12.14,2908.31,3087.71,-0.0581,2,3
JuRDmAO0N5y,"ODEKO manažment s.r.o.",apartment,"2-room apartment","under construction","okres Ružomberok",Roveň,average,-12.14,3267.11,3087.71,0.0581,2,3
JuXBeof4cBw,"ODEKO manažment s.r.o.",apartment,"3-room apartment","development project","okres Ružomberok",Baničné,cheap,-17.01,1498.78,1725.02,-0.1312,2,2
Jux9NoUYkfu,"ODEKO manažment s.r.o.",apartment,"3-room apartment","development project","okres Ružomberok",Baničné,cheap,-17.01,1951.25,1725.02,0.1311,2,2
JuAF6zTk4aw,"ODEKO manažment s.r.o.",apartment,"3-room apartment","new construction","okres Žilina",Hájik,expensive,5.43,3110.78,2949.56,0.0547,5,7
Ju-lEoc2XSC,"ODEKO manažment s.r.o.",apartment,"3-room apartment","new construction","okres Žilina",Hájik,expensive,5.43,2687.82,2949.56,-0.0887,5,7
JuXYI9YrjoJ,"ODEKO manažment s.r.o.",apartment,"3-room apartment","new construction","okres Žilina",Hájik,expensive,5.43,3119.67,2949.56,0.0577,5,7
Juw-fZcag7r,"ODEKO manažment s.r.o.",apartment,"3-room apartment","new construction","okres Žilina",Hájik,expensive,5.43,2403.85,2949.56,-0.1850,5,7
JuQKqXinTqJ,"ODEKO manažment s.r.o.",apartment,"3-room apartment","new construction","okres Žilina",Hájik,expensive,5.43,3460.82,2949.56,0.1733,5,7
JuyticuaW7A,"ODEKO manažment s.r.o.",apartment,"3-room apartment","under construction","okres Ružomberok",Roveň,average,-12.14,2746.48,2975.95,-0.0771,4,5
JuFOaiRGATh,"ODEKO manažment s.r.o.",apartment,"3-room apartment","under construction","okres Ružomberok",Roveň,average,-12.14,2752.20,2975.95,-0.0752,4,5
JuxFFLySNPg,"ODEKO manažment s.r.o.",apartment,"3-room apartment","under construction","okres Ružomberok",Roveň,average,-12.14,3440.72,2975.95,0.1562,4,5
JuH-SEIASle,"ODEKO manažment s.r.o.",apartment,"3-room apartment","under construction","okres Ružomberok",Roveň,average,-12.14,2964.40,2975.95,-0.0039,4,5
JuAFSeapxAr,"ODEKO manažment s.r.o.",apartment,"4-room apartment","new construction","okres Žilina",Hájik,expensive,5.43,3049.00,2623.35,0.1623,1,3
JuIP59md355,"ODEKO manažment s.r.o.",apartment,"4-room apartment","under construction","okres Ružomberok",Roveň,average,-12.14,2812.66,2744.84,0.0247,2,2
JuhxKlECA3G,"ODEKO manažment s.r.o.",apartment,"4-room apartment","under construction","okres Ružomberok",Roveň,average,-12.14,2677.02,2744.84,-0.0247,2,2
JuJ1fx159Ms,OPENREALITY,apartment,"3-room apartment",unrenovated,"okres Čadca",Stred,average,-13.67,1600.00,1606.93,-0.0043,1,2
Ju4H966Coro,"OREA, s.r.o.",apartment,"1-room apartment","fully renovated","okres Ružomberok",Bešeňová,expensive,16.40,3725.00,4012.50,-0.0717,2,2
JueZYUzuLYA,"OREA, s.r.o.",apartment,"1-room apartment","fully renovated","okres Ružomberok",Bešeňová,expensive,16.40,4300.00,4012.50,0.0717,2,2
JuY6ZkaPSRF,"OREA, s.r.o.",apartment,"1-room apartment","new construction","okres Ružomberok",Bešeňová,expensive,16.40,3688.10,3691.74,-0.0010,1,2
JudFUrfv3xN,"OREA, s.r.o.",apartment,"2-room apartment","new construction","okres Dolný Kubín",Brezovec,average,-1.33,NULL,3431.89,NULL,1,3
Ju9yeRQLBJd,"OREA, s.r.o.",apartment,"2-room apartment","new construction","okres Dolný Kubín","Kubínska hoľa",premium,40.40,4801.06,4801.06,0.0000,1,1
Ju7s-G2xWRrv,"OREA, s.r.o.",apartment,"2-room apartment","new construction","okres Dolný Kubín","Veľký Bysterec",average,-4.14,3703.70,3703.70,0.0000,1,1
JuSPwAqNDjb,"OREA, s.r.o.",apartment,"2-room apartment","new construction","okres Ružomberok",Hrabovo,average,-7.51,4137.93,3702.07,0.1177,1,3
JuVtdEgquxp,"OREA, s.r.o.",apartment,"3-room apartment","new construction","okres Dolný Kubín",Brezovec,average,-1.33,2067.57,2558.53,-0.1919,1,2
JuzSVrg19-5,"OREA, s.r.o.",apartment,"3-room apartment","new construction","okres Dolný Kubín",Stred,average,-5.26,3100.00,2949.38,0.0511,2,4
JuUaKO5dYge,"OREA, s.r.o.",apartment,"3-room apartment","new construction","okres Dolný Kubín",Stred,average,-5.26,3071.08,2949.38,0.0413,2,4
Juqj8-BDIgQ,"OREA, s.r.o.",apartment,"3-room apartment","new construction","okres Námestovo","Oravské Veselé","very cheap",-55.83,1614.75,1781.53,-0.0936,2,2
Ju_q6RS-fKo,"OREA, s.r.o.",apartment,"3-room apartment","new construction","okres Námestovo","Oravské Veselé","very cheap",-55.83,1948.31,1781.53,0.0936,2,2
JuIG-Ap8rLX,"OREA, s.r.o.",apartment,"3-room apartment","new construction","okres Tvrdošín",Zuberec,average,-10.57,2561.18,2629.65,-0.0260,2,2
Ju9d7v-lee8,"OREA, s.r.o.",apartment,"3-room apartment","new construction","okres Tvrdošín",Zuberec,average,-10.57,2698.11,2629.65,0.0260,2,2
JuqDc5JA0z2,"OREA, s.r.o.",apartment,"4-room apartment","fully renovated","okres Dolný Kubín",Brezovec,average,-1.33,2383.23,2287.12,0.0420,1,2
JucbDZIqH5K,"OREA, s.r.o.",house,"extra large house","fully renovated","okres Dolný Kubín","Medzibrodie nad Oravou","very cheap",-66.71,515.87,515.87,0.0000,1,1
JuZOnWEYPFE,"OREA, s.r.o.",land,"extra large plot",NULL,"okres Dolný Kubín",Párnica,average,-14.71,NULL,59.00,NULL,2,4
JuH2DC2P8Ud,"OREA, s.r.o.",land,"extra large plot",NULL,"okres Dolný Kubín",Párnica,average,-14.71,49.00,59.00,-0.1695,2,4
JuXyzVvMfD0,"OREA, s.r.o.",land,"extra large plot",NULL,"okres Dolný Kubín","Veľký Bysterec",average,-4.14,47.00,47.00,0.0000,1,1
JuFCukJYH3o,"OREA, s.r.o.",land,"extra large plot",NULL,"okres Dolný Kubín",Záskalie,"very cheap",-53.98,47.00,47.00,0.0000,1,1
Ju_IKpLJHsv,"OREA, s.r.o.",apartment,"holiday apartment","fully renovated","okres Ružomberok",Bešeňová,expensive,16.40,4677.42,3848.95,0.2152,1,6
JueZM646cTy,"OREA, s.r.o.",apartment,"holiday apartment","new construction","okres Ružomberok",Bešeňová,expensive,16.40,3872.50,3519.35,0.1003,1,7
JuT75QcQxxP,"OREA, s.r.o.",house,"large house","fully renovated","okres Dolný Kubín","Malý Bysterec",premium,41.88,2160.00,2160.00,0.0000,1,1
JuGgpJ73Uj2,"OREA, s.r.o.",house,"large house","new construction","okres Dolný Kubín",Brezovec,average,-1.33,1862.50,1807.72,0.0303,2,3
JuMpX9TQAHl,"OREA, s.r.o.",house,"large house","new construction","okres Dolný Kubín",Brezovec,average,-1.33,NULL,1807.72,NULL,2,3
JueF3aQCPcy,"OREA, s.r.o.",house,"large house","new construction","okres Dolný Kubín","Oravská Poruba",average,-1.71,1435.00,1435.00,0.0000,1,1
JutdauUbuYB,"OREA, s.r.o.",house,"large house","new construction","okres Žilina",Mojš,average,0.39,NULL,3354.04,NULL,1,3
JuiKlGUbKmU,"OREA, s.r.o.",house,"large house","partially renovated","okres Tvrdošín",Vitanová,cheap,-28.55,933.33,979.17,-0.0468,1,2
JumZ3KaibB-,"OREA, s.r.o.",house,"large house",unrenovated,"okres Dolný Kubín","Dlhá nad Oravou",cheap,-39.89,479.60,479.60,0.0000,1,1
JueqFSdFlNV,"OREA, s.r.o.",house,"large house",unrenovated,"okres Námestovo",Hruštín,"very cheap",-44.14,463.93,572.65,-0.1899,1,2
JuZjAAYPCXKg,"OREA, s.r.o.",land,"large plot",NULL,"okres Dolný Kubín","Horná Lehota","very cheap",-62.79,38.00,38.00,0.0000,1,2
JuvprX5EDq1,"OREA, s.r.o.",house,"medium house","fully renovated","okres Ružomberok",Likavka,expensive,15.22,3180.68,2266.34,0.4034,1,2
JuP8WIuTbXh,"OREA, s.r.o.",house,"medium house","partially renovated","okres Námestovo","Oravská Lesná",cheap,-20.20,986.67,986.67,0.0000,1,1
Ju1hmKLqP8g,"OREA, s.r.o.",house,"medium house",unrenovated,"okres Dolný Kubín",Mokraď,premium,65.60,1584.15,1584.15,0.0000,1,1
JupXbR8DGJn,"OREA, s.r.o.",land,"medium plot",NULL,"okres Dolný Kubín",Banisko,premium,56.94,238.00,238.00,0.0000,1,1
JuJ0YMlVen2,"OREA, s.r.o.",land,"medium plot",NULL,"okres Dolný Kubín","Dlhá nad Oravou",cheap,-39.89,75.00,75.00,0.0000,1,1
JuHRetqPaNB,"OREA, s.r.o.",land,"medium plot",NULL,"okres Dolný Kubín",Jasenová,expensive,34.86,139.00,139.00,0.0000,1,1
JuMcJmeaUcO,"OREA, s.r.o.",land,"medium plot",NULL,"okres Dolný Kubín",Leštiny,cheap,-26.57,75.00,75.00,0.0000,1,1
Jufivg-_9rM,"OREA, s.r.o.",land,"medium plot",NULL,"okres Dolný Kubín","Malý Bysterec",premium,41.88,NULL,175.91,NULL,1,3
JuOOdwBZpnq,"OREA, s.r.o.",land,"medium plot",NULL,"okres Dolný Kubín",Pribiš,"very cheap",-68.45,48.00,48.00,0.0000,1,1
JuoEkan0OM3,"OREA, s.r.o.",land,"medium plot",NULL,"okres Dolný Kubín",Veličná,expensive,14.21,120.00,134.94,-0.1107,2,7
JuPHlOJ8jWO,"OREA, s.r.o.",land,"medium plot",NULL,"okres Dolný Kubín",Veličná,expensive,14.21,NULL,134.94,NULL,2,7
JubvMgx0Xlu,"OREA, s.r.o.",land,"medium plot",NULL,"okres Dolný Kubín","Vyšný Kubín",premium,37.15,118.00,140.07,-0.1576,1,5
JuI3iwt9MRR,"OREA, s.r.o.",apartment,"studio apartment","new construction","okres Dolný Kubín",Brezovec,average,-1.33,3996.00,3996.00,0.0000,1,1
JuYD8Gn0PV5,"OVERENÉ REALITY",house,NULL,"partially renovated","okres Ružomberok",Polík,cheap,-38.28,NULL,NULL,NULL,1,1
JuZK70yldNu,"OVERENÉ REALITY",apartment,"1-room apartment","new construction","okres Liptovský Mikuláš","Liptovská Mara - Tatralandia",expensive,25.63,3461.54,3314.11,0.0445,1,2
JuxYMJGR4NW,"OVERENÉ REALITY",apartment,"1-room apartment","partially renovated","okres Ružomberok",Baničné,cheap,-17.01,2125.28,2125.28,0.0000,1,1
JuqcGRiE3sH,"OVERENÉ REALITY",apartment,"2-room apartment","fully renovated","okres Liptovský Mikuláš","Staré mesto",average,1.93,2173.91,2172.50,0.0006,1,9
JuzxsN9HYse,"OVERENÉ REALITY",apartment,"2-room apartment","new construction","okres Liptovský Mikuláš",Demänová,premium,36.87,4853.33,4202.04,0.1550,1,4
JugK_iVZsVR,"OVERENÉ REALITY",apartment,"2-room apartment","partially renovated","okres Ružomberok",Baničné,cheap,-17.01,2481.48,2481.48,0.0000,1,1
JuuN3hIqf_p,"OVERENÉ REALITY",apartment,"2-room apartment",unrenovated,"okres Liptovský Mikuláš",Podbreziny,expensive,13.11,2049.18,2122.61,-0.0346,1,3
Jugmk_Ze8Rz,"OVERENÉ REALITY",apartment,"3-room apartment","fully renovated","okres Liptovský Mikuláš","Vrbica - Nábrežie",average,1.84,2386.67,2386.67,0.0000,1,2
Ju3_oCKPJ8H,"OVERENÉ REALITY",apartment,"3-room apartment","partially renovated","okres Liptovský Mikuláš","Liptovský Peter",average,-1.51,1932.84,1932.84,0.0000,1,1
JuwolRsTXje,"OVERENÉ REALITY",apartment,"3-room apartment","partially renovated","okres Liptovský Mikuláš",Podbreziny,expensive,13.11,2261.54,2326.61,-0.0280,1,4
JutPVr1bWDy,"OVERENÉ REALITY",apartment,"3-room apartment","partially renovated","okres Liptovský Mikuláš",Pribylina,cheap,-31.70,1630.56,1630.56,0.0000,1,1
Ju7kGUvVlwS,"OVERENÉ REALITY",apartment,"3-room apartment",unrenovated,"okres Liptovský Mikuláš","Partizánska Ľupča",cheap,-18.55,1068.75,1068.75,0.0000,1,1
Ju7NnD-cxZu,"OVERENÉ REALITY",apartment,"4-room apartment","partially renovated","okres Ružomberok",Klačno,cheap,-18.24,NULL,NULL,NULL,1,1
JuOitn_WAgJ,"OVERENÉ REALITY",house,"extra large house","fully renovated","okres Liptovský Mikuláš","Veľké Borové","very cheap",-51.76,747.51,747.51,0.0000,1,1
JuHMOf4_aEt,"OVERENÉ REALITY",house,"extra large house","fully renovated","okres Martin",Podháj,average,-5.66,1191.18,1191.18,0.0000,1,1
JuTJoEU1yhL,"OVERENÉ REALITY",house,"extra large house","new construction","okres Žilina",Kľače,cheap,-28.52,NULL,NULL,NULL,1,2
Ju2MLh38AzW,"OVERENÉ REALITY",house,"extra large house","partially renovated","okres Liptovský Mikuláš","Vrbica - Nábrežie",average,1.84,735.29,735.29,0.0000,1,1
JuDZksNmp-x,"OVERENÉ REALITY",house,"extra large house","partially renovated","okres Ružomberok","Liptovská Teplá",cheap,-19.23,NULL,NULL,NULL,1,1
JuriEZGWaqe,"OVERENÉ REALITY",land,"extra large plot",NULL,"okres Dolný Kubín",Malatiná,"very cheap",-43.41,41.00,41.00,0.0000,1,1
JuPvBOIDHAu,"OVERENÉ REALITY",land,"extra large plot",NULL,"okres Turčianske Teplice",Háj,"very cheap",-71.62,15.00,15.00,0.0000,1,1
Ju8Q97pjRsq,"OVERENÉ REALITY",house,"large house","fully renovated","okres Ružomberok",Ivachnová,expensive,16.52,NULL,NULL,NULL,1,1
Juj5mPJZurA,"OVERENÉ REALITY",house,"large house","partially renovated","okres Ružomberok",Kalameny,average,-11.37,784.21,784.21,0.0000,1,1
JunogbuFikZ,"OVERENÉ REALITY",house,"large house","partially renovated","okres Ružomberok",Stankovany,"very cheap",-43.06,314.29,780.37,-0.5973,1,3
Ju1V4Qfns7o,"OVERENÉ REALITY",land,"large plot",NULL,"okres Liptovský Mikuláš","Liptovské Beharovce","very cheap",-55.88,50.00,60.00,-0.1667,1,2
JuTZg0TY8JC,"OVERENÉ REALITY",land,"large plot",NULL,"okres Martin",Belá-Dulice,cheap,-25.62,85.00,69.00,0.2319,1,3
JutkRgdiYBy,"OVERENÉ REALITY",land,"large plot",NULL,"okres Ružomberok","Liptovská Štiavnica",cheap,-17.31,NULL,NULL,NULL,1,1
JuHPJ-p52W2,"OVERENÉ REALITY",land,"large plot",NULL,"okres Ružomberok","Liptovský Michal",expensive,5.79,70.00,70.00,0.0000,1,1
Ju90ROUj5tm,"OVERENÉ REALITY",house,"medium house","fully renovated","okres Liptovský Mikuláš",Ľubeľa,average,-7.59,1826.09,1826.09,0.0000,1,1
JumqzlfG1o5,"OVERENÉ REALITY",house,"medium house","fully renovated","okres Ružomberok",Lisková,cheap,-19.78,1620.00,1620.00,0.0000,1,1
JucjxVVq04h,"OVERENÉ REALITY",house,"medium house","fully renovated","okres Turčianske Teplice","Malý Čepčín",cheap,-33.98,1586.67,1586.67,0.0000,1,1
Juf1-SHsN6y,"OVERENÉ REALITY",house,"medium house","new construction","okres Ružomberok","Staré mesto",average,-14.78,492.31,1049.73,-0.5310,1,2
Jufj_0Gj-0k,"OVERENÉ REALITY",house,"medium house","partially renovated","okres Liptovský Mikuláš",Ľubeľa,average,-7.59,1485.71,1430.00,0.0390,1,2
JuiIP6qTDBs,"OVERENÉ REALITY",house,"medium house","partially renovated","okres Liptovský Mikuláš",Vlachy,cheap,-33.54,1750.00,1750.00,0.0000,1,1
Ju5WlUoNnF_,"OVERENÉ REALITY",house,"medium house",unrenovated,"okres Ružomberok","Liptovská Lúžna","very cheap",-42.53,NULL,NULL,NULL,1,2
Juf2tcjNcp8,"OVERENÉ REALITY",land,"medium plot",NULL,"okres Liptovský Mikuláš",Gôtovany,average,-5.33,98.00,98.00,0.0000,1,2
JuHjoC-ETw9,"OVERENÉ REALITY",land,"medium plot",NULL,"okres Ružomberok",Likavka,expensive,15.22,105.00,105.00,0.0000,1,1
Jufd89QZCSO,"PASS Reality, s.r.o.",apartment,"holiday apartment","new construction","okres Liptovský Mikuláš","Pavčina Lehota",expensive,18.57,NULL,5111.11,NULL,1,2
JuN0fpmLbue,"Pegas real s.r.o.",house,"extra large house","fully renovated","okres Turčianske Teplice","Horná Štubňa",cheap,-30.38,825.00,831.42,-0.0077,1,2
JubxOFYENrS,"Pegas real s.r.o.",apartment,"holiday apartment","new construction","okres Liptovský Mikuláš",Smrečany,expensive,19.19,2738.52,2983.85,-0.0822,1,2
JuXSgDSAhl3,"Pegas real s.r.o.",house,"medium house","partially renovated","okres Žilina",Terchová,expensive,17.29,2000.00,2000.00,0.0000,1,1
JuQ9TAROpsL,"PhDr. Miloš Kocúr - BKM Consulting",apartment,"3-room apartment","fully renovated","okres Čadca",Centrum,cheap,-15.46,1797.30,1582.48,0.1357,1,2
JuSwT_XLgPV,"PhDr. Miloš Kocúr - BKM Consulting",land,"extra large plot",NULL,"okres Ružomberok","Revúcka dolina","very cheap",-89.23,11.00,11.00,0.0000,1,1
Ju6w7wQRZXw,"PhDr. Miloš Kocúr - BKM Consulting",apartment,"holiday apartment",unrenovated,"okres Čadca",Oščadnica,cheap,-22.04,2151.16,2151.16,0.0000,1,1
JuYcAohEk_m,"PhDr. Miloš Kocúr - BKM Consulting",house,"medium house",unrenovated,"okres Čadca",Svrčinovec,"very cheap",-51.62,153.33,533.81,-0.7128,1,2
Ju4eYX0tWAV,"PhDr. Miloš Kocúr - BKM Consulting",house,"medium house",unrenovated,"okres Kysucké Nové Mesto",Snežnica,average,3.88,440.00,440.00,0.0000,1,1
JuJ_XP7nrRJ,"Piata Avenue",house,NULL,"partially renovated","okres Martin",Priekopa,premium,55.82,84663.33,84663.33,0.0000,1,2
JuhdlIDH7jm,"Piata Avenue",apartment,"1-room apartment","partially renovated","okres Martin",Podháj,average,-5.66,3559.32,3559.32,0.0000,1,1
JuUnD0myJmK,"Piata Avenue",apartment,"2-room apartment","partially renovated","okres Žilina",Hájik,expensive,5.43,2576.57,2900.35,-0.1116,1,3
Ju_5trjiiyY,"Piata Avenue",apartment,"2-room apartment","partially renovated","okres Žilina",Solinky,expensive,24.79,3326.53,3171.62,0.0488,1,3
JuQxdKNuhGj,"Piata Avenue",apartment,"3-room apartment","partially renovated","okres Žilina","Staré mesto",expensive,25.24,2117.53,2835.82,-0.2533,1,5
Julb0pINzt_,"Piata Avenue",apartment,"4-room apartment","new construction","okres Žilina",Vlčince,premium,39.03,2863.64,3105.33,-0.0778,1,6
JubSMkcIUwQ,"Piata Avenue",house,"extra large house","fully renovated","okres Žilina",Terchová,expensive,17.29,NULL,NULL,NULL,2,2
JuyMQUBcXpS,"Piata Avenue",house,"extra large house","fully renovated","okres Žilina",Terchová,expensive,17.29,NULL,NULL,NULL,2,2
JunaNl4t7YD,"Piata Avenue",house,"extra large house",unrenovated,"okres Žilina",Bytčica,expensive,18.76,333.33,333.33,0.0000,1,1
JufNsLwTyrG,"Piata Avenue",land,"extra large plot",NULL,"okres Martin",Tomčany,expensive,6.77,57.40,58.70,-0.0221,1,3
Ju2TFOMHJIO,"Piata Avenue",house,"large house","fully renovated","okres Martin",Lipovec,average,-6.60,1871.35,1871.35,0.0000,1,1
JuatbTPjpIq,"Piata Avenue",house,"large house","partially renovated","okres Čadca",Blažkov,NULL,NULL,NULL,NULL,NULL,2,2
JuhaIw0usS1,"Piata Avenue",house,"large house","partially renovated","okres Čadca",Blažkov,NULL,NULL,NULL,NULL,NULL,2,2
JuRG-vEhd9B,"Piata Avenue",house,"large house","partially renovated","okres Žilina","Lietavská Lúčka",average,0.73,1454.05,1202.02,0.2097,1,3
JuM2ROndAws,"Piata Avenue",house,"large house",unrenovated,"okres Martin",Priekopa,premium,55.82,1083.33,1041.11,0.0406,1,3
JulcGjr0HkD,"Piata Avenue",land,"large plot",NULL,"okres Martin",Lipovec,average,-6.60,100.00,50.04,0.9984,1,2
JuZJcyLSBEx,"Piata Avenue",house,"medium house","new construction","okres Čadca",NULL,NULL,NULL,NULL,2855.95,NULL,1,2
Ju9gt_dtFmu,"Piata Avenue",house,"medium house","new construction","okres Martin","Turčiansky Peter",expensive,14.16,2850.00,2850.00,0.0000,3,4
Ju39WLkWIa0,"Piata Avenue",house,"medium house","new construction","okres Martin","Turčiansky Peter",expensive,14.16,2850.00,2850.00,0.0000,3,4
JuOV-FJAPLW,"Piata Avenue",house,"medium house","new construction","okres Martin","Turčiansky Peter",expensive,14.16,2850.00,2850.00,0.0000,3,4
JuETUDXgsIk,"Piata Avenue",house,"medium house","partially renovated","okres Žilina","Teplička nad Váhom",premium,48.91,2428.57,2428.57,0.0000,1,1
JuDOSPT3oT9,"Piata Avenue",house,"medium house",unrenovated,"okres Žilina",Hôrky,expensive,24.36,NULL,NULL,NULL,1,2
JuOd8JFAh_B,"Piata Avenue",land,"medium plot",NULL,"okres Žilina",Trnové,premium,40.34,230.00,145.13,0.5848,1,7
JujWzeAd4Mq,"Piata Avenue",land,"small plot",NULL,"okres Martin",Karlová,cheap,-27.11,80.00,80.00,0.0000,1,1
JuzpdzmMNmY,"Piata Avenue",land,"small plot",NULL,"okres Martin",Valča,cheap,-16.01,148.00,148.00,0.0000,1,1
Jul_OGhX8QT,"Piešťany Reality",apartment,"3-room apartment","partially renovated","okres Ružomberok",Hrabovo,average,-7.51,2833.33,2833.33,0.0000,1,1
JuhSIJae8jB,"Porto Real Group",apartment,"holiday apartment","new construction","okres Liptovský Mikuláš",Smrečany,expensive,19.19,3229.17,2983.85,0.0822,1,2
JuxZgQdKO7u,"PRIMA reality s.r.o.",apartment,"2-room apartment","new construction","okres Bytča","Veľká Bytča",expensive,8.56,3082.22,3082.22,0.0000,1,1
JuDTlIGxbmz,"PRIMA reality s.r.o.",house,"large house","new construction","okres Kysucké Nové Mesto","Horný Vadičov",average,-5.28,1942.11,1825.46,0.0639,1,4
Juh_NFZPlxN,"PRIMA reality s.r.o.",land,"small plot",NULL,"okres Žilina",Ovčiarsko,average,-2.35,179.00,134.11,0.3347,1,7
JursQitkieS,"PRIMA reality s.r.o.",apartment,"studio apartment","fully renovated","okres Žilina",Bánová,average,-7.70,2241.38,2241.38,0.0000,1,1
JuFvFbiV3nGH,"PRIVAT Reality spol.s.r.o",house,"large house","partially renovated","okres Kysucké Nové Mesto","Kysucký Lieskovec",average,-12.67,1150.00,980.26,0.1732,1,4
Jug-_AT8Wmt,"Pro Real, s. r. o. realitná kancelária",apartment,"3-room apartment","partially renovated","okres Kysucké Nové Mesto",Kamence,average,-3.70,2138.89,2138.89,0.0000,1,2
JuBgCxlwRO1,"Pro Real, s. r. o. realitná kancelária",apartment,"3-room apartment",unrenovated,"okres Kysucké Nové Mesto",Kamence,average,-3.70,2397.44,2170.25,0.1047,1,2
JuA0NKQExXq,"Pro Real, s. r. o. realitná kancelária",apartment,"3-room apartment",unrenovated,"okres Žilina",Hliny,expensive,11.48,2119.70,2365.40,-0.1039,1,4
JudQy8A1FLU,"Pro Real, s. r. o. realitná kancelária",house,"large house","partially renovated","okres Kysucké Nové Mesto",Ochodnica,"very cheap",-45.21,869.13,802.73,0.0827,1,2
JuLejb12kjD,"Pro Real, s. r. o. realitná kancelária",house,"large house",unrenovated,"okres Kysucké Nové Mesto",Povina,average,-11.94,994.12,994.12,0.0000,1,1
JuMkkypcseP,"Pro Real, s. r. o. realitná kancelária",land,"medium plot",NULL,"okres Kysucké Nové Mesto",Suľkov,average,-9.76,117.65,119.24,-0.0133,1,2
JuNs-c1_Jug,"PROFI INVEST družstvo",house,"medium house","fully renovated","okres Čadca",Staškov,cheap,-22.98,2615.38,2615.38,0.0000,1,1
JuApxJ94ky1,"Prom Real",house,"extra large house","fully renovated","okres Martin",Trebostovo,cheap,-34.25,1079.90,1180.20,-0.0850,1,2
JubVv2aiyY0,"PROMINENT REAL s.r.o.",apartment,"4-room apartment","new construction","okres Liptovský Mikuláš",Demänová,premium,36.87,3157.89,3157.89,0.0000,1,1
Ju2nlxPJxWn,"PROXAM reality s.r.o.",land,NULL,NULL,"okres Turčianske Teplice","Horná Štubňa",cheap,-30.38,26.00,26.00,0.0000,1,1
JulVwlSvctK,"Prvá Realitná Kancelária, s.r.o.",apartment,"2-room apartment","new construction","okres Liptovský Mikuláš","Liptovská Mara - Tatralandia",expensive,25.63,4000.00,3714.29,0.0769,1,3
Ju0wXtJ_miO,"Prvá Realitná Kancelária, s.r.o.",apartment,"3-room apartment","new construction","okres Liptovský Mikuláš","Liptovská Mara - Tatralandia",expensive,25.63,4024.39,4024.39,0.0000,1,1
JuZqtWo-t_S,"Prvá Realitná Kancelária, s.r.o.",apartment,"holiday apartment","new construction","okres Liptovský Mikuláš","Liptovská Mara - Tatralandia",expensive,25.63,4068.97,4068.97,0.0000,1,3
Jurvv0ZHBuR,"PSynchro RK32",apartment,"1-room apartment","new construction","okres Žilina",Vlčince,premium,39.03,NULL,3233.98,NULL,1,2
JuDis4x18zz,"PT-com s. r. o.",house,"large house","new construction","okres Liptovský Mikuláš",Ižipovce,average,-12.34,772.22,1309.64,-0.4104,3,4
JucRk_dUu__,"PT-com s. r. o.",house,"large house","new construction","okres Liptovský Mikuláš",Ižipovce,average,-12.34,1994.12,1309.64,0.5226,3,4
JuKqDyif0fX,"PT-com s. r. o.",house,"large house","new construction","okres Liptovský Mikuláš",Ižipovce,average,-12.34,1272.22,1309.64,-0.0286,3,4
JuIlrGNiow6,"Q REAL s.r.o.",apartment,"3-room apartment","new construction","okres Liptovský Mikuláš","Liptovská Sielnica",average,-3.52,2625.00,2625.00,0.0000,1,1
Jui7jyAQtCR,"Q REAL s.r.o.",house,"small house","new construction","okres Liptovský Mikuláš","Liptovská Sielnica",average,-3.52,2625.00,2625.00,0.0000,1,1
JuSc9mnlTNp,"Q REAL s.r.o.",land,"small plot",NULL,"okres Liptovský Mikuláš","Liptovská Sielnica",average,-3.52,90.00,75.25,0.1960,1,5
JuPmyuLY0AU,"Q REAL s.r.o.",land,"small plot",NULL,"okres Liptovský Mikuláš",Podtureň,premium,41.30,123.00,123.00,0.0000,1,5
JuPT1z2mBzV,"R2 SK, s.r.o.",apartment,"1-room apartment","partially renovated","okres Žilina",Vlčince,premium,39.03,3722.19,3722.19,0.0000,1,1
Jun4cFPr-JJ,"R2 SK, s.r.o.",apartment,"2-room apartment","new construction","okres Žilina",Závodie,expensive,15.24,3212.07,3181.27,0.0097,1,3
JuZG0VM_IM4,"R2 SK, s.r.o.",apartment,"3-room apartment","partially renovated","okres Bytča",Štiavnik,average,-9.25,1690.13,1690.13,0.0000,1,1
JuEVg7e9gge,"R2 SK, s.r.o.",apartment,"3-room apartment",unrenovated,"okres Martin",Záturčie,average,-12.61,2070.11,1655.36,0.2505,1,4
JuCSthEMyi8,"R2 SK, s.r.o.",apartment,"4-room apartment","partially renovated","okres Žilina","Staré mesto",expensive,25.24,2488.11,2360.74,0.0540,1,3
Juo6oycVN3c,"R2 SK, s.r.o.",house,"extra large house","fully renovated","okres Martin",Sučany,cheap,-19.13,650.60,495.44,0.3132,2,4
Ju95SyJKFz2,"R2 SK, s.r.o.",house,"extra large house","fully renovated","okres Martin",Sučany,cheap,-19.13,650.60,495.44,0.3132,2,4
JunMD2_PHX1,"R2 SK, s.r.o.",house,"extra large house","new construction","okres Žilina",Budatín,premium,51.29,1603.98,1603.98,0.0000,1,1
JuOaESnNFiy,"R2 SK, s.r.o.",house,"extra large house","new construction","okres Žilina",Kunerad,expensive,8.95,NULL,NULL,NULL,1,1
Ju8hKWbYUWy,"R2 SK, s.r.o.",house,"large house","new construction","okres Kysucké Nové Mesto","Horný Vadičov",average,-5.28,1760.92,1825.46,-0.0354,1,4
Juu-17oAoC1,"R2 SK, s.r.o.",house,"large house","partially renovated","okres Žilina","Považský Chlmec",expensive,12.99,883.33,883.33,0.0000,1,1
Juoe47l29P7,"R2 SK, s.r.o.",house,"large house","under construction","okres Žilina",Trnové,premium,40.34,1715.85,1715.85,0.0000,1,1
JusY0XVc742,"R2 SK, s.r.o.",house,"medium house","new construction","okres Žilina",Varín,average,-1.75,2682.59,2682.59,0.0000,1,1
JueyWGcCtCo,"R2 SK, s.r.o.",land,"medium plot",NULL,"okres Martin",Necpaly,cheap,-25.27,90.00,84.22,0.0686,1,4
JuUn4gk-elR,"R2 SK, s.r.o.",land,"medium plot",NULL,"okres Žilina","Kotrčiná Lúčka",cheap,-18.94,91.16,95.72,-0.0476,1,5
JugjLuDjRtG,"R2 SK, s.r.o.",land,"medium plot",NULL,"okres Žilina",Varín,average,-1.75,149.75,129.62,0.1553,1,4
Juc0qnwekhj,"R2 SK, s.r.o.",house,"small house",unrenovated,"okres Žilina",Strážov,average,2.47,1733.32,1733.32,0.0000,1,1
Ju_nFFJjAlC,"R2 SK, s.r.o.",land,"small plot",NULL,"okres Žilina",Ovčiarsko,average,-2.35,182.59,134.11,0.3615,1,7
Ju3KUswXUz_,"RADO Reality",land,"large plot",NULL,"okres Bytča","Hlboké nad Váhom","very cheap",-44.93,12.22,25.17,-0.5145,1,6
Julm5UqUwbF,"RADO Reality",land,"small plot",NULL,"okres Martin",Vrícko,average,-14.91,157.91,157.91,0.0000,1,1
JuoYPByad-u,"RAI COMPANY s.r.o.",land,"large plot",NULL,"okres Dolný Kubín",Malatiná,"very cheap",-43.41,35.00,35.00,0.0000,1,1
JuL5-OdofNk,"RAJA, spol. s r.o.",house,"large house","new construction","okres Žilina",Terchová,expensive,17.29,NULL,2011.24,NULL,1,2
JuYxNvuFp4O,"RE/MAX Slovakia",apartment,"1-room apartment","partially renovated","okres Liptovský Mikuláš",Bobrovník,cheap,-31.23,1428.29,1428.29,0.0000,1,1
JuTgtQtwGXl,"RE/MAX Slovakia",apartment,"2-room apartment","fully renovated","okres Martin",Sever,average,-7.71,2431.67,2186.28,0.1122,1,6
Jubh97mv2uS,"RE/MAX Slovakia",apartment,"2-room apartment","fully renovated","okres Martin",Stred,expensive,19.38,2220.83,2590.82,-0.1428,3,8
JuKkjtqN4VW,"RE/MAX Slovakia",apartment,"2-room apartment","fully renovated","okres Martin",Stred,expensive,19.38,3035.54,2590.82,0.1717,3,8
JuMBGx19jQm,"RE/MAX Slovakia",apartment,"2-room apartment","fully renovated","okres Martin",Stred,expensive,19.38,2727.09,2590.82,0.0526,3,8
JuxugnKSQZO,"RE/MAX Slovakia",apartment,"2-room apartment","new construction","okres Dolný Kubín",NULL,NULL,NULL,NULL,NULL,NULL,1,1
JuoJ6B-WiVu,"RE/MAX Slovakia",apartment,"2-room apartment","new construction","okres Liptovský Mikuláš",Demänová,premium,36.87,4491.53,4202.04,0.0689,1,4
JuunJga2z_k,"RE/MAX Slovakia",apartment,"2-room apartment","new construction","okres Liptovský Mikuláš","Demänovská Dolina",premium,84.23,5555.56,5274.89,0.0532,1,6
Juga_SyTI4R,"RE/MAX Slovakia",apartment,"2-room apartment","new construction","okres Liptovský Mikuláš","Liptovská Mara - Tatralandia",expensive,25.63,3428.57,3714.29,-0.0769,1,3
Ju1swh97q_w,"RE/MAX Slovakia",apartment,"2-room apartment","new construction","okres Liptovský Mikuláš","Liptovský Ján",expensive,5.21,3370.97,3399.77,-0.0085,1,2
Ju7xovoPDxC,"RE/MAX Slovakia",apartment,"2-room apartment","partially renovated","okres Ružomberok",Roveň,average,-12.14,1791.04,1791.04,0.0000,1,2
JuuvunHgeuI,"RE/MAX Slovakia",apartment,"2-room apartment","partially renovated","okres Tvrdošín",Medvedzie,average,-9.60,2115.37,2015.19,0.0497,1,3
Ju-DovddXIY,"RE/MAX Slovakia",apartment,"2-room apartment",unrenovated,"okres Liptovský Mikuláš","Vrbica - Nábrežie",average,1.84,1901.41,1901.41,0.0000,1,1
Ju1vHkMA9-i,"RE/MAX Slovakia",apartment,"3-room apartment","new construction","okres Dolný Kubín",Stred,average,-5.26,2716.30,2949.38,-0.0790,2,4
Ju1cdYuex4G,"RE/MAX Slovakia",apartment,"3-room apartment","new construction","okres Dolný Kubín",Stred,average,-5.26,2910.13,2949.38,-0.0133,2,4
Juu0CU0P8i0,"RE/MAX Slovakia",apartment,"3-room apartment","partially renovated","okres Liptovský Mikuláš","Svätý Kríž",expensive,11.02,1117.02,1117.02,0.0000,1,1
JuEhBGLGdyB,"RE/MAX Slovakia",apartment,"3-room apartment","partially renovated","okres Martin",Košúty,average,-3.60,1844.62,1908.00,-0.0332,1,5
Juf6pNtbqh1,"RE/MAX Slovakia",apartment,"3-room apartment","partially renovated","okres Martin",Stred,expensive,19.38,2125.00,1915.23,0.1095,1,9
Ju2WQT7unmV,"RE/MAX Slovakia",apartment,"4-room apartment","fully renovated","okres Martin","Košťany nad Turcom",average,-8.30,1988.24,1988.24,0.0000,1,1
JuWKKdSpysj,"RE/MAX Slovakia",apartment,"4-room apartment",unrenovated,"okres Liptovský Mikuláš",Demänová,premium,36.87,NULL,NULL,NULL,1,1
JudcWud0S5R,"RE/MAX Slovakia",house,"extra large house","new construction","okres Čadca",Oščadnica,cheap,-22.04,1165.50,1165.50,0.0000,1,1
JuyE1SKm9MG,"RE/MAX Slovakia",house,"extra large house","new construction","okres Dolný Kubín","Veľký Bysterec",average,-4.14,NULL,NULL,NULL,1,1
JuXGC09hAid,"RE/MAX Slovakia",house,"extra large house","new construction","okres Tvrdošín",Nižná,cheap,-23.39,888.89,888.89,0.0000,1,1
JuezaaUAQTl,"RE/MAX Slovakia",house,"extra large house",unrenovated,"okres Liptovský Mikuláš","Vrbica - Nábrežie",average,1.84,178.57,178.57,0.0000,1,1
Ju2XjdxAKiA,"RE/MAX Slovakia",land,"extra large plot",NULL,"okres Dolný Kubín","Dlhá nad Oravou",cheap,-39.89,NULL,NULL,NULL,1,2
JuMg-KktE1Q,"RE/MAX Slovakia",land,"extra large plot",NULL,"okres Dolný Kubín",Zázrivá,average,-13.12,18.00,26.72,-0.3263,1,3
Ju9G8aO6wQl,"RE/MAX Slovakia",land,"extra large plot",NULL,"okres Liptovský Mikuláš","Pavčina Lehota",expensive,18.57,120.00,120.00,0.0000,1,1
JuixgWiuI-g,"RE/MAX Slovakia",land,"extra large plot",NULL,"okres Martin",Príbovce,cheap,-32.39,28.00,28.00,0.0000,1,1
JuMxwj9KkkZ,"RE/MAX Slovakia",land,"extra large plot",NULL,"okres Námestovo","Oravská Jasenica",average,-14.50,87.09,87.09,0.0000,1,1
JurqmynKY4o,"RE/MAX Slovakia",house,"large house","new construction","okres Dolný Kubín","Oravský Podzámok",expensive,19.75,NULL,NULL,NULL,1,1
Juolbg2gxyQ,"RE/MAX Slovakia",house,"large house","new construction","okres Liptovský Mikuláš",Ižipovce,average,-12.34,1200.00,1309.64,-0.0837,1,4
Ju9q0Byrbad,"RE/MAX Slovakia",house,"large house","new construction","okres Liptovský Mikuláš",Východná,cheap,-25.31,2372.88,2372.88,0.0000,1,1
JuwqZ5PtbUb,"RE/MAX Slovakia",house,"large house","partially renovated","okres Martin",Jahodníky,expensive,9.68,1500.00,1500.00,0.0000,1,1
JuOwPTDIr94,"RE/MAX Slovakia",house,"large house","partially renovated","okres Martin",Priekopa,premium,55.82,1065.00,1109.98,-0.0405,1,5
Jugcs0uLwc2,"RE/MAX Slovakia",house,"large house","partially renovated","okres Ružomberok",Ivachnová,expensive,16.52,1659.09,1659.09,0.0000,1,1
JuZgBXj7DfA,"RE/MAX Slovakia",house,"large house",unrenovated,"okres Liptovský Mikuláš",Bobrovec,cheap,-15.72,912.50,1043.75,-0.1257,1,2
JuVWSdPVacq,"RE/MAX Slovakia",house,"large house",unrenovated,"okres Liptovský Mikuláš",Ľubeľa,average,-7.59,931.25,767.79,0.2129,1,2
JuXODWR0O8-,"RE/MAX Slovakia",house,"large house",unrenovated,"okres Liptovský Mikuláš","Malé Borové",cheap,-20.16,260.00,260.00,0.0000,1,1
JuP0XzI2a8X,"RE/MAX Slovakia",house,"large house",unrenovated,"okres Námestovo",Lomná,"very cheap",-52.75,484.38,484.38,0.0000,1,1
JuS8ciWyKMi,"RE/MAX Slovakia",house,"large house",unrenovated,"okres Ružomberok","Staré mesto",average,-14.78,1400.00,1400.00,0.0000,1,1
JuwSpmc62PT,"RE/MAX Slovakia",house,"large house",unrenovated,"okres Žilina",Lysica,cheap,-22.24,573.08,659.04,-0.1304,1,2
JuPGBZu28Sz,"RE/MAX Slovakia",land,"large plot",NULL,"okres Čadca",Oščadnica,cheap,-22.04,53.53,34.53,0.5502,1,6
Ju4xxL085OL,"RE/MAX Slovakia",land,"large plot",NULL,"okres Dolný Kubín",Zázrivá,average,-13.12,46.53,46.53,0.0000,1,1
JucXhJ-7RIW,"RE/MAX Slovakia",land,"large plot",NULL,"okres Liptovský Mikuláš",Bobrovník,cheap,-31.23,89.00,89.00,0.0000,1,1
JutnFvbh17V,"RE/MAX Slovakia",land,"large plot",NULL,"okres Liptovský Mikuláš","Liptovský Peter",average,-1.51,160.00,160.00,0.0000,1,1
JubNHDCg93x,"RE/MAX Slovakia",land,"large plot",NULL,"okres Námestovo","Oravská Jasenica",average,-14.50,119.06,91.93,0.2951,2,2
JuWnFD5OAUU,"RE/MAX Slovakia",land,"large plot",NULL,"okres Námestovo","Oravská Jasenica",average,-14.50,64.79,91.93,-0.2952,2,2
JuR54DrWWfx,"RE/MAX Slovakia",land,"large plot",NULL,"okres Námestovo",Rabča,premium,109.81,214.29,214.29,0.0000,1,1
JuWr2D7Iu3W,"RE/MAX Slovakia",land,"large plot",NULL,"okres Námestovo",Zákamenné,average,2.09,109.84,109.84,0.0000,1,1
JujDi-L-0hf,"RE/MAX Slovakia",house,"medium house","new construction","okres Čadca",Olešná,cheap,-36.99,2373.02,2373.02,0.0000,1,1
JuGV2Mc53Dd,"RE/MAX Slovakia",house,"medium house","new construction","okres Námestovo",Ťapešovo,cheap,-16.17,1817.36,1761.14,0.0319,1,2
JuHuCArgKgQ,"RE/MAX Slovakia",house,"medium house","new construction","okres Námestovo",Zubrohlava,"very cheap",-47.20,1833.33,1644.17,0.1150,1,2
JuPc1_kIcTs,"RE/MAX Slovakia",house,"medium house",unrenovated,"okres Martin",Turany,cheap,-32.68,1290.00,1290.00,0.0000,1,1
Ju3Q6cuW_-I,"RE/MAX Slovakia",house,"medium house",unrenovated,"okres Ružomberok","Liptovské Revúce","very cheap",-42.77,665.83,894.30,-0.2555,1,3
Jua9bDzVCPy,"RE/MAX Slovakia",house,"medium house",unrenovated,"okres Ružomberok",Lisková,cheap,-19.78,1090.91,790.90,0.3793,1,3
JuB8tqpRaSl,"RE/MAX Slovakia",house,"medium house",unrenovated,"okres Ružomberok","Pod Skalami",average,-10.09,954.55,954.55,0.0000,1,1
JuCDqPuA034,"RE/MAX Slovakia",house,"medium house",unrenovated,"okres Turčianske Teplice",Mošovce,cheap,-29.71,1020.00,943.34,0.0813,1,2
Ju2_HPkQ8s2,"RE/MAX Slovakia",land,"medium plot",NULL,"okres Dolný Kubín",Párnica,average,-14.71,164.04,131.46,0.2478,1,3
Ju9DTwAgiHG,"RE/MAX Slovakia",land,"medium plot",NULL,"okres Liptovský Mikuláš",Beňadiková,average,-11.64,139.00,153.00,-0.0915,1,2
Ju4gSJihj6x,"RE/MAX Slovakia",land,"medium plot",NULL,"okres Liptovský Mikuláš","Liptovská Kokava",premium,36.03,199.00,199.00,0.0000,1,1
JuOoDP05xJ-,"RE/MAX Slovakia",land,"medium plot",NULL,"okres Liptovský Mikuláš","Liptovské Matiašovce",average,-14.11,87.72,87.72,0.0000,1,1
JuOs44Ibx4E,"RE/MAX Slovakia",land,"medium plot",NULL,"okres Martin","Kláštor pod Znievom",average,-12.27,102.79,89.75,0.1453,1,3
JuJ4xyA2Mvr,"RE/MAX Slovakia",land,"medium plot",NULL,"okres Martin",Podhradie,cheap,-36.23,NULL,47.65,NULL,1,3
JuGN-E0XFUo,"RE/MAX Slovakia",land,"medium plot",NULL,"okres Martin",Priekopa,premium,55.82,169.32,122.94,0.3773,1,2
Ju6g_Z5mX7e,"RE/MAX Slovakia",land,"medium plot",NULL,"okres Martin",Stráne,average,-0.90,220.00,110.00,1.0000,1,2
Ju7mSPUl1TY3,"RE/MAX Slovakia",land,"medium plot",NULL,"okres Námestovo","Oravská Jasenica",average,-14.50,113.00,84.33,0.3400,1,3
JubUi5eOFbH,"RE/MAX Slovakia",land,"medium plot",NULL,"okres Ružomberok","Liptovská Štiavnica",cheap,-17.31,89.39,86.79,0.0300,1,2
Ju7iSwFbAaJ,"RE/MAX Slovakia",land,"medium plot",NULL,"okres Žilina",Lietava,cheap,-29.52,38.79,200.15,-0.8062,1,3
JupsJLU23Ow,"RE/MAX Slovakia",house,"small house",unrenovated,"okres Liptovský Mikuláš","Liptovská Kokava",premium,36.03,925.00,925.00,0.0000,1,1
Jujch7drC6q,"RE/MAX Slovakia",land,"small plot",NULL,"okres Liptovský Mikuláš","Liptovský Ján",expensive,5.21,125.00,125.00,0.0000,1,1
JuT66Fppd38,"RE/MAX Slovakia",apartment,"studio apartment","fully renovated","okres Dolný Kubín","Oravský Podzámok",expensive,19.75,4820.71,4820.71,0.0000,1,1
JuNBVjN_DWw_,"Real Estate Group4U",house,NULL,"new construction","okres Žilina",Rajec,average,-11.29,NULL,NULL,NULL,1,1
JuyVs7iUVpH,"Real Estate Group4U",house,"large house","new construction","okres Žilina",Budatín,premium,51.29,1901.26,1901.26,0.0000,1,2
JuSSMtgR56t,"Real Estate Group4U",house,"large house","new construction","okres Žilina",Ovčiarsko,average,-2.35,2036.97,2036.97,0.0000,1,1
JuVmgN9tviU,"Real Estate Group4U",house,"large house","new construction","okres Žilina",Rajec,average,-11.29,1453.50,1453.50,0.0000,1,1
Ju8BkkuvGLX,"Real Estate Group4U",land,"large plot",NULL,"okres Žilina",Ovčiarsko,average,-2.35,392.55,129.94,2.0210,1,6
JupYywFi6D_,"Real Estate Group4U",house,"medium house","new construction","okres Žilina",Bitarová,expensive,9.02,2627.49,2436.65,0.0783,3,13
JuKIEskdsEp,"Real Estate Group4U",house,"medium house","new construction","okres Žilina",Bitarová,expensive,9.02,2215.16,2436.65,-0.0909,3,13
Ju4MXYA6Wg9,"Real Estate Group4U",house,"medium house","new construction","okres Žilina",Bitarová,expensive,9.02,3000.00,2436.65,0.2312,3,13
JuE4imxVWwa,"Real Estate Group4U",house,"medium house","new construction","okres Žilina",Budatín,premium,51.29,2971.96,2971.96,0.0000,1,1
JuhK758b38X,"Real Estate Group4U",house,"medium house","new construction","okres Žilina",Divina,expensive,16.28,1785.43,1785.43,0.0000,1,1
JuZ5Od87-Gum,"Real Estate Group4U",house,"medium house","new construction","okres Žilina","Kamenná Poruba",premium,89.34,2029.13,2029.13,0.0000,1,1
JugvlRDwxML,"Real Estate Group4U",house,"medium house","new construction","okres Žilina",Lietava,cheap,-29.52,1952.68,1952.68,0.0000,1,1
JuCFEhTrJgF,"Real Estate Group4U",house,"medium house","new construction","okres Žilina","Lietavská Svinná-Babkov",average,1.75,2232.71,2232.71,0.0000,1,1
JulKhf0qSVY,"Real Estate Group4U",house,"medium house","new construction","okres Žilina",Rajec,average,-11.29,1389.90,1389.90,0.0000,1,1
Ju0Bq6SU1wr,"Real Estate Group4U",house,"medium house","new construction","okres Žilina","Rajecké Teplice",expensive,5.08,1382.47,2118.52,-0.3474,1,5
JumwW8ylM2r,"Real Estate Group4U",house,"medium house","new construction","okres Žilina","Žilinská Lehota",premium,36.32,2277.27,2010.24,0.1328,1,2
Ju81LTbk2gV,"Real Estate Group4U",land,"medium plot",NULL,"okres Bytča",Jablonové,premium,129.45,381.82,234.35,0.6293,1,3
Jurn7Tjk47J,"Real Estate Group4U",land,"medium plot",NULL,"okres Žilina",Bitarová,expensive,9.02,289.09,154.90,0.8663,1,8
JupQ7ehcKIt,"Real Estate Group4U",land,"medium plot",NULL,"okres Žilina",Budatín,premium,51.29,392.59,280.98,0.3972,3,10
Juod5b-P5x2,"Real Estate Group4U",land,"medium plot",NULL,"okres Žilina",Budatín,premium,51.29,558.64,280.98,0.9882,3,10
JuRufzqYfTo,"Real Estate Group4U",land,"medium plot",NULL,"okres Žilina",Budatín,premium,51.29,558.64,280.98,0.9882,3,10
JuGRHQWEm6t,"Real Estate Group4U",land,"medium plot",NULL,"okres Žilina",Divina,expensive,16.28,259.56,194.97,0.3313,1,3
JuCeJvEPD_0,"Real Estate Group4U",land,"medium plot",NULL,"okres Žilina",Lietava,cheap,-29.52,361.50,200.15,0.8061,1,3
JuXhVixLVGG,"Real Estate Group4U",land,"medium plot",NULL,"okres Žilina","Lietavská Svinná-Babkov",average,1.75,241.80,141.44,0.7096,1,5
Ju3DHGm3SX3,"Real Estate Group4U",land,"medium plot",NULL,"okres Žilina","Žilinská Lehota",premium,36.32,385.38,242.69,0.5880,1,2
JukLj5VG39M,"Real Estate Group4U",house,"small house","new construction","okres Žilina","Rajecká Lesná",cheap,-35.56,1614.02,1614.02,0.0000,1,1
JuYoMQAxiBt,"Real Estate Group4U",land,"small plot",NULL,"okres Žilina","Kamenná Poruba",premium,89.34,516.05,516.05,0.0000,1,1
JuqlrZXWQYv,"Real Global",house,"large house","partially renovated","okres Čadca",Podvysoká,"very cheap",-44.37,833.33,833.33,0.0000,1,1
Ju-j_zRPy7a,"Real Reality Development s.r.o.",apartment,"2-room apartment","new construction","okres Martin",Záturčie,average,-12.61,NULL,3250.00,NULL,1,2
Ju42s8vNbRj,"Real Reality Development s.r.o.",apartment,"2-room apartment","partially renovated","okres Martin",NULL,NULL,NULL,1901.61,1901.61,0.0000,1,1
JunTVXk3Mti,"Real Reality Development s.r.o.",apartment,"3-room apartment","fully renovated","okres Martin",Stred,expensive,19.38,NULL,3171.25,NULL,1,2
Jug496eX3Gs,"Real Reality Development s.r.o.",house,"large house",unrenovated,"okres Turčianske Teplice",Mošovce,cheap,-29.71,354.17,354.17,0.0000,1,1
JulnuV6b4dq,"Real Reality Development s.r.o.",land,"large plot",NULL,"okres Martin",Dražkovce,"very cheap",-56.68,103.00,103.00,0.0000,1,1
JuvJszhFBaP,"Real Reality Development s.r.o.",land,"large plot",NULL,"okres Turčianske Teplice",Mošovce,cheap,-29.71,45.19,53.59,-0.1567,1,2
JuwkeSmHDEB,"Real Reality Development s.r.o.",house,"medium house","new construction","okres Martin",Valča,cheap,-16.01,2636.36,2246.75,0.1734,1,2
JutrNWqo1mF,"Real Reality Development s.r.o.",house,"medium house","new construction","okres Martin",Žabokreky,average,-0.98,3790.70,3790.70,0.0000,1,1
JufiwULhgJw,"Real Reality Development s.r.o.",house,"medium house",unrenovated,"okres Martin",Šútovo,"very cheap",-46.29,1000.00,1000.00,0.0000,1,1
JuWPMQs-4VM,"Real Reality Development s.r.o.",land,"medium plot",NULL,"okres Martin",Lipovec,average,-6.60,163.01,131.51,0.2395,1,2
JumHegVgatu,"Real Reality Development s.r.o.",land,"medium plot",NULL,"okres Martin",Podhradie,cheap,-36.23,47.65,47.65,0.0000,1,3
JudwIpu1_KR,"Real Reality Development s.r.o.",land,"medium plot",NULL,"okres Martin","Turčiansky Ďur",cheap,-21.67,80.00,80.00,0.0000,1,1
JuMmLaRBnk-,"Real Reality Development s.r.o.",land,"small plot",NULL,"okres Martin",Stráne,average,-0.90,238.46,244.23,-0.0236,1,2
JuCH2kzzbIV,"REAL21 Invest-consult, s.r.o.",house,"extra large house",unrenovated,"okres Čadca",Klokočov,"very cheap",-42.36,194.17,206.22,-0.0584,1,2
JuLlnmGgMKV,"REAL21 Invest-consult, s.r.o.",house,"large house","partially renovated","okres Žilina",Rajec,average,-11.29,1093.92,1066.32,0.0259,2,5
JukD8xcsDDl,"REAL21 Invest-consult, s.r.o.",house,"large house","partially renovated","okres Žilina",Rajec,average,-11.29,1093.92,1066.32,0.0259,2,5
JuVMUFYMKhd,"Realitka pre každého",apartment,"1-room apartment","partially renovated","okres Žilina","Staré mesto",expensive,25.24,4715.45,4715.45,0.0000,1,1
Ju4lV1--VGV,"Realitka pre každého",apartment,"3-room apartment","fully renovated","okres Žilina","Staré mesto",expensive,25.24,3361.88,2757.62,0.2191,1,9
Ju_fnU9p20E,"Realitka pre každého",land,"extra large plot",NULL,"okres Žilina",Ovčiarsko,average,-2.35,22.35,22.35,0.0000,1,1
JuWNBUmtL8H,"Realitka pre každého",land,"medium plot",NULL,"okres Čadca",Podzávoz,expensive,19.26,96.46,96.46,0.0000,1,1
JuoLQW0Li8l,"Realitka pre každého",land,"medium plot",NULL,"okres Žilina",Bitarová,expensive,9.02,NULL,154.90,NULL,2,8
JuvQg4wxWiM,"Realitka pre každého",land,"medium plot",NULL,"okres Žilina",Bitarová,expensive,9.02,NULL,154.90,NULL,2,8
Jumx1pcB1EA,"Realitka pre každého",land,"medium plot",NULL,"okres Žilina","Dolná Tižina",average,-3.52,103.29,110.12,-0.0620,1,2
JunNzT26gJt,"Realitka pre každého",land,"medium plot",NULL,"okres Žilina",Kunerad,expensive,8.95,135.53,125.10,0.0834,1,3
JujjYxzg2zO,"Realitka pre každého",land,"small plot",NULL,"okres Kysucké Nové Mesto",Nesluša,"very cheap",-42.15,86.06,86.06,0.0000,1,1
JufSen-CtV2,"Realitná kancelária",house,NULL,"fully renovated","okres Martin","Kláštor pod Znievom",average,-12.27,NULL,NULL,NULL,1,2
JumX8n0CV3C,"Realitná kancelária",apartment,"1-room apartment","under construction","okres Žilina",Hájik,expensive,5.43,3611.20,3771.20,-0.0424,1,2
Ju_EiSHONLK,"Realitná kancelária",apartment,"2-room apartment","fully renovated","okres Bytča",Kotešová,expensive,16.48,2947.60,2947.60,0.0000,1,1
JuDJ_hnDscM,"Realitná kancelária",apartment,"2-room apartment","fully renovated","okres Martin",Stred,expensive,19.38,2331.67,2590.82,-0.1000,2,8
JuL3MT7o1WL,"Realitná kancelária",apartment,"2-room apartment","fully renovated","okres Martin",Stred,expensive,19.38,2331.67,2590.82,-0.1000,2,8
JuL6Lg1QL2c,"Realitná kancelária",apartment,"2-room apartment","partially renovated","okres Martin",Priekopa,premium,55.82,2068.97,1915.43,0.0802,1,3
JutAxM54sI9,"Realitná kancelária",apartment,"2-room apartment","partially renovated","okres Martin",Sever,average,-7.71,1756.76,1866.38,-0.0587,1,4
JuSXCvc_TgO,"Realitná kancelária",apartment,"2-room apartment","under construction","okres Žilina",Hájik,expensive,5.43,3281.21,3414.47,-0.0390,1,2
JukgHXnk_FH,"Realitná kancelária",apartment,"2-room apartment",unrenovated,"okres Martin",Stred,expensive,19.38,2300.00,2134.13,0.0777,1,2
JuuLiOVYceV,"Realitná kancelária",apartment,"3-room apartment","fully renovated","okres Čadca",Raková,cheap,-22.06,NULL,1882.35,NULL,1,4
Ju7yQFu2G0Z,"Realitná kancelária",apartment,"3-room apartment","fully renovated","okres Martin","Horné Vrútky",average,-10.79,2194.03,2079.02,0.0553,1,5
JuMd5Se4xMY,"Realitná kancelária",apartment,"3-room apartment","fully renovated","okres Martin",Košúty,average,-3.60,2000.00,2015.63,-0.0078,1,3
Ju7faBpvibU,"Realitná kancelária",apartment,"3-room apartment","fully renovated","okres Martin",Záturčie,average,-12.61,2312.40,2026.99,0.1408,1,3
JuvzAFSDr4x,"Realitná kancelária",apartment,"3-room apartment","new construction","okres Žilina",Bôrik,premium,61.54,NULL,3711.04,NULL,1,4
JukGyJ3rkzi,"Realitná kancelária",apartment,"3-room apartment","partially renovated","okres Čadca",Kyčerka,cheap,-16.23,NULL,2025.68,NULL,1,4
JueuOSIj-04,"Realitná kancelária",apartment,"3-room apartment","partially renovated","okres Martin","Horné Vrútky",average,-10.79,NULL,1730.70,NULL,1,8
JuwdgQhbLJx,"Realitná kancelária",apartment,"3-room apartment","partially renovated","okres Martin",Košúty,average,-3.60,1917.81,1908.00,0.0051,1,5
JuJvkR7cHC5,"Realitná kancelária",apartment,"3-room apartment","partially renovated","okres Martin",Lipovec,average,-6.60,NULL,NULL,NULL,1,1
Ju-D0j5Tx8q,"Realitná kancelária",apartment,"3-room apartment","partially renovated","okres Martin",Sever,average,-7.71,2380.95,2178.61,0.0929,1,5
JuZqmgmus3f,"Realitná kancelária",apartment,"3-room apartment","partially renovated","okres Martin",Turany,cheap,-32.68,1785.71,1826.19,-0.0222,1,3
JuocwBv9B8E,"Realitná kancelária",apartment,"3-room apartment","partially renovated","okres Žilina","Dlhé Pole",cheap,-21.15,NULL,1541.56,NULL,1,2
JuN-wthtGNF,"Realitná kancelária",apartment,"3-room apartment","under construction","okres Žilina",Hájik,expensive,5.43,2028.61,2686.74,-0.2450,1,2
JuiYcneQxM0,"Realitná kancelária",apartment,"3-room apartment",unrenovated,"okres Čadca",Kyčerka,cheap,-16.23,1788.71,1788.71,0.0000,1,1
JujdOeJ69tb,"Realitná kancelária",apartment,"3-room apartment",unrenovated,"okres Martin",Jahodníky,expensive,9.68,1828.95,1887.36,-0.0309,2,4
JuHzNQ7Qr-d,"Realitná kancelária",apartment,"3-room apartment",unrenovated,"okres Martin",Jahodníky,expensive,9.68,1820.09,1887.36,-0.0356,2,4
Juh1ajbcNdb,"Realitná kancelária",apartment,"3-room apartment",unrenovated,"okres Martin",Ľadoveň,average,-5.00,1801.47,1643.98,0.0958,1,2
JulLkJwhVa1,"Realitná kancelária",apartment,"3-room apartment",unrenovated,"okres Martin",Sever,average,-7.71,2013.43,2039.96,-0.0130,1,4
Ju6FesX3XoQ,"Realitná kancelária",apartment,"3-room apartment",unrenovated,"okres Martin",Turany,cheap,-32.68,1523.08,1442.10,0.0562,1,2
Juip-IYlQVA,"Realitná kancelária",apartment,"3-room apartment",unrenovated,"okres Martin",Záturčie,average,-12.61,1500.00,1655.36,-0.0939,1,4
Ju1i5P66bxL,"Realitná kancelária",apartment,"4-room apartment","fully renovated","okres Martin",Ľadoveň,average,-5.00,2172.62,2294.18,-0.0530,1,2
Juv5BxkBnXj,"Realitná kancelária",apartment,"4-room apartment","under construction","okres Žilina",Hájik,expensive,5.43,1846.63,2691.57,-0.3139,1,2
JuirbsBqAtw,"Realitná kancelária",apartment,"5+ room apartment","partially renovated","okres Martin",Lipovec,average,-6.60,NULL,NULL,NULL,1,1
Ju2Dvk7KVfE,"Realitná kancelária",house,"extra large house","fully renovated","okres Martin",Sučany,cheap,-19.13,340.28,495.44,-0.3132,2,4
JugymUldnU-,"Realitná kancelária",house,"extra large house","fully renovated","okres Martin",Sučany,cheap,-19.13,340.28,495.44,-0.3132,2,4
Jul-5SUTLOW,"Realitná kancelária",house,"extra large house","partially renovated","okres Martin","Horné Vrútky",average,-10.79,1162.79,1162.79,0.0000,1,1
JuXLOLWve3w,"Realitná kancelária",house,"extra large house","partially renovated","okres Martin",Stráne,average,-0.90,712.64,635.41,0.1215,1,5
JuXRWhaK2fl,"Realitná kancelária",land,"extra large plot",NULL,"okres Turčianske Teplice",Mošovce,cheap,-29.71,30.00,30.00,0.0000,1,1
JuZ8oOwqQdG,"Realitná kancelária",house,"large house","fully renovated","okres Turčianske Teplice","Dolná Štubňa",average,-9.65,1400.00,1400.00,0.0000,1,1
JuwZ6NJ-dUG,"Realitná kancelária",house,"large house","new construction","okres Kysucké Nové Mesto",Suľkov,average,-9.76,NULL,NULL,NULL,2,2
Ju6--Y2X6T3,"Realitná kancelária",house,"large house","new construction","okres Kysucké Nové Mesto",Suľkov,average,-9.76,NULL,NULL,NULL,2,2
JuRpz_IH6YR,"Realitná kancelária",house,"large house","new construction","okres Martin",Príbovce,cheap,-32.39,0.01,0.01,0.0000,1,1
Ju6USQNI4A_,"Realitná kancelária",house,"large house","new construction","okres Martin","Turčiansky Peter",expensive,14.16,1400.00,1333.33,0.0500,1,3
Juq41p0QoVh,"Realitná kancelária",house,"large house","partially renovated","okres Martin","Kláštor pod Znievom",average,-12.27,0.01,0.01,0.0000,1,1
JuZfxEunNEv,"Realitná kancelária",house,"large house","under construction","okres Čadca","Vysoká nad Kysucou","very cheap",-45.14,NULL,NULL,NULL,2,2
Ju0Cnj5HUET,"Realitná kancelária",house,"large house","under construction","okres Čadca","Vysoká nad Kysucou","very cheap",-45.14,NULL,NULL,NULL,2,2
Ju8_creUM11,"Realitná kancelária",house,"large house",unrenovated,"okres Čadca",Oščadnica,cheap,-22.04,679.60,679.60,0.0000,1,1
JuB8NSIuUep,"Realitná kancelária",house,"large house",unrenovated,"okres Žilina",Brodno,average,-14.41,NULL,NULL,NULL,1,1
JuzM9_Wad8Q,"Realitná kancelária",house,"large house",unrenovated,"okres Žilina","Považský Chlmec",expensive,12.99,NULL,NULL,NULL,2,2
JusOQ86lFSqV,"Realitná kancelária",house,"large house",unrenovated,"okres Žilina","Považský Chlmec",expensive,12.99,NULL,NULL,NULL,2,2
JuyhzX_H2M6,"Realitná kancelária",land,"large plot",NULL,"okres Čadca",Skalité,cheap,-35.97,57.85,57.85,0.0000,1,1
JuEOlFJy7eI,"Realitná kancelária",land,"large plot",NULL,"okres Liptovský Mikuláš","Svätý Kríž",expensive,11.02,44.22,44.22,0.0000,1,2
JuApbqYiTwl,"Realitná kancelária",land,"large plot",NULL,"okres Martin","Dolný Kalník",expensive,19.12,82.00,82.00,0.0000,1,1
JuE953fYUaJ,"Realitná kancelária",land,"large plot",NULL,"okres Martin",Lipovec,average,-6.60,0.07,50.04,-0.9986,1,2
JuSx0xp8txp,"Realitná kancelária",land,"large plot",NULL,"okres Martin","Turčianske Kľačany",expensive,11.48,47.89,56.16,-0.1473,1,2
Ju-Gmi7_Mm7,"Realitná kancelária",house,"medium house","fully renovated","okres Čadca","Vysoká nad Kysucou","very cheap",-45.14,1100.00,1056.67,0.0410,1,3
JuCoSlVNCl5,"Realitná kancelária",house,"medium house","fully renovated","okres Žilina",Strečno,expensive,16.35,NULL,NULL,NULL,1,1
JuUyJggM4z1,"Realitná kancelária",house,"medium house","new construction","okres Martin","Kláštor pod Znievom",average,-12.27,2345.45,2331.82,0.0058,1,2
JuVsKCgx10t,"Realitná kancelária",house,"medium house","new construction","okres Žilina",Višňové,expensive,22.64,1875.54,1875.54,0.0000,1,4
JuNIAiX-3DT,"Realitná kancelária",house,"medium house","new construction","okres Žilina",Zbyňov,expensive,20.98,3490.00,3490.00,0.0000,1,1
JuI7pHVr8cE,"Realitná kancelária",house,"medium house","partially renovated","okres Bytča",Jablonové,premium,129.45,NULL,NULL,NULL,1,1
Ju6imjQhc-A,"Realitná kancelária",house,"medium house","partially renovated","okres Liptovský Mikuláš",Pribylina,cheap,-31.70,1360.00,1107.78,0.2277,1,2
Ju99kiZ5_Lw,"Realitná kancelária",house,"medium house","partially renovated","okres Martin",NULL,NULL,NULL,1329.17,1329.17,0.0000,1,1
Ju9IkfFOfMa,"Realitná kancelária",house,"medium house","partially renovated","okres Turčianske Teplice","Horná Štubňa",cheap,-30.38,NULL,856.43,NULL,1,2
JuIaBwHCjWo,"Realitná kancelária",house,"medium house","partially renovated","okres Turčianske Teplice","Malý Čepčín",cheap,-33.98,1586.67,1586.67,0.0000,1,1
Junjv5ltBRp,"Realitná kancelária",house,"medium house","under construction","okres Turčianske Teplice",Sklené,average,-12.01,1340.00,1340.00,0.0000,1,1
Ju3T5ymjwHh,"Realitná kancelária",house,"medium house",unrenovated,"okres Martin","Dolné Vrútky",expensive,7.27,1066.67,1341.92,-0.2051,1,3
Ju2gistO4oo,"Realitná kancelária",house,"medium house",unrenovated,"okres Martin",Priekopa,premium,55.82,1961.54,1961.54,0.0000,1,1
JumgmN6Y0Rr,"Realitná kancelária",house,"medium house",unrenovated,"okres Turčianske Teplice",Sklené,average,-12.01,866.67,705.75,0.2280,1,2
JupMjKkwPeV,"Realitná kancelária",land,"medium plot",NULL,"okres Liptovský Mikuláš",Kvačany,cheap,-18.87,69.00,69.00,0.0000,1,1
JuXs9XHVo90,"Realitná kancelária",land,"medium plot",NULL,"okres Martin","Karvaša a Bláhovca",average,-11.99,131.43,131.58,-0.0011,1,7
JuUJvcqmSGz,"Realitná kancelária",land,"medium plot",NULL,"okres Martin",Príbovce,cheap,-32.39,88.24,88.24,0.0000,1,2
JuFMSKsdInV,"Realitná kancelária",land,"medium plot",NULL,"okres Žilina",Bitarová,expensive,9.02,155.83,154.90,0.0060,1,8
JuyZQBxrqQr,"Realitná kancelária",land,"small plot",NULL,"okres Kysucké Nové Mesto",Snežnica,average,3.88,120.00,127.69,-0.0602,1,3
JuCX6DjrhAx,"Realitná kancelária",land,"small plot",NULL,"okres Liptovský Mikuláš",Kvačany,cheap,-18.87,99.00,104.08,-0.0488,1,2
JutuKcNv2OP,"Realitná kancelária",land,"small plot",NULL,"okres Martin",Stred,expensive,19.38,404.93,404.93,0.0000,1,1
Ju9SYtrH9Xk,"Realitná kancelária",land,"small plot",NULL,"okres Turčianske Teplice","Horná Štubňa",cheap,-30.38,49.02,49.02,0.0000,1,1
Julb8CQS_U3,"Realitná kancelária",land,"small plot",NULL,"okres Turčianske Teplice",Sklené,average,-12.01,60.88,60.88,0.0000,1,1
JuzjY-k3id9,"Realitná kancelária",land,"small plot",NULL,"okres Žilina",Turie,premium,42.68,73.00,116.50,-0.3734,1,2
JuaBQ-omPcs,"Realitná kancelária",apartment,"studio apartment",unrenovated,"okres Martin",Sever,average,-7.71,3080.00,3080.00,0.0000,2,3
JuUmF3RUVmb,"Realitná kancelária",apartment,"studio apartment",unrenovated,"okres Martin",Sever,average,-7.71,NULL,3080.00,NULL,2,3
JuQwMUprpPT,"Realitná kancelária DOM",apartment,"3-room apartment","new construction","okres Kysucké Nové Mesto",Sídlisko,average,-3.57,2491.67,2474.39,0.0070,3,4
JuzuxPMP-Xr,"Realitná kancelária DOM",apartment,"3-room apartment","new construction","okres Kysucké Nové Mesto",Sídlisko,average,-3.57,2491.67,2474.39,0.0070,3,4
Ju-q6Oh2szF,"Realitná kancelária DOM",apartment,"3-room apartment","new construction","okres Kysucké Nové Mesto",Sídlisko,average,-3.57,2491.67,2474.39,0.0070,3,4
JulDE6qv7sX,"Realitná kancelária DOM",apartment,"4-room apartment",unrenovated,"okres Žilina","Staré mesto",expensive,25.24,1611.11,1740.95,-0.0746,1,4
Ju3GPN81c0G6,"Realitná kancelária DOM",apartment,"5+ room apartment",unrenovated,"okres Žilina","Staré mesto",expensive,25.24,1611.11,1611.11,0.0000,1,1
Ju9vhNLIhpv,"Realitná kancelária DOM",house,"extra large house","new construction","okres Žilina","Staré mesto",expensive,25.24,NULL,NULL,NULL,1,1
Justu1hySer,"Realitná kancelária DOM",house,"medium house","new construction","okres Čadca",Makov,"very cheap",-43.27,1981.98,1695.54,0.1689,1,2
JuG-JRPmhAG,"Realitná kancelária DOM",house,"medium house","new construction","okres Žilina",NULL,NULL,NULL,NULL,NULL,NULL,1,1
JuzPTGI_Ub6,"Realitná kancelária DOM",house,"medium house","new construction","okres Žilina","Dlhé Pole",cheap,-21.15,NULL,NULL,NULL,1,1
Juu8tQQ6S3G,"Realitná kancelária DOM",house,"medium house","new construction","okres Žilina",Terchová,expensive,17.29,NULL,2362.95,NULL,1,2
JubdDMCwkS-,"Realitná kancelária DR, s.r.o.",apartment,"2-room apartment","fully renovated","okres Martin",Záturčie,average,-12.61,2843.14,2843.14,0.0000,1,1
Juk3KAL7-tq,"Realitná kancelária DR, s.r.o.",house,"large house",unrenovated,"okres Martin",Podhradie,cheap,-36.23,620.00,620.00,0.0000,1,1
JuBfL7XLVQ9,"Realitná kancelária DR, s.r.o.",house,"large house",unrenovated,"okres Turčianske Teplice",Rudno,cheap,-22.31,595.00,595.00,0.0000,1,1
JuG7o38qa_3q,"Realitná kancelária DR, s.r.o.",house,"medium house",unrenovated,"okres Martin","Turčiansky Peter",expensive,14.16,1142.86,1383.93,-0.1742,1,2
Ju1Fv2ySoaS,"Realitná kancelária Kľúč",house,"medium house",unrenovated,"okres Martin",Príbovce,cheap,-32.39,1346.15,1256.41,0.0714,1,3
Juomcnw1rQn,"Realitná kancelária Peter Hubka",house,"large house","new construction","okres Liptovský Mikuláš",Vavrišovo,"very cheap",-63.13,1467.92,1467.92,0.0000,1,1
Ju9Zm5FKDvx,"Realitná kancelária RED, s.r.o.",apartment,"2-room apartment","fully renovated","okres Žilina",Hliny,expensive,11.48,2929.31,2889.58,0.0137,1,3
Ju6LKRO0_U9,"Realitná kancelária RED, s.r.o.",apartment,"2-room apartment","fully renovated","okres Žilina","Staré mesto",expensive,25.24,3296.30,2789.29,0.1818,2,15
JuhRFtZO6yy,"Realitná kancelária RED, s.r.o.",apartment,"2-room apartment","fully renovated","okres Žilina","Staré mesto",expensive,25.24,2892.31,2789.29,0.0369,2,15
JuhS9MQTC4v,"Realitná kancelária RED, s.r.o.",apartment,"2-room apartment","fully renovated","okres Žilina",Vlčince,premium,39.03,2549.28,2931.48,-0.1304,1,4
JuXll0okDmg,"Realitná kancelária RED, s.r.o.",apartment,"2-room apartment","new construction","okres Žilina",Bôrik,premium,61.54,4653.85,3397.18,0.3699,2,4
JuVUnBR3tKh,"Realitná kancelária RED, s.r.o.",apartment,"2-room apartment","new construction","okres Žilina",Bôrik,premium,61.54,3229.73,3397.18,-0.0493,2,4
JuUusk-Q8GE,"Realitná kancelária RED, s.r.o.",apartment,"2-room apartment","new construction","okres Žilina",Bytčica,expensive,18.76,3718.60,3642.63,0.0209,5,5
JuykdgfJYfL,"Realitná kancelária RED, s.r.o.",apartment,"2-room apartment","new construction","okres Žilina",Bytčica,expensive,18.76,3551.79,3642.63,-0.0249,5,5
JuEDjVYN-JT,"Realitná kancelária RED, s.r.o.",apartment,"2-room apartment","new construction","okres Žilina",Bytčica,expensive,18.76,3752.83,3642.63,0.0303,5,5
JuKnGrQfPf8P,"Realitná kancelária RED, s.r.o.",apartment,"2-room apartment","new construction","okres Žilina",Bytčica,expensive,18.76,3646.30,3642.63,0.0010,5,5
Jukc07qMxPz,"Realitná kancelária RED, s.r.o.",apartment,"2-room apartment","new construction","okres Žilina",Bytčica,expensive,18.76,3543.64,3642.63,-0.0272,5,5
JuE40RXyw1_,"Realitná kancelária RED, s.r.o.",apartment,"2-room apartment","new construction","okres Žilina",Hájik,expensive,5.43,3599.80,3481.93,0.0339,1,5
JuD8hcoEgT4,"Realitná kancelária RED, s.r.o.",apartment,"2-room apartment","new construction","okres Žilina",Vlčince,premium,39.03,3229.73,3595.46,-0.1017,1,10
JuBD3ecZzdA,"Realitná kancelária RED, s.r.o.",apartment,"2-room apartment","new construction","okres Žilina",Závodie,expensive,15.24,3312.50,3181.27,0.0413,1,3
Ju-seNslb4u,"Realitná kancelária RED, s.r.o.",apartment,"2-room apartment","partially renovated","okres Martin",Priekopa,premium,55.82,1818.18,1915.43,-0.0508,1,3
JuDyAq3LxaR,"Realitná kancelária RED, s.r.o.",apartment,"2-room apartment",unrenovated,"okres Kysucké Nové Mesto",Sídlisko,average,-3.57,2053.57,2111.79,-0.0276,1,2
JupVQ9BHiZG,"Realitná kancelária RED, s.r.o.",apartment,"2-room apartment",unrenovated,"okres Žilina",Hliny,expensive,11.48,2692.31,2579.51,0.0437,1,5
JuKXKn_6Mq6,"Realitná kancelária RED, s.r.o.",apartment,"2-room apartment",unrenovated,"okres Žilina",Solinky,expensive,24.79,2920.00,2920.00,0.0000,1,1
JudVZxPODEn,"Realitná kancelária RED, s.r.o.",apartment,"3-room apartment","fully renovated","okres Žilina",Solinky,expensive,24.79,2685.71,2592.86,0.0358,1,2
JuIQ6bOnZsGz,"Realitná kancelária RED, s.r.o.",apartment,"3-room apartment","fully renovated","okres Žilina","Staré mesto",expensive,25.24,3049.59,2757.62,0.1059,2,9
JuUTD1Lj0lr,"Realitná kancelária RED, s.r.o.",apartment,"3-room apartment","fully renovated","okres Žilina","Staré mesto",expensive,25.24,2437.50,2757.62,-0.1161,2,9
JudIm98MNcc,"Realitná kancelária RED, s.r.o.",apartment,"3-room apartment","fully renovated","okres Žilina",Vlčince,premium,39.03,2549.28,2883.51,-0.1159,1,6
Jus-du7SK4F,"Realitná kancelária RED, s.r.o.",apartment,"3-room apartment","new construction","okres Žilina",Bytčica,expensive,18.76,3505.97,3407.72,0.0288,2,2
Jul_zSmXyuk,"Realitná kancelária RED, s.r.o.",apartment,"3-room apartment","new construction","okres Žilina",Bytčica,expensive,18.76,3309.46,3407.72,-0.0288,2,2
JuZiQf_R1fN,"Realitná kancelária RED, s.r.o.",apartment,"3-room apartment","new construction","okres Žilina",Divina,expensive,16.28,NULL,NULL,NULL,1,1
JukVrVsK1ht,"Realitná kancelária RED, s.r.o.",apartment,"3-room apartment","new construction","okres Žilina",Hájik,expensive,5.43,2932.00,2949.56,-0.0060,1,7
JuEvHi31Kuc,"Realitná kancelária RED, s.r.o.",apartment,"3-room apartment","new construction","okres Žilina","Staré mesto",expensive,25.24,2708.33,3410.80,-0.2060,1,9
Ju7XXF2jsra,"Realitná kancelária RED, s.r.o.",apartment,"3-room apartment","new construction","okres Žilina",Vlčince,premium,39.03,3621.21,3177.28,0.1397,1,11
JukiyEnJ5hw,"Realitná kancelária RED, s.r.o.",apartment,"4-room apartment","fully renovated","okres Žilina",Hliny,expensive,11.48,1956.52,1956.52,0.0000,1,1
JuRirU25uGC,"Realitná kancelária RED, s.r.o.",apartment,"4-room apartment","fully renovated","okres Žilina","Staré mesto",expensive,25.24,2654.32,2619.81,0.0132,6,8
JuzTIfdr-oi,"Realitná kancelária RED, s.r.o.",apartment,"4-room apartment","fully renovated","okres Žilina","Staré mesto",expensive,25.24,2586.12,2619.81,-0.0129,6,8
Ju-DQSmNMMQ,"Realitná kancelária RED, s.r.o.",apartment,"4-room apartment","fully renovated","okres Žilina","Staré mesto",expensive,25.24,2733.33,2619.81,0.0433,6,8
JurXcD9fbrUY,"Realitná kancelária RED, s.r.o.",apartment,"4-room apartment","fully renovated","okres Žilina","Staré mesto",expensive,25.24,2654.32,2619.81,0.0132,6,8
JuvBgKU_KI7,"Realitná kancelária RED, s.r.o.",apartment,"4-room apartment","fully renovated","okres Žilina","Staré mesto",expensive,25.24,2663.37,2619.81,0.0166,6,8
Juvr_afUfgc,"Realitná kancelária RED, s.r.o.",apartment,"4-room apartment","fully renovated","okres Žilina","Staré mesto",expensive,25.24,269.23,2619.81,-0.8972,6,8
Jua8nBfq4pP,"Realitná kancelária RED, s.r.o.",apartment,"4-room apartment","fully renovated","okres Žilina",Strečno,expensive,16.35,2065.93,2065.93,0.0000,1,1
JuNPxF24aaA,"Realitná kancelária RED, s.r.o.",apartment,"4-room apartment","fully renovated","okres Žilina",Vlčince,premium,39.03,2388.89,2507.26,-0.0472,1,5
Ju8feO0vuod,"Realitná kancelária RED, s.r.o.",apartment,"4-room apartment","new construction","okres Bytča","Thurzove sady",average,-12.69,2895.35,2895.35,0.0000,1,1
Ju9UkKAGv88,"Realitná kancelária RED, s.r.o.",apartment,"4-room apartment","new construction","okres Žilina",Vlčince,premium,39.03,2863.64,3105.33,-0.0778,1,6
JuobOWSlbyq,"Realitná kancelária RED, s.r.o.",house,"extra large house","fully renovated","okres Žilina","Rajecké Teplice",expensive,5.08,1616.34,1616.34,0.0000,1,1
Juxato9q4rN,"Realitná kancelária RED, s.r.o.",house,"extra large house","new construction","okres Žilina",Kľače,cheap,-28.52,NULL,NULL,NULL,1,2
JuWdOUuOqTq,"Realitná kancelária RED, s.r.o.",house,"extra large house","partially renovated","okres Bytča","Veľké Rovné",average,-9.95,562.47,562.47,0.0000,1,1
JuVJGPaHJOp,"Realitná kancelária RED, s.r.o.",house,"extra large house",unrenovated,"okres Čadca",Zákopčie,cheap,-18.02,945.60,945.60,0.0000,1,1
Ju34HqZzlYZ,"Realitná kancelária RED, s.r.o.",house,"large house","fully renovated","okres Žilina",Terchová,expensive,17.29,1409.09,1635.10,-0.1382,2,4
Ju0MsknUaYA,"Realitná kancelária RED, s.r.o.",house,"large house","fully renovated","okres Žilina",Terchová,expensive,17.29,1512.00,1635.10,-0.0753,2,4
Juv33DUvv0m,"Realitná kancelária RED, s.r.o.",house,"large house","fully renovated","okres Žilina",Závodie,expensive,15.24,1649.48,1772.08,-0.0692,1,2
Ju5rRr5_rO4,"Realitná kancelária RED, s.r.o.",house,"large house","new construction","okres Žilina",Bitarová,expensive,9.02,1954.25,1898.29,0.0295,1,3
JuxTlJngqfx,"Realitná kancelária RED, s.r.o.",house,"large house","new construction","okres Žilina",Hôrky,expensive,24.36,2385.87,2788.85,-0.1445,1,3
Juyu3gyyoUE,"Realitná kancelária RED, s.r.o.",house,"large house","new construction","okres Žilina",Konská,average,-12.32,NULL,1688.37,NULL,1,2
Ju0TAHkXz3F,"Realitná kancelária RED, s.r.o.",house,"large house","new construction","okres Žilina",Mojš,average,0.39,2626.32,3354.04,-0.2170,2,3
JuY6OUpbXjU,"Realitná kancelária RED, s.r.o.",house,"large house","new construction","okres Žilina",Mojš,average,0.39,4081.76,3354.04,0.2170,2,3
JuBLiYfiieE,"Realitná kancelária RED, s.r.o.",house,"large house","new construction","okres Žilina",Turie,premium,42.68,1795.00,1795.00,0.0000,1,1
JuNTZT4Nroa,"Realitná kancelária RED, s.r.o.",house,"large house","new construction","okres Žilina","Žilinská Lehota",premium,36.32,NULL,1103.63,NULL,1,3
Ju5nlLB7ljN,"Realitná kancelária RED, s.r.o.",house,"large house","partially renovated","okres Žilina",Bytčica,expensive,18.76,869.42,869.42,0.0000,1,1
JuMIjDzPJlV,"Realitná kancelária RED, s.r.o.",house,"large house","partially renovated","okres Žilina","Dolná Tižina",average,-3.52,1088.24,1088.24,0.0000,1,1
JuJ_aSROqsa,"Realitná kancelária RED, s.r.o.",house,"large house",unrenovated,"okres Bytča",Maršová-Rašov,expensive,27.25,NULL,NULL,NULL,1,1
JuMmB0vZcwg,"Realitná kancelária RED, s.r.o.",house,"large house",unrenovated,"okres Žilina",Bôrik,premium,61.54,NULL,2234.38,NULL,1,3
Juidd703LOU,"Realitná kancelária RED, s.r.o.",house,"large house",unrenovated,"okres Žilina",Lysica,cheap,-22.24,745.00,659.04,0.1304,1,2
Jubw55XES_L,"Realitná kancelária RED, s.r.o.",house,"large house",unrenovated,"okres Žilina",Rajec,average,-11.29,574.07,574.07,0.0000,1,2
JuTYVNH1hyq,"Realitná kancelária RED, s.r.o.",house,"large house",unrenovated,"okres Žilina",Závodie,expensive,15.24,1388.89,1369.00,0.0145,1,6
JuQ2hrgTY7r,"Realitná kancelária RED, s.r.o.",house,"medium house","fully renovated","okres Liptovský Mikuláš",Pribylina,cheap,-31.70,1350.00,1350.00,0.0000,1,1
JucPea4Ivtx,"Realitná kancelária RED, s.r.o.",house,"medium house","fully renovated","okres Žilina",Brodno,average,-14.41,2115.12,1818.07,0.1634,1,2
JuCwuVypfFN,"Realitná kancelária RED, s.r.o.",house,"medium house","fully renovated","okres Žilina","Teplička nad Váhom",premium,48.91,2428.57,2330.62,0.0420,2,2
JuYzFawuXq5,"Realitná kancelária RED, s.r.o.",house,"medium house","fully renovated","okres Žilina","Teplička nad Váhom",premium,48.91,2232.67,2330.62,-0.0420,2,2
Ju5jLRFNJLG,"Realitná kancelária RED, s.r.o.",house,"medium house","new construction","okres Bytča","Hliník nad Váhom",expensive,6.88,3511.45,2659.63,0.3203,1,8
JuxiHYI3lEP,"Realitná kancelária RED, s.r.o.",house,"medium house","new construction","okres Žilina",Bitarová,expensive,9.02,3651.79,2436.65,0.4987,1,13
Jut9hBMvkj1,"Realitná kancelária RED, s.r.o.",house,"medium house","new construction","okres Žilina",Hôrky,expensive,24.36,NULL,3144.05,NULL,1,3
JuUGbhQf4wL,"Realitná kancelária RED, s.r.o.",house,"medium house","new construction","okres Žilina",Poluvsie,average,-6.45,1951.05,1977.83,-0.0135,1,2
Ju7QPzGiQmY,"Realitná kancelária RED, s.r.o.",house,"medium house","new construction","okres Žilina",Strážov,average,2.47,2053.44,2199.15,-0.0663,1,4
JuWdcFlgLA9,"Realitná kancelária RED, s.r.o.",house,"medium house","new construction","okres Žilina",Turie,premium,42.68,3194.17,2774.25,0.1514,1,2
JuMul7PwvM2d,"Realitná kancelária RED, s.r.o.",house,"medium house","new construction","okres Žilina",Višňové,expensive,22.64,NULL,1875.54,NULL,1,4
Ju33SFzO_eU,"Realitná kancelária RED, s.r.o.",house,"medium house","partially renovated","okres Žilina",Trnové,premium,40.34,NULL,NULL,NULL,1,1
JuHhaEPAecH,"Realitná kancelária RED, s.r.o.",house,"medium house",unrenovated,"okres Žilina",Budatín,premium,51.29,2102.80,2102.80,0.0000,1,1
JuKdkYrCkFc,"Realitná kancelária RED, s.r.o.",house,"medium house",unrenovated,"okres Žilina","Staré mesto",expensive,25.24,2233.33,3865.34,-0.4222,1,5
JucU49przXp,"Realitná kancelária RED, s.r.o.",house,"small house","partially renovated","okres Žilina",Bytčica,expensive,18.76,2062.50,2062.50,0.0000,1,1
Ju6JqIt-z8V,"Realitná kancelária RED, s.r.o.",house,"small house",unrenovated,"okres Žilina","Horný Hričov",premium,60.47,2471.43,2471.43,0.0000,1,1
JuOBPA2nCGL,"Realitná kancelária SYMPATIA REAL s. r. o.",land,"large plot",NULL,"okres Žilina","Teplička nad Váhom",premium,48.91,45.00,45.00,0.0000,1,1
JulChkHGviO,"Realitná sieť UPgreat",house,"large house",unrenovated,"okres Čadca",Radôstka,"very cheap",-41.55,408.33,408.33,0.0000,1,1
JuCc2IAocam,"Realitné kancelárie SR",land,NULL,NULL,"okres Liptovský Mikuláš",Podtureň,premium,41.30,123.00,123.00,0.0000,1,2
JuFbQAoDlAy,"Realitné kancelárie SR",land,NULL,NULL,"okres Tvrdošín",Habovka,expensive,11.69,NULL,NULL,NULL,1,1
Ju4Q_gSlKhh,"Realitné kancelárie SR",land,NULL,NULL,"okres Žilina",Kľače,cheap,-28.52,85.00,85.00,0.0000,1,2
JuGTmonCdFp,"Realitné kancelárie SR",apartment,"2-room apartment","fully renovated","okres Liptovský Mikuláš","Staré mesto",average,1.93,2071.24,2172.50,-0.0466,1,9
Juc4p__s1-a,"Realitné kancelárie SR",apartment,"2-room apartment","fully renovated","okres Žilina","Staré mesto",expensive,25.24,2800.00,2789.29,0.0038,2,15
JuAZvxGvcMl,"Realitné kancelárie SR",apartment,"2-room apartment","fully renovated","okres Žilina","Staré mesto",expensive,25.24,2800.00,2789.29,0.0038,2,15
JuaEFYi_BYt,"Realitné kancelárie SR",apartment,"2-room apartment","new construction","okres Liptovský Mikuláš","Staré mesto",average,1.93,2715.42,3192.75,-0.1495,1,6
JuwIRVaQL-Z,"Realitné kancelárie SR",apartment,"2-room apartment","new construction","okres Žilina",Fačkov,expensive,13.41,3878.26,3878.26,0.0000,1,1
JuEE_KosY1x,"Realitné kancelárie SR",apartment,"2-room apartment","new construction","okres Žilina","Staré mesto",expensive,25.24,2732.56,3751.47,-0.2716,1,8
JuauRurLCyp,"Realitné kancelárie SR",apartment,"2-room apartment","partially renovated","okres Žilina",Hájik,expensive,5.43,2924.49,2900.35,0.0083,1,3
JuXqaBy1YwX,"Realitné kancelárie SR",apartment,"2-room apartment","partially renovated","okres Žilina","Staré mesto",expensive,25.24,3129.63,2992.88,0.0457,1,5
JuqdVslmKGx,"Realitné kancelárie SR",apartment,"2-room apartment","under construction","okres Martin",Sever,average,-7.71,2727.27,2727.27,0.0000,1,1
Jubt5q54oGG,"Realitné kancelárie SR",apartment,"2-room apartment",unrenovated,"okres Liptovský Mikuláš","Demänovská Dolina",premium,84.23,6882.49,6882.49,0.0000,1,1
Ju6opeOUPUx,"Realitné kancelárie SR",apartment,"2-room apartment",unrenovated,"okres Žilina","Staré mesto",expensive,25.24,2272.73,2272.73,0.0000,1,1
JuJDcaBGFgv,"Realitné kancelárie SR",apartment,"3-room apartment","new construction","okres Čadca",Škrabákovci,cheap,-23.10,2261.25,2261.25,0.0000,1,1
JudlhMNjWfy,"Realitné kancelárie SR",apartment,"3-room apartment","new construction","okres Martin",Záturčie,average,-12.61,2593.22,2593.22,0.0000,1,1
JuUnWH-g8Yz,"Realitné kancelárie SR",apartment,"3-room apartment","new construction","okres Žilina","Staré mesto",expensive,25.24,2461.12,3410.80,-0.2784,1,9
JuYIUYhGIcc,"Realitné kancelárie SR",apartment,"3-room apartment","partially renovated","okres Žilina",Vlčince,premium,39.03,2607.25,2454.29,0.0623,1,2
Ju3Edwy5E9k,"Realitné kancelárie SR",apartment,"4-room apartment","fully renovated","okres Žilina","Staré mesto",expensive,25.24,2663.37,2619.81,0.0166,1,8
Ju9mMuon122,"Realitné kancelárie SR",house,"extra large house","fully renovated","okres Kysucké Nové Mesto",Ochodnica,"very cheap",-45.21,790.48,790.48,0.0000,1,1
JuoBv0wotbR,"Realitné kancelárie SR",house,"extra large house","new construction","okres Martin",Ľadoveň,average,-5.00,1388.33,1388.33,0.0000,1,1
JuGOUcoOOnY,"Realitné kancelárie SR",house,"extra large house","new construction","okres Martin",Ratkovo,"very cheap",-81.38,393.69,393.69,0.0000,1,1
JuE2xdPeLMB,"Realitné kancelárie SR",house,"extra large house","partially renovated","okres Žilina",Budatín,premium,51.29,997.14,1025.72,-0.0279,2,2
JueXmDjP7zd,"Realitné kancelárie SR",house,"extra large house","partially renovated","okres Žilina",Budatín,premium,51.29,1054.29,1025.72,0.0279,2,2
Jud-pgAdAnR,"Realitné kancelárie SR",house,"extra large house","partially renovated","okres Žilina",Závodie,expensive,15.24,1380.28,1577.12,-0.1248,1,2
JuzDr69odLH,"Realitné kancelárie SR",house,"extra large house","under construction","okres Liptovský Mikuláš","Liptovský Peter",average,-1.51,NULL,NULL,NULL,1,1
JuPRgX9VgXE,"Realitné kancelárie SR",house,"extra large house",unrenovated,"okres Liptovský Mikuláš","Partizánska Ľupča",cheap,-18.55,1142.57,1142.57,0.0000,1,1
JuUTEYZS5iH,"Realitné kancelárie SR",house,"extra large house",unrenovated,"okres Martin","Turčianske Kľačany",expensive,11.48,NULL,NULL,NULL,1,1
Judf0zzhq5f,"Realitné kancelárie SR",land,"extra large plot",NULL,"okres Bytča","Veľká Bytča",expensive,8.56,NULL,NULL,NULL,1,2
JusK3lTtUjZ,"Realitné kancelárie SR",land,"extra large plot",NULL,"okres Bytča","Veľké Rovné",average,-9.95,55.00,42.64,0.2899,1,2
Ju2u6VZSsgd,"Realitné kancelárie SR",land,"extra large plot",NULL,"okres Liptovský Mikuláš","Liptovský Trnovec",expensive,19.86,75.00,75.00,0.0000,2,2
JuVy8PAIz5F,"Realitné kancelárie SR",land,"extra large plot",NULL,"okres Liptovský Mikuláš","Liptovský Trnovec",expensive,19.86,75.00,75.00,0.0000,2,2
JuYIPkTCQff,"Realitné kancelárie SR",land,"extra large plot",NULL,"okres Žilina",Bôrik,premium,61.54,125.00,125.00,0.0000,1,1
JuiFvyOCpZO,"Realitné kancelárie SR",land,"extra large plot",NULL,"okres Žilina",Višňové,expensive,22.64,105.00,98.33,0.0678,2,3
JuQixUnoW4u,"Realitné kancelárie SR",land,"extra large plot",NULL,"okres Žilina",Višňové,expensive,22.64,95.00,98.33,-0.0339,2,3
Juo8hsv1xWR,"Realitné kancelárie SR",apartment,"holiday apartment","new construction","okres Martin",Valča,cheap,-16.01,2235.08,3121.50,-0.2840,2,3
Juwy9k5pZPS,"Realitné kancelárie SR",apartment,"holiday apartment","new construction","okres Martin",Valča,cheap,-16.01,3313.64,3121.50,0.0616,2,3
Ju4BxKT1MU9,"Realitné kancelárie SR",apartment,"holiday apartment","new construction","okres Žilina","Rajecké Teplice",expensive,5.08,3918.03,3918.03,0.0000,1,1
Juz7ZSlTDXe,"Realitné kancelárie SR",house,"large house","fully renovated","okres Bytča","Veľké Rovné",average,-9.95,1037.04,1037.04,0.0000,1,1
JuZZAG3gZ4P,"Realitné kancelárie SR",house,"large house","fully renovated","okres Martin",Bystrička,average,-4.82,1349.38,1371.47,-0.0161,1,3
JuPf2GxFke-,"Realitné kancelárie SR",house,"large house","fully renovated","okres Martin",Jahodníky,expensive,9.68,2131.05,1677.77,0.2702,1,4
Ju4OltTKR0f,"Realitné kancelárie SR",house,"large house","fully renovated","okres Žilina",Bánová,average,-7.70,1642.31,1192.55,0.3771,1,3
JuJib1snd7W,"Realitné kancelárie SR",house,"large house","fully renovated","okres Žilina",Bytčica,expensive,18.76,2327.78,2327.78,0.0000,1,1
JuG6_2wmBUe_,"Realitné kancelárie SR",house,"large house","fully renovated","okres Žilina",Konská,average,-12.32,1296.30,1296.30,0.0000,1,1
JuFneDQjvVa,"Realitné kancelárie SR",house,"large house","fully renovated","okres Žilina","Staré mesto",expensive,25.24,NULL,2025.55,NULL,1,3
JuNLZwMInNc,"Realitné kancelárie SR",house,"large house","new construction","okres Bytča",Kotešová,expensive,16.48,1687.05,1687.05,0.0000,1,1
Ju30CSFlSqq,"Realitné kancelárie SR",house,"large house","new construction","okres Martin",Stred,expensive,19.38,1066.67,1066.67,0.0000,1,1
JuiwpIv6ZO8n,"Realitné kancelárie SR",house,"large house","new construction","okres Turčianske Teplice","Turčiansky Michal",average,-11.08,1650.00,1684.38,-0.0204,1,3
Jus17nMd2mT,"Realitné kancelárie SR",house,"large house","new construction","okres Žilina",Divinka,average,-2.19,1962.77,1962.77,0.0000,1,1
JuRjiZLlPKY,"Realitné kancelárie SR",house,"large house","new construction","okres Žilina",Hôrky,expensive,24.36,2990.34,2788.85,0.0722,1,3
JuqhO5GsZ4W,"Realitné kancelárie SR",house,"large house","new construction","okres Žilina","Lietavská Svinná-Babkov",average,1.75,2111.11,2111.11,0.0000,2,2
JuWpbcAmhWj,"Realitné kancelárie SR",house,"large house","new construction","okres Žilina","Lietavská Svinná-Babkov",average,1.75,2111.11,2111.11,0.0000,2,2
JuNWUZoKon_,"Realitné kancelárie SR",house,"large house","new construction","okres Žilina",Trnové,premium,40.34,2961.54,2216.02,0.3364,1,3
JunBZ5UZ987,"Realitné kancelárie SR",house,"large house","partially renovated","okres Čadca",Klokočov,"very cheap",-42.36,605.29,564.31,0.0726,1,3
JueseIeLY2v,"Realitné kancelárie SR",house,"large house","partially renovated","okres Čadca","Stará Bystrica",average,-2.57,877.56,877.56,0.0000,1,1
JuIgiXtxn7E,"Realitné kancelárie SR",house,"large house","partially renovated","okres Martin",Stráne,average,-0.90,NULL,1396.00,NULL,1,4
JuGGmyAKTE2V,"Realitné kancelárie SR",house,"large house","partially renovated","okres Martin",Vrícko,average,-14.91,705.56,705.56,0.0000,1,1
JuINrC73hf2,"Realitné kancelárie SR",house,"large house","partially renovated","okres Žilina","Teplička nad Váhom",premium,48.91,580.52,580.52,0.0000,1,1
Juxt1OSVKJl,"Realitné kancelárie SR",house,"large house","partially renovated","okres Žilina",Závodie,expensive,15.24,1480.00,1480.00,0.0000,1,1
Ju2CLffbgDO,"Realitné kancelárie SR",house,"large house",unrenovated,"okres Čadca",Čierne,cheap,-20.23,1062.50,1062.50,0.0000,1,1
Ju3paQMk-CF,"Realitné kancelárie SR",house,"large house",unrenovated,"okres Dolný Kubín","Sedliacka Dubová",average,-10.59,916.67,916.67,0.0000,1,1
JurxVAeUfVk,"Realitné kancelárie SR",house,"large house",unrenovated,"okres Martin",Belá-Dulice,cheap,-25.62,690.00,690.00,0.0000,1,1
JujhU5M-jAg,"Realitné kancelárie SR",house,"large house",unrenovated,"okres Martin",Bystrička,average,-4.82,951.90,951.90,0.0000,1,1
JulEUnG0Jam,"Realitné kancelárie SR",house,"large house",unrenovated,"okres Turčianske Teplice",Stred,cheap,-16.60,NULL,1062.22,NULL,1,2
Ju4fcPQtwwm,"Realitné kancelárie SR",house,"large house",unrenovated,"okres Žilina","Mojšová Lúčka",premium,48.21,1738.46,1738.46,0.0000,1,1
JunwM7MkcDW,"Realitné kancelárie SR",house,"large house",unrenovated,"okres Žilina",Závodie,expensive,15.24,1204.09,1369.00,-0.1205,1,6
JutLp8axckym,"Realitné kancelárie SR",land,"large plot",NULL,"okres Čadca",Oščadnica,cheap,-22.04,8.00,34.53,-0.7683,1,6
JuvwILxsaLE,"Realitné kancelárie SR",land,"large plot",NULL,"okres Kysucké Nové Mesto","Dolný Vadičov",cheap,-18.74,35.95,43.98,-0.1826,1,2
JunZs7mX2Hr,"Realitné kancelárie SR",land,"large plot",NULL,"okres Liptovský Mikuláš","Partizánska Ľupča",cheap,-18.55,51.81,51.81,0.0000,1,1
JuUul__8DQL,"Realitné kancelárie SR",land,"large plot",NULL,"okres Martin",Laskár,cheap,-33.42,68.00,68.00,0.0000,1,2
JuPzrcI9eBw,"Realitné kancelárie SR",land,"large plot",NULL,"okres Martin",Turany,cheap,-32.68,37.75,42.30,-0.1076,1,2
JuueVyS2YYG,"Realitné kancelárie SR",land,"large plot",NULL,"okres Turčianske Teplice",NULL,NULL,NULL,102.00,102.00,0.0000,1,1
Ju67f0ZUF6a,"Realitné kancelárie SR",land,"large plot",NULL,"okres Žilina","Dlhé Pole",cheap,-21.15,53.00,53.00,0.0000,1,1
JujdKV83oGm,"Realitné kancelárie SR",land,"large plot",NULL,"okres Žilina","Dolný Hričov",average,-4.26,75.00,80.00,-0.0625,1,2
Juw-BV-BqJp,"Realitné kancelárie SR",land,"large plot",NULL,"okres Žilina",Lietava,cheap,-29.52,130.00,98.66,0.3177,1,2
JuUM9axhhyU,"Realitné kancelárie SR",land,"large plot",NULL,"okres Žilina","Lietavská Svinná-Babkov",average,1.75,77.58,98.79,-0.2147,1,2
JuKcCOH5Bgu,"Realitné kancelárie SR",land,"large plot",NULL,"okres Žilina",Ovčiarsko,average,-2.35,68.98,129.94,-0.4691,1,6
JuMA67ZT6Dj,"Realitné kancelárie SR",land,"large plot",NULL,"okres Žilina",Svederník,expensive,24.98,97.93,97.93,0.0000,1,1
JudQL3RTdOS,"Realitné kancelárie SR",land,"large plot",NULL,"okres Žilina",Turie,premium,42.68,90.00,90.00,0.0000,1,1
JutVFvRJpYd,"Realitné kancelárie SR",land,"large plot",NULL,"okres Žilina",Višňové,expensive,22.64,169.20,129.44,0.3072,1,2
JuqOiX2gk_s,"Realitné kancelárie SR",house,"medium house","fully renovated","okres Liptovský Mikuláš","Liptovská Ondrašová",expensive,17.23,2552.38,2552.38,0.0000,1,1
JuZv0Yfgbp2,"Realitné kancelárie SR",house,"medium house","fully renovated","okres Martin",Belá-Dulice,cheap,-25.62,1232.50,1232.50,0.0000,1,1
Ju1nsnm6Thh,"Realitné kancelárie SR",house,"medium house","fully renovated","okres Martin",Sučany,cheap,-19.13,1470.71,1635.02,-0.1005,1,2
Ju8E81QIHh9,"Realitné kancelárie SR",house,"medium house","new construction","okres Bytča","Hliník nad Váhom",expensive,6.88,3511.45,2659.63,0.3203,1,8
JuwlU3wQsXG,"Realitné kancelárie SR",house,"medium house","new construction","okres Liptovský Mikuláš",Jamník,average,-4.62,2164.18,2164.18,0.0000,1,1
JuUIjP7PegI,"Realitné kancelárie SR",house,"medium house","new construction","okres Tvrdošín",Habovka,expensive,11.69,2361.49,2361.49,0.0000,1,1
Juvh3BjYac_,"Realitné kancelárie SR",house,"medium house","new construction","okres Žilina",Krasňany,expensive,28.02,2782.47,2782.47,0.0000,1,1
JuP7ORLd_oZ,"Realitné kancelárie SR",house,"medium house","new construction","okres Žilina",Svederník,expensive,24.98,2729.57,3141.38,-0.1311,1,4
JuAF4QcTzrfs,"Realitné kancelárie SR",house,"medium house","partially renovated","okres Turčianske Teplice",Diviaky,average,-14.37,1184.62,1184.62,0.0000,1,1
JuuA60psrH_,"Realitné kancelárie SR",house,"medium house","partially renovated","okres Turčianske Teplice",Dubové,"very cheap",-41.69,990.00,990.00,0.0000,1,1
Jua9FHHUfWA,"Realitné kancelárie SR",house,"medium house","partially renovated","okres Turčianske Teplice","Slovenské Pravno",cheap,-31.14,993.33,1531.11,-0.3512,1,3
JuwFC0un5b_,"Realitné kancelárie SR",house,"medium house","under construction","okres Žilina",Svederník,expensive,24.98,2739.13,2739.13,0.0000,1,1
Ju-ovwkHGP4,"Realitné kancelárie SR",house,"medium house",unrenovated,"okres Bytča","Veľké Rovné",average,-9.95,633.33,733.33,-0.1364,1,2
JuDwCbbbd6Z,"Realitné kancelárie SR",house,"medium house",unrenovated,"okres Liptovský Mikuláš",Ľubeľa,average,-7.59,1866.07,1866.07,0.0000,1,1
Jua_BRtxi_0,"Realitné kancelárie SR",land,"medium plot",NULL,"okres Kysucké Nové Mesto",Snežnica,average,3.88,120.00,69.63,0.7234,2,5
JuJGNURQ8kY,"Realitné kancelárie SR",land,"medium plot",NULL,"okres Kysucké Nové Mesto",Snežnica,average,3.88,37.53,69.63,-0.4610,2,5
JuARnh9cPNq,"Realitné kancelárie SR",land,"medium plot",NULL,"okres Liptovský Mikuláš",Jamník,average,-4.62,108.00,104.49,0.0336,2,6
JuD52DaFWEx,"Realitné kancelárie SR",land,"medium plot",NULL,"okres Liptovský Mikuláš",Jamník,average,-4.62,115.00,104.49,0.1006,2,6
Juuliwtz_LA,"Realitné kancelárie SR",land,"medium plot",NULL,"okres Martin",Necpaly,cheap,-25.27,58.82,84.22,-0.3016,1,4
JuaPQ_8Etfd,"Realitné kancelárie SR",land,"medium plot",NULL,"okres Martin",Trnovo,"very cheap",-45.40,55.76,55.76,0.0000,1,3
Juy9B79A4J4,"Realitné kancelárie SR",land,"medium plot",NULL,"okres Turčianske Teplice",Jazernica,"very cheap",-54.82,73.41,73.41,0.0000,1,1
JuscYJe7Tsp,"Realitné kancelárie SR",land,"medium plot",NULL,"okres Žilina",Bitarová,expensive,9.02,134.40,154.90,-0.1323,1,8
JubBzZv3CZ4,"Realitné kancelárie SR",land,"medium plot",NULL,"okres Žilina","Lietavská Svinná-Babkov",average,1.75,125.00,141.44,-0.1162,1,5
Ju6ppfqXAjT,"Realitné kancelárie SR",land,"medium plot",NULL,"okres Žilina","Rajecké Teplice",expensive,5.08,243.89,243.89,0.0000,1,1
JuyrQlq623r,"Realitné kancelárie SR",land,"medium plot",NULL,"okres Žilina",Rosina,expensive,26.83,270.00,238.93,0.1300,1,5
Jul34-9Uznd,"Realitné kancelárie SR",land,"medium plot",NULL,"okres Žilina",Stránske,expensive,16.12,106.63,105.76,0.0082,1,4
JuPr2yDWLko,"Realitné kancelárie SR",land,"medium plot",NULL,"okres Žilina","Teplička nad Váhom",premium,48.91,363.76,315.47,0.1531,1,2
JuV3Yr0Tkt7,"Realitné kancelárie SR",land,"medium plot",NULL,"okres Žilina",Terchová,expensive,17.29,179.00,164.21,0.0901,1,7
Ju051T1JZ-l,"Realitné kancelárie SR",land,"medium plot",NULL,"okres Žilina",Trnové,premium,40.34,79.97,145.13,-0.4490,1,7
Juvdw9xd7yr,"Realitné kancelárie SR",land,"medium plot",NULL,"okres Žilina",Varín,average,-1.75,149.63,129.62,0.1544,1,4
JuIesZUseBj,"Realitné kancelárie SR",land,"medium plot",NULL,"okres Žilina",Zbyňov,expensive,20.98,100.00,90.00,0.1111,1,2
Jub5SX0zXuB,"Realitné kancelárie SR",house,"small house","new construction","okres Žilina",Divina,expensive,16.28,1666.67,1666.67,0.0000,1,1
JuDeXKjjRHY,"Realitné kancelárie SR",land,"small plot",NULL,"okres Bytča","Bytča - sever",average,2.54,124.52,124.52,0.0000,1,1
JuU1wLvylPv,"Realitné kancelárie SR",land,"small plot",NULL,"okres Kysucké Nové Mesto",Snežnica,average,3.88,129.75,127.69,0.0161,1,3
Juxv4BCWFjN,"Realitné kancelárie SR",land,"small plot",NULL,"okres Liptovský Mikuláš",Hybe,cheap,-34.94,109.76,109.76,0.0000,1,1
JuMHyeDGK2f,"Realitné kancelárie SR",land,"small plot",NULL,"okres Martin",Necpaly,cheap,-25.27,93.56,101.02,-0.0738,1,3
JudmThIv8pi,"Realitné kancelárie SR",land,"small plot",NULL,"okres Žilina",Zbyňov,expensive,20.98,169.35,99.78,0.6972,1,3
JudTaFLI7V1,"Reality AK, spol. s r.o.",apartment,"1-room apartment","fully renovated","okres Martin",Stred,expensive,19.38,3152.54,3152.54,0.0000,1,2
Ju4Mn0S0K8V,"Reality AK, spol. s r.o.",apartment,"1-room apartment","new construction","okres Martin",Tomčany,expensive,6.77,NULL,3414.06,NULL,2,2
JuxJN0jj6xv,"Reality AK, spol. s r.o.",apartment,"1-room apartment","new construction","okres Martin",Tomčany,expensive,6.77,3414.06,3414.06,0.0000,2,2
JuzhJPXxvIr,"Reality AK, spol. s r.o.",apartment,"2-room apartment","new construction","okres Martin",Tomčany,expensive,6.77,NULL,3357.41,NULL,3,3
JuTy8iCXD6j,"Reality AK, spol. s r.o.",apartment,"2-room apartment","new construction","okres Martin",Tomčany,expensive,6.77,3357.41,3357.41,0.0000,3,3
JuMOG3S1mHU,"Reality AK, spol. s r.o.",apartment,"2-room apartment","new construction","okres Martin",Tomčany,expensive,6.77,NULL,3357.41,NULL,3,3
JuVrf5-P_w2,"Reality AK, spol. s r.o.",apartment,"2-room apartment","partially renovated","okres Martin",Sever,average,-7.71,1696.97,1866.38,-0.0908,1,4
Juv6SZd0pv9,"Reality AK, spol. s r.o.",apartment,"3-room apartment","fully renovated","okres Martin",NULL,NULL,NULL,NULL,NULL,NULL,1,1
Juwx2mgp7mc,"Reality AK, spol. s r.o.",apartment,"3-room apartment","partially renovated","okres Martin",Sever,average,-7.71,2077.97,2178.61,-0.0462,1,5
JuV9QF4vC1L,"Reality AK, spol. s r.o.",apartment,"3-room apartment","partially renovated","okres Martin",Stred,expensive,19.38,2246.38,1915.23,0.1729,1,9
JuFnOWI1i1c,"Reality AK, spol. s r.o.",apartment,"3-room apartment","partially renovated","okres Turčianske Teplice",Jazernica,"very cheap",-54.82,NULL,NULL,NULL,1,1
JuJU1QTMNeE,"Reality AK, spol. s r.o.",house,"extra large house","partially renovated","okres Turčianske Teplice",Jazernica,"very cheap",-54.82,350.00,350.00,0.0000,1,1
Juc6GgFARDk,"Reality AK, spol. s r.o.",house,"extra large house","partially renovated","okres Turčianske Teplice",Mošovce,cheap,-29.71,NULL,NULL,NULL,1,1
JulOKuOiom0,"Reality AK, spol. s r.o.",house,"extra large house",unrenovated,"okres Martin",Stráne,average,-0.90,706.90,477.56,0.4802,1,3
JuASY12odtk,"Reality AK, spol. s r.o.",land,"extra large plot",NULL,"okres Liptovský Mikuláš","Liptovská Anna",average,-4.78,100.00,100.00,0.0000,1,3
Ju3Lr4SqXpm,"Reality AK, spol. s r.o.",land,"extra large plot",NULL,"okres Martin",Stráne,average,-0.90,250.00,250.00,0.0000,1,1
Jurrvwf7__Y,"Reality AK, spol. s r.o.",land,"extra large plot",NULL,"okres Martin","Turčianske Kľačany",expensive,11.48,NULL,NULL,NULL,1,1
JulXTVjCmG0,"Reality AK, spol. s r.o.",land,"extra large plot",NULL,"okres Turčianske Teplice",Jazernica,"very cheap",-54.82,NULL,NULL,NULL,1,1
JuWLq7Wh8lf,"Reality AK, spol. s r.o.",house,"large house","fully renovated","okres Martin","Kláštor pod Znievom",average,-12.27,1205.29,1102.65,0.0931,1,2
JuHbG5bC-AQ,"Reality AK, spol. s r.o.",house,"large house","fully renovated","okres Martin",Stráne,average,-0.90,729.17,987.80,-0.2618,1,2
JuCZFv2-6ou,"Reality AK, spol. s r.o.",house,"large house","new construction","okres Martin",Sučany,cheap,-19.13,1499.44,1499.44,0.0000,1,1
Ju7iLKVUgMi,"Reality AK, spol. s r.o.",house,"large house","new construction","okres Martin",Valča,cheap,-16.01,NULL,1201.00,NULL,1,7
Juwr4hT_Hw4,"Reality AK, spol. s r.o.",house,"large house","partially renovated","okres Martin",Priekopa,premium,55.82,956.00,1109.98,-0.1387,1,5
Ju818YWB7Et,"Reality AK, spol. s r.o.",house,"large house","partially renovated","okres Martin",Valča,cheap,-16.01,1123.08,1123.08,0.0000,1,1
Jui4dVLb9Ci,"Reality AK, spol. s r.o.",house,"medium house","new construction","okres Martin","Kláštor pod Znievom",average,-12.27,2318.18,2331.82,-0.0058,1,2
JuO0hdGmTXM,"Reality AK, spol. s r.o.",house,"medium house",unrenovated,"okres Martin","Kláštor pod Znievom",average,-12.27,686.67,1959.72,-0.6496,1,2
JuvpwpffhEi,"Reality AK, spol. s r.o.",house,"medium house",unrenovated,"okres Turčianske Teplice",Turček,cheap,-37.71,950.00,950.00,0.0000,1,1
Jup4_5dTntt,"Reality AK, spol. s r.o.",land,"medium plot",NULL,"okres Martin",Daňová,premium,38.71,68.76,68.76,0.0000,1,1
JuEWO1OepoK,"Reality AK, spol. s r.o.",land,"medium plot",NULL,"okres Martin","Kláštor pod Znievom",average,-12.27,85.00,89.75,-0.0529,1,3
JutbpFV_5ly,"Reality AK, spol. s r.o.",land,"medium plot",NULL,"okres Martin",Lipovec,average,-6.60,100.00,131.51,-0.2396,1,2
JulxtEGlU-r,"Reality AK, spol. s r.o.",land,"medium plot",NULL,"okres Turčianske Teplice",Budiš,"very cheap",-43.00,55.00,55.00,0.0000,2,2
Ju_1RuhBfmB,"Reality AK, spol. s r.o.",land,"medium plot",NULL,"okres Turčianske Teplice",Budiš,"very cheap",-43.00,55.00,55.00,0.0000,2,2
Julifs4IZ1R,"Reality AK, spol. s r.o.",land,"small plot",NULL,"okres Martin",Stráne,average,-0.90,250.00,244.23,0.0236,1,2
Ju_rYNBo_cl,"Reality Alpia",land,NULL,NULL,"okres Bytča","Hlboké nad Váhom","very cheap",-44.93,NULL,NULL,NULL,1,1
JuFDWrhfI93,"Reality Alpia",land,NULL,NULL,"okres Bytča","Veľké Rovné",average,-9.95,NULL,NULL,NULL,1,1
JuEl_5mhIIG,"Reality Alpia",land,NULL,NULL,"okres Liptovský Mikuláš","Svätý Kríž",expensive,11.02,NULL,NULL,NULL,2,3
JunK6YyRJzr,"Reality Alpia",land,NULL,NULL,"okres Liptovský Mikuláš","Svätý Kríž",expensive,11.02,NULL,NULL,NULL,2,3
Ju8oY2HaCv1,"Reality Alpia",land,NULL,NULL,"okres Martin",Jahodníky,expensive,9.68,NULL,NULL,NULL,1,1
JufsgjSWfFu,"Reality Alpia",land,NULL,NULL,"okres Martin",Tomčany,expensive,6.77,NULL,NULL,NULL,1,1
Ju1-_Cu9mID,"Reality Alpia",land,NULL,NULL,"okres Martin","Turčiansky Peter",expensive,14.16,NULL,NULL,NULL,1,1
Judc1EdBcup,"Reality Alpia",land,NULL,NULL,"okres Turčianske Teplice",Kaľamenová,NULL,NULL,NULL,NULL,NULL,1,1
JuVYqJ0JX1k,"Reality Alpia",land,NULL,NULL,"okres Žilina",Budatín,premium,51.29,NULL,NULL,NULL,1,1
JuLQGD34QeZ,"Reality Alpia",land,NULL,NULL,"okres Žilina",Ovčiarsko,average,-2.35,NULL,NULL,NULL,1,1
JuIk-JMXLCM,"Reality Alpia",land,NULL,NULL,"okres Žilina",Višňové,expensive,22.64,NULL,NULL,NULL,1,1
Ju0FWK0oDmX,"Reality Alpia",apartment,"1-room apartment","under construction","okres Žilina",Hájik,expensive,5.43,3931.19,3771.20,0.0424,1,2
Juacbmz9XNp,"Reality Alpia",apartment,"2-room apartment","fully renovated","okres Ružomberok",Roveň,average,-12.14,1925.93,2049.92,-0.0605,1,2
Ju5mXWZ29s_,"Reality Alpia",apartment,"2-room apartment","fully renovated","okres Ružomberok","Staré mesto",average,-14.78,1756.01,1756.01,0.0000,1,1
Junnm3hR6W5,"Reality Alpia",apartment,"2-room apartment","partially renovated","okres Martin",Priekopa,premium,55.82,1859.15,1915.43,-0.0294,1,3
JuYp1Zctty0,"Reality Alpia",apartment,"2-room apartment","partially renovated","okres Martin",Turany,cheap,-32.68,1875.00,1875.00,0.0000,1,2
JuA1jb9HH8o,"Reality Alpia",apartment,"2-room apartment","partially renovated","okres Ružomberok","Staré mesto",average,-14.78,2259.79,2154.18,0.0490,1,2
JuARmayf-nL,"Reality Alpia",apartment,"2-room apartment","partially renovated","okres Žilina",Hliny,expensive,11.48,NULL,2605.70,NULL,1,6
JuMrpN3u-gh,"Reality Alpia",apartment,"2-room apartment","under construction","okres Žilina",Hájik,expensive,5.43,3547.72,3414.47,0.0390,1,2
JuzuJS1LpbR,"Reality Alpia",apartment,"2-room apartment",unrenovated,"okres Žilina",Hliny,expensive,11.48,NULL,2579.51,NULL,1,5
JuckFfec6yi,"Reality Alpia",apartment,"3-room apartment","fully renovated","okres Ružomberok","Staré mesto",average,-14.78,1981.35,1981.35,0.0000,1,2
JuWACwgZ0JW,"Reality Alpia",apartment,"3-room apartment","partially renovated","okres Bytča","Veľké Rovné",average,-9.95,1784.52,1772.92,0.0065,1,3
Juxpt8YRG2_,"Reality Alpia",apartment,"3-room apartment","partially renovated","okres Ružomberok",Baničné,cheap,-17.01,1854.40,1888.77,-0.0182,1,5
Jumr_ISbK0Z,"Reality Alpia",apartment,"3-room apartment","under construction","okres Žilina",Hájik,expensive,5.43,3344.87,2686.74,0.2450,1,2
JuFKoH6piMc,"Reality Alpia",apartment,"3-room apartment",unrenovated,"okres Ružomberok",Klačno,cheap,-18.24,1539.15,1539.15,0.0000,1,1
JuG99-vnL8U,"Reality Alpia",apartment,"4-room apartment","new construction","okres Martin",Košúty,average,-3.60,NULL,NULL,NULL,1,1
Ju7pt9GBh0f,"Reality Alpia",apartment,"4-room apartment","partially renovated","okres Martin",Ľadoveň,average,-5.00,2349.40,2269.38,0.0353,1,2
JudLF_FsgcX,"Reality Alpia",apartment,"4-room apartment","partially renovated","okres Žilina",Vlčince,premium,39.03,NULL,2249.43,NULL,1,2
JuinVbJn01k,"Reality Alpia",apartment,"4-room apartment","under construction","okres Žilina",Hájik,expensive,5.43,3536.51,2691.57,0.3139,1,2
Ju-FXGTnvER,"Reality Alpia",apartment,"4-room apartment",unrenovated,"okres Žilina",Vlčince,premium,39.03,2325.30,2325.30,0.0000,1,1
JugGPssQETW,"Reality Alpia",house,"extra large house","fully renovated","okres Dolný Kubín",Zázrivá,average,-13.12,639.67,639.67,0.0000,1,1
JuwEY-XQ--d,"Reality Alpia",house,"extra large house","fully renovated","okres Liptovský Mikuláš",Vavrišovo,"very cheap",-63.13,NULL,NULL,NULL,1,1
JupIfiIMuTQ,"Reality Alpia",house,"extra large house","fully renovated","okres Liptovský Mikuláš",Važec,cheap,-35.75,463.53,463.53,0.0000,1,1
Jug4SIOybnO,"Reality Alpia",house,"extra large house","fully renovated","okres Martin",Stred,expensive,19.38,581.63,581.63,0.0000,2,2
Juic0vZirTi,"Reality Alpia",house,"extra large house","fully renovated","okres Martin",Stred,expensive,19.38,NULL,581.63,NULL,2,2
JultKoQUF1n,"Reality Alpia",house,"extra large house","fully renovated","okres Martin",Valča,cheap,-16.01,658.73,658.73,0.0000,1,1
Jux8MtDRHBs,"Reality Alpia",house,"extra large house","fully renovated","okres Ružomberok",Ludrová,"very cheap",-44.08,187.11,208.70,-0.1034,2,2
JuFy8odNEYG,"Reality Alpia",house,"extra large house","fully renovated","okres Ružomberok",Ludrová,"very cheap",-44.08,230.29,208.70,0.1034,2,2
JuWBhReJsOQ,"Reality Alpia",house,"extra large house","fully renovated","okres Ružomberok","Staré mesto",average,-14.78,2369.57,2369.57,0.0000,1,1
JumqO7twJWm,"Reality Alpia",house,"extra large house","fully renovated","okres Turčianske Teplice","Slovenské Pravno",cheap,-31.14,211.17,211.17,0.0000,1,1
Jua2IIfvhoU,"Reality Alpia",house,"extra large house","new construction","okres Martin","Karvaša a Bláhovca",average,-11.99,260.00,260.00,0.0000,1,1
Ju4BYb2OXbI,"Reality Alpia",house,"extra large house","new construction","okres Martin",Necpaly,cheap,-25.27,434.33,434.33,0.0000,1,2
JuG-bGr9or0,"Reality Alpia",house,"extra large house","new construction","okres Martin",Stráne,average,-0.90,529.41,529.41,0.0000,1,1
JuSIu9gfLrM,"Reality Alpia",house,"extra large house","new construction","okres Martin",Turany,cheap,-32.68,620.00,620.00,0.0000,1,1
JuL77Ktof8v,"Reality Alpia",house,"extra large house","new construction","okres Ružomberok","Liptovská Štiavnica",cheap,-17.31,314.72,314.72,0.0000,1,1
JuvSq281jGh,"Reality Alpia",house,"extra large house","new construction","okres Ružomberok","Liptovské Revúce","very cheap",-42.77,213.31,213.31,0.0000,1,1
JuENmSVbf52,"Reality Alpia",house,"extra large house","new construction","okres Žilina",Rosina,expensive,26.83,645.54,645.54,0.0000,1,1
JuptIY7K5YK,"Reality Alpia",house,"extra large house","partially renovated","okres Čadca",Predmier,"very cheap",-42.95,235.51,235.51,0.0000,1,1
JutFPWQnH3V,"Reality Alpia",house,"extra large house","partially renovated","okres Liptovský Mikuláš",Bobrovec,cheap,-15.72,475.71,475.71,0.0000,1,1
JuKt4j2XFxX,"Reality Alpia",house,"extra large house","partially renovated","okres Liptovský Mikuláš",Dúbrava,average,0.11,253.81,253.81,0.0000,1,1
Ju0x3Q-Isx2,"Reality Alpia",house,"extra large house","partially renovated","okres Martin",Jahodníky,expensive,9.68,NULL,NULL,NULL,1,1
Ju201YVcPl9,"Reality Alpia",house,"extra large house","partially renovated","okres Martin",Priekopa,premium,55.82,158.58,158.58,0.0000,1,1
JulGanHAPf5,"Reality Alpia",house,"extra large house","partially renovated","okres Martin",Stráne,average,-0.90,475.48,635.41,-0.2517,1,5
JuqvJh14Wgu,"Reality Alpia",house,"extra large house","partially renovated","okres Ružomberok","Biely Potok","very cheap",-43.23,448.47,448.47,0.0000,1,1
JuWVZLxkLMK,"Reality Alpia",house,"extra large house","partially renovated","okres Ružomberok",Hrabovo,average,-7.51,181.82,181.82,0.0000,1,1
JuTIxLYmsaK,"Reality Alpia",house,"extra large house","partially renovated","okres Ružomberok",Hubová,"very cheap",-63.90,312.50,312.50,0.0000,1,1
JuSsCe7WLb6P,"Reality Alpia",house,"extra large house","partially renovated","okres Ružomberok","Liptovské Revúce","very cheap",-42.77,185.29,185.29,0.0000,1,1
JuuHc7n3_6p,"Reality Alpia",house,"extra large house","partially renovated","okres Ružomberok","Nová Hrboltová","very cheap",-68.54,100.35,100.35,0.0000,1,1
JuT__REr8vI,"Reality Alpia",house,"extra large house","partially renovated","okres Žilina","Staré mesto",expensive,25.24,NULL,NULL,NULL,1,1
JuacBqltuem,"Reality Alpia",house,"extra large house","partially renovated","okres Žilina","Teplička nad Váhom",premium,48.91,NULL,NULL,NULL,1,1
Jueg5nyRwtD,"Reality Alpia",house,"extra large house","partially renovated","okres Žilina",Terchová,expensive,17.29,313.97,313.97,0.0000,1,2
Ju2Gi9KH9b9,"Reality Alpia",house,"extra large house","partially renovated","okres Žilina",Varín,average,-1.75,815.42,805.30,0.0126,1,2
JuudsKv8ZzL,"Reality Alpia",house,"extra large house","under construction","okres Ružomberok","Liptovské Revúce","very cheap",-42.77,117.19,117.19,0.0000,1,1
JubUhU28foO,"Reality Alpia",house,"extra large house",unrenovated,"okres Kysucké Nové Mesto",Rudinská,cheap,-24.39,118.25,118.25,0.0000,1,1
Ju4PmqrQDXe,"Reality Alpia",house,"extra large house",unrenovated,"okres Liptovský Mikuláš",Bodice,premium,37.39,353.92,353.92,0.0000,1,1
JuiNO66g3Yc,"Reality Alpia",house,"extra large house",unrenovated,"okres Liptovský Mikuláš","Liptovský Trnovec",expensive,19.86,138.09,402.80,-0.6572,1,3
JurDwbnUMLP,"Reality Alpia",house,"extra large house",unrenovated,"okres Liptovský Mikuláš",Vlachy,cheap,-33.54,596.54,596.54,0.0000,3,3
Ju93SZsV6kw,"Reality Alpia",house,"extra large house",unrenovated,"okres Liptovský Mikuláš",Vlachy,cheap,-33.54,596.54,596.54,0.0000,3,3
JuRyz27itEW,"Reality Alpia",house,"extra large house",unrenovated,"okres Liptovský Mikuláš",Vlachy,cheap,-33.54,596.54,596.54,0.0000,3,3
JunPSVDxWEH,"Reality Alpia",house,"extra large house",unrenovated,"okres Martin","Kolónia Hviezda","very cheap",-50.85,173.53,173.53,0.0000,2,2
JudzDOvNunu,"Reality Alpia",house,"extra large house",unrenovated,"okres Martin","Kolónia Hviezda","very cheap",-50.85,173.53,173.53,0.0000,2,2
Ju6pNzkI7kN,"Reality Alpia",house,"extra large house",unrenovated,"okres Martin",Stráne,average,-0.90,374.15,477.56,-0.2165,2,3
JupsrE6Y27i,"Reality Alpia",house,"extra large house",unrenovated,"okres Martin",Stráne,average,-0.90,351.62,477.56,-0.2637,2,3
JusX_sL1pCY,"Reality Alpia",house,"extra large house",unrenovated,"okres Ružomberok",Baničné,cheap,-17.01,416.67,416.67,0.0000,1,1
JupOom9u70b,"Reality Alpia",house,"extra large house",unrenovated,"okres Ružomberok",Lúčky,expensive,5.15,152.03,152.03,0.0000,1,1
JuemrlNxbW5,"Reality Alpia",house,"extra large house",unrenovated,"okres Ružomberok",Polík,cheap,-38.28,444.44,444.44,0.0000,1,1
Jum5hTEjQIq,"Reality Alpia",house,"extra large house",unrenovated,"okres Turčianske Teplice",Stred,cheap,-16.60,104.17,104.17,0.0000,1,2
JuFC-aJuKRa,"Reality Alpia",house,"extra large house",unrenovated,"okres Žilina","Malá Čierna","very cheap",-91.95,126.49,82.57,0.5319,3,3
Ju65DXWDqfO,"Reality Alpia",house,"extra large house",unrenovated,"okres Žilina","Malá Čierna","very cheap",-91.95,59.69,82.57,-0.2771,3,3
JuX1WyelwxA,"Reality Alpia",house,"extra large house",unrenovated,"okres Žilina","Malá Čierna","very cheap",-91.95,61.54,82.57,-0.2547,3,3
JuVBGZswzO8,"Reality Alpia",house,"extra large house",unrenovated,"okres Žilina","Rajecké Teplice",expensive,5.08,184.86,184.86,0.0000,1,1
JuWNTIbPUJS,"Reality Alpia",land,"extra large plot",NULL,"okres Liptovský Mikuláš","Staré mesto",average,1.93,20.40,39.91,-0.4888,1,2
JuNgEGp-EQa,"Reality Alpia",apartment,"holiday apartment","fully renovated","okres Liptovský Mikuláš","Liptovský Ján",expensive,5.21,3438.60,3384.78,0.0159,1,2
JuZUv2TX6Jz,"Reality Alpia",apartment,"holiday apartment","fully renovated","okres Ružomberok",Bešeňová,expensive,16.40,3697.75,3848.95,-0.0393,3,6
JuLyRXzb7sF,"Reality Alpia",apartment,"holiday apartment","fully renovated","okres Ružomberok",Bešeňová,expensive,16.40,3547.62,3848.95,-0.0783,3,6
Ju_WUvCjVPC,"Reality Alpia",apartment,"holiday apartment","fully renovated","okres Ružomberok",Bešeňová,expensive,16.40,3562.65,3848.95,-0.0744,3,6
JuKOtZwcbir-,"Reality Alpia",apartment,"holiday apartment","fully renovated","okres Ružomberok",Hrabovo,average,-7.51,3357.40,3120.34,0.0760,2,4
JuoKym-eugj,"Reality Alpia",apartment,"holiday apartment","fully renovated","okres Ružomberok",Hrabovo,average,-7.51,2564.10,3120.34,-0.1783,2,4
JuWV1dgtiBd,"Reality Alpia",apartment,"holiday apartment","new construction","okres Liptovský Mikuláš",Demänová,premium,36.87,4841.63,4467.15,0.0838,3,15
JubXkgOc5Vf,"Reality Alpia",apartment,"holiday apartment","new construction","okres Liptovský Mikuláš",Demänová,premium,36.87,NULL,4467.15,NULL,3,15
Ju_noeKeCn0,"Reality Alpia",apartment,"holiday apartment","new construction","okres Liptovský Mikuláš",Demänová,premium,36.87,NULL,4467.15,NULL,3,15
JuxqWwCd3Bc,"Reality Alpia",apartment,"holiday apartment","new construction","okres Ružomberok",Bešeňová,expensive,16.40,3547.62,3519.35,0.0080,1,7
JuxyNbJ2-r9,"Reality Alpia",apartment,"holiday apartment","partially renovated","okres Ružomberok",Hrabovo,average,-7.51,2676.06,2507.15,0.0674,1,2
JuL4Of85hI-,"Reality Alpia",apartment,"holiday apartment",unrenovated,"okres Liptovský Mikuláš",Demänová,premium,36.87,4398.03,4398.03,0.0000,1,1
JuDXnrUS-p1,"Reality Alpia",apartment,"holiday apartment",unrenovated,"okres Ružomberok",Hrabovo,average,-7.51,3450.13,3371.29,0.0234,2,3
JuyFJFlxmNe,"Reality Alpia",apartment,"holiday apartment",unrenovated,"okres Ružomberok",Hrabovo,average,-7.51,3015.08,3371.29,-0.1057,2,3
Jud93oHCOHE,"Reality Alpia",house,"large house","fully renovated","okres Martin",Bystrička,average,-4.82,1393.55,1371.47,0.0161,1,3
JupYVGV2PGl,"Reality Alpia",house,"large house","fully renovated","okres Martin",Jahodníky,expensive,9.68,1224.49,1677.77,-0.2702,1,4
Ju6OXC5e_2f,"Reality Alpia",house,"large house","partially renovated","okres Liptovský Mikuláš",Jakubovany,cheap,-23.74,NULL,NULL,NULL,1,1
Ju83GL9bzob,"Reality Alpia",house,"large house","partially renovated","okres Liptovský Mikuláš",Pribylina,cheap,-31.70,NULL,NULL,NULL,1,1
JuR9KTBJMCB,"Reality Alpia",house,"large house","partially renovated","okres Turčianske Teplice",Turček,cheap,-37.71,326.46,326.46,0.0000,1,1
JufvMyqhmxo,"Reality Alpia",house,"large house",unrenovated,"okres Martin",Vrícko,average,-14.91,NULL,NULL,NULL,1,1
JuhqDcjNAJB,"Reality Alpia",land,"large plot",NULL,"okres Dolný Kubín",Žaškov,cheap,-28.10,64.77,75.77,-0.1452,1,2
JuFVNjbiRLu,"Reality Alpia",land,"large plot",NULL,"okres Martin","Turčianske Kľačany",expensive,11.48,64.42,56.16,0.1471,1,2
JudOJ7xWOxA,"Reality Alpia",land,"large plot",NULL,"okres Turčianske Teplice","Turčiansky Michal",average,-11.08,65.00,52.50,0.2381,1,2
Ju7kkzPHIc1,"Reality Alpia",land,"large plot",NULL,"okres Žilina",Krasňany,expensive,28.02,62.00,62.00,0.0000,1,1
Juovk415JFh,"Reality Alpia",land,"large plot",NULL,"okres Žilina",Rosinky,premium,142.64,NULL,NULL,NULL,1,1
Jujfy0BeWOa,"Reality Alpia",land,"medium plot",NULL,"okres Ružomberok",Bešeňová,expensive,16.40,58.00,79.00,-0.2658,1,2
JuYP7ILQfhI,"Reality Alpia",land,"medium plot",NULL,"okres Žilina",Varín,average,-1.75,45.89,129.62,-0.6460,1,4
JukIKAnSuKC,"Reality Alpia",land,"small plot",NULL,"okres Martin","Dolný Kalník",expensive,19.12,150.00,150.00,0.0000,1,1
Juo26F3NF2G,"Reality Alpia",land,"small plot",NULL,"okres Ružomberok",Likavka,expensive,15.22,141.40,141.40,0.0000,1,1
Ju7QL5RGfkF,"Reality Alpia",apartment,"studio apartment","new construction","okres Bytča",Kotešová,expensive,16.48,2343.75,2343.75,0.0000,1,1
Ju8y_HCffnI,"Reality Alpia",apartment,"studio apartment","partially renovated","okres Čadca",Žarec,average,-9.22,NULL,NULL,NULL,1,1
JuNBS73Ff1Z,"Reality ASTORIA, s.r.o.",house,NULL,"fully renovated","okres Martin",Turany,cheap,-32.68,1.56,1.56,0.0000,1,1
Ju7tj2F-ptw,"Reality ASTORIA, s.r.o.",house,NULL,unrenovated,"okres Martin",Stráne,average,-0.90,NULL,NULL,NULL,1,1
JuqFaXjCOjj,"Reality ASTORIA, s.r.o.",apartment,"1-room apartment","fully renovated","okres Martin",Košúty,average,-3.60,3624.16,3624.16,0.0000,1,1
JuDoM_pyCOY,"Reality ASTORIA, s.r.o.",apartment,"3-room apartment","fully renovated","okres Martin",Sučany,cheap,-19.13,NULL,NULL,NULL,1,1
Ju-oP3i-Pkz,"Reality ASTORIA, s.r.o.",apartment,"3-room apartment","new construction","okres Martin",Priekopa,premium,55.82,NULL,2479.24,NULL,1,2
JuX6bDcbxKm,"Reality ASTORIA, s.r.o.",apartment,"3-room apartment","new construction","okres Martin",Stred,expensive,19.38,3173.02,2616.54,0.2127,1,4
JuLSY56QzCa,"Reality ASTORIA, s.r.o.",apartment,"3-room apartment","partially renovated","okres Martin","Horné Vrútky",average,-10.79,1764.59,1730.70,0.0196,1,8
JuEVkw9ddDA,"Reality ASTORIA, s.r.o.",apartment,"3-room apartment","partially renovated","okres Martin",Stred,expensive,19.38,1820.32,1915.23,-0.0496,1,9
JuTZyCvuUzR,"Reality ASTORIA, s.r.o.",apartment,"3-room apartment",unrenovated,"okres Martin",Sever,average,-7.71,NULL,2039.96,NULL,1,4
JuT_Z-uedyr,"Reality ASTORIA, s.r.o.",house,"extra large house","new construction","okres Martin","Turčiansky Peter",expensive,14.16,NULL,NULL,NULL,1,1
JunEHVtE89L,"Reality ASTORIA, s.r.o.",house,"extra large house","partially renovated","okres Martin",Stráne,average,-0.90,NULL,635.41,NULL,1,5
JuKx19d2RCd,"Reality ASTORIA, s.r.o.",house,"large house","fully renovated","okres Martin",Jahodníky,expensive,9.68,NULL,1677.77,NULL,1,4
JuH4UL-NFsu,"Reality ASTORIA, s.r.o.",house,"large house","fully renovated","okres Martin",Podhradie,cheap,-36.23,869.57,869.57,0.0000,1,1
JucsRg9RieN,"Reality ASTORIA, s.r.o.",house,"large house","partially renovated","okres Martin",Priekopa,premium,55.82,1572.58,1109.98,0.4168,1,5
JuA6unfH09z,"Reality ASTORIA, s.r.o.",house,"large house","partially renovated","okres Martin",Stráne,average,-0.90,1396.00,1396.00,0.0000,1,4
JuSEx_tCHgm,"Reality ASTORIA, s.r.o.",house,"large house","partially renovated","okres Martin",Sučany,cheap,-19.13,NULL,1020.83,NULL,1,2
Juq3D1w-q7E,"Reality ASTORIA, s.r.o.",land,"large plot",NULL,"okres Martin",Belá-Dulice,cheap,-25.62,60.00,69.00,-0.1304,1,3
Juaq4WwW9vx,"Reality ASTORIA, s.r.o.",house,"medium house","new construction","okres Martin",Slovany,cheap,-17.88,2307.69,1504.45,0.5339,1,5
Ju-HjJmEJ0m,"Reality ASTORIA, s.r.o.",house,"medium house","partially renovated","okres Turčianske Teplice",Čremošné,cheap,-37.73,1532.85,1532.85,0.0000,1,1
JuxqHjwv5kQ,"Reality ASTORIA, s.r.o.",house,"medium house","under construction","okres Martin","Kláštor pod Znievom",average,-12.27,1961.54,1961.54,0.0000,1,1
Ju30Zqi5n0z,"Reality ASTORIA, s.r.o.",house,"medium house","under construction","okres Martin",Slovany,cheap,-17.88,2461.54,1695.84,0.4515,1,3
JuOha8XJ-eZ,"Reality ASTORIA, s.r.o.",house,"medium house",unrenovated,"okres Martin","Karvaša a Bláhovca",average,-11.99,NULL,1399.99,NULL,1,2
Ju8bN6JmGCo,"Reality ASTORIA, s.r.o.",house,"medium house",unrenovated,"okres Martin",Ľadoveň,average,-5.00,2250.00,2250.00,0.0000,1,1
JueEpOsUCTO,"Reality ASTORIA, s.r.o.",house,"medium house",unrenovated,"okres Martin",Nolčovo,average,-0.02,1025.00,1025.00,0.0000,1,1
JuaAqZtT-Nl,"Reality ASTORIA, s.r.o.",land,"medium plot",NULL,"okres Martin","Dolné Vrútky",expensive,7.27,113.00,108.30,0.0434,1,2
JuWbfEDE4eQ,"Reality ASTORIA, s.r.o.",land,"medium plot",NULL,"okres Martin",Podháj,average,-5.66,91.66,91.66,0.0000,1,1
JuB8mFJnVT3,"Reality ASTORIA, s.r.o.",land,"small plot",NULL,"okres Martin",Príbovce,cheap,-32.39,120.16,120.16,0.0000,1,1
JuhiXx9KEAl,"Reality BL, s.r.o.",house,"extra large house","partially renovated","okres Dolný Kubín",Medzihradné,"very cheap",-66.62,457.52,457.52,0.0000,1,1
JuQOZ5dK_ne,"Reality BL, s.r.o.",house,"large house","fully renovated","okres Martin",Belá-Dulice,cheap,-25.62,1276.92,1276.92,0.0000,1,1
JuEdQgaYA3w,"Reality BL, s.r.o.",house,"large house","fully renovated","okres Martin",Príbovce,cheap,-32.39,1226.60,1226.60,0.0000,1,1
JupXyVwksGj,"Reality BL, s.r.o.",land,"large plot",NULL,"okres Martin","Horný Kalník",cheap,-21.99,NULL,79.67,NULL,1,2
JuipAuQVd0x,"Reality Center, s.r.o.",apartment,"1-room apartment","partially renovated","okres Martin",Záturčie,average,-12.61,2895.65,2895.65,0.0000,1,1
JuEWaQqDH0I,"Reality Center, s.r.o.",apartment,"2-room apartment","fully renovated","okres Martin",Jahodníky,expensive,9.68,2676.13,2676.13,0.0000,1,1
Juhy56IDgaZ,"Reality Center, s.r.o.",apartment,"2-room apartment","fully renovated","okres Martin",Podháj,average,-5.66,NULL,2291.18,NULL,1,3
JuJF4572cY0,"Reality Center, s.r.o.",apartment,"2-room apartment","fully renovated","okres Martin",Sever,average,-7.71,NULL,2186.28,NULL,1,6
JuMvMAnJyAh,"Reality Center, s.r.o.",apartment,"2-room apartment","new construction","okres Martin",Stred,expensive,19.38,3163.27,2769.70,0.1421,1,6
JucFSMwZ-YV,"Reality Center, s.r.o.",apartment,"3-room apartment","new construction","okres Martin",Priekopa,premium,55.82,2479.24,2479.24,0.0000,1,2
JuqQMoNXFYc,"Reality Center, s.r.o.",apartment,"3-room apartment","partially renovated","okres Martin",Stred,expensive,19.38,1885.96,1915.23,-0.0153,1,9
JukVF1PHUJU,"Reality Center, s.r.o.",apartment,"3-room apartment","partially renovated","okres Martin",Záturčie,average,-12.61,2064.46,2024.88,0.0195,1,4
JuDxBcaveH8,"Reality Center, s.r.o.",apartment,"3-room apartment",unrenovated,"okres Martin","Horné Vrútky",average,-10.79,1763.53,1640.59,0.0749,1,2
Ju6NLOs0FvZ,"Reality Center, s.r.o.",apartment,"3-room apartment",unrenovated,"okres Martin",Jahodníky,expensive,9.68,NULL,1887.36,NULL,1,4
Ju7Y_BuXfpd,"Reality Center, s.r.o.",apartment,"3-room apartment",unrenovated,"okres Martin",Sever,average,-7.71,2043.94,2039.96,0.0020,1,4
JuGfQvKSzkr,"Reality Center, s.r.o.",apartment,"3-room apartment",unrenovated,"okres Martin",Záturčie,average,-12.61,1551.32,1655.36,-0.0629,1,4
JuXRtZdfweI,"Reality Center, s.r.o.",apartment,"4-room apartment","partially renovated","okres Martin",Ľadoveň,average,-5.00,2189.35,2269.38,-0.0353,1,2
JuiYPO6c35-,"Reality Center, s.r.o.",apartment,"4-room apartment","partially renovated","okres Martin",Stráne,average,-0.90,NULL,NULL,NULL,1,1
JuNjxGvR8-8K,"Reality Center, s.r.o.",house,"extra large house","new construction","okres Martin",Necpaly,cheap,-25.27,NULL,434.33,NULL,1,2
JuD3uZlGgpH,"Reality Center, s.r.o.",house,"large house","fully renovated","okres Martin",Blatnica,average,-2.80,1073.94,1073.94,0.0000,1,1
JuQDs3mKg8t,"Reality Center, s.r.o.",house,"large house","fully renovated","okres Martin","Turčianske Kľačany",expensive,11.48,1358.38,1358.38,0.0000,1,1
JuGyarQH5Tu,"Reality Center, s.r.o.",house,"large house","fully renovated","okres Martin",Žabokreky,average,-0.98,573.77,573.77,0.0000,1,1
JukqbzsVg5j,"Reality Center, s.r.o.",house,"large house","partially renovated","okres Martin",Belá-Dulice,cheap,-25.62,NULL,592.00,NULL,1,2
JuX6zPqRWEF,"Reality Center, s.r.o.",house,"large house",unrenovated,"okres Martin","Dolné Vrútky",expensive,7.27,NULL,NULL,NULL,1,1
Ju192g79OHm,"Reality Center, s.r.o.",land,"large plot",NULL,"okres Martin",Belá-Dulice,cheap,-25.62,62.00,69.00,-0.1014,1,3
JurXAjyEx4Y,"Reality Center, s.r.o.",land,"large plot",NULL,"okres Martin",Necpaly,cheap,-25.27,102.00,76.00,0.3421,1,2
JugG3vyzxv0,"Reality Center, s.r.o.",land,"large plot",NULL,"okres Martin","Turčianska Štiavnička",cheap,-20.12,24.03,24.03,0.0000,1,1
Juv5TkPsj9T,"Reality Center, s.r.o.",land,"large plot",NULL,"okres Turčianske Teplice","Turčiansky Michal",average,-11.08,40.00,52.50,-0.2381,1,2
Jum9sBowvy-,"Reality Center, s.r.o.",house,"medium house",unrenovated,"okres Martin",Ďanová,premium,38.71,2153.85,2153.85,0.0000,1,1
JuUrENnUrd4,"Reality Center, s.r.o.",house,"medium house",unrenovated,"okres Martin","Turčiansky Peter",expensive,14.16,1625.00,1383.93,0.1742,1,2
JumKl3xs_Yl,"Reality Center, s.r.o.",land,"medium plot",NULL,"okres Martin","Karvaša a Bláhovca",average,-11.99,NULL,131.58,NULL,1,7
Ju_KMqj7vmd,"Reality Center, s.r.o.",land,"medium plot",NULL,"okres Martin",Rakovo,average,-5.85,99.00,92.69,0.0681,1,2
JuuPBY6Ot9Q,"Reality Center, s.r.o.",land,"medium plot",NULL,"okres Turčianske Teplice","Turčiansky Michal",average,-11.08,69.01,70.01,-0.0143,1,2
Juy6D0BMpPr,"Reality Center, s.r.o.",house,"small house","new construction","okres Martin",Belá-Dulice,cheap,-25.62,NULL,NULL,NULL,1,1
JuUVlQMhocg,"Reality Center, s.r.o.",house,"small house","partially renovated","okres Turčianske Teplice","Malý Čepčín",cheap,-33.98,1538.46,1538.46,0.0000,1,1
JuZ7zgc43wy,"Reality Center, s.r.o.",land,"small plot",NULL,"okres Martin",Podháj,average,-5.66,NULL,NULL,NULL,1,1
JuEr-eDWZ62,"Reality Center, s.r.o.",land,"small plot",NULL,"okres Martin",Turany,cheap,-32.68,NULL,108.13,NULL,1,3
JuULfuWRHXy,"Reality D.P.A.",apartment,"2-room apartment",unrenovated,"okres Martin",Turany,cheap,-32.68,1270.27,1270.27,0.0000,1,1
JuFDFNeJqxq,"Reality D.P.A.",apartment,"3-room apartment","fully renovated","okres Martin",Ľadoveň,average,-5.00,2434.78,2472.78,-0.0154,1,3
JuvFESSKGWN,"Reality D.P.A.",apartment,"3-room apartment","partially renovated","okres Martin","Horné Vrútky",average,-10.79,1779.07,1730.70,0.0279,1,8
JuJTUgZNUdL,"Reality D.P.A.",apartment,"3-room apartment",unrenovated,"okres Martin",Turany,cheap,-32.68,1361.11,1442.10,-0.0562,1,2
JubDyUATEXA,"Reality D.P.A.",apartment,"4-room apartment","partially renovated","okres Martin",Priekopa,premium,55.82,NULL,1848.26,NULL,1,3
JupRRfszbzs,"Reality D.P.A.",land,"large plot",NULL,"okres Turčianske Teplice",Sklené,average,-12.01,41.50,39.50,0.0506,1,2
JuBFSGXIbQg,"Reality D.P.A.",house,"medium house","fully renovated","okres Martin",Stred,expensive,19.38,2917.53,2850.41,0.0235,1,4
Ju-75DBwgfk,"Reality D.P.A.",house,"medium house",unrenovated,"okres Martin",Sučany,cheap,-19.13,888.89,888.89,0.0000,1,2
Ju4qZolzI7i,"Reality D.P.A.",land,"medium plot",NULL,"okres Martin",Diaková,"very cheap",-100.00,NULL,0.00,NULL,1,2
JuZeBBGEyyq,"Reality D.P.A.",land,"medium plot",NULL,"okres Martin","Karvaša a Bláhovca",average,-11.99,NULL,131.58,NULL,2,7
JuCdelRdGA1,"Reality D.P.A.",land,"medium plot",NULL,"okres Martin","Karvaša a Bláhovca",average,-11.99,148.00,131.58,0.1248,2,7
JuIwevgorag,"Reality D.P.A.",land,"medium plot",NULL,"okres Martin",Sučany,cheap,-19.13,120.00,127.51,-0.0589,2,6
JuWpmO3Yrkb,"Reality D.P.A.",land,"medium plot",NULL,"okres Martin",Sučany,cheap,-19.13,148.00,127.51,0.1607,2,6
Juy-u_8MLhRu,"Reality D.P.A.",land,"medium plot",NULL,"okres Martin",Trebostovo,cheap,-34.25,105.00,105.00,0.0000,1,1
JuvOhFg_IIq,"Reality D.P.A.",land,"medium plot",NULL,"okres Martin","Turčiansky Peter",expensive,14.16,105.00,105.64,-0.0061,1,2
JuVff9I-9I0,"Reality D.P.A.",land,"medium plot",NULL,"okres Martin",Valča,cheap,-16.01,75.00,79.14,-0.0523,1,4
JuWrE_LeVuk,"Reality D.P.A.",land,"medium plot",NULL,"okres Martin",Záborie,"very cheap",-73.01,NULL,NULL,NULL,1,2
JusCy__yyRZ,"Reality D.P.A.",land,"medium plot",NULL,"okres Turčianske Teplice",Mošovce,cheap,-29.71,83.00,83.00,0.0000,1,1
Ju2i2SZUYUh,"Reality D.P.A.",land,"small plot",NULL,"okres Martin",Trebostovo,cheap,-34.25,105.00,105.00,0.0000,1,1
JuGK6bfHjeP,"Reality ELIÁŠ",apartment,"1-room apartment","partially renovated","okres Ružomberok",Hrabovo,average,-7.51,3525.42,3525.42,0.0000,1,1
Ju1KgFqJaOR,"REALITY FAIR",apartment,"2-room apartment","new construction","okres Liptovský Mikuláš","Malé Borové",cheap,-20.16,2458.14,3233.67,-0.2398,1,7
JuDfYgIpdG6,"REALITY FAIR",house,"medium house","partially renovated","okres Turčianske Teplice",Turček,cheap,-37.71,621.43,1120.24,-0.4453,1,2
Jupi9oHSOxK,"Reality férovo, s. r. o.",house,"large house",unrenovated,"okres Turčianske Teplice",Háj,"very cheap",-71.62,227.27,227.27,0.0000,1,1
JuwdAcDikt2,"Reality IQ, s.r.o.",apartment,"2-room apartment","partially renovated","okres Žilina",Závodie,expensive,15.24,3305.08,3305.08,0.0000,1,1
JutKizwTOP3,"Reality IQ, s.r.o.",apartment,"3-room apartment","fully renovated","okres Žilina","Staré mesto",expensive,25.24,2724.95,2757.62,-0.0118,1,9
JuqRHR8iBLi,"Reality IQ, s.r.o.",apartment,"3-room apartment","partially renovated","okres Čadca",Stred,average,-13.67,2000.00,1877.98,0.0650,2,3
JuI7RPoOfX3,"Reality IQ, s.r.o.",apartment,"3-room apartment","partially renovated","okres Čadca",Stred,average,-13.67,1798.42,1877.98,-0.0424,2,3
JuXHjhU272A,"Reality IQ, s.r.o.",apartment,"3-room apartment",unrenovated,"okres Žilina",Hliny,expensive,11.48,2498.44,2365.40,0.0562,1,4
JuQUQOdCbAJ,"Reality IQ, s.r.o.",apartment,"4-room apartment",unrenovated,"okres Žilina","Staré mesto",expensive,25.24,1904.75,1740.95,0.0941,1,4
JuMm4AW_gBf,"Reality IQ, s.r.o.",apartment,"5+ room apartment","partially renovated","okres Žilina","Rajecké Teplice",expensive,5.08,2326.67,2326.67,0.0000,1,1
JuILcPMYY3I,"Reality IQ, s.r.o.",house,"extra large house",unrenovated,"okres Čadca",Svrčinovec,"very cheap",-51.62,NULL,NULL,NULL,1,1
JuhhjX7seSg,"Reality IQ, s.r.o.",house,"large house","new construction","okres Žilina",Trnové,premium,40.34,1519.84,2216.02,-0.3142,1,3
Ju7FT7K1T9V,"Reality IQ, s.r.o.",house,"large house",unrenovated,"okres Žilina",Svederník,expensive,24.98,961.47,1258.52,-0.2360,1,2
JuLRr4cyAPf,"Reality IQ, s.r.o.",land,"large plot",NULL,"okres Námestovo","Oravská Lesná",cheap,-20.20,54.95,54.95,0.0000,1,1
JuLVnnHvRdJ,"Reality IQ, s.r.o.",house,"medium house","partially renovated","okres Martin",Ďanová,premium,38.71,NULL,NULL,NULL,1,1
Jujj9R6pdLi,"Reality IQ, s.r.o.",house,"medium house","partially renovated","okres Žilina",Konská,average,-12.32,1066.00,1066.00,0.0000,1,1
Ju2peJN838G,"Reality IQ, s.r.o.",house,"medium house",unrenovated,"okres Žilina",Svederník,expensive,24.98,1230.16,1230.16,0.0000,1,1
JuE3k8ViQWV,"Reality IQ, s.r.o.",house,"medium house",unrenovated,"okres Žilina",Trnové,premium,40.34,1793.33,1793.33,0.0000,1,1
JubcbkupV-K,"Reality IQ, s.r.o.",land,"medium plot",NULL,"okres Bytča","Bytča - sever",average,2.54,146.56,156.33,-0.0625,1,3
JuY_o0Hq1ua,"Reality IQ, s.r.o.",land,"medium plot",NULL,"okres Kysucké Nové Mesto",Snežnica,average,3.88,39.45,69.63,-0.4334,1,5
JunGp6hRXR2,"Reality IQ, s.r.o.",land,"medium plot",NULL,"okres Žilina",Divina,expensive,16.28,NULL,194.97,NULL,1,3
JuhPLsUvGvt,"Reality IQ, s.r.o.",house,"small house","partially renovated","okres Bytča",Kolárovice,average,-13.06,1460.00,1460.00,0.0000,1,1
JuMof2f50da,"Reality IQ, s.r.o.",house,"small house","partially renovated","okres Žilina","Považský Chlmec",expensive,12.99,2416.67,2416.67,0.0000,1,1
Juv2G90qWzS,"Reality Kopanice",house,"extra large house","new construction","okres Čadca",Rieka,cheap,-35.46,1250.00,1250.00,0.0000,1,1
JuCqI77KeMc,"Reality MT s.r.o.",apartment,"2-room apartment","partially renovated","okres Martin",Turany,cheap,-32.68,1875.00,1875.00,0.0000,1,2
Juo19uqWHqv,"Reality MT s.r.o.",apartment,"3-room apartment","fully renovated","okres Martin","Horné Vrútky",average,-10.79,2088.24,2079.02,0.0044,1,5
JuuKGKckyxy,"Reality MT s.r.o.",apartment,"3-room apartment","partially renovated","okres Martin","Horné Vrútky",average,-10.79,1911.76,1730.70,0.1046,1,8
JubDtFpPZPz,"Reality MT s.r.o.",apartment,"holiday apartment","under construction","okres Turčianske Teplice",Stred,cheap,-16.60,4459.46,4459.46,0.0000,1,1
JuaEOE3NvBE,"Reality MT s.r.o.",house,"large house","new construction","okres Martin",Rakovo,average,-5.85,2062.50,2062.50,0.0000,1,1
Juyma4ypNNK,"Reality MT s.r.o.",house,"large house","new construction","okres Turčianske Teplice",Diviaky,average,-14.37,2125.00,2125.00,0.0000,1,1
JuV4X4JdJ77,"Reality MT s.r.o.",house,"large house","new construction","okres Turčianske Teplice","Turčiansky Michal",average,-11.08,1718.75,1684.38,0.0204,1,3
JuXTh3yHj3W,"Reality MT s.r.o.",house,"large house",unrenovated,"okres Martin","Košťany nad Turcom",average,-8.30,712.50,712.50,0.0000,1,1
JuN_zFqT9wt,"Reality MT s.r.o.",house,"medium house","fully renovated","okres Martin","Turčianska Štiavnička",cheap,-20.12,1811.11,1811.11,0.0000,1,1
JuIasSYB1E7,"Reality MT s.r.o.",house,"medium house","new construction","okres Martin","Dolný Kalník",expensive,19.12,3555.56,2724.75,0.3049,1,2
JuLWBKzZeJE,"Reality MT s.r.o.",house,"medium house","new construction","okres Martin",Necpaly,cheap,-25.27,1538.46,1538.46,0.0000,1,1
Ju8NNuGE6Yk,"Reality MT s.r.o.",house,"medium house","new construction","okres Martin","Turčiansky Peter",expensive,14.16,2850.00,2850.00,0.0000,1,4
JubTPdj-awZ,"Reality MT s.r.o.",house,"medium house","under construction","okres Turčianske Teplice",Budiš,"very cheap",-43.00,1109.12,1109.12,0.0000,1,1
Jui278_mFqV,"Reality MT s.r.o.",house,"medium house","under construction","okres Turčianske Teplice",Diviaky,average,-14.37,1617.98,1617.98,0.0000,1,1
JuYNloJYOdw,"Reality MT s.r.o.",house,"medium house",unrenovated,"okres Martin",Príbovce,cheap,-32.39,NULL,1256.41,NULL,1,3
JuVTTY5wrme,"Reality MT s.r.o.",house,"medium house",unrenovated,"okres Turčianske Teplice",Diviaky,average,-14.37,1540.00,1540.00,0.0000,1,1
JushtsOsA5D,"Reality MT s.r.o.",land,"medium plot",NULL,"okres Martin","Košťany nad Turcom",average,-8.30,81.74,103.00,-0.2064,1,2
JuMK_ZB-5jG,"Reality MT s.r.o.",land,"medium plot",NULL,"okres Martin",Valča,cheap,-16.01,100.00,79.14,0.2636,1,4
JuNLjCrLJ47,"Reality MT s.r.o.",apartment,"other apartment type",unrenovated,"okres Martin",Stred,expensive,19.38,5050.00,5050.00,0.0000,1,1
JuNCU6i77yo,"Reality MT s.r.o.",house,"small house","partially renovated","okres Martin",Sučany,cheap,-19.13,1825.00,1825.00,0.0000,1,1
JuXqO07RrTD,"Reality MT s.r.o.",house,"small house","under construction","okres Turčianske Teplice","Turčiansky Michal",average,-11.08,2343.75,2343.75,0.0000,1,1
Juq1uzcK3Zo,"Reality MT s.r.o.",house,"small house",unrenovated,"okres Turčianske Teplice",Mošovce,cheap,-29.71,1314.29,1314.29,0.0000,1,1
JuHSEHdVoIU,"Reality MT s.r.o.",land,"small plot",NULL,"okres Turčianske Teplice",Diviaky,average,-14.37,100.00,100.00,0.0000,1,1
JuXvJNkXrX-,"Reality Now",apartment,"holiday apartment","new construction","okres Liptovský Mikuláš","Demänovská Dolina",premium,84.23,4291.85,5609.23,-0.2349,1,40
JuQ2QYedCFa,"Reality Now",land,"medium plot",NULL,"okres Žilina",Ovčiarsko,average,-2.35,80.00,111.52,-0.2826,1,6
JuUpsFDNSQ5,"Reality Now",land,"small plot",NULL,"okres Žilina",Ovčiarsko,average,-2.35,60.00,134.11,-0.5526,1,7
JujnVWbv0Ea,"Reality Simply",apartment,"3-room apartment",unrenovated,"okres Martin","Horné Vrútky",average,-10.79,1517.65,1640.59,-0.0749,1,2
Juyo-JecQoZ,"Reality Simply",house,"extra large house",unrenovated,"okres Martin",Trebostovo,cheap,-34.25,187.50,187.50,0.0000,1,1
Ju1n1rQGodR,"Reality Simply",house,"large house","new construction","okres Turčianske Teplice","Turčiansky Michal",average,-11.08,NULL,1684.38,NULL,1,3
JuE1L7QIb5r,"Reality Simply",house,"large house",unrenovated,"okres Martin",Priekopa,premium,55.82,1020.00,1041.11,-0.0203,1,3
JuzSO8DcIjL,"Reality Simply",house,"medium house","fully renovated","okres Martin",Diaková,"very cheap",-100.00,NULL,NULL,NULL,1,1
Ju1AcChzPhX,"REALITY SPOLU",apartment,"3-room apartment","new construction","okres Liptovský Mikuláš","Vyšná Boca",average,4.86,1912.90,1912.90,0.0000,1,1
JunsD4FQ9fg,"REALITY SPOLU",house,"extra large house","partially renovated","okres Liptovský Mikuláš","Liptovský Trnovec",expensive,19.86,NULL,439.25,NULL,1,4
JuhoPxrS652,"REALITY SPOLU",land,"extra large plot",NULL,"okres Ružomberok",Hubová,"very cheap",-63.90,0.00,0.00,NULL,1,1
JuIw5kl0QB9,"REALITY SPOLU",land,"extra large plot",NULL,"okres Ružomberok",Podsuchá,"very cheap",-84.90,15.42,15.42,0.0000,1,1
JuoHqPCC27P,"REALITY SPOLU",apartment,"holiday apartment","fully renovated","okres Ružomberok",Bešeňová,expensive,16.40,3804.12,3848.95,-0.0116,2,6
JupjDJ9XYhE,"REALITY SPOLU",apartment,"holiday apartment","fully renovated","okres Ružomberok",Bešeňová,expensive,16.40,3804.12,3848.95,-0.0116,2,6
Ju5yq04Fo6g,"REALITY SPOLU",apartment,"holiday apartment","new construction","okres Liptovský Mikuláš",Demänová,premium,36.87,4756.76,4467.15,0.0648,1,15
JuxO5mp6Vad,"REALITY SPOLU",house,"large house","new construction","okres Ružomberok",Švošov,NULL,NULL,NULL,NULL,NULL,1,1
JuPQ4qxicEp,"REALITY SPOLU",house,"large house","new construction","okres Turčianske Teplice",Kaľamenová,NULL,NULL,NULL,NULL,NULL,1,1
JuQuGs-1s6D,"REALITY SPOLU",house,"large house","partially renovated","okres Čadca",Stred,average,-13.67,644.33,832.54,-0.2261,1,3
JuUeAjh6h4i,"REALITY SPOLU",house,"large house","under construction","okres Ružomberok",Gejdák,cheap,-16.96,1531.18,1531.18,0.0000,1,1
JuH_zZRV3ue,"REALITY SPOLU",house,"large house",unrenovated,"okres Liptovský Mikuláš",Bobrovec,cheap,-15.72,1175.00,1043.75,0.1257,1,2
Juv8BFemkVy,"REALITY SPOLU",house,"medium house","fully renovated","okres Ružomberok",Bešeňová,expensive,16.40,3804.12,3804.12,0.0000,2,2
JuLk2inqSKl,"REALITY SPOLU",house,"medium house","fully renovated","okres Ružomberok",Bešeňová,expensive,16.40,3804.12,3804.12,0.0000,2,2
JuP5LbmRSZ8,"REALITY SPOLU",house,"medium house","new construction","okres Turčianske Teplice",Kaľamenová,NULL,NULL,NULL,NULL,NULL,1,1
JuRRdB5MPo6,"REALITY SPOLU",house,"medium house","partially renovated","okres Liptovský Mikuláš",Bukovina,expensive,7.28,1842.11,1842.11,0.0000,1,1
Ju6NukP0wBz,"REALITY SPOLU",house,"medium house","partially renovated","okres Liptovský Mikuláš","Liptovský Trnovec",expensive,19.86,1233.33,1546.67,-0.2026,1,2
JugZv3txcdX,"REALITY SPOLU",house,"medium house","partially renovated","okres Liptovský Mikuláš",Palúdzka,expensive,7.35,1900.00,1900.00,0.0000,1,1
JuxzSRLNzXu,"REALITY SPOLU",house,"medium house",unrenovated,"okres Ružomberok","Liptovská Lúžna","very cheap",-42.53,NULL,NULL,NULL,1,2
JufB0mJ4fBT,"REALITY SPOLU",land,"medium plot",NULL,"okres Liptovský Mikuláš",Gôtovany,average,-5.33,NULL,98.00,NULL,1,2
JuJf2fmgFtM,"REALITY SPOLU",land,"medium plot",NULL,"okres Martin",Valča,cheap,-16.01,62.42,79.14,-0.2113,1,4
JuIxEHS21qj,"REALITY SPOLU",land,"medium plot",NULL,"okres Ružomberok","Liptovský Michal",expensive,5.79,89.23,89.23,0.0000,1,1
JuORrTudHFM,"REALITY SPOLU",house,"small house",unrenovated,"okres Ružomberok","Liptovská Lúžna","very cheap",-42.53,733.33,733.33,0.0000,1,1
Juq3lnZLMdJ,"REALITY SPOLU",apartment,"studio apartment","new construction","okres Žilina",Závodie,expensive,15.24,NULL,NULL,NULL,1,1
JudnXUbr0fH,"REALITY TATRY",apartment,"2-room apartment","under construction","okres Liptovský Mikuláš",Východná,cheap,-25.31,2304.82,2329.82,-0.0107,2,2
Ju-cD3Eglt7,"REALITY TATRY",apartment,"2-room apartment","under construction","okres Liptovský Mikuláš",Východná,cheap,-25.31,2354.82,2329.82,0.0107,2,2
JuPViaCTmSo,"REALITY TATRY",apartment,"3-room apartment","under construction","okres Liptovský Mikuláš",Východná,cheap,-25.31,2308.71,2308.71,0.0000,1,1
JuKz9mvEvI_,"REALITY TATRY",house,"large house","partially renovated","okres Liptovský Mikuláš",Važec,cheap,-35.75,575.00,435.75,0.3196,1,2
JuNlpRocmfd,"Reality Turiec s.r o.",apartment,"3-room apartment","partially renovated","okres Martin",Stred,expensive,19.38,NULL,1915.23,NULL,1,9
JuC0hqQ5K-3,"Reality Turiec s.r o.",house,"extra large house","partially renovated","okres Martin",Belá-Dulice,cheap,-25.62,758.00,758.00,0.0000,1,1
JuFJihogKZr,"Reality Turiec s.r o.",house,"medium house","new construction","okres Martin","Turčianske Kľačany",expensive,11.48,2574.63,2574.63,0.0000,1,2
JumBIzQEPOK,"Reality Turiec s.r o.",land,"medium plot",NULL,"okres Liptovský Mikuláš","Liptovský Trnovec",expensive,19.86,99.00,114.50,-0.1354,1,2
JuW_12z2Y4f,"Reality Turiec s.r o.",land,"medium plot",NULL,"okres Martin",Belá-Dulice,cheap,-25.62,60.02,60.02,0.0000,1,1
Jue0k_6k3BC,"Reality Turiec s.r o.",land,"medium plot",NULL,"okres Martin",Podhradie,cheap,-36.23,NULL,47.65,NULL,1,3
JuzSqFzglhO,Reality+,apartment,"3-room apartment","new construction","okres Kysucké Nové Mesto",Kamence,average,-3.70,NULL,2964.29,NULL,1,2
JuCuiefKh4P,Reality+,apartment,"4-room apartment",unrenovated,"okres Martin",Priekopa,premium,55.82,NULL,1488.76,NULL,1,2
JunNJzhFnyu,Reality+,house,"large house","fully renovated","okres Čadca",Čierne,cheap,-20.23,NULL,NULL,NULL,1,1
JubCxmg2ZUA,RealityOne,house,"large house","fully renovated","okres Čadca",Oščadnica,cheap,-22.04,768.12,1530.92,-0.4983,1,4
Ju_5Xv4V0EB,"RECLOUD Reality a.s.",house,NULL,"fully renovated","okres Liptovský Mikuláš",Dovalovo,expensive,11.69,NULL,NULL,NULL,1,1
Ju1ty2ZUYgk,"RECLOUD Reality a.s.",house,NULL,"new construction","okres Martin",Príbovce,cheap,-32.39,NULL,NULL,NULL,1,1
JuPaAE99_20,"RECLOUD Reality a.s.",house,NULL,"new construction","okres Ružomberok",Gejdák,cheap,-16.96,NULL,NULL,NULL,1,1
Ju7Rv9aLBbf,"RECLOUD Reality a.s.",house,NULL,"under construction","okres Liptovský Mikuláš",Vlachy,cheap,-33.54,NULL,NULL,NULL,1,1
JuV6E0eOThi,"RECLOUD Reality a.s.",house,NULL,unrenovated,"okres Liptovský Mikuláš",Dovalovo,expensive,11.69,NULL,NULL,NULL,1,1
JuMfU94cmO0,"RECLOUD Reality a.s.",house,NULL,unrenovated,"okres Martin",Príbovce,cheap,-32.39,NULL,NULL,NULL,1,1
JuDlx9y21vs,"RECLOUD Reality a.s.",house,NULL,unrenovated,"okres Turčianske Teplice",Turček,cheap,-37.71,NULL,NULL,NULL,1,1
Juzc7VOLXGcb,"RECLOUD Reality a.s.",apartment,"3-room apartment","fully renovated","okres Čadca",Raková,cheap,-22.06,NULL,1882.35,NULL,1,4
JuFfQA7zSPP,"RECLOUD Reality a.s.",apartment,"3-room apartment","partially renovated","okres Čadca","Nová Bystrica",cheap,-25.30,2571.43,2571.43,0.0000,1,1
Ju_mj9AejcW,"RECLOUD Reality a.s.",apartment,"3-room apartment","partially renovated","okres Martin",Priekopa,premium,55.82,NULL,1687.50,NULL,1,2
Ju28AQVsAqz,"RECLOUD Reality a.s.",apartment,"3-room apartment","partially renovated","okres Ružomberok",Baničné,cheap,-17.01,NULL,1888.77,NULL,1,5
JuO8b3FD9Ii,"RECLOUD Reality a.s.",house,"large house","fully renovated","okres Liptovský Mikuláš","Liptovská Sielnica",average,-3.52,1452.38,1452.38,0.0000,1,1
Ju0fo_oieoh,"RECLOUD Reality a.s.",land,"large plot",NULL,"okres Čadca",Korňa,"very cheap",-45.15,24.91,24.46,0.0184,1,2
Ju3hr4RXLjv,"RECLOUD Reality a.s.",apartment,maisonette,"fully renovated","okres Čadca",Centrum,cheap,-15.46,NULL,NULL,NULL,1,1
Jui2H8Mq_jX,"RECLOUD Reality a.s.",house,"medium house","new construction","okres Liptovský Mikuláš",Prosiek,average,-5.17,2112.00,2112.00,0.0000,1,1
Ju7pU7Ouw32,"RECLOUD Reality a.s.",land,"medium plot",NULL,"okres Čadca",Korňa,"very cheap",-45.15,25.06,27.49,-0.0884,1,3
JuUl164inch,"RECLOUD Reality a.s.",land,"medium plot",NULL,"okres Liptovský Mikuláš",Ižipovce,average,-12.34,126.96,126.96,0.0000,1,1
Judk1z1b1Nd,"RECLOUD Reality a.s.",land,"medium plot",NULL,"okres Martin",Blatnica,average,-2.80,105.18,113.22,-0.0710,1,4
JugiMieeEs_,"RECLOUD Reality a.s.",land,"medium plot",NULL,"okres Martin","Dolné Vrútky",expensive,7.27,103.59,108.30,-0.0435,1,2
JulD1JVCqAd,"RECLOUD Reality a.s.",land,"medium plot",NULL,"okres Martin",Sučany,cheap,-19.13,113.86,127.51,-0.1071,1,6
Ju7bdNS7Wbu,"RECLOUD Reality a.s.",land,"medium plot",NULL,"okres Martin",Valča,cheap,-16.01,NULL,79.14,NULL,1,4
JuLYYDsAsCoc,"RECLOUD Reality a.s.",land,"medium plot",NULL,"okres Námestovo","Oravská Jasenica",average,-14.50,70.00,84.33,-0.1699,2,3
Ju-hAf6SLZe,"RECLOUD Reality a.s.",land,"medium plot",NULL,"okres Námestovo","Oravská Jasenica",average,-14.50,70.00,84.33,-0.1699,2,3
JugsT-r1Fjq,"RECLOUD Reality a.s.",apartment,"studio apartment",unrenovated,"okres Martin",Sever,average,-7.71,3080.00,3080.00,0.0000,1,3
JupbvvbWZFWc,"RECOM, s.r.o.",land,"medium plot",NULL,"okres Martin",Sever,average,-7.71,NULL,NULL,NULL,2,2
JuFDHnuYFxT,"RECOM, s.r.o.",land,"medium plot",NULL,"okres Martin",Sever,average,-7.71,NULL,NULL,NULL,2,2
JuQo0PP1022,"Reinoo a.s.",apartment,"2-room apartment","new construction","okres Žilina",Vlčince,premium,39.03,3370.99,3595.46,-0.0624,8,10
Jum2zoM9dK0,"Reinoo a.s.",apartment,"2-room apartment","new construction","okres Žilina",Vlčince,premium,39.03,3731.67,3595.46,0.0379,8,10
JuGN2-1NoX2,"Reinoo a.s.",apartment,"2-room apartment","new construction","okres Žilina",Vlčince,premium,39.03,4056.31,3595.46,0.1282,8,10
JuCx6JHdbha,"Reinoo a.s.",apartment,"2-room apartment","new construction","okres Žilina",Vlčince,premium,39.03,3336.92,3595.46,-0.0719,8,10
Ju2EMTkOn53,"Reinoo a.s.",apartment,"2-room apartment","new construction","okres Žilina",Vlčince,premium,39.03,3555.74,3595.46,-0.0110,8,10
JuOlH8L9nB_,"Reinoo a.s.",apartment,"2-room apartment","new construction","okres Žilina",Vlčince,premium,39.03,4376.78,3595.46,0.2173,8,10
JucYBy-FPZ5,"Reinoo a.s.",apartment,"2-room apartment","new construction","okres Žilina",Vlčince,premium,39.03,3418.15,3595.46,-0.0493,8,10
Ju72GUoSgLH,"Reinoo a.s.",apartment,"2-room apartment","new construction","okres Žilina",Vlčince,premium,39.03,3364.23,3595.46,-0.0643,8,10
JuCKdo4C-vu,"Reinoo a.s.",apartment,"3-room apartment","new construction","okres Žilina",Vlčince,premium,39.03,2951.36,3177.28,-0.0711,7,11
JuzpWPdpylQ,"Reinoo a.s.",apartment,"3-room apartment","new construction","okres Žilina",Vlčince,premium,39.03,2883.48,3177.28,-0.0925,7,11
Jun_e5pu1kO,"Reinoo a.s.",apartment,"3-room apartment","new construction","okres Žilina",Vlčince,premium,39.03,2928.24,3177.28,-0.0784,7,11
JueIY5hIK7c,"Reinoo a.s.",apartment,"3-room apartment","new construction","okres Žilina",Vlčince,premium,39.03,3631.29,3177.28,0.1429,7,11
Ju35wiOj2hS,"Reinoo a.s.",apartment,"3-room apartment","new construction","okres Žilina",Vlčince,premium,39.03,2872.24,3177.28,-0.0960,7,11
Jupw1bQT1Jh,"Reinoo a.s.",apartment,"3-room apartment","new construction","okres Žilina",Vlčince,premium,39.03,2946.01,3177.28,-0.0728,7,11
JuWNJll5MyrA,"Reinoo a.s.",apartment,"3-room apartment","new construction","okres Žilina",Vlčince,premium,39.03,3210.29,3177.28,0.0104,7,11
JuEOy8Ch_fK,"Reinoo a.s.",apartment,"4-room apartment","new construction","okres Žilina",Vlčince,premium,39.03,2720.78,3105.33,-0.1238,2,6
JuMCWySZsct,"Reinoo a.s.",apartment,"4-room apartment","new construction","okres Žilina",Vlčince,premium,39.03,4279.23,3105.33,0.3780,2,6
JultM3IWcXG,"REINVEST s.r.o.",apartment,"2-room apartment","new construction","okres Liptovský Mikuláš","Liptovský Peter",average,-1.51,1468.04,1468.04,0.0000,1,1
Juz4W9SDfoY,"RENOME REAL",apartment,"2-room apartment","partially renovated","okres Žilina",Solinky,expensive,24.79,2980.00,3171.62,-0.0604,1,3
Ju1Hfz04CkU,"RENOME REAL",apartment,"3-room apartment","new construction","okres Bytča",Súľov-Hradná,"very cheap",-51.52,NULL,NULL,NULL,1,1
JueW1n9AoIx,"RENOME REAL",apartment,"3-room apartment","new construction","okres Žilina",Závodie,expensive,15.24,2336.96,2336.96,0.0000,1,1
Ju6HxyuWwow,"RENOME REAL",apartment,"3-room apartment",unrenovated,"okres Žilina","Staré mesto",expensive,25.24,NULL,2242.68,NULL,1,3
JuARm8MK_Jy,"RENOME REAL",house,"large house",unrenovated,"okres Čadca",Olešná,cheap,-36.99,519.96,519.96,0.0000,1,1
JuKa1Trlsqb,"RENOME REAL",house,"medium house","partially renovated","okres Žilina","Dlhé Pole",cheap,-21.15,1491.67,1491.67,0.0000,1,1
JuGJ3bcseaG,"Renovo Reality",apartment,"1-room apartment","partially renovated","okres Čadca",Žarec,average,-9.22,2341.22,2431.28,-0.0370,1,3
JuyMZex0bdp,"Renovo Reality",apartment,"2-room apartment","new construction","okres Žilina",Bôrik,premium,61.54,4464.29,3397.18,0.3141,1,4
Ju2TzdFfXkg,"Renovo Reality",apartment,"2-room apartment","partially renovated","okres Žilina","Staré mesto",expensive,25.24,NULL,2992.88,NULL,1,5
JuzhlHJjU2y,"Renovo Reality",apartment,"3-room apartment","new construction","okres Kysucké Nové Mesto",Kamence,average,-3.70,2964.29,2964.29,0.0000,1,2
JuaFAuw30OV,"Renovo Reality",apartment,loft,"partially renovated","okres Žilina","Staré mesto",expensive,25.24,4184.12,4184.12,0.0000,1,1
JuyewzTZPFk,"Renovo Reality",land,"medium plot",NULL,"okres Žilina",Lysica,cheap,-22.24,130.32,130.32,0.0000,1,1
JuJ6A83KPJ2,"Renovo Reality",land,"medium plot",NULL,"okres Žilina",Stránske,expensive,16.12,132.81,105.76,0.2558,1,4
JuhEf6udQZD,"RES GROUP, s.r.o.",land,NULL,NULL,"okres Dolný Kubín","Vyšný Kubín",premium,37.15,NULL,NULL,NULL,1,1
Juo_OtW5DNn,"RES GROUP, s.r.o.",land,NULL,NULL,"okres Žilina",Turie,premium,42.68,95.00,95.00,0.0000,1,2
JuLecgRv95A,"RES GROUP, s.r.o.",apartment,"3-room apartment","fully renovated","okres Žilina",Bôrik,premium,61.54,4196.26,4196.26,0.0000,1,1
Juygw_dFMSa,"RES GROUP, s.r.o.",house,"extra large house","fully renovated","okres Žilina","Malá Praha",premium,74.15,1749.75,1749.75,0.0000,1,1
JueAKgCSgAy,"RES GROUP, s.r.o.",house,"extra large house","fully renovated","okres Žilina",Turie,premium,42.68,NULL,NULL,NULL,1,1
Ju3qLGqmZKr,"RES GROUP, s.r.o.",land,"extra large plot",NULL,"okres Žilina","Kamenná Poruba",premium,89.34,61.42,61.42,0.0000,1,1
JuVHwGe_6K2,"RES GROUP, s.r.o.",house,"large house","fully renovated","okres Žilina",Višňové,expensive,22.64,3607.91,2918.42,0.2363,1,2
JudYTXBsh4Y,"RES GROUP, s.r.o.",house,"large house","new construction","okres Žilina",Divina,expensive,16.28,NULL,NULL,NULL,1,1
JuiBTU_jIjf,"RES GROUP, s.r.o.",house,"large house","new construction","okres Žilina",Višňové,expensive,22.64,2233.73,2233.73,0.0000,1,1
JuT8nBQBdJW,"RES GROUP, s.r.o.",house,"large house","partially renovated","okres Turčianske Teplice",Dubové,"very cheap",-41.69,725.00,725.00,0.0000,1,1
JuoV-wTSH0S,"RES GROUP, s.r.o.",house,"large house","partially renovated","okres Žilina",Rosina,expensive,26.83,1476.00,1476.00,0.0000,1,1
Juq12PkyNpf,"RES GROUP, s.r.o.",house,"large house","partially renovated","okres Žilina",Višňové,expensive,22.64,973.82,1149.41,-0.1528,1,2
Ju_X-eauvqo,"RES GROUP, s.r.o.",house,"medium house","new construction","okres Kysucké Nové Mesto","Lopušné Pažite",average,-13.47,2254.72,2254.72,0.0000,1,1
JujozXo5nt1,"RES GROUP, s.r.o.",house,"medium house","new construction","okres Turčianske Teplice",Dubové,"very cheap",-41.69,1680.41,1680.41,0.0000,1,1
JuKaa51rOO4,"RES GROUP, s.r.o.",house,"medium house","new construction","okres Žilina",Turie,premium,42.68,2354.33,2774.25,-0.1514,1,2
Ju3gJr9Nl-f,"RES GROUP, s.r.o.",house,"medium house","partially renovated","okres Martin",Necpaly,cheap,-25.27,1263.64,1263.64,0.0000,1,1
JuYakCSM7Er,"RES GROUP, s.r.o.",house,"medium house","partially renovated","okres Turčianske Teplice",Háj,"very cheap",-71.62,830.00,830.00,0.0000,1,1
JumkXTsGPeO,"RES GROUP, s.r.o.",house,"medium house","under construction","okres Martin",Necpaly,cheap,-25.27,1545.36,1545.36,0.0000,1,1
Ju7bwTEg95z,"RES GROUP, s.r.o.",house,"medium house","under construction","okres Martin",Slovany,cheap,-17.88,1088.24,1695.84,-0.3583,2,3
JuODbu2kNkQ,"RES GROUP, s.r.o.",house,"medium house","under construction","okres Martin",Slovany,cheap,-17.88,1537.74,1695.84,-0.0932,2,3
JuvDIHl7nu4,"RES GROUP, s.r.o.",land,"medium plot",NULL,"okres Čadca",Dunajov,"very cheap",-61.54,47.93,37.95,0.2630,1,3
JuGnc9OXHGX,"RES GROUP, s.r.o.",land,"medium plot",NULL,"okres Dolný Kubín","Malý Bysterec",premium,41.88,202.70,175.91,0.1523,1,3
JulIpxSm_gw,"RES GROUP, s.r.o.",land,"medium plot",NULL,"okres Dolný Kubín","Vyšný Kubín",premium,37.15,96.00,140.07,-0.3146,1,5
JuJ_jH0Ka-F,"RES GROUP, s.r.o.",land,"medium plot",NULL,"okres Turčianske Teplice",Dubové,"very cheap",-41.69,41.42,41.42,0.0000,1,1
Juw3LRApeaS,"RES GROUP, s.r.o.",land,"medium plot",NULL,"okres Žilina","Horný Hričov",premium,60.47,160.10,160.10,0.0000,1,1
Ju7o2vN-Kj5,"RES GROUP, s.r.o.",land,"medium plot",NULL,"okres Žilina",Trnové,premium,40.34,104.32,145.13,-0.2812,1,7
JuqIXurDwQ_,"RES GROUP, s.r.o.",house,"small house","fully renovated","okres Žilina",Turie,premium,42.68,3312.50,3312.50,0.0000,1,1
Ju0JlS9gfjG,"RES GROUP, s.r.o.",house,"small house","new construction","okres Žilina",Turie,premium,42.68,NULL,NULL,NULL,1,1
JuV0_j6OG4Q,"RES GROUP, s.r.o.",house,"small house",unrenovated,"okres Čadca","Stará Bystrica",average,-2.57,1249.88,1249.88,0.0000,1,1
JuMiM4qhAck,"RES GROUP, s.r.o.",land,"small plot",NULL,"okres Žilina",Turie,premium,42.68,160.00,116.50,0.3734,1,2
JukANoj_iFm,"RESIDENCE realitná kancelária",apartment,"1-room apartment","fully renovated","okres Liptovský Mikuláš","Demänovská Dolina",premium,84.23,NULL,NULL,NULL,1,1
Jud2teyAuDu,"RESIDENCE realitná kancelária",apartment,"1-room apartment","new construction","okres Liptovský Mikuláš","Demänovská Dolina",premium,84.23,7394.63,6086.40,0.2149,1,2
Ju0vPaBxKXU,"RESIDENCE realitná kancelária",apartment,"2-room apartment","fully renovated","okres Liptovský Mikuláš","Vrbica - Nábrežie",average,1.84,2691.43,2879.10,-0.0652,1,4
JumbMyGo4iI,"RESIDENCE realitná kancelária",apartment,"2-room apartment","fully renovated","okres Ružomberok",Bešeňová,expensive,16.40,3816.13,3645.57,0.0468,2,2
Ju2F2PEA16h,"RESIDENCE realitná kancelária",apartment,"2-room apartment","fully renovated","okres Ružomberok",Bešeňová,expensive,16.40,3475.00,3645.57,-0.0468,2,2
JukheJ1B1aD,"RESIDENCE realitná kancelária",apartment,"2-room apartment","new construction","okres Liptovský Mikuláš","Demänovská Dolina",premium,84.23,5986.84,5274.89,0.1350,1,6
Jul5uPR1of1,"RESIDENCE realitná kancelária",apartment,"2-room apartment","new construction","okres Liptovský Mikuláš","Staré mesto",average,1.93,3214.29,3192.75,0.0067,3,6
JuKqTd0J1IQ,"RESIDENCE realitná kancelária",apartment,"2-room apartment","new construction","okres Liptovský Mikuláš","Staré mesto",average,1.93,2650.00,3192.75,-0.1700,3,6
JutKisdKgjR,"RESIDENCE realitná kancelária",apartment,"2-room apartment","new construction","okres Liptovský Mikuláš","Staré mesto",average,1.93,2770.03,3192.75,-0.1324,3,6
Ju-lRWjvao3,"RESIDENCE realitná kancelária",apartment,"2-room apartment","partially renovated","okres Liptovský Mikuláš","Staré mesto",average,1.93,2862.07,2345.49,0.2202,1,4
Ju20KERTu8I,"RESIDENCE realitná kancelária",apartment,"2-room apartment",unrenovated,"okres Liptovský Mikuláš",Podbreziny,expensive,13.11,2118.64,2122.61,-0.0019,1,3
JuhrMWK4tz6,"RESIDENCE realitná kancelária",apartment,"3-room apartment","fully renovated","okres Liptovský Mikuláš","Staré mesto",average,1.93,2913.03,3556.52,-0.1809,1,3
Ju12shpSBga,"RESIDENCE realitná kancelária",apartment,"3-room apartment","new construction","okres Liptovský Mikuláš",Demänová,premium,36.87,4369.64,5448.71,-0.1980,1,2
JueH_k99MSI,"RESIDENCE realitná kancelária",apartment,"3-room apartment","partially renovated","okres Liptovský Mikuláš","Staré mesto",average,1.93,NULL,2050.07,NULL,2,4
Ju0fvkzNIT_,"RESIDENCE realitná kancelária",apartment,"3-room apartment","partially renovated","okres Liptovský Mikuláš","Staré mesto",average,1.93,1792.45,2050.07,-0.1257,2,4
JudLFAAMGyd,"RESIDENCE realitná kancelária",apartment,"3-room apartment",unrenovated,"okres Liptovský Mikuláš","Vrbica - Nábrežie",average,1.84,2035.13,2054.36,-0.0094,2,3
JuYEF2k-qam,"RESIDENCE realitná kancelária",apartment,"3-room apartment",unrenovated,"okres Liptovský Mikuláš","Vrbica - Nábrežie",average,1.84,2085.71,2054.36,0.0153,2,3
JuBQnHxf835,"RESIDENCE realitná kancelária",house,"extra large house","partially renovated","okres Ružomberok",Ivachnová,expensive,16.52,NULL,224.40,NULL,1,2
JuMAMHXJq7S,"RESIDENCE realitná kancelária",land,"extra large plot",NULL,"okres Liptovský Mikuláš",Beňadiková,average,-11.64,25.00,27.50,-0.0909,1,3
Ju6GKonKAZ1,"RESIDENCE realitná kancelária",apartment,"holiday apartment","new construction","okres Liptovský Mikuláš",Demänová,premium,36.87,4764.18,4467.15,0.0665,2,15
JuX5UJf-pU4,"RESIDENCE realitná kancelária",apartment,"holiday apartment","new construction","okres Liptovský Mikuláš",Demänová,premium,36.87,5325.58,4467.15,0.1922,2,15
JuQ4A208KjZ,"RESIDENCE realitná kancelária",apartment,"holiday apartment","new construction","okres Liptovský Mikuláš","Demänovská Dolina",premium,84.23,7160.49,5609.23,0.2766,15,40
JuRBfIzNbvG,"RESIDENCE realitná kancelária",apartment,"holiday apartment","new construction","okres Liptovský Mikuláš","Demänovská Dolina",premium,84.23,6992.71,5609.23,0.2466,15,40
JuFzBbUk-Xv,"RESIDENCE realitná kancelária",apartment,"holiday apartment","new construction","okres Liptovský Mikuláš","Demänovská Dolina",premium,84.23,6402.44,5609.23,0.1414,15,40
JuolQI_qYfx,"RESIDENCE realitná kancelária",apartment,"holiday apartment","new construction","okres Liptovský Mikuláš","Demänovská Dolina",premium,84.23,6531.53,5609.23,0.1644,15,40
JuUeGi9MZcI,"RESIDENCE realitná kancelária",apartment,"holiday apartment","new construction","okres Liptovský Mikuláš","Demänovská Dolina",premium,84.23,6202.53,5609.23,0.1058,15,40
JuHMn6qkBSk,"RESIDENCE realitná kancelária",apartment,"holiday apartment","new construction","okres Liptovský Mikuláš","Demänovská Dolina",premium,84.23,3494.62,5609.23,-0.3770,15,40
JurBk73cOr3,"RESIDENCE realitná kancelária",apartment,"holiday apartment","new construction","okres Liptovský Mikuláš","Demänovská Dolina",premium,84.23,6000.00,5609.23,0.0697,15,40
Ju8j-hPnALY,"RESIDENCE realitná kancelária",apartment,"holiday apartment","new construction","okres Liptovský Mikuláš","Demänovská Dolina",premium,84.23,6682.03,5609.23,0.1913,15,40
JuQG3Tg2HJV,"RESIDENCE realitná kancelária",apartment,"holiday apartment","new construction","okres Liptovský Mikuláš","Demänovská Dolina",premium,84.23,6900.00,5609.23,0.2301,15,40
Ju_TYGvbGhv,"RESIDENCE realitná kancelária",apartment,"holiday apartment","new construction","okres Liptovský Mikuláš","Demänovská Dolina",premium,84.23,6973.68,5609.23,0.2433,15,40
JuWeCQ_05jp,"RESIDENCE realitná kancelária",apartment,"holiday apartment","new construction","okres Liptovský Mikuláš","Demänovská Dolina",premium,84.23,NULL,5609.23,NULL,15,40
JuoCz53ml38,"RESIDENCE realitná kancelária",apartment,"holiday apartment","new construction","okres Liptovský Mikuláš","Demänovská Dolina",premium,84.23,6415.09,5609.23,0.1437,15,40
JuJeYUPavsEk,"RESIDENCE realitná kancelária",apartment,"holiday apartment","new construction","okres Liptovský Mikuláš","Demänovská Dolina",premium,84.23,7804.88,5609.23,0.3914,15,40
JuIZo2BnWQa,"RESIDENCE realitná kancelária",apartment,"holiday apartment","new construction","okres Liptovský Mikuláš","Demänovská Dolina",premium,84.23,6313.13,5609.23,0.1255,15,40
JumCrfhYhfV,"RESIDENCE realitná kancelária",apartment,"holiday apartment","new construction","okres Liptovský Mikuláš","Demänovská Dolina",premium,84.23,5480.77,5609.23,-0.0229,15,40
Ju3xvc6aD2Y,"RESIDENCE realitná kancelária",apartment,"holiday apartment","new construction","okres Liptovský Mikuláš","Liptovský Ján",expensive,5.21,3390.37,4095.71,-0.1722,1,3
JuDnu0rzPNR,"RESIDENCE realitná kancelária",house,"large house","partially renovated","okres Liptovský Mikuláš","Liptovský Ján",expensive,5.21,1122.07,1122.07,0.0000,1,1
JusAHp2VimF,"RESIDENCE realitná kancelária",house,"large house","partially renovated","okres Liptovský Mikuláš",Východná,cheap,-25.31,638.89,638.89,0.0000,1,2
JuVjafOp1qo,"RESIDENCE realitná kancelária",house,"large house",unrenovated,"okres Liptovský Mikuláš",Jamník,average,-4.62,774.00,774.00,0.0000,1,1
JujzuFjr_sw,"RESIDENCE realitná kancelária",house,"large house",unrenovated,"okres Liptovský Mikuláš","Svätý Kríž",expensive,11.02,1352.94,1352.94,0.0000,1,1
JuRDGTVaaYE,"RESIDENCE realitná kancelária",land,"large plot",NULL,"okres Liptovský Mikuláš",Jamník,average,-4.62,147.12,147.12,0.0000,1,1
JuI4QwFHXkB,"RESIDENCE realitná kancelária",land,"large plot",NULL,"okres Liptovský Mikuláš","Liptovská Ondrašová",expensive,17.23,120.00,110.00,0.0909,2,2
JuArm-RO0qx,"RESIDENCE realitná kancelária",land,"large plot",NULL,"okres Liptovský Mikuláš","Liptovská Ondrašová",expensive,17.23,100.00,110.00,-0.0909,2,2
JufFFiGUtxN,"RESIDENCE realitná kancelária",land,"large plot",NULL,"okres Liptovský Mikuláš",Vitálišovce,premium,93.84,164.84,197.98,-0.1674,2,4
JuWW4q9AnNy,"RESIDENCE realitná kancelária",land,"large plot",NULL,"okres Liptovský Mikuláš",Vitálišovce,premium,93.84,187.06,197.98,-0.0552,2,4
Ju_WEW0Dt4l,"RESIDENCE realitná kancelária",house,"medium house","new construction","okres Liptovský Mikuláš",Andice,expensive,14.97,2430.89,2430.89,0.0000,1,1
JuepuA7Tiw0,"RESIDENCE realitná kancelária",house,"medium house","new construction","okres Liptovský Mikuláš",Palúdzka,expensive,7.35,NULL,NULL,NULL,1,1
JuuW_lWTRhF,"RESIDENCE realitná kancelária",house,"medium house","new construction","okres Liptovský Mikuláš","Svätý Kríž",expensive,11.02,3127.45,3127.45,0.0000,2,2
Ju91riyeIY0,"RESIDENCE realitná kancelária",house,"medium house","new construction","okres Liptovský Mikuláš","Svätý Kríž",expensive,11.02,NULL,3127.45,NULL,2,2
JubXfE9326q,"RESIDENCE realitná kancelária",house,"medium house","partially renovated","okres Liptovský Mikuláš",Bodice,premium,37.39,2080.00,2080.00,0.0000,1,1
JuBhi6vWwWF,"RESIDENCE realitná kancelária",house,"medium house","partially renovated","okres Ružomberok",Hubová,"very cheap",-63.90,1666.67,1666.67,0.0000,1,1
JulrIqN4RR6,"RESIDENCE realitná kancelária",land,"medium plot",NULL,"okres Liptovský Mikuláš",Hybe,cheap,-34.94,86.35,86.35,0.0000,1,1
JuWsp-GzHhf,"RESIDENCE realitná kancelária",land,"medium plot",NULL,"okres Liptovský Mikuláš",Vlachy,cheap,-33.54,80.56,76.20,0.0572,1,5
Ju1YLWtdCP4,"RESIDENCE realitná kancelária",land,"small plot",NULL,"okres Liptovský Mikuláš",Lazisko,cheap,-18.58,130.00,115.34,0.1271,1,3
JuiHO4ziDsX,"RESIDENCE realitná kancelária",land,"small plot",NULL,"okres Liptovský Mikuláš",Podbreziny,expensive,13.11,222.00,186.81,0.1884,1,6
JudWcaYczoj,"RESIDENCE realitná kancelária",apartment,"studio apartment",unrenovated,"okres Liptovský Mikuláš","Staré mesto",average,1.93,2952.76,2952.76,0.0000,1,1
JuRMVAMTIbE,"RexDeco s.r.o.",apartment,"2-room apartment","new construction","okres Liptovský Mikuláš","Demänovská Dolina",premium,84.23,6066.67,5274.89,0.1501,1,6
Judqch1ikzy,"RIEŠIME BÝVANIE",apartment,"1-room apartment","fully renovated","okres Tvrdošín",Nižná,cheap,-23.39,2000.00,2000.00,0.0000,1,1
Ju7lyYOfLaW,"RIEŠIME BÝVANIE",apartment,"1-room apartment",unrenovated,"okres Žilina",Hliny,expensive,11.48,3372.09,3372.09,0.0000,1,1
JuSBcLlOavm,"RIEŠIME BÝVANIE",apartment,"2-room apartment","new construction","okres Žilina",Hájik,expensive,5.43,3599.98,3481.93,0.0339,1,5
Jub5nNi4yTF,"RIEŠIME BÝVANIE",apartment,"2-room apartment","partially renovated","okres Žilina",Vlčince,premium,39.03,2887.10,2753.81,0.0484,1,2
JuLJzHZSfxX,"RIEŠIME BÝVANIE",apartment,"2-room apartment",unrenovated,"okres Martin",Sever,average,-7.71,1757.14,1981.35,-0.1132,1,3
JuMvD_EgmbK,"RIEŠIME BÝVANIE",apartment,"3-room apartment","fully renovated","okres Žilina",Hliny,expensive,11.48,4150.00,3489.73,0.1892,2,3
JueA04xvA0H,"RIEŠIME BÝVANIE",apartment,"3-room apartment","fully renovated","okres Žilina",Hliny,expensive,11.48,3484.85,3489.73,-0.0014,2,3
Ju1F-eiNHx4,"RIEŠIME BÝVANIE",apartment,"3-room apartment","fully renovated","okres Žilina","Staré mesto",expensive,25.24,2694.12,2757.62,-0.0230,1,9
JukCOBdi-HG,"RIEŠIME BÝVANIE",apartment,"3-room apartment","fully renovated","okres Žilina",Vlčince,premium,39.03,2769.88,2883.51,-0.0394,1,6
JunBxeMXtVv,"RIEŠIME BÝVANIE",apartment,"3-room apartment","partially renovated","okres Bytča","Veľké Rovné",average,-9.95,1767.12,1772.92,-0.0033,2,3
Ju2PTXS03nR,"RIEŠIME BÝVANIE",apartment,"3-room apartment","partially renovated","okres Bytča","Veľké Rovné",average,-9.95,1767.12,1772.92,-0.0033,2,3
JueQ0ot5J2r,"RIEŠIME BÝVANIE",apartment,"3-room apartment","partially renovated","okres Čadca",Žarec,average,-9.22,2070.42,2070.42,0.0000,1,1
Ju7FBuvMeEz,"RIEŠIME BÝVANIE",apartment,"3-room apartment","partially renovated","okres Žilina","Považský Chlmec",expensive,12.99,2063.49,2063.49,0.0000,1,1
JuC08OMa82u,"RIEŠIME BÝVANIE",apartment,"4-room apartment","new construction","okres Žilina",Hájik,expensive,5.43,2263.80,2623.35,-0.1371,1,3
JuPxUBuwHJ4,"RIEŠIME BÝVANIE",apartment,"4-room apartment","new construction","okres Žilina",Hliny,expensive,11.48,1783.09,1783.09,0.0000,1,3
JuOnQ9rym-h,"RIEŠIME BÝVANIE",apartment,"4-room apartment","partially renovated","okres Žilina","Staré mesto",expensive,25.24,2517.24,2360.74,0.0663,1,3
Judmv08qh2A,"RIEŠIME BÝVANIE",apartment,"4-room apartment",unrenovated,"okres Žilina","Staré mesto",expensive,25.24,1416.67,1740.95,-0.1863,1,4
JuJM07aUO0O,"RIEŠIME BÝVANIE",apartment,"5+ room apartment","partially renovated","okres Žilina",Hliny,expensive,11.48,2990.00,2990.00,0.0000,1,1
Ju7mrdPR_cn,"RIEŠIME BÝVANIE",house,"extra large house","fully renovated","okres Bytča",Štiavnik,average,-9.25,914.75,914.75,0.0000,1,1
JuKrQbUiYIO,"RIEŠIME BÝVANIE",house,"extra large house",unrenovated,"okres Liptovský Mikuláš",Pribylina,cheap,-31.70,412.14,412.14,0.0000,1,1
Jux6Z04Xzh-,"RIEŠIME BÝVANIE",house,"extra large house",unrenovated,"okres Ružomberok","Staré mesto",average,-14.78,330.07,330.07,0.0000,1,1
JuF72cqi1ME,"RIEŠIME BÝVANIE",house,"extra large house",unrenovated,"okres Žilina",Lietava,cheap,-29.52,348.19,348.19,0.0000,1,1
JubzyQhnL5j,"RIEŠIME BÝVANIE",land,"extra large plot",NULL,"okres Turčianske Teplice",Sklené,average,-12.01,19.09,19.09,0.0000,1,1
JuiwnKuifVR,"RIEŠIME BÝVANIE",land,"extra large plot",NULL,"okres Žilina",Svederník,expensive,24.98,50.00,50.00,0.0000,1,1
JumwKAHAQZ-,"RIEŠIME BÝVANIE",apartment,"holiday apartment","new construction","okres Bytča",Súľov-Hradná,"very cheap",-51.52,NULL,NULL,NULL,1,1
Juow0UUu95a,"RIEŠIME BÝVANIE",apartment,"holiday apartment","new construction","okres Liptovský Mikuláš","Liptovský Ján",expensive,5.21,4038.46,4095.71,-0.0140,1,3
Ju9bVHvcqcL,"RIEŠIME BÝVANIE",apartment,"holiday apartment","new construction","okres Námestovo","Oravská Lesná",cheap,-20.20,3401.36,3491.40,-0.0258,1,3
JujFiU7wF23,"RIEŠIME BÝVANIE",house,"large house","fully renovated","okres Bytča","Bytča - sever",average,2.54,1868.75,1868.75,0.0000,1,1
JuH7gFUPY7f,"RIEŠIME BÝVANIE",house,"large house","fully renovated","okres Žilina",Gbeľany,premium,48.65,NULL,NULL,NULL,1,1
Ju2sBY5BIo1,"RIEŠIME BÝVANIE",house,"large house","fully renovated","okres Žilina",Mojš,average,0.39,1840.00,1840.00,0.0000,1,1
JuZSCNK7v3l,"RIEŠIME BÝVANIE",house,"large house","fully renovated","okres Žilina","Staré mesto",expensive,25.24,2500.00,2025.55,0.2342,1,3
Juulf_xdqDW,"RIEŠIME BÝVANIE",house,"large house","fully renovated","okres Žilina",Stránske,expensive,16.12,2391.30,2391.30,0.0000,2,2
JuKYmK8mVw6,"RIEŠIME BÝVANIE",house,"large house","fully renovated","okres Žilina",Stránske,expensive,16.12,2391.30,2391.30,0.0000,2,2
Ju9Ur37Ixsd,"RIEŠIME BÝVANIE",house,"large house","fully renovated","okres Žilina","Teplička nad Váhom",premium,48.91,1395.42,1395.42,0.0000,1,2
JulDvECm5wW,"RIEŠIME BÝVANIE",house,"large house","new construction","okres Žilina","Považský Chlmec",expensive,12.99,2457.14,2457.14,0.0000,1,1
Ju7p-ibu19t,"RIEŠIME BÝVANIE",house,"large house","partially renovated","okres Liptovský Mikuláš","Liptovská Porúbka",cheap,-37.00,592.98,592.98,0.0000,1,1
JujtVzSs6Xp,"RIEŠIME BÝVANIE",house,"large house","partially renovated","okres Martin",Necpaly,cheap,-25.27,1035.71,1035.71,0.0000,1,1
JuB-eq5YpsZ,"RIEŠIME BÝVANIE",house,"large house","partially renovated","okres Martin",Stred,expensive,19.38,1035.71,1035.71,0.0000,1,1
JuJ5uCQt9op,"RIEŠIME BÝVANIE",house,"large house","partially renovated","okres Žilina","Lietavská Svinná-Babkov",average,1.75,821.74,821.74,0.0000,2,2
JuZvI3pSm0g,"RIEŠIME BÝVANIE",house,"large house","partially renovated","okres Žilina","Lietavská Svinná-Babkov",average,1.75,821.74,821.74,0.0000,2,2
Ju0rAUqUjgL,"RIEŠIME BÝVANIE",house,"large house","partially renovated","okres Žilina","Staré mesto",expensive,25.24,2758.82,2758.82,0.0000,1,1
Juec1wGmCc3,"RIEŠIME BÝVANIE",house,"large house","partially renovated","okres Žilina","Veľká Čierna",cheap,-18.71,864.13,864.13,0.0000,1,1
Ju_uHTH2LKy,"RIEŠIME BÝVANIE",house,"large house",unrenovated,"okres Bytča","Veľké Rovné",average,-9.95,1075.00,1075.00,0.0000,1,1
Ju_jNWgq4Ah,"RIEŠIME BÝVANIE",house,"large house",unrenovated,"okres Liptovský Mikuláš","Kráľova Lehota",cheap,-21.97,800.00,800.00,0.0000,1,1
Ju4kDIYSKlj,"RIEŠIME BÝVANIE",house,"large house",unrenovated,"okres Martin",Žabokreky,average,-0.98,1619.05,1619.05,0.0000,1,1
Ju1Zyt94p9m,"RIEŠIME BÝVANIE",house,"large house",unrenovated,"okres Tvrdošín",Podbiel,average,4.50,1173.91,1173.91,0.0000,1,1
JumiXs0CTuk,"RIEŠIME BÝVANIE",house,"large house",unrenovated,"okres Žilina",Bôrik,premium,61.54,1625.00,2234.38,-0.2727,1,3
Juo44m6iiNj,"RIEŠIME BÝVANIE",house,"large house",unrenovated,"okres Žilina","Staré mesto",expensive,25.24,2360.00,3211.25,-0.2651,1,2
JubkW3740OB,"RIEŠIME BÝVANIE",land,"large plot",NULL,"okres Bytča",Kotešová,expensive,16.48,112.33,112.33,0.0000,1,1
Ju5Ehcheq2v,"RIEŠIME BÝVANIE",land,"large plot",NULL,"okres Žilina",Višňové,expensive,22.64,89.68,129.44,-0.3072,1,2
JuIa9S8sGpG,"RIEŠIME BÝVANIE",house,"medium house","development project","okres Žilina",Trnové,premium,40.34,2231.40,2231.40,0.0000,1,1
Jug6zZpbgms,"RIEŠIME BÝVANIE",house,"medium house","fully renovated","okres Žilina",Terchová,expensive,17.29,1872.00,1872.00,0.0000,1,1
JuWRJBDqxZU,"RIEŠIME BÝVANIE",house,"medium house","new construction","okres Martin",Jahodníky,expensive,9.68,2616.28,2616.28,0.0000,1,1
JuPBoWiotP6,"RIEŠIME BÝVANIE",house,"medium house","new construction","okres Turčianske Teplice","Horná Štubňa",cheap,-30.38,2616.28,2616.28,0.0000,1,1
JuqU9D7znCx,"RIEŠIME BÝVANIE",house,"medium house","new construction","okres Turčianske Teplice",Stred,cheap,-16.60,2616.28,2616.28,0.0000,1,1
JufXd7f876u,"RIEŠIME BÝVANIE",house,"medium house","under construction","okres Žilina",Bánová,average,-7.70,3038.46,3038.46,0.0000,1,1
JunoJZqtPKv,"RIEŠIME BÝVANIE",land,"medium plot",NULL,"okres Bytča",Kotešová,expensive,16.48,63.29,93.18,-0.3208,1,2
JufBIzJWZ0T,"RIEŠIME BÝVANIE",land,"medium plot",NULL,"okres Čadca",Korňa,"very cheap",-45.15,24.34,27.49,-0.1146,1,3
JuD-E2E_yvf,"RIEŠIME BÝVANIE",land,"medium plot",NULL,"okres Námestovo",Novoť,"very cheap",-51.04,40.00,50.00,-0.2000,2,2
JuNxdVDCwxP,"RIEŠIME BÝVANIE",land,"medium plot",NULL,"okres Námestovo",Novoť,"very cheap",-51.04,60.00,50.00,0.2000,2,2
JuaSPQ-WWc2,"RIEŠIME BÝVANIE",land,"medium plot",NULL,"okres Turčianske Teplice","Malý Čepčín",cheap,-33.98,35.48,35.48,0.0000,1,1
JuuNE4PQz6D,"RIEŠIME BÝVANIE",land,"medium plot",NULL,"okres Žilina",Budatín,premium,51.29,231.40,280.98,-0.1765,1,10
JuPNAYZ0O8w,"RIEŠIME BÝVANIE",land,"medium plot",NULL,"okres Žilina",Trnové,premium,40.34,250.00,145.13,0.7226,1,7
JumG3BQ732C,"RIEŠIME BÝVANIE",land,"small plot",NULL,"okres Žilina",Ovčiarsko,average,-2.35,90.41,134.11,-0.3259,2,7
JuMFxRcxLzj,"RIEŠIME BÝVANIE",land,"small plot",NULL,"okres Žilina",Ovčiarsko,average,-2.35,90.41,134.11,-0.3259,2,7
Ju4YZRhAzaf,"RIEŠIME BÝVANIE",apartment,"studio apartment","fully renovated","okres Žilina",Bôrik,premium,61.54,4258.68,4258.68,0.0000,1,1
Ju52lG6Waej,"RIEŠIME BÝVANIE",apartment,"studio apartment","new construction","okres Žilina",Vlčince,premium,39.03,4720.00,4720.00,0.0000,1,1
Juhlf1Su_tu,"RIEŠIME BÝVANIE",apartment,"studio apartment","partially renovated","okres Žilina",Závodie,expensive,15.24,3702.94,3702.94,0.0000,1,1
JuS8GjjsXwr,"RIGHT POWER DEVELOPMENT, s.r.o.",apartment,"holiday apartment","fully renovated","okres Martin",Valča,cheap,-16.01,3286.32,3286.32,0.0000,1,1
JuoS3WYoWLk,"RK 38- Miroslav Antoška",apartment,"holiday apartment",unrenovated,"okres Liptovský Mikuláš","Demänovská Dolina",premium,84.23,4675.00,4675.00,0.0000,1,1
JuTlV6vu9KV,"RK ANNA, s.r.o.",house,"large house","partially renovated","okres Čadca",Hlinené,"very cheap",-48.50,1218.75,1218.75,0.0000,1,1
Ju9DwSC6oJu,"RK Dalmia s. r. o.",apartment,"2-room apartment","fully renovated","okres Ružomberok",Polík,cheap,-38.28,2142.86,2080.36,0.0300,1,2
Ju1cXQ08ziY,"RK Dalmia s. r. o.",apartment,"2-room apartment","new construction","okres Dolný Kubín",Brezovec,average,-1.33,2585.71,3431.89,-0.2466,1,3
Jucm4yaaOJ2,"RK Dalmia s. r. o.",apartment,"3-room apartment","fully renovated","okres Dolný Kubín",Brezovec,average,-1.33,2463.35,2463.35,0.0000,1,1
JuwnuvEmJ5E,"RK Dalmia s. r. o.",apartment,"3-room apartment","new construction","okres Námestovo",Zubrohlava,"very cheap",-47.20,2570.65,2012.83,0.2771,1,3
Ju5R24o6GQR,"RK Dalmia s. r. o.",apartment,"3-room apartment",unrenovated,"okres Dolný Kubín",Brezovec,average,-1.33,2094.10,2484.55,-0.1572,1,2
Ju-48631_aJ,"RK Dalmia s. r. o.",apartment,"3-room apartment",unrenovated,"okres Dolný Kubín","Veľký Bysterec",average,-4.14,2037.91,2057.42,-0.0095,1,3
JuyxsUVgHii,"RK Dalmia s. r. o.",apartment,"4-room apartment","fully renovated","okres Dolný Kubín",Brezovec,average,-1.33,2191.01,2287.12,-0.0420,1,2
JuRYP3Oa6YZ,"RK Dalmia s. r. o.",apartment,"4-room apartment","new construction","okres Dolný Kubín",Stred,average,-5.26,2046.67,2046.67,0.0000,1,1
Ju3pFJiSu2s,"RK Dalmia s. r. o.",land,"extra large plot",NULL,"okres Dolný Kubín",Zázrivá,average,-13.12,35.43,26.72,0.3260,1,3
JuiqUvi14Ah,"RK Dalmia s. r. o.",house,"large house","new construction","okres Dolný Kubín",Brezovec,average,-1.33,1752.94,1807.72,-0.0303,1,3
JuQLhnk0fIJ,"RK Dalmia s. r. o.",house,"large house","partially renovated","okres Námestovo",Bobrov,"very cheap",-51.24,668.27,668.27,0.0000,1,1
JuUyDXLqSR7,"RK Dalmia s. r. o.",house,"large house","partially renovated","okres Tvrdošín",Nižná,cheap,-23.39,NULL,945.83,NULL,2,2
Jubn7zHTz__,"RK Dalmia s. r. o.",house,"large house","partially renovated","okres Tvrdošín",Nižná,cheap,-23.39,945.83,945.83,0.0000,2,2
Ju1u_LxXjv_,"RK Dalmia s. r. o.",house,"large house",unrenovated,"okres Námestovo",Hruštín,"very cheap",-44.14,681.37,572.65,0.1899,1,2
Juvljk31CAz,"RK Dalmia s. r. o.",land,"large plot",NULL,"okres Dolný Kubín",Žaškov,cheap,-28.10,86.76,75.77,0.1450,1,2
Juk7ESYVk3r,"RK Dalmia s. r. o.",land,"large plot",NULL,"okres Námestovo",Vasiľov,"very cheap",-54.84,37.25,37.25,0.0000,1,1
Ju6igj_0jNC,"RK Dalmia s. r. o.",house,"medium house","fully renovated","okres Dolný Kubín","Oravský Podzámok",expensive,19.75,NULL,NULL,NULL,1,1
JuD_VuWF7qU,"RK Dalmia s. r. o.",house,"medium house","new construction","okres Dolný Kubín",Istebné,premium,42.69,3177.86,3177.86,0.0000,1,1
JuUuFP8LBad,"RK Dalmia s. r. o.",house,"medium house","partially renovated","okres Dolný Kubín",Malatiná,"very cheap",-43.41,1038.46,1038.46,0.0000,1,1
Ju_7upNwBrj,"RK Dalmia s. r. o.",house,"medium house",unrenovated,"okres Dolný Kubín",Malatiná,"very cheap",-43.41,790.91,790.91,0.0000,1,1
JuHinPus21r,"RK Dalmia s. r. o.",house,"medium house",unrenovated,"okres Ružomberok",Lisková,cheap,-19.78,916.67,790.90,0.1590,1,3
JuUUj1AEgQf,"RK Dalmia s. r. o.",land,"medium plot",NULL,"okres Dolný Kubín",Malatiná,"very cheap",-43.41,74.93,74.93,0.0000,1,1
JutWL9k4SH-,"RK Dalmia s. r. o.",land,"medium plot",NULL,"okres Dolný Kubín","Malý Bysterec",premium,41.88,149.11,175.91,-0.1524,1,3
JuPab66wdox,"RK Dalmia s. r. o.",land,"medium plot",NULL,"okres Dolný Kubín",Mokraď,premium,65.60,100.00,96.67,0.0344,3,3
JuJ9RlquSBH,"RK Dalmia s. r. o.",land,"medium plot",NULL,"okres Dolný Kubín",Mokraď,premium,65.60,100.00,96.67,0.0344,3,3
Ju16HqVho2l,"RK Dalmia s. r. o.",land,"medium plot",NULL,"okres Dolný Kubín",Mokraď,premium,65.60,90.00,96.67,-0.0690,3,3
JuDFkgbrvLz,"RK Dalmia s. r. o.",land,"medium plot",NULL,"okres Dolný Kubín",Veličná,expensive,14.21,152.89,134.94,0.1330,2,7
JuuLvwvMnqi,"RK Dalmia s. r. o.",land,"medium plot",NULL,"okres Dolný Kubín",Veličná,expensive,14.21,120.00,134.94,-0.1107,2,7
JujRK5xYV79,"RK Dalmia s. r. o.",land,"medium plot",NULL,"okres Dolný Kubín","Vyšný Kubín",premium,37.15,118.00,140.07,-0.1576,1,5
JuQ7vhVLfEg,"RK Dalmia s. r. o.",land,"medium plot",NULL,"okres Námestovo",NULL,NULL,NULL,85.00,85.00,0.0000,1,1
JuIyQ6FpRLK,"RK Dalmia s. r. o.",land,"medium plot",NULL,"okres Námestovo",Vasiľov,"very cheap",-54.84,55.00,55.00,0.0000,1,1
JuJrQI4ug9X,"RK Dalmia s. r. o.",land,"small plot",NULL,"okres Dolný Kubín","Malý Bysterec",premium,41.88,90.54,90.54,0.0000,1,1
JuOZEwkJjt3,"RK Dalmia s. r. o.",land,"small plot",NULL,"okres Dolný Kubín",Mokraď,premium,65.60,120.82,120.82,0.0000,1,1
Jubj0GQo0yb,"RK Finanz Real, s.r.o.",house,"large house","fully renovated","okres Čadca",Zákopčie,cheap,-18.02,863.64,863.64,0.0000,1,1
JupU33o9uCP,"RK SPIRIT s.r.o.",apartment,"1-room apartment","new construction","okres Ružomberok",Hrabovo,average,-7.51,NULL,3093.75,NULL,1,2
JuC7FB5n3i0,"RK SPIRIT s.r.o.",apartment,"1-room apartment","new construction","okres Tvrdošín",Trstená,average,-10.23,2918.75,2918.75,0.0000,1,1
Juh1ylk55iy,"RK SPIRIT s.r.o.",apartment,"1-room apartment","under construction","okres Liptovský Mikuláš","Liptovská Mara - Tatralandia",expensive,25.63,NULL,NULL,NULL,1,1
JuoB7gmYVp_,"RK SPIRIT s.r.o.",apartment,"2-room apartment","fully renovated","okres Liptovský Mikuláš",Demänová,premium,36.87,3410.96,4244.70,-0.1964,2,2
JuTQd4u0n33,"RK SPIRIT s.r.o.",apartment,"2-room apartment","fully renovated","okres Liptovský Mikuláš",Demänová,premium,36.87,5078.43,4244.70,0.1964,2,2
Ju8DPYGWH3G,"RK SPIRIT s.r.o.",apartment,"2-room apartment","new construction","okres Dolný Kubín",Stred,average,-5.26,4112.41,4112.41,0.0000,1,1
JuiOse4gKiU,"RK SPIRIT s.r.o.",apartment,"2-room apartment","new construction","okres Liptovský Mikuláš",Celiny,average,-4.48,1978.69,2177.65,-0.0914,3,3
Jug3a9-mziM,"RK SPIRIT s.r.o.",apartment,"2-room apartment","new construction","okres Liptovský Mikuláš",Celiny,average,-4.48,2140.52,2177.65,-0.0171,3,3
JuUrbdc3pDN,"RK SPIRIT s.r.o.",apartment,"2-room apartment","new construction","okres Liptovský Mikuláš",Celiny,average,-4.48,2413.75,2177.65,0.1084,3,3
Ju_7fjs1rDI,"RK SPIRIT s.r.o.",apartment,"2-room apartment","new construction","okres Liptovský Mikuláš","Liptovská Mara - Tatralandia",expensive,25.63,NULL,3714.29,NULL,1,3
Ju7J-Smt48P,"RK SPIRIT s.r.o.",apartment,"2-room apartment","new construction","okres Tvrdošín",Trstená,average,-10.23,2988.10,2988.10,0.0000,1,1
Ju8GQ26KaaT,"RK SPIRIT s.r.o.",apartment,"2-room apartment","under construction","okres Ružomberok",Roveň,average,-12.14,NULL,3087.71,NULL,1,3
Ju5fikmM7T5,"RK SPIRIT s.r.o.",apartment,"3-room apartment","fully renovated","okres Liptovský Mikuláš","Staré mesto",average,1.93,NULL,3556.52,NULL,1,3
Jun8Wp9H-1m,"RK SPIRIT s.r.o.",apartment,"3-room apartment","new construction","okres Liptovský Mikuláš",Celiny,average,-4.48,2495.99,2495.99,0.0000,1,1
Ju5JJVitOH3,"RK SPIRIT s.r.o.",apartment,"3-room apartment","new construction","okres Tvrdošín",Trstená,average,-10.23,3118.33,3118.33,0.0000,1,1
Ju1AWDIaxaK,"RK SPIRIT s.r.o.",apartment,"3-room apartment","under construction","okres Ružomberok",Roveň,average,-12.14,NULL,2975.95,NULL,1,5
Ju59v0S7Gi9,"RK SPIRIT s.r.o.",apartment,"3-room apartment",unrenovated,"okres Liptovský Mikuláš",Podbreziny,expensive,13.11,1740.26,1740.26,0.0000,1,1
JuCX2-0gKW3,"RK SPIRIT s.r.o.",apartment,"4-room apartment","fully renovated","okres Liptovský Mikuláš",Demänová,premium,36.87,4101.69,3718.22,0.1031,1,2
JuVCZnRxN5m,"RK SPIRIT s.r.o.",apartment,"4-room apartment","new construction","okres Liptovský Mikuláš",Celiny,average,-4.48,2187.70,2187.70,0.0000,1,1
Ju_D1IbOI5l,"RK SPIRIT s.r.o.",house,"extra large house","new construction","okres Liptovský Mikuláš","Závažná Poruba",average,-6.90,1193.40,1193.40,0.0000,1,1
Ju2DkJ0tL0r,"RK SPIRIT s.r.o.",land,"extra large plot",NULL,"okres Liptovský Mikuláš",Kvačany,cheap,-18.87,65.00,65.00,0.0000,1,2
JuMCxXCgucb,"RK SPIRIT s.r.o.",land,"extra large plot",NULL,"okres Liptovský Mikuláš","Liptovská Mara - Tatralandia",expensive,25.63,200.00,200.00,0.0000,1,1
JuHVIRVpUCc,"RK SPIRIT s.r.o.",apartment,"holiday apartment","fully renovated","okres Liptovský Mikuláš","Staré mesto",average,1.93,NULL,NULL,NULL,1,1
JuVvtE4iYcW,"RK SPIRIT s.r.o.",apartment,"holiday apartment","new construction","okres Dolný Kubín",Stred,average,-5.26,4112.41,4112.41,0.0000,1,1
Jul7be3Lkz5,"RK SPIRIT s.r.o.",apartment,"holiday apartment","new construction","okres Liptovský Mikuláš",Demänová,premium,36.87,4230.77,4467.15,-0.0529,4,15
JuP6qyzD4rb,"RK SPIRIT s.r.o.",apartment,"holiday apartment","new construction","okres Liptovský Mikuláš",Demänová,premium,36.87,3997.50,4467.15,-0.1051,4,15
JucEibGbMaV,"RK SPIRIT s.r.o.",apartment,"holiday apartment","new construction","okres Liptovský Mikuláš",Demänová,premium,36.87,3303.80,4467.15,-0.2604,4,15
JuKXYAqOf2e,"RK SPIRIT s.r.o.",apartment,"holiday apartment","new construction","okres Liptovský Mikuláš",Demänová,premium,36.87,NULL,4467.15,NULL,4,15
JuVAMiylcZs,"RK SPIRIT s.r.o.",apartment,"holiday apartment","new construction","okres Liptovský Mikuláš","Liptovská Mara - Tatralandia",expensive,25.63,NULL,4068.97,NULL,1,3
JuoeNbuLPVP,"RK SPIRIT s.r.o.",apartment,"holiday apartment","new construction","okres Liptovský Mikuláš","Staré mesto",average,1.93,3027.16,3027.16,0.0000,1,1
JunNE3gm3lK,"RK SPIRIT s.r.o.",apartment,"holiday apartment","new construction","okres Ružomberok",Bešeňová,expensive,16.40,3470.59,3519.35,-0.0139,2,7
Ju8gkOV9Ua-,"RK SPIRIT s.r.o.",apartment,"holiday apartment","new construction","okres Ružomberok",Bešeňová,expensive,16.40,3960.40,3519.35,0.1253,2,7
JuTx27ZW8X8,"RK SPIRIT s.r.o.",apartment,"holiday apartment","under construction","okres Liptovský Mikuláš",Lazisko,cheap,-18.58,3821.53,3821.53,0.0000,1,1
JuRJMz106O3,"RK SPIRIT s.r.o.",apartment,"holiday apartment","under construction","okres Liptovský Mikuláš","Liptovská Mara - Tatralandia",expensive,25.63,NULL,NULL,NULL,1,1
JusD2Dor1mJ,"RK SPIRIT s.r.o.",house,"large house","fully renovated","okres Liptovský Mikuláš",Východná,cheap,-25.31,1660.71,1660.71,0.0000,1,1
JuD0RMwirEa,"RK SPIRIT s.r.o.",house,"large house","fully renovated","okres Ružomberok","Liptovské Revúce","very cheap",-42.77,2065.70,2065.70,0.0000,1,1
JuPH-vU7UCa,"RK SPIRIT s.r.o.",house,"large house","new construction","okres Liptovský Mikuláš",Celiny,average,-4.48,2529.68,2529.68,0.0000,1,1
JuUd1zO7Wmq,"RK SPIRIT s.r.o.",house,"large house","partially renovated","okres Liptovský Mikuláš",Východná,cheap,-25.31,NULL,638.89,NULL,1,2
JuqGAjkW2wB,"RK SPIRIT s.r.o.",house,"large house","under construction","okres Liptovský Mikuláš",Celiny,average,-4.48,2516.16,2516.16,0.0000,1,1
Ju2DjUagLIB,"RK SPIRIT s.r.o.",land,"large plot",NULL,"okres Liptovský Mikuláš","Pavčina Lehota",expensive,18.57,106.41,106.41,0.0000,1,1
JuaLB21Fxl_,"RK SPIRIT s.r.o.",land,"large plot",NULL,"okres Liptovský Mikuláš","Vrbica - Nábrežie",average,1.84,NULL,NULL,NULL,1,1
JuMc4nt1NbY,"RK SPIRIT s.r.o.",apartment,maisonette,"new construction","okres Liptovský Mikuláš",Celiny,average,-4.48,2152.66,2152.66,0.0000,1,1
JulkobtfeMA,"RK SPIRIT s.r.o.",house,"medium house","fully renovated","okres Liptovský Mikuláš",Dúbrava,average,0.11,2213.57,2213.57,0.0000,1,1
Juqdw7QyPcz,"RK SPIRIT s.r.o.",house,"medium house","fully renovated","okres Liptovský Mikuláš",Važec,cheap,-35.75,1397.16,1397.16,0.0000,1,1
JueA1N-Ntfj,"RK SPIRIT s.r.o.",house,"medium house","fully renovated","okres Liptovský Mikuláš","Závažná Poruba",average,-6.90,2291.67,2291.67,0.0000,1,1
JunoisVSjsE,"RK SPIRIT s.r.o.",house,"medium house","partially renovated","okres Liptovský Mikuláš",Dúbrava,average,0.11,2000.00,2000.00,0.0000,1,1
JuBCn0k3F8q,"RK SPIRIT s.r.o.",land,"medium plot",NULL,"okres Ružomberok","Nová Hrboltová","very cheap",-68.54,56.78,56.78,0.0000,1,1
Ju2EG21S4h4,"RK SPIRIT s.r.o.",house,"small house","new construction","okres Liptovský Mikuláš",Bobrovník,cheap,-31.23,NULL,NULL,NULL,1,1
Ju8UQkGga6F,"RK VILLEA, s. r. o.",house,"extra large house",unrenovated,"okres Ružomberok",Lisková,cheap,-19.78,91.85,91.85,0.0000,1,1
JufEhhRezN-,"RK VILLEA, s. r. o.",land,"large plot",NULL,"okres Dolný Kubín",Stred,average,-5.26,NULL,NULL,NULL,1,1
JuErvfknoQB,"RK VILLEA, s. r. o.",land,"medium plot",NULL,"okres Dolný Kubín","Vyšný Kubín",premium,37.15,228.29,140.07,0.6298,1,5
JuveNCiurSC,"RK VILLEA, s. r. o.",land,"medium plot",NULL,"okres Dolný Kubín",Žaškov,cheap,-28.10,75.02,71.10,0.0551,1,2
JupibY8fOsV,"RK4 REALITY",apartment,"3-room apartment",unrenovated,"okres Kysucké Nové Mesto","Horný Vadičov",average,-5.28,1535.48,1535.48,0.0000,2,2
JujKiw_LZU1,"RK4 REALITY",apartment,"3-room apartment",unrenovated,"okres Kysucké Nové Mesto","Horný Vadičov",average,-5.28,1535.48,1535.48,0.0000,2,2
Jubx4f_wHQY,"RK4 REALITY",apartment,"3-room apartment",unrenovated,"okres Žilina",Vlčince,premium,39.03,NULL,2566.06,NULL,1,4
JuPoZE57z5D,"RK4 REALITY",apartment,"4-room apartment","fully renovated","okres Žilina",Vlčince,premium,39.03,2430.89,2507.26,-0.0305,1,5
JubfWlbtgdy,"RK4 REALITY",land,"large plot",NULL,"okres Čadca",Olešná,cheap,-36.99,NULL,35.75,NULL,1,3
Judikv0pXVX,"RK4 REALITY",land,"small plot",NULL,"okres Kysucké Nové Mesto",Snežnica,average,3.88,133.33,127.69,0.0442,1,3
Ju1uEl1Mf6f,"Romantické Chalupy, s.r.o.",apartment,"holiday apartment",unrenovated,"okres Ružomberok",Hrabovo,average,-7.51,3648.65,3371.29,0.0823,1,3
Jub69pejgUi,"Romantické Chalupy, s.r.o.",house,"large house","partially renovated","okres Bytča","Veľké Rovné",average,-9.95,1075.00,1075.00,0.0000,1,1
JufilbyD1c1,"Romantické Chalupy, s.r.o.",house,"large house","partially renovated","okres Ružomberok","Biely Potok","very cheap",-43.23,1468.75,1468.75,0.0000,1,1
JupTefFT3SIq,"Romantické Chalupy, s.r.o.",house,"large house","partially renovated","okres Turčianske Teplice",NULL,NULL,NULL,916.67,916.67,0.0000,1,1
JuEYMzmIY0N,"Romantické Chalupy, s.r.o.",house,"large house","partially renovated","okres Turčianske Teplice","Horná Štubňa",cheap,-30.38,1025.00,615.84,0.6644,1,2
Juq4naEVRo8,"Romantické Chalupy, s.r.o.",house,"large house","partially renovated","okres Tvrdošín",Podbiel,average,4.50,1295.00,1295.00,0.0000,1,1
Ju_VPyRRw8c,"Romantické Chalupy, s.r.o.",house,"large house",unrenovated,"okres Čadca",Klokočov,"very cheap",-42.36,643.13,551.57,0.1660,1,2
JuE93RTyEY1k,"Romantické Chalupy, s.r.o.",house,"large house",unrenovated,"okres Ružomberok","Liptovská Lúžna","very cheap",-42.53,999.50,999.50,0.0000,1,1
Juf5JJugsJj,"Romantické Chalupy, s.r.o.",house,"medium house","fully renovated","okres Turčianske Teplice","Horná Štubňa",cheap,-30.38,2000.00,2012.20,-0.0061,1,2
JuLre6AewXY,"Romantické Chalupy, s.r.o.",house,"medium house","new construction","okres Ružomberok",Ivachnová,expensive,16.52,3888.89,3888.89,0.0000,1,1
Jupd__eIrfW,"Romantické Chalupy, s.r.o.",house,"medium house","partially renovated","okres Martin","Karvaša a Bláhovca",average,-11.99,1180.91,1180.91,0.0000,1,1
JuEB6osELcj,"Romantické Chalupy, s.r.o.",house,"medium house","partially renovated","okres Turčianske Teplice",Sklené,average,-12.01,1499.50,1543.28,-0.0284,1,2
JuHgJ7Vnt5C,"Romantické Chalupy, s.r.o.",house,"medium house","under construction","okres Bytča","Hliník nad Váhom",expensive,6.88,3664.12,2831.56,0.2940,1,2
JuTaKGvu-_W,"Romantické Chalupy, s.r.o.",house,"medium house",unrenovated,"okres Bytča",Štiavnik,average,-9.25,1160.00,1430.00,-0.1888,2,2
Ju2bCMkIGvc,"Romantické Chalupy, s.r.o.",house,"medium house",unrenovated,"okres Bytča",Štiavnik,average,-9.25,1700.00,1430.00,0.1888,2,2
JuC8my3kfcD,"Romantické Chalupy, s.r.o.",house,"medium house",unrenovated,"okres Liptovský Mikuláš","Demänovská Dolina",premium,84.23,3500.00,3500.00,0.0000,1,1
JuE7_yY48hp,"Romantické Chalupy, s.r.o.",house,"medium house",unrenovated,"okres Liptovský Mikuláš","Liptovská Kokava",premium,36.03,700.00,725.00,-0.0345,1,2
JuF5wwqoPt-,"Romantické Chalupy, s.r.o.",house,"medium house",unrenovated,"okres Ružomberok","Liptovská Osada",expensive,15.83,1222.22,1222.22,0.0000,1,1
JuFzDxVJ2q6,"Romantické Chalupy, s.r.o.",house,"medium house",unrenovated,"okres Ružomberok","Liptovské Revúce","very cheap",-42.77,1236.36,894.30,0.3825,1,3
Juu4bOArZvB,"Romantické Chalupy, s.r.o.",house,"medium house",unrenovated,"okres Ružomberok",Lúčky,expensive,5.15,1211.11,1386.67,-0.1266,1,3
JuRCZxG-Ooz,"Romantické Chalupy, s.r.o.",house,"medium house",unrenovated,"okres Turčianske Teplice",Brieštie,"very cheap",-55.66,329.41,329.41,0.0000,1,1
Jux_9WVvE-Q,"Romantické Chalupy, s.r.o.",house,"medium house",unrenovated,"okres Turčianske Teplice","Horná Štubňa",cheap,-30.38,695.00,868.33,-0.1996,3,3
JuRU-kTFsF-J,"Romantické Chalupy, s.r.o.",house,"medium house",unrenovated,"okres Turčianske Teplice","Horná Štubňa",cheap,-30.38,1150.00,868.33,0.3244,3,3
JubBBZpieJ3,"Romantické Chalupy, s.r.o.",house,"medium house",unrenovated,"okres Turčianske Teplice","Horná Štubňa",cheap,-30.38,760.00,868.33,-0.1248,3,3
JuEl9XITon-,"Romantické Chalupy, s.r.o.",house,"medium house",unrenovated,"okres Turčianske Teplice",Rudno,cheap,-22.31,998.00,998.00,0.0000,1,1
Ju7-tv2yvGe,"Romantické Chalupy, s.r.o.",land,"medium plot",NULL,"okres Bytča",Štiavnik,average,-9.25,88.95,94.83,-0.0620,1,3
Ju3Z449GlG4T,"Romantické Chalupy, s.r.o.",land,"medium plot",NULL,"okres Ružomberok","Liptovská Osada",expensive,15.83,111.56,113.92,-0.0207,1,2
JuZb8UCK_rZ,"Romantické Chalupy, s.r.o.",house,"small house",NULL,"okres Čadca",Svrčinovec,"very cheap",-51.62,500.00,500.00,0.0000,1,1
JuXVSVVWVLI,"Romantické Chalupy, s.r.o.",house,"small house","fully renovated","okres Liptovský Mikuláš",Dúbrava,average,0.11,3083.33,3083.33,0.0000,1,1
JuDQ5AS8LzC,"Romantické Chalupy, s.r.o.",house,"small house","new construction","okres Liptovský Mikuláš","Liptovský Ondrej",cheap,-23.14,1625.00,1625.00,0.0000,1,1
Ju6-BxY4Q9v,"Romantické Chalupy, s.r.o.",house,"small house","new construction","okres Martin",Blatnica,average,-2.80,3062.50,3062.50,0.0000,1,1
JufgKb9FR3J,"Romantické Chalupy, s.r.o.",house,"small house","partially renovated","okres Ružomberok",Ludrová,"very cheap",-44.08,916.67,916.67,0.0000,1,1
JuvFd0GqZEL,"Romantické Chalupy, s.r.o.",house,"small house",unrenovated,"okres Čadca",Zákopčie,cheap,-18.02,850.00,931.95,-0.0879,1,2
JudspgTQPox,"Romantické Chalupy, s.r.o.",house,"small house",unrenovated,"okres Liptovský Mikuláš",Jakubovany,cheap,-23.74,1483.33,1483.33,0.0000,1,1
JuJuIHXfekH,"Romantické Chalupy, s.r.o.",house,"small house",unrenovated,"okres Liptovský Mikuláš",Podtureň,premium,41.30,1662.50,1662.50,0.0000,1,1
Ju9v343jGsQ,"Romantické Chalupy, s.r.o.",house,"small house",unrenovated,"okres Liptovský Mikuláš","Svätý Kríž",expensive,11.02,2237.50,2237.50,0.0000,1,1
JuCHMAziUOL,"Romantické Chalupy, s.r.o.",house,"small house",unrenovated,"okres Martin",Krpeľany,cheap,-32.94,687.50,687.50,0.0000,1,1
Ju-cAw3rC7V,"Romantické Chalupy, s.r.o.",house,"small house",unrenovated,"okres Martin",Vrícko,average,-14.91,1225.00,1225.00,0.0000,1,1
Ju07wpce3-e,"Romantické Chalupy, s.r.o.",house,"small house",unrenovated,"okres Ružomberok",Turík,premium,71.68,1760.00,1760.00,0.0000,1,1
JubPnkGYuzd,"Romantické Chalupy, s.r.o.",house,"small house",unrenovated,"okres Žilina","Lietavská Svinná-Babkov",average,1.75,2100.00,2100.00,0.0000,1,1
JuzTBHETb5G,"Romantické Chalupy, s.r.o.",land,"small plot",NULL,"okres Bytča",Kolárovice,average,-13.06,42.67,42.67,0.0000,1,1
Ju_Srz9D_6-,"Romantické Chalupy, s.r.o.",land,"small plot",NULL,"okres Turčianske Teplice",Čremošné,cheap,-37.73,70.39,70.39,0.0000,1,1
JuU_yP2Leq5,"ROMDOM, s. r. o",apartment,"2-room apartment","partially renovated","okres Žilina",Hliny,expensive,11.48,2428.57,2605.70,-0.0680,2,6
Juuzq73KdvI,"ROMDOM, s. r. o",apartment,"2-room apartment","partially renovated","okres Žilina",Hliny,expensive,11.48,2338.24,2605.70,-0.1026,2,6
JuFQj_B37XO,"ROMDOM, s. r. o",apartment,"2-room apartment","partially renovated","okres Žilina","Staré mesto",expensive,25.24,3222.22,2992.88,0.0766,1,5
JufYiP4E7Es,"ROMDOM, s. r. o",apartment,"3-room apartment","partially renovated","okres Žilina",Hliny,expensive,11.48,2265.33,2420.34,-0.0640,1,4
JurPQrgAzVa,"ROMDOM, s. r. o",house,"large house","new construction","okres Žilina",Varín,average,-1.75,0.01,0.01,0.0000,1,3
JuJpcjTfX3t,"ROMDOM, s. r. o",house,"large house","partially renovated","okres Kysucké Nové Mesto","Kysucký Lieskovec",average,-12.67,923.68,980.26,-0.0577,3,4
Ju-hUCgY0a1,"ROMDOM, s. r. o",house,"large house","partially renovated","okres Kysucké Nové Mesto","Kysucký Lieskovec",average,-12.67,923.68,980.26,-0.0577,3,4
Jub_f4tKd7Q,"ROMDOM, s. r. o",house,"large house","partially renovated","okres Kysucké Nové Mesto","Kysucký Lieskovec",average,-12.67,923.68,980.26,-0.0577,3,4
JuS4rgPD6x3,"ROMDOM, s. r. o",land,"large plot",NULL,"okres Kysucké Nové Mesto",Nesluša,"very cheap",-42.15,20.00,10.00,1.0000,1,2
Juevnd4jsoA,"ROMDOM, s. r. o",house,"medium house","partially renovated","okres Kysucké Nové Mesto",Nesluša,"very cheap",-42.15,1500.00,1500.00,0.0000,1,1
Ju-iigXRX-E,"ROMDOM, s. r. o",house,"medium house","under construction","okres Martin",Priekopa,premium,55.82,3431.37,3333.33,0.0294,2,2
JudnXD8m-sc,"ROMDOM, s. r. o",house,"medium house","under construction","okres Martin",Priekopa,premium,55.82,3235.29,3333.33,-0.0294,2,2
JuNztztwtJj,"ROMDOM, s. r. o",land,"medium plot",NULL,"okres Žilina",Bôrik,premium,61.54,440.00,572.02,-0.2308,1,3
JuKY6m4zwWy,"ROMDOM, s. r. o",land,"medium plot",NULL,"okres Žilina","Teplička nad Váhom",premium,48.91,267.18,315.47,-0.1531,1,2
Ju_om9GbVZa,"ROMDOM, s. r. o",land,"small plot",NULL,"okres Martin",Priekopa,premium,55.82,NULL,NULL,NULL,1,3
JuX7LFsuKfI,"ROSA reality",apartment,"2-room apartment","partially renovated","okres Kysucké Nové Mesto",Nábrežie,average,-6.43,2235.85,2235.85,0.0000,1,1
JurCt3kGKjX,"ROSA reality",apartment,"3-room apartment","partially renovated","okres Kysucké Nové Mesto",Sídlisko,average,-3.57,2000.00,2000.00,0.0000,1,1
JuUwHBfeaJH,"ROSA reality",land,"large plot",NULL,"okres Kysucké Nové Mesto","Horný Vadičov",average,-5.28,65.00,65.00,0.0000,1,1
JuZFa40Foop,"ROSA reality",house,"medium house","partially renovated","okres Kysucké Nové Mesto",NULL,NULL,NULL,1650.00,1650.00,0.0000,1,1
JuaCQD06zTh,"ROSA reality",land,"medium plot",NULL,"okres Kysucké Nové Mesto","Horný Vadičov",average,-5.28,65.22,46.88,0.3912,1,4
JuXnw8EKWYI,"RS Mansory s.r.o.",apartment,"3-room apartment","new construction","okres Žilina","Staré mesto",expensive,25.24,3376.34,3410.80,-0.0101,1,9
JuCMZI1bT6r,"RS Mansory s.r.o.",apartment,"3-room apartment",unrenovated,"okres Martin",NULL,NULL,NULL,2046.00,2046.00,0.0000,1,1
Juo3yMu_z5E,"RS Mansory s.r.o.",apartment,"5+ room apartment",unrenovated,"okres Martin",Stred,expensive,19.38,1407.14,1407.14,0.0000,1,1
Ju4ms2VGYuHG,"RS Mansory s.r.o.",land,"extra large plot",NULL,"okres Žilina",Terchová,expensive,17.29,65.00,65.00,0.0000,1,1
Ju9JGGI9iqn,"RS Mansory s.r.o.",house,"large house","new construction","okres Žilina",Stránske,expensive,16.12,2415.79,2415.79,0.0000,1,1
JuvaiQpricT,"RS Mansory s.r.o.",house,"large house","new construction","okres Žilina",Terchová,expensive,17.29,2011.24,2011.24,0.0000,1,2
JutexiRTg9m,"RS Mansory s.r.o.",house,"large house",unrenovated,"okres Martin",Stred,expensive,19.38,1050.00,1050.00,0.0000,1,1
JuyzhTATpQT,"RS Mansory s.r.o.",house,"large house",unrenovated,"okres Žilina","Rajecké Teplice",expensive,5.08,886.11,1247.19,-0.2895,1,2
JuGKJDezGKy,"RS Mansory s.r.o.",house,"large house",unrenovated,"okres Žilina",Terchová,expensive,17.29,1312.50,1062.92,0.2348,1,2
JuLc8gW9OHd,"RS Mansory s.r.o.",house,"large house",unrenovated,"okres Žilina",Závodie,expensive,15.24,1204.55,1369.00,-0.1201,1,6
Ju97QEdz5sX,"RS Mansory s.r.o.",land,"large plot",NULL,"okres Čadca",Raková,cheap,-22.06,62.93,54.85,0.1473,1,8
JuDEvr7ONsp,"RS Mansory s.r.o.",land,"large plot",NULL,"okres Žilina","Dolný Hričov",average,-4.26,85.00,80.00,0.0625,1,2
Ju78oHKGop9R,"RS Mansory s.r.o.",land,"large plot",NULL,"okres Žilina","Kotrčiná Lúčka",cheap,-18.94,61.93,65.56,-0.0554,1,3
JuypdHR9V5h,"RS Mansory s.r.o.",land,"large plot",NULL,"okres Žilina","Lietavská Svinná-Babkov",average,1.75,120.00,98.79,0.2147,1,2
Ju6XcncfywZ,"RS Mansory s.r.o.",land,"large plot",NULL,"okres Žilina",Ovčiarsko,average,-2.35,43.64,129.94,-0.6642,2,6
JuqxH07lW-i,"RS Mansory s.r.o.",land,"large plot",NULL,"okres Žilina",Ovčiarsko,average,-2.35,44.26,129.94,-0.6594,2,6
Jurd_8tAg0w,"RS Mansory s.r.o.",house,"medium house","new construction","okres Čadca",NULL,NULL,NULL,2855.95,2855.95,0.0000,1,2
JuEljZtEPoT,"RS Mansory s.r.o.",house,"medium house","new construction","okres Čadca",Raková,cheap,-22.06,2726.19,2726.19,0.0000,1,1
JufcWIOgVI-,"RS Mansory s.r.o.",house,"medium house","new construction","okres Žilina",Strážov,average,2.47,2532.26,2199.15,0.1515,1,4
JuXRdny6i_s,"RS Mansory s.r.o.",house,"medium house",unrenovated,"okres Bytča",Kolárovice,average,-13.06,1421.05,1421.05,0.0000,1,1
JuwiSGum6al,"RS Mansory s.r.o.",house,"medium house",unrenovated,"okres Žilina",Stránske,expensive,16.12,944.06,944.06,0.0000,1,1
JuI63s8eiN7,"RS Mansory s.r.o.",land,"medium plot",NULL,"okres Bytča",Jablonové,premium,129.45,157.58,234.35,-0.3276,1,3
Ju7IL3wpb9W,"RS Mansory s.r.o.",land,"medium plot",NULL,"okres Čadca",Raková,cheap,-22.06,60.19,74.40,-0.1910,1,7
JuB1sJQkopm,"RS Mansory s.r.o.",land,"medium plot",NULL,"okres Kysucké Nové Mesto",Povina,average,-11.94,53.63,76.82,-0.3019,1,2
JuqQ2VY6uD-,"RS Mansory s.r.o.",land,"medium plot",NULL,"okres Kysucké Nové Mesto",Snežnica,average,3.88,130.15,69.63,0.8692,1,5
Juvwo3yus2z,"RS Mansory s.r.o.",land,"medium plot",NULL,"okres Žilina",Bitarová,expensive,9.02,125.54,154.90,-0.1895,1,8
JuvbiaDUOpH,"RS Mansory s.r.o.",land,"medium plot",NULL,"okres Žilina",Budatín,premium,51.29,NULL,280.98,NULL,1,10
JuxqXS7gyRr,"RS Mansory s.r.o.",land,"medium plot",NULL,"okres Žilina","Dolný Hričov",average,-4.26,86.24,90.48,-0.0469,2,2
JugYDWGaYrW,"RS Mansory s.r.o.",land,"medium plot",NULL,"okres Žilina","Dolný Hričov",average,-4.26,94.72,90.48,0.0469,2,2
JuAW0SJGZe9,"RS Mansory s.r.o.",land,"medium plot",NULL,"okres Žilina","Kotrčiná Lúčka",cheap,-18.94,NULL,95.72,NULL,1,5
JuLSvBwv_I5,"RS Mansory s.r.o.",land,"medium plot",NULL,"okres Žilina",Krasňany,expensive,28.02,250.00,186.89,0.3377,1,4
JuO__97iq4d,"RS Mansory s.r.o.",land,"medium plot",NULL,"okres Žilina","Lietavská Svinná-Babkov",average,1.75,122.98,141.44,-0.1305,1,5
JuQE6iaf57k,"RS Mansory s.r.o.",land,"medium plot",NULL,"okres Žilina",Ovčiarsko,average,-2.35,94.88,111.52,-0.1492,3,6
Juisb1V01uC,"RS Mansory s.r.o.",land,"medium plot",NULL,"okres Žilina",Ovčiarsko,average,-2.35,107.09,111.52,-0.0397,3,6
JuAewW0gIjM,"RS Mansory s.r.o.",land,"medium plot",NULL,"okres Žilina",Ovčiarsko,average,-2.35,102.34,111.52,-0.0823,3,6
JuiAYjSrynL,"RS Mansory s.r.o.",land,"medium plot",NULL,"okres Žilina",Terchová,expensive,17.29,160.00,164.21,-0.0256,2,7
Ju5paSEB6Nv,"RS Mansory s.r.o.",land,"medium plot",NULL,"okres Žilina",Terchová,expensive,17.29,160.00,164.21,-0.0256,2,7
Ju21Xr2V_AF,"RS Mansory s.r.o.",land,"medium plot",NULL,"okres Žilina",Trnové,premium,40.34,77.87,145.13,-0.4634,1,7
Jut7Cik7fcS,"RS Mansory s.r.o.",house,"small house","new construction","okres Bytča",Petrovice,"very cheap",-66.92,NULL,NULL,NULL,1,1
JuLULBR692w,"RS Mansory s.r.o.",house,"small house",unrenovated,"okres Bytča","Veľké Rovné",average,-9.95,712.86,712.86,0.0000,1,1
JuRN7oIh-bh,"RS Mansory s.r.o.",land,"small plot",NULL,"okres Bytča",Maršová-Rašov,expensive,27.25,NULL,129.96,NULL,1,2
Juye6i7s5GK,"RS Mansory s.r.o.",land,"small plot",NULL,"okres Čadca",Oščadnica,cheap,-22.04,135.24,89.80,0.5060,1,8
JuKVQligYhM,"RS Mansory s.r.o.",land,"small plot",NULL,"okres Žilina",Bitarová,expensive,9.02,179.43,154.72,0.1597,1,2
JuEpEk6fWjH,"RS Mansory s.r.o.",land,"small plot",NULL,"okres Žilina","Dolný Hričov",average,-4.26,87.09,87.09,0.0000,1,1
Ju_QlVk-YXH,"RS Mansory s.r.o.",land,"small plot",NULL,"okres Žilina",Mojš,average,0.39,228.71,166.86,0.3707,1,2
JulHoywVWzv,"RS Mansory s.r.o.",land,"small plot",NULL,"okres Žilina",Trnové,premium,40.34,146.55,296.78,-0.5062,1,6
JuKMOepiUjn,"Safe reality s. r. o.",apartment,"1-room apartment",unrenovated,"okres Žilina",Vlčince,premium,39.03,2975.00,2975.00,0.0000,1,3
Jus-41FaUT-,"Safe reality s. r. o.",apartment,"2-room apartment","fully renovated","okres Žilina","Staré mesto",expensive,25.24,2768.75,2789.29,-0.0074,1,15
JuWN3KhPvB7,"Safe reality s. r. o.",apartment,"2-room apartment","partially renovated","okres Čadca",Centrum,cheap,-15.46,2081.67,2081.67,0.0000,1,1
JuVO5WLrTZ3,"Safe reality s. r. o.",apartment,"2-room apartment","partially renovated","okres Kysucké Nové Mesto",Sídlisko,average,-3.57,2165.00,2305.72,-0.0610,2,2
JuvALHP6cN9,"Safe reality s. r. o.",apartment,"2-room apartment","partially renovated","okres Kysucké Nové Mesto",Sídlisko,average,-3.57,2446.43,2305.72,0.0610,2,2
Jugv6VHMojr,"Safe reality s. r. o.",apartment,"3-room apartment","partially renovated","okres Čadca",Čierne,cheap,-20.23,1644.74,1644.74,0.0000,1,1
Ju6ic7zNy9_,"Safe reality s. r. o.",apartment,"3-room apartment","under construction","okres Žilina","Lietavská Lúčka",average,0.73,NULL,NULL,NULL,1,1
JuN-Pnp6KBM,"Safe reality s. r. o.",apartment,"3-room apartment",unrenovated,"okres Čadca",Stred,average,-13.67,1613.85,1606.93,0.0043,1,2
JujrtOK9Ltj,"Safe reality s. r. o.",apartment,"3-room apartment",unrenovated,"okres Žilina","Staré mesto",expensive,25.24,2242.68,2242.68,0.0000,1,3
JuzYHHeYN5Y,"Safe reality s. r. o.",apartment,"3-room apartment",unrenovated,"okres Žilina",Vlčince,premium,39.03,2071.95,2566.06,-0.1926,1,4
Ju7DJIriKhh,"Safe reality s. r. o.",apartment,"4-room apartment","fully renovated","okres Kysucké Nové Mesto",Stred,cheap,-16.01,1346.61,1346.61,0.0000,1,1
Juefy0T6TSp,"Safe reality s. r. o.",apartment,"4-room apartment","partially renovated","okres Kysucké Nové Mesto",NULL,NULL,NULL,1547.79,1547.79,0.0000,1,1
JuJF0aEq48e,"Safe reality s. r. o.",house,"extra large house",unrenovated,"okres Žilina",Hôrky,expensive,24.36,218.37,218.37,0.0000,1,1
JuZHoBEOwFW,"Safe reality s. r. o.",house,"large house","partially renovated","okres Bytča",Kolárovice,average,-13.06,NULL,744.44,NULL,1,2
JubDt8HjaHe,"Safe reality s. r. o.",house,"large house",unrenovated,"okres Čadca",Turkov,"very cheap",-45.19,561.88,561.88,0.0000,1,1
JuoQ_50mfjv,"Safe reality s. r. o.",house,"large house",unrenovated,"okres Žilina",Stránske,expensive,16.12,485.00,485.00,0.0000,1,1
JuMiWG_Bjr-,"Safe reality s. r. o.",house,"large house",unrenovated,"okres Žilina",Varín,average,-1.75,1249.38,1249.38,0.0000,1,1
Ju0xrW-pJiv,"Safe reality s. r. o.",land,"large plot",NULL,"okres Žilina",Bitarová,expensive,9.02,127.75,107.88,0.1842,1,4
Junb65_vEvr,"Safe reality s. r. o.",land,"large plot",NULL,"okres Žilina","Kotrčiná Lúčka",cheap,-18.94,53.27,65.56,-0.1875,1,3
JuZWywKzXos,"Safe reality s. r. o.",house,"medium house","fully renovated","okres Kysucké Nové Mesto",Snežnica,average,3.88,3094.29,3094.77,-0.0002,1,2
JuDPVSkdjbb,"Safe reality s. r. o.",land,"medium plot",NULL,"okres Bytča",Kotešová,expensive,16.48,123.07,93.18,0.3208,1,2
JuscZOsY1gt,"Safe reality s. r. o.",land,"medium plot",NULL,"okres Čadca",Staškov,cheap,-22.98,55.56,54.13,0.0264,1,5
JuCzxidULuR,"Safe reality s. r. o.",land,"medium plot",NULL,"okres Kysucké Nové Mesto",Snežnica,average,3.88,21.02,69.63,-0.6981,1,5
JudcG-iBr32,"Safe reality s. r. o.",land,"medium plot",NULL,"okres Žilina",Divinka,average,-2.19,139.11,139.11,0.0000,1,1
JuZenYjsJ5j,"Safe reality s. r. o.",land,"medium plot",NULL,"okres Žilina","Lietavská Svinná-Babkov",average,1.75,82.01,141.44,-0.4202,1,5
Ju8HOtKyMF8,"Safe reality s. r. o.",land,"medium plot",NULL,"okres Žilina",Višňové,expensive,22.64,NULL,216.09,NULL,1,4
Ju0jlVjeum2,"Safe reality s. r. o.",house,"small house","fully renovated","okres Kysucké Nové Mesto",Radoľa,premium,51.96,2375.00,2375.00,0.0000,1,1
JudgSom7ejT,"Safe reality s. r. o.",land,"small plot",NULL,"okres Čadca",Staškov,cheap,-22.98,87.40,87.40,0.0000,1,1
JulYy4ldFQa1,"Safe reality s. r. o.",land,"small plot",NULL,"okres Žilina",Bitarová,expensive,9.02,130.00,154.72,-0.1598,1,2
JufJ-j5ky3T,"Safe reality s. r. o.",land,"small plot",NULL,"okres Žilina","Dolná Tižina",average,-3.52,149.80,158.52,-0.0550,1,3
JuakfUC89nT,"Safe reality s. r. o.",apartment,"studio apartment","partially renovated","okres Žilina",Vlčince,premium,39.03,4677.27,4677.27,0.0000,1,2
JuWSeZfgL-Y,"SCHNEIDER Real",land,"extra large plot",NULL,"okres Liptovský Mikuláš",Vavrišovo,"very cheap",-63.13,4.40,4.40,0.0000,1,1
Jukz4cqoQIH,"SIERA realitná kancelária s.r.o.",house,"large house","new construction","okres Čadca",Makov,"very cheap",-43.27,1666.67,1666.67,0.0000,1,1
Ju-GH82Bvcv,"ŠIRINY, s.r.o.",apartment,"3-room apartment","partially renovated","okres Liptovský Mikuláš",Palúdzka,expensive,7.35,1862.50,1862.50,0.0000,1,1
JuO3IQpQk2Q,"SLNOVRAT, s.r.o.",apartment,"2-room apartment","fully renovated","okres Čadca",Makov,"very cheap",-43.27,1664.91,1664.91,0.0000,1,1
JuZ8UmPHnMd,"SLNOVRAT, s.r.o.",apartment,"2-room apartment","fully renovated","okres Čadca",Staškov,cheap,-22.98,1895.12,1821.67,0.0403,8,8
JuH7sCfx0Xw,"SLNOVRAT, s.r.o.",apartment,"2-room apartment","fully renovated","okres Čadca",Staškov,cheap,-22.98,1803.71,1821.67,-0.0099,8,8
JuiNHN3K-2n,"SLNOVRAT, s.r.o.",apartment,"2-room apartment","fully renovated","okres Čadca",Staškov,cheap,-22.98,1835.43,1821.67,0.0076,8,8
JucZiE4o7Os,"SLNOVRAT, s.r.o.",apartment,"2-room apartment","fully renovated","okres Čadca",Staškov,cheap,-22.98,1789.61,1821.67,-0.0176,8,8
JudmgOWhHLZ1,"SLNOVRAT, s.r.o.",apartment,"2-room apartment","fully renovated","okres Čadca",Staškov,cheap,-22.98,1790.64,1821.67,-0.0170,8,8
Jum1UMzjJKg,"SLNOVRAT, s.r.o.",apartment,"2-room apartment","fully renovated","okres Čadca",Staškov,cheap,-22.98,1828.00,1821.67,0.0035,8,8
Ju2UJpNwB9y,"SLNOVRAT, s.r.o.",apartment,"2-room apartment","fully renovated","okres Čadca",Staškov,cheap,-22.98,1800.05,1821.67,-0.0119,8,8
JuPKK388ZCm,"SLNOVRAT, s.r.o.",apartment,"2-room apartment","fully renovated","okres Čadca",Staškov,cheap,-22.98,1830.77,1821.67,0.0050,8,8
Ju75IN_Zjx0,"SLNOVRAT, s.r.o.",apartment,"2-room apartment","partially renovated","okres Čadca",Stred,average,-13.67,NULL,1617.27,NULL,1,3
JucrRlUBTDv,"SLNOVRAT, s.r.o.",apartment,"3-room apartment","fully renovated","okres Čadca",NULL,NULL,NULL,NULL,NULL,NULL,1,1
Juh6SSze_tY,"SLNOVRAT, s.r.o.",apartment,"3-room apartment","fully renovated","okres Čadca",Staškov,cheap,-22.98,1777.17,1777.17,0.0000,1,1
JuOMOLcEq4z,"SLNOVRAT, s.r.o.",apartment,"3-room apartment","partially renovated","okres Čadca",Kyčerka,cheap,-16.23,NULL,2025.68,NULL,1,4
JunCOKnq7PY,"SLNOVRAT, s.r.o.",apartment,"3-room apartment","partially renovated","okres Kysucké Nové Mesto",Stred,cheap,-16.01,NULL,2231.88,NULL,1,2
JurUF8OlH6u,"SLNOVRAT, s.r.o.",land,"extra large plot",NULL,"okres Čadca",Hlinené,"very cheap",-48.50,25.00,25.00,0.0000,1,1
Ju6EZukLTos,"SLNOVRAT, s.r.o.",land,"extra large plot",NULL,"okres Čadca",Podzávoz,expensive,19.26,66.00,66.01,-0.0002,1,2
JuzowjqYdqV,"SLNOVRAT, s.r.o.",land,"extra large plot",NULL,"okres Čadca",Staškov,cheap,-22.98,17.00,17.50,-0.0286,1,2
JuO1xdQLtDm,"SLNOVRAT, s.r.o.",house,"large house","fully renovated","okres Čadca",Horelica,cheap,-25.19,NULL,NULL,NULL,1,1
JuRvLvEuC6c,"SLNOVRAT, s.r.o.",house,"large house","partially renovated","okres Čadca",NULL,NULL,NULL,440.00,440.00,0.0000,1,1
Ju5BwjQ6s7y,"SLNOVRAT, s.r.o.",house,"large house","partially renovated","okres Čadca",Čierne,cheap,-20.23,542.42,542.42,0.0000,1,1
JuyNnLnMYyC,"SLNOVRAT, s.r.o.",house,"large house","partially renovated","okres Čadca",Oščadnica,cheap,-22.04,NULL,820.28,NULL,1,3
JuIgoGx2_v8,"SLNOVRAT, s.r.o.",house,"large house","partially renovated","okres Čadca",Rieka,cheap,-35.46,861.11,861.11,0.0000,1,2
JutBfnbUyCO,"SLNOVRAT, s.r.o.",house,"large house","partially renovated","okres Čadca",Stred,average,-13.67,754.46,832.54,-0.0938,1,3
JuZhO-rErgT,"SLNOVRAT, s.r.o.",house,"large house","partially renovated","okres Čadca","Vysoká nad Kysucou","very cheap",-45.14,576.47,576.47,0.0000,1,1
JuD5uzQaJoc,"SLNOVRAT, s.r.o.",house,"large house","under construction","okres Čadca",Staškov,cheap,-22.98,1035.98,1035.98,0.0000,1,1
Ju-Vs-ZZEsP,"SLNOVRAT, s.r.o.",land,"large plot",NULL,"okres Čadca",NULL,NULL,NULL,52.36,52.36,0.0000,1,1
JuuPfKXcC_S,"SLNOVRAT, s.r.o.",land,"large plot",NULL,"okres Čadca",Horelica,cheap,-25.19,75.00,75.00,0.0000,1,1
JuIlHogl4wQ,"SLNOVRAT, s.r.o.",land,"large plot",NULL,"okres Čadca",Predmier,"very cheap",-42.95,38.00,38.00,0.0000,1,1
JuBBCee0nxo,"SLNOVRAT, s.r.o.",land,"large plot",NULL,"okres Čadca",Raková,cheap,-22.06,26.00,54.85,-0.5260,3,8
Jug0yKTQ2pn,"SLNOVRAT, s.r.o.",land,"large plot",NULL,"okres Čadca",Raková,cheap,-22.06,55.00,54.85,0.0027,3,8
Ju4d7oCmzgt,"SLNOVRAT, s.r.o.",land,"large plot",NULL,"okres Čadca",Raková,cheap,-22.06,60.00,54.85,0.0939,3,8
Jur2dnOd-h4,"SLNOVRAT, s.r.o.",land,"large plot",NULL,"okres Čadca",Rieka,cheap,-35.46,25.00,74.33,-0.6637,1,3
JuPITfSI3H0,"SLNOVRAT, s.r.o.",land,"large plot",NULL,"okres Čadca",Staškov,cheap,-22.98,18.21,23.90,-0.2381,2,3
JuC5HWpBoue,"SLNOVRAT, s.r.o.",land,"large plot",NULL,"okres Čadca",Staškov,cheap,-22.98,26.50,23.90,0.1088,2,3
JuhCsanvxln,"SLNOVRAT, s.r.o.",land,"large plot",NULL,"okres Čadca",Svrčinovec,"very cheap",-51.62,62.70,58.04,0.0803,1,2
JuWqe9aFJtO,"SLNOVRAT, s.r.o.",house,"medium house","fully renovated","okres Čadca",Makov,"very cheap",-43.27,NULL,2606.21,NULL,1,2
JuAHn1RYaaM,"SLNOVRAT, s.r.o.",house,"medium house","new construction","okres Čadca",Korňa,"very cheap",-45.15,1950.00,1950.00,0.0000,1,1
Juw-gEYpFG_,"SLNOVRAT, s.r.o.",house,"medium house","new construction","okres Čadca",Milošová,cheap,-29.40,1533.33,1533.33,0.0000,1,1
JuwBtG9o2r1,"SLNOVRAT, s.r.o.",house,"medium house","new construction","okres Čadca","Nová Bystrica",cheap,-25.30,1472.18,1472.18,0.0000,1,1
Ju2VjIyIlVx,"SLNOVRAT, s.r.o.",house,"medium house","partially renovated","okres Čadca",Klokočov,"very cheap",-42.36,825.00,825.00,0.0000,1,1
JudwE3rIvVz,"SLNOVRAT, s.r.o.",house,"medium house","under construction","okres Čadca",Oščadnica,cheap,-22.04,1449.44,1449.44,0.0000,1,1
JuRFzODyKkv,"SLNOVRAT, s.r.o.",house,"medium house",unrenovated,"okres Čadca",NULL,NULL,NULL,NULL,NULL,NULL,1,1
JumgYXab6nd,"SLNOVRAT, s.r.o.",land,"medium plot",NULL,"okres Čadca",Klokočov,"very cheap",-42.36,41.00,39.68,0.0333,1,2
JuUi2C1CE8-,"SLNOVRAT, s.r.o.",land,"medium plot",NULL,"okres Čadca",Predmier,"very cheap",-42.95,38.87,50.67,-0.2329,3,4
JuTN7hEMhfs,"SLNOVRAT, s.r.o.",land,"medium plot",NULL,"okres Čadca",Predmier,"very cheap",-42.95,38.40,50.67,-0.2422,3,4
Ju-0W9ug2Ol,"SLNOVRAT, s.r.o.",land,"medium plot",NULL,"okres Čadca",Predmier,"very cheap",-42.95,38.41,50.67,-0.2420,3,4
Jue9eL-lcIx,"SLNOVRAT, s.r.o.",land,"medium plot",NULL,"okres Čadca",Raková,cheap,-22.06,116.64,74.40,0.5677,2,7
Juk20aBZ0Ls,"SLNOVRAT, s.r.o.",land,"medium plot",NULL,"okres Čadca",Raková,cheap,-22.06,55.00,74.40,-0.2608,2,7
JusbhL9UXOL,"SLNOVRAT, s.r.o.",land,"medium plot",NULL,"okres Čadca",Staškov,cheap,-22.98,35.21,54.13,-0.3495,1,5
JunsxT9D57Y,"SLNOVRAT, s.r.o.",land,"medium plot",NULL,"okres Čadca",Svrčinovec,"very cheap",-51.62,67.39,67.45,-0.0009,1,2
JuX4tTXYKir,"SLNOVRAT, s.r.o.",land,"medium plot",NULL,"okres Kysucké Nové Mesto","Horný Vadičov",average,-5.28,35.21,46.88,-0.2489,1,4
JuMvZKQOSvd,"SLNOVRAT, s.r.o.",land,"small plot",NULL,"okres Bytča","Veľké Rovné",average,-9.95,575.45,575.45,0.0000,1,1
JuTbm-HYgXk,"SLNOVRAT, s.r.o.",land,"small plot",NULL,"okres Čadca",NULL,NULL,NULL,125.87,125.87,0.0000,1,1
Ju8Esr41W6Y,"SLNOVRAT, s.r.o.",land,"small plot",NULL,"okres Čadca",Oščadnica,cheap,-22.04,NULL,89.80,NULL,4,8
JuiaMHS2a8S,"SLNOVRAT, s.r.o.",land,"small plot",NULL,"okres Čadca",Oščadnica,cheap,-22.04,67.53,89.80,-0.2480,4,8
Ju-SZF8QBN4,"SLNOVRAT, s.r.o.",land,"small plot",NULL,"okres Čadca",Oščadnica,cheap,-22.04,56.10,89.80,-0.3753,4,8
JuVP0HZPxQP,"SLNOVRAT, s.r.o.",land,"small plot",NULL,"okres Čadca",Oščadnica,cheap,-22.04,85.63,89.80,-0.0464,4,8
Jui1yUD8ZRT,"SLNOVRAT, s.r.o.",land,"small plot",NULL,"okres Čadca",Predmier,"very cheap",-42.95,91.67,91.67,0.0000,1,1
Ju0N6saLXmx,"Slovak Estate s.r.o.",land,"extra large plot",NULL,"okres Bytča",Petrovice,"very cheap",-66.92,34.85,34.85,0.0000,1,1
JuUiQvR03zd,"Stanislav Motyčík - MK",land,"large plot",NULL,"okres Žilina",Hôrky,expensive,24.36,200.00,202.50,-0.0123,1,2
JuGmc6FHo9t,"Stanislav Motyčík - MK",house,"medium house","new construction","okres Bytča","Hliník nad Váhom",expensive,6.88,2570.97,2659.63,-0.0333,1,8
JuVYoseZcjb,"Stanislav Slovák",house,"medium house","fully renovated","okres Čadca","Vysoká nad Kysucou","very cheap",-45.14,1035.00,1056.67,-0.0205,1,3
Ju0XKwDGI6a,"STAREA, s. r. o.",apartment,"2-room apartment","fully renovated","okres Žilina","Staré mesto",expensive,25.24,2257.73,2789.29,-0.1906,1,15
JujxzbLeFDf,"STAREA, s. r. o.",apartment,"2-room apartment","new construction","okres Žilina","Rajecké Teplice",expensive,5.08,3058.63,3298.33,-0.0727,2,5
Juea9VaEEz4,"STAREA, s. r. o.",apartment,"2-room apartment","new construction","okres Žilina","Rajecké Teplice",expensive,5.08,3033.44,3298.33,-0.0803,2,5
JuNxbiZtMJl,"StorkReal s. r. o.",apartment,"2-room apartment","partially renovated","okres Žilina",Hliny,expensive,11.48,2983.87,2605.70,0.1451,1,6
JuyhufYl9nJ,"StorkReal s. r. o.",apartment,"4-room apartment","under construction","okres Žilina",Ďurčiná,"very cheap",-51.64,1217.66,1217.66,0.0000,1,1
Ju6B6hGeR8q,"StorkReal s. r. o.",house,"large house","partially renovated","okres Žilina",Rajec,average,-11.29,900.00,1066.32,-0.1560,2,5
JuQ_edW4pqG,"StorkReal s. r. o.",house,"large house","partially renovated","okres Žilina",Rajec,average,-11.29,1000.00,1066.32,-0.0622,2,5
JuUtmIZFvND,"StorkReal s. r. o.",house,"large house",unrenovated,"okres Žilina",Zbyňov,expensive,20.98,1125.00,1125.00,0.0000,1,1
JutcLxhDE3o,"StorkReal s. r. o.",land,"large plot",NULL,"okres Žilina",Kunerad,expensive,8.95,61.41,61.41,0.0000,1,1
Ju2Af8_9s5q,"StorkReal s. r. o.",house,"medium house","partially renovated","okres Žilina","Rajecké Teplice",expensive,5.08,1317.57,1317.57,0.0000,1,1
JupqlbF43-v,"StorkReal s. r. o.",house,"medium house",unrenovated,"okres Bytča","Veľké Rovné",average,-9.95,833.33,733.33,0.1364,1,2
JuK4j_sbxpH,"StorkReal s. r. o.",land,"medium plot",NULL,"okres Žilina",Kľače,cheap,-28.52,70.04,70.01,0.0004,1,4
JuFHiiWQjoz,"StorkReal s. r. o.",land,"medium plot",NULL,"okres Žilina","Veľká Čierna",cheap,-18.71,NULL,52.44,NULL,1,2
Ju4g9YHwdlx,"StorkReal s. r. o.",land,"medium plot",NULL,"okres Žilina",Zbyňov,expensive,20.98,80.00,90.00,-0.1111,1,2
JupQvlRFk0k,"StorkReal s. r. o.",land,"small plot",NULL,"okres Žilina",Kunerad,expensive,8.95,49.00,49.00,0.0000,1,1
JurPtkmJGHM,"StorkReal s. r. o.",land,"small plot",NULL,"okres Žilina",Trnové,premium,40.34,430.33,296.78,0.4500,1,6
JutBiDVPJVF,"StorkReal s. r. o.",land,"small plot",NULL,"okres Žilina",Višňové,expensive,22.64,159.95,205.96,-0.2234,1,4
JuMi-Tt27An,"STRATEGIC REALITY",apartment,"2-room apartment","new construction","okres Liptovský Mikuláš",Palúdzka,expensive,7.35,3210.24,3107.59,0.0330,2,2
JuPbmK8oIXM,"STRATEGIC REALITY",apartment,"2-room apartment","new construction","okres Liptovský Mikuláš",Palúdzka,expensive,7.35,3004.94,3107.59,-0.0330,2,2
JuUW30jCiXY,"sunnyreal s.r.o.",apartment,"3-room apartment","fully renovated","okres Liptovský Mikuláš",Podbreziny,expensive,13.11,2364.86,2351.18,0.0058,1,3
JuMQiZOnaxz,"Svoboda&Williams Slovakia s.r.o.",apartment,"2-room apartment","new construction","okres Turčianske Teplice",Stred,cheap,-16.60,NULL,4070.92,NULL,1,4
Juo05IpENrn,"Svoboda&Williams Slovakia s.r.o.",apartment,"3-room apartment","new construction","okres Liptovský Mikuláš",Demänová,premium,36.87,6527.78,5448.71,0.1980,1,2
JuM_aepmWiE,"Svoboda&Williams Slovakia s.r.o.",land,"extra large plot",NULL,"okres Martin",Sučany,cheap,-19.13,96.35,96.35,0.0000,1,1
JuZHBvu_y5k,"T.S.reality, s.r.o.",land,"large plot",NULL,"okres Žilina","Lietavská Lúčka",average,0.73,120.00,120.00,0.0000,1,1
JuPk491VBKN,"TARGETreal s. r. o.",house,NULL,"partially renovated","okres Žilina",Stráňavy,premium,50.92,NULL,NULL,NULL,1,1
Jun_xJ64Vjc,"TARGETreal s. r. o.",house,NULL,unrenovated,"okres Žilina",Konská,average,-12.32,NULL,NULL,NULL,1,1
JuAo_CCFbGo,"TARGETreal s. r. o.",apartment,"1-room apartment","new construction","okres Martin",Priekopa,premium,55.82,3155.26,3229.12,-0.0229,1,3
JudWP4utpDg,"TARGETreal s. r. o.",apartment,"1-room apartment","partially renovated","okres Čadca",Centrum,cheap,-15.46,3469.18,3469.18,0.0000,1,1
JuDDQHUehhw,"TARGETreal s. r. o.",apartment,"1-room apartment","partially renovated","okres Turčianske Teplice",Stred,cheap,-16.60,2113.46,2113.46,0.0000,1,1
JupinWd8ZQVD,"TARGETreal s. r. o.",apartment,"2-room apartment","fully renovated","okres Žilina","Staré mesto",expensive,25.24,2750.00,2789.29,-0.0141,1,15
JuOBBX6-RMz,"TARGETreal s. r. o.",apartment,"2-room apartment","new construction","okres Martin",Stred,expensive,19.38,2500.00,2769.70,-0.0974,1,6
Ju3mlVUzkyZ,"TARGETreal s. r. o.",apartment,"2-room apartment","new construction","okres Martin",Sučany,cheap,-19.13,2500.00,2500.00,0.0000,1,1
JukBZSTP0a5,"TARGETreal s. r. o.",apartment,"2-room apartment","new construction","okres Turčianske Teplice",Stred,cheap,-16.60,3180.00,4070.92,-0.2188,2,4
Ju3mlopyrCW,"TARGETreal s. r. o.",apartment,"2-room apartment","new construction","okres Turčianske Teplice",Stred,cheap,-16.60,NULL,4070.92,NULL,2,4
Ju5NSmHtePH,"TARGETreal s. r. o.",apartment,"3-room apartment","fully renovated","okres Martin",Záturčie,average,-12.61,1741.57,2026.99,-0.1408,1,3
Ju6Fxzj1aPV,"TARGETreal s. r. o.",apartment,"3-room apartment","fully renovated","okres Turčianske Teplice",Stred,cheap,-16.60,1791.67,1791.67,0.0000,1,1
JufWdbgp6A3,"TARGETreal s. r. o.",apartment,"3-room apartment","new construction","okres Martin",Stred,expensive,19.38,1960.78,2616.54,-0.2506,1,4
JuWLCChouGh,"TARGETreal s. r. o.",apartment,"3-room apartment","new construction","okres Martin",Sučany,cheap,-19.13,1960.78,1960.78,0.0000,1,1
JucFUY5N5xW,"TARGETreal s. r. o.",apartment,"3-room apartment","partially renovated","okres Martin",Priekopa,premium,55.82,1687.50,1687.50,0.0000,1,2
Juy4b8nUUh5,"TARGETreal s. r. o.",apartment,"3-room apartment","partially renovated","okres Žilina",Hájik,expensive,5.43,2527.78,2295.79,0.1011,2,3
JumaaMybJmZ,"TARGETreal s. r. o.",apartment,"3-room apartment","partially renovated","okres Žilina",Hájik,expensive,5.43,2430.56,2295.79,0.0587,2,3
JuM_6zn3dEU,"TARGETreal s. r. o.",apartment,"4-room apartment","fully renovated","okres Martin",Ľadoveň,average,-5.00,2415.73,2294.18,0.0530,1,2
JuNRFKe9B5N6,"TARGETreal s. r. o.",apartment,"4-room apartment","new construction","okres Martin",Sučany,cheap,-19.13,1863.00,1863.00,0.0000,1,1
JucJbLC42bG,"TARGETreal s. r. o.",apartment,"5+ room apartment","partially renovated","okres Žilina",Hájik,expensive,5.43,2448.28,2448.28,0.0000,1,1
JuJVlSLNzUp,"TARGETreal s. r. o.",house,"extra large house","fully renovated","okres Turčianske Teplice","Horná Štubňa",cheap,-30.38,837.84,831.42,0.0077,1,2
JuZgj6k1S7C,"TARGETreal s. r. o.",house,"extra large house","partially renovated","okres Martin",Stráne,average,-0.90,718.10,635.41,0.1301,1,5
JuvbAAJAVQ8,"TARGETreal s. r. o.",house,"extra large house",unrenovated,"okres Turčianske Teplice",Stred,cheap,-16.60,NULL,104.17,NULL,1,2
JuGs0JNeT94,"TARGETreal s. r. o.",land,"extra large plot",NULL,"okres Liptovský Mikuláš","Liptovská Anna",average,-4.78,100.00,100.00,0.0000,1,3
JuAOp73hEtJ,"TARGETreal s. r. o.",land,"extra large plot",NULL,"okres Turčianske Teplice",Bodorová,"very cheap",-84.52,15.81,15.81,0.0000,1,1
Juy-j07S1W7,"TARGETreal s. r. o.",apartment,"holiday apartment","new construction","okres Turčianske Teplice",Stred,cheap,-16.60,NULL,NULL,NULL,1,1
Juv2ewXXJKK,"TARGETreal s. r. o.",house,"large house","fully renovated","okres Martin","Karvaša a Bláhovca",average,-11.99,1300.00,986.21,0.3182,1,2
JuZg89p6Hy7,"TARGETreal s. r. o.",house,"large house","fully renovated","okres Žilina",Terchová,expensive,17.29,1608.65,1635.10,-0.0162,1,4
JuifoQkrLih,"TARGETreal s. r. o.",house,"large house","new construction","okres Kysucké Nové Mesto","Horný Vadičov",average,-5.28,1548.81,1825.46,-0.1516,1,4
JuRjgYMudUi,"TARGETreal s. r. o.",house,"large house","partially renovated","okres Bytča",Kotešová,expensive,16.48,933.33,933.33,0.0000,1,1
JuS_u3LjF53,"TARGETreal s. r. o.",house,"large house","partially renovated","okres Martin",Stráne,average,-0.90,NULL,1396.00,NULL,1,4
JuHZ1_tqsoJ,"TARGETreal s. r. o.",house,"large house","partially renovated","okres Turčianske Teplice",Háj,"very cheap",-71.62,493.75,493.75,0.0000,1,1
JueNBBfFeD4,"TARGETreal s. r. o.",house,"large house","partially renovated","okres Žilina",Varín,average,-1.75,1577.01,1577.01,0.0000,1,1
JuWoB6KY-Fv,"TARGETreal s. r. o.",house,"large house","under construction","okres Žilina","Teplička nad Váhom",premium,48.91,2584.27,2584.27,0.0000,1,1
JuDeBj46p9m,"TARGETreal s. r. o.",house,"large house",unrenovated,"okres Turčianske Teplice",Stred,cheap,-16.60,1062.22,1062.22,0.0000,1,2
JuYo9zvFOwy,"TARGETreal s. r. o.",house,"large house",unrenovated,"okres Žilina",Divina,expensive,16.28,1083.33,1083.33,0.0000,1,1
JuFh6vU7_2A,"TARGETreal s. r. o.",house,"large house",unrenovated,"okres Žilina","Teplička nad Váhom",premium,48.91,2920.21,2920.21,0.0000,1,1
Jufy8CKURgq,"TARGETreal s. r. o.",house,"large house",unrenovated,"okres Žilina",Terchová,expensive,17.29,813.33,1062.92,-0.2348,1,2
JuG7FW7c5Gb,"TARGETreal s. r. o.",land,"large plot",NULL,"okres Martin","Karvaša a Bláhovca",average,-11.99,208.33,208.33,0.0000,1,1
Jul0O76BpGg,"TARGETreal s. r. o.",land,"large plot",NULL,"okres Martin",Stráne,average,-0.90,201.95,201.95,0.0000,1,1
JucfeqPEDUI,"TARGETreal s. r. o.",land,"large plot",NULL,"okres Turčianske Teplice",Jazernica,"very cheap",-54.82,59.00,59.00,0.0000,1,1
JunJu6IyBiX,"TARGETreal s. r. o.",land,"large plot",NULL,"okres Turčianske Teplice",Sklené,average,-12.01,37.50,39.50,-0.0506,1,2
Ju3gbFnsxzj,"TARGETreal s. r. o.",land,"large plot",NULL,"okres Žilina",Divina,expensive,16.28,105.00,105.00,0.0000,1,2
JuHoYrf0eK_,"TARGETreal s. r. o.",house,"medium house","fully renovated","okres Turčianske Teplice","Horná Štubňa",cheap,-30.38,2024.39,2012.20,0.0061,1,2
JuAUegGsDW_,"TARGETreal s. r. o.",house,"medium house","fully renovated","okres Turčianske Teplice",Turček,cheap,-37.71,1250.00,1250.00,0.0000,1,1
JutUghljOFb,"TARGETreal s. r. o.",house,"medium house","new construction","okres Martin","Košťany nad Turcom",average,-8.30,2657.96,2190.77,0.2133,1,5
JuehhqekRE3,"TARGETreal s. r. o.",house,"medium house","new construction","okres Martin",Sučany,cheap,-19.13,2956.99,2956.99,0.0000,1,1
Ju7YL1bOSxr,"TARGETreal s. r. o.",house,"medium house","new construction","okres Martin",Tomčany,expensive,6.77,3024.59,3295.25,-0.0821,2,3
JuriX67hMEI,"TARGETreal s. r. o.",house,"medium house","new construction","okres Martin",Tomčany,expensive,6.77,3300.00,3295.25,0.0014,2,3
JuOWTKqdph-,"TARGETreal s. r. o.",house,"medium house","new construction","okres Žilina",Brezany,expensive,30.74,2389.29,2557.74,-0.0659,1,2
JuzL3Tg4FHZ,"TARGETreal s. r. o.",house,"medium house","new construction","okres Žilina",Ovčiarsko,average,-2.35,1232.39,1232.39,0.0000,1,1
Ju7pOpcYmHI,"TARGETreal s. r. o.",house,"medium house","new construction","okres Žilina",Podhorie,expensive,19.77,2551.66,2551.66,0.0000,1,1
JumII_lj6i4,"TARGETreal s. r. o.",house,"medium house","new construction","okres Žilina",Svederník,expensive,24.98,3809.52,3141.38,0.2127,1,4
JuOJxRj9DKw,"TARGETreal s. r. o.",house,"medium house","under construction","okres Čadca",Čierne,cheap,-20.23,2332.22,2332.22,0.0000,1,1
JuNAkKLTuvU,"TARGETreal s. r. o.",house,"medium house","under construction","okres Žilina",Brezany,expensive,30.74,2329.13,2329.13,0.0000,1,1
JuqydMjWuh4,"TARGETreal s. r. o.",house,"medium house",unrenovated,"okres Žilina",Lysica,cheap,-22.24,999.00,999.00,0.0000,1,1
JuldPobEyqZ,"TARGETreal s. r. o.",land,"medium plot",NULL,"okres Bytča","Veľké Rovné",average,-9.95,42.17,47.29,-0.1083,2,3
JuSMDjKsDMw,"TARGETreal s. r. o.",land,"medium plot",NULL,"okres Bytča","Veľké Rovné",average,-9.95,37.87,47.29,-0.1992,2,3
JutSxfNRIvL,"TARGETreal s. r. o.",land,"medium plot",NULL,"okres Čadca",Oščadnica,cheap,-22.04,66.97,85.42,-0.2160,1,3
JuVnYv0MGhb,"TARGETreal s. r. o.",land,"medium plot",NULL,"okres Kysucké Nové Mesto","Horný Vadičov",average,-5.28,49.00,46.88,0.0452,1,4
JuwpErO1oQo,"TARGETreal s. r. o.",land,"medium plot",NULL,"okres Martin","Karvaša a Bláhovca",average,-11.99,187.05,131.58,0.4216,1,7
JutmSdgoB8o,"TARGETreal s. r. o.",land,"medium plot",NULL,"okres Martin",Tomčany,expensive,6.77,206.25,206.25,0.0000,1,1
JuNyZWoxw0A,"TARGETreal s. r. o.",land,"medium plot",NULL,"okres Martin","Turčiansky Peter",expensive,14.16,106.27,105.64,0.0060,1,2
JuR1Vqvk3FA,"TARGETreal s. r. o.",land,"medium plot",NULL,"okres Martin",Záturčie,average,-12.61,185.87,185.87,0.0000,1,1
JuhyQTsj1LU,"TARGETreal s. r. o.",land,"medium plot",NULL,"okres Žilina",Hôrky,expensive,24.36,218.36,215.47,0.0134,1,3
JueabChri5n,"TARGETreal s. r. o.",land,"medium plot",NULL,"okres Žilina","Kotrčiná Lúčka",cheap,-18.94,100.00,95.72,0.0447,1,5
JuoouzvegJf,"TARGETreal s. r. o.",land,"medium plot",NULL,"okres Žilina","Nezbudská Lúčka",premium,46.16,158.31,158.31,0.0000,1,1
Jukt7sZSrva,"TARGETreal s. r. o.",land,"medium plot",NULL,"okres Žilina",Ovčiarsko,average,-2.35,158.71,111.52,0.4232,1,6
Ju5vA5Uv4Dw,"TARGETreal s. r. o.",land,"medium plot",NULL,"okres Žilina",Rosina,expensive,26.83,254.36,238.93,0.0646,2,5
JutdkjPNxRS,"TARGETreal s. r. o.",land,"medium plot",NULL,"okres Žilina",Rosina,expensive,26.83,253.62,238.93,0.0615,2,5
Jur4zTPDBjU,"TARGETreal s. r. o.",land,"medium plot",NULL,"okres Žilina",Stráňavy,premium,50.92,105.00,105.00,0.0000,1,1
JuLNEujfvDD,"TARGETreal s. r. o.",land,"medium plot",NULL,"okres Žilina",Strečno,expensive,16.35,147.92,147.92,0.0000,1,1
Ju1eOtgzhMF,"TARGETreal s. r. o.",house,"small house","new construction","okres Bytča","Veľké Rovné",average,-9.95,2499.88,2499.88,0.0000,1,1
JuQ4i8mNwlL,"TARGETreal s. r. o.",house,"small house",unrenovated,"okres Bytča",Kotešová,expensive,16.48,2753.85,2753.85,0.0000,1,1
Ju120_vTrodT,"TARGETreal s. r. o.",land,"small plot",NULL,"okres Žilina",Hôrky,expensive,24.36,254.83,254.83,0.0000,1,1
JuWpZopSoYC,"TARGETreal s. r. o.",land,"small plot",NULL,"okres Žilina",Ovčiarsko,average,-2.35,185.00,134.11,0.3795,1,7
JuSSppam0PC,"TATRA CITY RESIDENCE s. r. o.",apartment,"1-room apartment","new construction","okres Liptovský Mikuláš","Staré mesto",average,1.93,3949.04,3332.86,0.1849,1,2
Jub6sy4N9gp,"TATRA CITY RESIDENCE s. r. o.",apartment,"2-room apartment","under construction","okres Liptovský Mikuláš","Staré mesto",average,1.93,4293.88,4638.29,-0.0743,3,3
JuW-h1lHUAf,"TATRA CITY RESIDENCE s. r. o.",apartment,"2-room apartment","under construction","okres Liptovský Mikuláš","Staré mesto",average,1.93,5686.84,4638.29,0.2261,3,3
JuEJsd-IFWc,"TATRA CITY RESIDENCE s. r. o.",apartment,"2-room apartment","under construction","okres Liptovský Mikuláš","Staré mesto",average,1.93,3934.15,4638.29,-0.1518,3,3
JuYHImgOHO_,"TATRA CITY RESIDENCE s. r. o.",apartment,"3-room apartment","under construction","okres Liptovský Mikuláš","Staré mesto",average,1.93,4009.98,4009.29,0.0002,2,3
JuGMS7Q7AS7,"TATRA CITY RESIDENCE s. r. o.",apartment,"3-room apartment","under construction","okres Liptovský Mikuláš","Staré mesto",average,1.93,4008.60,4009.29,-0.0002,2,3
JuTPBH57dwB,"TATRA CITY RESIDENCE s. r. o.",apartment,"4-room apartment","development project","okres Liptovský Mikuláš","Staré mesto",average,1.93,3081.19,3081.19,0.0000,1,1
JunIIQTPa44,"TATRA CITY RESIDENCE s. r. o.",apartment,"4-room apartment","under construction","okres Liptovský Mikuláš","Staré mesto",average,1.93,4106.07,4106.07,0.0000,1,1
JuB63TyYdjm,"TATRA CITY RESIDENCE s. r. o.",apartment,loft,"under construction","okres Liptovský Mikuláš","Staré mesto",average,1.93,3374.09,3374.09,0.0000,1,1
JulFrto6Z8R,"Tatra Invest",apartment,"holiday apartment","new construction","okres Liptovský Mikuláš","Demänovská Dolina",premium,84.23,5294.12,5609.23,-0.0562,3,40
JuDetN4gLGy,"Tatra Invest",apartment,"holiday apartment","new construction","okres Liptovský Mikuláš","Demänovská Dolina",premium,84.23,5232.56,5609.23,-0.0672,3,40
Ju8f4W9RYX2,"Tatra Invest",apartment,"holiday apartment","new construction","okres Liptovský Mikuláš","Demänovská Dolina",premium,84.23,5634.15,5609.23,0.0044,3,40
Jux885vgQgO,"Tatra Invest",apartment,"holiday apartment","new construction","okres Liptovský Mikuláš","Liptovský Trnovec",expensive,19.86,5250.00,5250.00,0.0000,1,1
Jun0m0ZrnOH,"Tatry mountain resorts, a.s.",apartment,"holiday apartment","under construction","okres Liptovský Mikuláš","Demänovská Dolina",premium,84.23,11206.08,10372.55,0.0804,5,5
JuvuB2q_3M4,"Tatry mountain resorts, a.s.",apartment,"holiday apartment","under construction","okres Liptovský Mikuláš","Demänovská Dolina",premium,84.23,9662.18,10372.55,-0.0685,5,5
JuTSuAfPUaV,"Tatry mountain resorts, a.s.",apartment,"holiday apartment","under construction","okres Liptovský Mikuláš","Demänovská Dolina",premium,84.23,11181.23,10372.55,0.0780,5,5
Ju8nwr--d8J,"Tatry mountain resorts, a.s.",apartment,"holiday apartment","under construction","okres Liptovský Mikuláš","Demänovská Dolina",premium,84.23,9362.00,10372.55,-0.0974,5,5
Ju6hdfe5kDA,"Tatry mountain resorts, a.s.",apartment,"holiday apartment","under construction","okres Liptovský Mikuláš","Demänovská Dolina",premium,84.23,10451.26,10372.55,0.0076,5,5
JuoeXyKL-xw,"TB Real, spol. s r.o.",house,"large house","partially renovated","okres Martin","Kolónia Hviezda","very cheap",-50.85,1166.67,1166.67,0.0000,1,1
JugbHbksCr-,"TeEq Reality",land,"extra large plot",NULL,"okres Žilina",Višňové,expensive,22.64,95.00,98.33,-0.0339,1,3
JuInv_n4G9P,"Teraz, a.s.",apartment,"2-room apartment","development project","okres Žilina","Staré mesto",expensive,25.24,5249.97,5387.48,-0.0255,2,2
JuqmZcqjzL5,"Teraz, a.s.",apartment,"2-room apartment","development project","okres Žilina","Staré mesto",expensive,25.24,5524.98,5387.48,0.0255,2,2
Ju9BdsvYTHj,"Teraz, a.s.",apartment,"4-room apartment","development project","okres Žilina","Staré mesto",expensive,25.24,5654.99,4174.33,0.3547,1,4
JusgW9odCAS,Time4dreams,apartment,"4-room apartment",unrenovated,"okres Martin",Priekopa,premium,55.82,1488.76,1488.76,0.0000,1,2
Juv0pBqllQb,"TL Agentura s.r.o",land,"small plot",NULL,"okres Námestovo","Oravské Veselé","very cheap",-55.83,100.00,100.00,0.0000,1,2
JudexsMMWLq,"TOCA, s.r.o. Realitná činnosť",house,NULL,"new construction","okres Bytča",Kotešová,expensive,16.48,NULL,NULL,NULL,1,1
JuMM6zZvZxw,"TOCA, s.r.o. Realitná činnosť",house,NULL,"partially renovated","okres Bytča","Hliník nad Váhom",expensive,6.88,NULL,NULL,NULL,1,1
JuzJzITWl1v,"TOCA, s.r.o. Realitná činnosť",house,NULL,"partially renovated","okres Bytča",Kotešová,expensive,16.48,NULL,NULL,NULL,2,2
JuQ_I0ff1WB,"TOCA, s.r.o. Realitná činnosť",house,NULL,"partially renovated","okres Bytča",Kotešová,expensive,16.48,NULL,NULL,NULL,2,2
JupJ40WhVz4,"TOCA, s.r.o. Realitná činnosť",house,NULL,"partially renovated","okres Bytča","Veľká Bytča",expensive,8.56,NULL,NULL,NULL,1,1
JuFs-_Bf_af,"TOCA, s.r.o. Realitná činnosť",house,NULL,unrenovated,"okres Bytča","Hlboké nad Váhom","very cheap",-44.93,NULL,NULL,NULL,2,2
Juhv-0ib6ND,"TOCA, s.r.o. Realitná činnosť",house,NULL,unrenovated,"okres Bytča","Hlboké nad Váhom","very cheap",-44.93,NULL,NULL,NULL,2,2
JulcRSD3gjg,"TOCA, s.r.o. Realitná činnosť",house,NULL,unrenovated,"okres Bytča",Predmier,cheap,-37.44,NULL,NULL,NULL,2,2
Ju-OE670leB,"TOCA, s.r.o. Realitná činnosť",house,NULL,unrenovated,"okres Bytča",Predmier,cheap,-37.44,NULL,NULL,NULL,2,2
JuE8s31Sl55,"TOCA, s.r.o. Realitná činnosť",apartment,"3-room apartment","new construction","okres Bytča",Pšurnovice,cheap,-25.43,2170.46,2170.46,0.0000,1,1
JujYYo9Qtpi,"TOCA, s.r.o. Realitná činnosť",land,"extra large plot",NULL,"okres Bytča","Hlboké nad Váhom","very cheap",-44.93,NULL,NULL,NULL,1,1
JuJo8q5h32F,"TOCA, s.r.o. Realitná činnosť",house,"large house","new construction","okres Bytča","Hliník nad Váhom",expensive,6.88,1411.48,1411.48,0.0000,2,2
JuTAR5A7Hvk,"TOCA, s.r.o. Realitná činnosť",house,"large house","new construction","okres Bytča","Hliník nad Váhom",expensive,6.88,1411.48,1411.48,0.0000,2,2
Juf5RoOgfBW,"TOCA, s.r.o. Realitná činnosť",house,"large house","partially renovated","okres Bytča","Hliník nad Váhom",expensive,6.88,1218.75,1138.26,0.0707,2,3
Juzanri8hki,"TOCA, s.r.o. Realitná činnosť",house,"large house","partially renovated","okres Bytča","Hliník nad Váhom",expensive,6.88,1218.75,1138.26,0.0707,2,3
Julqx-OsWd4,"TOCA, s.r.o. Realitná činnosť",land,"large plot",NULL,"okres Bytča","Hlboké nad Váhom","very cheap",-44.93,23.67,25.17,-0.0596,2,6
JusxvqCVQpI,"TOCA, s.r.o. Realitná činnosť",land,"large plot",NULL,"okres Bytča","Hlboké nad Váhom","very cheap",-44.93,23.67,25.17,-0.0596,2,6
JuwNxJhCDfg,"TOCA, s.r.o. Realitná činnosť",land,"large plot",NULL,"okres Bytča","Hliník nad Váhom",expensive,6.88,134.82,134.82,0.0000,1,1
Jutyprw4Nso,"TOCA, s.r.o. Realitná činnosť",land,"large plot",NULL,"okres Bytča",Pšurnovice,cheap,-25.43,71.74,71.74,0.0000,2,2
JuxIvOImC9j,"TOCA, s.r.o. Realitná činnosť",land,"large plot",NULL,"okres Bytča",Pšurnovice,cheap,-25.43,71.74,71.74,0.0000,2,2
JuYCEnwkjLX,"TOCA, s.r.o. Realitná činnosť",land,"large plot",NULL,"okres Bytča",Súľov-Hradná,"very cheap",-51.52,NULL,69.86,NULL,1,2
JurZTuUssP0,"TOCA, s.r.o. Realitná činnosť",house,"medium house","new construction","okres Bytča","Hliník nad Váhom",expensive,6.88,1330.65,2659.63,-0.4997,5,8
JubU0eKdiVr,"TOCA, s.r.o. Realitná činnosť",house,"medium house","new construction","okres Bytča","Hliník nad Váhom",expensive,6.88,3511.45,2659.63,0.3203,5,8
JuvDMV343M4,"TOCA, s.r.o. Realitná činnosť",house,"medium house","new construction","okres Bytča","Hliník nad Váhom",expensive,6.88,1999.00,2659.63,-0.2484,5,8
Juc0OLvyRFq,"TOCA, s.r.o. Realitná činnosť",house,"medium house","new construction","okres Bytča","Hliník nad Váhom",expensive,6.88,1330.65,2659.63,-0.4997,5,8
JuvIyu9zHe0,"TOCA, s.r.o. Realitná činnosť",house,"medium house","new construction","okres Bytča","Hliník nad Váhom",expensive,6.88,3511.45,2659.63,0.3203,5,8
JuGR3fH9qik,"TOCA, s.r.o. Realitná činnosť",house,"medium house","new construction","okres Žilina",Bitarová,expensive,9.02,1443.30,2436.65,-0.4077,2,13
JuExQtw6qVs,"TOCA, s.r.o. Realitná činnosť",house,"medium house","new construction","okres Žilina",Bitarová,expensive,9.02,1443.30,2436.65,-0.4077,2,13
Juv-ZyHYN0s,"TOCA, s.r.o. Realitná činnosť",house,"medium house","new construction","okres Žilina",Hôrky,expensive,24.36,3034.48,3144.05,-0.0348,1,3
JuHNF3pBoBi,"TOCA, s.r.o. Realitná činnosť",house,"medium house","under construction","okres Bytča","Hliník nad Váhom",expensive,6.88,1999.00,2831.56,-0.2940,1,2
Juu2KYnLJH8,"TOCA, s.r.o. Realitná činnosť",land,"medium plot",NULL,"okres Bytča","Hliník nad Váhom",expensive,6.88,108.46,108.46,0.0000,1,1
JumZm9PSyYH,"TOCA, s.r.o. Realitná činnosť",land,"medium plot",NULL,"okres Bytča",Pšurnovice,cheap,-25.43,87.30,87.30,0.0000,1,1
JuuH6wyOTi6,"TOCA, s.r.o. Realitná činnosť",land,"small plot",NULL,"okres Bytča","Hliník nad Váhom",expensive,6.88,99.78,99.78,0.0000,1,1
JueY97MJhb3,"TOP Living s.r.o.",house,"medium house",unrenovated,"okres Žilina","Malá Praha",premium,74.15,2750.00,2750.00,0.0000,1,1
Juwwl8fsexY,"Top Real Košice s.r.o.",apartment,"holiday apartment","fully renovated","okres Ružomberok",Hrabovo,average,-7.51,3012.26,3120.34,-0.0346,1,4
JuFpZug_t62,"TRI LIPY, s. r. o.",apartment,"1-room apartment","new construction","okres Kysucké Nové Mesto",Kamence,average,-3.70,3770.97,3728.34,0.0114,1,2
JuT5ppNKCia,"TRI LIPY, s. r. o.",house,"large house",unrenovated,"okres Čadca",Raková,cheap,-22.06,407.41,407.41,0.0000,1,1
JuJTvvQyvPv,"TRI LIPY, s. r. o.",land,"large plot",NULL,"okres Čadca",Makov,"very cheap",-43.27,50.00,32.75,0.5267,1,4
JufKEzTwdq8,"TRI LIPY, s. r. o.",land,"large plot",NULL,"okres Čadca",Milošová,cheap,-29.40,17.32,17.32,0.0000,1,1
JuUooEhgJl4,"TRI LIPY, s. r. o.",land,"large plot",NULL,"okres Čadca",Raková,cheap,-22.06,68.88,54.85,0.2558,1,8
Ju8D90dPeWn,"TRI LIPY, s. r. o.",house,"medium house","under construction","okres Čadca","Stará Bystrica",average,-2.57,2276.49,1961.00,0.1609,1,2
JuNitLYneeA,"TRI LIPY, s. r. o.",land,"medium plot",NULL,"okres Čadca",Čierne,cheap,-20.23,73.99,64.00,0.1561,1,2
JuJs7LAy2Ca,"TRI LIPY, s. r. o.",land,"medium plot",NULL,"okres Čadca",Klokočov,"very cheap",-42.36,38.35,39.68,-0.0335,1,2
JusTHrdS9S-,"TRI LIPY, s. r. o.",land,"medium plot",NULL,"okres Čadca",Korňa,"very cheap",-45.15,33.08,27.49,0.2033,1,3
Ju4lACVtBvB,"TRI LIPY, s. r. o.",land,"medium plot",NULL,"okres Čadca",Oščadnica,cheap,-22.04,79.30,85.42,-0.0716,1,3
JuE8ApW_7eF,"TRI LIPY, s. r. o.",land,"medium plot",NULL,"okres Čadca",Raková,cheap,-22.06,67.50,74.40,-0.0927,1,7
JujKWinPkki,"TRI LIPY, s. r. o.",land,"small plot",NULL,"okres Čadca",Oščadnica,cheap,-22.04,102.09,89.80,0.1369,1,8
JugA13oDi48,"Tribeca Group s. r. o",house,"extra large house","under construction","okres Žilina","Dolný Hričov",average,-4.26,1947.92,1947.92,0.0000,1,1
Ju46Wlvz4BP,"Trioreality, s.r.o.",apartment,"2-room apartment","new construction","okres Čadca",Kyčerka,cheap,-16.23,2170.32,2170.32,0.0000,1,1
JuYwrDdapt0,"Trioreality, s.r.o.",apartment,"3-room apartment",unrenovated,"okres Čadca","U Hluška",expensive,17.18,1955.88,1955.88,0.0000,1,1
JuCgojI4KWH,"Trioreality, s.r.o.",apartment,"3-room apartment",unrenovated,"okres Čadca",Žarec,average,-9.22,1824.32,1824.32,0.0000,1,1
JuPi43juw_9,"Trioreality, s.r.o.",house,"medium house","partially renovated","okres Čadca",Oščadnica,cheap,-22.04,NULL,NULL,NULL,1,1
Jubpxb0JsTj,"Trioreality, s.r.o.",house,"medium house",unrenovated,"okres Čadca",Klokočov,"very cheap",-42.36,464.29,804.02,-0.4225,1,3
JuGlgzti-Xv,"Trioreality, s.r.o.",house,"medium house",unrenovated,"okres Čadca",Staškov,cheap,-22.98,466.67,466.67,0.0000,1,1
JuNiupBfJ_W,"Trioreality, s.r.o.",land,"medium plot",NULL,"okres Čadca",Oščadnica,cheap,-22.04,110.00,85.42,0.2878,1,3
JuJ6HTdPmEs,"TUreality s.r.o.",land,NULL,NULL,"okres Liptovský Mikuláš",Ižipovce,average,-12.34,NULL,NULL,NULL,1,1
Juidgw39ied,"TUreality s.r.o.",land,NULL,NULL,"okres Liptovský Mikuláš",Podtureň,premium,41.30,123.00,123.00,0.0000,1,2
Ju8z5R1jfB3,"TUreality s.r.o.",land,NULL,NULL,"okres Liptovský Mikuláš","Svätý Kríž",expensive,11.02,NULL,NULL,NULL,1,3
JuJBjXorHPL,"TUreality s.r.o.",land,NULL,NULL,"okres Ružomberok",Turík,premium,71.68,NULL,NULL,NULL,1,1
JuppkYCT654,"TUreality s.r.o.",apartment,"1-room apartment","fully renovated","okres Martin",Stred,expensive,19.38,NULL,3152.54,NULL,1,2
JugZvx-B3PM,"TUreality s.r.o.",apartment,"1-room apartment","partially renovated","okres Dolný Kubín",Banisko,premium,56.94,2291.67,2291.67,0.0000,1,1
Ju_Lr-2Vc09,"TUreality s.r.o.",apartment,"1-room apartment","partially renovated","okres Liptovský Mikuláš",Dovalovo,expensive,11.69,2941.18,2941.18,0.0000,1,1
Ju-TqbMGsYQ,"TUreality s.r.o.",apartment,"1-room apartment","partially renovated","okres Martin",NULL,NULL,NULL,2933.33,2933.33,0.0000,1,1
Ju5L8AAHtJp,"TUreality s.r.o.",apartment,"1-room apartment","partially renovated","okres Martin",Stred,expensive,19.38,3166.67,3166.67,0.0000,1,1
JuIVoMRmHSz,"TUreality s.r.o.",apartment,"1-room apartment","partially renovated","okres Martin",Turany,cheap,-32.68,2600.00,2418.42,0.0751,1,2
Ju_cu57wiSa,"TUreality s.r.o.",apartment,"1-room apartment",unrenovated,"okres Martin",Priekopa,premium,55.82,NULL,NULL,NULL,1,1
Ju3VAHb4p44,"TUreality s.r.o.",apartment,"2-room apartment","fully renovated","okres Kysucké Nové Mesto",Sídlisko,average,-3.57,2659.80,2588.83,0.0274,1,2
JukjSccuSX6,"TUreality s.r.o.",apartment,"2-room apartment","fully renovated","okres Martin",NULL,NULL,NULL,NULL,NULL,NULL,1,1
JuvIFSCKDaN,"TUreality s.r.o.",apartment,"2-room apartment","fully renovated","okres Martin",Priekopa,premium,55.82,NULL,2470.00,NULL,1,2
JutwTj3bM_v,"TUreality s.r.o.",apartment,"2-room apartment","fully renovated","okres Martin",Sever,average,-7.71,NULL,2186.28,NULL,1,6
JuGtWZEOQoM,"TUreality s.r.o.",apartment,"2-room apartment","fully renovated","okres Žilina","Staré mesto",expensive,25.24,3000.00,2789.29,0.0755,1,15
Ju-cA70OjPb,"TUreality s.r.o.",apartment,"2-room apartment","new construction","okres Liptovský Mikuláš","Liptovský Ján",expensive,5.21,3428.57,3399.77,0.0085,1,2
JuDCMQupxo0,"TUreality s.r.o.",apartment,"2-room apartment","partially renovated","okres Tvrdošín",Medvedzie,average,-9.60,NULL,2015.19,NULL,2,3
Judr92_ylzz,"TUreality s.r.o.",apartment,"2-room apartment","partially renovated","okres Tvrdošín",Medvedzie,average,-9.60,1915.00,2015.19,-0.0497,2,3
JucHYWmAD9T,"TUreality s.r.o.",apartment,"2-room apartment","partially renovated","okres Tvrdošín",Nižná,cheap,-23.39,2226.42,2226.42,0.0000,1,1
Jujvvp196-y,"TUreality s.r.o.",apartment,"2-room apartment","partially renovated","okres Žilina","Staré mesto",expensive,25.24,2980.77,2992.88,-0.0040,1,5
JudSBCw12x9,"TUreality s.r.o.",apartment,"2-room apartment","partially renovated","okres Žilina",Vlčince,premium,39.03,2620.52,2753.81,-0.0484,1,2
Ju5Pax6FaXd,"TUreality s.r.o.",apartment,"2-room apartment",unrenovated,"okres Žilina",Hliny,expensive,11.48,2307.69,2579.51,-0.1054,1,5
Ju3ft9crnfA,"TUreality s.r.o.",apartment,"3-room apartment","fully renovated","okres Dolný Kubín","Veľký Bysterec",average,-4.14,2333.33,2567.27,-0.0911,2,4
JuMfaZM03jX,"TUreality s.r.o.",apartment,"3-room apartment","fully renovated","okres Dolný Kubín","Veľký Bysterec",average,-4.14,2578.13,2567.27,0.0042,2,4
Jug3tmEab8dn,"TUreality s.r.o.",apartment,"3-room apartment","fully renovated","okres Liptovský Mikuláš",Podbreziny,expensive,13.11,2261.54,2351.18,-0.0381,1,3
Juw2GAhwVDz,"TUreality s.r.o.",apartment,"3-room apartment","fully renovated","okres Martin",Záturčie,average,-12.61,NULL,2026.99,NULL,1,3
JuQydtvhuaC,"TUreality s.r.o.",apartment,"3-room apartment","fully renovated","okres Tvrdošín",Medvedzie,average,-9.60,2185.71,2216.04,-0.0137,1,2
JuZPdvGyLq9,"TUreality s.r.o.",apartment,"3-room apartment","fully renovated","okres Žilina","Staré mesto",expensive,25.24,1956.41,2757.62,-0.2905,1,9
JuMU6JiyoDi,"TUreality s.r.o.",apartment,"3-room apartment","fully renovated","okres Žilina",Višňové,expensive,22.64,2460.32,2460.32,0.0000,1,1
JuSB5VX7uLX,"TUreality s.r.o.",apartment,"3-room apartment","new construction","okres Dolný Kubín",NULL,NULL,NULL,2934.94,2934.94,0.0000,1,2
Ju2W2fwASSP,"TUreality s.r.o.",apartment,"3-room apartment","new construction","okres Dolný Kubín",Brezovec,average,-1.33,3049.48,2558.53,0.1919,1,2
JuoszPD854T,"TUreality s.r.o.",apartment,"3-room apartment","new construction","okres Liptovský Mikuláš",Dovalovo,expensive,11.69,2740.74,2671.58,0.0259,2,2
JuUrOuQWCVS,"TUreality s.r.o.",apartment,"3-room apartment","new construction","okres Liptovský Mikuláš",Dovalovo,expensive,11.69,2602.41,2671.58,-0.0259,2,2
Ju4N6fIAndO,"TUreality s.r.o.",apartment,"3-room apartment","new construction","okres Liptovský Mikuláš","Liptovská Ondrašová",expensive,17.23,2454.41,2990.96,-0.1794,1,2
JuKVTIO-aDH,"TUreality s.r.o.",apartment,"3-room apartment","new construction","okres Liptovský Mikuláš","Staré mesto",average,1.93,NULL,4030.92,NULL,1,2
JuxM7Oxk3ZF,"TUreality s.r.o.",apartment,"3-room apartment","new construction","okres Ružomberok","Liptovská Teplá",cheap,-19.23,NULL,2647.82,NULL,1,4
JuuDv2Zd85o,"TUreality s.r.o.",apartment,"3-room apartment","new construction","okres Žilina",Bôrik,premium,61.54,3737.86,3711.04,0.0072,1,4
JubYzTZOLz1,"TUreality s.r.o.",apartment,"3-room apartment","new construction","okres Žilina","Rajecké Teplice",expensive,5.08,2333.33,2333.33,0.0000,1,1
JuZdV5jCSUO,"TUreality s.r.o.",apartment,"3-room apartment","partially renovated","okres Liptovský Mikuláš",Dovalovo,expensive,11.69,3022.47,2831.46,0.0675,2,2
Ju8yXTZyQ0c,"TUreality s.r.o.",apartment,"3-room apartment","partially renovated","okres Liptovský Mikuláš",Dovalovo,expensive,11.69,2640.45,2831.46,-0.0675,2,2
JuKkQSr7yLI,"TUreality s.r.o.",apartment,"3-room apartment","partially renovated","okres Martin",Košúty,average,-3.60,NULL,1908.00,NULL,1,5
Ju4nG9JDEKF,"TUreality s.r.o.",apartment,"3-room apartment","partially renovated","okres Martin",Ľadoveň,average,-5.00,NULL,1866.06,NULL,2,4
JugR8pX-gZX,"TUreality s.r.o.",apartment,"3-room apartment","partially renovated","okres Martin",Ľadoveň,average,-5.00,NULL,1866.06,NULL,2,4
Ju34bdWwwrW,"TUreality s.r.o.",apartment,"3-room apartment","partially renovated","okres Martin",Sever,average,-7.71,NULL,2178.61,NULL,2,5
JuH66opZMTi,"TUreality s.r.o.",apartment,"3-room apartment","partially renovated","okres Martin",Sever,average,-7.71,2076.92,2178.61,-0.0467,2,5
Juqo1hWp_Zj,"TUreality s.r.o.",apartment,"3-room apartment","partially renovated","okres Martin",Stred,expensive,19.38,NULL,1915.23,NULL,1,9
JuD6R0F6XVX,"TUreality s.r.o.",apartment,"3-room apartment","partially renovated","okres Martin",Sučany,cheap,-19.13,1416.58,1416.58,0.0000,1,1
Ju8yXfa5xfL,"TUreality s.r.o.",apartment,"3-room apartment","partially renovated","okres Ružomberok",Baničné,cheap,-17.01,1879.08,1888.77,-0.0051,1,5
JuOF4HNBZNF,"TUreality s.r.o.",apartment,"3-room apartment","partially renovated","okres Ružomberok",Ľubochňa,expensive,18.96,1666.53,1653.78,0.0077,1,2
Jui14FUG-ZO,"TUreality s.r.o.",apartment,"3-room apartment","partially renovated","okres Turčianske Teplice",Rakša,NULL,NULL,NULL,NULL,NULL,1,1
JuOrA9qwl7f,"TUreality s.r.o.",apartment,"3-room apartment","partially renovated","okres Turčianske Teplice",Stred,cheap,-16.60,NULL,1814.29,NULL,1,3
JueaMJQ3i3k,"TUreality s.r.o.",apartment,"3-room apartment","partially renovated","okres Tvrdošín",Medvedzie,average,-9.60,2149.10,2149.10,0.0000,1,1
JukJYQ0D3dC,"TUreality s.r.o.",apartment,"3-room apartment","partially renovated","okres Žilina",Čičmany,average,2.90,1318.92,1318.92,0.0000,1,1
JumTQJJZB7H,"TUreality s.r.o.",apartment,"3-room apartment","partially renovated","okres Žilina",Hájik,expensive,5.43,1929.03,2295.79,-0.1598,1,3
JuFNpzHutiG,"TUreality s.r.o.",apartment,"3-room apartment","partially renovated","okres Žilina",Hliny,expensive,11.48,2569.23,2420.34,0.0615,1,4
JuOLPMJrkFk,"TUreality s.r.o.",apartment,"3-room apartment","partially renovated","okres Žilina","Staré mesto",expensive,25.24,3376.34,2835.82,0.1906,1,5
JuauSxK_Grt,"TUreality s.r.o.",apartment,"3-room apartment",unrenovated,"okres Dolný Kubín","Veľký Bysterec",average,-4.14,2076.92,2057.42,0.0095,1,3
JubzWbhcDfO,"TUreality s.r.o.",apartment,"3-room apartment",unrenovated,"okres Turčianske Teplice",NULL,NULL,NULL,NULL,NULL,NULL,1,1
JuWE0lIaFPD,"TUreality s.r.o.",apartment,"3-room apartment",unrenovated,"okres Žilina",Hliny,expensive,11.48,3000.00,2365.40,0.2683,1,4
Ju1v-rz6S-g,"TUreality s.r.o.",apartment,"3-room apartment",unrenovated,"okres Žilina",Rajec,average,-11.29,2187.50,2017.80,0.0841,1,2
JuTJKH0pdjPh,"TUreality s.r.o.",apartment,"4-room apartment","fully renovated","okres Liptovský Mikuláš",NULL,NULL,NULL,1978.02,1911.63,0.0347,1,2
Jutms5kvMoG,"TUreality s.r.o.",apartment,"4-room apartment","fully renovated","okres Martin",Stred,expensive,19.38,2285.71,2389.04,-0.0433,1,3
JuhcvPxM513,"TUreality s.r.o.",apartment,"4-room apartment","fully renovated","okres Námestovo",NULL,NULL,NULL,2422.95,2422.95,0.0000,1,1
Ju2txZynSMnS,"TUreality s.r.o.",apartment,"4-room apartment","fully renovated","okres Námestovo",Brehy,expensive,34.91,2267.03,2267.03,0.0000,1,1
Juh069sIM8t,"TUreality s.r.o.",apartment,"4-room apartment","new construction","okres Žilina",Závodie,expensive,15.24,2386.97,2386.97,0.0000,1,1
JuDZ3hA20uQ,"TUreality s.r.o.",apartment,"4-room apartment","partially renovated","okres Dolný Kubín",Zázrivá,average,-13.12,1831.83,1831.83,0.0000,1,1
Ju-yDJSlQCf,"TUreality s.r.o.",apartment,"4-room apartment",unrenovated,"okres Žilina",Závodie,expensive,15.24,2844.04,2844.04,0.0000,1,2
JuM1C8fcu8K,"TUreality s.r.o.",house,"extra large house","fully renovated","okres Ružomberok",NULL,NULL,NULL,NULL,NULL,NULL,1,1
Ju4LWhuX-Wj,"TUreality s.r.o.",house,"extra large house","fully renovated","okres Ružomberok","Biely Potok","very cheap",-43.23,NULL,NULL,NULL,1,1
JunnoZAS6r4,"TUreality s.r.o.",house,"extra large house","fully renovated","okres Žilina",Šuja,"very cheap",-65.09,540.94,540.94,0.0000,1,1
JuIAC6P7EYu,"TUreality s.r.o.",house,"extra large house","new construction","okres Dolný Kubín",Párnica,average,-14.71,536.91,536.91,0.0000,1,1
JuRsx7ULgvE,"TUreality s.r.o.",house,"extra large house","new construction","okres Liptovský Mikuláš",Ižipovce,average,-12.34,512.87,512.87,0.0000,1,1
JuGIhhHbPqD,"TUreality s.r.o.",house,"extra large house","new construction","okres Turčianske Teplice","Malý Čepčín",cheap,-33.98,273.21,273.21,0.0000,1,1
JuD5IEP-_uU,"TUreality s.r.o.",house,"extra large house","new construction","okres Žilina","Lietavská Svinná-Babkov",average,1.75,405.22,405.22,0.0000,1,1
JumTdoXdYLm,"TUreality s.r.o.",house,"extra large house","new construction","okres Žilina",Svederník,expensive,24.98,609.71,609.71,0.0000,2,2
Ju0MEaj2qZ5,"TUreality s.r.o.",house,"extra large house","new construction","okres Žilina",Svederník,expensive,24.98,NULL,609.71,NULL,2,2
JuIUgSVHd_-,"TUreality s.r.o.",house,"extra large house","partially renovated","okres Dolný Kubín",Malatiná,"very cheap",-43.41,150.44,150.44,0.0000,1,1
JudHzue4NhQ,"TUreality s.r.o.",house,"extra large house","partially renovated","okres Dolný Kubín",Zázrivá,average,-13.12,470.20,470.20,0.0000,1,1
JutHib1B1xR,"TUreality s.r.o.",house,"extra large house","partially renovated","okres Kysucké Nové Mesto","Kysucký Lieskovec",average,-12.67,270.59,270.59,0.0000,1,1
JuKIg369MuS,"TUreality s.r.o.",house,"extra large house","partially renovated","okres Liptovský Mikuláš",Bukovina,expensive,7.28,68.42,68.42,0.0000,1,1
Ju9kLci6QHU,"TUreality s.r.o.",house,"extra large house","partially renovated","okres Liptovský Mikuláš","Liptovská Porúbka",cheap,-37.00,169.23,169.23,0.0000,1,1
JupBKdvb5-A,"TUreality s.r.o.",house,"extra large house","partially renovated","okres Liptovský Mikuláš","Liptovský Trnovec",expensive,19.86,311.00,439.25,-0.2920,3,4
JuHri8JYCPm,"TUreality s.r.o.",house,"extra large house","partially renovated","okres Liptovský Mikuláš","Liptovský Trnovec",expensive,19.86,503.37,439.25,0.1460,3,4
JuQQeemtPlQ,"TUreality s.r.o.",house,"extra large house","partially renovated","okres Liptovský Mikuláš","Liptovský Trnovec",expensive,19.86,503.37,439.25,0.1460,3,4
JuXXQno7cBY,"TUreality s.r.o.",house,"extra large house","partially renovated","okres Liptovský Mikuláš",Podtureň,premium,41.30,NULL,NULL,NULL,2,2
Ju5HL9HCWYK,"TUreality s.r.o.",house,"extra large house","partially renovated","okres Liptovský Mikuláš",Podtureň,premium,41.30,NULL,NULL,NULL,2,2
JureCrsruRg,"TUreality s.r.o.",house,"extra large house","partially renovated","okres Liptovský Mikuláš",Prekážka,average,-4.07,NULL,NULL,NULL,2,2
JuGDOocgqAc,"TUreality s.r.o.",house,"extra large house","partially renovated","okres Liptovský Mikuláš",Prekážka,average,-4.07,NULL,NULL,NULL,2,2
Ju00Y-txNcF,"TUreality s.r.o.",house,"extra large house","partially renovated","okres Liptovský Mikuláš",Pribylina,cheap,-31.70,264.01,264.01,0.0000,1,1
JuDwofoMvZp,"TUreality s.r.o.",house,"extra large house","partially renovated","okres Martin",Dražkovce,"very cheap",-56.68,399.00,399.00,0.0000,1,1
JunnDHXXyHF,"TUreality s.r.o.",house,"extra large house","partially renovated","okres Martin","Kolónia Hviezda","very cheap",-50.85,266.54,266.54,0.0000,1,1
Ju6zOlWlIEn,"TUreality s.r.o.",house,"extra large house","partially renovated","okres Námestovo",NULL,NULL,NULL,503.69,503.69,0.0000,1,1
JuTtMGChCvj,"TUreality s.r.o.",house,"extra large house","partially renovated","okres Ružomberok",Ivachnová,expensive,16.52,224.40,224.40,0.0000,1,2
JuUOF1Y8GRc,"TUreality s.r.o.",house,"extra large house","partially renovated","okres Ružomberok",Martinček,"very cheap",-77.65,306.25,306.25,0.0000,1,1
JunkMQWQbHn,"TUreality s.r.o.",house,"extra large house","partially renovated","okres Žilina",Bánová,average,-7.70,452.42,452.42,0.0000,1,1
JuzhCWgXTbr,"TUreality s.r.o.",house,"extra large house","partially renovated","okres Žilina",Gbeľany,premium,48.65,332.54,332.54,0.0000,1,1
JukV9h68kmJ,"TUreality s.r.o.",house,"extra large house","partially renovated","okres Žilina",Lietava,cheap,-29.52,271.90,271.90,0.0000,1,1
JuWoA-3_Vhw,"TUreality s.r.o.",house,"extra large house","partially renovated","okres Žilina",Mojš,average,0.39,235.00,235.00,0.0000,1,1
JunvCN2R0KwV,"TUreality s.r.o.",house,"extra large house",unrenovated,"okres Bytča",Hvozdnica,"very cheap",-57.38,141.21,141.21,0.0000,1,1
Jus9h_TYBDi,"TUreality s.r.o.",house,"extra large house",unrenovated,"okres Martin",Ľadoveň,average,-5.00,320.54,320.54,0.0000,1,1
JuX-ONSG7MW,"TUreality s.r.o.",house,"extra large house",unrenovated,"okres Ružomberok",NULL,NULL,NULL,NULL,NULL,NULL,1,1
Ju7tnCJHH6a,"TUreality s.r.o.",house,"extra large house",unrenovated,"okres Žilina","Lietavská Svinná-Babkov",average,1.75,757.83,757.83,0.0000,1,1
Ju68Dykgvdc,"TUreality s.r.o.",land,"extra large plot",NULL,"okres Žilina","Dolná Tižina",average,-3.52,0.03,0.03,0.0000,1,1
JuzY7TnxlPO,"TUreality s.r.o.",house,"large house","fully renovated","okres Martin",Bystrička,average,-4.82,NULL,1371.47,NULL,1,3
Ju6vaHOHcqi,"TUreality s.r.o.",house,"large house","fully renovated","okres Žilina",Belá,"very cheap",-42.68,888.16,888.16,0.0000,1,1
Juu2Y87Z-DK,"TUreality s.r.o.",house,"large house","partially renovated","okres Čadca",Skalité,cheap,-35.97,477.27,477.27,0.0000,1,1
JurZyKShYtB,"TUreality s.r.o.",house,"large house","partially renovated","okres Kysucké Nové Mesto","Horný Vadičov",average,-5.28,1204.17,1204.17,0.0000,1,1
JuQYvnGYftR,"TUreality s.r.o.",house,"large house","partially renovated","okres Martin",Stráne,average,-0.90,NULL,1396.00,NULL,1,4
Ju3g9Tmxsx0,"TUreality s.r.o.",house,"large house","partially renovated","okres Tvrdošín",NULL,NULL,NULL,691.63,691.63,0.0000,1,1
JuTM2PfA7TL,"TUreality s.r.o.",house,"large house","partially renovated","okres Žilina",Bitarová,expensive,9.02,1040.70,1040.70,0.0000,1,1
JutiSbVRe_4,"TUreality s.r.o.",house,"large house","partially renovated","okres Žilina",Bôrik,premium,61.54,1848.15,1848.15,0.0000,1,1
Juhkwp9VTaS,"TUreality s.r.o.",house,"large house","partially renovated","okres Žilina",Stránske,expensive,16.12,2415.79,2415.79,0.0000,1,1
JuddrVo_6K8,"TUreality s.r.o.",house,"large house",unrenovated,"okres Tvrdošín",Zábiedovo,cheap,-17.91,710.53,710.53,0.0000,1,1
JuhybejcNce,"TUreality s.r.o.",house,"large house",unrenovated,"okres Žilina","Staré mesto",expensive,25.24,4062.50,3211.25,0.2651,1,2
Ju6amfxFDHs,"TUreality s.r.o.",land,"large plot",NULL,"okres Bytča","Hlboké nad Váhom","very cheap",-44.93,25.44,25.17,0.0107,1,6
JuOx6alhDY_,"TUreality s.r.o.",land,"large plot",NULL,"okres Bytča",Štiavnik,average,-9.25,44.93,44.93,0.0000,1,1
JuX4O4UZ7BH_,"TUreality s.r.o.",land,"large plot",NULL,"okres Ružomberok",Ivachnová,expensive,16.52,NULL,98.97,NULL,1,2
Ju1tsUeFhRS,"TUreality s.r.o.",house,"medium house","fully renovated","okres Žilina",Rosina,expensive,26.83,1552.43,1552.67,-0.0002,1,2
JuLJB10v5yK,"TUreality s.r.o.",house,"medium house","fully renovated","okres Žilina",Trnové,premium,40.34,2500.00,2500.00,0.0000,1,1
JuSs3N5i3rL,"TUreality s.r.o.",house,"medium house","new construction","okres Liptovský Mikuláš",Benice,expensive,22.97,2599.91,2599.91,0.0000,1,1
JuViiwQVAc8,"TUreality s.r.o.",house,"medium house","new construction","okres Martin","Karvaša a Bláhovca",average,-11.99,NULL,NULL,NULL,1,1
JuHtgn-PdTN,"TUreality s.r.o.",house,"medium house","new construction","okres Martin","Turčianske Kľačany",expensive,11.48,NULL,2574.63,NULL,1,2
Ju08TjjVb3y,"TUreality s.r.o.",house,"medium house","new construction","okres Žilina",Mojš,average,0.39,4275.51,2646.91,0.6153,1,3
JudhN1eg-Z1,"TUreality s.r.o.",house,"medium house","partially renovated","okres Liptovský Mikuláš",Demänová,premium,36.87,1822.15,1822.15,0.0000,1,1
Jul8ny-uWFg,"TUreality s.r.o.",house,"medium house","partially renovated","okres Turčianske Teplice","Horná Štubňa",cheap,-30.38,856.43,856.43,0.0000,1,2
JuIGrD00dbC,"TUreality s.r.o.",house,"medium house","partially renovated","okres Žilina",Bytčica,expensive,18.76,1778.57,1778.57,0.0000,1,1
JuRB3GLBQlr,"TUreality s.r.o.",house,"medium house",unrenovated,"okres Žilina",Rajec,average,-11.29,2142.86,2142.86,0.0000,1,1
JuaNEutdar9,"TUreality s.r.o.",house,"medium house",unrenovated,"okres Žilina","Staré mesto",expensive,25.24,3453.61,3865.34,-0.1065,1,5
Ju8tqbpzEho,"TUreality s.r.o.",land,"medium plot",NULL,"okres Bytča",Štiavnik,average,-9.25,134.12,94.83,0.4143,2,3
JucXLuegzy5,"TUreality s.r.o.",land,"medium plot",NULL,"okres Bytča",Štiavnik,average,-9.25,61.42,94.83,-0.3523,2,3
JuwmLXW6GAr,"TUreality s.r.o.",land,"medium plot",NULL,"okres Liptovský Mikuláš","Liptovské Beharovce","very cheap",-55.88,NULL,NULL,NULL,1,1
JuzEmUFhicY,"TUreality s.r.o.",land,"medium plot",NULL,"okres Martin","Kolónia Hviezda","very cheap",-50.85,NULL,NULL,NULL,1,1
Juarq9_UTUn,"TUreality s.r.o.",land,"medium plot",NULL,"okres Námestovo",Ťapešovo,cheap,-16.17,89.81,89.81,0.0000,1,1
Jubn_BmVZq4,"TUreality s.r.o.",land,"medium plot",NULL,"okres Ružomberok","Liptovské Sliače",average,-7.12,61.86,96.22,-0.3571,1,4
JuVv2XDLd9H,"TUreality s.r.o.",land,"medium plot",NULL,"okres Žilina",Varín,average,-1.75,173.19,129.62,0.3361,1,4
Ju7H01GL5VL,"TUreality s.r.o.",house,"small house","new construction","okres Liptovský Mikuláš","Liptovský Ján",expensive,5.21,3628.57,3528.57,0.0283,2,2
Ju9jNRRDueP,"TUreality s.r.o.",house,"small house","new construction","okres Liptovský Mikuláš","Liptovský Ján",expensive,5.21,3428.57,3528.57,-0.0283,2,2
Ju3J0qgjHl5,"TUreality s.r.o.",house,"small house","new construction","okres Námestovo","Oravská Lesná",cheap,-20.20,3109.09,3109.09,0.0000,1,1
JudMigoHhfK,"TUreality s.r.o.",land,"small plot",NULL,"okres Liptovský Mikuláš","Liptovská Sielnica",average,-3.52,90.00,75.25,0.1960,1,5
JuY7QZv_rvd,"TUreality s.r.o.",land,"small plot",NULL,"okres Liptovský Mikuláš","Liptovský Trnovec",expensive,19.86,159.79,159.79,0.0000,1,1
Juw93jw-f31,"U9, a.s.",house,NULL,unrenovated,"okres Liptovský Mikuláš",Hybe,cheap,-34.94,NULL,NULL,NULL,2,2
Ju-h4ZgFDNR,"U9, a.s.",house,NULL,unrenovated,"okres Liptovský Mikuláš",Hybe,cheap,-34.94,NULL,NULL,NULL,2,2
Jue8D9Iu4Hk,"U9, a.s.",house,NULL,unrenovated,"okres Martin",Podháj,average,-5.66,NULL,NULL,NULL,1,1
Ju4LHbtx5iy,"U9, a.s.",house,"small house",unrenovated,"okres Martin","Kláštor pod Znievom",average,-12.27,714.29,714.29,0.0000,1,1
Juc7SyZSucw0,"United Professionals s.r.o.",apartment,"holiday apartment","new construction","okres Liptovský Mikuláš","Demänovská Dolina",premium,84.23,5972.22,5609.23,0.0647,1,40
JuYSlKjn22V2,Urbanista,land,"extra large plot",NULL,"okres Turčianske Teplice","Slovenské Pravno",cheap,-31.14,62.28,62.28,0.0000,1,1
JuX0rjtWptr,"VAŠA REALITKA s.r.o.",house,"extra large house","fully renovated","okres Ružomberok","Liptovská Lúžna","very cheap",-42.53,214.40,214.40,0.0000,1,1
JuhR8_uiRxX,"VAŠA REALITKA s.r.o.",house,"large house","partially renovated","okres Ružomberok",Komjatná,"very cheap",-58.34,428.57,755.95,-0.4331,1,2
JukPbMQp4vL,"VAŠA REALITKA s.r.o.",house,"small house","new construction","okres Ružomberok","Liptovské Sliače",average,-7.12,1998.18,2044.55,-0.0227,1,2
JuYDxLuRjG3,"VAŠE REALITY s.r.o.",house,"extra large house","fully renovated","okres Martin",Trebostovo,cheap,-34.25,1280.49,1180.20,0.0850,1,2
JuGbXL5nuWt,"VAŠE REALITY s.r.o.",house,"large house","new construction","okres Čadca",Oščadnica,cheap,-22.04,2239.06,2041.41,0.0968,1,3
JubfQKHfr_c,"Vianema s.r.o.",apartment,"1-room apartment","fully renovated","okres Martin",Valča,cheap,-16.01,3169.57,3169.57,0.0000,1,1
Juh8S_7FwJj,"Vianema s.r.o.",apartment,"1-room apartment",unrenovated,"okres Tvrdošín",Medvedzie,average,-9.60,2233.83,2233.83,0.0000,1,1
JucOec67NRR,"Vianema s.r.o.",apartment,"1-room apartment",unrenovated,"okres Tvrdošín",Nižná,cheap,-23.39,3030.30,3030.30,0.0000,1,1
Ju5nlrwa9YA,"Vianema s.r.o.",apartment,"3-room apartment","fully renovated","okres Čadca",Centrum,cheap,-15.46,1367.65,1582.48,-0.1358,1,2
JuzzHVLtL7p,"Vianema s.r.o.",apartment,"3-room apartment","fully renovated","okres Tvrdošín",Medvedzie,average,-9.60,2246.36,2216.04,0.0137,1,2
Jue47kLBSm8,"Vianema s.r.o.",apartment,"3-room apartment","new construction","okres Čadca",Centrum,cheap,-15.46,1430.69,1430.69,0.0000,1,1
JuxTgYg_YqW,"Vianema s.r.o.",house,"extra large house","partially renovated","okres Čadca",Horelica,cheap,-25.19,405.40,405.40,0.0000,1,1
JupHBupprCN,"Vianema s.r.o.",land,"extra large plot",NULL,"okres Bytča","Veľké Rovné",average,-9.95,30.27,42.64,-0.2901,1,2
JuWZZxteQ48,"Vianema s.r.o.",house,"large house","fully renovated","okres Čadca",NULL,NULL,NULL,1379.31,1379.31,0.0000,1,1
JuI2CpNT1P5,"Vianema s.r.o.",house,"large house","fully renovated","okres Žilina",Varín,average,-1.75,1815.26,1815.26,0.0000,1,1
JuLeQIMuEoJ,"Vianema s.r.o.",land,"large plot",NULL,"okres Turčianske Teplice",Mošovce,cheap,-29.71,61.99,53.59,0.1567,1,2
JuWd2pCrRH_,"Vianema s.r.o.",house,"medium house","fully renovated","okres Čadca",Makov,"very cheap",-43.27,2606.21,2606.21,0.0000,1,2
Jugx_wMlZ3E,"Vianema s.r.o.",house,"medium house","new construction","okres Kysucké Nové Mesto",Rudinská,cheap,-24.39,2526.31,2526.31,0.0000,1,1
JumPsboVI0c,"Vianema s.r.o.",house,"medium house","partially renovated","okres Kysucké Nové Mesto","Horný Vadičov",average,-5.28,2792.36,2792.36,0.0000,1,1
JuQnmh9T2iX,"Vianema s.r.o.",house,"medium house",unrenovated,"okres Čadca","Dlhá nad Kysucou","very cheap",-42.11,378.02,378.02,0.0000,1,1
Ju4W-q9O29Z,"Vianema s.r.o.",land,"medium plot",NULL,"okres Bytča",Predmier,cheap,-37.44,75.00,78.25,-0.0415,1,2
Juq8C9WZ_ld,"Vianema s.r.o.",house,"small house","new construction","okres Martin",Stráne,average,-0.90,4499.98,4499.98,0.0000,1,1
JuNkZt-5-PV,"Vianema s.r.o.",house,"small house","partially renovated","okres Martin",Stred,expensive,19.38,2139.72,2139.72,0.0000,1,1
JuXLA7wyDLl,"Vianema s.r.o.",land,"small plot",NULL,"okres Žilina",Čičmany,average,2.90,143.38,143.38,0.0000,1,1
Juk8YxA4P9Q,"VICTORY REALITY Residence s. r. o.",house,"medium house","partially renovated","okres Tvrdošín",Zábiedovo,cheap,-17.91,1351.56,1351.56,0.0000,1,1
Jus9K8u_7WI,"VICTORY REALITY Residence s. r. o.",house,"medium house",unrenovated,"okres Námestovo",Vavrečka,premium,46.31,1500.00,1500.00,0.0000,1,1
Jus2h_zTLaE,"Vivid House s. r. o.",land,"large plot",NULL,"okres Liptovský Mikuláš","Svätý Kríž",expensive,11.02,44.22,44.22,0.0000,1,2
JuSu12c9sEn,"Wealth Group, s.r.o.",land,NULL,NULL,"okres Žilina",Kľače,cheap,-28.52,NULL,85.00,NULL,1,2
JuZODJoLhj5,"Wealth Group, s.r.o.",house,NULL,"partially renovated","okres Čadca",Raková,cheap,-22.06,NULL,NULL,NULL,2,2
JujihkczWnc,"Wealth Group, s.r.o.",house,NULL,"partially renovated","okres Čadca",Raková,cheap,-22.06,NULL,NULL,NULL,2,2
JuTbyPBzXmh,"Wealth Group, s.r.o.",house,NULL,unrenovated,"okres Čadca","Zborov nad Bystricou","very cheap",-48.56,NULL,NULL,NULL,1,1
Ju1eGXbZzUb,"Wealth Group, s.r.o.",apartment,"3-room apartment",unrenovated,"okres Žilina",Vlčince,premium,39.03,2498.33,2566.06,-0.0264,1,4
JujV2EHmiVM,"Wealth Group, s.r.o.",house,"large house","fully renovated","okres Žilina",Bánová,average,-7.70,0.01,1192.55,-1.0000,1,3
JuZIWdD4tzb,"Wealth Group, s.r.o.",house,"large house","new construction","okres Martin",Valča,cheap,-16.01,1095.00,1201.00,-0.0883,4,7
JulXcIcccXx,"Wealth Group, s.r.o.",house,"large house","new construction","okres Martin",Valča,cheap,-16.01,1095.00,1201.00,-0.0883,4,7
Ju9Oh18pKW-,"Wealth Group, s.r.o.",house,"large house","new construction","okres Martin",Valča,cheap,-16.01,1095.00,1201.00,-0.0883,4,7
JuXgUKUYl2D,"Wealth Group, s.r.o.",house,"large house","new construction","okres Martin",Valča,cheap,-16.01,1095.00,1201.00,-0.0883,4,7
JuOH45yXH5x,"Wealth Group, s.r.o.",house,"large house","partially renovated","okres Žilina",Rajec,average,-11.29,1243.75,1066.32,0.1664,1,5
JuGJrcpb-9J,"Wealth Group, s.r.o.",house,"small house",unrenovated,"okres Čadca",Stred,average,-13.67,2000.00,2000.00,0.0000,1,1
Ju8MQ6z2y19,"WFG reality, s.r.o.",apartment,"1-room apartment","new construction","okres Žilina","Staré mesto",expensive,25.24,3997.37,4092.06,-0.0231,13,14
JuktNGvsiwv,"WFG reality, s.r.o.",apartment,"1-room apartment","new construction","okres Žilina","Staré mesto",expensive,25.24,4128.95,4092.06,0.0090,13,14
JunSqXxyUya,"WFG reality, s.r.o.",apartment,"1-room apartment","new construction","okres Žilina","Staré mesto",expensive,25.24,4148.48,4092.06,0.0138,13,14
JuFDFkP8ndy,"WFG reality, s.r.o.",apartment,"1-room apartment","new construction","okres Žilina","Staré mesto",expensive,25.24,4023.68,4092.06,-0.0167,13,14
Ju3o-SF0dKF,"WFG reality, s.r.o.",apartment,"1-room apartment","new construction","okres Žilina","Staré mesto",expensive,25.24,3971.05,4092.06,-0.0296,13,14
Ju7ymmOZXTG,"WFG reality, s.r.o.",apartment,"1-room apartment","new construction","okres Žilina","Staré mesto",expensive,25.24,4105.41,4092.06,0.0033,13,14
Jug2x-YuHAi,"WFG reality, s.r.o.",apartment,"1-room apartment","new construction","okres Žilina","Staré mesto",expensive,25.24,4148.48,4092.06,0.0138,13,14
Jum788VaVl8,"WFG reality, s.r.o.",apartment,"1-room apartment","new construction","okres Žilina","Staré mesto",expensive,25.24,4148.48,4092.06,0.0138,13,14
Ju0lQAOkvtE,"WFG reality, s.r.o.",apartment,"1-room apartment","new construction","okres Žilina","Staré mesto",expensive,25.24,4023.68,4092.06,-0.0167,13,14
JufchRWgj96,"WFG reality, s.r.o.",apartment,"1-room apartment","new construction","okres Žilina","Staré mesto",expensive,25.24,4023.08,4092.06,-0.0169,13,14
JuaeBjYnlrd,"WFG reality, s.r.o.",apartment,"1-room apartment","new construction","okres Žilina","Staré mesto",expensive,25.24,4108.33,4092.06,0.0040,13,14
JuuQTLwI4_c,"WFG reality, s.r.o.",apartment,"1-room apartment","new construction","okres Žilina","Staré mesto",expensive,25.24,4105.41,4092.06,0.0033,13,14
JuSh4rLdnzP,"WFG reality, s.r.o.",apartment,"1-room apartment","new construction","okres Žilina","Staré mesto",expensive,25.24,3997.37,4092.06,-0.0231,13,14
Ju7UFzA6VtL,"WFG reality, s.r.o.",apartment,"2-room apartment","new construction","okres Žilina","Staré mesto",expensive,25.24,3903.77,3751.47,0.0406,4,8
JuuOQAIf3eQ,"WFG reality, s.r.o.",apartment,"2-room apartment","new construction","okres Žilina","Staré mesto",expensive,25.24,3398.44,3751.47,-0.0941,4,8
Ju6-B7-KyuQ,"WFG reality, s.r.o.",apartment,"2-room apartment","new construction","okres Žilina","Staré mesto",expensive,25.24,3793.18,3751.47,0.0111,4,8
JuEK28Decyb,"WFG reality, s.r.o.",apartment,"2-room apartment","new construction","okres Žilina","Staré mesto",expensive,25.24,3793.18,3751.47,0.0111,4,8
JuQvJ7BykSU,"WFG reality, s.r.o.",apartment,"2-room apartment",unrenovated,"okres Martin",Sever,average,-7.71,2222.00,1981.35,0.1215,1,3
JuGV5aus1Gq,"WFG reality, s.r.o.",apartment,"3-room apartment",unrenovated,"okres Kysucké Nové Mesto",Kamence,average,-3.70,1943.06,2170.25,-0.1047,1,2
JupURRP8axF,"WFG reality, s.r.o.",apartment,"4-room apartment","new construction","okres Žilina","Staré mesto",expensive,25.24,3323.81,3508.33,-0.0526,1,7
JuGmzsgn_AA,"WFG reality, s.r.o.",house,"extra large house",unrenovated,"okres Kysucké Nové Mesto",Oškerda,average,-2.65,998.00,998.00,0.0000,1,1
JuNaGXxLOzZ,"WFG reality, s.r.o.",land,"extra large plot",NULL,"okres Kysucké Nové Mesto",Snežnica,average,3.88,9.00,9.00,0.0000,1,2
JuZeXFkM1A9,"WFG reality, s.r.o.",house,"large house",unrenovated,"okres Čadca","Dlhá nad Kysucou","very cheap",-42.11,600.00,579.41,0.0355,2,2
JuZoVvDAQMx,"WFG reality, s.r.o.",house,"large house",unrenovated,"okres Čadca","Dlhá nad Kysucou","very cheap",-42.11,558.82,579.41,-0.0355,2,2
JuqQL7cMBce,"WFG reality, s.r.o.",house,"large house",unrenovated,"okres Žilina",Bôrik,premium,61.54,2843.75,2234.38,0.2727,1,3
JunMP_jTjvX,"WFG reality, s.r.o.",land,"large plot",NULL,"okres Kysucké Nové Mesto",Rudina,premium,40.65,89.21,79.05,0.1285,1,3
JuvqrgrxLUT,"WFG reality, s.r.o.",land,"large plot",NULL,"okres Kysucké Nové Mesto",Snežnica,average,3.88,26.00,26.00,0.0000,1,1
JuWJNL9j7v1,"WFG reality, s.r.o.",land,"large plot",NULL,"okres Liptovský Mikuláš",Trstené,premium,58.56,104.32,104.32,0.0000,1,1
Juvu6M7-uvD,"WFG reality, s.r.o.",land,"large plot",NULL,"okres Žilina",Budatín,premium,51.29,140.00,140.00,0.0000,1,1
Ju6BOs5U974,"WFG reality, s.r.o.",land,"large plot",NULL,"okres Žilina","Kotrčiná Lúčka",cheap,-18.94,81.48,65.56,0.2428,1,3
JuhJeiPLlID,"WFG reality, s.r.o.",land,"large plot",NULL,"okres Žilina",Trnové,premium,40.34,185.00,185.00,0.0000,1,1
JuIyY_wrQVH,"WFG reality, s.r.o.",house,"medium house","new construction","okres Bytča","Veľká Bytča",expensive,8.56,3913.58,3913.58,0.0000,1,1
Junzbld49fm,"WFG reality, s.r.o.",house,"medium house","new construction","okres Žilina",Rosina,expensive,26.83,4239.13,3597.86,0.1782,1,3
JuqStupTj78,"WFG reality, s.r.o.",house,"medium house","partially renovated","okres Žilina","Staré mesto",expensive,25.24,1351.35,1351.35,0.0000,1,1
Jui_ZoBED_0,"WFG reality, s.r.o.",house,"medium house","partially renovated","okres Žilina",Višňové,expensive,22.64,1330.00,1330.00,0.0000,1,1
JutFw8pKjMj,"WFG reality, s.r.o.",house,"medium house",unrenovated,"okres Kysucké Nové Mesto",Lodno,"very cheap",-60.01,537.69,537.69,0.0000,1,1
JusG-CBmKRn,"WFG reality, s.r.o.",house,"medium house",unrenovated,"okres Liptovský Mikuláš",Trstené,premium,58.56,2203.88,2203.88,0.0000,1,1
Ju4_CW18xww,"WFG reality, s.r.o.",house,"medium house",unrenovated,"okres Žilina","Paština Závada",average,-9.02,932.67,932.67,0.0000,1,1
JuoL9EBWGdw,"WFG reality, s.r.o.",house,"medium house",unrenovated,"okres Žilina",Podhorie,expensive,19.77,1189.29,1189.29,0.0000,1,1
Ju_fVXnqYH3,"WFG reality, s.r.o.",land,"medium plot",NULL,"okres Čadca","Dlhá nad Kysucou","very cheap",-42.11,38.17,38.17,0.0000,1,1
JuCmj-PgWTq,"WFG reality, s.r.o.",land,"medium plot",NULL,"okres Čadca",Dunajov,"very cheap",-61.54,26.81,37.95,-0.2935,1,3
JuPJNYaejL9,"WFG reality, s.r.o.",land,"medium plot",NULL,"okres Čadca","U Hluška",expensive,17.18,120.00,120.00,0.0000,1,1
JuL1tbUXhpj,"WFG reality, s.r.o.",land,"medium plot",NULL,"okres Kysucké Nové Mesto",Lodno,"very cheap",-60.01,28.12,28.12,0.0000,1,1
JuwL0eI__3n8,"WFG reality, s.r.o.",land,"medium plot",NULL,"okres Kysucké Nové Mesto",Rudina,premium,40.65,115.62,115.62,0.0000,1,1
JuEGNHbH38e,"WFG reality, s.r.o.",land,"medium plot",NULL,"okres Žilina",Budatín,premium,51.29,120.90,280.98,-0.5697,2,10
JuB6HhfZSPN,"WFG reality, s.r.o.",land,"medium plot",NULL,"okres Žilina",Budatín,premium,51.29,189.80,280.98,-0.3245,2,10
Ju4f4j-Yy0S,"WFG reality, s.r.o.",land,"medium plot",NULL,"okres Žilina",Trnové,premium,40.34,200.00,145.13,0.3781,1,7
Jul4sW3x805,"WFG reality, s.r.o.",apartment,"other apartment type",unrenovated,"okres Žilina","Staré mesto",expensive,25.24,726.74,726.74,0.0000,1,1
JuvJClErKby,"WFG reality, s.r.o.",house,"small house",unrenovated,"okres Kysucké Nové Mesto",Rudina,premium,40.65,1998.67,1998.67,0.0000,1,1
JuG7n8qbXvU,"WFG reality, s.r.o.",land,"small plot",NULL,"okres Žilina",Trnové,premium,40.34,281.82,296.78,-0.0504,1,6
JulC2goTuDK,"WFG reality, s.r.o.",land,"small plot",NULL,"okres Žilina",Vlčince,premium,39.03,480.77,480.77,0.0000,1,1
Ju7Ywnw6_Bk,"WFG reality, s.r.o.",land,"small plot",NULL,"okres Žilina",Zbyňov,expensive,20.98,65.00,99.78,-0.3486,2,3
Jus3WMnENIj,"WFG reality, s.r.o.",land,"small plot",NULL,"okres Žilina",Zbyňov,expensive,20.98,65.00,99.78,-0.3486,2,3
JutBfeFBhgA,"Winners Reality Slovakia, s.r.o.",house,"extra large house","fully renovated","okres Dolný Kubín",Osádka,cheap,-29.64,529.38,529.38,0.0000,1,1
Ju1OJ87gVSa,"X-REAL, s. r. o.",land,NULL,NULL,"okres Žilina",Bitarová,expensive,9.02,NULL,NULL,NULL,1,1
Ju8oUNOWXin,"X-REAL, s. r. o.",house,"large house",unrenovated,"okres Žilina",Svederník,expensive,24.98,1555.56,1258.52,0.2360,1,2
JumDim2HAtJ,"X-REAL, s. r. o.",land,"medium plot",NULL,"okres Žilina",Budatín,premium,51.29,189.80,280.98,-0.3245,1,10
JuOwj2nckB1,"X-REAL, s. r. o.",land,"small plot",NULL,"okres Žilina",Rosina,expensive,26.83,183.67,183.67,0.0000,1,1
JurI-U1p2qQ,"XEMAR realitná spoločnosť s.r.o.",apartment,"1-room apartment","fully renovated","okres Liptovský Mikuláš","Staré mesto",average,1.93,1638.73,2357.47,-0.3049,2,4
JulUy_Gy-T7,"XEMAR realitná spoločnosť s.r.o.",apartment,"1-room apartment","fully renovated","okres Liptovský Mikuláš","Staré mesto",average,1.93,2284.76,2357.47,-0.0308,2,4
Ju_1ltAlD0n,"XEMAR realitná spoločnosť s.r.o.",apartment,"1-room apartment","new construction","okres Ružomberok",Bešeňová,expensive,16.40,3695.37,3691.74,0.0010,1,2
JuA6AvNGWkt,"XEMAR realitná spoločnosť s.r.o.",apartment,"2-room apartment","fully renovated","okres Liptovský Mikuláš","Staré mesto",average,1.93,2222.42,2172.50,0.0230,1,9
Ju46o5YnbQR,"XEMAR realitná spoločnosť s.r.o.",apartment,"2-room apartment","new construction","okres Ružomberok",Bešeňová,expensive,16.40,2879.78,2879.78,0.0000,1,1
JuHPdbSyfw3,"XEMAR realitná spoločnosť s.r.o.",land,"extra large plot",NULL,"okres Turčianske Teplice",Turček,cheap,-37.71,19.00,19.00,0.0000,1,1
Jux3XqE2ppP,"XEMAR realitná spoločnosť s.r.o.",apartment,"holiday apartment","new construction","okres Liptovský Mikuláš","Demänovská Dolina",premium,84.23,6910.14,5609.23,0.2319,1,40
JuUDQggiASV,"XEMAR realitná spoločnosť s.r.o.",house,"medium house","new construction","okres Turčianske Teplice",Turček,cheap,-37.71,1536.00,1536.00,0.0000,1,1
Jusa__2WO0Z,"XEMAR realitná spoločnosť s.r.o.",house,"medium house","partially renovated","okres Ružomberok","Liptovské Revúce","very cheap",-42.77,1643.56,1643.56,0.0000,1,1
JueuBN1Nu8x,"XEMAR realitná spoločnosť s.r.o.",land,"medium plot",NULL,"okres Ružomberok","Liptovská Osada",expensive,15.83,116.28,113.92,0.0207,1,2
JuZWfK8jXMU,"YFE, s.r.o.",apartment,"2-room apartment","fully renovated","okres Liptovský Mikuláš","Vrbica - Nábrežie",average,1.84,2208.03,2879.10,-0.2331,1,4
JuyVW5GYHzb,"YFE, s.r.o.",house,"medium house","development project","okres Žilina",Lysica,cheap,-22.24,1909.00,1909.00,0.0000,1,1
Juo_LCQm7Zx,"YFE, s.r.o.",land,"medium plot",NULL,"okres Žilina",Svederník,expensive,24.98,127.19,127.19,0.0000,1,1
JujNQV7OCek,"YFE, s.r.o.",land,"small plot",NULL,"okres Žilina",Lysica,cheap,-22.24,45.00,45.00,0.0000,1,1
JuCUhlSV9_h,"YNI reality",apartment,"4-room apartment","partially renovated","okres Martin",Záturčie,average,-12.61,1777.67,1777.67,0.0000,1,1
Jus8h9w72dE,"YNI reality",house,"extra large house",unrenovated,"okres Turčianske Teplice",Mošovce,cheap,-29.71,NULL,NULL,NULL,1,1
JuTmTC_fKnC,"YNI reality",apartment,"holiday apartment","new construction","okres Dolný Kubín","Kubínska hoľa",premium,40.40,NULL,NULL,NULL,1,1
Ju6vI9Ongqb,"YNI reality",house,"large house","partially renovated","okres Čadca",Klokočov,"very cheap",-42.36,NULL,564.31,NULL,1,3
JuF46fUq-Yw,"YNI reality",house,"medium house",unrenovated,"okres Martin",Blatnica,average,-2.80,NULL,NULL,NULL,1,1
Ju_3Vu8GkBj,"YNI reality",land,"medium plot",NULL,"okres Žilina",Brodno,average,-14.41,NULL,NULL,NULL,1,1
Ju9bTv_8--p,"ZAJO Reality, s.r.o.",land,"medium plot",NULL,"okres Námestovo","Oravská Lesná",cheap,-20.20,59.46,56.06,0.0606,1,2
JudyIRiA8kq,ZEIRA,apartment,"holiday apartment","new construction","okres Liptovský Mikuláš","Demänovská Dolina",premium,84.23,6730.77,5609.23,0.1999,1,40
Ju6jOmyHOzk,"ŽILINAREAL, s.r.o.",land,NULL,NULL,"okres Žilina",Krasňany,expensive,28.02,165.00,165.00,0.0000,1,1
JuT8DWNBWjF,"ŽILINAREAL, s.r.o.",house,NULL,unrenovated,"okres Žilina","Malá Praha",premium,74.15,NULL,NULL,NULL,1,1
JuPDRHaKHGy,"ŽILINAREAL, s.r.o.",apartment,"2-room apartment","fully renovated","okres Žilina",Hliny,expensive,11.48,2830.51,2889.58,-0.0204,1,3
JuemfCeEc7H,"ŽILINAREAL, s.r.o.",apartment,"2-room apartment","fully renovated","okres Žilina","Rajecké Teplice",expensive,5.08,3275.98,3275.98,0.0000,1,1
JulzEF1iR1R,"ŽILINAREAL, s.r.o.",apartment,"2-room apartment","fully renovated","okres Žilina","Staré mesto",expensive,25.24,2234.96,2789.29,-0.1987,2,15
JukTLg0JPLo,"ŽILINAREAL, s.r.o.",apartment,"2-room apartment","fully renovated","okres Žilina","Staré mesto",expensive,25.24,2613.33,2789.29,-0.0631,2,15
JuAxXn7nLOP,"ŽILINAREAL, s.r.o.",apartment,"2-room apartment","new construction","okres Žilina",Bôrik,premium,61.54,1240.83,3397.18,-0.6347,1,4
JuOC5yzde-c,"ŽILINAREAL, s.r.o.",apartment,"2-room apartment","new construction","okres Žilina","Rajecké Teplice",expensive,5.08,3267.24,3298.33,-0.0094,2,5
JuNZupA7Ru4,"ŽILINAREAL, s.r.o.",apartment,"2-room apartment","new construction","okres Žilina","Rajecké Teplice",expensive,5.08,3082.34,3298.33,-0.0655,2,5
Jujveqa78vA,"ŽILINAREAL, s.r.o.",apartment,"3-room apartment","fully renovated","okres Žilina","Staré mesto",expensive,25.24,2410.26,2757.62,-0.1260,1,9
JuVooxZWg4s,"ŽILINAREAL, s.r.o.",apartment,"4-room apartment",unrenovated,"okres Žilina","Staré mesto",expensive,25.24,2031.25,1740.95,0.1667,1,4
Ju85rN2RkNp,"ŽILINAREAL, s.r.o.",house,"extra large house","partially renovated","okres Žilina",Bôrik,premium,61.54,1531.25,1531.25,0.0000,1,1
JucTCCPlXaR,"ŽILINAREAL, s.r.o.",land,"extra large plot",NULL,"okres Martin",NULL,NULL,NULL,60.00,63.33,-0.0526,1,3
Ju6FhwnbvkK,"ŽILINAREAL, s.r.o.",land,"extra large plot",NULL,"okres Martin",Tomčany,expensive,6.77,60.00,58.70,0.0221,1,3
JubVNOBehQJp,"ŽILINAREAL, s.r.o.",house,"large house","fully renovated","okres Turčianske Teplice","Horná Štubňa",cheap,-30.38,NULL,NULL,NULL,1,1
JuX-Od8Y1qK,"ŽILINAREAL, s.r.o.",house,"large house","fully renovated","okres Žilina","Malá Praha",premium,74.15,1596.70,1596.35,0.0002,1,2
JuTPpgXbJM9,"ŽILINAREAL, s.r.o.",house,"large house","fully renovated","okres Žilina",Višňové,expensive,22.64,2228.92,2918.42,-0.2363,1,2
JurXt03mBLY,"ŽILINAREAL, s.r.o.",house,"large house","new construction","okres Žilina",Bitarová,expensive,9.02,1870.31,1898.29,-0.0147,2,3
Ju3B-41JURa,"ŽILINAREAL, s.r.o.",house,"large house","new construction","okres Žilina",Bitarová,expensive,9.02,1870.31,1898.29,-0.0147,2,3
Juoz04a647Q,"ŽILINAREAL, s.r.o.",house,"large house","partially renovated","okres Žilina",Budatín,premium,51.29,1625.00,1435.00,0.1324,2,3
JudW0vCLa-q,"ŽILINAREAL, s.r.o.",house,"large house","partially renovated","okres Žilina",Budatín,premium,51.29,NULL,1435.00,NULL,2,3
Ju5eolzpNXf,"ŽILINAREAL, s.r.o.",land,"large plot",NULL,"okres Bytča","Hlboké nad Váhom","very cheap",-44.93,33.00,25.17,0.3111,1,6
Jup9VNie0hE,"ŽILINAREAL, s.r.o.",land,"large plot",NULL,"okres Čadca",Dunajov,"very cheap",-61.54,43.29,43.29,0.0000,1,1
JuhsDIhlQ5j,"ŽILINAREAL, s.r.o.",land,"large plot",NULL,"okres Žilina",Bitarová,expensive,9.02,NULL,107.88,NULL,1,4
JuvemPDdxob,"ŽILINAREAL, s.r.o.",house,"medium house","new construction","okres Kysucké Nové Mesto","Budatínska Lehota",expensive,13.88,2420.17,2420.17,0.0000,1,1
JucVvBL8mQZ,"ŽILINAREAL, s.r.o.",house,"medium house","new construction","okres Žilina",Brezany,expensive,30.74,2726.19,2557.74,0.0659,1,2
Ju6dKyzXet6,"ŽILINAREAL, s.r.o.",house,"medium house","new construction","okres Žilina",Strážov,average,2.47,2053.44,2199.15,-0.0663,1,4
JufUCJs2WIN,"ŽILINAREAL, s.r.o.",house,"medium house","partially renovated","okres Martin","Košťany nad Turcom",average,-8.30,1741.67,1741.67,0.0000,1,1
JuzPTiI9dEx,"ŽILINAREAL, s.r.o.",house,"medium house",unrenovated,"okres Žilina","Staré mesto",expensive,25.24,5909.09,3865.34,0.5287,1,5
JuRn13yIVnF,"ŽILINAREAL, s.r.o.",land,"medium plot",NULL,"okres Čadca",Dunajov,"very cheap",-61.54,39.11,37.95,0.0306,1,3
JuUCvHHqEXR,"ŽILINAREAL, s.r.o.",land,"medium plot",NULL,"okres Žilina",Krasňany,expensive,28.02,160.00,186.89,-0.1439,1,4
JufCqQz59Ij,"ŽILINAREAL, s.r.o.",land,"medium plot",NULL,"okres Žilina",Kunerad,expensive,8.95,114.11,125.10,-0.0878,1,3
JuflONHQOiV,"ZRUBY RAJEC, s.r.o.",land,"medium plot",NULL,"okres Dolný Kubín","Vyšný Kubín",premium,37.15,NULL,140.07,NULL,1,5
