agency,segment,avg_price_index,listings_count,tot_segment_listings,agency_share
"TUreality s.r.o.","1-room apartment",0.07508207840000,6,43,0.1395
"BeMi realitná kancelária","1-room apartment",0.04991054120000,4,43,0.0930
"TARGETreal s. r. o.","1-room apartment",-0.02287310470000,3,43,0.0698
"OREA, s.r.o.","1-room apartment",-0.00098463190000,3,43,0.0698
"XEMAR realitná spoločnosť s.r.o.","1-room apartment",-0.11157906860000,3,43,0.0698
"1. Reality Rent, s.r.o.","1-room apartment",-0.01286700430000,2,43,0.0465
"KA Real","1-room apartment",0.16786091885000,2,43,0.0465
"Like Reality s.r.o.","1-room apartment",-0.07508207840000,2,43,0.0465
"OVERENÉ REALITY","1-room apartment",0.04448712400000,2,43,0.0465
"RESIDENCE realitná kancelária","1-room apartment",0.21494415000000,2,43,0.0465
"Financial Hotels Management, s.r.o.","1-room apartment",0.06525526940000,1,43,0.0233
"Reality Alpia","1-room apartment",0.04242554420000,1,43,0.0233
"MG real, s.r.o.","1-room apartment",-0.01143404300000,1,43,0.0233
"Renovo Reality","1-room apartment",-0.03704353650000,1,43,0.0233
"CANGURU s.r.o.","1-room apartment",0.07528366860000,1,43,0.0233
"Eli real realitná kancelária","1-room apartment",-0.05241056390000,1,43,0.0233
"TRI LIPY, s. r. o.","1-room apartment",0.01143404300000,1,43,0.0233
"Realitná kancelária","1-room apartment",-0.04242554420000,1,43,0.0233
G-REAL,"1-room apartment",-0.21494415000000,1,43,0.0233
"ARCHEUS Partners a.s.","1-room apartment",-0.04448712400000,1,43,0.0233
donidDevelop,"1-room apartment",0.02581900940000,1,43,0.0233
Limaxreal,"1-room apartment",-0.02581900940000,1,43,0.0233
"TATRA CITY RESIDENCE s. r. o.","1-room apartment",0.18488203060000,1,43,0.0233
"AstonReal s.r.o.","1-room apartment",-0.18488203060000,1,43,0.0233
"Realitná kancelária RED, s.r.o.","2-room apartment",0.03012297850000,18,254,0.0709
"Realitné kancelárie SR","2-room apartment",-0.05800377430000,11,254,0.0433
"TUreality s.r.o.","2-room apartment",-0.01373030610000,11,254,0.0433
"RE/MAX Slovakia","2-room apartment",0.03112224768889,11,254,0.0433
"RESIDENCE realitná kancelária","2-room apartment",-0.00106950692857,9,254,0.0354
"AstonReal s.r.o.","2-room apartment",0.00860118668333,9,254,0.0354
"ODEKO manažment s.r.o.","2-room apartment",-0.02258477956667,9,254,0.0354
"Reality Alpia","2-room apartment",-0.00036295010000,8,254,0.0315
"B10 Slovensko, a. s.","2-room apartment",0.10221410245000,8,254,0.0315
G-REAL,"2-room apartment",-0.00581454376667,8,254,0.0315
"ŽILINAREAL, s.r.o.","2-room apartment",-0.16531979936667,7,254,0.0276
"NajBývanie, s.r.o.","2-room apartment",-0.02665241245000,7,254,0.0276
"HALO reality, s.r.o.","2-room apartment",-0.05646713573333,7,254,0.0276
"Realitná kancelária","2-room apartment",-0.02332195655000,7,254,0.0276
"FINREA - ak vám záleží na výsledku","2-room apartment",0.10788822615000,6,254,0.0236
"MGM reality","2-room apartment",-0.07674048550000,6,254,0.0236
"HD reality group s.r.o","2-room apartment",-0.06318465227500,6,254,0.0236
"WFG reality, s.r.o.","2-room apartment",0.01803823010000,5,254,0.0197
"TARGETreal s. r. o.","2-room apartment",-0.11010353726667,5,254,0.0197
"Direct Real, spol. s r.o.","2-room apartment",0.09160080670000,5,254,0.0197
"BeMi realitná kancelária","2-room apartment",-0.00101622730000,5,254,0.0197
"Reality AK, spol. s r.o.","2-room apartment",-0.09076807880000,4,254,0.0157
"OREA, s.r.o.","2-room apartment",0.11773513880000,4,254,0.0157
"Safe reality s. r. o.","2-room apartment",-0.00736447440000,4,254,0.0157
"Reality Center, s.r.o.","2-room apartment",0.14209842220000,4,254,0.0157
"OVERENÉ REALITY","2-room apartment",0.04034912210000,4,254,0.0157
"ROMDOM, s. r. o","2-room apartment",-0.03132995283333,3,254,0.0118
"RIEŠIME BÝVANIE","2-room apartment",-0.01028505660000,3,254,0.0118
"Buby reality, s.r.o.","2-room apartment",0.02021433663333,3,254,0.0118
"1. Reality Rent, s.r.o.","2-room apartment",-0.02741392830000,3,254,0.0118
"STAREA, s. r. o.","2-room apartment",-0.11451858583333,3,254,0.0118
"Bosen Group s.r.o.","2-room apartment",0.22075457940000,2,254,0.0079
"RK Dalmia s. r. o.","2-room apartment",-0.10826048475000,2,254,0.0079
"Constario REALTY s.r.o.","2-room apartment",0.04652429560000,2,254,0.0079
"JKV REAL","2-room apartment",-0.13191289040000,2,254,0.0079
"EASY centrum bývania, s.r.o.","2-room apartment",0.33217300890000,2,254,0.0079
"KA Real","2-room apartment",-0.18479568370000,2,254,0.0079
"HOLESTIAK.sk reality s.r.o.","2-room apartment",0.02756672670000,2,254,0.0079
"GAMA Reality, s.r.o.","2-room apartment",-0.05093463830000,2,254,0.0079
"Piata Avenue","2-room apartment",-0.03139663815000,2,254,0.0079
"XEMAR realitná spoločnosť s.r.o.","2-room apartment",0.02297604320000,2,254,0.0079
"Renovo Reality","2-room apartment",0.31411834830000,2,254,0.0079
"Financial Hotels Management, s.r.o.","2-room apartment",0.05306825030000,2,254,0.0079
"Felicita Real s. r. o.","2-room apartment",0.00154753200000,1,254,0.0039
"RexDeco s.r.o.","2-room apartment",0.15010287740000,1,254,0.0039
AZUR.RE,"2-room apartment",-0.10689409110000,1,254,0.0039
"HMS Services, a. s.","2-room apartment",-0.02262908080000,1,254,0.0039
"Georgi Conev","2-room apartment",0.00669071470000,1,254,0.0039
"LIF REAL","2-room apartment",-0.02826279090000,1,254,0.0039
"ARCHEUS Partners a.s.","2-room apartment",-0.10029443020000,1,254,0.0039
donidDevelop,"2-room apartment",0.00292762450000,1,254,0.0039
"KORSO Project, s.r.o.","2-room apartment",0.19673207780000,1,254,0.0039
"RENOME REAL","2-room apartment",-0.06041707390000,1,254,0.0039
"Prvá Realitná Kancelária, s.r.o.","2-room apartment",0.07692328400000,1,254,0.0039
"KES - RV s.r.o.","2-room apartment",-0.02389994840000,1,254,0.0039
"REALITY FAIR","2-room apartment",-0.23982865970000,1,254,0.0039
liptoreal,"2-room apartment",0.03646145760000,1,254,0.0039
Limaxreal,"2-room apartment",0.04541453630000,1,254,0.0039
"ADOMOS REAL s.r.o.","2-room apartment",-0.10951892680000,1,254,0.0039
"JPE. Reality - Jozef Pajer","2-room apartment",-0.04223916570000,1,254,0.0039
"R2 SK, s.r.o.","2-room apartment",0.00968272590000,1,254,0.0039
"Reality MT s.r.o.","2-room apartment",0.00000000000000,1,254,0.0039
"BEŇO REALITY","2-room apartment",-0.00756133590000,1,254,0.0039
"MENÍME BÝVANIE","2-room apartment",0.03009205120000,1,254,0.0039
"YFE, s.r.o.","2-room apartment",-0.23308236740000,1,254,0.0039
"J.M.H. s.r.o.","2-room apartment",0.29826484910000,1,254,0.0039
"GARANT REALITY","2-room apartment",-0.03004287720000,1,254,0.0039
"StorkReal s. r. o.","2-room apartment",0.14513358430000,1,254,0.0039
"Crystin reality, s.r.o.","2-room apartment",0.05657663660000,1,254,0.0039
"Estate Invest","2-room apartment",0.21884883370000,1,254,0.0039
"TUreality s.r.o.","3-room apartment",0.00003598035882,35,302,0.1159
"B10 Slovensko, a. s.","3-room apartment",-0.00888963110000,21,302,0.0695
"Realitná kancelária","3-room apartment",-0.00017043371538,20,302,0.0662
"AstonReal s.r.o.","3-room apartment",0.03347522582500,12,302,0.0397
"ODEKO manažment s.r.o.","3-room apartment",0.00238175734000,11,302,0.0364
"Realitná kancelária RED, s.r.o.","3-room apartment",-0.02321417458571,10,302,0.0331
"MGM reality","3-room apartment",-0.00128075665000,9,302,0.0298
"RIEŠIME BÝVANIE","3-room apartment",0.01980481803333,8,302,0.0265
"FINREA - ak vám záleží na výsledku","3-room apartment",-0.09729214257500,8,302,0.0265
"Like Reality s.r.o.","3-room apartment",-0.02887178307500,8,302,0.0265
"Buby reality, s.r.o.","3-room apartment",0.01897161900000,7,302,0.0232
"Reinoo a.s.","3-room apartment",-0.03678233835714,7,302,0.0232
"OREA, s.r.o.","3-room apartment",-0.03318560506667,7,302,0.0232
"Reality Center, s.r.o.","3-room apartment",0.00366100628000,7,302,0.0232
"TARGETreal s. r. o.","3-room apartment",-0.05791885357500,7,302,0.0232
"Direct Real, spol. s r.o.","3-room apartment",0.05495874270000,6,302,0.0199
"RESIDENCE realitná kancelária","3-room apartment",-0.09974763610000,6,302,0.0199
"Reality ASTORIA, s.r.o.","3-room apartment",0.06090080783333,6,302,0.0199
"Reality Alpia","3-room apartment",0.07776632350000,5,302,0.0166
"Safe reality s. r. o.","3-room apartment",-0.09412373925000,5,302,0.0166
"OVERENÉ REALITY","3-room apartment",-0.02796564090000,5,302,0.0166
"RE/MAX Slovakia","3-room apartment",-0.00400642205000,5,302,0.0166
"NajBývanie, s.r.o.","3-room apartment",-0.01187958630000,4,302,0.0132
"LIF REAL","3-room apartment",-0.05800795590000,4,302,0.0132
"ALT REAL, s.r.o.","3-room apartment",-0.09579800240000,4,302,0.0132
"DRR INVEST, s. r. o.","3-room apartment",-0.06232568750000,4,302,0.0132
"Realitné kancelárie SR","3-room apartment",-0.10805376230000,4,302,0.0132
"Reality IQ, s.r.o.","3-room apartment",0.01675032745000,4,302,0.0132
"RK Dalmia s. r. o.","3-room apartment",0.03683461063333,4,302,0.0132
"BeMi realitná kancelária","3-room apartment",-0.18501516515000,3,302,0.0099
"Pro Real, s. r. o. realitná kancelária","3-room apartment",0.00040517495000,3,302,0.0099
"1. Reality Rent, s.r.o.","3-room apartment",0.02806247640000,3,302,0.0099
"Vianema s.r.o.","3-room apartment",-0.06103409440000,3,302,0.0099
"Reality AK, spol. s r.o.","3-room apartment",0.06335271160000,3,302,0.0099
"Financial Hotels Management, s.r.o.","3-room apartment",0.24557386340000,3,302,0.0099
"Reality D.P.A.","3-room apartment",-0.01452499360000,3,302,0.0099
"Bosen Group s.r.o.","3-room apartment",0.17939056360000,2,302,0.0066
"HD reality group s.r.o","3-room apartment",0.06659036960000,2,302,0.0066
"Reality MT s.r.o.","3-room apartment",0.05452691325000,2,302,0.0066
"KORSO Project, s.r.o.","3-room apartment",0.07973202770000,2,302,0.0066
"Felicita Real s. r. o.","3-room apartment",0.00004042750000,2,302,0.0066
"R2 SK, s.r.o.","3-room apartment",0.25055161800000,2,302,0.0066
"A-Byt Consult, s.r.o.","3-room apartment",-0.08042007585000,2,302,0.0066
"DreamReality s.r.o.","3-room apartment",-0.08706833045000,2,302,0.0066
"Piata Avenue","3-room apartment",-0.25329234350000,1,302,0.0033
"Local reality s. r. o.","3-room apartment",0.09922642670000,1,302,0.0033
"ROMDOM, s. r. o","3-room apartment",-0.06404600990000,1,302,0.0033
"sunnyreal s.r.o.","3-room apartment",0.00581835500000,1,302,0.0033
"WFG reality, s.r.o.","3-room apartment",-0.10468379220000,1,302,0.0033
"Reality Simply","3-room apartment",-0.07493645580000,1,302,0.0033
"Realitka pre každého","3-room apartment",0.21912324600000,1,302,0.0033
"Svoboda&Williams Slovakia s.r.o.","3-room apartment",0.19804137130000,1,302,0.0033
"Wealth Group, s.r.o.","3-room apartment",-0.02639581500000,1,302,0.0033
"HMS Services, a. s.","3-room apartment",0.05658807480000,1,302,0.0033
"PhDr. Miloš Kocúr - BKM Consulting","3-room apartment",0.13575253950000,1,302,0.0033
"Effecting s.r.o.","3-room apartment",0.04831685490000,1,302,0.0033
"Mamud Reality s. r. o.","3-room apartment",0.14324262580000,1,302,0.0033
"MAX PROFI REALITY","3-room apartment",0.04821802940000,1,302,0.0033
"ŽILINAREAL, s.r.o.","3-room apartment",-0.12596404550000,1,302,0.0033
"Jacek reality s. r. o.","3-room apartment",-0.11591204340000,1,302,0.0033
OPENREALITY,"3-room apartment",-0.00430947310000,1,302,0.0033
"KARIN & PARTNERS, s.r.o.","3-room apartment",0.01105088820000,1,302,0.0033
"BEEVAM, s.r.o.","3-room apartment",-0.03617126670000,1,302,0.0033
"KRALIKOVA reality","3-room apartment",0.21638389830000,1,302,0.0033
"bezmaklérov, s.r.o.","3-room apartment",-0.02260580920000,1,302,0.0033
"RS Mansory s.r.o.","3-room apartment",-0.01010320160000,1,302,0.0033
"Realitná kancelária RED, s.r.o.","4-room apartment",-0.06252030365000,11,85,0.1294
"MGM reality","4-room apartment",-0.01983858195000,8,85,0.0941
"KORSO Project, s.r.o.","4-room apartment",0.04287700036667,6,85,0.0706
"TUreality s.r.o.","4-room apartment",-0.04325034790000,5,85,0.0588
"Reality Alpia","4-room apartment",0.17459194220000,5,85,0.0588
"RIEŠIME BÝVANIE","4-room apartment",-0.08567669793333,4,85,0.0471
"Buby reality, s.r.o.","4-room apartment",0.05032996310000,3,85,0.0353
"ODEKO manažment s.r.o.","4-room apartment",0.16225436940000,3,85,0.0353
"FINREA - ak vám záleží na výsledku","4-room apartment",0.21460512750000,2,85,0.0235
"Direct Real, spol. s r.o.","4-room apartment",-0.14991500510000,2,85,0.0235
"RK SPIRIT s.r.o.","4-room apartment",0.10313268180000,2,85,0.0235
"HALO reality, s.r.o.","4-room apartment",0.14991500510000,2,85,0.0235
"B10 Slovensko, a. s.","4-room apartment",-0.02519679040000,2,85,0.0235
"Reinoo a.s.","4-room apartment",0.12709720275000,2,85,0.0235
"TARGETreal s. r. o.","4-room apartment",0.05298418820000,2,85,0.0235
"RK Dalmia s. r. o.","4-room apartment",-0.04202228130000,2,85,0.0235
"Realitná kancelária","4-room apartment",-0.18345252985000,2,85,0.0235
"Reality Center, s.r.o.","4-room apartment",-0.03526301290000,2,85,0.0235
"Constario REALTY s.r.o.","4-room apartment",0.11652534970000,2,85,0.0235
"ŽILINAREAL, s.r.o.","4-room apartment",0.16675139080000,1,85,0.0118
"Realitné kancelárie SR","4-room apartment",0.01662667490000,1,85,0.0118
"Teraz, a.s.","4-room apartment",0.35470602470000,1,85,0.0118
"Reality IQ, s.r.o.","4-room apartment",0.09408970420000,1,85,0.0118
"Piata Avenue","4-room apartment",-0.07782970780000,1,85,0.0118
"DreamReality s.r.o.","4-room apartment",-0.11069259500000,1,85,0.0118
G-REAL,"4-room apartment",-0.10313268180000,1,85,0.0118
"NajBývanie, s.r.o.","4-room apartment",-0.21460512750000,1,85,0.0118
"Financie a reality od A po Z","4-room apartment",-0.15098988940000,1,85,0.0118
"BB - REALITY,  s.r.o.","4-room apartment",-0.00859885050000,1,85,0.0118
"OREA, s.r.o.","4-room apartment",0.04202228130000,1,85,0.0118
"R2 SK, s.r.o.","4-room apartment",0.05395193340000,1,85,0.0118
"Realitná kancelária DOM","4-room apartment",-0.07457731290000,1,85,0.0118
"LAVENTURA s.r.o.","4-room apartment",-0.00289559120000,1,85,0.0118
"WFG reality, s.r.o.","4-room apartment",-0.05259482430000,1,85,0.0118
"RK4 REALITY","4-room apartment",-0.03045954550000,1,85,0.0118
"HMS Services, a. s.","4-room apartment",0.01215760440000,1,85,0.0118
"Like Reality s.r.o.","4-room apartment",0.05032996310000,1,85,0.0118
"TUreality s.r.o.",apartment,-0.00244879792692,57,980,0.0582
"Realitná kancelária RED, s.r.o.",apartment,0.00352075774286,39,980,0.0398
"RESIDENCE realitná kancelária",apartment,0.05749885565667,36,980,0.0367
"Reality Alpia",apartment,0.01916878900000,35,980,0.0357
"B10 Slovensko, a. s.",apartment,0.06437903704444,33,980,0.0337
"Realitná kancelária",apartment,-0.02397730354348,33,980,0.0337
"RK SPIRIT s.r.o.",apartment,-0.03397885780000,32,980,0.0327
"ODEKO manažment s.r.o.",apartment,0.01182320193333,26,980,0.0265
"MGM reality",apartment,-0.02706757467000,26,980,0.0265
"RIEŠIME BÝVANIE",apartment,-0.01491586302857,24,980,0.0245
"AstonReal s.r.o.",apartment,-0.00576916843333,23,980,0.0235
"WFG reality, s.r.o.",apartment,-0.00958392371429,21,980,0.0214
"RE/MAX Slovakia",apartment,0.02031342623077,20,980,0.0204
"TARGETreal s. r. o.",apartment,-0.05909721584444,19,980,0.0194
"Realitné kancelárie SR",apartment,-0.06899398973333,19,980,0.0194
"HALO reality, s.r.o.",apartment,-0.00487160052500,18,980,0.0184
"OREA, s.r.o.",apartment,0.04685094113750,18,980,0.0184
"Reinoo a.s.",apartment,-0.00036466255556,17,980,0.0173
"Buby reality, s.r.o.",apartment,0.02846373915714,16,980,0.0163
"FINREA - ak vám záleží na výsledku",apartment,0.02855438464444,16,980,0.0163
"Direct Real, spol. s r.o.",apartment,0.03616022558571,15,980,0.0153
"CANGURU s.r.o.",apartment,0.07528366860000,15,980,0.0153
"NajBývanie, s.r.o.",apartment,-0.06943217134000,14,980,0.0143
"Reality Center, s.r.o.",apartment,0.01787720581429,14,980,0.0143
"BeMi realitná kancelária",apartment,-0.06443044874000,14,980,0.0143
"KORSO Project, s.r.o.",apartment,0.08101902132000,13,980,0.0133
G-REAL,apartment,-0.04412051180000,13,980,0.0133
"Like Reality s.r.o.",apartment,-0.02337320793333,12,980,0.0122
"OVERENÉ REALITY",apartment,0.02751376988000,12,980,0.0122
"Safe reality s. r. o.",apartment,-0.06520398430000,12,980,0.0122
"Reality AK, spol. s r.o.",apartment,0.01197911480000,10,980,0.0102
"TATRA CITY RESIDENCE s. r. o.",apartment,0.18488203060000,9,980,0.0092
"ŽILINAREAL, s.r.o.",apartment,-0.11889143136250,9,980,0.0092
"1. Reality Rent, s.r.o.",apartment,-0.00407281873333,9,980,0.0092
"MK-CORP s.r.o.",apartment,-0.27680992222500,8,980,0.0082
"RK Dalmia s. r. o.",apartment,-0.02467323648333,8,980,0.0082
"Bosen Group s.r.o.",apartment,0.20007257150000,8,980,0.0082
"HD reality group s.r.o",apartment,-0.03722964790000,8,980,0.0082
"Reality IQ, s.r.o.",apartment,0.03221820280000,7,980,0.0071
"Financial Hotels Management, s.r.o.",apartment,0.15135222670000,7,980,0.0071
"Reality ASTORIA, s.r.o.",apartment,0.06090080783333,7,980,0.0071
"Constario REALTY s.r.o.",apartment,0.08152482265000,7,980,0.0071
"Vianema s.r.o.",apartment,-0.06103409440000,6,980,0.0061
"XEMAR realitná spoločnosť s.r.o.",apartment,-0.01596753966000,6,980,0.0061
"A-Byt Consult, s.r.o.",apartment,-0.08042007585000,6,980,0.0061
"RECLOUD Reality a.s.",apartment,0.00000000000000,6,980,0.0061
"REALITY SPOLU",apartment,0.01384617493333,5,980,0.0051
Limaxreal,apartment,-0.04531060263333,5,980,0.0051
"Piata Avenue",apartment,-0.09847883190000,5,980,0.0051
"Renovo Reality",apartment,0.13853740590000,5,980,0.0051
"DRR INVEST, s. r. o.",apartment,-0.06232568750000,5,980,0.0051
"R2 SK, s.r.o.",apartment,0.10472875910000,5,980,0.0051
"Reality MT s.r.o.",apartment,0.03635127550000,5,980,0.0051
"LIF REAL",apartment,-0.04809290090000,5,980,0.0051
"Reality D.P.A.",apartment,-0.01452499360000,5,980,0.0051
"Realitná kancelária DOM",apartment,-0.07457731290000,5,980,0.0051
"KA Real",apartment,-0.00846738242500,4,980,0.0041
"RK4 REALITY",apartment,-0.03045954550000,4,980,0.0041
"Occam New Home",apartment,-0.17525844855000,4,980,0.0041
"HMS Services, a. s.",apartment,0.01537219946667,4,980,0.0041
"ALT REAL, s.r.o.",apartment,-0.09579800240000,4,980,0.0041
donidDevelop,apartment,0.01437331695000,4,980,0.0041
"RENOME REAL",apartment,-0.06041707390000,4,980,0.0041
"ROMDOM, s. r. o",apartment,-0.03950896710000,4,980,0.0041
"Tatra Invest",apartment,-0.03962844556667,4,980,0.0041
"ARCHEUS Partners a.s.",apartment,-0.04971209036667,4,980,0.0041
"J.M.H. s.r.o.",apartment,-0.02183134660000,3,980,0.0031
"Pro Real, s. r. o. realitná kancelária",apartment,0.00040517495000,3,980,0.0031
"DreamReality s.r.o.",apartment,-0.09494308530000,3,980,0.0031
"Felicita Real s. r. o.",apartment,0.00054279566667,3,980,0.0031
"DLUGO reality",apartment,0.19899736660000,3,980,0.0031
"STAREA, s. r. o.",apartment,-0.11451858583333,3,980,0.0031
"Teraz, a.s.",apartment,0.35470602470000,3,980,0.0031
"Prvá Realitná Kancelária, s.r.o.",apartment,0.07692328400000,3,980,0.0031
"JPE. Reality - Jozef Pajer",apartment,-0.04223916570000,3,980,0.0031
"JKV REAL",apartment,-0.13191289040000,3,980,0.0031
"Nové bývanie",apartment,0.34095807010000,2,980,0.0020
"GAMA Reality, s.r.o.",apartment,-0.05093463830000,2,980,0.0020
liptoreal,apartment,0.09939680930000,2,980,0.0020
"ML realitný& finančny servis s.r.o. , BrokerSoft s.r.o. , Monika Launerová - SZČO",apartment,-0.13360036155000,2,980,0.0020
"PhDr. Miloš Kocúr - BKM Consulting",apartment,0.13575253950000,2,980,0.0020
"Svoboda&Williams Slovakia s.r.o.",apartment,0.19804137130000,2,980,0.0020
"RS Mansory s.r.o.",apartment,-0.01010320160000,2,980,0.0020
"MENÍME BÝVANIE",apartment,0.03009205120000,2,980,0.0020
"Financie a reality od A po Z",apartment,-0.15098988940000,2,980,0.0020
"Gro & Partners",apartment,-0.00434590030000,2,980,0.0020
"KRUPPKY, s.r.o.",apartment,0.18619238180000,2,980,0.0020
"Effecting s.r.o.",apartment,0.04831685490000,2,980,0.0020
"GERT , s.r.o.",apartment,-0.01590209100000,2,980,0.0020
"StorkReal s. r. o.",apartment,0.14513358430000,2,980,0.0020
"EASY centrum bývania, s.r.o.",apartment,0.33217300890000,2,980,0.0020
"Realitka pre každého",apartment,0.21912324600000,2,980,0.0020
"HOLESTIAK.sk reality s.r.o.",apartment,0.02756672670000,2,980,0.0020
"DOMUM realitná spoločnosť s. r. o.",apartment,-0.07520555470000,2,980,0.0020
jabyvam.sk,apartment,-0.04447875330000,2,980,0.0020
"ADOMOS REAL s.r.o.",apartment,-0.10951892680000,1,980,0.0010
"BEŇO REALITY",apartment,-0.00756133590000,1,980,0.0010
"YFE, s.r.o.",apartment,-0.23308236740000,1,980,0.0010
"RexDeco s.r.o.",apartment,0.15010287740000,1,980,0.0010
"United Professionals s.r.o.",apartment,0.06471329840000,1,980,0.0010
"GARANT REALITY",apartment,-0.03004287720000,1,980,0.0010
"Domovia s. r. o.",apartment,-0.09611226130000,1,980,0.0010
AZUR.RE,apartment,-0.10689409110000,1,980,0.0010
"Estate Invest",apartment,0.21884883370000,1,980,0.0010
"KARIN & PARTNERS, s.r.o.",apartment,0.01105088820000,1,980,0.0010
"Eli real realitná kancelária",apartment,-0.05241056390000,1,980,0.0010
"CreeX Reality s.r.o.",apartment,0.23192346430000,1,980,0.0010
"Mamud Reality s. r. o.",apartment,0.14324262580000,1,980,0.0010
"All 4 Life, s.r.o.",apartment,0.04338634840000,1,980,0.0010
"Reality Now",apartment,-0.23485910270000,1,980,0.0010
"Porto Real Group",apartment,0.08221774250000,1,980,0.0010
"bezmaklérov, s.r.o.",apartment,-0.02260580920000,1,980,0.0010
OPENREALITY,apartment,-0.00430947310000,1,980,0.0010
"Romantické Chalupy, s.r.o.",apartment,0.08227224810000,1,980,0.0010
"BEEVAM, s.r.o.",apartment,-0.03617126670000,1,980,0.0010
ZEIRA,apartment,0.19994580370000,1,980,0.0010
"Pegas real s.r.o.",apartment,-0.08221774250000,1,980,0.0010
"Top Real Košice s.r.o.",apartment,-0.03463725110000,1,980,0.0010
"KRALIKOVA reality",apartment,0.21638389830000,1,980,0.0010
"MAX PROFI REALITY",apartment,0.04821802940000,1,980,0.0010
"Juraj Hegyi Reality & Development s.r.o.",apartment,0.32054171450000,1,980,0.0010
"sunnyreal s.r.o.",apartment,0.00581835500000,1,980,0.0010
"Wealth Group, s.r.o.",apartment,-0.02639581500000,1,980,0.0010
"Jacek reality s. r. o.",apartment,-0.11591204340000,1,980,0.0010
"MG real, s.r.o.",apartment,-0.01143404300000,1,980,0.0010
"BB - REALITY,  s.r.o.",apartment,-0.00859885050000,1,980,0.0010
"LAVENTURA s.r.o.",apartment,-0.00289559120000,1,980,0.0010
"TRI LIPY, s. r. o.",apartment,0.01143404300000,1,980,0.0010
"REALITY FAIR",apartment,-0.23982865970000,1,980,0.0010
"Reality Simply",apartment,-0.07493645580000,1,980,0.0010
"Local reality s. r. o.",apartment,0.09922642670000,1,980,0.0010
"KES - RV s.r.o.",apartment,-0.02389994840000,1,980,0.0010
"Georgi Conev",apartment,0.00669071470000,1,980,0.0010
"Crystin reality, s.r.o.",apartment,0.05657663660000,1,980,0.0010
"TUreality s.r.o.",average,0.03797887333889,60,1318,0.0455
"Realitné kancelárie SR",average,-0.07747001975500,53,1318,0.0402
"Reality Alpia",average,-0.04620002594545,50,1318,0.0379
"Realitná kancelária",average,-0.07131370584348,47,1318,0.0357
"TARGETreal s. r. o.",average,0.03979797379500,44,1318,0.0334
"RE/MAX Slovakia",average,0.11161736712778,39,1318,0.0296
"B10 Slovensko, a. s.",average,-0.06932122310000,38,1318,0.0288
"1. Reality Rent, s.r.o.",average,0.09785401029375,33,1318,0.0250
"SLNOVRAT, s.r.o.",average,-0.12389623261429,32,1318,0.0243
"Direct Real, spol. s r.o.",average,0.04807593060909,31,1318,0.0235
"BeMi realitná kancelária",average,0.05526685776667,31,1318,0.0235
"AstonReal s.r.o.",average,-0.03044775359167,31,1318,0.0235
"MGM reality",average,0.06704751437143,29,1318,0.0220
"RS Mansory s.r.o.",average,-0.00782392904118,26,1318,0.0197
"ODEKO manažment s.r.o.",average,0.01182320193333,26,1318,0.0197
"RIEŠIME BÝVANIE",average,-0.10159191238889,26,1318,0.0197
"NajBývanie, s.r.o.",average,0.02757245654286,21,1318,0.0159
"ALT REAL, s.r.o.",average,0.04808276660000,20,1318,0.0152
"Reality Center, s.r.o.",average,-0.02323820413750,20,1318,0.0152
"Reality AK, spol. s r.o.",average,-0.01001749429000,20,1318,0.0152
"Realitná kancelária RED, s.r.o.",average,0.13350218152500,19,1318,0.0144
"Romantické Chalupy, s.r.o.",average,-0.04452721418000,19,1318,0.0144
"Safe reality s. r. o.",average,-0.16133309977500,19,1318,0.0144
"Buby reality, s.r.o.",average,-0.17154096565000,19,1318,0.0144
"OREA, s.r.o.",average,0.01204012098000,18,1318,0.0137
"HALO reality, s.r.o.",average,0.02743523996000,18,1318,0.0137
"RESIDENCE realitná kancelária",average,-0.04810463321667,18,1318,0.0137
"OVERENÉ REALITY",average,-0.16380182860000,18,1318,0.0137
"FINREA - ak vám záleží na výsledku",average,-0.03741567422500,18,1318,0.0137
"Reality ASTORIA, s.r.o.",average,0.16226758136667,17,1318,0.0129
"TOCA, s.r.o. Realitná činnosť",average,-0.16837837664286,17,1318,0.0129
"Reality MT s.r.o.",average,0.03733525430000,15,1318,0.0114
"HOLESTIAK.sk reality s.r.o.",average,0.11953972818000,15,1318,0.0114
"RECLOUD Reality a.s.",average,-0.09210119523333,14,1318,0.0106
"Like Reality s.r.o.",average,0.05539597752500,13,1318,0.0099
donidDevelop,average,-0.12284539921667,12,1318,0.0091
"Real Estate Group4U",average,1.19891450863333,12,1318,0.0091
"BALAŽI REAL ESTATE s.r.o.",average,-0.03512429652500,12,1318,0.0091
"Vianema s.r.o.",average,-0.13736270850000,12,1318,0.0091
"R2 SK, s.r.o.",average,0.14107816864000,11,1318,0.0083
"RK Dalmia s. r. o.",average,-0.03596458390000,11,1318,0.0083
"ŽILINAREAL, s.r.o.",average,-0.02667440640000,10,1318,0.0076
"Bosen Group s.r.o.",average,-0.01203098632500,9,1318,0.0068
"REALITY SPOLU",average,-0.21127116500000,9,1318,0.0068
"Reality D.P.A.",average,0.03689135457143,9,1318,0.0068
"LIF REAL",average,-0.04108976410000,9,1318,0.0068
"TATRA CITY RESIDENCE s. r. o.",average,0.18488203060000,9,1318,0.0068
"Apollo House",average,0.10621473135000,9,1318,0.0068
"DreamReality s.r.o.",average,0.02674467200000,8,1318,0.0061
"WFG reality, s.r.o.",average,0.08653493143333,8,1318,0.0061
"TRI LIPY, s. r. o.",average,0.07952557410000,8,1318,0.0061
"Reality IQ, s.r.o.",average,-0.13003913162500,8,1318,0.0061
G-REAL,average,0.22257800490000,7,1318,0.0053
"Piata Avenue",average,0.28827288266667,7,1318,0.0053
"HD reality group s.r.o",average,-0.02600662895000,7,1318,0.0053
"A-Byt Consult, s.r.o.",average,-0.08042007585000,7,1318,0.0053
"DRR INVEST, s. r. o.",average,0.13803580745000,6,1318,0.0046
"bezmaklérov, s.r.o.",average,-0.02260580920000,6,1318,0.0046
Limaxreal,average,-0.04561949055000,6,1318,0.0046
jabyvam.sk,average,-0.06371127810000,6,1318,0.0046
"GERT , s.r.o.",average,-0.01590209100000,6,1318,0.0046
"Real Reality Development s.r.o.",average,0.12978595010000,6,1318,0.0046
"Mamud Reality s. r. o.",average,-0.14104859292000,6,1318,0.0046
"AnReal s. r. o.",average,-0.19550776510000,5,1318,0.0038
"MAX PROFI REALITY",average,0.04821802940000,5,1318,0.0038
liptoreal,average,0.04876291140000,5,1318,0.0038
"JPE. Reality - Jozef Pajer",average,-0.04458153876667,5,1318,0.0038
"Realitka pre každého",average,0.08334443820000,5,1318,0.0038
"Trioreality, s.r.o.",average,0.28770437930000,5,1318,0.0038
"ADH-REAL s.r.o. Hirjaková Adriana",average,-0.02577686570000,4,1318,0.0030
"Pro Real, s. r. o. realitná kancelária",average,0.04569535775000,4,1318,0.0030
"KA Real",average,-0.00846738242500,4,1318,0.0030
"PRIMA reality s.r.o.",average,0.33472522560000,4,1318,0.0030
"Ing.Zuzana Paverová",average,0.01421327050000,4,1318,0.0030
"ROSA reality",average,0.39128579810000,4,1318,0.0030
"KUBALA REALITY, s.r.o.",average,-0.00387973265000,3,1318,0.0023
"DOBRÉ REALITY s.r.o.",average,0.02836815100000,3,1318,0.0023
"KRUPPKY, s.r.o.",average,0.22176341640000,3,1318,0.0023
"RK4 REALITY",average,0.04414221850000,3,1318,0.0023
"Q REAL s.r.o.",average,0.19598150220000,3,1318,0.0023
"Felicita Real s. r. o.",average,0.00845643020000,3,1318,0.0023
"YFE, s.r.o.",average,-0.23308236740000,3,1318,0.0023
"XEMAR realitná spoločnosť s.r.o.",average,-0.10424859816667,3,1318,0.0023
"IDEÁLNE BÝVANIE, s.r.o.",average,0.30734526080000,3,1318,0.0023
"ETHOS reality, s. r. o.",average,-0.11810975110000,3,1318,0.0023
"BEŇO REALITY",average,0.14803226740000,3,1318,0.0023
"Financie a reality od A po Z",average,0.04289180230000,3,1318,0.0023
"Renovo Reality",average,-0.03704353650000,3,1318,0.0023
"PhDr. Miloš Kocúr - BKM Consulting",average,0.13575253950000,3,1318,0.0023
"ARCHEUS Partners a.s.",average,-0.05232457355000,2,1318,0.0015
"KARIN & PARTNERS, s.r.o.",average,0.01105088820000,2,1318,0.0015
"STAREA, s. r. o.",average,-0.07649173975000,2,1318,0.0015
"Gro & Partners",average,-0.02381947350000,2,1318,0.0015
"House Real Žilina",average,-0.53679809030000,2,1318,0.0015
"New Ways Reality&Financie",average,-0.21290465430000,2,1318,0.0015
"GAMA Reality, s.r.o.",average,-0.17428015880000,2,1318,0.0015
"Reality Simply",average,-0.07493645580000,2,1318,0.0015
"Nestor Capital s.r.o.",average,0.06921112040000,2,1318,0.0015
"Reality Now",average,-0.41762833890000,2,1318,0.0015
"LAWIS s.r.o.",average,-0.02433422430000,2,1318,0.0015
"Ing. Marcela Pišteková",average,-0.60997639330000,2,1318,0.0015
"MENÍME BÝVANIE",average,0.03009205120000,2,1318,0.0015
"DOMUM realitná spoločnosť s. r. o.",average,-0.07520555470000,2,1318,0.0015
"BEEVAM, s.r.o.",average,-0.03617126670000,1,1318,0.0008
"All 4 Life, s.r.o.",average,0.04338634840000,1,1318,0.0008
"Top Real Košice s.r.o.",average,-0.03463725110000,1,1318,0.0008
"Domovia s. r. o.",average,-0.09611226130000,1,1318,0.0008
"J.M.H. s.r.o.",average,0.29826484910000,1,1318,0.0008
"CPM Real Estate",average,0.21031197190000,1,1318,0.0008
"Occam New Home",average,0.02578768660000,1,1318,0.0008
OPENREALITY,average,-0.00430947310000,1,1318,0.0008
"REALITY FAIR",average,-0.23982865970000,1,1318,0.0008
"MG real, s.r.o.",average,-0.01143404300000,1,1318,0.0008
Envire,average,0.30182906980000,1,1318,0.0008
"Kristína Čanády",average,0.13081164760000,1,1318,0.0008
"BV REAL PD, s.r.o.",average,-0.23518900340000,1,1318,0.0008
"1.BCR REAL ESTATE SLOVAKIA",average,0.48878586640000,1,1318,0.0008
"VAŠA REALITKA s.r.o.",average,-0.02267741720000,1,1318,0.0008
"Effecting s.r.o.",average,0.03320706280000,1,1318,0.0008
"Estate Invest",average,0.21884883370000,1,1318,0.0008
"Stanislav Motyčík - MK",average,0.01301221130000,1,1318,0.0008
"Delta Property s.r.o.",average,-0.13837676670000,1,1318,0.0008
"NFA Group, s.r.o.",average,-0.99654494230000,1,1318,0.0008
"ADOMOS REAL s.r.o.",average,-0.10951892680000,1,1318,0.0008
"KING REAL s. r. o.",average,-0.13842224080000,1,1318,0.0008
"BB - REALITY,  s.r.o.",average,-0.00859885050000,1,1318,0.0008
"Good Reality s.r.o.",average,0.02267741720000,1,1318,0.0008
"BeMi realitná kancelária",cheap,-0.02789400806667,37,440,0.0841
"Reality Alpia",cheap,-0.07255988915000,28,440,0.0636
"1. Reality Rent, s.r.o.",cheap,0.18680825507500,27,440,0.0614
"SLNOVRAT, s.r.o.",cheap,-0.09677697364000,20,440,0.0455
"B10 Slovensko, a. s.",cheap,-0.21983573615000,18,440,0.0409
"TUreality s.r.o.",cheap,0.04297149610000,18,440,0.0409
"HOLESTIAK.sk reality s.r.o.",cheap,-0.00563380350000,16,440,0.0364
"Realitné kancelárie SR",cheap,-0.12072433615000,16,440,0.0364
"Romantické Chalupy, s.r.o.",cheap,0.38249425010000,14,440,0.0318
"Realitná kancelária",cheap,0.01133109926667,13,440,0.0295
"HALO reality, s.r.o.",cheap,0.00174897050000,13,440,0.0295
"RE/MAX Slovakia",cheap,-0.32679703913333,13,440,0.0295
"TOCA, s.r.o. Realitná činnosť",cheap,-0.05947021110000,12,440,0.0273
"OVERENÉ REALITY",cheap,-0.18268425485000,12,440,0.0273
"FINREA - ak vám záleží na výsledku",cheap,-0.02987145100000,11,440,0.0250
"OREA, s.r.o.",cheap,-0.04681029240000,11,440,0.0250
"RK Dalmia s. r. o.",cheap,0.15076600830000,10,440,0.0227
"RIEŠIME BÝVANIE",cheap,-0.11469446070000,10,440,0.0227
"NajBývanie, s.r.o.",cheap,0.51516176900000,8,440,0.0182
"Reality D.P.A.",cheap,-0.05615788140000,7,440,0.0159
"Nové bývanie",cheap,-0.01456692910000,7,440,0.0159
"RECLOUD Reality a.s.",cheap,-0.03495034570000,7,440,0.0159
"Reality Center, s.r.o.",cheap,0.12032799390000,7,440,0.0159
"JPE. Reality - Jozef Pajer",cheap,0.18195970936667,7,440,0.0159
"RES GROUP, s.r.o.",cheap,0.26297760210000,7,440,0.0159
"WFG reality, s.r.o.",cheap,-0.29354413700000,6,440,0.0136
"Real Reality Development s.r.o.",cheap,-0.15674566150000,5,440,0.0114
"Reality ASTORIA, s.r.o.",cheap,-0.13043478260000,5,440,0.0114
"Vianema s.r.o.",cheap,0.05760605760000,5,440,0.0114
"Reality MT s.r.o.",cheap,0.00000000000000,5,440,0.0114
"Like Reality s.r.o.",cheap,-0.01537645590000,4,440,0.0091
"ALT REAL, s.r.o.",cheap,0.05056370580000,4,440,0.0091
"AP REAL, s.r.o.",cheap,-0.44322850670000,4,440,0.0091
"TRI LIPY, s. r. o.",cheap,0.23217400083333,4,440,0.0091
"REALITY TATRY",cheap,0.31956397020000,4,440,0.0091
"RESIDENCE realitná kancelária",cheap,0.05721784780000,4,440,0.0091
"ŽILINAREAL, s.r.o.",cheap,0.17091239785000,4,440,0.0091
"Bosen Group s.r.o.",cheap,-0.05513361460000,3,440,0.0068
"LIF REAL",cheap,-0.01108229180000,3,440,0.0068
"Real Estate Group4U",cheap,0.80619051190000,3,440,0.0068
"Ing.Zuzana Paverová",cheap,-0.34210526320000,3,440,0.0068
liptoreal,cheap,-0.04967679180000,3,440,0.0068
"ROMDOM, s. r. o",cheap,1.00000000000000,2,440,0.0045
"VAŠA REALITKA s.r.o.",cheap,-0.43307097030000,2,440,0.0045
"StorkReal s. r. o.",cheap,-0.08659363590000,2,440,0.0045
"PhDr. Miloš Kocúr - BKM Consulting",cheap,-0.71276296810000,2,440,0.0045
"R2 SK, s.r.o.",cheap,0.06862977910000,1,440,0.0023
jabyvam.sk,cheap,0.04792782030000,1,440,0.0023
"MS Alpex, k.s.",cheap,0.02987145100000,1,440,0.0023
"MartinTham s. r. o.",cheap,0.10745951060000,1,440,0.0023
"AnoReal, s.r.o.",cheap,0.43453312470000,1,440,0.0023
"GARANT REALITY",cheap,-0.03004287720000,1,440,0.0023
"DRAŽOBNÍK, s.r.o.",cheap,-0.31956397020000,1,440,0.0023
"KOSIBA reality s.r.o.",cheap,-0.12702347130000,1,440,0.0023
"RK VILLEA, s. r. o.",cheap,0.05513361460000,1,440,0.0023
"CreeX Reality s.r.o.",cheap,-0.07142572890000,1,440,0.0023
"Trioreality, s.r.o.",cheap,-0.37765654430000,1,440,0.0023
"Realitná kancelária Kľúč",cheap,0.07142572890000,1,440,0.0023
"RADO Reality",cheap,-0.51443709250000,1,440,0.0023
"DRR INVEST, s. r. o.",cheap,0.31125826080000,1,440,0.0023
"Teraz, a.s.","development project",0.35470602470000,3,3,1.0000
"Realitná kancelária RED, s.r.o.",expensive,-0.02973126002000,44,675,0.0652
"TUreality s.r.o.",expensive,0.02493487048000,41,675,0.0607
"Realitné kancelárie SR",expensive,0.06400071230000,36,675,0.0533
"MGM reality",expensive,-0.06038597002727,32,675,0.0474
"Reality Alpia",expensive,-0.03124745625714,29,675,0.0430
"WFG reality, s.r.o.",expensive,-0.08113417441250,27,675,0.0400
"RIEŠIME BÝVANIE",expensive,-0.05499936343636,25,675,0.0370
"TARGETreal s. r. o.",expensive,-0.03900356826250,19,675,0.0281
"Reinoo a.s.",expensive,-0.00036466255556,17,675,0.0252
"RK SPIRIT s.r.o.",expensive,-0.03397885780000,16,675,0.0237
"RESIDENCE realitná kancelária",expensive,0.04942209420000,15,675,0.0222
"B10 Slovensko, a. s.",expensive,-0.00120674098333,14,675,0.0207
"Realitná kancelária",expensive,-0.05390238852000,14,675,0.0207
"RE/MAX Slovakia",expensive,0.03048852160000,14,675,0.0207
"AstonReal s.r.o.",expensive,-0.00516931892000,13,675,0.0193
"KORSO Project, s.r.o.",expensive,0.08101902132000,13,675,0.0193
"RS Mansory s.r.o.",expensive,0.05603720042500,13,675,0.0193
"HALO reality, s.r.o.",expensive,-0.08364530370000,12,675,0.0178
"BeMi realitná kancelária",expensive,0.01820254580000,11,675,0.0163
"ŽILINAREAL, s.r.o.",expensive,-0.05040746618571,11,675,0.0163
"Piata Avenue",expensive,-0.09409316800000,10,675,0.0148
"OREA, s.r.o.",expensive,0.00926458514000,10,675,0.0148
"Reality IQ, s.r.o.",expensive,-0.02438574297500,9,675,0.0133
"Safe reality s. r. o.",expensive,0.04028518826667,9,675,0.0133
"Direct Real, spol. s r.o.",expensive,-0.00560123310000,8,675,0.0119
"REALITY SPOLU",expensive,0.01384617493333,8,675,0.0119
"Financial Hotels Management, s.r.o.",expensive,0.15135222670000,7,675,0.0104
"RES GROUP, s.r.o.",expensive,-0.31464063250000,7,675,0.0104
"Buby reality, s.r.o.",expensive,0.01971724958000,7,675,0.0104
"OVERENÉ REALITY",expensive,0.03423046860000,6,675,0.0089
jabyvam.sk,expensive,-0.04447875330000,6,675,0.0089
"1. Reality Rent, s.r.o.",expensive,0.06833510636667,6,675,0.0089
"Bosen Group s.r.o.",expensive,0.17939056360000,5,675,0.0074
"DreamReality s.r.o.",expensive,0.00740317185000,5,675,0.0074
"AnoReal, s.r.o.",expensive,0.07454667560000,5,675,0.0074
"FINREA - ak vám záleží na výsledku",expensive,-0.20230085090000,5,675,0.0074
"Reality Center, s.r.o.",expensive,0.10033542836667,5,675,0.0074
"Romantické Chalupy, s.r.o.",expensive,-0.02071629210000,5,675,0.0074
"StorkReal s. r. o.",expensive,-0.02819360313333,4,675,0.0059
"R2 SK, s.r.o.",expensive,0.03181732965000,4,675,0.0059
"Realitná kancelária DOM",expensive,-0.07457731290000,4,675,0.0059
"DRR INVEST, s. r. o.",expensive,-0.06232568750000,4,675,0.0059
"ROMDOM, s. r. o",expensive,-0.03950896710000,4,675,0.0059
"HMS Services, a. s.",expensive,0.01537219946667,4,675,0.0059
"Real Estate Group4U",expensive,0.45963379255000,4,675,0.0059
"RK Dalmia s. r. o.",expensive,-0.04508263916667,4,675,0.0059
"Reality AK, spol. s r.o.",expensive,0.17290147440000,4,675,0.0059
"RENOME REAL",expensive,-0.06041707390000,3,675,0.0044
"Renovo Reality",expensive,0.25582714770000,3,675,0.0044
"Prvá Realitná Kancelária, s.r.o.",expensive,0.07692328400000,3,675,0.0044
"Ing. Gerlinda Bérešová - Esti",expensive,-0.13205049405000,3,675,0.0044
"Reality ASTORIA, s.r.o.",expensive,0.08156037565000,3,675,0.0044
"Constario REALTY s.r.o.",expensive,0.08152482265000,3,675,0.0044
"MK-CORP s.r.o.",expensive,-0.07328095363333,3,675,0.0044
"Effecting s.r.o.",expensive,0.04831685490000,3,675,0.0044
"EASY centrum bývania, s.r.o.",expensive,0.28743330046667,3,675,0.0044
"Realitka pre každého",expensive,0.21912324600000,3,675,0.0044
"Teraz, a.s.",expensive,0.35470602470000,3,675,0.0044
"Georgi Conev",expensive,-0.03392798045000,3,675,0.0044
G-REAL,expensive,-0.10900595063333,3,675,0.0044
"Reality Turiec s.r o.",expensive,-0.13537117900000,3,675,0.0044
"XEMAR realitná spoločnosť s.r.o.",expensive,0.01085046200000,3,675,0.0044
"Mamud Reality s. r. o.",expensive,-0.09403662570000,2,675,0.0030
"X-REAL, s. r. o.",expensive,0.23602817610000,2,675,0.0030
"Mgr. Nina Herčková, RSc.",expensive,0.03855479420000,2,675,0.0030
"Gro & Partners",expensive,-0.00434590030000,2,675,0.0030
"ARCHEUS Partners a.s.",expensive,-0.04448712400000,2,675,0.0030
"bezmaklérov, s.r.o.",expensive,0.12288329510000,2,675,0.0030
liptoreal,expensive,0.09939680930000,2,675,0.0030
donidDevelop,expensive,-0.01725479300000,2,675,0.0030
"GAMA Reality, s.r.o.",expensive,-0.05093463830000,2,675,0.0030
"Reality D.P.A.",expensive,0.01281688730000,2,675,0.0030
"Pegas real s.r.o.",expensive,-0.08221774250000,2,675,0.0030
"IDEÁLNE BÝVANIE, s.r.o.",expensive,-0.13196508350000,2,675,0.0030
"RK4 REALITY",expensive,-0.03045954550000,2,675,0.0030
"Eden Real estate, s.r.o.",expensive,-0.08715551480000,2,675,0.0030
"CPM Real Estate",expensive,0.11243422410000,1,675,0.0015
"HOLESTIAK.sk reality s.r.o.",expensive,-0.17302695510000,1,675,0.0015
"Apollo House",expensive,0.26582278480000,1,675,0.0015
"ML realitný& finančny servis s.r.o. , BrokerSoft s.r.o. , Monika Launerová - SZČO",expensive,-0.06222273600000,1,675,0.0015
"Svoboda&Williams Slovakia s.r.o.",expensive,0.19804137130000,1,675,0.0015
"sunnyreal s.r.o.",expensive,0.00581835500000,1,675,0.0015
"Local reality s. r. o.",expensive,0.09922642670000,1,675,0.0015
"Realitná kancelária DR, s.r.o.",expensive,-0.17419233630000,1,675,0.0015
"KES - RV s.r.o.",expensive,-0.02389994840000,1,675,0.0015
"Pro Real, s. r. o. realitná kancelária",expensive,-0.10387344230000,1,675,0.0015
"Crystin reality, s.r.o.",expensive,0.05657663660000,1,675,0.0015
"BEŇO REALITY",expensive,0.06064039350000,1,675,0.0015
AZUR.RE,expensive,-0.10689409110000,1,675,0.0015
"TeEq Reality",expensive,-0.03389830180000,1,675,0.0015
"Felicita Real s. r. o.",expensive,-0.01528447340000,1,675,0.0015
"KRALIKOVA reality",expensive,0.21638389830000,1,675,0.0015
"Wealth Group, s.r.o.",expensive,-0.02639581500000,1,675,0.0015
"Porto Real Group",expensive,0.08221774250000,1,675,0.0015
"BALAŽI REAL ESTATE s.r.o.",expensive,-0.54144922580000,1,675,0.0015
"SLNOVRAT, s.r.o.",expensive,-0.00015149220000,1,675,0.0015
"Jacek reality s. r. o.",expensive,-0.11591204340000,1,675,0.0015
"STAREA, s. r. o.",expensive,-0.19057227800000,1,675,0.0015
"LAVENTURA s.r.o.",expensive,-0.00289559120000,1,675,0.0015
"RK VILLEA, s. r. o.",expensive,0.62979885420000,1,675,0.0015
"JKV REAL",expensive,-0.13191289040000,1,675,0.0015
"ETHOS reality, s. r. o.",expensive,-0.58795170790000,1,675,0.0015
"Vivid House s. r. o.",expensive,0.00000000000000,1,675,0.0015
"Realitná kancelária RED, s.r.o.","fully renovated",-0.02263243070000,25,326,0.0767
"B10 Slovensko, a. s.","fully renovated",-0.07534494640000,21,326,0.0644
"Reality Alpia","fully renovated",-0.04840387818571,21,326,0.0644
"TUreality s.r.o.","fully renovated",-0.04107718698889,20,326,0.0613
"RIEŠIME BÝVANIE","fully renovated",0.05993458513333,15,326,0.0460
"Realitné kancelárie SR","fully renovated",-0.00557674950000,15,326,0.0460
"Realitná kancelária","fully renovated",-0.01077695011667,14,326,0.0429
"MGM reality","fully renovated",-0.02206129330000,12,326,0.0368
"1. Reality Rent, s.r.o.","fully renovated",0.06735243830000,12,326,0.0368
"AstonReal s.r.o.","fully renovated",0.04970835757500,11,326,0.0337
"RK SPIRIT s.r.o.","fully renovated",0.10313268180000,10,326,0.0307
"FINREA - ak vám záleží na výsledku","fully renovated",-0.06072263215000,9,326,0.0276
"TARGETreal s. r. o.","fully renovated",-0.02952199012500,9,326,0.0276
"ŽILINAREAL, s.r.o.","fully renovated",-0.08160128752000,8,326,0.0245
"NajBývanie, s.r.o.","fully renovated",-0.02665241245000,8,326,0.0245
"OVERENÉ REALITY","fully renovated",0.00064697500000,8,326,0.0245
"OREA, s.r.o.","fully renovated",0.12863452500000,7,326,0.0215
"ALT REAL, s.r.o.","fully renovated",0.08436722910000,6,326,0.0184
"RE/MAX Slovakia","fully renovated",0.04841987912500,6,326,0.0184
"Vianema s.r.o.","fully renovated",-0.06103409440000,5,326,0.0153
"HALO reality, s.r.o.","fully renovated",0.00535122310000,5,326,0.0153
"RESIDENCE realitná kancelária","fully renovated",-0.12305690760000,5,326,0.0153
"Safe reality s. r. o.","fully renovated",-0.00736447440000,4,326,0.0123
"REALITY SPOLU","fully renovated",-0.01164647650000,4,326,0.0123
"KA Real","fully renovated",-0.00846738242500,4,326,0.0123
"RK Dalmia s. r. o.","fully renovated",-0.00598970205000,4,326,0.0123
"Reality AK, spol. s r.o.","fully renovated",-0.08436722910000,3,326,0.0092
"Buby reality, s.r.o.","fully renovated",0.09321596106667,3,326,0.0092
"Constario REALTY s.r.o.","fully renovated",0.08152482265000,3,326,0.0092
"Direct Real, spol. s r.o.","fully renovated",0.28636790950000,3,326,0.0092
"XEMAR realitná spoločnosť s.r.o.","fully renovated",-0.10424859816667,3,326,0.0092
"JKV REAL","fully renovated",-0.13191289040000,3,326,0.0092
"LIF REAL","fully renovated",-0.02826279090000,2,326,0.0061
"Reality D.P.A.","fully renovated",0.00813985570000,2,326,0.0061
"Felicita Real s. r. o.","fully renovated",0.00845643020000,2,326,0.0061
"Like Reality s.r.o.","fully renovated",0.05032996310000,2,326,0.0061
"Nestor Capital s.r.o.","fully renovated",0.06921112040000,2,326,0.0061
"Mamud Reality s. r. o.","fully renovated",0.07162131290000,2,326,0.0061
"EASY centrum bývania, s.r.o.","fully renovated",0.33217300890000,2,326,0.0061
"Reality MT s.r.o.","fully renovated",0.00443719740000,2,326,0.0061
"DreamReality s.r.o.","fully renovated",-0.23423572420000,2,326,0.0061
"J.M.H. s.r.o.","fully renovated",0.29826484910000,1,326,0.0031
"Local reality s. r. o.","fully renovated",0.09922642670000,1,326,0.0031
"GARANT REALITY","fully renovated",-0.03004287720000,1,326,0.0031
"Reality IQ, s.r.o.","fully renovated",-0.01184757070000,1,326,0.0031
"sunnyreal s.r.o.","fully renovated",0.00581835500000,1,326,0.0031
"STAREA, s. r. o.","fully renovated",-0.19057227800000,1,326,0.0031
"Realitka pre každého","fully renovated",0.21912324600000,1,326,0.0031
"Top Real Košice s.r.o.","fully renovated",-0.03463725110000,1,326,0.0031
"YFE, s.r.o.","fully renovated",-0.23308236740000,1,326,0.0031
AZUR.RE,"fully renovated",-0.10689409110000,1,326,0.0031
"PhDr. Miloš Kocúr - BKM Consulting","fully renovated",0.13575253950000,1,326,0.0031
"BEEVAM, s.r.o.","fully renovated",-0.03617126670000,1,326,0.0031
"GERT , s.r.o.","fully renovated",-0.01590209100000,1,326,0.0031
"Financie a reality od A po Z","fully renovated",-0.15098988940000,1,326,0.0031
G-REAL,"fully renovated",-0.10313268180000,1,326,0.0031
"KING REAL s. r. o.","fully renovated",-0.13842224080000,1,326,0.0031
"RK4 REALITY","fully renovated",-0.03045954550000,1,326,0.0031
"LAVENTURA s.r.o.","fully renovated",-0.00289559120000,1,326,0.0031
"Jacek reality s. r. o.","fully renovated",-0.11591204340000,1,326,0.0031
"KRALIKOVA reality","fully renovated",0.21638389830000,1,326,0.0031
"Georgi Conev","fully renovated",0.00669071470000,1,326,0.0031
"Gro & Partners","fully renovated",-0.00434590030000,1,326,0.0031
"RESIDENCE realitná kancelária","holiday apartment",0.11860272051176,18,102,0.1765
"Reality Alpia","holiday apartment",-0.01830729914545,14,102,0.1373
"RK SPIRIT s.r.o.","holiday apartment",-0.06140116572000,12,102,0.1176
"MK-CORP s.r.o.","holiday apartment",-0.27680992222500,8,102,0.0784
"Tatra Invest","holiday apartment",-0.03962844556667,4,102,0.0392
"RIEŠIME BÝVANIE","holiday apartment",-0.01988286350000,3,102,0.0294
"REALITY SPOLU","holiday apartment",0.01384617493333,3,102,0.0294
Limaxreal,"holiday apartment",-0.15552733480000,3,102,0.0294
"Realitné kancelárie SR","holiday apartment",-0.11121030350000,3,102,0.0294
jabyvam.sk,"holiday apartment",-0.04447875330000,2,102,0.0196
"ML realitný& finančny servis s.r.o. , BrokerSoft s.r.o. , Monika Launerová - SZČO","holiday apartment",-0.13360036155000,2,102,0.0196
"J.M.H. s.r.o.","holiday apartment",-0.18187944445000,2,102,0.0196
"Occam New Home","holiday apartment",-0.17525844855000,2,102,0.0196
"ARCHEUS Partners a.s.","holiday apartment",-0.00435471690000,2,102,0.0196
"KRUPPKY, s.r.o.","holiday apartment",0.18619238180000,2,102,0.0196
"OREA, s.r.o.","holiday apartment",0.15779577805000,2,102,0.0196
"CreeX Reality s.r.o.","holiday apartment",0.23192346430000,1,102,0.0098
"XEMAR realitná spoločnosť s.r.o.","holiday apartment",0.23192346430000,1,102,0.0098
"Nové bývanie","holiday apartment",0.34095807010000,1,102,0.0098
"Domovia s. r. o.","holiday apartment",-0.09611226130000,1,102,0.0098
"Top Real Košice s.r.o.","holiday apartment",-0.03463725110000,1,102,0.0098
"All 4 Life, s.r.o.","holiday apartment",0.04338634840000,1,102,0.0098
"Romantické Chalupy, s.r.o.","holiday apartment",0.08227224810000,1,102,0.0098
"United Professionals s.r.o.","holiday apartment",0.06471329840000,1,102,0.0098
"NajBývanie, s.r.o.","holiday apartment",-0.06737131800000,1,102,0.0098
"Pegas real s.r.o.","holiday apartment",-0.08221774250000,1,102,0.0098
"Porto Real Group","holiday apartment",0.08221774250000,1,102,0.0098
"AstonReal s.r.o.","holiday apartment",-0.06985601400000,1,102,0.0098
ZEIRA,"holiday apartment",0.19994580370000,1,102,0.0098
"GERT , s.r.o.","holiday apartment",-0.01590209100000,1,102,0.0098
"DLUGO reality","holiday apartment",0.19899736660000,1,102,0.0098
liptoreal,"holiday apartment",0.16233216100000,1,102,0.0098
"Juraj Hegyi Reality & Development s.r.o.","holiday apartment",0.32054171450000,1,102,0.0098
"B10 Slovensko, a. s.","holiday apartment",0.22242060730000,1,102,0.0098
"Reality Now","holiday apartment",-0.23485910270000,1,102,0.0098
"DOMUM realitná spoločnosť s. r. o.","holiday apartment",-0.07520555470000,1,102,0.0098
"Reality Alpia",house,-0.16773681757500,57,1704,0.0335
"Reality Alpia",house,-0.16773681757500,57,1704,0.0335
"TUreality s.r.o.",house,0.22518690085000,56,1704,0.0329
"TUreality s.r.o.",house,0.22518690085000,56,1704,0.0329
"Realitné kancelárie SR",house,0.15065038730000,52,1704,0.0305
"Realitné kancelárie SR",house,0.15065038730000,52,1704,0.0305
"Realitná kancelária RED, s.r.o.",house,0.07460676351818,37,1704,0.0217
"Realitná kancelária RED, s.r.o.",house,0.07460676351818,37,1704,0.0217
"Romantické Chalupy, s.r.o.",house,0.03489790637500,36,1704,0.0211
"Romantické Chalupy, s.r.o.",house,0.03489790637500,36,1704,0.0211
"TARGETreal s. r. o.",house,0.01724393381429,32,1704,0.0188
"TARGETreal s. r. o.",house,0.01724393381429,32,1704,0.0188
"RIEŠIME BÝVANIE",house,-0.07589380967500,31,1704,0.0182
"RIEŠIME BÝVANIE",house,-0.07589380967500,31,1704,0.0182
"Realitná kancelária",house,0.00584737640000,30,1704,0.0176
"Realitná kancelária",house,0.00584737640000,30,1704,0.0176
"B10 Slovensko, a. s.",house,-0.08573499086667,26,1704,0.0153
"1. Reality Rent, s.r.o.",house,0.20798425553750,26,1704,0.0153
"B10 Slovensko, a. s.",house,-0.08573499086667,26,1704,0.0153
"1. Reality Rent, s.r.o.",house,0.20798425553750,26,1704,0.0153
"RE/MAX Slovakia",house,-0.01845368392857,25,1704,0.0147
"RE/MAX Slovakia",house,-0.01845368392857,25,1704,0.0147
"MGM reality",house,0.05259194932857,25,1704,0.0147
"MGM reality",house,0.05259194932857,25,1704,0.0147
"ALT REAL, s.r.o.",house,0.02772379369231,23,1704,0.0135
"ALT REAL, s.r.o.",house,0.02772379369231,23,1704,0.0135
"TOCA, s.r.o. Realitná činnosť",house,-0.16837837664286,22,1704,0.0129
"TOCA, s.r.o. Realitná činnosť",house,-0.16837837664286,22,1704,0.0129
"HOLESTIAK.sk reality s.r.o.",house,0.30498819665000,21,1704,0.0123
"HOLESTIAK.sk reality s.r.o.",house,0.30498819665000,21,1704,0.0123
"HALO reality, s.r.o.",house,0.02492208956667,19,1704,0.0112
"RES GROUP, s.r.o.",house,-0.15136343160000,19,1704,0.0112
"RES GROUP, s.r.o.",house,-0.15136343160000,19,1704,0.0112
"HALO reality, s.r.o.",house,0.02492208956667,19,1704,0.0112
"NajBývanie, s.r.o.",house,0.27117729260000,18,1704,0.0106
"NajBývanie, s.r.o.",house,0.27117729260000,18,1704,0.0106
"AstonReal s.r.o.",house,-0.11551835640000,17,1704,0.0100
"AstonReal s.r.o.",house,-0.11551835640000,17,1704,0.0100
"Reality ASTORIA, s.r.o.",house,0.42027119320000,16,1704,0.0094
"OVERENÉ REALITY",house,-0.36310167616667,16,1704,0.0094
"OVERENÉ REALITY",house,-0.36310167616667,16,1704,0.0094
"Reality ASTORIA, s.r.o.",house,0.42027119320000,16,1704,0.0094
"Reality MT s.r.o.",house,0.02040816330000,15,1704,0.0088
"Reality MT s.r.o.",house,0.02040816330000,15,1704,0.0088
"ŽILINAREAL, s.r.o.",house,0.02539994325000,14,1704,0.0082
"ŽILINAREAL, s.r.o.",house,0.02539994325000,14,1704,0.0082
"SLNOVRAT, s.r.o.",house,-0.09290994440000,13,1704,0.0076
"SLNOVRAT, s.r.o.",house,-0.09290994440000,13,1704,0.0076
"WFG reality, s.r.o.",house,0.20234617810000,13,1704,0.0076
"WFG reality, s.r.o.",house,0.20234617810000,13,1704,0.0076
"Reality AK, spol. s r.o.",house,0.03338801326000,12,1704,0.0070
"OREA, s.r.o.",house,-0.04681029240000,12,1704,0.0070
"Reality AK, spol. s r.o.",house,0.03338801326000,12,1704,0.0070
"OREA, s.r.o.",house,-0.04681029240000,12,1704,0.0070
jabyvam.sk,house,0.00448488915000,11,1704,0.0065
jabyvam.sk,house,0.00448488915000,11,1704,0.0065
"Buby reality, s.r.o.",house,-0.17154096565000,11,1704,0.0065
"Buby reality, s.r.o.",house,-0.17154096565000,11,1704,0.0065
"RK Dalmia s. r. o.",house,-0.08679106190000,10,1704,0.0059
"RK Dalmia s. r. o.",house,-0.08679106190000,10,1704,0.0059
"Reality Center, s.r.o.",house,0.17419233630000,10,1704,0.0059
"Reality Center, s.r.o.",house,0.17419233630000,10,1704,0.0059
"R2 SK, s.r.o.",house,-0.01436079820000,9,1704,0.0053
"Reality IQ, s.r.o.",house,-0.27886855700000,9,1704,0.0053
"R2 SK, s.r.o.",house,-0.01436079820000,9,1704,0.0053
"Reality IQ, s.r.o.",house,-0.27886855700000,9,1704,0.0053
"Like Reality s.r.o.",house,0.38140020900000,8,1704,0.0047
"Like Reality s.r.o.",house,0.38140020900000,8,1704,0.0047
"JPE. Reality - Jozef Pajer",house,0.00093559050000,7,1704,0.0041
"JPE. Reality - Jozef Pajer",house,0.00093559050000,7,1704,0.0041
"Ing. Marcela Pišteková",house,-0.60997639330000,6,1704,0.0035
"Bosen Group s.r.o.",house,-0.08962617490000,6,1704,0.0035
"DreamReality s.r.o.",house,-0.23423572420000,6,1704,0.0035
"Bosen Group s.r.o.",house,-0.08962617490000,6,1704,0.0035
"DreamReality s.r.o.",house,-0.23423572420000,6,1704,0.0035
"Ing. Marcela Pišteková",house,-0.60997639330000,6,1704,0.0035
liptoreal,house,-0.04967679180000,5,1704,0.0029
"ADH-REAL s.r.o. Hirjaková Adriana",house,-0.16088220300000,5,1704,0.0029
liptoreal,house,-0.04967679180000,5,1704,0.0029
"ADH-REAL s.r.o. Hirjaková Adriana",house,-0.16088220300000,5,1704,0.0029
"Real Reality Development s.r.o.",house,0.17341048180000,4,1704,0.0023
"DRR INVEST, s. r. o.",house,0.14744585990000,4,1704,0.0023
"Real Reality Development s.r.o.",house,0.17341048180000,4,1704,0.0023
"Reality Simply",house,0.00000000000000,4,1704,0.0023
"Apollo House",house,0.06677911960000,4,1704,0.0023
"DRR INVEST, s. r. o.",house,0.14744585990000,4,1704,0.0023
"Apollo House",house,0.06677911960000,4,1704,0.0023
donidDevelop,house,-0.17264650890000,4,1704,0.0023
donidDevelop,house,-0.17264650890000,4,1704,0.0023
"Reality Simply",house,0.00000000000000,4,1704,0.0023
"VAŠA REALITKA s.r.o.",house,-0.22787419375000,3,1704,0.0018
"Trioreality, s.r.o.",house,-0.37765654430000,3,1704,0.0018
"Mamud Reality s. r. o.",house,-0.00628337265000,3,1704,0.0018
"Realitná kancelária DR, s.r.o.",house,-0.17419233630000,3,1704,0.0018
"IDEÁLNE BÝVANIE, s.r.o.",house,-0.13196508350000,3,1704,0.0018
"VAŠA REALITKA s.r.o.",house,-0.22787419375000,3,1704,0.0018
"IDEÁLNE BÝVANIE, s.r.o.",house,-0.13196508350000,3,1704,0.0018
"Realitná kancelária DR, s.r.o.",house,-0.17419233630000,3,1704,0.0018
"Trioreality, s.r.o.",house,-0.37765654430000,3,1704,0.0018
"Mamud Reality s. r. o.",house,-0.00628337265000,3,1704,0.0018
"ETHOS reality, s. r. o.",house,-0.42124263290000,2,1704,0.0012
"PhDr. Miloš Kocúr - BKM Consulting",house,-0.71276296810000,2,1704,0.0012
"TRI LIPY, s. r. o.",house,0.16088220300000,2,1704,0.0012
"Financie a reality od A po Z",house,0.04289180230000,2,1704,0.0012
"Reality D.P.A.",house,0.03164503980000,2,1704,0.0012
"CPM Real Estate",house,0.16137309800000,2,1704,0.0012
"Nestor Capital s.r.o.",house,0.06921112040000,2,1704,0.0012
"Nestor Capital s.r.o.",house,0.06921112040000,2,1704,0.0012
"DOBRÉ REALITY s.r.o.",house,0.02836815100000,2,1704,0.0012
"New Ways Reality&Financie",house,-0.21290465430000,2,1704,0.0012
"New Ways Reality&Financie",house,-0.21290465430000,2,1704,0.0012
"CPM Real Estate",house,0.16137309800000,2,1704,0.0012
"Reality D.P.A.",house,0.03164503980000,2,1704,0.0012
"DOBRÉ REALITY s.r.o.",house,0.02836815100000,2,1704,0.0012
"ETHOS reality, s. r. o.",house,-0.42124263290000,2,1704,0.0012
"PhDr. Miloš Kocúr - BKM Consulting",house,-0.71276296810000,2,1704,0.0012
"TRI LIPY, s. r. o.",house,0.16088220300000,2,1704,0.0012
"Financie a reality od A po Z",house,0.04289180230000,2,1704,0.0012
"Good Reality s.r.o.",house,0.02267741720000,1,1704,0.0006
"KOSIBA reality s.r.o.",house,-0.12702347130000,1,1704,0.0006
"Realitná kancelária Kľúč",house,0.07142572890000,1,1704,0.0006
"REALITY TATRY",house,0.31956397020000,1,1704,0.0006
"DRAŽOBNÍK, s.r.o.",house,-0.31956397020000,1,1704,0.0006
"Allrisk Slovakia Reality & Financie, s.r.o.",house,-0.13240418120000,1,1704,0.0006
"Good Reality s.r.o.",house,0.02267741720000,1,1704,0.0006
"KOSIBA reality s.r.o.",house,-0.12702347130000,1,1704,0.0006
"CreeX Reality s.r.o.",house,-0.07142572890000,1,1704,0.0006
"Realitná kancelária Kľúč",house,0.07142572890000,1,1704,0.0006
"REALITY TATRY",house,0.31956397020000,1,1704,0.0006
"DRAŽOBNÍK, s.r.o.",house,-0.31956397020000,1,1704,0.0006
"GAMA Reality, s.r.o.",house,-0.17428015880000,1,1704,0.0006
"Effecting s.r.o.",house,0.03320706280000,1,1704,0.0006
"X-REAL, s. r. o.",house,0.23602817610000,1,1704,0.0006
"KUBALA REALITY, s.r.o.",house,0.18581988880000,1,1704,0.0006
"Stanislav Motyčík - MK",house,0.01301221130000,1,1704,0.0006
"CreeX Reality s.r.o.",house,-0.07142572890000,1,1704,0.0006
"Stanislav Motyčík - MK",house,0.01301221130000,1,1704,0.0006
"GAMA Reality, s.r.o.",house,-0.17428015880000,1,1704,0.0006
"Effecting s.r.o.",house,0.03320706280000,1,1704,0.0006
"X-REAL, s. r. o.",house,0.23602817610000,1,1704,0.0006
"KUBALA REALITY, s.r.o.",house,0.18581988880000,1,1704,0.0006
"KING REAL s. r. o.",house,-0.13842224080000,1,1704,0.0006
"KING REAL s. r. o.",house,-0.13842224080000,1,1704,0.0006
"Allrisk Slovakia Reality & Financie, s.r.o.",house,-0.13240418120000,1,1704,0.0006
"Realitné kancelárie SR",land,-0.01856642956071,45,1564,0.0288
"Realitné kancelárie SR",land,-0.01856642956071,45,1564,0.0288
"BeMi realitná kancelária",land,0.00887547839091,41,1564,0.0262
"BeMi realitná kancelária",land,0.00887547839091,41,1564,0.0262
"1. Reality Rent, s.r.o.",land,0.09489768741765,35,1564,0.0224
"1. Reality Rent, s.r.o.",land,0.09489768741765,35,1564,0.0224
"RS Mansory s.r.o.",land,-0.05265571580000,30,1564,0.0192
"RS Mansory s.r.o.",land,-0.05265571580000,30,1564,0.0192
"SLNOVRAT, s.r.o.",land,-0.11293131823333,27,1564,0.0173
"SLNOVRAT, s.r.o.",land,-0.11293131823333,27,1564,0.0173
"TARGETreal s. r. o.",land,0.06709424853846,25,1564,0.0160
"TARGETreal s. r. o.",land,0.06709424853846,25,1564,0.0160
"RE/MAX Slovakia",land,0.14666980010000,25,1564,0.0160
"RE/MAX Slovakia",land,0.14666980010000,25,1564,0.0160
"MGM reality",land,-0.29238096830000,24,1564,0.0153
"MGM reality",land,-0.29238096830000,24,1564,0.0153
"BALAŽI REAL ESTATE s.r.o.",land,-0.13638928238000,24,1564,0.0153
"BALAŽI REAL ESTATE s.r.o.",land,-0.13638928238000,24,1564,0.0153
"Reality Alpia",land,-0.19340045931667,20,1564,0.0128
"Reality Alpia",land,-0.19340045931667,20,1564,0.0128
"WFG reality, s.r.o.",land,-0.13499677462222,19,1564,0.0121
"WFG reality, s.r.o.",land,-0.13499677462222,19,1564,0.0121
"TUreality s.r.o.",land,0.05228922565000,17,1564,0.0109
"TUreality s.r.o.",land,0.05228922565000,17,1564,0.0109
"Realitná kancelária",land,-0.18037068501111,16,1564,0.0102
"Realitná kancelária",land,-0.18037068501111,16,1564,0.0102
"Direct Real, spol. s r.o.",land,0.03778731305714,14,1564,0.0090
"RK Dalmia s. r. o.",land,0.03062775748333,14,1564,0.0090
"OREA, s.r.o.",land,-0.13414199925000,14,1564,0.0090
"OREA, s.r.o.",land,-0.13414199925000,14,1564,0.0090
"RK Dalmia s. r. o.",land,0.03062775748333,14,1564,0.0090
"B10 Slovensko, a. s.",land,-0.25877573052500,14,1564,0.0090
"Direct Real, spol. s r.o.",land,0.03778731305714,14,1564,0.0090
"B10 Slovensko, a. s.",land,-0.25877573052500,14,1564,0.0090
"RIEŠIME BÝVANIE",land,-0.12117455514286,13,1564,0.0083
"RIEŠIME BÝVANIE",land,-0.12117455514286,13,1564,0.0083
"Reality D.P.A.",land,0.03994088603333,12,1564,0.0077
"Reality D.P.A.",land,0.03994088603333,12,1564,0.0077
"Real Estate Group4U",land,0.83250825596000,11,1564,0.0070
"ALT REAL, s.r.o.",land,0.12166426016000,11,1564,0.0070
"Safe reality s. r. o.",land,-0.12177466006250,11,1564,0.0070
"Safe reality s. r. o.",land,-0.12177466006250,11,1564,0.0070
"ALT REAL, s.r.o.",land,0.12166426016000,11,1564,0.0070
"Real Estate Group4U",land,0.83250825596000,11,1564,0.0070
"AstonReal s.r.o.",land,-0.01509685376667,10,1564,0.0064
"RES GROUP, s.r.o.",land,0.03857016418000,10,1564,0.0064
"RES GROUP, s.r.o.",land,0.03857016418000,10,1564,0.0064
"Reality AK, spol. s r.o.",land,-0.06721803990000,10,1564,0.0064
"RESIDENCE realitná kancelária",land,0.00988664440000,10,1564,0.0064
"AstonReal s.r.o.",land,-0.01509685376667,10,1564,0.0064
"RESIDENCE realitná kancelária",land,0.00988664440000,10,1564,0.0064
"TOCA, s.r.o. Realitná činnosť",land,-0.05947021110000,10,1564,0.0064
"TOCA, s.r.o. Realitná činnosť",land,-0.05947021110000,10,1564,0.0064
"Reality AK, spol. s r.o.",land,-0.06721803990000,10,1564,0.0064
"HOLESTIAK.sk reality s.r.o.",land,-0.04482780824000,9,1564,0.0058
donidDevelop,land,-0.09412969616667,9,1564,0.0058
"Reality Center, s.r.o.",land,0.01128477256000,9,1564,0.0058
"Reality Center, s.r.o.",land,0.01128477256000,9,1564,0.0058
"HOLESTIAK.sk reality s.r.o.",land,-0.04482780824000,9,1564,0.0058
"RECLOUD Reality a.s.",land,-0.08892969468571,9,1564,0.0058
"TRI LIPY, s. r. o.",land,0.13511059690000,9,1564,0.0058
"RECLOUD Reality a.s.",land,-0.08892969468571,9,1564,0.0058
"TRI LIPY, s. r. o.",land,0.13511059690000,9,1564,0.0058
donidDevelop,land,-0.09412969616667,9,1564,0.0058
"OVERENÉ REALITY",land,0.23188405800000,8,1564,0.0051
"FINREA - ak vám záleží na výsledku",land,-0.28694101500000,8,1564,0.0051
"ŽILINAREAL, s.r.o.",land,0.01977207862000,8,1564,0.0051
"bezmaklérov, s.r.o.",land,0.12288329510000,8,1564,0.0051
"FINREA - ak vám záleží na výsledku",land,-0.28694101500000,8,1564,0.0051
"bezmaklérov, s.r.o.",land,0.12288329510000,8,1564,0.0051
"ŽILINAREAL, s.r.o.",land,0.01977207862000,8,1564,0.0051
"OVERENÉ REALITY",land,0.23188405800000,8,1564,0.0051
"StorkReal s. r. o.",land,0.02233901142500,7,1564,0.0045
"DreamReality s.r.o.",land,0.10991691215000,7,1564,0.0045
"DreamReality s.r.o.",land,0.10991691215000,7,1564,0.0045
"Realitka pre každého",land,0.08334443820000,7,1564,0.0045
"AnoReal, s.r.o.",land,0.25453990015000,7,1564,0.0045
"AnoReal, s.r.o.",land,0.25453990015000,7,1564,0.0045
"Realitka pre každého",land,0.08334443820000,7,1564,0.0045
"StorkReal s. r. o.",land,0.02233901142500,7,1564,0.0045
"Apollo House",land,0.18570782366667,6,1564,0.0038
"Mamud Reality s. r. o.",land,-0.20479841930000,6,1564,0.0038
"Real Reality Development s.r.o.",land,0.01973390233333,6,1564,0.0038
"Mamud Reality s. r. o.",land,-0.20479841930000,6,1564,0.0038
"Real Reality Development s.r.o.",land,0.01973390233333,6,1564,0.0038
"Apollo House",land,0.18570782366667,6,1564,0.0038
"REALITY SPOLU",land,-0.21127116500000,5,1564,0.0032
"MAX PROFI REALITY",land,-0.37725719860000,5,1564,0.0032
"REALITY SPOLU",land,-0.21127116500000,5,1564,0.0032
"Piata Avenue",land,0.52040830710000,5,1564,0.0032
"Piata Avenue",land,0.52040830710000,5,1564,0.0032
"MAX PROFI REALITY",land,-0.37725719860000,5,1564,0.0032
"AnReal s. r. o.",land,-0.19550776510000,4,1564,0.0026
"JPE. Reality - Jozef Pajer",land,0.15083416550000,4,1564,0.0026
"Ing. Gerlinda Bérešová - Esti",land,-0.15823030476667,4,1564,0.0026
"Romantické Chalupy, s.r.o.",land,-0.04136099325000,4,1564,0.0026
Limaxreal,land,-0.06735782970000,4,1564,0.0026
"ETHOS reality, s. r. o.",land,-0.20146428860000,4,1564,0.0026
"DRR INVEST, s. r. o.",land,0.21994200790000,4,1564,0.0026
"Reality IQ, s.r.o.",land,-0.27138116815000,4,1564,0.0026
"Reality IQ, s.r.o.",land,-0.27138116815000,4,1564,0.0026
"BEŇO REALITY",land,0.12807463290000,4,1564,0.0026
"ROMDOM, s. r. o",land,0.42346340380000,4,1564,0.0026
"Reality ASTORIA, s.r.o.",land,-0.04349432005000,4,1564,0.0026
"AP REAL, s.r.o.",land,-0.44322850670000,4,1564,0.0026
"ROMDOM, s. r. o",land,0.42346340380000,4,1564,0.0026
"Vianema s.r.o.",land,-0.05826927383333,4,1564,0.0026
"Reality ASTORIA, s.r.o.",land,-0.04349432005000,4,1564,0.0026
"AP REAL, s.r.o.",land,-0.44322850670000,4,1564,0.0026
Limaxreal,land,-0.06735782970000,4,1564,0.0026
"AnReal s. r. o.",land,-0.19550776510000,4,1564,0.0026
"ETHOS reality, s. r. o.",land,-0.20146428860000,4,1564,0.0026
"DRR INVEST, s. r. o.",land,0.21994200790000,4,1564,0.0026
"Romantické Chalupy, s.r.o.",land,-0.04136099325000,4,1564,0.0026
"BEŇO REALITY",land,0.12807463290000,4,1564,0.0026
"R2 SK, s.r.o.",land,0.13445745062500,4,1564,0.0026
"Ing. Gerlinda Bérešová - Esti",land,-0.15823030476667,4,1564,0.0026
"JPE. Reality - Jozef Pajer",land,0.15083416550000,4,1564,0.0026
"Vianema s.r.o.",land,-0.05826927383333,4,1564,0.0026
"R2 SK, s.r.o.",land,0.13445745062500,4,1564,0.0026
"LIF REAL",land,-0.00057758660000,3,1564,0.0019
"Nové bývanie",land,-0.11028403713333,3,1564,0.0019
"RK VILLEA, s. r. o.",land,0.34246623440000,3,1564,0.0019
"Reality MT s.r.o.",land,0.02860714085000,3,1564,0.0019
"Bosen Group s.r.o.",land,-0.05513361460000,3,1564,0.0019
liptoreal,land,0.04876291140000,3,1564,0.0019
"Reality MT s.r.o.",land,0.02860714085000,3,1564,0.0019
liptoreal,land,0.04876291140000,3,1564,0.0019
"Nové bývanie",land,-0.11028403713333,3,1564,0.0019
"X-REAL, s. r. o.",land,-0.32450708240000,3,1564,0.0019
"Georgi Conev",land,-0.21999096895000,3,1564,0.0019
"X-REAL, s. r. o.",land,-0.32450708240000,3,1564,0.0019
"Reality Turiec s.r o.",land,-0.13537117900000,3,1564,0.0019
"Georgi Conev",land,-0.21999096895000,3,1564,0.0019
"Bosen Group s.r.o.",land,-0.05513361460000,3,1564,0.0019
"Reality Turiec s.r o.",land,-0.13537117900000,3,1564,0.0019
"RK VILLEA, s. r. o.",land,0.34246623440000,3,1564,0.0019
"LIF REAL",land,-0.00057758660000,3,1564,0.0019
"EASY centrum bývania, s.r.o.",land,-0.20750394650000,2,1564,0.0013
"Ing.Zuzana Paverová",land,-0.16394599635000,2,1564,0.0013
"ATP stavby s.r.o.",land,0.40566407530000,2,1564,0.0013
"RADO Reality",land,-0.51443709250000,2,1564,0.0013
"RADO Reality",land,-0.51443709250000,2,1564,0.0013
"ATP stavby s.r.o.",land,0.40566407530000,2,1564,0.0013
"Ing.Zuzana Paverová",land,-0.16394599635000,2,1564,0.0013
"Reality Now",land,-0.41762833890000,2,1564,0.0013
"EASY centrum bývania, s.r.o.",land,-0.20750394650000,2,1564,0.0013
"RK4 REALITY",land,0.04414221850000,2,1564,0.0013
"KRUPPKY, s.r.o.",land,0.25733445100000,2,1564,0.0013
"XEMAR realitná spoločnosť s.r.o.",land,0.02071629210000,2,1564,0.0013
"KRUPPKY, s.r.o.",land,0.25733445100000,2,1564,0.0013
"BIZNIS REALITY, s.r.o.",land,0.11125142060000,2,1564,0.0013
"Renovo Reality",land,0.25582714770000,2,1564,0.0013
"ADH-REAL s.r.o. Hirjaková Adriana",land,0.10932847160000,2,1564,0.0013
"Eden Real estate, s.r.o.",land,-0.08715551480000,2,1564,0.0013
"ROSA reality",land,0.39128579810000,2,1564,0.0013
"Q REAL s.r.o.",land,0.09799075110000,2,1564,0.0013
"NFA Group, s.r.o.",land,-0.49827247115000,2,1564,0.0013
"Q REAL s.r.o.",land,0.09799075110000,2,1564,0.0013
"Eden Real estate, s.r.o.",land,-0.08715551480000,2,1564,0.0013
"ADH-REAL s.r.o. Hirjaková Adriana",land,0.10932847160000,2,1564,0.0013
"Renovo Reality",land,0.25582714770000,2,1564,0.0013
"BIZNIS REALITY, s.r.o.",land,0.11125142060000,2,1564,0.0013
"XEMAR realitná spoločnosť s.r.o.",land,0.02071629210000,2,1564,0.0013
"ROSA reality",land,0.39128579810000,2,1564,0.0013
"NFA Group, s.r.o.",land,-0.49827247115000,2,1564,0.0013
"RK4 REALITY",land,0.04414221850000,2,1564,0.0013
"Reality Now",land,-0.41762833890000,2,1564,0.0013
"Delta Property s.r.o.",land,-0.13837676670000,1,1564,0.0006
"Gro & Partners",land,-0.02381947350000,1,1564,0.0006
"TeEq Reality",land,-0.03389830180000,1,1564,0.0006
jabyvam.sk,land,-0.08846451420000,1,1564,0.0006
"Vivid House s. r. o.",land,0.00000000000000,1,1564,0.0006
"IDEÁLNE BÝVANIE, s.r.o.",land,0.30734526080000,1,1564,0.0006
"LAWIS s.r.o.",land,-0.02433422430000,1,1564,0.0006
"LAWIS s.r.o.",land,-0.02433422430000,1,1564,0.0006
"House Real Žilina",land,-0.53679809030000,1,1564,0.0006
"Pro Real, s. r. o. realitná kancelária",land,-0.01329307670000,1,1564,0.0006
"Vivid House s. r. o.",land,0.00000000000000,1,1564,0.0006
"KUBALA REALITY, s.r.o.",land,-0.19357935410000,1,1564,0.0006
"Gro & Partners",land,-0.02381947350000,1,1564,0.0006
"BV REAL PD, s.r.o.",land,-0.23518900340000,1,1564,0.0006
"Pro Real, s. r. o. realitná kancelária",land,-0.01329307670000,1,1564,0.0006
"Kristína Čanády",land,0.13081164760000,1,1564,0.0006
"House Real Žilina",land,-0.53679809030000,1,1564,0.0006
"PRIMA reality s.r.o.",land,0.33472522560000,1,1564,0.0006
"Trioreality, s.r.o.",land,0.28770437930000,1,1564,0.0006
"MartinTham s. r. o.",land,0.10745951060000,1,1564,0.0006
jabyvam.sk,land,-0.08846451420000,1,1564,0.0006
"MS Alpex, k.s.",land,0.02987145100000,1,1564,0.0006
Envire,land,0.30182906980000,1,1564,0.0006
"Delta Property s.r.o.",land,-0.13837676670000,1,1564,0.0006
"Mgr. Nina Herčková, RSc.",land,0.03855479420000,1,1564,0.0006
Envire,land,0.30182906980000,1,1564,0.0006
"Trioreality, s.r.o.",land,0.28770437930000,1,1564,0.0006
"1.BCR REAL ESTATE SLOVAKIA",land,0.48878586640000,1,1564,0.0006
"IDEÁLNE BÝVANIE, s.r.o.",land,0.30734526080000,1,1564,0.0006
"1.BCR REAL ESTATE SLOVAKIA",land,0.48878586640000,1,1564,0.0006
"MS Alpex, k.s.",land,0.02987145100000,1,1564,0.0006
"MartinTham s. r. o.",land,0.10745951060000,1,1564,0.0006
"TeEq Reality",land,-0.03389830180000,1,1564,0.0006
"PRIMA reality s.r.o.",land,0.33472522560000,1,1564,0.0006
"Kristína Čanády",land,0.13081164760000,1,1564,0.0006
"BV REAL PD, s.r.o.",land,-0.23518900340000,1,1564,0.0006
"Mgr. Nina Herčková, RSc.",land,0.03855479420000,1,1564,0.0006
"KUBALA REALITY, s.r.o.",land,-0.19357935410000,1,1564,0.0006
"RS Mansory s.r.o.","new construction",-0.01010320160000,36,615,0.0585
"Realitná kancelária RED, s.r.o.","new construction",0.07467835922667,33,615,0.0537
"RESIDENCE realitná kancelária","new construction",0.08141161625217,28,615,0.0455
"Realitné kancelárie SR","new construction",-0.08866577357143,25,615,0.0407
"RK SPIRIT s.r.o.","new construction",-0.06140116572000,24,615,0.0390
"TUreality s.r.o.","new construction",0.08988830614000,23,615,0.0374
"Buby reality, s.r.o.","new construction",-0.07058060673333,22,615,0.0358
"MGM reality","new construction",0.08403018028333,21,615,0.0341
"WFG reality, s.r.o.","new construction",0.00801730295000,20,615,0.0325
"TARGETreal s. r. o.","new construction",-0.07290039614444,19,615,0.0309
"OREA, s.r.o.","new construction",0.01958974651667,18,615,0.0293
"Reinoo a.s.","new construction",-0.00036466255556,17,615,0.0276
"RE/MAX Slovakia","new construction",-0.01990643314286,16,615,0.0260
"ALT REAL, s.r.o.","new construction",0.03947960456250,13,615,0.0211
"Reality Alpia","new construction",0.04593124995000,13,615,0.0211
"TOCA, s.r.o. Realitná činnosť","new construction",-0.16837837664286,12,615,0.0195
G-REAL,"new construction",-0.03569020180000,11,615,0.0179
"RIEŠIME BÝVANIE","new construction",-0.03573007222500,11,615,0.0179
"Bosen Group s.r.o.","new construction",-0.02237199027500,10,615,0.0163
"ODEKO manažment s.r.o.","new construction",0.01182320193333,10,615,0.0163
"B10 Slovensko, a. s.","new construction",0.14170597766667,10,615,0.0163
"MK-CORP s.r.o.","new construction",-0.27680992222500,9,615,0.0146
"BeMi realitná kancelária","new construction",-0.27713536940000,9,615,0.0146
"ŽILINAREAL, s.r.o.","new construction",-0.09855441797143,8,615,0.0130
"Realitná kancelária","new construction",0.00584737640000,8,615,0.0130
"Reality AK, spol. s r.o.","new construction",-0.00584737640000,8,615,0.0130
"AstonReal s.r.o.","new construction",-0.03960962511667,7,615,0.0114
"Financial Hotels Management, s.r.o.","new construction",0.15135222670000,7,615,0.0114
"RES GROUP, s.r.o.","new construction",-0.15136343160000,6,615,0.0098
"Reality MT s.r.o.","new construction",0.02040816330000,6,615,0.0098
"R2 SK, s.r.o.","new construction",-0.00233903615000,5,615,0.0081
"RK Dalmia s. r. o.","new construction",0.01528576135000,5,615,0.0081
"FINREA - ak vám záleží na výsledku","new construction",0.09057069580000,5,615,0.0081
donidDevelop,"new construction",-0.02620290132500,5,615,0.0081
"KORSO Project, s.r.o.","new construction",0.08101902132000,5,615,0.0081
Limaxreal,"new construction",-0.04531060263333,5,615,0.0081
"OVERENÉ REALITY","new construction",-0.11051010033333,4,615,0.0065
"Reality Center, s.r.o.","new construction",0.14209842220000,4,615,0.0065
"Tatra Invest","new construction",-0.03962844556667,4,615,0.0065
"HMS Services, a. s.","new construction",0.01537219946667,4,615,0.0065
"Reality ASTORIA, s.r.o.","new construction",0.31822637030000,4,615,0.0065
"Piata Avenue","new construction",-0.07782970780000,4,615,0.0065
"Occam New Home","new construction",-0.17525844855000,4,615,0.0065
"Apollo House","new construction",0.06677911960000,4,615,0.0065
"IDEÁLNE BÝVANIE, s.r.o.","new construction",-0.13196508350000,4,615,0.0065
"DreamReality s.r.o.","new construction",-0.05896051835000,4,615,0.0065
"ARCHEUS Partners a.s.","new construction",-0.04971209036667,4,615,0.0065
"NajBývanie, s.r.o.","new construction",-0.09271191370000,4,615,0.0065
"HALO reality, s.r.o.","new construction",0.15666260190000,4,615,0.0065
"XEMAR realitná spoločnosť s.r.o.","new construction",0.11645404810000,4,615,0.0065
"DRR INVEST, s. r. o.","new construction",0.14744585990000,3,615,0.0049
"Real Reality Development s.r.o.","new construction",0.17341048180000,3,615,0.0049
"DLUGO reality","new construction",0.19899736660000,3,615,0.0049
"REALITY SPOLU","new construction",0.06483147780000,3,615,0.0049
"Nové bývanie","new construction",0.34095807010000,3,615,0.0049
"Prvá Realitná Kancelária, s.r.o.","new construction",0.07692328400000,3,615,0.0049
"GAMA Reality, s.r.o.","new construction",-0.11260739855000,2,615,0.0033
"J.M.H. s.r.o.","new construction",-0.18187944445000,2,615,0.0033
"JPE. Reality - Jozef Pajer","new construction",0.17428015880000,2,615,0.0033
"DOMUM realitná spoločnosť s. r. o.","new construction",-0.07520555470000,2,615,0.0033
"CPM Real Estate","new construction",0.16137309800000,2,615,0.0033
"Renovo Reality","new construction",0.31411834830000,2,615,0.0033
"ML realitný& finančny servis s.r.o. , BrokerSoft s.r.o. , Monika Launerová - SZČO","new construction",-0.13360036155000,2,615,0.0033
"HD reality group s.r.o","new construction",-0.08212172370000,2,615,0.0033
"Svoboda&Williams Slovakia s.r.o.","new construction",0.19804137130000,2,615,0.0033
"STAREA, s. r. o.","new construction",-0.07649173975000,2,615,0.0033
jabyvam.sk,"new construction",-0.04447875330000,2,615,0.0033
liptoreal,"new construction",0.16233216100000,2,615,0.0033
"KRUPPKY, s.r.o.","new construction",0.18619238180000,2,615,0.0033
"CANGURU s.r.o.","new construction",0.07528366860000,2,615,0.0033
"TRI LIPY, s. r. o.","new construction",0.01143404300000,1,615,0.0016
"MG real, s.r.o.","new construction",-0.01143404300000,1,615,0.0016
"TATRA CITY RESIDENCE s. r. o.","new construction",0.18488203060000,1,615,0.0016
"Juraj Hegyi Reality & Development s.r.o.","new construction",0.32054171450000,1,615,0.0016
"Domovia s. r. o.","new construction",-0.09611226130000,1,615,0.0016
"All 4 Life, s.r.o.","new construction",0.04338634840000,1,615,0.0016
"Good Reality s.r.o.","new construction",0.02267741720000,1,615,0.0016
"BB - REALITY,  s.r.o.","new construction",-0.00859885050000,1,615,0.0016
"Effecting s.r.o.","new construction",0.03320706280000,1,615,0.0016
"Estate Invest","new construction",0.21884883370000,1,615,0.0016
"RexDeco s.r.o.","new construction",0.15010287740000,1,615,0.0016
"ETHOS reality, s. r. o.","new construction",-0.42124263290000,1,615,0.0016
"VAŠA REALITKA s.r.o.","new construction",-0.02267741720000,1,615,0.0016
"Reality IQ, s.r.o.","new construction",-0.32170893790000,1,615,0.0016
"REALITY FAIR","new construction",-0.23982865970000,1,615,0.0016
"Pegas real s.r.o.","new construction",-0.08221774250000,1,615,0.0016
"Stanislav Motyčík - MK","new construction",0.01301221130000,1,615,0.0016
"Porto Real Group","new construction",0.08221774250000,1,615,0.0016
ZEIRA,"new construction",0.19994580370000,1,615,0.0016
"United Professionals s.r.o.","new construction",0.06471329840000,1,615,0.0016
"Eli real realitná kancelária","new construction",-0.05241056390000,1,615,0.0016
"CreeX Reality s.r.o.","new construction",0.23192346430000,1,615,0.0016
"Reality Now","new construction",-0.23485910270000,1,615,0.0016
"TOCA, s.r.o. Realitná činnosť","okres Bytča",-0.07364746655714,30,93,0.3226
"RIEŠIME BÝVANIE","okres Bytča",-0.10910662306667,8,93,0.0860
"Realitné kancelárie SR","okres Bytča",0.29001993670000,7,93,0.0753
"Romantické Chalupy, s.r.o.","okres Bytča",-0.06200569440000,6,93,0.0645
"TARGETreal s. r. o.","okres Bytča",-0.15367264095000,5,93,0.0538
"RS Mansory s.r.o.","okres Bytča",-0.32757737920000,5,93,0.0538
"TUreality s.r.o.","okres Bytča",0.02428886940000,5,93,0.0538
"Realitná kancelária RED, s.r.o.","okres Bytča",0.38357963320000,4,93,0.0430
"ADH-REAL s.r.o. Hirjaková Adriana","okres Bytča",0.10932847160000,4,93,0.0430
"Reality Alpia","okres Bytča",0.00654287840000,4,93,0.0430
"Reality IQ, s.r.o.","okres Bytča",-0.10932847160000,2,93,0.0215
"Safe reality s. r. o.","okres Bytča",0.32077699080000,2,93,0.0215
"Vianema s.r.o.","okres Bytča",-0.16577674150000,2,93,0.0215
"IDEÁLNE BÝVANIE, s.r.o.","okres Bytča",0.30734526080000,2,93,0.0215
"Real Estate Group4U","okres Bytča",0.62929562810000,1,93,0.0108
"Stanislav Motyčík - MK","okres Bytča",0.01301221130000,1,93,0.0108
"BeMi realitná kancelária","okres Bytča",0.04153354630000,1,93,0.0108
"Nové bývanie","okres Bytča",-0.30171825320000,1,93,0.0108
"DRR INVEST, s. r. o.","okres Bytča",0.31125826080000,1,93,0.0108
"RADO Reality","okres Bytča",-0.51443709250000,1,93,0.0108
"ŽILINAREAL, s.r.o.","okres Bytča",0.31125826080000,1,93,0.0108
"1. Reality Rent, s.r.o.","okres Čadca",0.15386003165500,52,286,0.1818
"SLNOVRAT, s.r.o.","okres Čadca",-0.10366790655789,50,286,0.1748
"BeMi realitná kancelária","okres Čadca",0.00653948317500,37,286,0.1294
"HOLESTIAK.sk reality s.r.o.","okres Čadca",0.09314405120000,26,286,0.0909
"JPE. Reality - Jozef Pajer","okres Čadca",0.06868908530000,14,286,0.0490
"TRI LIPY, s. r. o.","okres Čadca",0.13797410868889,11,286,0.0385
"Ing. Marcela Pišteková","okres Čadca",-0.60997639330000,8,286,0.0280
"Trioreality, s.r.o.","okres Čadca",-0.04497608250000,7,286,0.0245
"Safe reality s. r. o.","okres Čadca",0.01536367800000,6,286,0.0210
"MGM reality","okres Čadca",-0.03484848110000,6,286,0.0210
"Realitné kancelárie SR","okres Čadca",-0.76831740520000,5,286,0.0175
"Vianema s.r.o.","okres Čadca",-0.13575253950000,5,286,0.0175
"RECLOUD Reality a.s.","okres Čadca",-0.03495034570000,5,286,0.0175
"WFG reality, s.r.o.","okres Čadca",-0.29354413700000,5,286,0.0175
"RS Mansory s.r.o.","okres Čadca",0.15409878063333,4,286,0.0140
"AP REAL, s.r.o.","okres Čadca",-0.44322850670000,4,286,0.0140
"MENÍME BÝVANIE","okres Čadca",0.03009205120000,4,286,0.0140
"ETHOS reality, s. r. o.","okres Čadca",0.18502313070000,4,286,0.0140
"TARGETreal s. r. o.","okres Čadca",-0.21602216110000,3,286,0.0105
"PhDr. Miloš Kocúr - BKM Consulting","okres Čadca",-0.28850521430000,3,286,0.0105
"Romantické Chalupy, s.r.o.","okres Čadca",-0.08792900870000,3,286,0.0105
"RE/MAX Slovakia","okres Čadca",0.55024616280000,3,286,0.0105
"Reality IQ, s.r.o.","okres Čadca",0.01130290490000,3,286,0.0105
"RIEŠIME BÝVANIE","okres Čadca",-0.11469446070000,2,286,0.0070
"KUBALA REALITY, s.r.o.","okres Čadca",-0.00387973265000,2,286,0.0070
"ŽILINAREAL, s.r.o.","okres Čadca",0.03056653490000,2,286,0.0070
"Nestor Capital s.r.o.","okres Čadca",0.06921112040000,2,286,0.0070
"RES GROUP, s.r.o.","okres Čadca",0.26297760210000,2,286,0.0070
"AnReal s. r. o.","okres Čadca",-0.20792477770000,2,286,0.0070
"Renovo Reality","okres Čadca",-0.03704353650000,1,286,0.0035
"ADH-REAL s.r.o. Hirjaková Adriana","okres Čadca",-0.16088220300000,1,286,0.0035
"GAMA Reality, s.r.o.","okres Čadca",-0.17428015880000,1,286,0.0035
"KING REAL s. r. o.","okres Čadca",-0.13842224080000,1,286,0.0035
"bezmaklérov, s.r.o.","okres Čadca",-0.02260580920000,1,286,0.0035
OPENREALITY,"okres Čadca",-0.00430947310000,1,286,0.0035
"OREA, s.r.o.","okres Dolný Kubín",-0.05430308873333,29,107,0.2710
"RK Dalmia s. r. o.","okres Dolný Kubín",-0.02714511206000,23,107,0.2150
"FINREA - ak vám záleží na výsledku","okres Dolný Kubín",0.12298114753333,18,107,0.1682
"RE/MAX Slovakia","okres Dolný Kubín",-0.04266869117500,9,107,0.0841
"TUreality s.r.o.","okres Dolný Kubín",0.02861970630000,9,107,0.0841
donidDevelop,"okres Dolný Kubín",-0.09412969616667,5,107,0.0467
"Bosen Group s.r.o.","okres Dolný Kubín",0.08281048240000,4,107,0.0374
"RK VILLEA, s. r. o.","okres Dolný Kubín",0.34246623440000,3,107,0.0280
"RES GROUP, s.r.o.","okres Dolný Kubín",-0.08115704630000,3,107,0.0280
"Reality Alpia","okres Dolný Kubín",-0.14511977830000,2,107,0.0187
"bezmaklérov, s.r.o.","okres Dolný Kubín",0.12288329510000,1,107,0.0093
"HD reality group s.r.o","okres Dolný Kubín",-0.25624279990000,1,107,0.0093
"WFG reality, s.r.o.","okres Kysucké Nové Mesto",0.01192122850000,9,83,0.1084
"BeMi realitná kancelária","okres Kysucké Nové Mesto",0.18249005120000,7,83,0.0843
"Safe reality s. r. o.","okres Kysucké Nové Mesto",-0.69811862700000,6,83,0.0723
"1. Reality Rent, s.r.o.","okres Kysucké Nové Mesto",0.10362859117500,6,83,0.0723
"Pro Real, s. r. o. realitná kancelária","okres Kysucké Nové Mesto",0.04569535775000,5,83,0.0602
"ROMDOM, s. r. o","okres Kysucké Nové Mesto",1.00000000000000,5,83,0.0602
"HOLESTIAK.sk reality s.r.o.","okres Kysucké Nové Mesto",0.02756672670000,5,83,0.0602
"Realitné kancelárie SR","okres Kysucké Nové Mesto",0.02400078750000,5,83,0.0602
"DreamReality s.r.o.","okres Kysucké Nové Mesto",-0.06426312460000,5,83,0.0602
"ROSA reality","okres Kysucké Nové Mesto",0.39128579810000,4,83,0.0482
"TUreality s.r.o.","okres Kysucké Nové Mesto",0.02741392830000,3,83,0.0361
"Realitná kancelária","okres Kysucké Nové Mesto",-0.06024850960000,3,83,0.0361
"RK4 REALITY","okres Kysucké Nové Mesto",0.04414221850000,3,83,0.0361
"TARGETreal s. r. o.","okres Kysucké Nové Mesto",-0.04390373855000,2,83,0.0241
"SLNOVRAT, s.r.o.","okres Kysucké Nové Mesto",-0.24889339240000,2,83,0.0241
"B10 Slovensko, a. s.","okres Kysucké Nové Mesto",-1.00000000000000,2,83,0.0241
"RS Mansory s.r.o.","okres Kysucké Nové Mesto",0.28366825985000,2,83,0.0241
"TRI LIPY, s. r. o.","okres Kysucké Nové Mesto",0.01143404300000,1,83,0.0120
"Realitná kancelária RED, s.r.o.","okres Kysucké Nové Mesto",-0.02756672670000,1,83,0.0120
"Mamud Reality s. r. o.","okres Kysucké Nové Mesto",-0.18766999090000,1,83,0.0120
"Reality IQ, s.r.o.","okres Kysucké Nové Mesto",-0.43343386470000,1,83,0.0120
Envire,"okres Kysucké Nové Mesto",0.30182906980000,1,83,0.0120
"R2 SK, s.r.o.","okres Kysucké Nové Mesto",-0.01436079820000,1,83,0.0120
"HALO reality, s.r.o.","okres Kysucké Nové Mesto",-0.08364530370000,1,83,0.0120
"DRR INVEST, s. r. o.","okres Kysucké Nové Mesto",0.14744585990000,1,83,0.0120
"MG real, s.r.o.","okres Kysucké Nové Mesto",-0.01143404300000,1,83,0.0120
"RESIDENCE realitná kancelária","okres Liptovský Mikuláš",0.04956348711389,53,457,0.1160
"RK SPIRIT s.r.o.","okres Liptovský Mikuláš",-0.07883472387500,36,457,0.0788
"Direct Real, spol. s r.o.","okres Liptovský Mikuláš",0.03479693969167,32,457,0.0700
"HALO reality, s.r.o.","okres Liptovský Mikuláš",0.02315419505000,32,457,0.0700
"TUreality s.r.o.","okres Liptovský Mikuláš",-0.00326585927500,30,457,0.0656
"RE/MAX Slovakia","okres Liptovský Mikuláš",0.01062705678571,22,457,0.0481
"Reality Alpia","okres Liptovský Mikuláš",-0.12968453316667,19,457,0.0416
"OVERENÉ REALITY","okres Liptovský Mikuláš",0.02942114856667,16,457,0.0350
"AstonReal s.r.o.","okres Liptovský Mikuláš",-0.00739042844286,16,457,0.0350
"Realitné kancelárie SR","okres Liptovský Mikuláš",-0.02301640045000,15,457,0.0328
G-REAL,"okres Liptovský Mikuláš",-0.04412051180000,14,457,0.0306
jabyvam.sk,"okres Liptovský Mikuláš",-0.03369044850000,13,457,0.0284
liptoreal,"okres Liptovský Mikuláš",0.04946993455000,10,457,0.0219
Limaxreal,"okres Liptovský Mikuláš",-0.08940020597500,9,457,0.0197
"TATRA CITY RESIDENCE s. r. o.","okres Liptovský Mikuláš",0.18488203060000,9,457,0.0197
"REALITY SPOLU","okres Liptovský Mikuláš",0.06483147780000,8,457,0.0175
"GERT , s.r.o.","okres Liptovský Mikuláš",-0.01590209100000,8,457,0.0175
"BeMi realitná kancelária","okres Liptovský Mikuláš",-0.01404199475000,7,457,0.0153
"Bosen Group s.r.o.","okres Liptovský Mikuláš",0.17939056360000,6,457,0.0131
"KRUPPKY, s.r.o.","okres Liptovský Mikuláš",0.22176341640000,6,457,0.0131
"MK-CORP s.r.o.","okres Liptovský Mikuláš",-0.39892730338000,6,457,0.0131
"BEŇO REALITY","okres Liptovský Mikuláš",0.10094743914000,5,457,0.0109
"Nové bývanie","okres Liptovský Mikuláš",0.10394140396667,5,457,0.0109
"Tatra Invest","okres Liptovský Mikuláš",-0.03962844556667,4,457,0.0088
"RIEŠIME BÝVANIE","okres Liptovský Mikuláš",-0.01397804040000,4,457,0.0088
"XEMAR realitná spoločnosť s.r.o.","okres Liptovský Mikuláš",-0.02020558255000,4,457,0.0088
"Realitná kancelária","okres Liptovský Mikuláš",-0.02438145570000,4,457,0.0088
"Q REAL s.r.o.","okres Liptovský Mikuláš",0.09799075110000,4,457,0.0088
"KA Real","okres Liptovský Mikuláš",-0.00846738242500,4,457,0.0088
"HD reality group s.r.o","okres Liptovský Mikuláš",0.00376012755000,4,457,0.0088
"REALITY TATRY","okres Liptovský Mikuláš",0.31956397020000,4,457,0.0088
"Occam New Home","okres Liptovský Mikuláš",-0.37630458370000,3,457,0.0066
"NajBývanie, s.r.o.","okres Liptovský Mikuláš",-0.15666260190000,3,457,0.0066
"DLUGO reality","okres Liptovský Mikuláš",0.19899736660000,3,457,0.0066
"J.M.H. s.r.o.","okres Liptovský Mikuláš",-0.02183134660000,3,457,0.0066
"Prvá Realitná Kancelária, s.r.o.","okres Liptovský Mikuláš",0.07692328400000,3,457,0.0066
"ML realitný& finančny servis s.r.o. , BrokerSoft s.r.o. , Monika Launerová - SZČO","okres Liptovský Mikuláš",-0.13360036155000,2,457,0.0044
"NFA Group, s.r.o.","okres Liptovský Mikuláš",-0.49827247115000,2,457,0.0044
"ADOMOS REAL s.r.o.","okres Liptovský Mikuláš",-0.10951892680000,2,457,0.0044
"BIZNIS REALITY, s.r.o.","okres Liptovský Mikuláš",0.11125142060000,2,457,0.0044
"ARCHEUS Partners a.s.","okres Liptovský Mikuláš",-0.04448712400000,2,457,0.0044
"Eden Real estate, s.r.o.","okres Liptovský Mikuláš",-0.08715551480000,2,457,0.0044
"New Ways Reality&Financie","okres Liptovský Mikuláš",-0.21290465430000,2,457,0.0044
"Svoboda&Williams Slovakia s.r.o.","okres Liptovský Mikuláš",0.19804137130000,1,457,0.0022
"Juraj Hegyi Reality & Development s.r.o.","okres Liptovský Mikuláš",0.32054171450000,1,457,0.0022
"Delta Property s.r.o.","okres Liptovský Mikuláš",-0.13837676670000,1,457,0.0022
"Reality Turiec s.r o.","okres Liptovský Mikuláš",-0.13537117900000,1,457,0.0022
"Porto Real Group","okres Liptovský Mikuláš",0.08221774250000,1,457,0.0022
"YFE, s.r.o.","okres Liptovský Mikuláš",-0.23308236740000,1,457,0.0022
"Vivid House s. r. o.","okres Liptovský Mikuláš",0.00000000000000,1,457,0.0022
"REALITY FAIR","okres Liptovský Mikuláš",-0.23982865970000,1,457,0.0022
"sunnyreal s.r.o.","okres Liptovský Mikuláš",0.00581835500000,1,457,0.0022
"United Professionals s.r.o.","okres Liptovský Mikuláš",0.06471329840000,1,457,0.0022
"1.BCR REAL ESTATE SLOVAKIA","okres Liptovský Mikuláš",0.48878586640000,1,457,0.0022
"TARGETreal s. r. o.","okres Liptovský Mikuláš",0.00000000000000,1,457,0.0022
"Reality AK, spol. s r.o.","okres Liptovský Mikuláš",0.00000000000000,1,457,0.0022
"Reality Now","okres Liptovský Mikuláš",-0.23485910270000,1,457,0.0022
"Pegas real s.r.o.","okres Liptovský Mikuláš",-0.08221774250000,1,457,0.0022
"CreeX Reality s.r.o.","okres Liptovský Mikuláš",0.23192346430000,1,457,0.0022
"DRAŽOBNÍK, s.r.o.","okres Liptovský Mikuláš",-0.31956397020000,1,457,0.0022
"RexDeco s.r.o.","okres Liptovský Mikuláš",0.15010287740000,1,457,0.0022
ZEIRA,"okres Liptovský Mikuláš",0.19994580370000,1,457,0.0022
"B10 Slovensko, a. s.","okres Martin",-0.11600706848000,42,542,0.0775
"Realitná kancelária","okres Martin",-0.04384336604167,40,542,0.0738
"Buby reality, s.r.o.","okres Martin",-0.01598175080000,31,542,0.0572
"ALT REAL, s.r.o.","okres Martin",0.02629540416000,30,542,0.0554
"Reality Center, s.r.o.","okres Martin",0.05527864985455,30,542,0.0554
"Reality ASTORIA, s.r.o.","okres Martin",0.13375088140000,26,542,0.0480
"Reality Alpia","okres Martin",-0.07577903154286,26,542,0.0480
"Reality AK, spol. s r.o.","okres Martin",-0.00599952262727,24,542,0.0443
"TUreality s.r.o.","okres Martin",-0.00494875953333,23,542,0.0424
"TARGETreal s. r. o.","okres Martin",0.02769953691818,22,542,0.0406
"Like Reality s.r.o.","okres Martin",0.03445156591429,22,542,0.0406
"Realitné kancelárie SR","okres Martin",-0.11755299193333,21,542,0.0387
"BALAŽI REAL ESTATE s.r.o.","okres Martin",-0.03265953073333,20,542,0.0369
"Reality D.P.A.","okres Martin",0.01967582931111,17,542,0.0314
"RE/MAX Slovakia","okres Martin",0.17520154576000,15,542,0.0277
"FINREA - ak vám záleží na výsledku","okres Martin",-0.08863050795714,15,542,0.0277
"CANGURU s.r.o.","okres Martin",0.07528366860000,15,542,0.0277
"Reality MT s.r.o.","okres Martin",0.03325362164000,14,542,0.0258
"Piata Avenue","okres Martin",0.48822723580000,11,542,0.0203
"LIF REAL","okres Martin",-0.02908677518000,11,542,0.0203
"Real Reality Development s.r.o.","okres Martin",0.12978595010000,10,542,0.0185
"RECLOUD Reality a.s.","okres Martin",-0.05317155735000,8,542,0.0148
"MAX PROFI REALITY","okres Martin",-0.16451958460000,7,542,0.0129
"Constario REALTY s.r.o.","okres Martin",0.08152482265000,7,542,0.0129
"AstonReal s.r.o.","okres Martin",-0.08651550104000,6,542,0.0111
"RIEŠIME BÝVANIE","okres Martin",-0.11316021900000,5,542,0.0092
"NajBývanie, s.r.o.","okres Martin",-0.11342494196667,5,542,0.0092
"Financie a reality od A po Z","okres Martin",-0.05404904355000,4,542,0.0074
"Felicita Real s. r. o.","okres Martin",0.00054279566667,4,542,0.0074
"Reality Simply","okres Martin",-0.03746822790000,4,542,0.0074
"R2 SK, s.r.o.","okres Martin",0.15959069855000,4,542,0.0074
"Realitná kancelária DR, s.r.o.","okres Martin",-0.17419233630000,3,542,0.0055
"HD reality group s.r.o","okres Martin",0.06659036960000,2,542,0.0037
"ŽILINAREAL, s.r.o.","okres Martin",0.02214650770000,2,542,0.0037
"Ing.Zuzana Paverová","okres Martin",-0.34210526320000,2,542,0.0037
"OVERENÉ REALITY","okres Martin",0.23188405800000,2,542,0.0037
"Realitná kancelária Kľúč","okres Martin",0.07142572890000,1,542,0.0018
"MS Alpex, k.s.","okres Martin",0.02987145100000,1,542,0.0018
"MartinTham s. r. o.","okres Martin",0.10745951060000,1,542,0.0018
"CreeX Reality s.r.o.","okres Martin",-0.07142572890000,1,542,0.0018
"CPM Real Estate","okres Martin",0.21031197190000,1,542,0.0018
"Eli real realitná kancelária","okres Martin",-0.05241056390000,1,542,0.0018
"LAWIS s.r.o.","okres Martin",-0.02433422430000,1,542,0.0018
"Realitná kancelária RED, s.r.o.","okres Martin",-0.05077354110000,1,542,0.0018
AZUR.RE,"okres Martin",-0.10689409110000,1,542,0.0018
"REALITY SPOLU","okres Martin",-0.21127116500000,1,542,0.0018
"WFG reality, s.r.o.","okres Martin",0.12145759200000,1,542,0.0018
"KARIN & PARTNERS, s.r.o.","okres Martin",0.01105088820000,1,542,0.0018
"BeMi realitná kancelária","okres Námestovo",-0.27713536940000,13,33,0.3939
"RE/MAX Slovakia","okres Námestovo",0.33992095390000,9,33,0.2727
"RK Dalmia s. r. o.","okres Námestovo",0.27713536940000,5,33,0.1515
"RIEŠIME BÝVANIE","okres Námestovo",-0.02578768660000,3,33,0.0909
"RECLOUD Reality a.s.","okres Námestovo",-0.16996047100000,2,33,0.0606
"Occam New Home","okres Námestovo",0.02578768660000,1,33,0.0303
"Reality Alpia","okres Ružomberok",-0.04589164150000,31,193,0.1606
"NajBývanie, s.r.o.","okres Ružomberok",0.25094383901667,24,193,0.1244
"AstonReal s.r.o.","okres Ružomberok",0.00387247543333,17,193,0.0881
"OVERENÉ REALITY","okres Ružomberok",-0.56413153525000,14,193,0.0725
"Apollo House","okres Ružomberok",0.13813634204000,10,193,0.0518
"REALITY SPOLU","okres Ružomberok",-0.01164647650000,10,193,0.0518
"Romantické Chalupy, s.r.o.","okres Ružomberok",0.07936118530000,10,193,0.0518
"TUreality s.r.o.","okres Ružomberok",-0.09624105516667,9,193,0.0466
"RE/MAX Slovakia","okres Ružomberok",-0.04622100333333,7,193,0.0363
"OREA, s.r.o.","okres Ružomberok",0.10808551575000,7,193,0.0363
"RK SPIRIT s.r.o.","okres Ružomberok",0.05573287435000,7,193,0.0363
"A-Byt Consult, s.r.o.","okres Ružomberok",-0.08042007585000,6,193,0.0311
donidDevelop,"okres Ružomberok",-0.09783857856000,5,193,0.0259
"ALT REAL, s.r.o.","okres Ružomberok",0.18659057613333,4,193,0.0207
"XEMAR realitná spoločnosť s.r.o.","okres Ružomberok",0.01085046200000,4,193,0.0207
"FINREA - ak vám záleží na výsledku","okres Ružomberok",-0.06542245510000,3,193,0.0155
"MK-CORP s.r.o.","okres Ružomberok",-0.07328095363333,3,193,0.0155
"VAŠA REALITKA s.r.o.","okres Ružomberok",-0.22787419375000,3,193,0.0155
"ARCHEUS Partners a.s.","okres Ružomberok",-0.05232457355000,2,193,0.0104
"DOMUM realitná spoločnosť s. r. o.","okres Ružomberok",-0.07520555470000,2,193,0.0104
Limaxreal,"okres Ružomberok",0.00979776345000,2,193,0.0104
"RK Dalmia s. r. o.","okres Ružomberok",-0.02837409235000,2,193,0.0104
"BeMi realitná kancelária","okres Ružomberok",-0.04902805020000,2,193,0.0104
"Direct Real, spol. s r.o.","okres Ružomberok",0.18417099090000,1,193,0.0052
"KOSIBA reality s.r.o.","okres Ružomberok",-0.12702347130000,1,193,0.0052
"BB - REALITY,  s.r.o.","okres Ružomberok",-0.00859885050000,1,193,0.0052
"Good Reality s.r.o.","okres Ružomberok",0.02267741720000,1,193,0.0052
"BEEVAM, s.r.o.","okres Ružomberok",-0.03617126670000,1,193,0.0052
"GARANT REALITY","okres Ružomberok",-0.03004287720000,1,193,0.0052
"Domovia s. r. o.","okres Ružomberok",-0.09611226130000,1,193,0.0052
"All 4 Life, s.r.o.","okres Ružomberok",0.04338634840000,1,193,0.0052
"Top Real Košice s.r.o.","okres Ružomberok",-0.03463725110000,1,193,0.0052
"TARGETreal s. r. o.","okres Turčianske Teplice",-0.13474087255000,14,65,0.2154
"Reality MT s.r.o.","okres Turčianske Teplice",0.02040816330000,9,65,0.1385
"Romantické Chalupy, s.r.o.","okres Turčianske Teplice",-0.02836815100000,9,65,0.1385
"Realitné kancelárie SR","okres Turčianske Teplice",-0.02040816330000,6,65,0.0923
"Ing.Zuzana Paverová","okres Turčianske Teplice",0.01421327050000,5,65,0.0769
"Reality Alpia","okres Turčianske Teplice",0.23809523810000,4,65,0.0615
"BV REAL PD, s.r.o.","okres Turčianske Teplice",-0.23518900340000,4,65,0.0615
"Reality Center, s.r.o.","okres Turčianske Teplice",-0.12615425430000,3,65,0.0462
"DOBRÉ REALITY s.r.o.","okres Turčianske Teplice",0.02836815100000,2,65,0.0308
"Real Reality Development s.r.o.","okres Turčianske Teplice",-0.15674566150000,2,65,0.0308
"Reality D.P.A.","okres Turčianske Teplice",0.05063291140000,2,65,0.0308
"BeMi realitná kancelária","okres Turčianske Teplice",0.23518900340000,1,65,0.0154
"Vianema s.r.o.","okres Turčianske Teplice",0.15674566150000,1,65,0.0154
"Estate Invest","okres Turčianske Teplice",0.21884883370000,1,65,0.0154
"ALT REAL, s.r.o.","okres Turčianske Teplice",-0.08127017440000,1,65,0.0154
"RE/MAX Slovakia","okres Turčianske Teplice",0.08127017440000,1,65,0.0154
"TUreality s.r.o.","okres Tvrdošín",-0.03169969465000,6,17,0.3529
"Vianema s.r.o.","okres Tvrdošín",0.01368435070000,3,17,0.1765
"OREA, s.r.o.","okres Tvrdošín",-0.04681029240000,3,17,0.1765
"RE/MAX Slovakia","okres Tvrdošín",0.04971503860000,2,17,0.1176
"HD reality group s.r.o","okres Tvrdošín",-0.00401606430000,2,17,0.1176
"B10 Slovensko, a. s.","okres Tvrdošín",0.04681029240000,1,17,0.0588
"Realitná kancelária RED, s.r.o.","okres Žilina",0.02032313606552,68,773,0.0880
"MGM reality","okres Žilina",-0.00941556403529,60,773,0.0776
"Realitné kancelárie SR","okres Žilina",0.00614395621200,54,773,0.0699
"RIEŠIME BÝVANIE","okres Žilina",-0.04253771840000,39,773,0.0505
"TUreality s.r.o.","okres Žilina",0.08225544500000,38,773,0.0492
"WFG reality, s.r.o.","okres Žilina",-0.05208014238571,35,773,0.0453
"RS Mansory s.r.o.","okres Žilina",-0.10684667485556,31,773,0.0401
"TARGETreal s. r. o.","okres Žilina",0.10370195842000,29,773,0.0375
"Real Estate Group4U","okres Žilina",0.85508743683333,26,773,0.0336
"ŽILINAREAL, s.r.o.","okres Žilina",-0.06649016885625,24,773,0.0310
"Reality Alpia","okres Žilina",0.00115719223333,23,773,0.0298
"Reinoo a.s.","okres Žilina",-0.00036466255556,17,773,0.0220
"Safe reality s. r. o.","okres Žilina",-0.11759927902857,16,773,0.0207
"RES GROUP, s.r.o.","okres Žilina",-0.01972537340000,16,773,0.0207
"Realitná kancelária","okres Žilina",-0.16795242736667,14,773,0.0181
"B10 Slovensko, a. s.","okres Žilina",0.04565761362500,13,773,0.0168
"StorkReal s. r. o.","okres Žilina",0.04689792600000,13,773,0.0168
"KORSO Project, s.r.o.","okres Žilina",0.08101902132000,13,773,0.0168
"BeMi realitná kancelária","okres Žilina",-0.08412216042500,13,773,0.0168
"Reality IQ, s.r.o.","okres Žilina",-0.08385038196000,12,773,0.0155
"R2 SK, s.r.o.","okres Žilina",0.10656693654000,12,773,0.0155
"Piata Avenue","okres Žilina",0.03817102442000,11,773,0.0142
"DRR INVEST, s. r. o.","okres Žilina",0.03315003375000,11,773,0.0142
"AnoReal, s.r.o.","okres Žilina",0.25453990015000,11,773,0.0142
"DreamReality s.r.o.","okres Žilina",0.00818815295000,11,773,0.0142
"ODEKO manažment s.r.o.","okres Žilina",0.01182320193333,10,773,0.0129
"Mamud Reality s. r. o.","okres Žilina",-0.10080660358571,9,773,0.0116
"1. Reality Rent, s.r.o.","okres Žilina",-0.05669968090000,9,773,0.0116
"ROMDOM, s. r. o","okres Žilina",-0.06222181216000,7,773,0.0091
"Realitka pre každého","okres Žilina",0.15123384210000,7,773,0.0091
"Financial Hotels Management, s.r.o.","okres Žilina",0.15135222670000,7,773,0.0091
"Direct Real, spol. s r.o.","okres Žilina",-0.08410149670000,6,773,0.0078
"Ing. Gerlinda Bérešová - Esti","okres Žilina",-0.15823030476667,6,773,0.0078
"Gro & Partners","okres Žilina",-0.01408268690000,5,773,0.0065
"Realitná kancelária DOM","okres Žilina",-0.07457731290000,5,773,0.0065
"Bosen Group s.r.o.","okres Žilina",-0.08962617490000,5,773,0.0065
"Georgi Conev","okres Žilina",-0.14443040773333,5,773,0.0065
"Renovo Reality","okres Žilina",0.28497274800000,5,773,0.0065
"EASY centrum bývania, s.r.o.","okres Žilina",0.06233453120000,5,773,0.0065
"Wealth Group, s.r.o.","okres Žilina",-0.02639581500000,4,773,0.0052
"HMS Services, a. s.","okres Žilina",0.01537219946667,4,773,0.0052
"X-REAL, s. r. o.","okres Žilina",-0.04423945315000,4,773,0.0052
"Effecting s.r.o.","okres Žilina",0.04076195885000,4,773,0.0052
"RENOME REAL","okres Žilina",-0.06041707390000,4,773,0.0052
"AnReal s. r. o.","okres Žilina",-0.18309075250000,4,773,0.0052
"ATP stavby s.r.o.","okres Žilina",0.40566407530000,3,773,0.0039
"JKV REAL","okres Žilina",-0.13191289040000,3,773,0.0039
"TOCA, s.r.o. Realitná činnosť","okres Žilina",-0.39102839640000,3,773,0.0039
"STAREA, s. r. o.","okres Žilina",-0.11451858583333,3,773,0.0039
"Teraz, a.s.","okres Žilina",0.35470602470000,3,773,0.0039
"Reality Now","okres Žilina",-0.41762833890000,2,773,0.0026
"ETHOS reality, s. r. o.","okres Žilina",-0.50459717040000,2,773,0.0026
"House Real Žilina","okres Žilina",-0.53679809030000,2,773,0.0026
"RE/MAX Slovakia","okres Žilina",-0.46831132780000,2,773,0.0026
"IDEÁLNE BÝVANIE, s.r.o.","okres Žilina",-0.13196508350000,2,773,0.0026
"LAVENTURA s.r.o.","okres Žilina",-0.00289559120000,2,773,0.0026
"RK4 REALITY","okres Žilina",-0.03045954550000,2,773,0.0026
"BALAŽI REAL ESTATE s.r.o.","okres Žilina",-0.29198390985000,2,773,0.0026
"Mgr. Nina Herčková, RSc.","okres Žilina",0.03855479420000,2,773,0.0026
"PRIMA reality s.r.o.","okres Žilina",0.33472522560000,2,773,0.0026
"GAMA Reality, s.r.o.","okres Žilina",-0.05093463830000,2,773,0.0026
"Allrisk Slovakia Reality & Financie, s.r.o.","okres Žilina",-0.13240418120000,1,773,0.0013
"Crystin reality, s.r.o.","okres Žilina",0.05657663660000,1,773,0.0013
"Pro Real, s. r. o. realitná kancelária","okres Žilina",-0.10387344230000,1,773,0.0013
"Kristína Čanády","okres Žilina",0.13081164760000,1,773,0.0013
"HOLESTIAK.sk reality s.r.o.","okres Žilina",-0.17302695510000,1,773,0.0013
"TeEq Reality","okres Žilina",-0.03389830180000,1,773,0.0013
"CPM Real Estate","okres Žilina",0.11243422410000,1,773,0.0013
"Jacek reality s. r. o.","okres Žilina",-0.11591204340000,1,773,0.0013
"KRALIKOVA reality","okres Žilina",0.21638389830000,1,773,0.0013
"Local reality s. r. o.","okres Žilina",0.09922642670000,1,773,0.0013
"KES - RV s.r.o.","okres Žilina",-0.02389994840000,1,773,0.0013
"TUreality s.r.o.","partially renovated",0.00211841358000,74,451,0.1641
"Reality Alpia","partially renovated",-0.00889796811111,28,451,0.0621
"HALO reality, s.r.o.","partially renovated",-0.00947995926667,18,451,0.0399
"Realitná kancelária","partially renovated",0.01945517888000,17,451,0.0377
"B10 Slovensko, a. s.","partially renovated",0.02052054450000,16,451,0.0355
"RIEŠIME BÝVANIE","partially renovated",0.02703760522500,15,451,0.0333
"Realitné kancelárie SR","partially renovated",0.03878010360000,15,451,0.0333
"OVERENÉ REALITY","partially renovated",-0.19542005553333,13,451,0.0288
"FINREA - ak vám záleží na výsledku","partially renovated",0.04045127862500,13,451,0.0288
"Like Reality s.r.o.","partially renovated",0.03180516638333,12,451,0.0266
"TARGETreal s. r. o.","partially renovated",0.12100803996667,12,451,0.0266
"NajBývanie, s.r.o.","partially renovated",0.14729350124000,11,451,0.0244
"AstonReal s.r.o.","partially renovated",-0.09697944466667,10,451,0.0222
"BeMi realitná kancelária","partially renovated",-0.01125421857500,10,451,0.0222
"RE/MAX Slovakia","partially renovated",0.02137532550000,10,451,0.0222
"MGM reality","partially renovated",-0.05085345323333,9,451,0.0200
"HOLESTIAK.sk reality s.r.o.","partially renovated",0.00000000000000,9,451,0.0200
"1. Reality Rent, s.r.o.","partially renovated",-0.01286700430000,9,451,0.0200
"SLNOVRAT, s.r.o.","partially renovated",-0.09290994440000,9,451,0.0200
"RESIDENCE realitná kancelária","partially renovated",0.04729234475000,8,451,0.0177
"Reality AK, spol. s r.o.","partially renovated",-0.02569598400000,8,451,0.0177
"Reality IQ, s.r.o.","partially renovated",0.01130290490000,8,451,0.0177
"ROMDOM, s. r. o","partially renovated",-0.03950896710000,8,451,0.0177
"Piata Avenue","partially renovated",-0.10536187326667,7,451,0.0155
"Reality ASTORIA, s.r.o.","partially renovated",0.12893068976667,7,451,0.0155
"Romantické Chalupy, s.r.o.","partially renovated",-0.02836815100000,7,451,0.0155
"Reality Center, s.r.o.","partially renovated",-0.01033271046667,7,451,0.0155
jabyvam.sk,"partially renovated",0.00448488915000,6,451,0.0133
"Realitná kancelária RED, s.r.o.","partially renovated",-0.05077354110000,6,451,0.0133
"Direct Real, spol. s r.o.","partially renovated",0.01418788975000,6,451,0.0133
"LIF REAL","partially renovated",-0.02216458360000,5,451,0.0111
"R2 SK, s.r.o.","partially renovated",0.05395193340000,4,451,0.0089
"JPE. Reality - Jozef Pajer","partially renovated",-0.04223916570000,4,451,0.0089
"ŽILINAREAL, s.r.o.","partially renovated",0.13240418120000,4,451,0.0089
"StorkReal s. r. o.","partially renovated",0.14513358430000,4,451,0.0089
"Renovo Reality","partially renovated",-0.03704353650000,3,451,0.0067
"A-Byt Consult, s.r.o.","partially renovated",-0.08042007585000,3,451,0.0067
"Reality MT s.r.o.","partially renovated",0.05230831455000,3,451,0.0067
"OREA, s.r.o.","partially renovated",-0.04681029240000,2,451,0.0044
"HD reality group s.r.o","partially renovated",0.04281295725000,2,451,0.0044
liptoreal,"partially renovated",-0.04967679180000,2,451,0.0044
"Reality D.P.A.","partially renovated",0.02794822900000,2,451,0.0044
"ADOMOS REAL s.r.o.","partially renovated",-0.10951892680000,2,451,0.0044
"Felicita Real s. r. o.","partially renovated",-0.01528447340000,2,451,0.0044
"MENÍME BÝVANIE","partially renovated",0.03009205120000,2,451,0.0044
"Mamud Reality s. r. o.","partially renovated",-0.01256674530000,2,451,0.0044
"DRR INVEST, s. r. o.","partially renovated",-0.06232568750000,2,451,0.0044
"RENOME REAL","partially renovated",-0.06041707390000,2,451,0.0044
"DreamReality s.r.o.","partially renovated",-0.16690821920000,2,451,0.0044
"bezmaklérov, s.r.o.","partially renovated",-0.02260580920000,1,451,0.0022
"MAX PROFI REALITY","partially renovated",0.04821802940000,1,451,0.0022
"DRAŽOBNÍK, s.r.o.","partially renovated",-0.31956397020000,1,451,0.0022
"VAŠA REALITKA s.r.o.","partially renovated",-0.43307097030000,1,451,0.0022
"DOBRÉ REALITY s.r.o.","partially renovated",0.02836815100000,1,451,0.0022
"KES - RV s.r.o.","partially renovated",-0.02389994840000,1,451,0.0022
"Allrisk Slovakia Reality & Financie, s.r.o.","partially renovated",-0.13240418120000,1,451,0.0022
"Effecting s.r.o.","partially renovated",0.04831685490000,1,451,0.0022
"REALITY TATRY","partially renovated",0.31956397020000,1,451,0.0022
"BEŇO REALITY","partially renovated",-0.00756133590000,1,451,0.0022
"KUBALA REALITY, s.r.o.","partially renovated",0.18581988880000,1,451,0.0022
"RESIDENCE realitná kancelária",premium,0.11428960088333,20,244,0.0820
"WFG reality, s.r.o.",premium,-0.03239222390000,12,244,0.0492
"RES GROUP, s.r.o.",premium,0.02328760492500,12,244,0.0492
"Realitná kancelária RED, s.r.o.",premium,0.10530451487500,11,244,0.0451
"TUreality s.r.o.",premium,0.00722844170000,11,244,0.0451
"Realitné kancelárie SR",premium,0.00859997510000,11,244,0.0451
"Real Estate Group4U",premium,0.75072023417500,8,244,0.0328
"RK Dalmia s. r. o.",premium,-0.15232653990000,7,244,0.0287
"TARGETreal s. r. o.",premium,-0.02287310470000,7,244,0.0287
"RIEŠIME BÝVANIE",premium,0.06834886572500,7,244,0.0287
"FINREA - ak vám záleží na výsledku",premium,0.21460512750000,7,244,0.0287
"ŽILINAREAL, s.r.o.",premium,-0.16737436196667,6,244,0.0246
"ROMDOM, s. r. o",premium,-0.15307319240000,5,244,0.0205
"Reality Alpia",premium,-0.02938412530000,5,244,0.0205
"Buby reality, s.r.o.",premium,0.05032996310000,5,244,0.0205
"BeMi realitná kancelária",premium,-0.49177100710000,5,244,0.0205
"MK-CORP s.r.o.",premium,-0.39892730338000,5,244,0.0205
"Realitná kancelária",premium,-0.14661644550000,5,244,0.0205
G-REAL,premium,-0.15703408410000,4,244,0.0164
"Piata Avenue",premium,0.58477044970000,4,244,0.0164
"Like Reality s.r.o.",premium,0.05032996310000,4,244,0.0164
"1. Reality Rent, s.r.o.",premium,-0.00021925020000,4,244,0.0164
Limaxreal,premium,-0.07776366740000,4,244,0.0164
"RS Mansory s.r.o.",premium,-0.43744222433333,4,244,0.0164
"RE/MAX Slovakia",premium,0.12998137800000,4,244,0.0164
"ALT REAL, s.r.o.",premium,0.00000000000000,4,244,0.0164
"Tatra Invest",premium,-0.03962844556667,3,244,0.0123
"B10 Slovensko, a. s.",premium,-0.23752508500000,3,244,0.0123
"NajBývanie, s.r.o.",premium,-0.21460512750000,3,244,0.0123
"DreamReality s.r.o.",premium,-0.04525156363333,3,244,0.0123
"DLUGO reality",premium,0.19899736660000,3,244,0.0123
"Occam New Home",premium,-0.37630458370000,3,244,0.0123
"Mamud Reality s. r. o.",premium,0.00000000000000,2,244,0.0082
"CANGURU s.r.o.",premium,0.07528366860000,2,244,0.0082
"AstonReal s.r.o.",premium,-0.06985601400000,2,244,0.0082
"ATP stavby s.r.o.",premium,0.40566407530000,2,244,0.0082
"Nové bývanie",premium,0.01961990845000,2,244,0.0082
"Reality IQ, s.r.o.",premium,-0.32170893790000,2,244,0.0082
"J.M.H. s.r.o.",premium,-0.18187944445000,2,244,0.0082
"Reality ASTORIA, s.r.o.",premium,0.41676745700000,2,244,0.0082
"BIZNIS REALITY, s.r.o.",premium,0.11125142060000,2,244,0.0082
"Ing. Gerlinda Bérešová - Esti",premium,-0.21058992620000,2,244,0.0082
"Georgi Conev",premium,-0.36543526230000,2,244,0.0082
"CreeX Reality s.r.o.",premium,0.23192346430000,1,244,0.0041
"Reality Now",premium,-0.23485910270000,1,244,0.0041
"Juraj Hegyi Reality & Development s.r.o.",premium,0.32054171450000,1,244,0.0041
"Direct Real, spol. s r.o.",premium,0.00000000000000,1,244,0.0041
"ML realitný& finančny servis s.r.o. , BrokerSoft s.r.o. , Monika Launerová - SZČO",premium,-0.20497798710000,1,244,0.0041
"StorkReal s. r. o.",premium,0.40566407530000,1,244,0.0041
"X-REAL, s. r. o.",premium,-0.32450708240000,1,244,0.0041
"EASY centrum bývania, s.r.o.",premium,-0.61296177660000,1,244,0.0041
"NFA Group, s.r.o.",premium,0.00000000000000,1,244,0.0041
"Q REAL s.r.o.",premium,0.00000000000000,1,244,0.0041
"Renovo Reality",premium,0.31411834830000,1,244,0.0041
"Reality AK, spol. s r.o.",premium,-0.13872128040000,1,244,0.0041
"Reality Simply",premium,0.00000000000000,1,244,0.0041
"Allrisk Slovakia Reality & Financie, s.r.o.",premium,-0.13240418120000,1,244,0.0041
"United Professionals s.r.o.",premium,0.06471329840000,1,244,0.0041
"HD reality group s.r.o",premium,-0.08212172370000,1,244,0.0041
"RexDeco s.r.o.",premium,0.15010287740000,1,244,0.0041
"Financie a reality od A po Z",premium,-0.15098988940000,1,244,0.0041
"Eli real realitná kancelária",premium,-0.05241056390000,1,244,0.0041
"XEMAR realitná spoločnosť s.r.o.",premium,0.23192346430000,1,244,0.0041
"BEŇO REALITY",premium,0.00000000000000,1,244,0.0041
ZEIRA,premium,0.19994580370000,1,244,0.0041
"MAX PROFI REALITY",premium,-0.37725719860000,1,244,0.0041
"Realitná kancelária","studio apartment",0.00000000000000,2,5,0.4000
"Gro & Partners","studio apartment",-0.00434590030000,1,5,0.2000
"MGM reality","studio apartment",0.00434590030000,1,5,0.2000
"RECLOUD Reality a.s.","studio apartment",0.00000000000000,1,5,0.2000
"Realitná kancelária","under construction",-0.16008196995000,7,15,0.4667
"Reality Alpia","under construction",0.16008196995000,5,15,0.3333
"ADH-REAL s.r.o. Hirjaková Adriana","under construction",-0.16088220300000,2,15,0.1333
"TRI LIPY, s. r. o.","under construction",0.16088220300000,1,15,0.0667
"1. Reality Rent, s.r.o.",unrenovated,0.20892361107143,47,430,0.1093
"Direct Real, spol. s r.o.",unrenovated,-0.04499894470000,32,430,0.0744
"MGM reality",unrenovated,-0.04794878563333,29,430,0.0674
"Reality Alpia",unrenovated,-0.14062885792500,25,430,0.0581
"Romantické Chalupy, s.r.o.",unrenovated,0.06255800615000,23,430,0.0535
"AstonReal s.r.o.",unrenovated,-0.04301121800000,22,430,0.0512
"Safe reality s. r. o.",unrenovated,-0.09412373925000,19,430,0.0442
"Realitná kancelária",unrenovated,0.00702946307500,17,430,0.0395
"RE/MAX Slovakia",unrenovated,-0.00098740660000,16,430,0.0372
"RECLOUD Reality a.s.",unrenovated,0.00000000000000,13,430,0.0302
"Reality AK, spol. s r.o.",unrenovated,0.48024318130000,13,430,0.0302
"TUreality s.r.o.",unrenovated,0.12269131228333,13,430,0.0302
"RIEŠIME BÝVANIE",unrenovated,-0.20930874097500,12,430,0.0279
"WFG reality, s.r.o.",unrenovated,0.09650035750000,12,430,0.0279
"Realitná kancelária RED, s.r.o.",unrenovated,0.01483304034000,12,430,0.0279
"HOLESTIAK.sk reality s.r.o.",unrenovated,0.31877156000000,11,430,0.0256
"Reality IQ, s.r.o.",unrenovated,-0.02856513373333,10,430,0.0233
"HALO reality, s.r.o.",unrenovated,-0.08364530370000,9,430,0.0209
"NajBývanie, s.r.o.",unrenovated,0.51098675240000,8,430,0.0186
"ALT REAL, s.r.o.",unrenovated,-0.05498999477500,7,430,0.0163
"Reality Center, s.r.o.",unrenovated,0.04705812155000,7,430,0.0163
"RESIDENCE realitná kancelária",unrenovated,0.00134254053333,6,430,0.0140
"FINREA - ak vám záleží na výsledku",unrenovated,0.03548822000000,5,430,0.0116
"RK Dalmia s. r. o.",unrenovated,-0.08447419980000,5,430,0.0116
"Trioreality, s.r.o.",unrenovated,-0.37765654430000,4,430,0.0093
"Reality D.P.A.",unrenovated,-0.05615788140000,3,430,0.0070
"PhDr. Miloš Kocúr - BKM Consulting",unrenovated,-0.71276296810000,3,430,0.0070
"Bosen Group s.r.o.",unrenovated,0.22075457940000,3,430,0.0070
"HD reality group s.r.o",unrenovated,-0.09482621515000,3,430,0.0070
"Pro Real, s. r. o. realitná kancelária",unrenovated,0.00040517495000,3,430,0.0070
"KARIN & PARTNERS, s.r.o.",unrenovated,0.01105088820000,3,430,0.0070
"ŽILINAREAL, s.r.o.",unrenovated,0.16675139080000,3,430,0.0070
"OVERENÉ REALITY",unrenovated,-0.03459268650000,3,430,0.0070
"Wealth Group, s.r.o.",unrenovated,-0.02639581500000,3,430,0.0070
"Reality Simply",unrenovated,-0.03746822790000,3,430,0.0070
"Realitná kancelária DR, s.r.o.",unrenovated,-0.17419233630000,3,430,0.0070
"Ing. Marcela Pišteková",unrenovated,-0.60997639330000,2,430,0.0047
"R2 SK, s.r.o.",unrenovated,0.25055161800000,2,430,0.0047
"Realitná kancelária DOM",unrenovated,-0.07457731290000,2,430,0.0047
"JPE. Reality - Jozef Pajer",unrenovated,-0.17240897780000,2,430,0.0047
"LIF REAL",unrenovated,-0.09385132820000,2,430,0.0047
"KOSIBA reality s.r.o.",unrenovated,-0.12702347130000,1,430,0.0023
liptoreal,unrenovated,0.03646145760000,1,430,0.0023
OPENREALITY,unrenovated,-0.00430947310000,1,430,0.0023
"Crystin reality, s.r.o.",unrenovated,0.05657663660000,1,430,0.0023
donidDevelop,unrenovated,-0.38438128750000,1,430,0.0023
"Financie a reality od A po Z",unrenovated,0.04289180230000,1,430,0.0023
"New Ways Reality&Financie",unrenovated,-0.21290465430000,1,430,0.0023
"CreeX Reality s.r.o.",unrenovated,-0.07142572890000,1,430,0.0023
"Realitná kancelária Kľúč",unrenovated,0.07142572890000,1,430,0.0023
"X-REAL, s. r. o.",unrenovated,0.23602817610000,1,430,0.0023
