offer_id,property_type,terrain,location_district,location_city,location_area
JurZTuUssP0,house,flat,"okres Bytča",Bytča,"Hliník nad Váhom"
JutFw8pKjMj,house,flat,"okres Kysucké Nové Mesto",Lodno,Lodno
JuKW3SQ8Df4,house,flat,"okres Čadca",Makov,Makov
JuLJB10v5yK,house,NULL,"okres Žilina",Žilina,Trnové
Ju2gistO4oo,house,NULL,"okres Martin",Martin,Priekopa
JuDeBj46p9m,house,flat,"okres Turčianske Teplice","Turčianske Teplice",Stred
JubUhU28foO,house,"gently sloped","okres Kysucké Nové Mesto",Rudinská,Rudinská
JuSsCe7WLb6P,house,flat,"okres Ružomberok","Liptovské Revúce","Liptovské Revúce"
JuB2SVYi89D,house,flat,"okres Žilina","Rajecká Lesná","Rajecká Lesná"
JuYNloJYOdw,house,flat,"okres Martin",Príbovce,Príbovce
JulZg30zNO8,house,flat,"okres Žilina","Lietavská Lúčka","Lietavská Lúčka"
JuJjPVMhkUw,house,NULL,"okres Martin",Martin,Priekopa
JudQy8A1FLU,house,sloped,"okres Kysucké Nové Mesto",Ochodnica,Ochodnica
Ju1eOtgzhMF,house,NULL,"okres Bytča","Veľké Rovné","Veľké Rovné"
Jui4dVLb9Ci,house,flat,"okres Martin","Kláštor pod Znievom","Kláštor pod Znievom"
JuC8my3kfcD,house,NULL,"okres Liptovský Mikuláš","Demänovská Dolina","Demänovská Dolina"
JultKoQUF1n,house,"gently sloped","okres Martin",Valča,Valča
JuSbYhRyin-,house,flat,"okres Žilina","Teplička nad Váhom","Teplička nad Váhom"
JucbDZIqH5K,house,flat,"okres Dolný Kubín","Medzibrodie nad Oravou","Medzibrodie nad Oravou"
JuTe9xTBEze,house,"gently sloped","okres Žilina","Rajecké Teplice","Rajecké Teplice"
Ju9jNRRDueP,house,NULL,"okres Liptovský Mikuláš","Liptovský Ján","Liptovský Ján"
Ju7QtyDiguT,house,flat,"okres Liptovský Mikuláš","Liptovský Trnovec","Liptovský Trnovec"
Ju8LEFRICza,house,"gently sloped","okres Liptovský Mikuláš","Liptovský Mikuláš","Vrbica - Nábrežie"
JuLVnnHvRdJ,house,flat,"okres Martin",Daňová,Ďanová
JuxpGt9B3Fh,house,flat,"okres Martin",Príbovce,Príbovce
Ju3Q6cuW_-I,house,flat,"okres Ružomberok","Liptovské Revúce","Liptovské Revúce"
Jul9YtuXJRu,house,"mostly flat","okres Ružomberok",Ružomberok,Baničné
Jukf6G0DA_c,house,flat,"okres Bytča",Bytča,"Veľká Bytča"
JurJNQloNhD,house,NULL,"okres Kysucké Nové Mesto",Radoľa,Radoľa
Ju_HmYYnmau,house,flat,"okres Martin",Martin,Stred
Juoe47l29P7,house,flat,"okres Žilina",Žilina,Trnové
Ju00Y-txNcF,house,NULL,"okres Liptovský Mikuláš",Pribylina,Pribylina
Ju4LWhuX-Wj,house,"gently sloped","okres Ružomberok",Ružomberok,"Biely Potok"
Jubn7zHTz__,house,flat,"okres Tvrdošín",Nižná,Nižná
JuqnxCpkC06,house,NULL,"okres Dolný Kubín","Oravská Poruba","Oravská Poruba"
Juic0vZirTi,house,flat,"okres Martin",Martin,Stred
JuS8ciWyKMi,house,flat,"okres Ružomberok",Ružomberok,"Staré mesto"
JubTPdj-awZ,house,flat,"okres Turčianske Teplice",Budiš,Budiš
JuGIhhHbPqD,house,flat,"okres Turčianske Teplice","Malý Čepčín","Malý Čepčín"
JuxiHYI3lEP,house,"mostly flat","okres Žilina",Bitarová,Bitarová
JuS_u3LjF53,house,NULL,"okres Martin",Martin,Stráne
JuIAC6P7EYu,house,NULL,"okres Dolný Kubín",Párnica,Párnica
JuSi1nzOb00,house,"mostly flat","okres Kysucké Nové Mesto","Horný Vadičov","Horný Vadičov"
JuwBtG9o2r1,house,flat,"okres Čadca","Nová Bystrica","Nová Bystrica"
JuN_zFqT9wt,house,flat,"okres Martin","Turčianska Štiavnička","Turčianska Štiavnička"
JuR8Ev-aWaZ,house,flat,"okres Martin",Sučany,Sučany
JuZBjxQ80zt,house,flat,"okres Ružomberok",Ružomberok,"Pod Skalami"
JuGyarQH5Tu,house,NULL,"okres Martin",Žabokreky,Žabokreky
JusX_sL1pCY,house,flat,"okres Ružomberok",Ružomberok,Baničné
JuMReNzFrmm,house,sloped,"okres Ružomberok","Liptovské Revúce","Liptovské Revúce"
JufUCJs2WIN,house,flat,"okres Martin","Košťany nad Turcom","Košťany nad Turcom"
JuViiwQVAc8,house,sloped,"okres Martin",Vrútky,"Karvaša a Bláhovca"
Ju7iLKVUgMi,house,flat,"okres Martin",Valča,Valča
Ju_j96JYJ3R,house,flat,"okres Žilina",Stráňavy,Stráňavy
JuacBqltuem,house,flat,"okres Žilina","Teplička nad Váhom","Teplička nad Váhom"
Ju5jLRFNJLG,house,"mostly flat","okres Bytča",Bytča,"Hliník nad Váhom"
JuzhCWgXTbr,house,NULL,"okres Žilina",Gbeľany,Gbeľany
Ju7pOpcYmHI,house,"gently sloped","okres Žilina",Podhorie,Podhorie
Jueg5nyRwtD,house,"gently sloped","okres Žilina",Terchová,Terchová
Jua2IIfvhoU,house,"gently sloped","okres Martin",Vrútky,"Karvaša a Bláhovca"
Juq1uzcK3Zo,house,terraced,"okres Turčianske Teplice",Mošovce,Mošovce
JuwSpmc62PT,house,"gently sloped","okres Žilina",Lysica,Lysica
JuPi43juw_9,house,terraced,"okres Čadca",Oščadnica,Oščadnica
JuIasSYB1E7,house,flat,"okres Martin","Dolný Kalník","Dolný Kalník"
JuE3k8ViQWV,house,flat,"okres Žilina",Žilina,Trnové
JuJKCTa_I_C,house,"gently sloped","okres Martin",Belá-Dulice,Belá-Dulice
JuV4X4JdJ77,house,flat,"okres Turčianske Teplice","Turčianske Teplice","Turčiansky Michal"
JujjP_MAirA,house,flat,"okres Dolný Kubín","Dolný Kubín",Mokraď
JueY97MJhb3,house,flat,"okres Žilina",Žilina,"Malá Praha"
JubZoYrfSp9,house,flat,"okres Žilina",Žilina,Bánová
JuhR8_uiRxX,house,flat,"okres Ružomberok",Komjatná,Komjatná
JuOitn_WAgJ,house,flat,"okres Liptovský Mikuláš","Veľké Borové","Veľké Borové"
JuIa9S8sGpG,house,"gently sloped","okres Žilina",Žilina,Trnové
JuhybejcNce,house,flat,"okres Žilina",Žilina,"Staré mesto"
JudzDOvNunu,house,flat,"okres Martin",Martin,"Kolónia Hviezda"
JuPdbj_I7Hc,house,NULL,"okres Ružomberok",Ružomberok,Černová
Ju88y75X0Gs,house,other,"okres Ružomberok",Ružomberok,"Biely Potok"
Ju0TAHkXz3F,house,"mostly flat","okres Žilina",Mojš,Mojš
Ju2mmFeZCca,house,"mostly flat","okres Žilina",Žilina,Hliny
Ju_D1IbOI5l,house,"mostly flat","okres Liptovský Mikuláš","Závažná Poruba","Závažná Poruba"
JucYnfxB91V,house,flat,"okres Ružomberok","Liptovské Sliače","Liptovské Sliače"
JufRC9onHuL,house,"gently sloped","okres Čadca",Oščadnica,Oščadnica
Ju5R8pDPeWZ,house,flat,"okres Martin",Martin,"Kolónia Hviezda"
Ju6HLriDjfB,house,flat,"okres Ružomberok","Liptovská Štiavnica","Liptovská Štiavnica"
Ju7mrdPR_cn,house,NULL,"okres Bytča",Štiavnik,Štiavnik
Ju-2YZ37zxt,house,flat,"okres Liptovský Mikuláš",Važec,Važec
Ju1cp4Zdad9,house,"mostly flat","okres Ružomberok","Liptovské Sliače","Liptovské Sliače"
JulXcIcccXx,house,NULL,"okres Martin",Valča,Valča
Ju2sBY5BIo1,house,NULL,"okres Žilina",Mojš,Mojš
JuE7_yY48hp,house,NULL,"okres Liptovský Mikuláš","Liptovská Kokava","Liptovská Kokava"
JuZhO-rErgT,house,flat,"okres Čadca","Vysoká nad Kysucou","Vysoká nad Kysucou"
JuOha8XJ-eZ,house,NULL,"okres Martin",Vrútky,"Karvaša a Bláhovca"
Ju2EG21S4h4,house,other,"okres Liptovský Mikuláš",Bobrovník,Bobrovník
Jum5hTEjQIq,house,flat,"okres Turčianske Teplice","Turčianske Teplice",Stred
JuG-bGr9or0,house,"gently sloped","okres Martin",Martin,Stráne
JumII_lj6i4,house,NULL,"okres Žilina",Svederník,Svederník
JunpOFmuQsM,house,flat,"okres Čadca",Makov,Makov
JuaDU5eWN9y,house,"mostly flat","okres Čadca","Stará Bystrica","Stará Bystrica"
JucsRg9RieN,house,NULL,"okres Martin",Martin,Priekopa
JuM4P4vy0RV,house,NULL,"okres Žilina",Žilina,"Žilinská Lehota"
JuUMimgiwBf,house,sloped,"okres Kysucké Nové Mesto","Kysucké Nové Mesto","Budatínska Lehota"
Jukz4cqoQIH,house,other,"okres Čadca",Makov,Makov
JuKIg369MuS,house,NULL,"okres Liptovský Mikuláš",Bukovina,Bukovina
JuBqrsBTBJs,house,flat,"okres Ružomberok",Ružomberok,"Staré mesto"
Jusa_KVAuJ7,house,"gently sloped","okres Čadca",Svrčinovec,Svrčinovec
Jupd__eIrfW,house,NULL,"okres Martin",Vrútky,"Karvaša a Bláhovca"
Ju419iKir6V,house,flat,"okres Liptovský Mikuláš","Liptovský Mikuláš","Liptovská Ondrašová"
JuVNXqUSw6h,house,"gently sloped","okres Ružomberok",Ružomberok,"Staré mesto"
JuV0_j6OG4Q,house,flat,"okres Čadca","Stará Bystrica","Stará Bystrica"
Juoa-Iz2VRV,house,flat,"okres Čadca",Olešná,Olešná
JuEW0eTR9MG,house,flat,"okres Žilina",Žilina,"Staré mesto"
Ju7atSyCG1P,house,flat,"okres Žilina",Žilina,Bytčica
JuvIyu9zHe0,house,flat,"okres Bytča",Bytča,"Hliník nad Váhom"
Ju23oRXuRNw,house,NULL,"okres Čadca",Čadca,Horelica
JudhN1eg-Z1,house,NULL,"okres Liptovský Mikuláš","Liptovský Mikuláš",Demänová
Ju9kLci6QHU,house,NULL,"okres Liptovský Mikuláš","Liptovská Porúbka","Liptovská Porúbka"
JuddrVo_6K8,house,NULL,"okres Tvrdošín",Zábiedovo,Zábiedovo
JubSXyHD9FS,house,other,"okres Žilina",Bitarová,Bitarová
JueNBBfFeD4,house,flat,"okres Žilina",Varín,Varín
JuCx5OqxogO,house,NULL,"okres Žilina",Rajec,Rajec
JugBNFAg1HA,house,flat,"okres Ružomberok",Ružomberok,Rybárpole
JuE1L7QIb5r,house,flat,"okres Martin",Martin,Priekopa
Ju0MsknUaYA,house,"mostly flat","okres Žilina",Terchová,Terchová
Ju1GDbbrB55,house,flat,"okres Čadca",Čadca,Podzávoz
JuaMaWInHEa,house,NULL,"okres Žilina","Dolný Hričov","Dolný Hričov"
JujFiU7wF23,house,flat,"okres Bytča",Bytča,"Bytča - sever"
JuxEotSi75n,house,flat,"okres Čadca",Makov,Makov
Ju5GSMP-mjz,house,NULL,"okres Čadca",Čadca,Horelica
JujtVzSs6Xp,house,flat,"okres Martin",Necpaly,Necpaly
JuHDbG3yLMb,house,flat,"okres Liptovský Mikuláš",Pribylina,Pribylina
Jug4SIOybnO,house,"gently sloped","okres Martin",Martin,Stred
Ju1tsUeFhRS,house,NULL,"okres Žilina",Rosina,Rosina
Juws22--sLM,house,"gently sloped","okres Liptovský Mikuláš","Liptovský Trnovec","Liptovský Trnovec"
JuiKlGUbKmU,house,flat,"okres Tvrdošín",Vitanová,Vitanová
JuvemPDdxob,house,flat,"okres Kysucké Nové Mesto","Kysucké Nové Mesto","Budatínska Lehota"
Juv-ZyHYN0s,house,flat,"okres Žilina",Hôrky,Hôrky
Ju9NWPjsyPl,house,NULL,"okres Čadca",Zákopčie,Zákopčie
JuFzDxVJ2q6,house,NULL,"okres Ružomberok","Liptovské Revúce","Liptovské Revúce"
JumvGr4WHDN,house,other,"okres Žilina",Gbeľany,Gbeľany
JumL89VNCQA,house,flat,"okres Ružomberok",Ružomberok,"Staré mesto"
JuE93RTyEY1k,house,NULL,"okres Ružomberok","Liptovská Lúžna","Liptovská Lúžna"
JuKa1Trlsqb,house,flat,"okres Žilina","Dlhé Pole","Dlhé Pole"
JufqC5RH_Te,house,flat,"okres Turčianske Teplice","Turčianske Teplice",Stred
JuFqa8ebzxy,house,flat,"okres Žilina",Terchová,Terchová
JuWeOewD3Gg,house,flat,"okres Liptovský Mikuláš",Dúbrava,Dúbrava
JuuJvOruCyE,house,NULL,"okres Martin",Martin,Sever
Ju1Fv2ySoaS,house,flat,"okres Martin",Príbovce,Príbovce
JuFC-aJuKRa,house,flat,"okres Žilina","Malá Čierna","Malá Čierna"
JuSs3N5i3rL,house,NULL,"okres Liptovský Mikuláš","Liptovský Mikuláš",Benice
JuKx19d2RCd,house,flat,"okres Martin",Martin,Jahodníky
JuY-SPBwd8P,house,NULL,"okres Liptovský Mikuláš",Smrečany,Smrečany
JuLWBKzZeJE,house,"gently sloped","okres Martin",Necpaly,Necpaly
JuD8rezKquD,house,flat,"okres Turčianske Teplice","Turčianske Teplice",Diviaky
JubU0eKdiVr,house,flat,"okres Bytča",Bytča,"Hliník nad Váhom"
Jupwy58HyS3,house,flat,"okres Liptovský Mikuláš","Liptovské Kľačany","Liptovské Kľačany"
Jux_9WVvE-Q,house,NULL,"okres Turčianske Teplice","Horná Štubňa","Horná Štubňa"
JupBKdvb5-A,house,flat,"okres Liptovský Mikuláš","Liptovský Trnovec","Liptovský Trnovec"
JuoQ_50mfjv,house,flat,"okres Žilina",Stránske,Stránske
JuiW01vp_No,house,NULL,"okres Čadca",Čadca,Čadečka
JugGPssQETW,house,flat,"okres Dolný Kubín",Zázrivá,Zázrivá
JuVBGZswzO8,house,"gently sloped","okres Žilina","Rajecké Teplice","Rajecké Teplice"
Ju6igj_0jNC,house,"gently sloped","okres Dolný Kubín","Oravský Podzámok","Oravský Podzámok"
Jun0rUiHHId,house,"gently sloped","okres Martin","Turčiansky Peter","Turčiansky Peter"
JuRC_sngF0m,house,flat,"okres Žilina",Terchová,Terchová
Jupi9oHSOxK,house,flat,"okres Turčianske Teplice",Háj,Háj
JuhlHrJa9hV,house,flat,"okres Martin",Martin,Stráne
Jufj_0Gj-0k,house,NULL,"okres Liptovský Mikuláš",Ľubeľa,Ľubeľa
JuqStupTj78,house,flat,"okres Žilina",Žilina,"Staré mesto"
Juk3KAL7-tq,house,flat,"okres Martin",Podhradie,Podhradie
JudpEUux9d7,house,"mostly flat","okres Liptovský Mikuláš","Závažná Poruba","Závažná Poruba"
Ju3LCu23qXh,house,flat,"okres Ružomberok",Ružomberok,"Staré mesto"
Juwr4hT_Hw4,house,NULL,"okres Martin",Martin,Priekopa
JuLejb12kjD,house,flat,"okres Kysucké Nové Mesto",Povina,Povina
Ju3CARY9OXA,house,NULL,"okres Čadca",Čadca,Centrum
JuuOm3BAvYEs,house,flat,"okres Martin",NULL,NULL
JuiyrWA4fnU,house,flat,"okres Čadca",Turzovka,Závodie
JuwmzGWznze,house,NULL,"okres Liptovský Mikuláš",Dúbrava,Dúbrava
JuZLXRA74dF,house,flat,"okres Martin",Ležiachov,Ležiachov
JuuVW7D3CC4,house,flat,"okres Liptovský Mikuláš","Liptovský Mikuláš","Liptovská Ondrašová"
JucFteCcorV,house,flat,"okres Čadca",Raková,Raková
JutrNWqo1mF,house,NULL,"okres Martin",Žabokreky,Žabokreky
Ju91riyeIY0,house,NULL,"okres Liptovský Mikuláš","Svätý Kríž","Svätý Kríž"
JuJVlSLNzUp,house,NULL,"okres Turčianske Teplice","Horná Štubňa","Horná Štubňa"
JuDis4x18zz,house,"gently sloped","okres Liptovský Mikuláš",Ižipovce,Ižipovce
JuDZksNmp-x,house,NULL,"okres Ružomberok","Liptovská Teplá","Liptovská Teplá"
Ju-NcnxkRbA,house,NULL,"okres Ružomberok",Stankovany,Stankovany
JuCQvl5wSHc,house,NULL,"okres Čadca",Korňa,Korňa
JuMul7PwvM2d,house,"mostly flat","okres Žilina",Višňové,Višňové
Ju8Q97pjRsq,house,NULL,"okres Ružomberok",Ivachnová,Ivachnová
Ju2NkOjuxZI,house,other,"okres Žilina","Rajecké Teplice","Rajecké Teplice"
JuJ5uCQt9op,house,flat,"okres Žilina","Lietavská Svinná-Babkov","Lietavská Svinná-Babkov"
JurLHZvtaEy,house,"gently sloped","okres Martin",Martin,Stred
Juxivp9KfQ0,house,NULL,"okres Žilina",Rosina,Rosina
Jud93oHCOHE,house,flat,"okres Martin",Bystrička,Bystrička
JuJsyjovPfc,house,NULL,"okres Čadca","Dlhá nad Kysucou","Dlhá nad Kysucou"
JuOaEJ-u0ZG,house,"gently sloped","okres Čadca",Svrčinovec,Svrčinovec
Ju02FWXcSxg,house,flat,"okres Turčianske Teplice",Mošovce,Mošovce
JuNBS73Ff1Z,house,flat,"okres Martin",Turany,Turany
Juet0DuhtSi,house,NULL,"okres Liptovský Mikuláš",Prosiek,Prosiek
JutC2YgCUCh,house,NULL,"okres Martin",Bystrička,Bystrička
JuxTlJngqfx,house,"mostly flat","okres Žilina",Hôrky,Hôrky
JuTG5fkPlv9,house,sloped,"okres Turčianske Teplice",Abramová,Abramová
JunogbuFikZ,house,flat,"okres Ružomberok",Stankovany,Stankovany
JuQYvnGYftR,house,NULL,"okres Martin",Martin,Stráne
JuE2xdPeLMB,house,NULL,"okres Žilina",Žilina,Budatín
JuQBGbl9GCs,house,"gently sloped","okres Bytča",Kolárovice,Kolárovice
Ju_uHTH2LKy,house,"mostly flat","okres Bytča","Veľké Rovné","Veľké Rovné"
JucgDISpkFu,house,flat,"okres Ružomberok","Liptovská Štiavnica","Liptovská Štiavnica"
Juf5RoOgfBW,house,flat,"okres Bytča",Bytča,"Hliník nad Váhom"
JuZFa40Foop,house,flat,"okres Kysucké Nové Mesto",NULL,NULL
Juako0agoSO,house,"mostly flat","okres Žilina",Stránske,Stránske
Jubj0GQo0yb,house,"gently sloped","okres Čadca",Zákopčie,Zákopčie
JufilbyD1c1,house,NULL,"okres Ružomberok",Ružomberok,"Biely Potok"
JutiSbVRe_4,house,flat,"okres Žilina",Žilina,Bôrik
JuNs-c1_Jug,house,flat,"okres Čadca",Staškov,Staškov
JunPSVDxWEH,house,flat,"okres Martin",Martin,"Kolónia Hviezda"
Jujj9R6pdLi,house,flat,"okres Žilina",Konská,Konská
JuX1WyelwxA,house,flat,"okres Žilina","Malá Čierna","Malá Čierna"
JuiwpIv6ZO8n,house,NULL,"okres Turčianske Teplice","Turčianske Teplice","Turčiansky Michal"
JuzAGRifcCv,house,flat,"okres Čadca","Krásno nad Kysucou",Stred
JuWLq7Wh8lf,house,NULL,"okres Martin","Kláštor pod Znievom","Kláštor pod Znievom"
Ju9fCSXKuI8,house,NULL,"okres Liptovský Mikuláš",Važec,Važec
JuzfaiaPF1e,house,flat,"okres Martin",Martin,Jahodníky
Ju_jNWgq4Ah,house,"mostly flat","okres Liptovský Mikuláš","Kráľova Lehota","Kráľova Lehota"
JukqbzsVg5j,house,flat,"okres Martin",Belá-Dulice,Belá-Dulice
Ju7p-ibu19t,house,"gently sloped","okres Liptovský Mikuláš","Liptovská Porúbka","Liptovská Porúbka"
JuHbG5bC-AQ,house,"gently sloped","okres Martin",Martin,Stráne
JuMpX9TQAHl,house,flat,"okres Dolný Kubín","Dolný Kubín",Brezovec
JuTNxy0mSKf,house,"mostly flat","okres Kysucké Nové Mesto","Kysucké Nové Mesto",Suľkov
Juwnal8LZ_c,house,"gently sloped","okres Žilina",Žilina,"Žilinská Lehota"
JukKOW5g8ic,house,flat,"okres Ružomberok",Kalameny,Kalameny
JufvMyqhmxo,house,flat,"okres Martin",Vrícko,Vrícko
JuUuFP8LBad,house,"mostly flat","okres Dolný Kubín",Malatiná,Malatiná
JuGlgzti-Xv,house,flat,"okres Čadca",Staškov,Staškov
JuLLKbrzsGT,house,"gently sloped","okres Žilina",Žilina,Budatín
JuHzzpFEcq7,house,NULL,"okres Žilina",Terchová,Terchová
JuAHn1RYaaM,house,flat,"okres Čadca",Korňa,Korňa
JuUyDXLqSR7,house,flat,"okres Tvrdošín",Nižná,Nižná
JuxqHjwv5kQ,house,flat,"okres Martin","Kláštor pod Znievom","Kláštor pod Znievom"
JukjLL6Pznq,house,flat,"okres Bytča","Hlboké nad Váhom","Hlboké nad Váhom"
JuEdQgaYA3w,house,flat,"okres Martin",Príbovce,Príbovce
JucVvBL8mQZ,house,flat,"okres Žilina",Brezany,Brezany
Juzanri8hki,house,flat,"okres Bytča",Bytča,"Hliník nad Váhom"
JuNKxzZQlzf,house,flat,"okres Žilina",Višňové,Višňové
JuLre6AewXY,house,NULL,"okres Ružomberok",Ivachnová,Ivachnová
JuJF0aEq48e,house,flat,"okres Žilina",Hôrky,Hôrky
Ju2bCMkIGvc,house,NULL,"okres Bytča",Štiavnik,Štiavnik
JuHinPus21r,house,flat,"okres Ružomberok",Lisková,Lisková
Ju3sdsvW1qf,house,NULL,"okres Ružomberok",Ružomberok,"Staré mesto"
JujgFHysqby,house,flat,"okres Martin","Turčianske Kľačany","Turčianske Kľačany"
Juec3rJbHzE,house,flat,"okres Liptovský Mikuláš","Liptovská Sielnica","Liptovská Sielnica"
JuVTTY5wrme,house,flat,"okres Turčianske Teplice","Turčianske Teplice",Diviaky
JufEAKik-mc,house,sloped,"okres Martin",Podhradie,Podhradie
Ju8UQkGga6F,house,sloped,"okres Ružomberok",Lisková,Lisková
JuMmB0vZcwg,house,"mostly flat","okres Žilina",Žilina,Bôrik
Juu4bOArZvB,house,NULL,"okres Ružomberok",Lúčky,Lúčky
JuG-JRPmhAG,house,other,"okres Žilina",NULL,NULL
Ju6-BxY4Q9v,house,NULL,"okres Martin",Blatnica,Blatnica
Ju4_CW18xww,house,flat,"okres Žilina","Paština Závada","Paština Závada"
JujfdD-5RPO,house,flat,"okres Ružomberok",Komjatná,Komjatná
JuJ5z8J0t7V,house,other,"okres Žilina",Žilina,Budatín
Ju7pKhqP4zK,house,flat,"okres Martin",Sučany,Sučany
JuRty8qQQ_7,house,"gently sloped","okres Tvrdošín",Tvrdošín,Tvrdošín
Juv0ePbKA7G,house,flat,"okres Dolný Kubín",Kraľovany,Kraľovany
JuKz9mvEvI_,house,"gently sloped","okres Liptovský Mikuláš",Važec,Važec
JunAaEjMO5H,house,flat,"okres Liptovský Mikuláš",Važec,Važec
JuVJGPaHJOp,house,"gently sloped","okres Čadca",Zákopčie,Zákopčie
JuqydMjWuh4,house,NULL,"okres Žilina",Lysica,Lysica
JunkMQWQbHn,house,flat,"okres Žilina",Žilina,Bánová
JuM-6ImZqgg,house,NULL,"okres Čadca",Čadca,Centrum
Jup9Yn-xSxK,house,other,"okres Žilina",Bitarová,Bitarová
JuB8tqpRaSl,house,"mostly flat","okres Ružomberok",Ružomberok,"Pod Skalami"
Juu2Y87Z-DK,house,NULL,"okres Čadca",Skalité,Skalité
JukEQsAHFmW,house,"gently sloped","okres Turčianske Teplice",Budiš,Budiš
JuMiWG_Bjr-,house,flat,"okres Žilina",Varín,Varín
JuoozgHS-2r,house,"gently sloped","okres Čadca",Čadca,"U Hluška"
Juzaery-uaM,house,NULL,"okres Martin",Martin,Tomčany
JuJSekEM4oc,house,flat,"okres Ružomberok","Liptovské Sliače","Liptovské Sliače"
JubJO0qS-zH,house,flat,"okres Liptovský Mikuláš",Ľubeľa,Ľubeľa
JueA1N-Ntfj,house,"gently sloped","okres Liptovský Mikuláš","Závažná Poruba","Závažná Poruba"
JuHtgn-PdTN,house,flat,"okres Martin","Turčianske Kľačany","Turčianske Kľačany"
Jub25_ejcJA,house,"gently sloped","okres Čadca",Oščadnica,Oščadnica
JuvMlRWqyJoo,house,other,"okres Kysucké Nové Mesto",Nesluša,Nesluša
JuzSO8DcIjL,house,flat,"okres Martin",Diaková,Diaková
JuT-mCUWMWu,house,"gently sloped","okres Liptovský Mikuláš",Bobrovník,Bobrovník
Ju14mSBpDUx,house,NULL,"okres Čadca",Oščadnica,Oščadnica
Ju07wpce3-e,house,NULL,"okres Ružomberok",Turík,Turík
JuiIP6qTDBs,house,flat,"okres Liptovský Mikuláš",Vlachy,Vlachy
JuWA9aOrYrn,house,flat,"okres Martin",Žabokreky,Žabokreky
JuTaKGvu-_W,house,NULL,"okres Bytča",Štiavnik,Štiavnik
Juolbg2gxyQ,house,other,"okres Liptovský Mikuláš",Ižipovce,Ižipovce
JuOzMZP3NXD,house,"gently sloped","okres Čadca","Krásno nad Kysucou",Kalinov
JuhiXx9KEAl,house,"gently sloped","okres Dolný Kubín","Dolný Kubín",Medzihradné
JuD_VuWF7qU,house,sloped,"okres Dolný Kubín",Istebné,Istebné
Ju7FT7K1T9V,house,flat,"okres Žilina",Svederník,Svederník
Ju1tEs_gT7e,house,sloped,"okres Žilina",Gbeľany,Gbeľany
JujDi-L-0hf,house,"mostly flat","okres Čadca",Olešná,Olešná
JuWVZLxkLMK,house,"gently sloped","okres Ružomberok",Ružomberok,Hrabovo
JuUrENnUrd4,house,flat,"okres Martin","Turčiansky Peter","Turčiansky Peter"
JuRBO1iDcGe,house,flat,"okres Martin",Sučany,Sučany
JuzawK4H-li,house,flat,"okres Kysucké Nové Mesto","Dolný Vadičov","Dolný Vadičov"
JuiNBbsX-1P,house,flat,"okres Žilina",Žilina,Bytčica
JuIGCsa_wh0,house,NULL,"okres Martin",Blatnica,Blatnica
JuCbUaiZ-t8,house,flat,"okres Čadca",Skalité,Skalité
JuPBoWiotP6,house,sloped,"okres Turčianske Teplice","Horná Štubňa","Horná Štubňa"
JuyVW5GYHzb,house,"gently sloped","okres Žilina",Lysica,Lysica
JufXd7f876u,house,flat,"okres Žilina",Žilina,Bánová
JuvDMV343M4,house,flat,"okres Bytča",Bytča,"Hliník nad Váhom"
JunqWaLvLjb,house,flat,"okres Liptovský Mikuláš","Liptovská Sielnica","Liptovská Sielnica"
JufxA_4siD5,house,"gently sloped","okres Námestovo",Námestovo,"Slanická Osada"
JuNEJj6Bobe,house,"gently sloped","okres Liptovský Mikuláš",Ľubeľa,Ľubeľa
Ju7GkmUpk7w,house,"gently sloped","okres Ružomberok","Liptovská Lúžna","Liptovská Lúžna"
JuugYuyjxCy,house,flat,"okres Čadca",Raková,Raková
JuENmSVbf52,house,"gently sloped","okres Žilina",Rosina,Rosina
JuSDor_pBw9,house,NULL,"okres Martin",Slovany,Slovany
JuEl9XITon-,house,NULL,"okres Turčianske Teplice",Rudno,Rudno
JuQ4i8mNwlL,house,flat,"okres Bytča",Kotešová,Kotešová
Ju3IlwS0uHk,house,flat,"okres Žilina",NULL,NULL
JurqmynKY4o,house,NULL,"okres Dolný Kubín","Oravský Podzámok","Oravský Podzámok"
JuhsSA9jVzs,house,flat,"okres Martin","Turčianske Kľačany","Turčianske Kľačany"
JuvA9DjdPST,house,flat,"okres Ružomberok",Lisková,Lisková
JuXVSVVWVLI,house,NULL,"okres Liptovský Mikuláš",Dúbrava,Dúbrava
Juv2ewXXJKK,house,NULL,"okres Martin",Vrútky,"Karvaša a Bláhovca"
Juy6D0BMpPr,house,sloped,"okres Martin",Belá-Dulice,Belá-Dulice
JuRvLvEuC6c,house,flat,"okres Čadca",Turzovka,NULL
JupqlbF43-v,house,"gently sloped","okres Bytča","Veľké Rovné","Veľké Rovné"
JuZgj6k1S7C,house,"mostly flat","okres Martin",Martin,Stráne
JuvbGiTBrMG,house,flat,"okres Liptovský Mikuláš",Lazisko,Lazisko
Ju6pNzkI7kN,house,flat,"okres Martin",Martin,Stráne
JuIyY_wrQVH,house,flat,"okres Bytča",Bytča,"Veľká Bytča"
JuhQKNPNiRq,house,NULL,"okres Žilina","Rajecké Teplice","Rajecké Teplice"
JuQ6y__HQN4,house,flat,"okres Martin","Kláštor pod Znievom","Kláštor pod Znievom"
JuL5-OdofNk,house,flat,"okres Žilina",Terchová,Terchová
JudAAa45gzT,house,flat,"okres Martin",Martin,Jahodníky
JuptIY7K5YK,house,"gently sloped","okres Čadca",Turzovka,Predmier
JuMof2f50da,house,flat,"okres Žilina",Žilina,"Považský Chlmec"
JuZgBXj7DfA,house,flat,"okres Liptovský Mikuláš",Bobrovec,Bobrovec
Ju5BwjQ6s7y,house,"mostly flat","okres Čadca",Čierne,Čierne
JuQab_JUcgQ,house,flat,"okres Martin",Vrútky,"Karvaša a Bláhovca"
JuEB6osELcj,house,NULL,"okres Turčianske Teplice",Sklené,Sklené
Ju34HqZzlYZ,house,"mostly flat","okres Žilina",Terchová,Terchová
Ju_JIspGy8j,house,flat,"okres Liptovský Mikuláš","Liptovský Mikuláš","Staré mesto"
JuwY9aBM81x,house,NULL,"okres Martin",Vrútky,"Dolné Vrútky"
Ju6FkAOvz_r,house,flat,"okres Liptovský Mikuláš","Liptovský Mikuláš",Okoličné
Ju8bN6JmGCo,house,flat,"okres Martin",Martin,Ľadoveň
JuF5wwqoPt-,house,NULL,"okres Ružomberok","Liptovská Osada","Liptovská Osada"
JuRB3GLBQlr,house,flat,"okres Žilina",Rajec,Rajec
JulDvECm5wW,house,flat,"okres Žilina",Žilina,"Považský Chlmec"
JutdauUbuYB,house,flat,"okres Žilina",Mojš,Mojš
JuKt4j2XFxX,house,flat,"okres Liptovský Mikuláš",Dúbrava,Dúbrava
JuTM2PfA7TL,house,"gently sloped","okres Žilina",Bitarová,Bitarová
JuHuCArgKgQ,house,other,"okres Námestovo",Zubrohlava,Zubrohlava
Jucbi7PZEnm,house,NULL,"okres Čadca",Klokočov,Klokočov
JuM1C8fcu8K,house,"gently sloped","okres Ružomberok",Ružomberok,NULL
Ju-vY43kOSm,house,flat,"okres Čadca",Klokočov,Klokočov
Ju6dKyzXet6,house,flat,"okres Žilina",Žilina,Strážov
Ju6vI9Ongqb,house,"gently sloped","okres Čadca",Klokočov,Klokočov
JuSGs9I7N10c,house,NULL,"okres Turčianske Teplice",Čremošné,Čremošné
JuQQeemtPlQ,house,NULL,"okres Liptovský Mikuláš","Liptovský Trnovec","Liptovský Trnovec"
Juc14yxwCWy,house,flat,"okres Liptovský Mikuláš",Ľubeľa,Ľubeľa
JuA6unfH09z,house,NULL,"okres Martin",Martin,Stráne
JuoL9EBWGdw,house,flat,"okres Žilina",Podhorie,Podhorie
JuTsKQYVo81,house,NULL,"okres Liptovský Mikuláš","Liptovský Mikuláš",Bodice
JuvJClErKby,house,flat,"okres Kysucké Nové Mesto",Rudina,Rudina
JuImgMwAlae,house,other,"okres Žilina",Bitarová,Bitarová
JuJRg0E5VNn,house,flat,"okres Martin",Valča,Valča
Ju_7upNwBrj,house,"gently sloped","okres Dolný Kubín",Malatiná,Malatiná
JueQzTcIDeQ,house,"gently sloped","okres Ružomberok",Ružomberok,Baničné
JuWFwDq9Hos,house,flat,"okres Ružomberok",Likavka,Likavka
Juw-gEYpFG_,house,"gently sloped","okres Čadca",Čadca,Milošová
Ju3_GjYaBPA,house,flat,"okres Čadca",Čadca,Centrum
JufgKb9FR3J,house,NULL,"okres Ružomberok",Ludrová,Ludrová
JunNJzhFnyu,house,NULL,"okres Čadca",Čierne,Čierne
Juk_6IbuVg4,house,other,"okres Kysucké Nové Mesto",Nesluša,Nesluša
Juhv-0ib6ND,house,sloped,"okres Bytča","Hlboké nad Váhom","Hlboké nad Váhom"
JuFy8odNEYG,house,"gently sloped","okres Ružomberok",Ludrová,Ludrová
Ju5HL9HCWYK,house,flat,"okres Liptovský Mikuláš",Podtureň,Podtureň
JuTAR5A7Hvk,house,flat,"okres Bytča",Bytča,"Hliník nad Váhom"
Juk8YxA4P9Q,house,flat,"okres Tvrdošín",Zábiedovo,Zábiedovo
JuH7gFUPY7f,house,flat,"okres Žilina",Gbeľany,Gbeľany
JuHEeYDAKYc,house,flat,"okres Čadca",Zákopčie,Zákopčie
Ju818YWB7Et,house,NULL,"okres Martin",Valča,Valča
JuvprX5EDq1,house,"mostly flat","okres Ružomberok",Likavka,Likavka
Ju769ToQ74D,house,"gently sloped","okres Žilina",Žilina,"Žilinská Lehota"
Ju_VPyRRw8c,house,NULL,"okres Čadca",Klokočov,Klokočov
Juady9vqBv8,house,NULL,"okres Čadca",Klokočov,Klokočov
Juj0QibLMWk,house,flat,"okres Čadca","Krásno nad Kysucou",Stred
Jua9bDzVCPy,house,flat,"okres Ružomberok",Lisková,Lisková
JuVWSdPVacq,house,"gently sloped","okres Liptovský Mikuláš",Ľubeľa,Ľubeľa
JuoeXyKL-xw,house,flat,"okres Martin",Martin,"Kolónia Hviezda"
JuU-CdEC7dE,house,flat,"okres Čadca",Svrčinovec,Svrčinovec
JuyjJhU57Ie,house,flat,"okres Martin",Dražkovce,Dražkovce
JuUOF1Y8GRc,house,flat,"okres Ružomberok",Martinček,Martinček
JuTtMGChCvj,house,flat,"okres Ružomberok",Ivachnová,Ivachnová
Ju85rN2RkNp,house,"gently sloped","okres Žilina",Žilina,Bôrik
JuGV2Mc53Dd,house,NULL,"okres Námestovo",Ťapešovo,Ťapešovo
Ju_8_vlnZwY,house,other,"okres Ružomberok",Ružomberok,"Biely Potok"
JulClHeflP9,house,flat,"okres Žilina","Lietavská Lúčka","Lietavská Lúčka"
JuAUegGsDW_,house,NULL,"okres Turčianske Teplice",Turček,Turček
JuD5IEP-_uU,house,flat,"okres Žilina","Lietavská Svinná-Babkov","Lietavská Svinná-Babkov"
Juh02qpId7f,house,NULL,"okres Čadca",Čadca,Rieka
JudW0vCLa-q,house,"gently sloped","okres Žilina",Žilina,Budatín
JuZSCNK7v3l,house,flat,"okres Žilina",Žilina,"Staré mesto"
JuNXUaLV7F5,house,NULL,"okres Čadca",Čadca,Kyzkovci
Jubpxb0JsTj,house,"gently sloped","okres Čadca",Klokočov,Klokočov
Ju4kDIYSKlj,house,NULL,"okres Martin",Žabokreky,Žabokreky
JuY6OUpbXjU,house,"mostly flat","okres Žilina",Mojš,Mojš
Jug6zZpbgms,house,flat,"okres Žilina",Terchová,Terchová
JuP0XzI2a8X,house,"gently sloped","okres Námestovo",Lomná,Lomná
JuQ_I0ff1WB,house,flat,"okres Bytča",Kotešová,Kotešová
JuxsRe4hFI1,house,flat,"okres Martin","Košťany nad Turcom","Košťany nad Turcom"
JuNAkKLTuvU,house,sloped,"okres Žilina",Brezany,Brezany
JurPQrgAzVa,house,NULL,"okres Žilina",Varín,Varín
JuO0hdGmTXM,house,flat,"okres Martin","Kláštor pod Znievom","Kláštor pod Znievom"
Ju99F1V9-a5,house,"gently sloped","okres Martin",Vrútky,"Karvaša a Bláhovca"
Jud-pgAdAnR,house,NULL,"okres Žilina",Žilina,Závodie
JunMD2_PHX1,house,"gently sloped","okres Žilina",Žilina,Budatín
Jut9hBMvkj1,house,"mostly flat","okres Žilina",Hôrky,Hôrky
JuMIjDzPJlV,house,sloped,"okres Žilina","Dolná Tižina","Dolná Tižina"
Ju08TjjVb3y,house,flat,"okres Žilina",Mojš,Mojš
Juove7AkwvT,house,flat,"okres Martin",Valča,Valča
JuqQL7cMBce,house,flat,"okres Žilina",Žilina,Bôrik
JuyE1SKm9MG,house,"gently sloped","okres Dolný Kubín","Dolný Kubín","Veľký Bysterec"
JuAUIyCgthV,house,"gently sloped","okres Turčianske Teplice",Dubové,Dubové
JulOKuOiom0,house,flat,"okres Martin",Martin,Stráne
JuV6m-uCHri,house,flat,"okres Ružomberok",Komjatná,Komjatná
JuBFSGXIbQg,house,flat,"okres Martin",Martin,Stred
JuSEx_tCHgm,house,flat,"okres Martin",Sučany,Sučany
Ju8D90dPeWn,house,flat,"okres Čadca","Stará Bystrica","Stará Bystrica"
JuSIu9gfLrM,house,flat,"okres Martin",Turany,Turany
Jubw55XES_L,house,"mostly flat","okres Žilina",Rajec,Rajec
Ju4qLAERlSe,house,NULL,"okres Turčianske Teplice",Sklené,Sklené
JuQLhnk0fIJ,house,NULL,"okres Námestovo",Bobrov,Bobrov
JuTHsp0WSDj,house,terraced,"okres Čadca",Čierne,Čierne
Juq9xnQNQkn,house,"mostly flat","okres Ružomberok","Liptovské Sliače","Liptovské Sliače"
Ju201YVcPl9,house,flat,"okres Martin",Martin,Priekopa
JuEkXTiy4W0,house,flat,"okres Čadca",Turzovka,Predmier
JuRCZxG-Ooz,house,NULL,"okres Turčianske Teplice",Brieštie,Brieštie
Ju2g9qDY7C2,house,NULL,"okres Žilina","Lietavská Lúčka","Lietavská Lúčka"
JuiurmGxqdw,house,flat,"okres Liptovský Mikuláš",Galovany,Galovany
JubPnkGYuzd,house,NULL,"okres Žilina","Lietavská Svinná-Babkov","Lietavská Svinná-Babkov"
JutUghljOFb,house,NULL,"okres Martin","Košťany nad Turcom","Košťany nad Turcom"
JuOcMarFG9f,house,flat,"okres Martin",Martin,Priekopa
JueL_62vkzy,house,"gently sloped","okres Bytča",Petrovice,Petrovice
Ju83GL9bzob,house,flat,"okres Liptovský Mikuláš",Pribylina,Pribylina
JuOWTKqdph-,house,NULL,"okres Žilina",Brezany,Brezany
JuJ_aSROqsa,house,"mostly flat","okres Bytča",Maršová-Rašov,Maršová-Rašov
JuZb8UCK_rZ,house,NULL,"okres Čadca",Svrčinovec,Svrčinovec
JuTlV6vu9KV,house,"gently sloped","okres Čadca",Turzovka,Hlinené
JuHMOf4_aEt,house,NULL,"okres Martin",Martin,Podháj
JuExQtw6qVs,house,sloped,"okres Žilina",Bitarová,Bitarová
JuWdOUuOqTq,house,"gently sloped","okres Bytča","Veľké Rovné","Veľké Rovné"
JuCQquJMobX,house,flat,"okres Liptovský Mikuláš","Liptovský Mikuláš","Staré mesto"
JuCZFv2-6ou,house,flat,"okres Martin",Sučany,Sučany
JuZeXFkM1A9,house,NULL,"okres Čadca","Dlhá nad Kysucou","Dlhá nad Kysucou"
JuiNO66g3Yc,house,"gently sloped","okres Liptovský Mikuláš","Liptovský Trnovec","Liptovský Trnovec"
Ju3B-41JURa,house,flat,"okres Žilina",Bitarová,Bitarová
JuVYoseZcjb,house,sloped,"okres Čadca","Vysoká nad Kysucou","Vysoká nad Kysucou"
Juqo9ur2oSk,house,flat,"okres Čadca",Raková,Raková
JuUtFPHm2FJ,house,NULL,"okres Čadca",Skalité,Skalité
JuRXV1iFSPA,house,flat,"okres Liptovský Mikuláš","Partizánska Ľupča","Partizánska Ľupča"
JuvFd0GqZEL,house,NULL,"okres Čadca",Zákopčie,Zákopčie
JuYLfbh2sq3,house,flat,"okres Ružomberok","Liptovská Osada","Liptovská Osada"
JurXt03mBLY,house,flat,"okres Žilina",Bitarová,Bitarová
Ju6T3Ft89-v,house,NULL,"okres Martin",Martin,Záturčie
JupleqZX_5c,house,NULL,"okres Liptovský Mikuláš",Važec,Važec
JuFiX3Sq3vG,house,NULL,"okres Liptovský Mikuláš",Važec,Važec
JugTUA5gS8g,house,flat,"okres Čadca",Čadca,Milošová
Ju-2ATFv9rv,house,other,"okres Žilina",Žilina,Trnové
Ju-DaLUFFrZO,house,"gently sloped","okres Čadca",Zákopčie,Zákopčie
JulhD_NcT3W,house,flat,"okres Čadca",Čadca,"U Hluška"
JuR8MtfJ_hy,house,flat,"okres Ružomberok",Bešeňová,Bešeňová
JuTYVNH1hyq,house,"mostly flat","okres Žilina",Žilina,Závodie
JueXmDjP7zd,house,NULL,"okres Žilina",Žilina,Budatín
JuHhaEPAecH,house,"gently sloped","okres Žilina",Žilina,Budatín
JuUd1zO7Wmq,house,flat,"okres Liptovský Mikuláš",Východná,Východná
Ju65DXWDqfO,house,"gently sloped","okres Žilina","Malá Čierna","Malá Čierna"
JuUTEYZS5iH,house,flat,"okres Martin","Turčianske Kľačany","Turčianske Kľačany"
JulIOnbqCxs,house,terraced,"okres Liptovský Mikuláš","Partizánska Ľupča","Partizánska Ľupča"
JunoisVSjsE,house,flat,"okres Liptovský Mikuláš",Dúbrava,Dúbrava
JuX0rjtWptr,house,NULL,"okres Ružomberok","Liptovská Lúžna","Liptovská Lúžna"
Ju0jlVjeum2,house,flat,"okres Kysucké Nové Mesto",Radoľa,Radoľa
Ju-n3HBlCLs,house,flat,"okres Liptovský Mikuláš","Liptovský Trnovec","Liptovský Trnovec"
JumqzlfG1o5,house,flat,"okres Ružomberok",Lisková,Lisková
JuUVlQMhocg,house,flat,"okres Turčianske Teplice","Malý Čepčín","Malý Čepčín"
JuIvAW7ErKL,house,flat,"okres Liptovský Mikuláš","Liptovský Mikuláš","Vrbica - Nábrežie"
Juomcnw1rQn,house,NULL,"okres Liptovský Mikuláš",Vavrišovo,Vavrišovo
JuHZ1_tqsoJ,house,flat,"okres Turčianske Teplice",Háj,Háj
JuRsx7ULgvE,house,NULL,"okres Liptovský Mikuláš",Ižipovce,Ižipovce
Juu-17oAoC1,house,flat,"okres Žilina",Žilina,"Považský Chlmec"
JuHTrpBIwLH,house,flat,"okres Čadca","Zborov nad Bystricou","Zborov nad Bystricou"
JugRw5WlFvo,house,"gently sloped","okres Martin","Košťany nad Turcom","Košťany nad Turcom"
JufGT_MaCUz,house,NULL,"okres Kysucké Nové Mesto",Rudinská,Rudinská
Juoz04a647Q,house,flat,"okres Žilina",Žilina,Budatín
Ju1Kl-Z5Rmy,house,"gently sloped","okres Čadca",Svrčinovec,Svrčinovec
JuyNnLnMYyC,house,flat,"okres Čadca",Oščadnica,Oščadnica
JuF46fUq-Yw,house,flat,"okres Martin",Blatnica,Blatnica
JuKQcfqPzaF,house,"gently sloped","okres Ružomberok",Ľubochňa,Ľubochňa
JuytovsywXn,house,NULL,"okres Žilina",Bitarová,Bitarová
JucRk_dUu__,house,NULL,"okres Liptovský Mikuláš",Ižipovce,Ižipovce
JuWBhReJsOQ,house,other,"okres Ružomberok",Ružomberok,"Staré mesto"
JupxniZ3HTo,house,flat,"okres Turčianske Teplice",Brieštie,Brieštie
JuX6zPqRWEF,house,flat,"okres Martin",Vrútky,"Dolné Vrútky"
JuMM6zZvZxw,house,flat,"okres Bytča",Bytča,"Hliník nad Váhom"
JuBhi6vWwWF,house,NULL,"okres Ružomberok",Hubová,Hubová
JusY0XVc742,house,sloped,"okres Žilina",Varín,Varín
Ju0x3Q-Isx2,house,flat,"okres Martin",Martin,Jahodníky
JusBzzX4MYn,house,NULL,"okres Martin",Martin,Stráne
JuyGuuau4bp,house,NULL,"okres Čadca",Skalité,Skalité
JuZg89p6Hy7,house,flat,"okres Žilina",Terchová,Terchová
Ju90ROUj5tm,house,flat,"okres Liptovský Mikuláš",Ľubeľa,Ľubeľa
JufpZ_mPYDs,house,sloped,"okres Ružomberok",Ľubochňa,Ľubochňa
JuGmzsgn_AA,house,flat,"okres Kysucké Nové Mesto","Kysucké Nové Mesto",Oškerda
JuZvI3pSm0g,house,flat,"okres Žilina","Lietavská Svinná-Babkov","Lietavská Svinná-Babkov"
Ju4QNdSEtTJo,house,NULL,"okres Bytča",Bytča,"Bytča - sever"
JuTyI-EzXJs,house,flat,"okres Žilina",Žilina,"Staré mesto"
JuRjgYMudUi,house,flat,"okres Bytča",Kotešová,Kotešová
JuQMRIcKumi,house,flat,"okres Liptovský Mikuláš",Ľubeľa,Ľubeľa
JuemrlNxbW5,house,flat,"okres Ružomberok",Ružomberok,Polík
Ju73dWwYIf4,house,NULL,"okres Ružomberok","Liptovské Sliače","Liptovské Sliače"
JuL77Ktof8v,house,other,"okres Ružomberok","Liptovská Štiavnica","Liptovská Štiavnica"
Ju11dVJkRkl,house,flat,"okres Žilina",Žilina,Závodie
Ju6OXC5e_2f,house,"gently sloped","okres Liptovský Mikuláš",Jakubovany,Jakubovany
JufFtzCmoZI,house,other,"okres Žilina",Rosina,Rosina
Ju_rwk44XIO,house,other,"okres Žilina",Žilina,Závodie
JuaEOE3NvBE,house,flat,"okres Martin",Rakovo,Rakovo
Juidd703LOU,house,sloped,"okres Žilina",Lysica,Lysica
Ju-OE670leB,house,flat,"okres Bytča",Predmier,Predmier
JukIEPbTzbs,house,flat,"okres Žilina",Hôrky,Hôrky
Ju9pzA6kp29,house,flat,"okres Čadca",Makov,Makov
Juk1Q-owy0o,house,flat,"okres Liptovský Mikuláš","Liptovský Mikuláš",Okoličné
Ju9iqAyYgBP,house,flat,"okres Martin",Martin,Priekopa
JuRU-kTFsF-J,house,NULL,"okres Turčianske Teplice","Horná Štubňa","Horná Štubňa"
JuO6fvSVJ1V,house,"gently sloped","okres Čadca",Klokočov,Klokočov
JuGR3fH9qik,house,sloped,"okres Žilina",Bitarová,Bitarová
Juo44m6iiNj,house,flat,"okres Žilina",Žilina,"Staré mesto"
JuTTJWsaBgO,house,"mostly flat","okres Čadca","Zborov nad Bystricou","Zborov nad Bystricou"
Ju56OOXxa00,house,sloped,"okres Dolný Kubín",Párnica,Párnica
JusG-CBmKRn,house,"gently sloped","okres Liptovský Mikuláš",Trstené,Trstené
JuWpJ-Sbi1l,house,flat,"okres Čadca",Turzovka,Stred
Ju9ruJn5dvg,house,NULL,"okres Martin",Slovany,Slovany
Ju2peJN838G,house,sloped,"okres Žilina",Svederník,Svederník
Juc0OLvyRFq,house,flat,"okres Bytča",Bytča,"Hliník nad Váhom"
JuG7o38qa_3q,house,flat,"okres Martin","Turčiansky Peter","Turčiansky Peter"
JumEIr24W_g,house,flat,"okres Turčianske Teplice","Slovenské Pravno","Slovenské Pravno"
Juq9Pjjnp8z,house,flat,"okres Ružomberok","Liptovská Štiavnica","Liptovská Štiavnica"
JuYcAohEk_m,house,flat,"okres Čadca",Svrčinovec,Svrčinovec
JuT5ppNKCia,house,NULL,"okres Čadca",Raková,Raková
Ju-75DBwgfk,house,flat,"okres Martin",Sučany,Sučany
JureCrsruRg,house,flat,"okres Liptovský Mikuláš","Liptovský Hrádok",Prekážka
JutHib1B1xR,house,NULL,"okres Kysucké Nové Mesto","Kysucký Lieskovec","Kysucký Lieskovec"
Juw8ClGcgML,house,flat,"okres Ružomberok",Stankovany,Stankovany
Juue_okjXNw,house,NULL,"okres Bytča",Bytča,"Bytča - sever"
JugpipVmZe_,house,sloped,"okres Kysucké Nové Mesto","Kysucké Nové Mesto","Budatínska Lehota"
JujzuFjr_sw,house,"gently sloped","okres Liptovský Mikuláš","Svätý Kríž","Svätý Kríž"
JuXTh3yHj3W,house,flat,"okres Martin","Košťany nad Turcom","Košťany nad Turcom"
JuucJQK8h5P,house,flat,"okres Liptovský Mikuláš","Nižná Boca","Nižná Boca"
JupsrE6Y27i,house,"gently sloped","okres Martin",Martin,Stráne
Juf1-SHsN6y,house,NULL,"okres Ružomberok",Ružomberok,"Staré mesto"
Juxato9q4rN,house,"mostly flat","okres Žilina",Kľače,Kľače
JuDQ5AS8LzC,house,NULL,"okres Liptovský Mikuláš","Liptovský Ondrej","Liptovský Ondrej"
JuWdcFlgLA9,house,"mostly flat","okres Žilina",Turie,Turie
JuQ3jpCSPOt,house,flat,"okres Ružomberok",Ludrová,Ludrová
Juyxeic3AFZ,house,NULL,"okres Čadca",Turzovka,Hlinené
Ju5nlLB7ljN,house,"mostly flat","okres Žilina",Žilina,Bytčica
JudSeGPXKHG,house,flat,"okres Čadca","Vysoká nad Kysucou","Vysoká nad Kysucou"
JuU3IYp6uhY,house,flat,"okres Martin",Vrútky,"Dolné Vrútky"
Ju8g_PgmzSw,house,"gently sloped","okres Čadca",Svrčinovec,Svrčinovec
JuWoB6KY-Fv,house,NULL,"okres Žilina","Teplička nad Váhom","Teplička nad Váhom"
Jujja8Oem9Ja,house,other,"okres Námestovo",Zubrohlava,Zubrohlava
JutFPWQnH3V,house,flat,"okres Liptovský Mikuláš",Bobrovec,Bobrovec
JuTPpgXbJM9,house,"gently sloped","okres Žilina",Višňové,Višňové
Ju_GJzZVy3l,house,"gently sloped","okres Čadca",Čadca,Husárikovci
Ju2MLh38AzW,house,flat,"okres Liptovský Mikuláš","Liptovský Mikuláš","Vrbica - Nábrežie"
JujrHGAONfL,house,NULL,"okres Martin",Martin,Sever
JuiBk9pN0nv,house,NULL,"okres Čadca",Čadca,Milošová
JuqlrZXWQYv,house,"gently sloped","okres Čadca",Podvysoká,Podvysoká
JuLD_F55WFh,house,"mostly flat","okres Čadca",Raková,Raková
JuQ_edW4pqG,house,"gently sloped","okres Žilina",Rajec,Rajec
JuFh6vU7_2A,house,flat,"okres Žilina","Teplička nad Váhom","Teplička nad Váhom"
Juhkwp9VTaS,house,NULL,"okres Žilina",Stránske,Stránske
JuH3sZu4pdG,house,flat,"okres Martin",Martin,"Kolónia Hviezda"
JuBfL7XLVQ9,house,flat,"okres Turčianske Teplice",Rudno,Rudno
JuKrQbUiYIO,house,flat,"okres Liptovský Mikuláš",Pribylina,Pribylina
JudHzue4NhQ,house,NULL,"okres Dolný Kubín",Zázrivá,Zázrivá
JuHkAYV6JoA,house,flat,"okres Liptovský Mikuláš",Bobrovec,Bobrovec
JurDwbnUMLP,house,flat,"okres Liptovský Mikuláš",Vlachy,Vlachy
JuZoVvDAQMx,house,flat,"okres Čadca","Dlhá nad Kysucou","Dlhá nad Kysucou"
JujkenW1_dD,house,NULL,"okres Turčianske Teplice",Sklené,Sklené
JuIIElHC0cU,house,flat,"okres Žilina",Žilina,"Malá Praha"
JuOwPTDIr94,house,NULL,"okres Martin",Martin,Priekopa
Jug496eX3Gs,house,NULL,"okres Turčianske Teplice",Mošovce,Mošovce
JuTIxLYmsaK,house,flat,"okres Ružomberok",Hubová,Hubová
JuOddvSg_iO,house,flat,"okres Čadca",Zákopčie,Zákopčie
Ju_f1P774-u,house,"gently sloped","okres Žilina",Terchová,Terchová
Ju0LSKjfViu,house,flat,"okres Dolný Kubín",Párnica,Párnica
JuFJihogKZr,house,NULL,"okres Martin","Turčianske Kľačany","Turčianske Kľačany"
Juw-GSUdmIG,house,flat,"okres Žilina",Žilina,Bytčica
Jucdr_EmdH7,house,flat,"okres Žilina","Teplička nad Váhom","Teplička nad Váhom"
Ju5C1H5Abo0,house,"gently sloped","okres Ružomberok",Ružomberok,Hrboltová
Ju-cAw3rC7V,house,NULL,"okres Martin",Vrícko,Vrícko
JuRyz27itEW,house,flat,"okres Liptovský Mikuláš",Vlachy,Vlachy
JuPc1_kIcTs,house,other,"okres Martin",Turany,Turany
JuwEY-XQ--d,house,flat,"okres Liptovský Mikuláš",Vavrišovo,Vavrišovo
JujgHpJn1F3,house,"gently sloped","okres Liptovský Mikuláš",Važec,Važec
JuCDqPuA034,house,flat,"okres Turčianske Teplice",Mošovce,Mošovce
JuhhjX7seSg,house,"gently sloped","okres Žilina",Žilina,Trnové
Ju9MyQ5uKi3,house,flat,"okres Žilina","Rajecké Teplice","Rajecké Teplice"
JuOzT9FClFp,house,"mostly flat","okres Martin",Záborie,Záborie
Ju1tXdldNyS,house,flat,"okres Liptovský Mikuláš","Liptovský Mikuláš","Staré mesto"
JuQ2hrgTY7r,house,"mostly flat","okres Liptovský Mikuláš",Pribylina,Pribylina
JuqU9D7znCx,house,"gently sloped","okres Turčianske Teplice","Turčianske Teplice",Stred
Juo6QlN-W6H,house,flat,"okres Žilina",Divinka,Divinka
JuXXQno7cBY,house,flat,"okres Liptovský Mikuláš",Podtureň,Podtureň
Ju3zQ1Nh4jQ,house,flat,"okres Ružomberok","Liptovské Sliače","Liptovské Sliače"
Junzj9FwgBR,house,"gently sloped","okres Liptovský Mikuláš",Važec,Važec
JukPbMQp4vL,house,"gently sloped","okres Ružomberok","Liptovské Sliače","Liptovské Sliače"
JurZyKShYtB,house,sloped,"okres Kysucké Nové Mesto","Horný Vadičov","Horný Vadičov"
JuIgoGx2_v8,house,flat,"okres Čadca",Čadca,Rieka
JuwqZ5PtbUb,house,flat,"okres Martin",Martin,Jahodníky
JuxW1O4IZfX,house,flat,"okres Dolný Kubín",Kraľovany,Kraľovany
JuZCH4Z4GtW,house,flat,"okres Martin",Vrútky,"Dolné Vrútky"
JudwE3rIvVz,house,flat,"okres Čadca",Oščadnica,Oščadnica
JuIGrD00dbC,house,flat,"okres Žilina",Žilina,Bytčica
JuFvFbiV3nGH,house,NULL,"okres Kysucké Nové Mesto","Kysucký Lieskovec","Kysucký Lieskovec"
JulkobtfeMA,house,"gently sloped","okres Liptovský Mikuláš",Dúbrava,Dúbrava
JuILcPMYY3I,house,NULL,"okres Čadca",Svrčinovec,Svrčinovec
JuOXuzHr_5v,house,flat,"okres Kysucké Nové Mesto","Kysucké Nové Mesto",NULL
JugA13oDi48,house,NULL,"okres Žilina","Dolný Hričov","Dolný Hričov"
JuboTIFLqNK,house,NULL,"okres Martin",Slovany,Slovany
JuDKS0g6D3f,house,other,"okres Žilina",Bitarová,Bitarová
JuJU1QTMNeE,house,NULL,"okres Turčianske Teplice",Jazernica,Jazernica
Ju4eYX0tWAV,house,"mostly flat","okres Kysucké Nové Mesto",Snežnica,Snežnica
Jud5gsaD9sR,house,flat,"okres Žilina",Krasňany,Krasňany
JuYDxLuRjG3,house,NULL,"okres Martin",Trebostovo,Trebostovo
Juaq4WwW9vx,house,NULL,"okres Martin",Slovany,Slovany
JuOJxRj9DKw,house,flat,"okres Čadca",Čierne,Čierne
JuJ4xyA2Mvr,house,"mostly flat","okres Martin",Podhradie,Podhradie
JudYTXBsh4Y,house,NULL,"okres Žilina",Divina,Divina
JupYVGV2PGl,house,"gently sloped","okres Martin",Martin,Jahodníky
JuDwofoMvZp,house,flat,"okres Martin",Dražkovce,Dražkovce
JuqvJh14Wgu,house,"gently sloped","okres Ružomberok",Ružomberok,"Biely Potok"
JuF72cqi1ME,house,"gently sloped","okres Žilina",Lietava,Lietava
JuT__REr8vI,house,flat,"okres Žilina",Žilina,"Staré mesto"
Ju4BYb2OXbI,house,flat,"okres Martin",Necpaly,Necpaly
JuWoCIVD5v7,house,flat,"okres Martin",Vrútky,Mexiko
JuP68rfpcZn,house,NULL,"okres Martin",Martin,Záturčie
JuEM42o9KEz,house,"gently sloped","okres Žilina",Žilina,"Mojšová Lúčka"
JuBBhpjm8uU,house,other,"okres Žilina",Varín,Varín
JuB-eq5YpsZ,house,flat,"okres Martin",Martin,Stred
JugwkPLjiSd,house,NULL,"okres Čadca",Turzovka,Stred
JuvSq281jGh,house,"gently sloped","okres Ružomberok","Liptovské Revúce","Liptovské Revúce"
Jui_ZoBED_0,house,NULL,"okres Žilina",Višňové,Višňové
JuJYdMwBoGD,house,flat,"okres Liptovský Mikuláš","Liptovský Hrádok",Dovalovo
JuRsdZ8Jr2V,house,flat,"okres Ružomberok",Ružomberok,"Biely Potok"
JuCaZmfJRdP,house,flat,"okres Ružomberok",Ludrová,Ludrová
JuAxDS1KQP8,house,flat,"okres Žilina","Lietavská Lúčka","Lietavská Lúčka"
JuKYmK8mVw6,house,flat,"okres Žilina",Stránske,Stránske
JunvCN2R0KwV,house,NULL,"okres Bytča",Hvozdnica,Hvozdnica
Jugb1InFMah,house,flat,"okres Liptovský Mikuláš","Liptovský Mikuláš",Okoličné
JuaFi1HiKe0,house,"mostly flat","okres Žilina","Rajecké Teplice","Rajecké Teplice"
JuMFo7ruEBZ,house,flat,"okres Martin",Valča,Valča
JuX-ONSG7MW,house,flat,"okres Ružomberok",Ružomberok,NULL
JuOaESnNFiy,house,"gently sloped","okres Žilina",Kunerad,Kunerad
JuhLO-Heh52,house,other,"okres Čadca",NULL,NULL
JuWoA-3_Vhw,house,flat,"okres Žilina",Mojš,Mojš
JuagtPiMN9S,house,"gently sloped","okres Bytča",Súľov-Hradná,Súľov-Hradná
JuTJoEU1yhL,house,flat,"okres Žilina",Kľače,Kľače
Jux1LioPBDR,house,flat,"okres Martin",Valča,Valča
Ju1Zyt94p9m,house,NULL,"okres Tvrdošín",Podbiel,Podbiel
JuSFm2ck_qD,house,NULL,"okres Ružomberok",Ružomberok,Rybárpole
JuR9KTBJMCB,house,flat,"okres Turčianske Teplice",Turček,Turček
JuUyJggM4z1,house,NULL,"okres Martin","Kláštor pod Znievom","Kláštor pod Znievom"
JuR4pf3ePqS,house,flat,"okres Čadca",Makov,Makov
Jufy8CKURgq,house,"gently sloped","okres Žilina",Terchová,Terchová
Jul6ieKbYlp,house,other,"okres Žilina",Višňové,Višňové
Juo6oycVN3c,house,flat,"okres Martin",Sučany,Sučany
Ju95SyJKFz2,house,flat,"okres Martin",Sučany,Sučany
JuLzQl1X89Z,house,flat,"okres Martin",Martin,Priekopa
JuKWyVNMM2k,house,sloped,"okres Martin",Martin,Stráne
JuGmc6FHo9t,house,flat,"okres Bytča",Bytča,"Hliník nad Váhom"
JuuHc7n3_6p,house,other,"okres Ružomberok",Ružomberok,"Nová Hrboltová"
JuAHK-zDu1n,house,sloped,"okres Martin",Martin,Stráne
JupJ40WhVz4,house,flat,"okres Bytča",Bytča,"Veľká Bytča"
JuH4UL-NFsu,house,"gently sloped","okres Martin",Podhradie,Podhradie
Juk7YsiM63G,house,terraced,"okres Ružomberok",Ružomberok,Baničné
Ju9WjpqJLA4,house,sloped,"okres Liptovský Mikuláš","Liptovský Trnovec","Liptovský Trnovec"
Ju7QPzGiQmY,house,"mostly flat","okres Žilina",Žilina,Strážov
Jubs_Rgnyxf,house,NULL,"okres Žilina",Kunerad,Kunerad
JukbTdt_vUz,house,"gently sloped","okres Ružomberok",Lúčky,Lúčky
Jul8ny-uWFg,house,flat,"okres Turčianske Teplice","Horná Štubňa","Horná Štubňa"
JuoVr-cpqoy,house,other,"okres Ružomberok",Lúčky,Lúčky
JuzY7TnxlPO,house,NULL,"okres Martin",Bystrička,Bystrička
JuHri8JYCPm,house,NULL,"okres Liptovský Mikuláš","Liptovský Trnovec","Liptovský Trnovec"
Ju87PUjUkTd,house,NULL,"okres Žilina","Nezbudská Lúčka","Nezbudská Lúčka"
JupIfiIMuTQ,house,flat,"okres Liptovský Mikuláš",Važec,Važec
Juesp2zf3lY,house,flat,"okres Čadca",Čadca,Podzávoz
Ju43uV08_mz,house,flat,"okres Žilina",Bitarová,Bitarová
Juulf_xdqDW,house,flat,"okres Žilina",Stránske,Stránske
Jui5kD-W6hC,house,NULL,"okres Čadca","Krásno nad Kysucou",Stred
Junzbld49fm,house,flat,"okres Žilina",Rosina,Rosina
Jurqon-UYJo,house,flat,"okres Liptovský Mikuláš","Liptovská Porúbka","Liptovská Porúbka"
JuJo8q5h32F,house,flat,"okres Bytča",Bytča,"Hliník nad Váhom"
JuJuIHXfekH,house,NULL,"okres Liptovský Mikuláš",Podtureň,Podtureň
JulGQ6sAAqR,house,"gently sloped","okres Ružomberok",Ludrová,Ludrová
JuaNEutdar9,house,NULL,"okres Žilina",Žilina,"Staré mesto"
Jum9sBowvy-,house,NULL,"okres Martin",Daňová,Ďanová
Ju3IEZxl8sI,house,"gently sloped","okres Žilina",Hôrky,Hôrky
Ju6zOlWlIEn,house,NULL,"okres Námestovo",Námestovo,NULL
JumYwG9N16J,house,"mostly flat","okres Žilina","Dolný Hričov","Dolný Hričov"
JumqO7twJWm,house,"gently sloped","okres Turčianske Teplice","Slovenské Pravno","Slovenské Pravno"
JuWd2pCrRH_,house,NULL,"okres Čadca",Makov,Makov
JuRSkMGH43Z,house,flat,"okres Martin",Sučany,Sučany
JuvpwpffhEi,house,flat,"okres Turčianske Teplice",Turček,Turček
JuPH-vU7UCa,house,"mostly flat","okres Liptovský Mikuláš","Liptovský Hrádok",Celiny
Ju4t5QuZmxI,house,other,"okres Žilina",Bitarová,Bitarová
JuWqe9aFJtO,house,NULL,"okres Čadca",Makov,Makov
Ju1u_LxXjv_,house,NULL,"okres Námestovo",Hruštín,Hruštín
JuZH2c0UQaC,house,"gently sloped","okres Dolný Kubín",Istebné,Istebné
JuifoQkrLih,house,NULL,"okres Kysucké Nové Mesto","Horný Vadičov","Horný Vadičov"
JuT_Z-uedyr,house,flat,"okres Martin","Turčiansky Peter","Turčiansky Peter"
JuVUBQ_BboU,house,flat,"okres Žilina",Varín,Varín
Juc6GgFARDk,house,"gently sloped","okres Turčianske Teplice",Mošovce,Mošovce
Ju3g9Tmxsx0,house,NULL,"okres Tvrdošín",Tvrdošín,NULL
Ju9bxb0AsZ-,house,flat,"okres Žilina",Žilina,Bôrik
Ju5WlUoNnF_,house,flat,"okres Ružomberok","Liptovská Lúžna","Liptovská Lúžna"
JuD5uzQaJoc,house,NULL,"okres Čadca",Staškov,Staškov
Ju7YL1bOSxr,house,flat,"okres Martin",Martin,Tomčany
JuLldceaNDG,house,flat,"okres Žilina","Lietavská Lúčka","Lietavská Lúčka"
JuUtmIZFvND,house,flat,"okres Žilina",Zbyňov,Zbyňov
Jux8MtDRHBs,house,"gently sloped","okres Ružomberok",Ludrová,Ludrová
JutC-Cu36o8,house,flat,"okres Ružomberok",Lúčky,Lúčky
JuDfYgIpdG6,house,flat,"okres Turčianske Teplice",Turček,Turček
Jut1FKOGHsr,house,NULL,"okres Ružomberok","Liptovské Revúce","Liptovské Revúce"
JuzL3Tg4FHZ,house,NULL,"okres Žilina",Ovčiarsko,Ovčiarsko
JuNjxGvR8-8K,house,flat,"okres Martin",Necpaly,Necpaly
Ju03oBXaeQc,house,"mostly flat","okres Žilina","Rajecké Teplice","Rajecké Teplice"
JufhG56lKjf,house,flat,"okres Žilina",Nededza,Nededza
JuKqDyif0fX,house,"gently sloped","okres Liptovský Mikuláš",Ižipovce,Ižipovce
JuzDr69odLH,house,NULL,"okres Liptovský Mikuláš","Liptovský Peter","Liptovský Peter"
JuiqUvi14Ah,house,flat,"okres Dolný Kubín","Dolný Kubín",Brezovec
Jut7QcdjJY5,house,flat,"okres Ružomberok","Liptovský Michal","Liptovský Michal"
JuhPLsUvGvt,house,flat,"okres Bytča",Kolárovice,Kolárovice
JutBfnbUyCO,house,flat,"okres Čadca",Turzovka,Stred
Jui278_mFqV,house,flat,"okres Turčianske Teplice","Turčianske Teplice",Diviaky
Ju7H01GL5VL,house,NULL,"okres Liptovský Mikuláš","Liptovský Ján","Liptovský Ján"
JuGDOocgqAc,house,NULL,"okres Liptovský Mikuláš","Liptovský Hrádok",Prekážka
Ju93SZsV6kw,house,flat,"okres Liptovský Mikuláš",Vlachy,Vlachy
Jus8h9w72dE,house,flat,"okres Turčianske Teplice",Mošovce,Mošovce
JumiXs0CTuk,house,flat,"okres Žilina",Žilina,Bôrik
JudhYxOMjs-,house,flat,"okres Martin","Turčianske Jaseno","Turčianske Jaseno"
JuBupKbsyvd,house,flat,"okres Turčianske Teplice","Turčianske Teplice",Diviaky
JuwFC0un5b_,house,NULL,"okres Žilina",Svederník,Svederník
JuZdGf3bWpL,house,flat,"okres Martin",Martin,Stráne
JuD3uZlGgpH,house,flat,"okres Martin",Blatnica,Blatnica
JuudsKv8ZzL,house,flat,"okres Ružomberok","Liptovské Revúce","Liptovské Revúce"
Ju6-QSVU-qk,house,flat,"okres Martin",Martin,Stred
JuHNF3pBoBi,house,flat,"okres Bytča",Bytča,"Hliník nad Váhom"
Jugcs0uLwc2,house,flat,"okres Ružomberok",Ivachnová,Ivachnová
JuO9hxI47lb,house,flat,"okres Liptovský Mikuláš",Vlachy,Vlachy
Juyo-JecQoZ,house,flat,"okres Martin",Trebostovo,Trebostovo
JuNaVEIvSqO,house,sloped,"okres Žilina",Žilina,Bytčica
JuC0hqQ5K-3,house,NULL,"okres Martin",Belá-Dulice,Belá-Dulice
JuNWUZoKon_,house,NULL,"okres Žilina",Žilina,Trnové
JuNIAiX-3DT,house,NULL,"okres Žilina",Zbyňov,Zbyňov
JuKdkYrCkFc,house,"mostly flat","okres Žilina",Žilina,"Staré mesto"
Ju1n1rQGodR,house,"mostly flat","okres Turčianske Teplice","Turčianske Teplice","Turčiansky Michal"
Juv2G90qWzS,house,"gently sloped","okres Čadca",Čadca,Rieka
Ju5rRr5_rO4,house,"gently sloped","okres Žilina",Bitarová,Bitarová
Ju9Ur37Ixsd,house,flat,"okres Žilina","Teplička nad Váhom","Teplička nad Váhom"
JuQOZ5dK_ne,house,flat,"okres Martin",Belá-Dulice,Belá-Dulice
Ju8hKWbYUWy,house,"gently sloped","okres Kysucké Nové Mesto","Horný Vadičov","Horný Vadičov"
Ju7tnCJHH6a,house,flat,"okres Žilina","Lietavská Svinná-Babkov","Lietavská Svinná-Babkov"
JuqGAjkW2wB,house,"mostly flat","okres Liptovský Mikuláš","Liptovský Hrádok",Celiny
JuX-Od8Y1qK,house,NULL,"okres Žilina",Žilina,"Malá Praha"
JuFs-_Bf_af,house,sloped,"okres Bytča","Hlboké nad Váhom","Hlboké nad Váhom"
Ju4PmqrQDXe,house,flat,"okres Liptovský Mikuláš","Liptovský Mikuláš",Bodice
JumZ3KaibB-,house,flat,"okres Dolný Kubín","Dlhá nad Oravou","Dlhá nad Oravou"
JuNJQwnH7BK,house,sloped,"okres Ružomberok",Ružomberok,Roveň
JuOxQMLskud,house,flat,"okres Žilina",Mojš,Mojš
Juo53M0tI-p,house,flat,"okres Martin",Žabokreky,Žabokreky
JuptDHkjOFq,house,flat,"okres Martin",Sučany,Sučany
Ju3J0qgjHl5,house,NULL,"okres Námestovo","Oravská Lesná","Oravská Lesná"
Ju2Gi9KH9b9,house,other,"okres Žilina",Varín,Varín
Juyu3gyyoUE,house,"gently sloped","okres Žilina",Konská,Konská
Juci-VafLS1,house,flat,"okres Martin",Martin,Stred
JulGanHAPf5,house,"gently sloped","okres Martin",Martin,Stráne
JuzJzITWl1v,house,flat,"okres Bytča",Kotešová,Kotešová
JulcRSD3gjg,house,flat,"okres Bytča",Predmier,Predmier
JuEGZyoSAd7,house,flat,"okres Liptovský Mikuláš","Liptovský Mikuláš",NULL
JuRPbrRONba,house,"gently sloped","okres Liptovský Mikuláš","Veterná Poruba","Veterná Poruba"
Ju9Oh18pKW-,house,NULL,"okres Martin",Valča,Valča
JuPKcjp9xEd,house,NULL,"okres Martin",Valča,Valča
JunEHVtE89L,house,NULL,"okres Martin",Martin,Stráne
JupOom9u70b,house,"gently sloped","okres Ružomberok",Lúčky,Lúčky
JuYzFawuXq5,house,"mostly flat","okres Žilina","Teplička nad Váhom","Teplička nad Váhom"
Ju30Zqi5n0z,house,flat,"okres Martin",Slovany,Slovany
JuCHMAziUOL,house,NULL,"okres Martin",Krpeľany,Krpeľany
Ju9q0Byrbad,house,other,"okres Liptovský Mikuláš",Východná,Východná
JudaUInUE_Q,house,flat,"okres Námestovo","Oravská Polhora","Oravská Polhora"
JuSpQ8TslIA,house,"mostly flat","okres Žilina",Lysica,Lysica
JudexsMMWLq,house,flat,"okres Bytča",Kotešová,Kotešová
JupsJLU23Ow,house,"gently sloped","okres Liptovský Mikuláš","Liptovská Kokava","Liptovská Kokava"
JuD0RMwirEa,house,NULL,"okres Ružomberok","Liptovské Revúce","Liptovské Revúce"
Jui7jyAQtCR,house,flat,"okres Liptovský Mikuláš","Liptovská Sielnica","Liptovská Sielnica"
JuU0HWFwzX3,house,flat,"okres Žilina",Žilina,Bytčica
JuVQq2TIIOM,house,flat,"okres Martin","Košťany nad Turcom","Košťany nad Turcom"
JuHoYrf0eK_,house,NULL,"okres Turčianske Teplice","Horná Štubňa","Horná Štubňa"
JuwkeSmHDEB,house,flat,"okres Martin",Valča,Valča
JuK5t-4VCJ4,house,other,"okres Žilina",Višňové,Višňové
Ju6vaHOHcqi,house,flat,"okres Žilina",Belá,Belá
JuR54DrWWfx,house,flat,"okres Námestovo",Rabča,Rabča
Ju9syh9ycRi,house,"gently sloped","okres Žilina",Terchová,Terchová
JudspgTQPox,house,NULL,"okres Liptovský Mikuláš",Jakubovany,Jakubovany
JuWRJBDqxZU,house,"gently sloped","okres Martin",Martin,Jahodníky
JucU49przXp,house,"mostly flat","okres Žilina",Žilina,Bytčica
JuHloqFiiMy,house,NULL,"okres Bytča","Veľké Rovné","Veľké Rovné"
JuMF2TBH415,house,flat,"okres Čadca",Čadca,Podzávoz
Juj5mPJZurA,house,"gently sloped","okres Ružomberok",Kalameny,Kalameny
Ju0MEaj2qZ5,house,NULL,"okres Žilina",Svederník,Svederník
JukV9h68kmJ,house,flat,"okres Žilina",Lietava,Lietava
JurmJUyDt1Y,house,flat,"okres Liptovský Mikuláš","Liptovský Mikuláš",Ploštín
JuIUgSVHd_-,house,NULL,"okres Dolný Kubín",Malatiná,Malatiná
JuNuINWKCa2,house,NULL,"okres Žilina",Žilina,"Staré mesto"
JuElQR6VJXT,house,other,"okres Žilina",Varín,Varín
JugpfnfthRi,house,flat,"okres Martin","Kláštor pod Znievom","Kláštor pod Znievom"
Ju7u3ZsxEKq,house,NULL,"okres Žilina",Žilina,Závodie
JuXgUKUYl2D,house,flat,"okres Martin",Valča,Valča
JuBRCEsLH8a,house,flat,"okres Turčianske Teplice","Turčianske Teplice",Diviaky
JunnoZAS6r4,house,flat,"okres Žilina",Šuja,Šuja
JubDt8HjaHe,house,"gently sloped","okres Čadca",Turzovka,Turkov
JuezaaUAQTl,house,flat,"okres Liptovský Mikuláš","Liptovský Mikuláš","Vrbica - Nábrežie"
JuQDs3mKg8t,house,flat,"okres Martin","Turčianske Kľačany","Turčianske Kľačany"
JuLMYErMTc7,house,NULL,"okres Tvrdošín",Nižná,Nižná
JucjxVVq04h,house,flat,"okres Turčianske Teplice","Malý Čepčín","Malý Čepčín"
JumTdoXdYLm,house,flat,"okres Žilina",Svederník,Svederník
JurRSzjWlL8,house,flat,"okres Dolný Kubín","Dolný Kubín",Brezovec
JuriX67hMEI,house,flat,"okres Martin",Martin,Tomčany
JuO-ay8jwWD,house,"gently sloped","okres Martin","Turčiansky Peter","Turčiansky Peter"
JuJID0tPHnq,house,flat,"okres Námestovo","Oravská Polhora","Oravská Polhora"
JuLBQXVqbdX,house,flat,"okres Liptovský Mikuláš",Bukovina,Bukovina
Ju7eOmn6zgP,house,NULL,"okres Čadca",Oščadnica,Oščadnica
JuZ8oOwqQdG,house,flat,"okres Turčianske Teplice","Turčianske Teplice","Dolná Štubňa"
JuARm8MK_Jy,house,"gently sloped","okres Čadca",Olešná,Olešná
Jus9h_TYBDi,house,NULL,"okres Martin",Martin,Ľadoveň
Ju2kIhSkruG,house,NULL,"okres Kysucké Nové Mesto",Nesluša,Nesluša
JuZWywKzXos,house,flat,"okres Kysucké Nové Mesto",Snežnica,Snežnica
JunnDHXXyHF,house,flat,"okres Martin",Martin,"Kolónia Hviezda"
JuehhqekRE3,house,flat,"okres Martin",Sučany,Sučany
JueF3aQCPcy,house,flat,"okres Dolný Kubín","Oravská Poruba","Oravská Poruba"
Jux6Z04Xzh-,house,NULL,"okres Ružomberok",Ružomberok,"Staré mesto"
JudcWud0S5R,house,"gently sloped","okres Čadca",Oščadnica,Oščadnica
JuWsjVyvGYF,house,other,"okres Žilina",Žilina,Budatín
Ju2Af8_9s5q,house,flat,"okres Žilina","Rajecké Teplice","Rajecké Teplice"
JuXODWR0O8-,house,NULL,"okres Liptovský Mikuláš","Malé Borové","Malé Borové"
JuZIWdD4tzb,house,NULL,"okres Martin",Valča,Valča
JueEpOsUCTO,house,flat,"okres Martin",Nolčovo,Nolčovo
JugQaDVNZYB,house,NULL,"okres Čadca",Oščadnica,Oščadnica
Ju6B6hGeR8q,house,flat,"okres Žilina",Rajec,Rajec
JuLCVpKj44A,house,NULL,"okres Turčianske Teplice",Čremošné,Čremošné
JuKaa51rOO4,house,NULL,"okres Žilina",Turie,Turie
JuEn5otkiFX,house,flat,"okres Martin",Martin,Stráne
JuzvCto22Um,house,"mostly flat","okres Kysucké Nové Mesto","Kysucké Nové Mesto",Suľkov
JuTP76BJSu5,house,flat,"okres Tvrdošín",Vitanová,Vitanová
Juc0qnwekhj,house,flat,"okres Žilina",Žilina,Strážov
JuZHoBEOwFW,house,"gently sloped","okres Bytča",Kolárovice,Kolárovice
Ju_z9MMC1dy,house,flat,"okres Žilina",Žilina,Strážov
Juqdw7QyPcz,house,flat,"okres Liptovský Mikuláš",Važec,Važec
JuDgbTTsbUm,house,"gently sloped","okres Čadca",Oščadnica,Oščadnica
JuN1DWMcWPA,house,flat,"okres Martin",Martin,Priekopa
JuFMkd6Ft4u,house,NULL,"okres Martin",Martin,Tomčany
Juq8C9WZ_ld,house,flat,"okres Martin",Martin,Stráne
JuUGbhQf4wL,house,"mostly flat","okres Žilina","Rajecké Teplice",Poluvsie
Ju9v343jGsQ,house,NULL,"okres Liptovský Mikuláš","Svätý Kríž","Svätý Kríž"
JuBLiYfiieE,house,"mostly flat","okres Žilina",Turie,Turie
Ju6JqIt-z8V,house,"mostly flat","okres Žilina","Horný Hričov","Horný Hričov"
Jub69pejgUi,house,NULL,"okres Bytča","Veľké Rovné","Veľké Rovné"
Ju8oUNOWXin,house,"gently sloped","okres Žilina",Svederník,Svederník
JuK4J7tWBLU,house,flat,"okres Martin","Košťany nad Turcom","Košťany nad Turcom"
Ju1OQAznjJC,house,flat,"okres Ružomberok",Likavka,Likavka
JuXGC09hAid,house,flat,"okres Tvrdošín",Nižná,Nižná
Jur2iE4GKyv,land,"gently sloped","okres Martin",Sklabiňa,Sklabiňa
Ju5Ehcheq2v,land,terraced,"okres Žilina",Višňové,Višňové
JuhyQTsj1LU,land,NULL,"okres Žilina",Hôrky,Hôrky
JuPp6sukGjm,land,NULL,"okres Žilina",Žilina,Bôrik
JuAINHKEpb9,land,flat,"okres Žilina",Žilina,Trnové
JubBzZv3CZ4,land,flat,"okres Žilina","Lietavská Svinná-Babkov","Lietavská Svinná-Babkov"
Jubyz8KHpaA,land,flat,"okres Liptovský Mikuláš",Lazisko,Lazisko
JuWu8X5e0jn,land,NULL,"okres Liptovský Mikuláš","Liptovský Mikuláš",Stošice
Ju5paSEB6Nv,land,NULL,"okres Žilina",Terchová,Terchová
JuaCQD06zTh,land,"gently sloped","okres Kysucké Nové Mesto","Horný Vadičov","Horný Vadičov"
JuKYxcrrEwh,land,NULL,"okres Námestovo",Zákamenné,Zákamenné
JuJYKVSAq2k,land,NULL,"okres Bytča",Súľov-Hradná,Súľov-Hradná
JusCOC7JYu5,land,flat,"okres Ružomberok",Štiavnička,Štiavnička
Juv5TkPsj9T,land,"gently sloped","okres Turčianske Teplice","Turčianske Teplice","Turčiansky Michal"
JuRufzqYfTo,land,"gently sloped","okres Žilina",Žilina,Budatín
JuB6HhfZSPN,land,"gently sloped","okres Žilina",Žilina,Budatín
JuNR7iOAWOb,land,flat,"okres Liptovský Mikuláš","Liptovské Kľačany","Liptovské Kľačany"
JuNztztwtJj,land,NULL,"okres Žilina",Žilina,Bôrik
JudgSom7ejT,land,flat,"okres Čadca",Staškov,Staškov
Ju98hXHMfyH,land,flat,"okres Čadca",Olešná,Olešná
JuEJOqphXdZ,land,"mostly flat","okres Čadca",Raková,Raková
Jul095-F2H-,land,flat,"okres Martin",Sklabiňa,Sklabiňa
JuPGYcuAlfl,land,NULL,"okres Liptovský Mikuláš","Liptovská Anna","Liptovská Anna"
JuLNhT-3oNA,land,flat,"okres Bytča",Maršová-Rašov,Maršová-Rašov
Jus3WMnENIj,land,"gently sloped","okres Žilina",Zbyňov,Zbyňov
JuWnFD5OAUU,land,"gently sloped","okres Námestovo","Oravská Jasenica","Oravská Jasenica"
Ju-0W9ug2Ol,land,flat,"okres Čadca",Turzovka,Predmier
JuizzObcJTE,land,NULL,"okres Ružomberok","Liptovské Sliače","Liptovské Sliače"
JugrI7ZBfpT,land,flat,"okres Žilina",Krasňany,Krasňany
JuiwS-gpQB1,land,"gently sloped","okres Martin",Laskár,Laskár
JujdYIr-c-p,land,NULL,"okres Liptovský Mikuláš","Liptovské Beharovce","Liptovské Beharovce"
JusoxTNDyJI,land,NULL,"okres Námestovo",Námestovo,Brehy
Ju7_LrB_NNB,land,NULL,"okres Žilina",Žilina,Trnové
JufLDox5EGX,land,"gently sloped","okres Bytča",Hvozdnica,Hvozdnica
Jux6EDO87ml,land,"gently sloped","okres Kysucké Nové Mesto","Kysucké Nové Mesto",Suľkov
Judk1z1b1Nd,land,other,"okres Martin",Blatnica,Blatnica
JuUiQvR03zd,land,"gently sloped","okres Žilina",Hôrky,Hôrky
JuYxVfR__Nx,land,"gently sloped","okres Čadca",Oščadnica,Oščadnica
JuxusjEdK8z,land,"mostly flat","okres Martin",Sučany,Sučany
Juisb1V01uC,land,NULL,"okres Žilina",Ovčiarsko,Ovčiarsko
Jur-h57QXWc,land,terraced,"okres Žilina",Žilina,Budatín
Ju9rSU4gBpn,land,flat,"okres Žilina",Ovčiarsko,Ovčiarsko
JuGKRtmsaxJ,land,"gently sloped","okres Čadca",Oščadnica,Oščadnica
Jurn7Tjk47J,land,"gently sloped","okres Žilina",Bitarová,Bitarová
JuFdP62I-_O,land,NULL,"okres Liptovský Mikuláš",Prosiek,Prosiek
JugjLuDjRtG,land,"gently sloped","okres Žilina",Varín,Varín
Ju9yYyvLM4S,land,flat,"okres Liptovský Mikuláš","Pavčina Lehota","Pavčina Lehota"
JuEOlFJy7eI,land,flat,"okres Liptovský Mikuláš","Svätý Kríž","Svätý Kríž"
Ju_3Vu8GkBj,land,"gently sloped","okres Žilina",Žilina,Brodno
JuCdo9RybP_,land,NULL,"okres Čadca",Svrčinovec,Svrčinovec
JuQqb1Uylo_,land,NULL,"okres Turčianske Teplice","Horná Štubňa","Horná Štubňa"
Juo4-ERrO5Y,land,NULL,"okres Martin",Turany,Turany
JuqKis-FMaT,land,NULL,"okres Žilina",Svederník,Svederník
Ju11TbSO8Lx,land,NULL,"okres Martin",Valča,Valča
Jumx1pcB1EA,land,sloped,"okres Žilina","Dolná Tižina","Dolná Tižina"
Ju_om9GbVZa,land,NULL,"okres Martin",Martin,Priekopa
JuDFkgbrvLz,land,flat,"okres Dolný Kubín",Veličná,Veličná
JuWNBUmtL8H,land,"gently sloped","okres Čadca",Čadca,Podzávoz
JuI3WIo1gnr,land,flat,"okres Kysucké Nové Mesto",Povina,Povina
JuHPdbSyfw3,land,NULL,"okres Turčianske Teplice",Turček,Turček
JummK5hE8Lr,land,"gently sloped","okres Žilina",Žilina,"Žilinská Lehota"
Jue_IKSyNYA,land,"mostly flat","okres Čadca",Raková,Raková
Jufp6SmYJxs,land,flat,"okres Martin",Vrútky,"Karvaša a Bláhovca"
JuKcCOH5Bgu,land,NULL,"okres Žilina",Ovčiarsko,Ovčiarsko
JuQXoAMiC5M,land,NULL,"okres Žilina",Kunerad,Kunerad
JujYYo9Qtpi,land,"gently sloped","okres Bytča","Hlboké nad Váhom","Hlboké nad Váhom"
JuY_o0Hq1ua,land,"gently sloped","okres Kysucké Nové Mesto",Snežnica,Snežnica
Ju9DTwAgiHG,land,flat,"okres Liptovský Mikuláš",Beňadiková,Beňadiková
JuARnh9cPNq,land,flat,"okres Liptovský Mikuláš",Jamník,Jamník
Ju_Khlvp1_L,land,NULL,"okres Liptovský Mikuláš",Podtureň,Podtureň
JuwYiWFslPL,land,flat,"okres Martin",Trnovo,Trnovo
Ju6_q9iLcH2,land,"gently sloped","okres Kysucké Nové Mesto",Povina,Povina
JuVeKcRGSvF,land,NULL,"okres Martin",Turany,Turany
JuUUj1AEgQf,land,"gently sloped","okres Dolný Kubín",Malatiná,Malatiná
JuAewW0gIjM,land,NULL,"okres Žilina",Ovčiarsko,Ovčiarsko
JutgQ5gFNVe,land,"gently sloped","okres Kysucké Nové Mesto","Kysucké Nové Mesto",Suľkov
Ju2DkJ0tL0r,land,flat,"okres Liptovský Mikuláš",Kvačany,Kvačany
JusNOhzmA1cV,land,NULL,"okres Žilina","Dlhé Pole","Dlhé Pole"
Julm5UqUwbF,land,"gently sloped","okres Martin",Vrícko,Vrícko
JuoWIuSbW9f,land,NULL,"okres Martin",Turany,Turany
Ju3DHGm3SX3,land,"gently sloped","okres Žilina",Žilina,"Žilinská Lehota"
JujU-NvkZd5,land,NULL,"okres Žilina","Lietavská Svinná-Babkov","Lietavská Svinná-Babkov"
JuuLvwvMnqi,land,"gently sloped","okres Dolný Kubín",Veličná,Veličná
Ju7-tv2yvGe,land,flat,"okres Bytča",Štiavnik,Štiavnik
Ju2XjdxAKiA,land,"gently sloped","okres Dolný Kubín","Dlhá nad Oravou","Dlhá nad Oravou"
JuMA67ZT6Dj,land,flat,"okres Žilina",Svederník,Svederník
Ju5G02PfLPf,land,"gently sloped","okres Martin","Turčiansky Jaseno","Turčiansky Jaseno"
Jurrvwf7__Y,land,"gently sloped","okres Martin","Turčianske Kľačany","Turčianske Kľačany"
JuxqyTwKPA7,land,NULL,"okres Čadca",Oščadnica,Oščadnica
Ju3pFJiSu2s,land,"gently sloped","okres Dolný Kubín",Zázrivá,Zázrivá
JupsaGq4wbB,land,"gently sloped","okres Martin",Turany,Turany
JusMGCS4uqf,land,flat,"okres Žilina",Stránske,Stránske
JuCWsWXxn1N,land,NULL,"okres Liptovský Mikuláš",Jamník,Jamník
Jus70LjxyN8,land,NULL,"okres Čadca",Skalité,Skalité
JuWllUMOah9,land,"gently sloped","okres Žilina",Žilina,Budatín
JuZjAAYPCXKg,land,"gently sloped","okres Dolný Kubín","Horná Lehota","Horná Lehota"
JulXTVjCmG0,land,flat,"okres Turčianske Teplice",Jazernica,Jazernica
JuRVHpRHSGQ,land,"gently sloped","okres Martin","Dolný Kalník","Dolný Kalník"
JumCABBKmrv,land,sloped,"okres Žilina",Žilina,Hájik
JuyrQlq623r,land,flat,"okres Žilina",Rosina,Rosina
JuHPJ-p52W2,land,"mostly flat","okres Ružomberok","Liptovský Michal","Liptovský Michal"
Ju7mSPUl1TY3,land,other,"okres Námestovo","Oravská Jasenica","Oravská Jasenica"
Juarq9_UTUn,land,NULL,"okres Námestovo",Ťapešovo,Ťapešovo
Jud1n40d-dn,land,flat,"okres Žilina",Krasňany,Krasňany
Ju2_HPkQ8s2,land,other,"okres Dolný Kubín",Párnica,Párnica
JuXDdV7DuGH,land,"gently sloped","okres Dolný Kubín",Veličná,Veličná
JuXGG7E_fDg,land,flat,"okres Ružomberok","Liptovská Štiavnica","Liptovská Štiavnica"
Ju9QSsEf9gw,land,sloped,"okres Dolný Kubín",Párnica,Párnica
JuWNTIbPUJS,land,flat,"okres Liptovský Mikuláš","Liptovský Mikuláš","Staré mesto"
Jue_9ALQet2b,land,"gently sloped","okres Martin","Turčianske Kľačany","Turčianske Kľačany"
Jut36Rci3LJ,land,NULL,"okres Žilina",Žilina,Strážov
JumDim2HAtJ,land,NULL,"okres Žilina",Žilina,Budatín
JuhJeiPLlID,land,"gently sloped","okres Žilina",Žilina,Trnové
JuWSeZfgL-Y,land,flat,"okres Liptovský Mikuláš",Vavrišovo,Vavrišovo
Jub-7EwQ_Rho,land,flat,"okres Ružomberok",Ružomberok,Černová
Ju5nXGRiNlM,land,NULL,"okres Martin",Ratkovo,Ratkovo
Ju_bN-ewyhS,land,flat,"okres Žilina",Kunerad,Kunerad
JujRK5xYV79,land,flat,"okres Dolný Kubín","Vyšný Kubín","Vyšný Kubín"
JueuBN1Nu8x,land,NULL,"okres Ružomberok","Liptovská Osada","Liptovská Osada"
JudQL3RTdOS,land,NULL,"okres Žilina",Turie,Turie
JuhckkiisBJp,land,NULL,"okres Čadca",Čierne,Čierne
Ju9e7LtrfAt,land,NULL,"okres Žilina",Lysica,Lysica
Ju0yTvWbSXD,land,NULL,"okres Žilina",Žilina,Bytčica
JuhEf6udQZD,land,NULL,"okres Dolný Kubín","Vyšný Kubín","Vyšný Kubín"
JuaHyO1MbDH,land,NULL,"okres Čadca",Svrčinovec,Svrčinovec
Ju6g_Z5mX7e,land,flat,"okres Martin",Martin,Stráne
JuLljn1aubH,land,NULL,"okres Martin",Slovany,Slovany
JuU1wLvylPv,land,NULL,"okres Kysucké Nové Mesto",Snežnica,Snežnica
JunDvn09Q9U,land,flat,"okres Čadca",Čierne,Čierne
JuDeXKjjRHY,land,NULL,"okres Bytča",Bytča,"Bytča - sever"
JuDIbuwkSMQ,land,NULL,"okres Ružomberok",Ružomberok,Hrabovo
JuuPfKXcC_S,land,"gently sloped","okres Čadca",Čadca,Horelica
JulD1JVCqAd,land,other,"okres Martin",Sučany,Sučany
JuQ2QYedCFa,land,sloped,"okres Žilina",Ovčiarsko,Ovčiarsko
JuMiM4qhAck,land,flat,"okres Žilina",Turie,Turie
JuJrQI4ug9X,land,sloped,"okres Dolný Kubín","Dolný Kubín","Malý Bysterec"
JuriEZGWaqe,land,sloped,"okres Dolný Kubín",Malatiná,Malatiná
JudrqxfcGTR,land,NULL,"okres Liptovský Mikuláš",Vlachy,Vlachy
JuJ6HTdPmEs,land,NULL,"okres Liptovský Mikuláš",Ižipovce,Ižipovce
Ju_QlVk-YXH,land,NULL,"okres Žilina",Mojš,Mojš
JuVff9I-9I0,land,"gently sloped","okres Martin",Valča,Valča
JuLjH4Ztr0P,land,NULL,"okres Tvrdošín",Liesek,Liesek
JuBnZj34L44,land,flat,"okres Bytča","Hlboké nad Váhom","Hlboké nad Váhom"
JuYMxTrMThn,land,NULL,"okres Čadca",Skalité,Skalité
Juo26F3NF2G,land,"gently sloped","okres Ružomberok",Likavka,Likavka
Juc0JQaKZWu,land,NULL,"okres Liptovský Mikuláš",Vlachy,Vlachy
JuH2DC2P8Ud,land,NULL,"okres Dolný Kubín",Párnica,Párnica
JuVQ4EF1fqG,land,NULL,"okres Liptovský Mikuláš","Liptovský Mikuláš","Liptovská Ondrašová"
Ju3Lr4SqXpm,land,"gently sloped","okres Martin",Martin,Stráne
JumOEZa9NyW,land,NULL,"okres Liptovský Mikuláš",Prosiek,Prosiek
JuoKzORdNaI,land,NULL,"okres Liptovský Mikuláš",Jamník,Jamník
JuaXdatuUjs,land,NULL,"okres Kysucké Nové Mesto","Dolný Vadičov","Dolný Vadičov"
JudOJ7xWOxA,land,flat,"okres Turčianske Teplice","Turčianske Teplice","Turčiansky Michal"
Ju2UzK1gp3R,land,"gently sloped","okres Čadca",Oščadnica,Oščadnica
JunD1SrFXPT,land,NULL,"okres Čadca",Skalité,Skalité
JuJTvvQyvPv,land,"gently sloped","okres Čadca",Makov,Makov
JuUi2C1CE8-,land,flat,"okres Čadca",Turzovka,Predmier
Jua5wAoApR5,land,"gently sloped","okres Kysucké Nové Mesto",Rudina,Rudina
Ju1rBpBDljg,land,NULL,"okres Martin",Žabokreky,Žabokreky
JuTZg0TY8JC,land,flat,"okres Martin",Belá-Dulice,Belá-Dulice
JuzydWNY1w-,land,flat,"okres Čadca",Olešná,Olešná
Jup4_5dTntt,land,flat,"okres Martin",Daňová,Daňová
JucXhJ-7RIW,land,other,"okres Liptovský Mikuláš",Bobrovník,Bobrovník
JuPITfSI3H0,land,NULL,"okres Čadca",Staškov,Staškov
JuKVQligYhM,land,NULL,"okres Žilina",Bitarová,Bitarová
Ju_nFFJjAlC,land,flat,"okres Žilina",Ovčiarsko,Ovčiarsko
Juz77F3qzjt,land,"gently sloped","okres Kysucké Nové Mesto",Rudina,Rudina
JuGN-E0XFUo,land,flat,"okres Martin",Martin,Priekopa
JuNKPbY78gy,land,flat,"okres Žilina",Terchová,Terchová
Ju8tqbpzEho,land,flat,"okres Bytča",Štiavnik,Štiavnik
JuWy3Av11B2,land,NULL,"okres Liptovský Mikuláš",Vlachy,Vlachy
JuWpZopSoYC,land,flat,"okres Žilina",Ovčiarsko,Ovčiarsko
JuI9ai4mRCA,land,flat,"okres Martin",Martin,Tomčany
JuG7n8qbXvU,land,flat,"okres Žilina",Žilina,Trnové
JulK1E26g9e,land,"mostly flat","okres Čadca",Klokočov,Klokočov
JunWOzEcRHK,land,flat,"okres Čadca",Makov,Makov
Ju9bTv_8--p,land,"mostly flat","okres Námestovo","Oravská Lesná","Oravská Lesná"
JuEl39vdmi7,land,"gently sloped","okres Žilina","Kotrčiná Lúčka","Kotrčiná Lúčka"
Ju9T9motLi6,land,"mostly flat","okres Žilina",Divina,Divina
Ju9IFe2gRus,land,NULL,"okres Turčianske Teplice",Sklené,Sklené
JulC2goTuDK,land,flat,"okres Žilina",Žilina,Vlčince
JufmowlUURT,land,flat,"okres Čadca",Skalité,Skalité
JujO5TgvXtG,land,NULL,"okres Dolný Kubín",Párnica,Párnica
Juidgw39ied,land,NULL,"okres Liptovský Mikuláš",Podtureň,Podtureň
JueE0RaoId9,land,flat,"okres Liptovský Mikuláš","Liptovská Sielnica","Liptovská Sielnica"
JuOd8JFAh_B,land,flat,"okres Žilina",Žilina,Trnové
Ju8z5R1jfB3,land,NULL,"okres Liptovský Mikuláš","Svätý Kríž","Svätý Kríž"
Juu2KYnLJH8,land,flat,"okres Bytča",Bytča,"Hliník nad Váhom"
Jug6QXb2mr0,land,"gently sloped","okres Ružomberok","Liptovská Štiavnica","Liptovská Štiavnica"
JuUooEhgJl4,land,flat,"okres Čadca",Raková,Raková
Ju4d7oCmzgt,land,flat,"okres Čadca",Raková,Raková
JuHSEHdVoIU,land,flat,"okres Turčianske Teplice","Turčianske Teplice",Diviaky
JurXAjyEx4Y,land,flat,"okres Martin",Necpaly,Necpaly
Jubn_BmVZq4,land,NULL,"okres Ružomberok","Liptovské Sliače","Liptovské Sliače"
JuAYbMU687z,land,flat,"okres Liptovský Mikuláš","Liptovský Ján","Liptovský Ján"
Ju5AeA4FaTa,land,"gently sloped","okres Žilina",Bitarová,Bitarová
Ju6BOs5U974,land,"gently sloped","okres Žilina","Kotrčiná Lúčka","Kotrčiná Lúčka"
JuLOTbilQnB,land,"mostly flat","okres Martin",Rakovo,Rakovo
JuQixUnoW4u,land,NULL,"okres Žilina",Višňové,Višňové
JuIlHogl4wQ,land,"gently sloped","okres Čadca",Turzovka,Predmier
Ju2i2SZUYUh,land,flat,"okres Martin",Trebostovo,Trebostovo
JuuE0IH089Q,land,NULL,"okres Martin",Ratkovo,Ratkovo
JuP4Qge949G,land,sloped,"okres Čadca",Makov,Makov
JuCxQUnpNN5,land,NULL,"okres Turčianske Teplice","Turčianske Teplice",Diviaky
JuOoDP05xJ-,land,flat,"okres Liptovský Mikuláš","Liptovské Matiašovce","Liptovské Matiašovce"
JujWzeAd4Mq,land,flat,"okres Martin",Karlová,Karlová
JuhYAT13Gs1,land,NULL,"okres Martin",Martin,Záturčie
JuHoLMOAPyD,land,NULL,"okres Žilina",Višňové,Višňové
JuvDIHl7nu4,land,NULL,"okres Čadca",Dunajov,Dunajov
JuW5XYXfIA2,land,NULL,"okres Čadca",Skalité,Skalité
JufKEzTwdq8,land,"mostly flat","okres Čadca",Čadca,Milošová
JuZ7zgc43wy,land,"gently sloped","okres Martin",Martin,Podháj
JuG8w7lDdu46,land,NULL,"okres Martin",Turany,Turany
JunGp6hRXR2,land,flat,"okres Žilina",Divina,Divina
JumKl3xs_Yl,land,flat,"okres Martin",Vrútky,"Karvaša a Bláhovca"
JuHRetqPaNB,land,NULL,"okres Dolný Kubín",Jasenová,Jasenová
Judf0zzhq5f,land,NULL,"okres Bytča",Bytča,"Veľká Bytča"
JuFovldbtlH,land,"gently sloped","okres Žilina",Nededza,Nededza
JueyWGcCtCo,land,"mostly flat","okres Martin",Necpaly,Necpaly
Ju16HqVho2l,land,"mostly flat","okres Dolný Kubín","Dolný Kubín",Mokraď
Juxlwl0cqfI,land,flat,"okres Liptovský Mikuláš",Podtureň,Podtureň
JuvwILxsaLE,land,NULL,"okres Kysucké Nové Mesto","Dolný Vadičov","Dolný Vadičov"
JuoEkan0OM3,land,NULL,"okres Dolný Kubín",Veličná,Veličná
JuEX_l_3Eqg,land,flat,"okres Liptovský Mikuláš","Liptovská Sielnica","Liptovská Sielnica"
JuCmj-PgWTq,land,NULL,"okres Čadca",Dunajov,Dunajov
JuASY12odtk,land,flat,"okres Liptovský Mikuláš","Liptovská Anna","Liptovská Anna"
Ju-_lgQgjvC,land,NULL,"okres Liptovský Mikuláš",Ižipovce,Ižipovce
JueMz2TcIL-I,land,NULL,"okres Ružomberok","Liptovské Sliače","Liptovské Sliače"
JuIw5kl0QB9,land,NULL,"okres Ružomberok",Ružomberok,Podsuchá
Ju0UqyDriGS,land,NULL,"okres Žilina",Lietava,Lietava
Jul7ugPXcvQ,land,"gently sloped","okres Martin",Martin,Záturčie
Ju4lACVtBvB,land,"gently sloped","okres Čadca",Oščadnica,Oščadnica
JufBIzJWZ0T,land,"gently sloped","okres Čadca",Korňa,Korňa
JuJ0YMlVen2,land,flat,"okres Dolný Kubín","Dlhá nad Oravou","Dlhá nad Oravou"
JuxIvOImC9j,land,"gently sloped","okres Bytča",Bytča,Pšurnovice
JufCqQz59Ij,land,NULL,"okres Žilina",Kunerad,Kunerad
JuJGNURQ8kY,land,NULL,"okres Kysucké Nové Mesto",Snežnica,Snežnica
JuS3utLekJS,land,NULL,"okres Martin",Karlová,Karlová
JushtsOsA5D,land,NULL,"okres Martin","Košťany nad Turcom","Košťany nad Turcom"
JuPmsU7zgrG,land,"gently sloped","okres Ružomberok",Ludrová,Ludrová
JumG3BQ732C,land,NULL,"okres Žilina",Ovčiarsko,Ovčiarsko
JuY5ba5W_4i,land,flat,"okres Martin",Blatnica,Blatnica
JuzolLKcQyU,land,flat,"okres Námestovo",Krušetnica,Krušetnica
JuLfvRq95qS,land,NULL,"okres Liptovský Mikuláš","Liptovská Anna","Liptovská Anna"
JuBfaxcwUwF,land,flat,"okres Martin",Karlová,Karlová
JuVv2XDLd9H,land,"gently sloped","okres Žilina",Varín,Varín
Ju3oEfAZYzP,land,NULL,"okres Liptovský Mikuláš",Východná,Východná
JuMAMHXJq7S,land,NULL,"okres Liptovský Mikuláš",Beňadiková,Beňadiková
JuNaGXxLOzZ,land,"gently sloped","okres Kysucké Nové Mesto",Snežnica,Snežnica
JuCjQgzupuY,land,NULL,"okres Bytča",Bytča,"Veľká Bytča"
JuhCsanvxln,land,flat,"okres Čadca",Svrčinovec,Svrčinovec
JuqxH07lW-i,land,NULL,"okres Žilina",Ovčiarsko,Ovčiarsko
JuH12tFyQw2,land,NULL,"okres Žilina",Višňové,Višňové
JuEjJSCiW8Ze,land,NULL,"okres Čadca",Skalité,Skalité
JupXbR8DGJn,land,NULL,"okres Dolný Kubín","Dolný Kubín",Banisko
JuMvZKQOSvd,land,NULL,"okres Bytča","Veľké Rovné","Veľké Rovné"
Ju1CjLHLW69,land,flat,"okres Dolný Kubín","Dlhá nad Oravou","Dlhá nad Oravou"
Ju22ZGBmO93,land,NULL,"okres Liptovský Mikuláš","Liptovská Anna","Liptovská Anna"
JuwTH_LMEMX,land,flat,"okres Liptovský Mikuláš","Liptovské Kľačany","Liptovské Kľačany"
JufJ-j5ky3T,land,flat,"okres Žilina","Dolná Tižina","Dolná Tižina"
JuPGBZu28Sz,land,"mostly flat","okres Čadca",Oščadnica,Oščadnica
JuXRWhaK2fl,land,flat,"okres Turčianske Teplice",Mošovce,Mošovce
Jutyprw4Nso,land,"gently sloped","okres Bytča",Bytča,Pšurnovice
JutjPZbTZEK,land,flat,"okres Martin",Sučany,Sučany
Juzs-YHkwHj,land,sloped,"okres Martin","Turčianske Jaseno","Turčianske Jaseno"
JupRRfszbzs,land,"mostly flat","okres Turčianske Teplice",Sklené,Sklené
JuiFvyOCpZO,land,flat,"okres Žilina",Višňové,Višňové
JuqfHhV7H4_,land,"gently sloped","okres Žilina",Lietava,Lietava
JuhB5IsnAP3,land,NULL,"okres Martin",Šútovo,Šútovo
Ju4HZvYxEQL,land,NULL,"okres Dolný Kubín",Párnica,Párnica
JuR1Vqvk3FA,land,flat,"okres Martin",Martin,Záturčie
JuD-E2E_yvf,land,NULL,"okres Námestovo",Novoť,Novoť
JujqHk5Nsu-,land,flat,"okres Čadca",Čadca,"U Sneheľníka"
JumHegVgatu,land,"gently sloped","okres Martin",Podhradie,Podhradie
JuYSlKjn22V2,land,NULL,"okres Turčianske Teplice","Slovenské Pravno","Slovenské Pravno"
JuTN7hEMhfs,land,flat,"okres Čadca",Turzovka,Predmier
Juo_LCQm7Zx,land,"gently sloped","okres Žilina",Svederník,Svederník
JucfeqPEDUI,land,flat,"okres Turčianske Teplice",Jazernica,Jazernica
JuyewzTZPFk,land,"gently sloped","okres Žilina",Lysica,Lysica
Jug8evCrAgI,land,NULL,"okres Čadca",Skalité,Skalité
JubfWlbtgdy,land,"gently sloped","okres Čadca",Olešná,Olešná
JuY9N1R47k4,land,NULL,"okres Žilina",Žilina,Bôrik
JuGtn_qttBC,land,NULL,"okres Liptovský Mikuláš","Liptovský Trnovec","Liptovský Trnovec"
Ju26ASiELkU,land,"gently sloped","okres Žilina","Dolná Tižina","Dolná Tižina"
JuoYPByad-u,land,flat,"okres Dolný Kubín",Malatiná,Malatiná
JueDQ4t8F1t,land,NULL,"okres Kysucké Nové Mesto",Povina,Povina
JuJBjXorHPL,land,NULL,"okres Ružomberok",Turík,Turík
JugbHbksCr-,land,flat,"okres Žilina",Višňové,Višňové
JuRn13yIVnF,land,NULL,"okres Čadca",Dunajov,Dunajov
Ju67f0ZUF6a,land,flat,"okres Žilina","Dlhé Pole","Dlhé Pole"
Jus7PkExcYQ,land,flat,"okres Žilina",Rajec,Rajec
JuuNE4PQz6D,land,"gently sloped","okres Žilina",Žilina,Budatín
Ju1YLWtdCP4,land,"mostly flat","okres Liptovský Mikuláš",Lazisko,Lazisko
Jul88RI0614,land,NULL,"okres Liptovský Mikuláš",Beňadiková,Beňadiková
Ju192g79OHm,land,"gently sloped","okres Martin",Belá-Dulice,Belá-Dulice
JusbhL9UXOL,land,"gently sloped","okres Čadca",Staškov,Staškov
JuWIabvMs8m,land,"gently sloped","okres Čadca",Čadca,Rieka
JukIKAnSuKC,land,"gently sloped","okres Martin","Dolný Kalník","Dolný Kalník"
JubUi5eOFbH,land,"mostly flat","okres Ružomberok","Liptovská Štiavnica","Liptovská Štiavnica"
JupQ7ehcKIt,land,"gently sloped","okres Žilina",Žilina,Budatín
JuUn4gk-elR,land,"gently sloped","okres Žilina","Kotrčiná Lúčka","Kotrčiná Lúčka"
Ju7lj_P0z5e,land,NULL,"okres Žilina","Dolný Hričov","Dolný Hričov"
JufEhhRezN-,land,flat,"okres Dolný Kubín","Dolný Kubín",Stred
JuqQ2VY6uD-,land,NULL,"okres Kysucké Nové Mesto",Snežnica,Snežnica
Ju97QEdz5sX,land,NULL,"okres Čadca",Raková,Raková
JubAI3EWquo,land,"gently sloped","okres Liptovský Mikuláš","Liptovská Anna","Liptovská Anna"
JutVFvRJpYd,land,"gently sloped","okres Žilina",Višňové,Višňové
JutuKcNv2OP,land,NULL,"okres Martin",Martin,Stred
JuErvfknoQB,land,"gently sloped","okres Dolný Kubín","Vyšný Kubín","Vyšný Kubín"
JurzykGoa8Y,land,NULL,"okres Čadca",Skalité,Skalité
JuTu2EKoaZM,land,"gently sloped","okres Dolný Kubín",Veličná,Veličná
JuB1sJQkopm,land,NULL,"okres Kysucké Nové Mesto",Povina,Povina
JusK3lTtUjZ,land,NULL,"okres Bytča","Veľké Rovné","Veľké Rovné"
Ju6FhwnbvkK,land,flat,"okres Martin",Martin,Tomčany
JuMHyeDGK2f,land,NULL,"okres Martin",Necpaly,Necpaly
JubNHDCg93x,land,"gently sloped","okres Námestovo","Oravská Jasenica","Oravská Jasenica"
JubzyQhnL5j,land,"gently sloped","okres Turčianske Teplice",Sklené,Sklené
JuMFxRcxLzj,land,"gently sloped","okres Žilina",Ovčiarsko,Ovčiarsko
JuMg-KktE1Q,land,"gently sloped","okres Dolný Kubín",Zázrivá,Zázrivá
Jukt7sZSrva,land,"gently sloped","okres Žilina",Ovčiarsko,Ovčiarsko
JuLGf5aS3L1,land,"gently sloped","okres Kysucké Nové Mesto","Kysucké Nové Mesto",Suľkov
JuTUUGHEQpu,land,NULL,"okres Martin",Martin,NULL
JubI61zDvAA,land,NULL,"okres Žilina",Svederník,Svederník
JupXyVwksGj,land,"gently sloped","okres Martin","Horný Kalník","Horný Kalník"
JuzsaTgRy0A,land,"gently sloped","okres Čadca",Staškov,Staškov
JuqT9jZ4Nn0,land,NULL,"okres Liptovský Mikuláš","Liptovská Sielnica","Liptovská Sielnica"
JuzowjqYdqV,land,"gently sloped","okres Čadca",Staškov,Staškov
Juw-BV-BqJp,land,sloped,"okres Žilina",Lietava,Lietava
Ju2_2a_gc9I,land,flat,"okres Liptovský Mikuláš","Liptovská Sielnica","Liptovská Sielnica"
Jus9HjYi9K6,land,NULL,"okres Liptovský Mikuláš",Vlachy,Vlachy
Ju-Vs-ZZEsP,land,NULL,"okres Čadca",Turzovka,NULL
JuypdHR9V5h,land,NULL,"okres Žilina","Lietavská Svinná-Babkov","Lietavská Svinná-Babkov"
JuC5HWpBoue,land,flat,"okres Čadca",Staškov,Staškov
JuTMeTjk733,land,NULL,"okres Žilina",Rajec,Rajec
JuvBlvKpVOg,land,flat,"okres Liptovský Mikuláš",Jamník,Jamník
JuLSvBwv_I5,land,NULL,"okres Žilina",Krasňany,Krasňany
Ju0KCQtbTTW,land,NULL,"okres Čadca",Čadca,Podzávoz
JuaPQ_8Etfd,land,NULL,"okres Martin",Trnovo,Trnovo
Ju9G8aO6wQl,land,"gently sloped","okres Liptovský Mikuláš","Pavčina Lehota","Pavčina Lehota"
JuY9JBEYXXO,land,flat,"okres Čadca",Staškov,Staškov
JuEr-eDWZ62,land,flat,"okres Martin",Turany,Turany
JuuQurqTomT,land,"gently sloped","okres Liptovský Mikuláš","Liptovský Mikuláš",Podbreziny
JuXLA7wyDLl,land,flat,"okres Žilina",Čičmany,Čičmany
Ju1OJ87gVSa,land,NULL,"okres Žilina",Bitarová,Bitarová
JuaF9UiM3uR1,land,NULL,"okres Žilina","Rajecké Teplice","Rajecké Teplice"
Jui0b4gHHzV,land,"gently sloped","okres Čadca",Oščadnica,Oščadnica
Jua_BRtxi_0,land,sloped,"okres Kysucké Nové Mesto",Snežnica,Snežnica
Jud4Z0QIxb1B,land,NULL,"okres Martin",Blatnica,Blatnica
JumHCt0Er1_,land,NULL,"okres Liptovský Mikuláš","Liptovský Mikuláš",NULL
Ju6XcncfywZ,land,NULL,"okres Žilina",Ovčiarsko,Ovčiarsko
Ju6R4Oxuhvk,land,"gently sloped","okres Bytča","Veľké Rovné","Veľké Rovné"
JuiJEU2gvVS,land,"gently sloped","okres Čadca",Oščadnica,Oščadnica
JuJIq68G1za,land,NULL,"okres Martin",Martin,Záturčie
Ju5OGHyG1_Y,land,"mostly flat","okres Čadca",Raková,Raková
JupQvlRFk0k,land,"mostly flat","okres Žilina",Kunerad,Kunerad
Ju2hmMFZQ4X,land,NULL,"okres Žilina",Višňové,Višňové
Ju1-_Cu9mID,land,NULL,"okres Martin","Turčiansky Peter","Turčiansky Peter"
JuX4tTXYKir,land,NULL,"okres Kysucké Nové Mesto","Horný Vadičov","Horný Vadičov"
JuI4QwFHXkB,land,NULL,"okres Liptovský Mikuláš","Liptovský Mikuláš","Liptovská Ondrašová"
Juw3LRApeaS,land,flat,"okres Žilina","Horný Hričov","Horný Hričov"
JueC24ZQ1o3,land,other,"okres Žilina",Varín,Varín
Juh_NFZPlxN,land,NULL,"okres Žilina",Ovčiarsko,Ovčiarsko
Ju_KMqj7vmd,land,NULL,"okres Martin",Rakovo,Rakovo
JujjYxzg2zO,land,"gently sloped","okres Kysucké Nové Mesto",Nesluša,Nesluša
JudcG-iBr32,land,sloped,"okres Žilina",Divinka,Divinka
Jug0yKTQ2pn,land,flat,"okres Čadca",Raková,Raková
JuveNCiurSC,land,flat,"okres Dolný Kubín",Žaškov,Žaškov
JuMmLaRBnk-,land,flat,"okres Martin",Martin,Stráne
JuAEEafI2yh,land,flat,"okres Žilina",Kľače,Kľače
JuGEa5Szg2S,land,"gently sloped","okres Bytča",Súľov-Hradná,Súľov-Hradná
JuldPobEyqZ,land,sloped,"okres Bytča","Veľké Rovné","Veľké Rovné"
JuxUrTWen36,land,NULL,"okres Žilina",Ďurčiná,Ďurčiná
JutHLS-i8Kk,land,"gently sloped","okres Kysucké Nové Mesto",Povina,Povina
JuFMSKsdInV,land,NULL,"okres Žilina",Bitarová,Bitarová
Ju266Dr49Ba,land,NULL,"okres Kysucké Nové Mesto","Dolný Vadičov","Dolný Vadičov"
JubyLcoXkeA,land,flat,"okres Žilina",Gbeľany,Gbeľany
JuDgMZQaDeJ,land,"gently sloped","okres Čadca",Oščadnica,Oščadnica
Juv8WDTsSPy,land,sloped,"okres Žilina",Konská,Konská
Ju9noiJ3M5h,land,NULL,"okres Martin",Vrícko,Vrícko
JuPmyuLY0AU,land,flat,"okres Liptovský Mikuláš",Podtureň,Podtureň
JunJu6IyBiX,land,"gently sloped","okres Turčianske Teplice",Sklené,Sklené
JuhDFgB8Eya,land,"gently sloped","okres Kysucké Nové Mesto",Povina,Povina
Jukxm6yZ0hf6,land,NULL,"okres Čadca",Skalité,Skalité
JuQnOzH4Mve,land,NULL,"okres Žilina",Svederník,Svederník
JuO__97iq4d,land,NULL,"okres Žilina","Lietavská Svinná-Babkov","Lietavská Svinná-Babkov"
JukIX3v-4aJ,land,NULL,"okres Žilina",Kľače,Kľače
Ju5L-boRlBV,land,flat,"okres Čadca",Podvysoká,Podvysoká
JuxLDdGxofv,land,flat,"okres Liptovský Mikuláš",Kvačany,Kvačany
Jur27j-ejmc,land,NULL,"okres Martin",Martin,Záturčie
Juxv4BCWFjN,land,NULL,"okres Liptovský Mikuláš",Hybe,Hybe
JuH2wdrPPMN,land,NULL,"okres Žilina",Hôrky,Hôrky
JuoLQW0Li8l,land,flat,"okres Žilina",Bitarová,Bitarová
JuI-7Aiqe6M,land,flat,"okres Čadca","Vysoká nad Kysucou","Vysoká nad Kysucou"
Ju1V4Qfns7o,land,flat,"okres Liptovský Mikuláš","Liptovské Beharovce","Liptovské Beharovce"
JuApbqYiTwl,land,sloped,"okres Martin","Dolný Kalník","Dolný Kalník"
JuXs9XHVo90,land,NULL,"okres Martin",Vrútky,"Karvaša a Bláhovca"
JuSvmhJEqG1,land,NULL,"okres Martin",Vrútky,"Karvaša a Bláhovca"
JuYB0zOc7gD,land,NULL,"okres Ružomberok","Liptovské Sliače","Liptovské Sliače"
JuXWDVHuKu7,land,flat,"okres Bytča",Petrovice,Petrovice
Jui1yUD8ZRT,land,"gently sloped","okres Čadca",Turzovka,Predmier
Ju8HOtKyMF8,land,flat,"okres Žilina",Višňové,Višňové
JuOZEwkJjt3,land,"mostly flat","okres Dolný Kubín","Dolný Kubín",Mokraď
JukvtXQXqqN,land,sloped,"okres Žilina",Višňové,Višňové
JuIyQ6FpRLK,land,"gently sloped","okres Námestovo",Vasiľov,Vasiľov
Ju1cmZVZL9p,land,NULL,"okres Martin",Martin,NULL
JuFjy1TVvsF,land,flat,"okres Bytča",NULL,NULL
Ju_utm8DAV9,land,flat,"okres Čadca",Čadca,Rieka
JuaoRgRgfTM,land,sloped,"okres Kysucké Nové Mesto",Nesluša,Nesluša
JuVIY0GAADR,land,NULL,"okres Ružomberok","Liptovské Sliače","Liptovské Sliače"
JuC0KIbI5oB,land,"gently sloped","okres Čadca",Raková,Raková
JuSc9mnlTNp,land,flat,"okres Liptovský Mikuláš","Liptovská Sielnica","Liptovská Sielnica"
JuE8ApW_7eF,land,"mostly flat","okres Čadca",Raková,Raková
JuM_aepmWiE,land,flat,"okres Martin",Sučany,Sučany
JubvMgx0Xlu,land,NULL,"okres Dolný Kubín","Vyšný Kubín","Vyšný Kubín"
JuCafss2FQP,land,flat,"okres Liptovský Mikuláš","Liptovský Mikuláš",Vitálišovce
Ju3KUswXUz_,land,sloped,"okres Bytča","Hlboké nad Váhom","Hlboké nad Váhom"
Jup8u-k4Epi,land,sloped,"okres Bytča",Predmier,Predmier
JuMCxXCgucb,land,"mostly flat","okres Liptovský Mikuláš","Liptovský Mikuláš","Liptovská Mara - Tatralandia"
Ju6EZukLTos,land,NULL,"okres Čadca",Čadca,Podzávoz
JufB0mJ4fBT,land,NULL,"okres Liptovský Mikuláš",Gôtovany,Gôtovany
Ju0PCzCiNgB,land,flat,"okres Martin",Žabokreky,Žabokreky
JuuPBY6Ot9Q,land,flat,"okres Turčianske Teplice","Turčianske Teplice","Turčiansky Michal"
Jut0tUa88wB,land,NULL,"okres Žilina",Rosina,Rosina
JuXoUVcEWR0,land,NULL,"okres Žilina",Ovčiarsko,Ovčiarsko
Juz3m4uVQID,land,NULL,"okres Dolný Kubín","Oravská Poruba","Oravská Poruba"
JuD0_PFG0ni,land,NULL,"okres Turčianske Teplice",Sklené,Sklené
JuNxdVDCwxP,land,NULL,"okres Námestovo",Novoť,Novoť
JuMd2LfAtcs,land,flat,"okres Čadca","Dlhá nad Kysucou","Dlhá nad Kysucou"
JurUF8OlH6u,land,"gently sloped","okres Čadca",Turzovka,Hlinené
JuKqcvokzbp,land,"gently sloped","okres Martin",Socovce,Socovce
Jufivg-_9rM,land,"gently sloped","okres Dolný Kubín","Dolný Kubín","Malý Bysterec"
JuT8srAbvDd,land,NULL,"okres Žilina","Kamenná Poruba","Kamenná Poruba"
JuiaMHS2a8S,land,flat,"okres Čadca",Oščadnica,Oščadnica
Juuliwtz_LA,land,NULL,"okres Martin",Necpaly,Necpaly
Ju7kkzPHIc1,land,"gently sloped","okres Žilina",Krasňany,Krasňany
Ju78oHKGop9R,land,NULL,"okres Žilina","Kotrčiná Lúčka","Kotrčiná Lúčka"
JuFPPvDcbTI,land,NULL,"okres Liptovský Mikuláš",Východná,Východná
Juhz-iIvfOR,land,NULL,"okres Dolný Kubín",Zázrivá,Zázrivá
Jul34-9Uznd,land,NULL,"okres Žilina",Stránske,Stránske
Juz8n3k63O_,land,NULL,"okres Liptovský Mikuláš",Beňadiková,Beňadiková
JuBCn0k3F8q,land,sloped,"okres Ružomberok",Ružomberok,"Nová Hrboltová"
JuPab66wdox,land,"mostly flat","okres Dolný Kubín","Dolný Kubín",Mokraď
JulxtEGlU-r,land,flat,"okres Turčianske Teplice",Budiš,Budiš
JuGjdMCF3ve,land,flat,"okres Žilina",Žilina,Bytčica
JuywSKYexoR,land,NULL,"okres Tvrdošín",Zábiedovo,Zábiedovo
Jujfy0BeWOa,land,"gently sloped","okres Ružomberok",Bešeňová,Bešeňová
JumyeY6xnwq,land,flat,"okres Martin",Turany,Turany
JulrIqN4RR6,land,"gently sloped","okres Liptovský Mikuláš",Hybe,Hybe
JuLNEujfvDD,land,flat,"okres Žilina",Strečno,Strečno
JuIvQC1jBvw,land,"gently sloped","okres Turčianske Teplice",Turček,Turček
JuuH6wyOTi6,land,flat,"okres Bytča",Bytča,"Hliník nad Váhom"
JuR03LYWket,land,NULL,"okres Žilina",Stráňavy,Stráňavy
JujNQV7OCek,land,"gently sloped","okres Žilina",Lysica,Lysica
Jup9VNie0hE,land,NULL,"okres Čadca",Dunajov,Dunajov
Juv0pBqllQb,land,flat,"okres Námestovo","Oravské Veselé","Oravské Veselé"
JuUpsFDNSQ5,land,"gently sloped","okres Žilina",Ovčiarsko,Ovčiarsko
Ju_1RuhBfmB,land,flat,"okres Turčianske Teplice",Budiš,Budiš
JuPvBOIDHAu,land,flat,"okres Turčianske Teplice",Háj,Háj
JuI63s8eiN7,land,NULL,"okres Bytča",Jablonové,Jablonové
JuO_8tOz9vO,land,flat,"okres Bytča",Bytča,"Bytča - sever"
Ju_rYNBo_cl,land,NULL,"okres Bytča","Hlboké nad Váhom","Hlboké nad Váhom"
JuCzxidULuR,land,flat,"okres Kysucké Nové Mesto",Snežnica,Snežnica
JuCAQgOYAnl,land,NULL,"okres Bytča",Predmier,Predmier
JumgYXab6nd,land,NULL,"okres Čadca",Klokočov,Klokočov
Ju4qZolzI7i,land,flat,"okres Martin",Diaková,Diaková
JuMcJmeaUcO,land,sloped,"okres Dolný Kubín",Leštiny,Leštiny
JuNitLYneeA,land,flat,"okres Čadca",Čierne,Čierne
JuVw0hmTAno,land,flat,"okres Liptovský Mikuláš",Gôtovany,Gôtovany
JuFVNjbiRLu,land,"gently sloped","okres Martin","Turčianske Kľačany","Turčianske Kľačany"
JuSTrxbH01x,land,"gently sloped","okres Žilina",Terchová,Terchová
JuGnc9OXHGX,land,terraced,"okres Dolný Kubín","Dolný Kubín","Malý Bysterec"
Jus89N19pVi,land,"gently sloped","okres Dolný Kubín",Zázrivá,Zázrivá
JuUCvHHqEXR,land,NULL,"okres Žilina",Krasňany,Krasňany
JutSxfNRIvL,land,flat,"okres Čadca",Oščadnica,Oščadnica
Jugj8_j4hFt,land,NULL,"okres Čadca",Oščadnica,Oščadnica
JuVy8PAIz5F,land,NULL,"okres Liptovský Mikuláš","Liptovský Trnovec","Liptovský Trnovec"
Juy-u_8MLhRu,land,flat,"okres Martin",Trebostovo,Trebostovo
Ju-hAf6SLZe,land,other,"okres Námestovo","Oravská Jasenica","Oravská Jasenica"
Ju0xrW-pJiv,land,"gently sloped","okres Žilina",Bitarová,Bitarová
JuHEexV-ME8,land,flat,"okres Žilina",Višňové,Višňové
JuvqrgrxLUT,land,"gently sloped","okres Kysucké Nové Mesto",Snežnica,Snežnica
JuvU5Bk6XNz,land,NULL,"okres Žilina",Žilina,Trnové
JuawfvC1dso,land,sloped,"okres Čadca",Makov,Makov
JuujbPaHD-l,land,NULL,"okres Žilina","Veľká Čierna","Veľká Čierna"
Ju2DjUagLIB,land,flat,"okres Liptovský Mikuláš","Pavčina Lehota","Pavčina Lehota"
Jud80emJ1h-,land,NULL,"okres Žilina",Stráňavy,Stráňavy
JuscYJe7Tsp,land,NULL,"okres Žilina",Bitarová,Bitarová
JuRN7oIh-bh,land,NULL,"okres Bytča",Maršová-Rašov,Maršová-Rašov
JuYlSKGJKl6,land,"gently sloped","okres Martin","Horný Kalník","Horný Kalník"
JuueVyS2YYG,land,flat,"okres Turčianske Teplice","Turčianske Teplice",NULL
JuPNAYZ0O8w,land,"gently sloped","okres Žilina",Žilina,Trnové
Ju051T1JZ-l,land,NULL,"okres Žilina",Žilina,Trnové
JufVWTW_WTc,land,NULL,"okres Martin",Martin,Záturčie
JubU6tCkKGs,land,"gently sloped","okres Žilina",Ovčiarsko,Ovčiarsko
JusGZR37Rrf,land,flat,"okres Žilina",Terchová,Terchová
JuZCt8qZhH9,land,flat,"okres Čadca","Krásno nad Kysucou",NULL
JumXY6voBY_,land,sloped,"okres Liptovský Mikuláš","Liptovský Mikuláš",Podbreziny
JuaTUWSOToW,land,NULL,"okres Čadca",Skalité,Skalité
JuhsDIhlQ5j,land,NULL,"okres Žilina",Bitarová,Bitarová
JumBIzQEPOK,land,"gently sloped","okres Liptovský Mikuláš","Liptovský Trnovec","Liptovský Trnovec"
JuJ6A83KPJ2,land,"gently sloped","okres Žilina",Stránske,Stránske
Ju0Wth3fmJb,land,"gently sloped","okres Liptovský Mikuláš",Kvačany,Kvačany
Ju-yASPSDbI,land,"gently sloped","okres Liptovský Mikuláš","Liptovský Mikuláš",Vitálišovce
Ju7bdNS7Wbu,land,other,"okres Martin",Valča,Valča
JuFbQAoDlAy,land,NULL,"okres Tvrdošín",Habovka,Habovka
JutmSdgoB8o,land,flat,"okres Martin",Martin,Tomčany
Ju-TgYUkwq0,land,"gently sloped","okres Kysucké Nové Mesto",Snežnica,Snežnica
JuzpdzmMNmY,land,flat,"okres Martin",Valča,Valča
JuR5ionId5V,land,flat,"okres Martin",Blatnica,Blatnica
JuSojlAQh6I,land,NULL,"okres Čadca",Skalité,Skalité
JuJs7LAy2Ca,land,"gently sloped","okres Čadca",Klokočov,Klokočov
JunsxT9D57Y,land,flat,"okres Čadca",Svrčinovec,Svrčinovec
JuyhzX_H2M6,land,NULL,"okres Čadca",Skalité,Skalité
JuFDWrhfI93,land,NULL,"okres Bytča","Veľké Rovné","Veľké Rovné"
JuRGpe_vleW,land,NULL,"okres Ružomberok",Bešeňová,Bešeňová
JuOtIHsfVL7r,land,flat,"okres Martin",Ratkovo,Ratkovo
JuIk-JMXLCM,land,NULL,"okres Žilina",Višňové,Višňové
JutkRgdiYBy,land,flat,"okres Ružomberok","Liptovská Štiavnica","Liptovská Štiavnica"
Ju2owwvd0Ks,land,NULL,"okres Námestovo","Oravská Lesná","Oravská Lesná"
JuCvtDrSDpm,land,"gently sloped","okres Žilina",Brezany,Brezany
Ju120_vTrodT,land,NULL,"okres Žilina",Hôrky,Hôrky
Juf2tcjNcp8,land,flat,"okres Liptovský Mikuláš",Gôtovany,Gôtovany
Juvljk31CAz,land,"gently sloped","okres Dolný Kubín",Žaškov,Žaškov
JuzXf_udfUb,land,NULL,"okres Bytča",Bytča,Pšurnovice
JuTnhisKw2A,land,sloped,"okres Čadca",Makov,Makov
JuOs44Ibx4E,land,flat,"okres Martin","Kláštor pod Znievom","Kláštor pod Znievom"
JuArm-RO0qx,land,NULL,"okres Liptovský Mikuláš","Liptovský Mikuláš","Liptovská Ondrašová"
JuNwfzXAT-U,land,flat,"okres Martin",Príbovce,Príbovce
JuI1xGqBjgz,land,NULL,"okres Martin",Turany,Turany
Jue9eL-lcIx,land,NULL,"okres Čadca",Raková,Raková
JuaLB21Fxl_,land,NULL,"okres Liptovský Mikuláš","Liptovský Mikuláš","Vrbica - Nábrežie"
Ju2-GQn0P3G,land,flat,"okres Martin",Martin,Priekopa
JuIBgVzzEhH,land,flat,"okres Čadca",Raková,Raková
JuCe3m72ocp,land,flat,"okres Martin","Turčianska Štiavnička","Turčianska Štiavnička"
Julifs4IZ1R,land,"gently sloped","okres Martin",Martin,Stráne
JuIesZUseBj,land,NULL,"okres Žilina",Zbyňov,Zbyňov
JuPr2yDWLko,land,NULL,"okres Žilina","Teplička nad Váhom","Teplička nad Váhom"
JuX4O4UZ7BH_,land,flat,"okres Ružomberok",Ivachnová,Ivachnová
JutBiDVPJVF,land,"mostly flat","okres Žilina",Višňové,Višňové
Juo5DPi-NX1,land,NULL,"okres Ružomberok","Liptovské Sliače","Liptovské Sliače"
Juvu6M7-uvD,land,"gently sloped","okres Žilina",Žilina,Budatín
JuePvBO4qUqh,land,other,"okres Žilina",Žilina,Brodno
JuPJNYaejL9,land,"gently sloped","okres Čadca",Čadca,"U Hluška"
JuqAOfMLMS5,land,flat,"okres Ružomberok",Likavka,Likavka
JusxvqCVQpI,land,sloped,"okres Bytča","Hlboké nad Váhom","Hlboké nad Váhom"
JuvLnr4RMW3,land,NULL,"okres Martin",Sučany,Sučany
JuoQejBMBhm,land,NULL,"okres Martin",Martin,Priekopa
JuOx6alhDY_,land,"gently sloped","okres Bytča",Štiavnik,Štiavnik
JuIwevgorag,land,flat,"okres Martin",Sučany,Sučany
JuTkoqi-k1y,land,NULL,"okres Ružomberok","Liptovské Sliače","Liptovské Sliače"
JuJ_jH0Ka-F,land,flat,"okres Turčianske Teplice",Dubové,Dubové
JuiAYjSrynL,land,NULL,"okres Žilina",Terchová,Terchová
JuQX408bw8H,land,flat,"okres Dolný Kubín",Žaškov,Žaškov
Ju3teAVBtOxF,land,NULL,"okres Liptovský Mikuláš",Beňadiková,Beňadiková
JurgCKxDYu4,land,NULL,"okres Žilina",Svederník,Svederník
JufImX742Ut,land,"gently sloped","okres Liptovský Mikuláš","Liptovský Mikuláš",Podbreziny
JuLYYDsAsCoc,land,other,"okres Námestovo","Oravská Jasenica","Oravská Jasenica"
JuCdelRdGA1,land,"gently sloped","okres Martin",Vrútky,"Karvaša a Bláhovca"
Ju6jOmyHOzk,land,NULL,"okres Žilina",Krasňany,Krasňany
JuLQGD34QeZ,land,NULL,"okres Žilina",Ovčiarsko,Ovčiarsko
JuJ9RlquSBH,land,"mostly flat","okres Dolný Kubín","Dolný Kubín",Mokraď
JuiHO4ziDsX,land,NULL,"okres Liptovský Mikuláš","Liptovský Mikuláš",Podbreziny
JuWsp-GzHhf,land,NULL,"okres Liptovský Mikuláš",Vlachy,Vlachy
JunNzT26gJt,land,flat,"okres Žilina",Kunerad,Kunerad
JuqRYP4Ii_m,land,"gently sloped","okres Martin",Necpaly,Necpaly
JureB0xysPE,land,flat,"okres Martin",Necpaly,Necpaly
JueabChri5n,land,NULL,"okres Žilina","Kotrčiná Lúčka","Kotrčiná Lúčka"
JuO_g9A6a9wi,land,"gently sloped","okres Martin",Záborie,Záborie
Ju4ExXlTo3S,land,"mostly flat","okres Martin",Necpaly,Necpaly
Ju5eolzpNXf,land,NULL,"okres Bytča","Hlboké nad Váhom","Hlboké nad Váhom"
Juovk415JFh,land,"gently sloped","okres Žilina",Žilina,Rosinky
Ju6amfxFDHs,land,sloped,"okres Bytča","Hlboké nad Váhom","Hlboké nad Váhom"
JuPvieB5wD8,land,flat,"okres Žilina",Mojš,Mojš
JuE953fYUaJ,land,NULL,"okres Martin",Lipovec,Lipovec
JuUwHBfeaJH,land,flat,"okres Kysucké Nové Mesto","Horný Vadičov","Horný Vadičov"
JulnuV6b4dq,land,flat,"okres Martin",Dražkovce,Dražkovce
Julb8CQS_U3,land,flat,"okres Turčianske Teplice",Sklené,Sklené
JuSuQFG8xu1,land,flat,"okres Čadca",Makov,Makov
JuwNYa-6iOH,land,NULL,"okres Žilina",Bitarová,Bitarová
JuUlwzFbYFD,land,NULL,"okres Dolný Kubín",Kraľovany,Kraľovany
JuJOjhQbYoo,land,flat,"okres Turčianske Teplice","Turčianske Teplice","Turčiansky Michal"
JuRzGNU0BD2,land,NULL,"okres Turčianske Teplice","Turčianske Teplice",Stred
Juk20aBZ0Ls,land,flat,"okres Čadca",Raková,Raková
Ju00kypR_p_,land,flat,"okres Žilina",Rajec,Rajec
JuEWO1OepoK,land,flat,"okres Martin","Kláštor pod Znievom","Kláštor pod Znievom"
JutWL9k4SH-,land,flat,"okres Dolný Kubín","Dolný Kubín","Malý Bysterec"
JuwL0eI__3n8,land,"gently sloped","okres Kysucké Nové Mesto",Rudina,Rudina
Ju7PRPwxRRPQ,land,NULL,"okres Žilina",Podhorie,Podhorie
Ju7VNOVgGEX,land,flat,"okres Martin",Sučany,Sučany
JuzcT2nMl5E,land,"gently sloped","okres Kysucké Nové Mesto","Horný Vadičov","Horný Vadičov"
JutEPw1J-xD,land,NULL,"okres Žilina",Žilina,Zádubnie
JubLSsddj46,land,flat,"okres Liptovský Mikuláš","Liptovský Mikuláš","Staré mesto"
JuMUzvKUv9i,land,NULL,"okres Martin",Martin,Záturčie
Ju2dDwgittj,land,flat,"okres Žilina",Stránske,Stránske
JuYCEnwkjLX,land,sloped,"okres Bytča",Súľov-Hradná,Súľov-Hradná
JulcGjr0HkD,land,flat,"okres Martin",Lipovec,Lipovec
JuVP0HZPxQP,land,NULL,"okres Čadca",Oščadnica,Oščadnica
JuDxiaz2nPZ,land,"gently sloped","okres Liptovský Mikuláš","Liptovská Anna","Liptovská Anna"
JuV3Yr0Tkt7,land,sloped,"okres Žilina",Terchová,Terchová
Ju3lYLQgij-,land,flat,"okres Čadca",Čadca,Rieka
Ju7o2vN-Kj5,land,"gently sloped","okres Žilina",Žilina,Trnové
JuYtpUq3Ljt,land,"gently sloped","okres Martin",Necpaly,Necpaly
JuLF3n8V0u0,land,flat,"okres Turčianske Teplice","Slovenské Pravno","Slovenské Pravno"
Jua-87P0brZ,land,"gently sloped","okres Liptovský Mikuláš","Liptovská Anna","Liptovská Anna"
Judikv0pXVX,land,"gently sloped","okres Kysucké Nové Mesto",Snežnica,Snežnica
JuQE6iaf57k,land,NULL,"okres Žilina",Ovčiarsko,Ovčiarsko
JuZenYjsJ5j,land,"gently sloped","okres Žilina","Lietavská Svinná-Babkov","Lietavská Svinná-Babkov"
JunoJZqtPKv,land,"gently sloped","okres Bytča",Kotešová,Kotešová
JuFDHnuYFxT,land,flat,"okres Martin",Martin,Sever
JuCZD2XgLKU,land,flat,"okres Čadca","Krásno nad Kysucou",Kalinov
JuB4oTBd8tj,land,NULL,"okres Žilina","Dolný Hričov","Dolný Hričov"
Ju6v5X2xr8N,land,flat,"okres Žilina",Turie,Turie
JumpjkKxSdz,land,sloped,"okres Dolný Kubín",Zázrivá,Zázrivá
JuQ7vhVLfEg,land,"gently sloped","okres Námestovo",Námestovo,NULL
JuvOhFg_IIq,land,flat,"okres Martin","Turčiansky Peter","Turčiansky Peter"
JubkW3740OB,land,flat,"okres Bytča",Kotešová,Kotešová
Ju8TvPJCfAu,land,"mostly flat","okres Žilina",Terchová,Terchová
Jue0k_6k3BC,land,"gently sloped","okres Martin",Podhradie,Podhradie
Juy9B79A4J4,land,NULL,"okres Turčianske Teplice",Jazernica,Jazernica
Jufbp419kLn,land,NULL,"okres Liptovský Mikuláš","Uhorská Ves","Uhorská Ves"
JuoM1a2vfjr,land,flat,"okres Čadca",Čadca,Kyčerka
JuCX6DjrhAx,land,"mostly flat","okres Liptovský Mikuláš",Kvačany,Kvačany
Ju3m-dUNJYI,land,"gently sloped","okres Liptovský Mikuláš","Liptovské Beharovce","Liptovské Beharovce"
JuaWAXYq8CN,land,sloped,"okres Kysucké Nové Mesto","Dolný Vadičov","Dolný Vadičov"
JuAOp73hEtJ,land,NULL,"okres Turčianske Teplice",Bodorová,Bodorová
Juml9ZbpWBM,land,other,"okres Žilina",Rosina,Rosina
JuoqzBB_9Ic,land,"gently sloped","okres Dolný Kubín",Párnica,Párnica
JuLeQIMuEoJ,land,NULL,"okres Turčianske Teplice",Mošovce,Mošovce
JuvLJIIUOfY,land,NULL,"okres Liptovský Mikuláš",Lazisko,Lazisko
Ju3PLVbW63-,land,NULL,"okres Dolný Kubín",Veličná,Veličná
Jup1kPgQpEa,land,NULL,"okres Žilina",Lietava,Lietava
JuVYqJ0JX1k,land,NULL,"okres Žilina",Žilina,Budatín
JuOOdwBZpnq,land,sloped,"okres Dolný Kubín",Pribiš,Pribiš
JuFHiiWQjoz,land,"gently sloped","okres Žilina","Veľká Čierna","Veľká Čierna"
JuxCQhpzaPp,land,flat,"okres Martin",Trnovo,Trnovo
Ju2vqxn_y5h,land,"gently sloped","okres Čadca",Skalité,Skalité
JuVQc2LdTTG,land,NULL,"okres Martin",Sučany,Sučany
JuUUpLR6AWM,land,NULL,"okres Žilina","Dolná Tižina","Dolná Tižina"
Juod5b-P5x2,land,"gently sloped","okres Žilina",Žilina,Budatín
Julqx-OsWd4,land,sloped,"okres Bytča","Hlboké nad Váhom","Hlboké nad Váhom"
JuNDmq9QqWV,land,flat,"okres Liptovský Mikuláš",Východná,Východná
JuAW0SJGZe9,land,NULL,"okres Žilina","Kotrčiná Lúčka","Kotrčiná Lúčka"
JuL1tbUXhpj,land,"gently sloped","okres Kysucké Nové Mesto",Lodno,Lodno
Ju55_tGfxfr,land,"gently sloped","okres Liptovský Mikuláš","Liptovský Mikuláš",Stošice
Juv_OE5QhUq,land,sloped,"okres Žilina",Terchová,Terchová
Ju68Dykgvdc,land,"gently sloped","okres Žilina","Dolná Tižina","Dolná Tižina"
Ju8oY2HaCv1,land,NULL,"okres Martin",Martin,Jahodníky
JuRanZisa5Z,land,NULL,"okres Žilina",Marčk,Marčk
Juu_JI3IbCE,land,other,"okres Bytča",Bytča,"Bytča - sever"
Juz-5oPyoQW,land,NULL,"okres Žilina",Rosina,Rosina
Ju0UmYe9Px-,land,NULL,"okres Čadca",Staškov,Staškov
JuDwRiMatNB,land,flat,"okres Martin",Sklabiňa,Sklabiňa
JugG3vyzxv0,land,"gently sloped","okres Martin","Turčianska Štiavnička","Turčianska Štiavnička"
Ju5LTX3e1H6,land,NULL,"okres Čadca",Oščadnica,Oščadnica
JuMxwj9KkkZ,land,other,"okres Námestovo","Oravská Jasenica","Oravská Jasenica"
JuicyD7lpub,land,sloped,"okres Žilina",Žilina,Budatín
JubcbkupV-K,land,flat,"okres Bytča",Bytča,"Bytča - sever"
Ju4Q_gSlKhh,land,NULL,"okres Žilina",Kľače,Kľače
JuQ9QuExnST,land,NULL,"okres Martin",Martin,Záturčie
JuSwT_XLgPV,land,flat,"okres Ružomberok",Ružomberok,"Revúcka dolina"
JuD1-Yw-h6R,land,NULL,"okres Žilina","Dolná Tižina","Dolná Tižina"
JuDFS7ZcUKC,land,sloped,"okres Čadca",Makov,Makov
JugiMieeEs_,land,other,"okres Martin",Vrútky,"Dolné Vrútky"
JunYVarhNpk,land,NULL,"okres Žilina","Dolný Hričov","Dolný Hričov"
JuOBPA2nCGL,land,flat,"okres Žilina","Teplička nad Váhom","Teplička nad Váhom"
JuwNxJhCDfg,land,flat,"okres Bytča",Bytča,"Hliník nad Váhom"
JuvQg4wxWiM,land,"gently sloped","okres Žilina",Bitarová,Bitarová
JuVBbGfUDf1,land,flat,"okres Ružomberok",Ivachnová,Ivachnová
JuOwj2nckB1,land,NULL,"okres Žilina",Rosina,Rosina
JulYy4ldFQa1,land,"gently sloped","okres Žilina",Bitarová,Bitarová
JuflONHQOiV,land,sloped,"okres Dolný Kubín","Vyšný Kubín","Vyšný Kubín"
JuvkGcZpCKL,land,NULL,"okres Námestovo","Oravská Lesná","Oravská Lesná"
JutxQo51THJ,land,"gently sloped","okres Čadca",Raková,Raková
JuY_kixqoQW,land,flat,"okres Liptovský Mikuláš",Kvačany,Kvačany
JuafO7D1C5y,land,flat,"okres Liptovský Mikuláš",Jamník,Jamník
JuojulIxoMm,land,NULL,"okres Liptovský Mikuláš",Pribylina,Pribylina
Juk7ESYVk3r,land,flat,"okres Námestovo",Vasiľov,Vasiľov
JuDPVSkdjbb,land,flat,"okres Bytča",Kotešová,Kotešová
JuSMDjKsDMw,land,"gently sloped","okres Bytča","Veľké Rovné","Veľké Rovné"
JuK4j_sbxpH,land,"gently sloped","okres Žilina",Kľače,Kľače
JuDu2MlXcTn,land,NULL,"okres Martin",Ratkovo,Ratkovo
JuvZDfX9h0j,land,flat,"okres Čadca",Staškov,Staškov
JufxtZp_N5P,land,sloped,"okres Liptovský Mikuláš","Závažná Poruba","Závažná Poruba"
JuB8mFJnVT3,land,flat,"okres Martin",Príbovce,Príbovce
JuNyZWoxw0A,land,flat,"okres Martin","Turčiansky Peter","Turčiansky Peter"
Juu-qpDOYIv,land,flat,"okres Žilina",Mojš,Mojš
JuOPdmvhEwO,land,"gently sloped","okres Martin",Necpaly,Necpaly
JuJ2_wybbaK,land,"gently sloped","okres Žilina",Žilina,"Žilinská Lehota"
JueBhRnur92,land,"gently sloped","okres Čadca",Čadca,Podzávoz
JuvVzNYO2xk,land,flat,"okres Liptovský Mikuláš","Liptovské Kľačany","Liptovské Kľačany"
Ju_fVXnqYH3,land,flat,"okres Čadca","Dlhá nad Kysucou","Dlhá nad Kysucou"
Ju-SZF8QBN4,land,"gently sloped","okres Čadca",Oščadnica,Oščadnica
JufBtLiGIPk,land,flat,"okres Kysucké Nové Mesto",Rudinská,Rudinská
JudMigoHhfK,land,flat,"okres Liptovský Mikuláš","Liptovská Sielnica","Liptovská Sielnica"
JuWPMQs-4VM,land,"gently sloped","okres Martin",Lipovec,Lipovec
JuR6b65HC4k,land,flat,"okres Čadca",Skalité,Skalité
JuzOGUk6m--,land,NULL,"okres Martin",Šútovo,Šútovo
JuGRHQWEm6t,land,"gently sloped","okres Žilina",Divina,Divina
JuxeTnNf4SA,land,NULL,"okres Žilina",Žilina,Strážov
JuvbiaDUOpH,land,NULL,"okres Žilina",Žilina,Budatín
JusTHrdS9S-,land,"mostly flat","okres Čadca",Korňa,Korňa
JuZHBvu_y5k,land,flat,"okres Žilina","Lietavská Lúčka","Lietavská Lúčka"
JuFCukJYH3o,land,NULL,"okres Dolný Kubín","Dolný Kubín",Záskalie
JufaT9ciPca,land,flat,"okres Liptovský Mikuláš",Ľubeľa,Ľubeľa
JupbvvbWZFWc,land,flat,"okres Martin",Martin,Sever
JugYDWGaYrW,land,NULL,"okres Žilina","Dolný Hričov","Dolný Hričov"
JuTbm-HYgXk,land,flat,"okres Čadca",Čadca,NULL
JujaAjDinmCV,land,"gently sloped","okres Liptovský Mikuláš",Ižipovce,Ižipovce
JuwpErO1oQo,land,NULL,"okres Martin",Vrútky,"Karvaša a Bláhovca"
JuXyzVvMfD0,land,NULL,"okres Dolný Kubín","Dolný Kubín","Veľký Bysterec"
Jur2dnOd-h4,land,NULL,"okres Čadca",Čadca,Rieka
JuL88g5odPF,land,flat,"okres Čadca",Čadca,Rieka
Ju9K2ce3tAr,land,NULL,"okres Dolný Kubín",Osádka,Osádka
Ju-NDMj5LtQ,land,NULL,"okres Ružomberok",Štiavnička,Štiavnička
JuUM9axhhyU,land,NULL,"okres Žilina","Lietavská Svinná-Babkov","Lietavská Svinná-Babkov"
JuAZ6fgfjuZ,land,"mostly flat","okres Čadca",Čierne,Čierne
JucTCCPlXaR,land,flat,"okres Martin",Martin,NULL
JuhoPxrS652,land,NULL,"okres Ružomberok",Hubová,Hubová
Juvwo3yus2z,land,NULL,"okres Žilina",Bitarová,Bitarová
Ju-MIVcElKG,land,NULL,"okres Žilina",Žilina,Budatín
Ju_1W8VjrZV,land,NULL,"okres Žilina",Bitarová,Bitarová
Ju4W-q9O29Z,land,"gently sloped","okres Bytča",Predmier,Predmier
Juw8Xkyweh9,land,NULL,"okres Žilina",Rosina,Rosina
JuQ6qmIjohw,land,NULL,"okres Námestovo",Námestovo,Čerchle
JuN4Ko5MTcJ,land,NULL,"okres Liptovský Mikuláš","Liptovský Mikuláš",Podbreziny
JusslN-MwRD,land,flat,"okres Čadca",Makov,Makov
JupMjKkwPeV,land,NULL,"okres Liptovský Mikuláš",Kvačany,Kvačany
JutcLxhDE3o,land,flat,"okres Žilina",Kunerad,Kunerad
JukIBS7GOVs,land,flat,"okres Martin",Martin,Priekopa
JuAgx4tBYzv,land,flat,"okres Čadca",Staškov,Staškov
JuDHH4NlCyqo,land,flat,"okres Liptovský Mikuláš","Svätý Kríž","Svätý Kríž"
Jujch7drC6q,land,sloped,"okres Liptovský Mikuláš","Liptovský Ján","Liptovský Ján"
JusCy__yyRZ,land,"gently sloped","okres Turčianske Teplice",Mošovce,Mošovce
JuW8aAxjxNx,land,NULL,"okres Liptovský Mikuláš",Prosiek,Prosiek
JutdkjPNxRS,land,flat,"okres Žilina",Rosina,Rosina
JuW_12z2Y4f,land,NULL,"okres Martin",Belá-Dulice,Belá-Dulice
Ju4g9YHwdlx,land,"gently sloped","okres Žilina",Zbyňov,Zbyňov
Ju4ms2VGYuHG,land,NULL,"okres Žilina",Terchová,Terchová
JuEpEk6fWjH,land,NULL,"okres Žilina","Dolný Hričov","Dolný Hričov"
JuxTRMglx-W,land,NULL,"okres Čadca",Raková,Raková
JuvJszhFBaP,land,flat,"okres Turčianske Teplice",Mošovce,Mošovce
JuixgWiuI-g,land,flat,"okres Martin",Príbovce,Príbovce
Judc1EdBcup,land,NULL,"okres Turčianske Teplice",Kaľamenová,Kaľamenová
JudYr0kY49Z,land,flat,"okres Martin",Blatnica,Blatnica
JuPbTvxxFti,land,NULL,"okres Žilina",Krasňany,Krasňany
JutjlsqdjlN,land,flat,"okres Martin",Diaková,Diaková
Ju3PrO2eSPN,land,"gently sloped","okres Čadca",Korňa,Korňa
Ju2NQev2SId,land,NULL,"okres Liptovský Mikuláš",Jakubovany,Jakubovany
JuxYYBPBmey,land,NULL,"okres Martin",Vrícko,Vrícko
JutnFvbh17V,land,flat,"okres Liptovský Mikuláš","Liptovský Peter","Liptovský Peter"
JutbpFV_5ly,land,flat,"okres Martin",Lipovec,Lipovec
JuscZOsY1gt,land,"gently sloped","okres Čadca",Staškov,Staškov
JuDU5D47va2,land,NULL,"okres Ružomberok",Komjatná,Komjatná
JuXhVixLVGG,land,"gently sloped","okres Žilina","Lietavská Svinná-Babkov","Lietavská Svinná-Babkov"
JuLRr4cyAPf,land,flat,"okres Námestovo","Oravská Lesná","Oravská Lesná"
Ju9cyC56Bl4,land,"gently sloped","okres Kysucké Nové Mesto","Kysucké Nové Mesto",Suľkov
Ju7pU7Ouw32,land,other,"okres Čadca",Korňa,Korňa
Ju9SYtrH9Xk,land,flat,"okres Turčianske Teplice","Horná Štubňa","Horná Štubňa"
Ju9A78TekYt,land,"gently sloped","okres Bytča","Veľké Rovné","Veľké Rovné"
JuMK_ZB-5jG,land,"gently sloped","okres Martin",Valča,Valča
Jutfm6VQ_-o,land,NULL,"okres Žilina",Rosina,Rosina
JuZeBBGEyyq,land,"gently sloped","okres Martin",Vrútky,"Karvaša a Bláhovca"
JuYoMQAxiBt,land,flat,"okres Žilina","Kamenná Poruba","Kamenná Poruba"
JuzTBHETb5G,land,"gently sloped","okres Bytča",Kolárovice,Kolárovice
Ju_Srz9D_6-,land,"gently sloped","okres Turčianske Teplice",Čremošné,Čremošné
Ju7lkcp0j1X,land,NULL,"okres Ružomberok","Liptovské Sliače","Liptovské Sliače"
JuxrV_XvqkB,land,"gently sloped","okres Žilina",Ovčiarsko,Ovčiarsko
JuP8rlC8Xco,land,"mostly flat","okres Žilina",Žilina,Trnové
Ju9EWCUTpfs,land,flat,"okres Liptovský Mikuláš","Uhorská Ves","Uhorská Ves"
JuEl_5mhIIG,land,NULL,"okres Liptovský Mikuláš","Svätý Kríž","Svätý Kríž"
JuYP7ILQfhI,land,flat,"okres Žilina",Varín,Varín
JuGjSvB2SWb,land,"mostly flat","okres Žilina",Višňové,Višňové
JufDqWof_NN,land,"gently sloped","okres Čadca",Olešná,Olešná
Juv3W5C4xtN_,land,NULL,"okres Ružomberok","Liptovské Sliače","Liptovské Sliače"
JuYP_MCF9yI,land,"gently sloped","okres Čadca","Nová Bystrica","Nová Bystrica"
Ju2u6VZSsgd,land,NULL,"okres Liptovský Mikuláš","Liptovský Trnovec","Liptovský Trnovec"
Juvdw9xd7yr,land,"mostly flat","okres Žilina",Varín,Varín
JufFFiGUtxN,land,NULL,"okres Liptovský Mikuláš","Liptovský Mikuláš",Vitálišovce
JuWpmO3Yrkb,land,flat,"okres Martin",Sučany,Sučany
JuowzNUzni4,land,"gently sloped","okres Dolný Kubín",Veličná,Veličná
JuIGtLwLscT,land,"gently sloped","okres Liptovský Mikuláš","Liptovský Mikuláš",Stošice
JuPzrcI9eBw,land,"gently sloped","okres Martin",Turany,Turany
Ju40F3aMhkE,land,"gently sloped","okres Ružomberok",Ružomberok,Baničné
Ju6ppfqXAjT,land,"gently sloped","okres Žilina","Rajecké Teplice","Rajecké Teplice"
Ju3Z449GlG4T,land,flat,"okres Ružomberok","Liptovská Osada","Liptovská Osada"
JurmiShq5P1,land,NULL,"okres Liptovský Mikuláš","Pavlova Ves","Pavlova Ves"
Ju4gSJihj6x,land,"gently sloped","okres Liptovský Mikuláš","Liptovská Kokava","Liptovská Kokava"
Ju059DbP17Y,land,flat,"okres Čadca","Krásno nad Kysucou",Kalinov
Ju5Yf4qkhg3,land,flat,"okres Martin",Martin,Jahodníky
Ju_yHqt6C9a,land,sloped,"okres Liptovský Mikuláš","Liptovský Mikuláš",Podbreziny
JuF30aynSVM,land,NULL,"okres Žilina","Dolný Hričov","Dolný Hričov"
JufsgjSWfFu,land,NULL,"okres Martin",Martin,Tomčany
Junb65_vEvr,land,sloped,"okres Žilina","Kotrčiná Lúčka","Kotrčiná Lúčka"
JupHBupprCN,land,sloped,"okres Bytča","Veľké Rovné","Veľké Rovné"
JuiwnKuifVR,land,NULL,"okres Žilina",Svederník,Svederník
JuoouzvegJf,land,flat,"okres Žilina","Nezbudská Lúčka","Nezbudská Lúčka"
Ju8BkkuvGLX,land,"gently sloped","okres Žilina",Ovčiarsko,Ovčiarsko
Ju4xxL085OL,land,other,"okres Dolný Kubín",Zázrivá,Zázrivá
JuHjoC-ETw9,land,flat,"okres Ružomberok",Likavka,Likavka
JucXLuegzy5,land,"gently sloped","okres Bytča",Štiavnik,Štiavnik
JuaD2PNZ2ay,land,"gently sloped","okres Čadca",Korňa,Korňa
JujKWinPkki,land,"mostly flat","okres Čadca",Oščadnica,Oščadnica
JueoLey_u82,land,flat,"okres Liptovský Mikuláš","Liptovský Trnovec","Liptovský Trnovec"
Ju_mTTZVoJx,land,"gently sloped","okres Žilina","Kotrčiná Lúčka","Kotrčiná Lúčka"
JuRt0myx8AI,land,flat,"okres Čadca",Raková,Raková
JuxqXS7gyRr,land,NULL,"okres Žilina","Dolný Hričov","Dolný Hričov"
Juht1btctzZ,land,flat,"okres Čadca",Turzovka,Predmier
JuJf2fmgFtM,land,NULL,"okres Martin",Valča,Valča
JuVqVOpkjj1,land,NULL,"okres Martin",Martin,Záturčie
JuUl164inch,land,other,"okres Liptovský Mikuláš",Ižipovce,Ižipovce
JuYIPkTCQff,land,flat,"okres Žilina",Žilina,Bôrik
JuBBCee0nxo,land,"gently sloped","okres Čadca",Raková,Raková
JuuuoTcUpiv,land,NULL,"okres Liptovský Mikuláš",Malatíny,Malatíny
JuYADQBEJQK,land,NULL,"okres Žilina",Strečno,Strečno
Ju0fo_oieoh,land,other,"okres Čadca",Korňa,Korňa
JuPHlOJ8jWO,land,NULL,"okres Dolný Kubín",Veličná,Veličná
JudmThIv8pi,land,NULL,"okres Žilina",Zbyňov,Zbyňov
JuWbfEDE4eQ,land,flat,"okres Martin",Martin,Podháj
JuSx0xp8txp,land,sloped,"okres Martin","Turčianske Kľačany","Turčianske Kľačany"
JuUy9icWXXx,land,NULL,"okres Liptovský Mikuláš",Gôtovany,Gôtovany
Ju7Ywnw6_Bk,land,"gently sloped","okres Žilina",Zbyňov,Zbyňov
JurPtkmJGHM,land,"gently sloped","okres Žilina",Žilina,Trnové
JutIg8nIDtY,land,flat,"okres Martin","Kláštor pod Znievom","Kláštor pod Znievom"
JuCc2IAocam,land,NULL,"okres Liptovský Mikuláš",Podtureň,Podtureň
Ju7iSwFbAaJ,land,"gently sloped","okres Žilina",Lietava,Lietava
JuUJvcqmSGz,land,flat,"okres Martin",Príbovce,Príbovce
JuHRIMSYVCE4,land,"gently sloped","okres Turčianske Teplice",Brieštie,Brieštie
Ju93D7kxk57,land,flat,"okres Čadca",Turzovka,Stred
JurcJ2k2neE,land,NULL,"okres Bytča",Súľov-Hradná,Súľov-Hradná
JuiSfM5MiE3,land,flat,"okres Martin",Martin,Priekopa
JutLp8axckym,land,"gently sloped","okres Čadca",Oščadnica,Oščadnica
JuCYY9E7vm0,land,NULL,"okres Námestovo","Oravské Veselé","Oravské Veselé"
Jur4zTPDBjU,land,NULL,"okres Žilina",Stráňavy,Stráňavy
JuKoA0CHMAn,land,NULL,"okres Žilina",Turie,Turie
JuHjqfxC4fX,land,"mostly flat","okres Žilina",Bitarová,Bitarová
Ju0N6saLXmx,land,"gently sloped","okres Bytča",Petrovice,Petrovice
Ju8TQv-MjJF,land,flat,"okres Martin",Martin,Stráne
JuaSPQ-WWc2,land,flat,"okres Turčianske Teplice","Malý Čepčín","Malý Čepčín"
Ju48Cz332dR,land,NULL,"okres Bytča",Bytča,"Bytča - sever"
JuzjY-k3id9,land,flat,"okres Žilina",Turie,Turie
Ju7IL3wpb9W,land,NULL,"okres Čadca",Raková,Raková
Ju5vA5Uv4Dw,land,flat,"okres Žilina",Rosina,Rosina
JuKY6m4zwWy,land,flat,"okres Žilina","Teplička nad Váhom","Teplička nad Váhom"
Jul0O76BpGg,land,sloped,"okres Martin",Martin,Stráne
Ju5YLNtCIvp,land,NULL,"okres Turčianske Teplice","Horná Štubňa","Horná Štubňa"
JuGs0JNeT94,land,"gently sloped","okres Liptovský Mikuláš","Liptovská Anna","Liptovská Anna"
JuJBQYv5uVc,land,NULL,"okres Martin",Martin,Záturčie
Ju0Lru91bls8,land,sloped,"okres Martin","Turčianske Jaseno","Turčianske Jaseno"
JuJNd1CrfWJ,land,NULL,"okres Kysucké Nové Mesto",Radoľa,Radoľa
Ju3X3Wu7oZN,land,"gently sloped","okres Dolný Kubín",Veličná,Veličná
JufStanr4w4,land,NULL,"okres Liptovský Mikuláš",Podtureň,Podtureň
JuWr2D7Iu3W,land,"gently sloped","okres Námestovo",Zákamenné,Zákamenné
JujdKV83oGm,land,flat,"okres Žilina","Dolný Hričov","Dolný Hričov"
JuTNX1DN12b,land,flat,"okres Žilina",Kľače,Kľače
JuEGNHbH38e,land,sloped,"okres Žilina",Žilina,Budatín
JuUul__8DQL,land,NULL,"okres Martin",Laskár,Laskár
Ju21Xr2V_AF,land,NULL,"okres Žilina",Žilina,Trnové
JuWW4q9AnNy,land,NULL,"okres Liptovský Mikuláš","Liptovský Mikuláš",Vitálišovce
JuUxR9kCtc9,land,"gently sloped","okres Dolný Kubín","Horná Lehota","Horná Lehota"
JuzEmUFhicY,land,flat,"okres Martin",Martin,"Kolónia Hviezda"
JucgwdqxbsLG,land,sloped,"okres Žilina",Žilina,Strážov
Juo_OtW5DNn,land,NULL,"okres Žilina",Turie,Turie
JuIxEHS21qj,land,NULL,"okres Ružomberok","Liptovský Michal","Liptovský Michal"
JudwIpu1_KR,land,flat,"okres Martin","Turčiansky Ďur","Turčiansky Ďur"
JutZ9u4w49X,land,NULL,"okres Námestovo","Oravské Veselé","Oravské Veselé"
Ju3gbFnsxzj,land,"gently sloped","okres Žilina",Divina,Divina
Ju-AMIyF1en,land,NULL,"okres Bytča",Jablonové,Jablonové
Juilp9keLdt,land,NULL,"okres Kysucké Nové Mesto","Lopušné Pažite","Lopušné Pažite"
Ju5EqGDbrv9,land,NULL,"okres Čadca",Podvysoká,Podvysoká
JuVnYv0MGhb,land,"gently sloped","okres Kysucké Nové Mesto","Horný Vadičov","Horný Vadičov"
Ju0A5SWcXU0,land,NULL,"okres Liptovský Mikuláš","Vyšná Boca","Vyšná Boca"
JunK6YyRJzr,land,NULL,"okres Liptovský Mikuláš","Svätý Kríž","Svätý Kríž"
Jus2h_zTLaE,land,flat,"okres Liptovský Mikuláš","Svätý Kríž","Svätý Kríž"
JuRDGTVaaYE,land,NULL,"okres Liptovský Mikuláš",Jamník,Jamník
JuaAqZtT-Nl,land,NULL,"okres Martin",Vrútky,"Dolné Vrútky"
JuIZ-_6smXF,land,"gently sloped","okres Čadca",Makov,Makov
Juuidu63ceb,land,NULL,"okres Žilina",Hôrky,Hôrky
Ju8fJuQfeqw,land,flat,"okres Martin","Dolný Kalník","Dolný Kalník"
JugKtMa2KWc,land,flat,"okres Žilina",Zbyňov,Zbyňov
JunMP_jTjvX,land,flat,"okres Kysucké Nové Mesto",Rudina,Rudina
JuMkkypcseP,land,"gently sloped","okres Kysucké Nové Mesto","Kysucké Nové Mesto",Suľkov
JuyZQBxrqQr,land,NULL,"okres Kysucké Nové Mesto",Snežnica,Snežnica
JuhqDcjNAJB,land,"gently sloped","okres Dolný Kubín",Žaškov,Žaškov
JuD52DaFWEx,land,flat,"okres Liptovský Mikuláš",Jamník,Jamník
JuwmLXW6GAr,land,"gently sloped","okres Liptovský Mikuláš","Liptovské Beharovce","Liptovské Beharovce"
JunZs7mX2Hr,land,flat,"okres Liptovský Mikuláš","Partizánska Ľupča","Partizánska Ľupča"
Jur0-m7ixLR,land,"gently sloped","okres Žilina",Divina,Divina
JuIrw7O-EJl,land,flat,"okres Liptovský Mikuláš",Malatíny,Malatíny
Ju4f4j-Yy0S,land,flat,"okres Žilina",Žilina,Trnové
JuFl-uxAAfA,land,NULL,"okres Žilina",Žilina,Bôrik
JujQDiA2uup,land,"gently sloped","okres Čadca",Čadca,Podzávoz
JuaG4dc-Ff7B,land,NULL,"okres Žilina",Hôrky,Hôrky
Ju8Esr41W6Y,land,flat,"okres Čadca",Oščadnica,Oščadnica
Jud5jOQlY3b,land,NULL,"okres Dolný Kubín",Pucov,Pucov
JuY7QZv_rvd,land,flat,"okres Liptovský Mikuláš","Liptovský Trnovec","Liptovský Trnovec"
JuS4rgPD6x3,land,NULL,"okres Kysucké Nové Mesto",Nesluša,Nesluša
JufNsLwTyrG,land,"gently sloped","okres Martin",Martin,Tomčany
JuCeJvEPD_0,land,"gently sloped","okres Žilina",Lietava,Lietava
JuDEvr7ONsp,land,NULL,"okres Žilina","Dolný Hričov","Dolný Hričov"
JuGICOuIWEi,land,NULL,"okres Námestovo",Krušetnica,Krušetnica
JuZOnWEYPFE,land,NULL,"okres Dolný Kubín",Párnica,Párnica
Juq3D1w-q7E,land,"mostly flat","okres Martin",Belá-Dulice,Belá-Dulice
Juye6i7s5GK,land,NULL,"okres Čadca",Oščadnica,Oščadnica
Ju_fnU9p20E,land,"gently sloped","okres Žilina",Ovčiarsko,Ovčiarsko
JuWJNL9j7v1,land,"gently sloped","okres Liptovský Mikuláš",Trstené,Trstené
Ju0yrLUSkjq,land,"gently sloped","okres Žilina","Nezbudská Lúčka","Nezbudská Lúčka"
JubO9HcP4C7,land,flat,"okres Liptovský Mikuláš",Podtureň,Podtureň
JuyY6pWleh8,land,NULL,"okres Martin","Košťany nad Turcom","Košťany nad Turcom"
Ju2nlxPJxWn,land,NULL,"okres Turčianske Teplice","Horná Štubňa","Horná Štubňa"
JuTLgLBu59j,land,NULL,"okres Čadca",Skalité,Skalité
JuzRwokuDbj,land,NULL,"okres Liptovský Mikuláš",Vlachy,Vlachy
JuWrE_LeVuk,land,"gently sloped","okres Martin",Záborie,Záborie
JumZm9PSyYH,land,"gently sloped","okres Bytča",Bytča,Pšurnovice
JuG7FW7c5Gb,land,NULL,"okres Martin",Vrútky,"Karvaša a Bláhovca"
JulIpxSm_gw,land,"gently sloped","okres Dolný Kubín","Vyšný Kubín","Vyšný Kubín"
Ju7tRkb4O1-,land,"gently sloped","okres Kysucké Nové Mesto",Povina,Povina
Ju9tw1vQmR0,land,NULL,"okres Martin",Šútovo,Šútovo
JuDqwwocInw,land,NULL,"okres Martin",Lipovec,Lipovec
JuVPG71X4Wz,land,"mostly flat","okres Ružomberok",Ružomberok,Baničné
Ju3qLGqmZKr,land,flat,"okres Žilina","Kamenná Poruba","Kamenná Poruba"
JuNiupBfJ_W,land,flat,"okres Čadca",Oščadnica,Oščadnica
JulHoywVWzv,land,NULL,"okres Žilina",Žilina,Trnové
Ju81LTbk2gV,land,flat,"okres Bytča",Jablonové,Jablonové
JuSu12c9sEn,land,NULL,"okres Žilina",Kľače,Kľače
